time,trend_only,carry_only,static_50_50,hard_er,soft_er,hard_mom,soft_mom
2023-06-01 00:00:00+00:00,0.0,0.0,0.0,0.0,0.0,0.0,0.0
2023-06-02 00:00:00+00:00,0.0,0.0,0.0,-0.00025,-0.000125,-0.00025,-0.000125
2023-06-03 00:00:00+00:00,0.0,0.0,0.0,0.0,0.0,0.0,0.0
2023-06-04 00:00:00+00:00,0.0,0.0,0.0,0.0,0.0,0.0,0.0
2023-06-05 00:00:00+00:00,0.0,0.0,0.0,0.0,0.0,0.0,0.0
2023-06-06 00:00:00+00:00,0.0,0.0,0.0,0.0,0.0,0.0,0.0
2023-06-07 00:00:00+00:00,0.0,0.0,0.0,0.0,0.0,0.0,0.0
2023-06-08 00:00:00+00:00,0.0,-0.00017637287022886916,-8.818643511443458e-05,-0.00017637287022886916,-0.00013227965267165187,-0.00017637287022886916,-0.00013227965267165187
2023-06-09 00:00:00+00:00,0.0,7.890330246307364e-05,3.945165123153682e-05,7.890330246307364e-05,5.917747684730523e-05,7.890330246307364e-05,5.917747684730523e-05
2023-06-10 00:00:00+00:00,0.0,-0.00015262465422805072,-7.631232711402536e-05,-0.00015262465422805072,-0.00011446849067103804,-0.00015262465422805072,-0.00011446849067103804
2023-06-11 00:00:00+00:00,0.0,1.6433952795047446e-05,8.216976397523723e-06,1.6433952795047446e-05,1.2325464596285585e-05,1.6433952795047446e-05,1.2325464596285585e-05
2023-06-12 00:00:00+00:00,0.0,0.00010230878762595985,5.1154393812979926e-05,0.00010230878762595985,7.673159071946989e-05,0.00010230878762595985,7.673159071946989e-05
2023-06-13 00:00:00+00:00,0.0,9.423679698250531e-05,4.7118398491252655e-05,9.423679698250531e-05,7.067759773687898e-05,9.423679698250531e-05,7.067759773687898e-05
2023-06-14 00:00:00+00:00,0.0,7.520860027354637e-05,3.760430013677318e-05,7.520860027354637e-05,5.6406450205159775e-05,7.520860027354637e-05,5.6406450205159775e-05
2023-06-15 00:00:00+00:00,0.0,3.943674507467243e-05,1.9718372537336215e-05,3.943674507467243e-05,2.9577558806004323e-05,3.943674507467243e-05,2.9577558806004323e-05
2023-06-16 00:00:00+00:00,0.0,9.647430762416143e-05,4.823715381208071e-05,9.647430762416143e-05,7.235573071812107e-05,9.647430762416143e-05,7.235573071812107e-05
2023-06-17 00:00:00+00:00,0.0,-7.168479531394212e-05,-3.584239765697106e-05,-7.168479531394212e-05,-5.376359648545659e-05,-7.168479531394212e-05,-5.376359648545659e-05
2023-06-18 00:00:00+00:00,0.0,-4.372905309124597e-05,-2.1864526545622986e-05,-4.372905309124597e-05,-3.279678981843448e-05,-4.372905309124597e-05,-3.279678981843448e-05
2023-06-19 00:00:00+00:00,0.0,-5.0893828130060825e-05,-2.5446914065030413e-05,-5.0893828130060825e-05,-3.817037109754562e-05,-5.0893828130060825e-05,-3.817037109754562e-05
2023-06-20 00:00:00+00:00,0.0,-2.051039356609774e-05,-1.025519678304887e-05,-2.051039356609774e-05,-1.5382795174573305e-05,-2.051039356609774e-05,-1.5382795174573305e-05
2023-06-21 00:00:00+00:00,0.0,5.1628030433459315e-05,2.5814015216729658e-05,5.1628030433459315e-05,3.8721022825094487e-05,5.1628030433459315e-05,3.8721022825094487e-05
2023-06-22 00:00:00+00:00,0.0,0.00010722510706484556,5.361255353242278e-05,0.00010722510706484556,8.041883029863417e-05,0.00010722510706484556,8.041883029863417e-05
2023-06-23 00:00:00+00:00,0.0,5.278040004008666e-05,2.639020002004333e-05,5.278040004008666e-05,3.9585300030064996e-05,5.278040004008666e-05,3.9585300030064996e-05
2023-06-24 00:00:00+00:00,0.0,-4.5906610039336826e-05,-2.2953305019668413e-05,-4.5906610039336826e-05,-3.442995752950262e-05,-4.5906610039336826e-05,-3.442995752950262e-05
2023-06-25 00:00:00+00:00,0.0,0.00012021317811883314,6.010658905941657e-05,0.00012021317811883314,9.015988358912486e-05,0.00012021317811883314,9.015988358912486e-05
2023-06-26 00:00:00+00:00,0.0,-7.125350798276031e-07,-3.5626753991380156e-07,-7.125350798276031e-07,-5.344013098707023e-07,-7.125350798276031e-07,-5.344013098707023e-07
2023-06-27 00:00:00+00:00,0.0,1.0209417467210713e-05,5.1047087336053565e-06,1.0209417467210713e-05,7.657063100408035e-06,1.0209417467210713e-05,7.657063100408035e-06
2023-06-28 00:00:00+00:00,0.0,9.033048699391699e-05,4.5165243496958496e-05,9.033048699391699e-05,6.774786524543774e-05,9.033048699391699e-05,6.774786524543774e-05
2023-06-29 00:00:00+00:00,0.0,0.00017935035791882825,8.967517895941413e-05,0.00017935035791882825,0.0001345127684391212,0.00017935035791882825,0.0001345127684391212
2023-06-30 00:00:00+00:00,0.0,0.0002368742720899597,0.00011843713604497985,0.0002368742720899597,0.00017765570406746978,0.0002368742720899597,0.00017765570406746978
2023-07-01 00:00:00+00:00,0.0,0.0001146237103797354,5.73118551898677e-05,0.0001146237103797354,8.596778278480155e-05,0.0001146237103797354,8.596778278480155e-05
2023-07-02 00:00:00+00:00,0.00037568879067242006,0.0002430297036293272,0.0003093592471508736,0.0002430297036293272,0.0002761944753901004,0.0002430297036293272,0.0002761944753901004
2023-07-03 00:00:00+00:00,0.0014961955839594883,0.0005185802626419544,0.0010073879233007212,0.0005185802626419544,0.0007629840929713378,0.0009961955839594883,0.0010017917536301049
2023-07-04 00:00:00+00:00,-0.0012443041265213536,0.0003856489978060207,-0.00042932756435766647,-0.0017443041265213536,-0.0010868158454395102,-0.0012443041265213536,-0.00083681584543951
2023-07-05 00:00:00+00:00,-0.001213985049459428,7.546580867812125e-05,-0.0005692596203906534,-0.00042453419132187876,-0.000496896905856266,-0.001213985049459428,-0.0008916223349250407
2023-07-06 00:00:00+00:00,-0.002976528800344954,0.0001223208170479939,-0.00142710399164848,-0.003476528800344954,-0.002451816395996717,-0.0003776791829520061,-0.000902391587300243
2023-07-07 00:00:00+00:00,0.0008071138576475808,0.00011230865891764807,0.00045971125828261444,-0.00038769134108235194,3.600995860013128e-05,0.00011230865891764807,0.0002860099586001313
2023-07-08 00:00:00+00:00,0.00046713366723016234,-9.640370008312527e-05,0.00018536498357351854,-3.2866332769837666e-05,7.624932540184042e-05,-9.640370008312527e-05,4.448064174519664e-05
2023-07-09 00:00:00+00:00,-0.0015481525349205648,6.418448884537575e-05,-0.0007419840230375945,-0.0015481525349205648,-0.0011450682789790796,6.418448884537575e-05,-0.0003388997670961094
2023-07-10 00:00:00+00:00,0.0009348610962516822,9.894439371826991e-05,0.0005169027449849761,0.0009348610962516822,0.0007258819206183291,9.894439371826991e-05,0.000307923569351623
2023-07-11 00:00:00+00:00,0.002330896961296273,0.00014691988737469686,0.0012389084243354849,0.002330896961296273,0.001784902692815879,0.00014691988737469686,0.0006929141558550909
2023-07-12 00:00:00+00:00,-0.0009581295441013863,9.394534841455915e-05,-0.00043209209784341357,-0.0009581295441013863,-0.0006951108209724,9.394534841455915e-05,-0.0001690733747144272
2023-07-13 00:00:00+00:00,0.016207957947954276,0.00014987076053096793,0.008178914354242622,0.016207957947954276,0.012193436151098448,0.00014987076053096793,0.004164392557386795
2023-07-14 00:00:00+00:00,-0.0024552334844957966,0.0007876621509816939,-0.0008337856667570513,-0.0024552334844957966,-0.0016445095756264239,-0.0029552334844957966,-0.0018945095756264239
2023-07-15 00:00:00+00:00,0.0014203535049346595,0.00019117284623537678,0.0008057631755850181,0.0014203535049346595,0.0011130583402598389,0.0014203535049346595,0.0011130583402598389
2023-07-16 00:00:00+00:00,-0.0004539520053324487,2.0659743181772328e-05,-0.0002166461310753382,-0.0004539520053324487,-0.00033529906820389344,-0.0004539520053324487,-0.00033529906820389344
2023-07-17 00:00:00+00:00,-0.0017442358345162474,8.254081886605036e-05,-0.0008308475078250985,-0.00041745918113394965,-0.000624153344479524,-0.0017442358345162474,-0.001287541671170673
2023-07-18 00:00:00+00:00,-0.0035326686744713716,-3.0545657648817226e-06,-0.0017678616201181267,-3.0545657648817226e-06,-0.0008854580929415042,-0.0035326686744713716,-0.002650265147294749
2023-07-19 00:00:00+00:00,0.001516864714423601,3.813456306933638e-05,0.0007774996387464687,3.813456306933638e-05,0.0004078171009079025,0.001516864714423601,0.0011471821765850349
2023-07-20 00:00:00+00:00,-0.0020795492508872693,2.880605352162391e-05,-0.0010253715986828227,2.880605352162391e-05,-0.0004982827725805994,-0.0020795492508872693,-0.001552460424785046
2023-07-21 00:00:00+00:00,0.000829507446296584,7.857085463358615e-05,0.0004540391504650851,7.857085463358615e-05,0.0002663050025493356,0.000829507446296584,0.0006417732983808346
2023-07-22 00:00:00+00:00,-0.005978781422346434,-4.367255581960716e-05,-0.0030112269890830204,-4.367255581960716e-05,-0.0015274497724513138,-0.005978781422346434,-0.004495004205714727
2023-07-23 00:00:00+00:00,0.002261117672296269,-3.463640020628933e-05,0.0011132406360449898,-3.463640020628933e-05,0.0005393021179193502,0.002261117672296269,0.0016871791541706294
2023-07-24 00:00:00+00:00,-0.009052288173433927,6.424810118410562e-05,-0.004494020036124911,6.424810118410562e-05,-0.0022148859674704026,-0.009052288173433927,-0.0067731541047794195
2023-07-25 00:00:00+00:00,-0.00014561839461271452,-4.288351565795434e-05,-9.425095513533443e-05,-4.288351565795434e-05,-6.856723539664438e-05,-0.0005428835156579544,-0.0003185672353966444
2023-07-26 00:00:00+00:00,0.009734980483663391,-5.483482924617533e-06,0.004864748500369387,-5.483482924617533e-06,0.0024296325087223847,-5.483482924617533e-06,0.0024296325087223847
2023-07-27 00:00:00+00:00,-0.0012175687558689282,1.2704013610642662e-05,-0.0006024323711291428,1.2704013610642662e-05,-0.00029486417875925007,-0.0017175687558689283,-0.0011600005634990356
2023-07-28 00:00:00+00:00,-0.0007082412121753033,5.577832401137961e-05,-0.00032623144408196186,5.577832401137961e-05,-0.00013522656003529113,-0.0007082412121753033,-0.0005172363281286326
2023-07-29 00:00:00+00:00,0.001984232294784538,-0.0001457952731891421,0.000919218510797698,-0.0001457952731891421,0.000386711618804278,0.001984232294784538,0.0014517254027911182
2023-07-30 00:00:00+00:00,-0.005300343339666576,-7.924774492940045e-05,-0.0026897955422979882,-7.924774492940045e-05,-0.0013845216436136943,-0.005300343339666576,-0.003995069440982282
2023-07-31 00:00:00+00:00,-0.0026716268075677265,8.236275403095128e-05,-0.0012946320267683876,8.236275403095128e-05,-0.0006061346363687182,-0.00041763724596904873,-0.0008561346363687182
2023-08-01 00:00:00+00:00,0.003583209671514169,3.004856708854753e-05,0.0018066291193013582,3.004856708854753e-05,0.0009183388431949529,3.004856708854753e-05,0.0009183388431949529
2023-08-02 00:00:00+00:00,-0.008204941536552539,-1.418419700938145e-05,-0.00410956286678096,-1.418419700938145e-05,-0.002061873531895171,-1.418419700938145e-05,-0.002061873531895171
2023-08-03 00:00:00+00:00,-0.0036129660996012513,-4.975097301884723e-05,-0.0018313585363100493,-4.975097301884723e-05,-0.0009405547546644482,-4.975097301884723e-05,-0.0009405547546644482
2023-08-04 00:00:00+00:00,0.0009521786494045313,-1.706663600553604e-05,0.0004675560066994976,-1.706663600553604e-05,0.00022524468534698079,-1.706663600553604e-05,0.00022524468534698079
2023-08-05 00:00:00+00:00,-0.0010144315274097247,-3.47080667543187e-05,-0.0005245697970820217,-3.47080667543187e-05,-0.0002796389319181702,-3.47080667543187e-05,-0.0002796389319181702
2023-08-06 00:00:00+00:00,0.004050445143334904,-3.090412816098009e-05,0.0020097705075869617,-3.090412816098009e-05,0.0009894331897129908,-3.090412816098009e-05,0.0009894331897129908
2023-08-07 00:00:00+00:00,-0.0003404842691795171,-0.00023446485183509225,-0.00028747456050730465,-0.00023446485183509225,-0.00026096970617119845,-0.00023446485183509225,-0.00026096970617119845
2023-08-08 00:00:00+00:00,0.008993470856628605,-0.00016548653282155712,0.004413992161903524,-0.00016548653282155712,0.0021242528145409834,-0.00016548653282155712,0.0021242528145409834
2023-08-09 00:00:00+00:00,0.0006931735643469649,4.385262435402382e-06,0.00034877941339118366,4.385262435402382e-06,0.00017658233791329302,0.00019317356434696493,0.00027097648886907427
2023-08-10 00:00:00+00:00,0.0013173708032712794,-8.21272849363952e-05,0.0006176217591674421,-8.21272849363952e-05,0.00026774723711552343,0.0013173708032712794,0.0009674962812193607
2023-08-11 00:00:00+00:00,-0.00016491761040676733,2.4630347574161604e-05,-7.014363141630287e-05,2.4630347574161604e-05,-2.275664192107063e-05,-0.00016491761040676733,-0.0001175306209115351
2023-08-12 00:00:00+00:00,0.0020037430505224956,2.3835258577520335e-05,0.001013789154550008,2.3835258577520335e-05,0.0005188122065637641,0.0020037430505224956,0.0015087661025362518
2023-08-13 00:00:00+00:00,-0.0035756801408934244,-4.146034210439353e-05,-0.001808570241498909,-0.0040756801408934245,-0.002942125191196167,-0.0005414603421043935,-0.0011750152918016512
2023-08-14 00:00:00+00:00,0.0047413069588752394,-0.00021996952076563936,0.0022606687190548,0.0047413069588752394,0.0035009878389650195,-0.00021996952076563936,0.0010203495991445803
2023-08-15 00:00:00+00:00,-0.006581444510291196,-3.1844452082596675e-05,-0.0033066444811868964,-0.0005318444520825967,-0.0019192444666347465,-3.1844452082596675e-05,-0.0016692444666347465
2023-08-16 00:00:00+00:00,-0.00655720840057271,-3.6761010966168683e-05,-0.003296984705769439,-0.007057208400572709,-0.005177096553171075,-3.6761010966168683e-05,-0.001666872858367804
2023-08-17 00:00:00+00:00,-0.01360444214679816,-0.00010376410509493894,-0.0068541031259465495,-0.01360444214679816,-0.010229272636372355,-0.00010376410509493894,-0.003478933615520744
2023-08-18 00:00:00+00:00,-0.0028575067445835,-5.921045980883388e-05,-0.001458358602196167,-0.0028575067445835,-0.0021579326733898335,-5.921045980883388e-05,-0.0007587845310025004
2023-08-19 00:00:00+00:00,0.0028879777152972853,0.0,0.0014439888576486426,0.0028879777152972853,0.002165983286472964,0.0,0.0007219944288243213
2023-08-20 00:00:00+00:00,-0.0006595636732623027,0.0,-0.00032978183663115137,-0.0006595636732623027,-0.000494672754946727,0.0,-0.00016489091831557568
2023-08-21 00:00:00+00:00,-0.0014823789108355028,0.0,-0.0007411894554177514,-0.0014823789108355028,-0.0011117841831266271,0.0,-0.0003705947277088757
2023-08-22 00:00:00+00:00,-0.0015985324947589109,0.0,-0.0007992662473794554,-0.0015985324947589109,-0.0011988993710691832,0.0,-0.0003996331236897277
2023-08-23 00:00:00+00:00,0.0031029086395769254,0.0,0.0015514543197884627,0.0031029086395769254,0.002327181479682694,0.0,0.0007757271598942314
2023-08-24 00:00:00+00:00,-0.0017377082694469998,-5.564005514868686e-05,-0.0008966741622978433,-0.0017377082694469998,-0.0013171912158724216,-5.564005514868686e-05,-0.0004761571087232651
2023-08-25 00:00:00+00:00,-0.0016882979845942753,-6.605415765914557e-05,-0.0008771760711267104,-0.0016882979845942753,-0.001282737027860493,-6.605415765914557e-05,-0.000471615114392928
2023-08-26 00:00:00+00:00,-0.00035368375231255143,0.0,-0.00017684187615627571,-0.00035368375231255143,-0.00026526281423441356,0.0,-8.842093807813786e-05
2023-08-27 00:00:00+00:00,0.0013690378402058973,0.0,0.0006845189201029486,0.0013690378402058973,0.001026778380154423,0.0,0.0003422594600514743
2023-08-28 00:00:00+00:00,-0.0006146117257228393,0.0,-0.00030730586286141964,-0.0006146117257228393,-0.0004609587942921295,0.0,-0.00015365293143070982
2023-08-29 00:00:00+00:00,0.0033236057068741897,0.0,0.0016618028534370948,0.0033236057068741897,0.0024927042801556423,0.0,0.0008309014267185474
2023-08-30 00:00:00+00:00,-0.0024731018306052717,-4.276063028652022e-05,-0.001257931230445896,-0.0005427606302865202,-0.0009003459303662081,-4.276063028652022e-05,-0.0006503459303662081
2023-08-31 00:00:00+00:00,-0.008585240445543004,1.1723652179940203e-05,-0.004286758396681532,1.1723652179940203e-05,-0.002137517372250796,1.1723652179940203e-05,-0.002137517372250796
2023-09-01 00:00:00+00:00,-0.0012094450073173507,1.2112183890522488e-05,-0.0005986664117134141,-0.0017094450073173507,-0.0011540557095153824,1.2112183890522488e-05,-0.0002932771139114458
2023-09-02 00:00:00+00:00,0.0004885899867793394,1.4943584325299852e-05,0.00025176678555231965,0.0004885899867793394,0.00037017838616582954,1.4943584325299852e-05,0.00013335518493880975
2023-09-03 00:00:00+00:00,0.00019943019943020117,1.7044944170985232e-05,0.0001082375718005932,0.00019943019943020117,0.00015383388561539718,1.7044944170985232e-05,6.264125798578922e-05
2023-09-04 00:00:00+00:00,-0.0004802973390202469,1.0967207053402817e-05,-0.00023466506598342204,-0.0004802973390202469,-0.00035748120250183446,1.0967207053402817e-05,-0.00011184892946500961
2023-09-05 00:00:00+00:00,-5.555555555555555e-05,1.7727951076906834e-05,-1.891380223932436e-05,-5.555555555555555e-05,-3.723467889743996e-05,1.7727951076906834e-05,-5.929255812087625e-07
2023-09-06 00:00:00+00:00,-0.001727898431501596,-3.2857705651645475e-05,-0.0008803780685766207,-0.001727898431501596,-0.0013041382500391084,-3.2857705651645475e-05,-0.0004566178871141331
2023-09-07 00:00:00+00:00,0.0007920343969223869,-8.926053738578243e-05,0.00035138692976830225,0.0007920343969223869,0.0005717106633453446,-8.926053738578243e-05,0.0001310631961912599
2023-09-08 00:00:00+00:00,-0.0008645693886657787,7.095693502745526e-05,-0.00039680622681916174,-0.0008645693886657787,-0.0006306878077424702,7.095693502745526e-05,-0.00016292464589585324
2023-09-09 00:00:00+00:00,-0.0005284528084368269,2.401617274006007e-05,-0.0002522183178483834,-0.0005284528084368269,-0.00039033556314260515,2.401617274006007e-05,-0.00011410107255416168
2023-09-10 00:00:00+00:00,-0.003457133058984919,-0.0001903582642498458,-0.0018237456616173825,-0.003457133058984919,-0.002640439360301151,-0.0001903582642498458,-0.001007051962933614
2023-09-11 00:00:00+00:00,-0.0015838206627680328,4.8781768249295254e-06,-0.0007894712429715517,-0.0015838206627680328,-0.0011866459528697922,4.8781768249295254e-06,-0.00039229653307331106
2023-09-12 00:00:00+00:00,0.0006270378730875375,-4.719159875965495e-05,0.00028992313716394127,0.0006270378730875375,0.00045848050512573935,-4.719159875965495e-05,0.00012136576920214316
2023-09-13 00:00:00+00:00,0.0022813927141541947,-7.73887357409242e-05,0.0011020019892066352,0.0022813927141541947,0.001691697351680415,-7.73887357409242e-05,0.0005123066267328555
2023-09-14 00:00:00+00:00,0.0019958408822182447,-1.4653268689102106e-05,0.0009905938067645713,-0.0005146532686891021,0.00023797026903773458,-1.4653268689102106e-05,0.0004879702690377346
2023-09-15 00:00:00+00:00,0.0010165536420186669,-2.9103764521365427e-05,0.0004937249387486507,-2.9103764521365427e-05,0.00023231058711364265,-2.9103764521365427e-05,0.00023231058711364265
2023-09-16 00:00:00+00:00,-0.0001422831940527083,-0.0002985780074462596,-0.00022043060074948396,-0.0002985780074462596,-0.0002595043040978718,-0.0002985780074462596,-0.0002595043040978718
2023-09-17 00:00:00+00:00,-0.0009680137521880114,-0.00010547807564742495,-0.0005367459139177181,-0.00010547807564742495,-0.00032111199478257154,-0.00010547807564742495,-0.00032111199478257154
2023-09-18 00:00:00+00:00,0.002888010741316005,7.492022276345267e-06,0.0014477513817961751,7.492022276345267e-06,0.0007276217020362602,7.492022276345267e-06,0.0007276217020362602
2023-09-19 00:00:00+00:00,0.0020326626290860794,-0.00018978781608913753,0.0009214374064984709,-0.00018978781608913753,0.0003658247952046667,-0.00018978781608913753,0.0003658247952046667
2023-09-20 00:00:00+00:00,0.0005470640172698815,-1.9690819959894412e-05,0.00026368659865499353,-1.9690819959894412e-05,0.00012199788934754956,-1.9690819959894412e-05,0.00012199788934754956
2023-09-21 00:00:00+00:00,-0.0034132479760321088,-0.00012405893804734447,-0.0017686534570397266,-0.00012405893804734447,-0.0009463561975435355,-0.00012405893804734447,-0.0009463561975435355
2023-09-22 00:00:00+00:00,-6.042753729604587e-05,7.899492438134814e-05,9.283693542651137e-06,7.899492438134814e-05,4.413930896199964e-05,7.899492438134814e-05,4.413930896199964e-05
2023-09-23 00:00:00+00:00,0.00016281933135702746,3.7645762369642455e-06,8.329195379699585e-05,3.7645762369642455e-06,4.352826501698005e-05,3.7645762369642455e-06,4.352826501698005e-05
2023-09-24 00:00:00+00:00,-0.0010553480398310512,2.1618574866710816e-05,-0.0005168647324821702,2.1618574866710816e-05,-0.0002476230788077297,2.1618574866710816e-05,-0.0002476230788077297
2023-09-25 00:00:00+00:00,0.00020552409660242374,-7.396304417650601e-05,6.578052621295886e-05,-7.396304417650601e-05,-4.091258981773573e-06,-7.396304417650601e-05,-4.091258981773573e-06
2023-09-26 00:00:00+00:00,-0.0012070505530846333,7.96923436374719e-06,-0.0005995406593604431,7.96923436374719e-06,-0.00029578571249834793,7.96923436374719e-06,-0.00029578571249834793
2023-09-27 00:00:00+00:00,0.0006417303508908912,-5.042564264945426e-05,0.00029565235412071846,-5.042564264945426e-05,0.0001226133557356321,-5.042564264945426e-05,0.0001226133557356321
2023-09-28 00:00:00+00:00,0.0037459986198096207,-3.631881959020866e-05,0.001854839900109706,-3.631881959020866e-05,0.0009092605402597487,-3.631881959020866e-05,0.0009092605402597487
2023-09-29 00:00:00+00:00,0.0008628924515698071,-8.268628668017808e-05,0.0003901030824448145,-8.268628668017808e-05,0.00015370839788231822,-8.268628668017808e-05,0.00015370839788231822
2023-09-30 00:00:00+00:00,0.002985974139820293,-0.00022134275425000904,0.001382315692785142,-0.00022134275425000904,0.0005804864692675665,-0.00022134275425000904,0.0005804864692675665
2023-10-01 00:00:00+00:00,0.017128831053516595,-6.166328924117614e-05,0.00853358388213771,-6.166328924117614e-05,0.0042359602964482665,0.016628831053516594,0.012581207467827153
2023-10-02 00:00:00+00:00,-0.007811179596288247,-1.1983013082916827e-06,-0.0039061889487982692,-0.008311179596288246,-0.0061086842725432584,-0.007811179596288247,-0.005858684272543258
2023-10-03 00:00:00+00:00,0.0016997849916916337,4.3632529510340134e-05,0.0008717087606009869,-0.0004563674704896599,0.00020767064505566353,0.0016997849916916337,0.0012857468761463104
2023-10-04 00:00:00+00:00,-0.0033444920104650742,3.11884868735568e-05,-0.0016566517617957587,3.11884868735568e-05,-0.000812731637461101,-0.0033444920104650742,-0.0025005718861304165
2023-10-05 00:00:00+00:00,-0.00797932160142343,-0.00010110402164797971,-0.004040212811535705,-0.00847932160142343,-0.006259767206479567,-0.00797932160142343,-0.006009767206479567
2023-10-06 00:00:00+00:00,0.0084138069785109,-5.450514427074449e-05,0.004179650917120078,-0.0005545051442707445,0.0018125728864246667,0.0084138069785109,0.006296728947815489
2023-10-07 00:00:00+00:00,-0.001772034028372418,5.512907896054742e-05,-0.0008584524747059353,-0.002272034028372418,-0.0015652432515391767,-0.001772034028372418,-0.0013152432515391767
2023-10-08 00:00:00+00:00,-0.000810093856754975,-5.230791670363111e-06,-0.00040766232421266907,-0.0005052307916703631,-0.0004564465579415161,-0.000810093856754975,-0.000608878090483822
2023-10-09 00:00:00+00:00,-0.011133641684416625,-0.00013326491808329788,-0.005633453301249962,-0.011633641684416626,-0.008633547492833293,-0.011133641684416625,-0.008383547492833293
2023-10-10 00:00:00+00:00,-0.0011695121624798897,-7.685639543431044e-05,-0.0006231842789571001,-0.0005768563954343105,-0.0006000203371957053,-0.0011695121624798897,-0.0008963482207184948
2023-10-11 00:00:00+00:00,-0.0028682734588725335,-1.1230559882613456e-05,-0.0014397520093775735,-1.1230559882613456e-05,-0.0007254912846300935,-0.0028682734588725335,-0.0021540127341250536
2023-10-12 00:00:00+00:00,-0.0052141906666396615,3.688807536450511e-05,-0.002588651295637578,3.688807536450511e-05,-0.0012758816101365365,-0.0052141906666396615,-0.00390142098113862
2023-10-13 00:00:00+00:00,0.003321258685289402,-2.110791413256763e-05,0.0016500753855784173,-2.110791413256763e-05,0.0008144837357229248,-0.0005211079141325676,0.0005644837357229248
2023-10-14 00:00:00+00:00,0.0007746225928044007,-9.530642930077882e-06,0.0003825459749371614,-9.530642930077882e-06,0.00018650766600354177,-9.530642930077882e-06,0.00018650766600354177
2023-10-15 00:00:00+00:00,0.0008947251009511339,-4.760810094062151e-05,0.0004235585000052562,-4.760810094062151e-05,0.00018797519953231735,-4.760810094062151e-05,0.00018797519953231735
2023-10-16 00:00:00+00:00,0.015744812712996607,1.195191506253579e-05,0.007878382314029571,1.195191506253579e-05,0.0039451671145460535,1.195191506253579e-05,0.0039451671145460535
2023-10-17 00:00:00+00:00,-0.0008821631963168769,-1.4721956910213052e-06,-0.0004418176960039491,-0.0013821631963168769,-0.000911990446160413,-0.0013821631963168769,-0.000911990446160413
2023-10-18 00:00:00+00:00,-0.005181581045030661,7.678434616797958e-06,-0.0025869513052069314,-0.005181581045030661,-0.003884266175118796,-0.005181581045030661,-0.003884266175118796
2023-10-19 00:00:00+00:00,0.0166447666234856,-0.00011146393582917025,0.008266651343828214,-0.0006114639358291703,0.0038275937039995217,0.0166447666234856,0.012455708983656905
2023-10-20 00:00:00+00:00,0.024264224437181913,-0.00014178820304622253,0.012061218117067845,-0.00014178820304622253,0.005959714957010811,0.024264224437181913,0.01816272127712488
2023-10-21 00:00:00+00:00,0.02528126829685851,0.0003345151508165056,0.012807891723837507,0.02478126829685851,0.01879458001034801,0.02528126829685851,0.01904458001034801
2023-10-22 00:00:00+00:00,-0.0007861141763906007,0.00023610376938498767,-0.0002750052035028065,-0.0007861141763906007,-0.0005305596899467036,-0.0007861141763906007,-0.0005305596899467036
2023-10-23 00:00:00+00:00,0.05893370604962576,0.00035554501088497226,0.029644625530255365,0.05893370604962576,0.04428916578994056,0.05893370604962576,0.04428916578994056
2023-10-24 00:00:00+00:00,-0.006536134736699381,0.0013612721066287303,-0.0025874313150353254,-0.006536134736699381,-0.004561783025867353,-0.006536134736699381,-0.004561783025867353
2023-10-25 00:00:00+00:00,0.02576957980147683,0.0011954791420702993,0.013482529471773565,0.02576957980147683,0.019626054636625197,0.02576957980147683,0.019626054636625197
2023-10-26 00:00:00+00:00,0.0015661287771365402,0.000770072201831784,0.001168100489484162,0.0015661287771365402,0.0013671146333103512,0.0015661287771365402,0.0013671146333103512
2023-10-27 00:00:00+00:00,-0.013143681856468019,0.0002582992893938041,-0.006442691283537107,-0.013143681856468019,-0.009793186570002563,-0.013143681856468019,-0.009793186570002563
2023-10-28 00:00:00+00:00,0.0003737046898786599,0.00026406692322966663,0.0003188858065541633,0.0003737046898786599,0.00034629524821641155,0.0003737046898786599,0.00034629524821641155
2023-10-29 00:00:00+00:00,0.015941804162607164,0.0005177825819906445,0.008229793372298904,0.015941804162607164,0.012085798767453033,0.015941804162607164,0.012085798767453033
2023-10-30 00:00:00+00:00,0.018731826374544933,0.0010452513107248596,0.009888538842634896,0.018731826374544933,0.014310182608589916,0.018731826374544933,0.014310182608589916
2023-10-31 00:00:00+00:00,0.02935596294766921,0.0006511484231284115,0.01500355568539881,0.02935596294766921,0.02217975931653401,0.02935596294766921,0.02217975931653401
2023-11-01 00:00:00+00:00,0.029129504480273776,0.0006825439666102717,0.014906024223442024,0.029129504480273776,0.0220177643518579,0.029129504480273776,0.0220177643518579
2023-11-02 00:00:00+00:00,-0.015558454605688443,0.0006188376267466378,-0.007469808489470903,-0.015558454605688443,-0.011514131547579673,-0.015558454605688443,-0.011514131547579673
2023-11-03 00:00:00+00:00,-0.0032906873067112263,0.0005453769264887054,-0.0013726551901112605,-0.0032906873067112263,-0.0023316712484112434,-0.0032906873067112263,-0.0023316712484112434
2023-11-04 00:00:00+00:00,0.026373101853439242,0.000777534844178529,0.013575318348808886,0.026373101853439242,0.019974210101124063,0.026373101853439242,0.019974210101124063
2023-11-05 00:00:00+00:00,-0.0032634604674231294,0.0009300704658263825,-0.0011666950007983734,-0.0032634604674231294,-0.0022150777341107515,-0.0032634604674231294,-0.0022150777341107515
2023-11-06 00:00:00+00:00,0.008446087906368952,0.0007726306433595287,0.00460935927486424,0.008446087906368952,0.0065277235906165965,0.008446087906368952,0.0065277235906165965
2023-11-07 00:00:00+00:00,0.005580154476014602,0.0005872691748916026,0.0030837118254531024,0.005580154476014602,0.004331933150733852,0.005580154476014602,0.004331933150733852
2023-11-08 00:00:00+00:00,0.0034843073293342832,0.0007950790197031044,0.0021396931745186936,0.0034843073293342832,0.0028120002519264886,0.0034843073293342832,0.0028120002519264886
2023-11-09 00:00:00+00:00,0.05661232811634934,0.0010231352805842864,0.028817731698466815,0.05661232811634934,0.04271502990740808,0.05661232811634934,0.04271502990740808
2023-11-10 00:00:00+00:00,0.06863315479302806,0.0012332527669574045,0.03493320377999273,0.06863315479302806,0.0517831792865104,0.06863315479302806,0.0517831792865104
2023-11-11 00:00:00+00:00,-0.006177823020967661,0.0018695199499645376,-0.0021541515355015615,-0.006177823020967661,-0.004165987278234611,-0.006177823020967661,-0.004165987278234611
2023-11-12 00:00:00+00:00,-0.001937241410754014,0.0017350224573344786,-0.00010110947670976774,-0.001937241410754014,-0.0010191754437318908,-0.001937241410754014,-0.0010191754437318908
2023-11-13 00:00:00+00:00,-0.026385886192969905,0.0011979336925755923,-0.012593976250197156,-0.026385886192969905,-0.01948993122158353,-0.026385886192969905,-0.01948993122158353
2023-11-14 00:00:00+00:00,0.011056780922042061,0.0005918165114759955,0.005824298716759028,0.011056780922042061,0.008440539819400544,0.011056780922042061,0.008440539819400544
2023-11-15 00:00:00+00:00,0.07127311885428854,0.0007913719477006254,0.03603224540099458,0.07127311885428854,0.05365268212764156,0.07127311885428854,0.05365268212764156
2023-11-16 00:00:00+00:00,-0.05787738564586561,0.0008404043583323251,-0.02851849064376664,-0.05787738564586561,-0.04319793814481612,-0.05787738564586561,-0.04319793814481612
2023-11-17 00:00:00+00:00,0.006737305624815601,0.00038973840941713966,0.0035635220171163703,0.006737305624815601,0.005150413820965986,0.006737305624815601,0.005150413820965986
2023-11-18 00:00:00+00:00,0.00014191712311539817,0.0003307766815325852,0.0002363469023239917,0.00014191712311539817,0.00018913201271969493,0.00014191712311539817,0.00018913201271969493
2023-11-19 00:00:00+00:00,0.024979615856830995,0.0005140682347826164,0.012746842045806806,0.024979615856830995,0.0188632289513189,0.024979615856830995,0.0188632289513189
2023-11-20 00:00:00+00:00,-0.01856221394396834,0.0007004857401411435,-0.008930864101913598,-0.01856221394396834,-0.013746539022940967,-0.01856221394396834,-0.013746539022940967
2023-11-21 00:00:00+00:00,-0.04896798437340998,0.000442008049928333,-0.024262988161740825,-0.04896798437340998,-0.0366154862675754,-0.04896798437340998,-0.0366154862675754
2023-11-22 00:00:00+00:00,0.06344769192541534,0.0005536850866583176,0.03200068850603683,0.06344769192541534,0.04772419021572609,0.06344769192541534,0.04772419021572609
2023-11-23 00:00:00+00:00,-0.0060501154884655866,0.0004883718820336558,-0.0027808718032159654,-1.162811796634423e-05,-0.0013962499605911548,-0.0060501154884655866,-0.004415493645840776
2023-11-24 00:00:00+00:00,0.0073542298373255625,0.0003994375390363736,0.003876833688180968,0.0003994375390363736,0.002138135613608671,0.0073542298373255625,0.005615531762753265
2023-11-25 00:00:00+00:00,0.010369756705669678,0.0005430162459063581,0.005456386475788018,0.0005430162459063581,0.002999701360847188,0.010369756705669678,0.007913071590728848
2023-11-26 00:00:00+00:00,-0.011121561846234676,0.0005910816071446057,-0.005265240119545035,0.0005910816071446057,-0.002337079256200215,-0.011121561846234676,-0.008193400982889856
2023-11-27 00:00:00+00:00,-0.018320803436007418,0.0006265876324940134,-0.008847107901756702,0.0006265876324940134,-0.004110260134631344,-0.018320803436007418,-0.013583955668882059
2023-11-28 00:00:00+00:00,0.022865600936796928,0.0004620822706111749,0.011663841603704051,0.0004620822706111749,0.006062961937157613,0.022865600936796928,0.01726472127025049
2023-11-29 00:00:00+00:00,0.003036242969222083,0.0006654032444270985,0.0018508231068245908,0.0006654032444270985,0.0012581131756258445,0.003036242969222083,0.002443533038023337
2023-11-30 00:00:00+00:00,0.002163853190001421,0.0006626683812880341,0.0014132607856447276,0.0006626683812880341,0.0010379645834663808,0.002163853190001421,0.0017885569878230744
2023-12-01 00:00:00+00:00,0.013942137810593183,0.0006924203336216017,0.007317279072107392,0.0006924203336216017,0.004004849702864497,0.013942137810593183,0.010629708441350288
2023-12-02 00:00:00+00:00,0.03400534382585011,0.0008759048299484817,0.017440624327899296,0.0008759048299484817,0.009158264578923889,0.03400534382585011,0.025722984076874705
2023-12-03 00:00:00+00:00,0.004327606036572673,0.0008433040088953181,0.0025854550227339956,0.003827606036572673,0.003206530529653334,0.004327606036572673,0.0034565305296533344
2023-12-04 00:00:00+00:00,0.014505914017731403,0.0011969397982538599,0.00785142690799263,0.014505914017731403,0.011178670462862018,0.014505914017731403,0.011178670462862018
2023-12-05 00:00:00+00:00,0.01721140833777711,0.000862407966056189,0.00903690815191665,0.01721140833777711,0.01312415824484688,0.01721140833777711,0.01312415824484688
2023-12-06 00:00:00+00:00,-0.0055693198615437535,0.0008989641477912258,-0.002335177856876264,-0.0055693198615437535,-0.003952248859210009,-0.0055693198615437535,-0.003952248859210009
2023-12-07 00:00:00+00:00,0.038652114630354596,0.0008435782912543655,0.01974784646080448,0.038652114630354596,0.02919998054557954,0.038652114630354596,0.02919998054557954
2023-12-08 00:00:00+00:00,0.035640675914673604,0.001412539166376403,0.018526607540525004,0.035640675914673604,0.027083641727599306,0.035640675914673604,0.027083641727599306
2023-12-09 00:00:00+00:00,-0.014808871409741289,0.001467191368008658,-0.0066708400208663155,-0.014808871409741289,-0.010739855715303802,-0.014808871409741289,-0.010739855715303802
2023-12-10 00:00:00+00:00,0.011768686285115302,0.0008531856131639426,0.006310935949139622,0.011768686285115302,0.009039811117127462,0.011768686285115302,0.009039811117127462
2023-12-11 00:00:00+00:00,-0.04825702992989495,0.0012842012286484739,-0.02348641435062324,-0.04825702992989495,-0.0358717221402591,-0.04825702992989495,-0.0358717221402591
2023-12-12 00:00:00+00:00,-0.007619064300106973,0.000989510061255361,-0.003314777119425806,0.0004895100612553609,-0.0014126335290852226,-0.007619064300106973,-0.00546692070976639
2023-12-13 00:00:00+00:00,0.02454345938121728,0.0008255866351958296,0.012684523008206555,0.0008255866351958296,0.006755054821701192,0.02454345938121728,0.018613991194711917
2023-12-14 00:00:00+00:00,0.027675227063970798,0.0009519835550488853,0.014313605309509841,0.0009519835550488853,0.007632794432279363,0.027675227063970798,0.02099441618674032
2023-12-15 00:00:00+00:00,-0.02999695446724206,0.0011571156115479653,-0.014419919427847048,-0.03049695446724206,-0.022458436947544555,-0.02999695446724206,-0.022208436947544555
2023-12-16 00:00:00+00:00,0.007930539696095903,0.000600412818566376,0.00426547625733114,0.00010041281856637595,0.0021829445379487576,0.007930539696095903,0.006098007976713522
2023-12-17 00:00:00+00:00,-0.02071701824233382,0.00031121782782661533,-0.010202900207253602,-0.02121701824233382,-0.01570995922479371,-0.02071701824233382,-0.01545995922479371
2023-12-18 00:00:00+00:00,0.030428267778803798,0.00028342374702927664,0.015355845762916537,-0.00021657625297072337,0.007569634754972906,0.030428267778803798,0.02289205677086017
2023-12-19 00:00:00+00:00,-0.015579643373982766,0.00029063775259063895,-0.007644502810696063,-0.016079643373982766,-0.011862073092339415,-0.015579643373982766,-0.011612073092339414
2023-12-20 00:00:00+00:00,0.05675074297291904,0.0008723842842559559,0.028811563628587496,0.0003723842842559559,0.014591973956421726,0.05675074297291904,0.042781153300753265
2023-12-21 00:00:00+00:00,0.05429500945644849,0.0016136965018014315,0.02795435297912496,0.0016136965018014315,0.014784024740463196,0.05429500945644849,0.04112468121778672
2023-12-22 00:00:00+00:00,0.027877288421245403,0.001220122251947453,0.014548705336596428,0.027377288421245403,0.020962996878920916,0.027877288421245403,0.021212996878920917
2023-12-23 00:00:00+00:00,0.02961389423548014,0.0011430911475713845,0.015378492691525763,0.02961389423548014,0.022496193463502952,0.02961389423548014,0.022496193463502952
2023-12-24 00:00:00+00:00,0.0023243287182337004,0.00163695526111729,0.001980641989675495,0.0023243287182337004,0.002152485353954598,0.0023243287182337004,0.002152485353954598
2023-12-25 00:00:00+00:00,0.03068549404463705,0.0012308968175296364,0.015958195431083344,0.0007308968175296364,0.00834454612430649,0.03068549404463705,0.023321844737860198
2023-12-26 00:00:00+00:00,-0.037315547934040905,0.0009214216826873844,-0.01819706312567676,-0.037815547934040905,-0.028006305529858833,-0.037315547934040905,-0.027756305529858832
2023-12-27 00:00:00+00:00,0.012713393029154823,0.0013000071993722884,0.0070067001142635555,0.0008000071993722884,0.0039033536568179213,0.012713393029154823,0.00986004657170919
2023-12-28 00:00:00+00:00,-0.027365545797108443,0.0017967468964519284,-0.012784399450328257,-0.027865545797108444,-0.02032497262371835,-0.027365545797108443,-0.02007497262371835
2023-12-29 00:00:00+00:00,0.004026592757860472,0.0013916915376372962,0.002709142147748884,0.0008916915376372962,0.00180041684269309,0.004026592757860472,0.0033678674528046784
2023-12-30 00:00:00+00:00,-0.013915348882015214,0.0009411900185976041,-0.006487079431708805,0.0009411900185976041,-0.0027729447065556003,-0.013915348882015214,-0.01020121415686201
2023-12-31 00:00:00+00:00,-0.0008821977052283491,0.0012042979076181126,0.00016105010119488178,0.0012042979076181126,0.0006826740044064972,-0.0008821977052283491,-0.0003605738020167336
2024-01-01 00:00:00+00:00,0.05203520855057759,0.001205888070457295,0.026620548310517442,0.001205888070457295,0.013913218190487369,0.05203520855057759,0.03932787843054752
2024-01-02 00:00:00+00:00,-0.003386867889155542,0.001497410464851967,-0.0009447287121517876,0.001497410464851967,0.00027634087635008975,-0.003386867889155542,-0.0021657983006536648
2024-01-03 00:00:00+00:00,-0.06183590376059118,0.0005240986069958709,-0.030655902576797654,0.0005240986069958709,-0.015065901984900891,-0.06183590376059118,-0.04624590316869442
2024-01-04 00:00:00+00:00,0.03896612642074046,3.123540913874123e-05,0.0194986809149396,3.123540913874123e-05,0.009764958162039171,0.03896612642074046,0.02923240366784003
2024-01-05 00:00:00+00:00,-0.015631919833300204,0.0001713906507792018,-0.007730264591260501,0.0001713906507792018,-0.0037794369702406497,-0.015631919833300204,-0.011681092212280354
2024-01-06 00:00:00+00:00,-0.026055519077978134,0.0001844988987258489,-0.012935510089626142,0.0001844988987258489,-0.006375505595450147,-0.026055519077978134,-0.019495514583802137
2024-01-07 00:00:00+00:00,-0.01811794939063421,0.0002701422086996974,-0.008923903590967256,0.0002701422086996974,-0.0043268806911337795,-0.01811794939063421,-0.013520926490800732
2024-01-08 00:00:00+00:00,0.0641688584183114,0.00028805746181581604,0.032228457940063605,0.00028805746181581604,0.01625825770093971,0.0641688584183114,0.048198658179187504
2024-01-09 00:00:00+00:00,0.000692221326096806,0.00031087225389980766,0.0005015467899983069,0.00031087225389980766,0.00040620952194905726,0.000692221326096806,0.0005968840580475565
2024-01-10 00:00:00+00:00,0.041237791925033775,0.00043702862901273676,0.020837410277023256,0.00043702862901273676,0.010637219453017996,0.041237791925033775,0.031037601101028517
2024-01-11 00:00:00+00:00,-0.00480232221051654,0.00038920078507853617,-0.002206560712719002,0.00038920078507853617,-0.000908679963820233,-0.00480232221051654,-0.0035044414616177714
2024-01-12 00:00:00+00:00,-0.06369744589070703,0.0004872156611359646,-0.03160511511478553,0.0004872156611359646,-0.015558949726824783,-0.06369744589070703,-0.04765128050274628
2024-01-13 00:00:00+00:00,0.021246526570165885,5.1296800143818544e-05,0.010648911685154852,5.1296800143818544e-05,0.005350104242649335,0.021246526570165885,0.015947719127660367
2024-01-14 00:00:00+00:00,-0.027943750997493844,0.0004142889809375383,-0.013764731008278153,0.0004142889809375383,-0.006675221013670307,-0.027943750997493844,-0.020854241002886
2024-01-15 00:00:00+00:00,0.012382718053486156,0.0003218319786091328,0.006352275016047644,0.0003218319786091328,0.0033370534973283885,0.012382718053486156,0.0093674965347669
2024-01-16 00:00:00+00:00,0.026403642504598396,0.000421328721037284,0.01341248561281784,0.000421328721037284,0.006916907166927562,0.026403642504598396,0.019908064058708118
2024-01-17 00:00:00+00:00,0.005166726701790747,0.00035210789905470996,0.0027594173004227285,0.00035210789905470996,0.0015557625997387192,0.005166726701790747,0.003963072001106738
2024-01-18 00:00:00+00:00,-0.044249852220405485,0.00026771678214942973,-0.021991067719128028,0.00026771678214942973,-0.010861675468489299,-0.044249852220405485,-0.03312045996976676
2024-01-19 00:00:00+00:00,0.0023050352614813626,0.00021739688895849874,0.0012612160752199307,0.00021739688895849874,0.0007393064820892147,0.0023050352614813626,0.0017831256683506465
2024-01-20 00:00:00+00:00,-0.005061875869150732,0.00036099118826182774,-0.002350442340444452,0.00036099118826182774,-0.0009947255760913121,-0.005061875869150732,-0.003706159104797592
2024-01-21 00:00:00+00:00,-0.008042875733995893,0.00020442749381266445,-0.003919224120091614,0.00020442749381266445,-0.001857398313139475,-0.008042875733995893,-0.005981049927043754
2024-01-22 00:00:00+00:00,-0.05224299404158348,8.686573236960093e-05,-0.02607806415460694,8.686573236960093e-05,-0.01299559921111867,-0.0004131342676303991,-0.01324559921111867
2024-01-23 00:00:00+00:00,-0.00677242294270334,-0.00014115763406685744,-0.0034567902883850987,-0.00014115763406685744,-0.001798973961225978,-0.00014115763406685744,-0.001798973961225978
2024-01-24 00:00:00+00:00,0.014632199810307589,-0.00010493043670245505,0.007263634686802567,-0.00010493043670245505,0.003579352125050056,-0.00010493043670245505,0.003579352125050056
2024-01-25 00:00:00+00:00,-0.008542326562746831,-9.614999203477748e-05,-0.004319238277390804,-9.614999203477748e-05,-0.002207694134712791,-9.614999203477748e-05,-0.002207694134712791
2024-01-26 00:00:00+00:00,0.030199651389702136,4.971533172715148e-05,0.015124683360714644,4.971533172715148e-05,0.007587199346220898,4.971533172715148e-05,0.007587199346220898
2024-01-27 00:00:00+00:00,0.0064268056037482596,0.00010495382093700378,0.0032658797123426317,0.00010495382093700378,0.0016854167666398177,0.00010495382093700378,0.0016854167666398177
2024-01-28 00:00:00+00:00,0.0021822371956528586,0.0002247833107127395,0.001203510253182799,0.0002247833107127395,0.0007141467819477693,0.0002247833107127395,0.0007141467819477693
2024-01-29 00:00:00+00:00,0.025869431103516614,0.0001667110113874326,0.013018071057452023,0.0001667110113874326,0.006592391034419728,0.0001667110113874326,0.006592391034419728
2024-01-30 00:00:00+00:00,5.8449964129427935e-05,0.0001079827346557316,8.321634939257977e-05,0.0001079827346557316,9.559954202415569e-05,0.0001079827346557316,9.559954202415569e-05
2024-01-31 00:00:00+00:00,-0.01916427222154189,-0.00010778792380827795,-0.009636030072675083,-0.00010778792380827795,-0.004871908998241681,-0.00010778792380827795,-0.004871908998241681
2024-02-01 00:00:00+00:00,0.006574961880199834,-1.3426041169384284e-05,0.003280767919515225,-1.3426041169384284e-05,0.0016336709391729203,-1.3426041169384284e-05,0.0016336709391729203
2024-02-02 00:00:00+00:00,0.007358155134413488,4.181362654942511e-05,0.0036999843804814566,4.181362654942511e-05,0.0018708990035154408,4.181362654942511e-05,0.0018708990035154408
2024-02-03 00:00:00+00:00,-0.010046001835839827,2.680749877836952e-05,-0.005009597168530729,2.680749877836952e-05,-0.0024913948348761795,2.680749877836952e-05,-0.0024913948348761795
2024-02-04 00:00:00+00:00,-0.009584819915864554,-4.584385663197743e-06,-0.004794702150763876,-4.584385663197743e-06,-0.002399643268213537,-4.584385663197743e-06,-0.002399643268213537
2024-02-05 00:00:00+00:00,0.002447566770214404,-2.2510463562053218e-06,0.0012226578619290993,-2.2510463562053218e-06,0.000610203407786447,-2.2510463562053218e-06,0.000610203407786447
2024-02-06 00:00:00+00:00,0.012554632258213239,0.00010343646751764801,0.006329034362865443,0.00010343646751764801,0.0032162354151915457,0.00010343646751764801,0.0032162354151915457
2024-02-07 00:00:00+00:00,0.0256076571203878,8.543305918351507e-05,0.012846545089785657,8.543305918351507e-05,0.006465989074484586,0.0251076571203878,0.018977101105086727
2024-02-08 00:00:00+00:00,0.010529479565606655,0.00035875027663689885,0.005444114921121777,0.00035875027663689885,0.002901432598879338,-0.00014124972336310116,0.002651432598879338
2024-02-09 00:00:00+00:00,0.03256312590453166,0.0006243998612522894,0.016593762882891976,0.0006243998612522894,0.008609081372072133,0.0006243998612522894,0.008609081372072133
2024-02-10 00:00:00+00:00,0.011992128453505039,0.0007194599277855485,0.0063557941906452935,0.0007194599277855485,0.003537627059215421,0.0007194599277855485,0.003537627059215421
2024-02-11 00:00:00+00:00,-0.00016135882064591937,0.0008677819402218567,0.00035321155978796867,0.0008677819402218567,0.0006104967500049128,0.0008677819402218567,0.0006104967500049128
2024-02-12 00:00:00+00:00,0.04105415870094627,0.0008524244739307463,0.020953291587438506,0.040554158700946266,0.030753725144192386,0.040554158700946266,0.030753725144192386
2024-02-13 00:00:00+00:00,-0.0014795963724243074,0.0011025658645389402,-0.0001885152539426836,-0.0014795963724243074,-0.0008340558131834956,-0.0014795963724243074,-0.0008340558131834956
2024-02-14 00:00:00+00:00,0.04438383943500696,0.0011036309997103366,0.02274373521735865,0.04438383943500696,0.03356378732618281,0.04438383943500696,0.03356378732618281
2024-02-15 00:00:00+00:00,-0.003602910587778396,0.0010013341753101201,-0.0013007882062341378,-0.003602910587778396,-0.0024518493970062667,-0.003602910587778396,-0.0024518493970062667
2024-02-16 00:00:00+00:00,-0.010196603196073887,0.0008095517019384157,-0.004693525747067735,-0.010196603196073887,-0.007445064471570811,-0.010196603196073887,-0.007445064471570811
2024-02-17 00:00:00+00:00,-0.009227016800155101,0.0006711080991919083,-0.0042779543504815965,-0.009227016800155101,-0.006752485575318349,-0.009227016800155101,-0.006752485575318349
2024-02-18 00:00:00+00:00,0.02475453653713103,0.0008552250066764522,0.012804880771903742,0.02475453653713103,0.018779708654517387,0.02475453653713103,0.018779708654517387
2024-02-19 00:00:00+00:00,0.002929073184602338,0.0010276800595818703,0.001978376622092104,0.002929073184602338,0.0024537249033472213,0.002929073184602338,0.0024537249033472213
2024-02-20 00:00:00+00:00,0.0014176275324377565,0.0006068166227914951,0.0010122220776146258,0.0014176275324377565,0.0012149248050261911,0.0014176275324377565,0.0012149248050261911
2024-02-21 00:00:00+00:00,-0.017892652288621025,0.0003528000322021718,-0.008769926128209427,-0.017892652288621025,-0.013331289208415226,-0.017892652288621025,-0.013331289208415226
2024-02-22 00:00:00+00:00,-0.011889412415116285,0.0005107790561889036,-0.005689316679463691,-0.011889412415116285,-0.008789364547289989,-0.011889412415116285,-0.008789364547289989
2024-02-23 00:00:00+00:00,-0.014129418397061833,0.0004531932992593024,-0.006838112548901265,-0.014129418397061833,-0.010483765472981549,-0.014129418397061833,-0.010483765472981549
2024-02-24 00:00:00+00:00,0.024869417629561453,0.0004096039839680543,0.012639510806764754,0.024869417629561453,0.018754464218163104,0.024869417629561453,0.018754464218163104
2024-02-25 00:00:00+00:00,0.012959004623978336,0.000749768226796732,0.006854386425387534,0.012959004623978336,0.009906695524682934,0.012959004623978336,0.009906695524682934
2024-02-26 00:00:00+00:00,0.04175166223705341,0.0010439014706591365,0.02139778185385627,0.04175166223705341,0.03157472204545484,0.04175166223705341,0.03157472204545484
2024-02-27 00:00:00+00:00,0.017942052402145633,0.0013067136790927414,0.009624383040619187,0.017942052402145633,0.013783217721382409,0.017942052402145633,0.013783217721382409
2024-02-28 00:00:00+00:00,0.07881922532027114,0.0016520617858084563,0.040235643553039796,0.07881922532027114,0.059527434436655466,0.07881922532027114,0.059527434436655466
2024-02-29 00:00:00+00:00,0.007438171758421913,0.0019962976692691203,0.004717234713845516,0.007438171758421913,0.006077703236133715,0.007438171758421913,0.006077703236133715
2024-03-01 00:00:00+00:00,0.026114711538395206,0.0014606235628491504,0.013787667550622178,0.026114711538395206,0.019951189544508693,0.026114711538395206,0.019951189544508693
2024-03-02 00:00:00+00:00,-0.0017889245843100141,0.0016546212359418444,-6.715167418408486e-05,-0.0017889245843100141,-0.0009280381292470494,-0.0017889245843100141,-0.0009280381292470494
2024-03-03 00:00:00+00:00,0.012887696261623116,0.0015912540883216142,0.007239475174972365,0.012887696261623116,0.01006358571829774,0.012887696261623116,0.01006358571829774
2024-03-04 00:00:00+00:00,0.04844274444177077,0.0017010909078631897,0.02507191767481698,0.04844274444177077,0.036757331058293874,0.04844274444177077,0.036757331058293874
2024-03-05 00:00:00+00:00,-0.04880437811072406,0.0026336691478872076,-0.023085354481418425,-0.04880437811072406,-0.03594486629607124,-0.04880437811072406,-0.03594486629607124
2024-03-06 00:00:00+00:00,0.05172137589044157,0.0015297974128241076,0.026625586651632838,0.05172137589044157,0.0391734812710372,0.05172137589044157,0.0391734812710372
2024-03-07 00:00:00+00:00,0.04136714887984897,0.0013112660234744222,0.021339207451661697,0.04136714887984897,0.031353178165755335,0.04136714887984897,0.031353178165755335
2024-03-08 00:00:00+00:00,0.009995984981342314,0.0015344093134030956,0.005765197147372705,0.009995984981342314,0.00788059106435751,0.009995984981342314,0.00788059106435751
2024-03-09 00:00:00+00:00,0.0016496042946133975,0.001910579906029941,0.0017800921003216694,0.0016496042946133975,0.0017148481974675334,0.0016496042946133975,0.0017148481974675334
2024-03-10 00:00:00+00:00,0.0010841988059687726,0.0016558880461443604,0.0013700434260565664,0.0010841988059687726,0.0012271211160126696,0.0010841988059687726,0.0012271211160126696
2024-03-11 00:00:00+00:00,0.041356903163727816,0.0012188917112918585,0.021287897437509837,0.041356903163727816,0.03132240030061883,0.041356903163727816,0.03132240030061883
2024-03-12 00:00:00+00:00,-0.004880600118786215,0.001319219549009043,-0.001780690284888586,-0.004880600118786215,-0.0033306452018374002,-0.004880600118786215,-0.0033306452018374002
2024-03-13 00:00:00+00:00,0.03799602768158856,0.001782168189085498,0.019889097935337028,0.03799602768158856,0.028942562808462795,0.03799602768158856,0.028942562808462795
2024-03-14 00:00:00+00:00,0.008005753825847929,0.001560671444405859,0.004783212635126894,0.008005753825847929,0.0063944832304874116,0.008005753825847929,0.0063944832304874116
2024-03-15 00:00:00+00:00,-0.00702590911416149,0.0006794909856615572,-0.003173209064249966,-0.00702590911416149,-0.005099559089205728,-0.00702590911416149,-0.005099559089205728
2024-03-16 00:00:00+00:00,-0.04309935322408668,0.000518251847294815,-0.021290550688395932,-0.04309935322408668,-0.03219495195624131,-0.04309935322408668,-0.03219495195624131
2024-03-17 00:00:00+00:00,0.0635667802854265,0.0004943009069553472,0.032030540596190926,0.0635667802854265,0.047798660440808716,0.0635667802854265,0.047798660440808716
2024-03-18 00:00:00+00:00,-0.024990820995844407,0.0006669811424546701,-0.012161919926694869,-0.024990820995844407,-0.01857637046126964,-0.024990820995844407,-0.01857637046126964
2024-03-19 00:00:00+00:00,-0.10663187858656385,0.0003889050767680313,-0.05312148675489791,-0.10663187858656385,-0.07987668267073088,-0.10663187858656385,-0.07987668267073088
2024-03-20 00:00:00+00:00,0.11262242657599887,0.00047816839416348067,0.056550297485081176,-2.183160583651934e-05,0.028264232939622328,0.11262242657599887,0.08458636203054003
2024-03-21 00:00:00+00:00,-0.03513561761322118,0.0006601351208372908,-0.017237741246191946,0.0006601351208372908,-0.008288803062677328,-0.03513561761322118,-0.026186679429706566
2024-03-22 00:00:00+00:00,-0.03150411869466285,0.0006435487948110996,-0.015430284949925877,0.0006435487948110996,-0.0073933680775573885,-0.03150411869466285,-0.023467201822294365
2024-03-23 00:00:00+00:00,-0.004541383618571593,0.0006137319572119271,-0.001963825830679833,0.0006137319572119271,-0.0006750469367339529,-0.004541383618571593,-0.003252604724625713
2024-03-24 00:00:00+00:00,0.05101430707802985,0.0005793197586145826,0.025796813418322215,0.0005793197586145826,0.013188066588468399,0.05101430707802985,0.038405560248176034
2024-03-25 00:00:00+00:00,0.035572594107731614,0.000988002544057176,0.018280298325894395,0.000988002544057176,0.009634150434975786,0.035572594107731614,0.026926446216813005
2024-03-26 00:00:00+00:00,0.002820976344357702,0.0011202626496631396,0.0019706194970104205,0.002320976344357702,0.0021457979206840616,0.002820976344357702,0.0023957979206840614
2024-03-27 00:00:00+00:00,-0.01769934751000971,0.0011637762513381222,-0.008267785629335793,-0.01769934751000971,-0.012983566569672752,-0.01769934751000971,-0.012983566569672752
2024-03-28 00:00:00+00:00,0.01783781874010315,0.001078046951746181,0.009457932845924666,0.000578046951746181,0.005017989898835423,0.01783781874010315,0.013647875793013908
2024-03-29 00:00:00+00:00,-0.004947646852940948,0.0011787567278223055,-0.0018844450625593212,0.0011787567278223055,-0.0003528441673685079,-0.004947646852940948,-0.0034160459577501348
2024-03-30 00:00:00+00:00,0.0021318536425304346,0.0013104275225652717,0.0017211405825478532,0.0013104275225652717,0.0015157840525565625,0.0021318536425304346,0.001926497112539144
2024-03-31 00:00:00+00:00,0.03557271377091098,0.0013194687481896672,0.018446091259550323,0.0013194687481896672,0.009882780003869995,0.03557271377091098,0.02700940251523065
2024-04-01 00:00:00+00:00,-0.03737239437193163,0.0009364008646850497,-0.01821799675362329,0.0009364008646850497,-0.00864079794446912,-0.03737239437193163,-0.02779519556277746
2024-04-02 00:00:00+00:00,-0.05999329566736289,0.0004330788446538225,-0.029780108411354533,0.0004330788446538225,-0.014673514783350355,-0.05999329566736289,-0.04488670203935871
2024-04-03 00:00:00+00:00,0.011677987720405127,0.0003923753812544728,0.0060351815508298,0.0003923753812544728,0.0032137784660421363,0.011677987720405127,0.008856584635617464
2024-04-04 00:00:00+00:00,0.010102016979386985,0.00034676349053475164,0.005224390234960868,0.00034676349053475164,0.00278557686274781,0.010102016979386985,0.007663203607173926
2024-04-05 00:00:00+00:00,-0.02151783053566855,0.00024637908183522406,-0.010635725726916663,0.00024637908183522406,-0.005194673322540719,-0.02151783053566855,-0.016076778131292605
2024-04-06 00:00:00+00:00,0.01634938587844301,0.00035042563260478943,0.0083499057555239,0.00035042563260478943,0.004350165694064345,0.01634938587844301,0.012349645816983456
2024-04-07 00:00:00+00:00,0.01058949033581387,0.0003354666448907029,0.005462478490352286,0.0003354666448907029,0.0028989725676214946,0.01058949033581387,0.008025984413083078
2024-04-08 00:00:00+00:00,0.028479681160695353,0.00042509733088724744,0.0144523892457913,0.00042509733088724744,0.007438743288339274,0.028479681160695353,0.021466035203243326
2024-04-09 00:00:00+00:00,-0.03807419875329574,0.00045121139197079607,-0.018811493680662473,0.00045121139197079607,-0.009180141144345838,-0.03807419875329574,-0.02844284621697911
2024-04-10 00:00:00+00:00,0.011367277880591109,0.00033851111381588694,0.005852894497203498,0.00033851111381588694,0.0030957028055096925,0.011367277880591109,0.008610086188897303
2024-04-11 00:00:00+00:00,-0.006995659058323144,0.0003483157224581923,-0.0033236716679324757,0.0003483157224581923,-0.0014876779727371417,-0.0001516842775418077,-0.0017376779727371417
2024-04-12 00:00:00+00:00,-0.06543385324401489,0.0003646111115158668,-0.03253462106624951,0.0003646111115158668,-0.016085004977366823,0.0003646111115158668,-0.016085004977366823
2024-04-13 00:00:00+00:00,-0.05569749792181397,0.00013275211240948437,-0.027782372904702243,0.00013275211240948437,-0.01382481039614638,0.00013275211240948437,-0.01382481039614638
2024-04-14 00:00:00+00:00,0.04413151773830634,7.640314340506826e-05,0.022103960440855705,7.640314340506826e-05,0.011090181792130387,7.640314340506826e-05,0.011090181792130387
2024-04-15 00:00:00+00:00,-0.03662297395966837,0.0001113939837213973,-0.018255789987973486,0.0001113939837213973,-0.009072198002126044,0.0001113939837213973,-0.009072198002126044
2024-04-16 00:00:00+00:00,-0.0033393369127394192,0.00017915359844455914,-0.00158009165714743,0.00017915359844455914,-0.0007004690293514355,0.00017915359844455914,-0.0007004690293514355
2024-04-17 00:00:00+00:00,-0.025220291730720323,6.108642902757921e-05,-0.012579602650846372,6.108642902757921e-05,-0.006259258110909396,6.108642902757921e-05,-0.006259258110909396
2024-04-18 00:00:00+00:00,0.03104690836795772,4.1965372958863156e-05,0.015544436870458292,4.1965372958863156e-05,0.007793201121708578,4.1965372958863156e-05,0.007793201121708578
2024-04-19 00:00:00+00:00,0.0015917501846456072,0.00011298100506640374,0.0008523655948560055,0.00011298100506640374,0.0004826732999612046,0.00011298100506640374,0.0004826732999612046
2024-04-20 00:00:00+00:00,0.024701487820975605,8.773645804294183e-05,0.012394612139509273,8.773645804294183e-05,0.0062411742987761075,8.773645804294183e-05,0.0062411742987761075
2024-04-21 00:00:00+00:00,-0.004126133152674096,1.3819209570442581e-05,-0.002056156971551827,1.3819209570442581e-05,-0.001021168880990692,1.3819209570442581e-05,-0.001021168880990692
2024-04-22 00:00:00+00:00,0.02388587218311002,8.139304587495566e-05,0.011983632614492487,8.139304587495566e-05,0.0060325128301837215,8.139304587495566e-05,0.0060325128301837215
2024-04-23 00:00:00+00:00,-0.003462492650564524,5.4834654876989575e-05,-0.0017038289978437671,5.4834654876989575e-05,-0.0008244971714833888,5.4834654876989575e-05,-0.0008244971714833888
2024-04-24 00:00:00+00:00,-0.02257454194072228,0.00014109660457273243,-0.011216722668074774,0.00014109660457273243,-0.005537813031751021,0.00014109660457273243,-0.005537813031751021
2024-04-25 00:00:00+00:00,-0.002638123984274937,0.00018520873963279172,-0.0012264576223210727,0.00018520873963279172,-0.0005206244413441405,0.00018520873963279172,-0.0005206244413441405
2024-04-26 00:00:00+00:00,-0.012841801351745334,0.00014029442498375566,-0.006350753463380789,0.00014029442498375566,-0.003105229519198517,0.00014029442498375566,-0.003105229519198517
2024-04-27 00:00:00+00:00,0.008832529128379776,0.00012199307505977863,0.004477261101719777,0.00012199307505977863,0.002299627088389778,0.00012199307505977863,0.002299627088389778
2024-04-28 00:00:00+00:00,-0.005912529383645323,6.37128137093157e-05,-0.0029244082849680035,6.37128137093157e-05,-0.001430347735629344,6.37128137093157e-05,-0.001430347735629344
2024-04-29 00:00:00+00:00,-0.00013678708516137714,4.091662147809316e-05,-4.793523184164199e-05,4.091662147809316e-05,-3.509305181774413e-06,4.091662147809316e-05,-3.509305181774413e-06
2024-04-30 00:00:00+00:00,-0.039357831509467645,-1.5109332186846736e-05,-0.019686470420827246,-1.5109332186846736e-05,-0.009850789876507046,-1.5109332186846736e-05,-0.009850789876507046
2024-05-01 00:00:00+00:00,0.0016540445091622281,-3.104363176253955e-05,0.0008115004386998443,0.0011540445091622281,0.0009827724739310362,-3.104363176253955e-05,0.0003902284034686524
2024-05-02 00:00:00+00:00,0.007296585954762488,9.023049007916839e-05,0.0036934082224208283,0.007296585954762488,0.005494997088591658,9.023049007916839e-05,0.0018918193562499983
2024-05-03 00:00:00+00:00,0.024984635191017,-8.995912300457931e-05,0.01244733803400621,-0.0005899591230045793,0.005928689455500815,-8.995912300457931e-05,0.006178689455500815
2024-05-04 00:00:00+00:00,0.00685045687961404,9.711764438846693e-05,0.0034737872620012535,9.711764438846693e-05,0.0017854524531948602,9.711764438846693e-05,0.0017854524531948602
2024-05-05 00:00:00+00:00,0.0005862135540986856,0.0002219884119931681,0.00040410098304592684,0.0002219884119931681,0.0003130446975195475,0.0002219884119931681,0.0003130446975195475
2024-05-06 00:00:00+00:00,0.005964063106619427,0.0002236465096576712,0.003093854808138549,0.0002236465096576712,0.0016587506588981102,0.0002236465096576712,0.0016587506588981102
2024-05-07 00:00:00+00:00,-0.011281044735058088,0.00017848323472136052,-0.005551280750168364,0.00017848323472136052,-0.0026863987577235016,0.00017848323472136052,-0.0026863987577235016
2024-05-08 00:00:00+00:00,-0.012938855233016008,0.0001251383461158273,-0.0064068584434500905,0.0001251383461158273,-0.0031408600486671316,0.0001251383461158273,-0.0031408600486671316
2024-05-09 00:00:00+00:00,0.019591652373702525,3.739010040648694e-05,0.009814521237054506,0.019091652373702524,0.014453086805378514,3.739010040648694e-05,0.004925955668730496
2024-05-10 00:00:00+00:00,-0.020211221646056255,0.00017815068882742757,-0.010016535478614414,-0.00032184931117257244,-0.005169192394893493,0.00017815068882742757,-0.004919192394893493
2024-05-11 00:00:00+00:00,-0.0005360463865858217,0.00012170504997444098,-0.00020717066830569037,-0.0010360463865858216,-0.0006216085274457561,0.00012170504997444098,-4.273280916562469e-05
2024-05-12 00:00:00+00:00,0.0008971321922346983,0.00013916063122598743,0.0005181464117303429,-0.0003608393687740126,7.865352147816515e-05,0.00013916063122598743,0.00032865352147816516
2024-05-13 00:00:00+00:00,0.007954074384594808,-2.6009096835477585e-05,0.003964032643879665,-2.6009096835477585e-05,0.0019690117735220937,-2.6009096835477585e-05,0.0019690117735220937
2024-05-14 00:00:00+00:00,-0.012460503064819176,-2.3383723288028513e-05,-0.006241943394053602,-2.3383723288028513e-05,-0.0031326635586708153,-0.012960503064819176,-0.009601223229436389
2024-05-15 00:00:00+00:00,0.031208491526303717,0.00013915855905932695,0.01567382504268152,0.00013915855905932695,0.007906491800870424,-0.00036084144094067306,0.0076564918008704234
2024-05-16 00:00:00+00:00,-0.0056963442408529685,7.456734364108542e-05,-0.0028108884486059416,7.456734364108542e-05,-0.001368160552482428,-0.006196344240852969,-0.004503616344729455
2024-05-17 00:00:00+00:00,0.02063176063947184,0.00019273603593483735,0.010412248337703338,0.00019273603593483735,0.005302492186819088,0.02063176063947184,0.01552200448858759
2024-05-18 00:00:00+00:00,0.004280424447968848,0.00020475251022911145,0.00224258847909898,0.00020475251022911145,0.0012236704946640457,0.004280424447968848,0.0032615064635339143
2024-05-19 00:00:00+00:00,-0.008130548147501662,0.00019473984697371272,-0.003967904150263974,0.00019473984697371272,-0.0018865821516451308,-0.008130548147501662,-0.006049226148882818
2024-05-20 00:00:00+00:00,0.06690541538562561,0.00021506562884843206,0.03356024050723702,0.00021506562884843206,0.016887653068042727,0.06690541538562561,0.050232827946431316
2024-05-21 00:00:00+00:00,-0.012694606718464584,0.0004695362609521414,-0.006112535228756221,0.0004695362609521414,-0.00282149948390204,-0.012694606718464584,-0.009403570973610402
2024-05-22 00:00:00+00:00,-0.009979705955889892,0.00038530562604432994,-0.004797200164922781,0.00038530562604432994,-0.0022059472694392255,-0.009979705955889892,-0.007388453060406336
2024-05-23 00:00:00+00:00,-0.0038748161502745095,0.00041797579109537075,-0.0017284201795895694,0.00041797579109537075,-0.0006552221942470993,-0.0038748161502745095,-0.0028016181649320395
2024-05-24 00:00:00+00:00,-0.014583960078902822,0.0002610668592506471,-0.007161446609826087,0.0002610668592506471,-0.00345018987528772,-0.014583960078902822,-0.010872703344364455
2024-05-25 00:00:00+00:00,0.00561298094930884,0.00032488574822786553,0.0029689333487683527,0.00032488574822786553,0.0016469095484981091,0.00561298094930884,0.004290957149038596
2024-05-26 00:00:00+00:00,-0.005569174452195614,0.0003191948359677621,-0.002624989808113926,0.0003191948359677621,-0.001152897486073082,-0.005569174452195614,-0.00409708213015477
2024-05-27 00:00:00+00:00,0.020141272701704797,0.00037732750453356445,0.01025930010311918,0.00037732750453356445,0.0053183138038263725,0.020141272701704797,0.01520028640241199
2024-05-28 00:00:00+00:00,-0.010085496408867764,0.0003573567566454994,-0.004864069826111132,0.0003573567566454994,-0.0022533565347328164,-0.010085496408867764,-0.0074747831174894475
2024-05-29 00:00:00+00:00,-0.009204366042731836,0.00039282063395562616,-0.004405772704388105,0.00039282063395562616,-0.0020064760352162393,-0.009204366042731836,-0.00680506937355997
2024-05-30 00:00:00+00:00,-0.0012581453972277852,0.00030358438772859486,-0.00047728050474959516,0.00030358438772859486,-8.684805851050015e-05,-0.0012581453972277852,-0.0008677129509886902
2024-05-31 00:00:00+00:00,-0.004068997927950846,0.0002932589995749968,-0.0018878694641879246,0.0002932589995749968,-0.0007973052323064639,-0.004068997927950846,-0.0029784336960693852
2024-06-01 00:00:00+00:00,0.006497302738543715,0.00033193660944030867,0.0034146196739920118,0.005997302738543715,0.004705961206267863,0.006497302738543715,0.004955961206267863
2024-06-02 00:00:00+00:00,-0.008082494130019777,0.0003398274936554646,-0.003871333318182156,-0.008082494130019777,-0.005976913724100967,-0.008082494130019777,-0.005976913724100967
2024-06-03 00:00:00+00:00,0.005994247013482646,0.0004086117471471251,0.0032014293803148855,-9.13882528528749e-05,0.0015550205637310053,0.005994247013482646,0.0045978381968987654
2024-06-04 00:00:00+00:00,0.023769839784466004,0.00037327944539877755,0.01207155961493239,0.00037327944539877755,0.006222419530165584,0.023769839784466004,0.017920699699699196
2024-06-05 00:00:00+00:00,0.009577665312841774,0.0005112390248027676,0.005044452168822271,0.0005112390248027676,0.0027778455968125193,0.009577665312841774,0.007311058740832023
2024-06-06 00:00:00+00:00,-0.010648809601225618,0.000375255038506328,-0.005136777281359645,-0.011148809601225619,-0.008142793441292632,-0.010648809601225618,-0.007892793441292631
2024-06-07 00:00:00+00:00,-0.029128808817365206,0.0003791864751172547,-0.014374811171123976,-0.029128808817365206,-0.02175180999424459,-0.029128808817365206,-0.02175180999424459
2024-06-08 00:00:00+00:00,-0.008022907160899243,0.00021955569653941964,-0.0039016757321799116,-0.008022907160899243,-0.005962291446539578,-0.008022907160899243,-0.005962291446539578
2024-06-09 00:00:00+00:00,0.010992205498446836,0.00016614524199565217,0.005579175370221244,-0.00033385475800434784,0.0026226603061084482,0.010992205498446836,0.00828569043433404
2024-06-10 00:00:00+00:00,-0.008549902130752155,0.00023460210116743596,-0.00415765001479236,-0.009049902130752156,-0.006603776072772257,-0.008549902130752155,-0.006353776072772257
2024-06-11 00:00:00+00:00,-0.0370373825064707,0.00026553627648473466,-0.018385923114992982,-0.0370373825064707,-0.02771165281073184,-0.0370373825064707,-0.02771165281073184
2024-06-12 00:00:00+00:00,0.017646821399007574,0.0002561174723554327,0.008951469435681503,-0.00024388252764456731,0.004353793454018468,0.017646821399007574,0.01329914541734454
2024-06-13 00:00:00+00:00,-0.02736456890432532,0.00023500120186348283,-0.013564783851230918,0.00023500120186348283,-0.0066648913246837175,-0.02736456890432532,-0.02046467637777812
2024-06-14 00:00:00+00:00,-0.008464771414141281,0.0002319514686082158,-0.004116409972766533,0.0002319514686082158,-0.0019422292520791585,-0.008464771414141281,-0.0062905906934539076
2024-06-15 00:00:00+00:00,0.010449948832722959,0.00011051151003393933,0.005280230171378449,0.00011051151003393933,0.002695370840706194,-0.0003894884899660607,0.0024453708407061944
2024-06-16 00:00:00+00:00,0.01054473337803852,0.00015656255434493005,0.005350647966191725,0.00015656255434493005,0.0027536052602683274,0.00015656255434493005,0.0027536052602683274
2024-06-17 00:00:00+00:00,-0.016915538958767583,0.0001409257851703316,-0.008387306586798626,0.0001409257851703316,-0.004123190400814147,0.0001409257851703316,-0.004123190400814147
2024-06-18 00:00:00+00:00,-0.01278524113245908,3.774532791167573e-05,-0.006373747902273702,3.774532791167573e-05,-0.003168001287181013,3.774532791167573e-05,-0.003168001287181013
2024-06-19 00:00:00+00:00,0.004655175095594682,4.1727033961880267e-05,0.002348451064778281,4.1727033961880267e-05,0.0011950890493700806,4.1727033961880267e-05,0.0011950890493700806
2024-06-20 00:00:00+00:00,-0.004960821146524636,0.00011689881607934716,-0.0024219611652226444,-0.0054608211465246356,-0.00394139115587364,0.00011689881607934716,-0.0011525311745716486
2024-06-21 00:00:00+00:00,-0.0010843600274679694,0.0001333094567761428,-0.0004755252853459133,-0.0010843600274679694,-0.0007799426564069414,0.0001333094567761428,-0.00017110791428488525
2024-06-22 00:00:00+00:00,-0.001863887397654282,4.494058890558428e-05,-0.0009094734043743488,-0.001863887397654282,-0.0013866804010143154,4.494058890558428e-05,-0.0004322664077343823
2024-06-23 00:00:00+00:00,-0.009871399151811254,0.00017071703073190392,-0.004850341060539675,-0.0003292829692680961,-0.0025898120149038858,0.00017071703073190392,-0.0023398120149038856
2024-06-24 00:00:00+00:00,-0.008012376893555573,7.685383648525779e-05,-0.003967761528535158,-0.008512376893555574,-0.006240069211045366,7.685383648525779e-05,-0.00194545384602495
2024-06-25 00:00:00+00:00,0.007367679194861969,4.0534246821710695e-05,0.0037041067208418398,0.007367679194861969,0.005535892957851904,4.0534246821710695e-05,0.0018723204838317752
2024-06-26 00:00:00+00:00,-0.0031344404866888963,0.00013181114611104938,-0.0015013146702889234,-0.0031344404866888963,-0.00231787757848891,0.00013181114611104938,-0.000684751762088937
2024-06-27 00:00:00+00:00,0.009856282128139535,0.0001873121716891024,0.0050217971499143185,0.009856282128139535,0.007439039639026927,0.0001873121716891024,0.0026045546608017105
2024-06-28 00:00:00+00:00,-0.011758432759376254,0.00017565630754767803,-0.005791388225914288,-0.011758432759376254,-0.00877491049264527,0.00017565630754767803,-0.002807865959183305
2024-06-29 00:00:00+00:00,0.0006455859417522357,0.00013039965647343443,0.0003879927991128351,0.0006455859417522357,0.0005167893704325354,0.00013039965647343443,0.0002591962277931348
2024-06-30 00:00:00+00:00,0.011166742896635275,0.0001864991365745361,0.005676621016604906,0.011166742896635275,0.00842168195662009,0.0001864991365745361,0.002931560076589721
2024-07-01 00:00:00+00:00,0.0004678473880030583,0.000118790933598234,0.00029331916080064613,-0.000381209066401766,-4.394495280055994e-05,0.000118790933598234,0.00020605504719944007
2024-07-02 00:00:00+00:00,0.002851311033465831,3.670869294314372e-05,0.0014440098632044873,3.670869294314372e-05,0.0007403592780738155,3.670869294314372e-05,0.0007403592780738155
2024-07-03 00:00:00+00:00,-0.019440818615666385,4.136735133930536e-05,-0.00969972563216354,-0.019940818615666385,-0.014820272123914962,4.136735133930536e-05,-0.004829179140412117
2024-07-04 00:00:00+00:00,-0.020014512590399915,5.808494766212924e-05,-0.009978213821368893,-0.020014512590399915,-0.014996363205884404,5.808494766212924e-05,-0.004960064436853382
2024-07-05 00:00:00+00:00,-0.0004606907792069844,-8.943454133825135e-06,-0.00023481711667040477,-0.0004606907792069844,-0.00034775394793869457,-8.943454133825135e-06,-0.00012188028540211495
2024-07-06 00:00:00+00:00,0.008351019370732559,-0.0001487704095773923,0.004101124480577583,0.008351019370732559,0.006226071925655071,-0.0001487704095773923,0.0019761770355000955
2024-07-07 00:00:00+00:00,-0.014104046600699992,-1.0873857273052678e-05,-0.007057460228986522,-0.014104046600699992,-0.010580753414843257,-1.0873857273052678e-05,-0.0035341670431297875
2024-07-08 00:00:00+00:00,0.005912756853843841,4.807023732400495e-05,0.002980413545583923,0.005912756853843841,0.004446585199713882,4.807023732400495e-05,0.001514241891453964
2024-07-09 00:00:00+00:00,0.0028245133331422766,3.7340272014407816e-05,0.0014309268025783422,0.0028245133331422766,0.0021277200678603094,3.7340272014407816e-05,0.000734133537296375
2024-07-10 00:00:00+00:00,0.0011283756199451502,5.1619894046561754e-05,0.000589997756995856,0.0011283756199451502,0.0008591866884705031,5.1619894046561754e-05,0.00032080882552120885
2024-07-11 00:00:00+00:00,-0.0028700492220055294,0.00010255620780208474,-0.0013837465071017223,-0.0028700492220055294,-0.0021268978645536257,0.00010255620780208474,-0.0006405951496498188
2024-07-12 00:00:00+00:00,0.0032887628910960674,0.0001231705466195887,0.001705966718857828,0.0032887628910960674,0.0024973648049769477,0.0001231705466195887,0.0009145686327387084
2024-07-13 00:00:00+00:00,0.005386677437157366,0.00012152786710339925,0.0027541026521303827,0.005386677437157366,0.004070390044643875,0.00012152786710339925,0.001437815259616891
2024-07-14 00:00:00+00:00,0.007351855851572581,0.00019581100700594156,0.003773833429289261,0.007351855851572581,0.005562844640430921,0.00019581100700594156,0.0019848222181476013
2024-07-15 00:00:00+00:00,0.02900027437474072,0.0001937410347594426,0.014597007704750082,-0.0003062589652405574,0.007145374369754762,0.0001937410347594426,0.007395374369754762
2024-07-16 00:00:00+00:00,0.000344010340063372,0.00023092118245782167,0.00028746576126059686,0.00023092118245782167,0.00025919347185920927,0.00023092118245782167,0.00025919347185920927
2024-07-17 00:00:00+00:00,-0.009735794677513043,0.00015133444975501398,-0.0047922301138790145,0.00015133444975501398,-0.0023204478320620003,0.00015133444975501398,-0.0023204478320620003
2024-07-18 00:00:00+00:00,0.005754861435548461,0.00013368763583909704,0.002944274535693779,0.00013368763583909704,0.001538981085766438,0.00013368763583909704,0.001538981085766438
2024-07-19 00:00:00+00:00,0.022190219905903943,0.00016246886939952354,0.011176344387651733,0.00016246886939952354,0.005669406628525628,0.00016246886939952354,0.005669406628525628
2024-07-20 00:00:00+00:00,0.00746070385705917,0.00023817998479325198,0.003849441920926211,0.00023817998479325198,0.0020438109528597313,0.0069607038570591705,0.005405072888992691
2024-07-21 00:00:00+00:00,0.01733047268440858,0.00028714560826026414,0.008808809146334423,0.00028714560826026414,0.0045479773772973435,0.01733047268440858,0.013069640915371501
2024-07-22 00:00:00+00:00,-0.014532960474373932,0.0002634076187988388,-0.0071347764277875465,0.0002634076187988388,-0.003435684404494354,-0.014532960474373932,-0.010833868451080739
2024-07-23 00:00:00+00:00,-0.013035583641106406,0.00026971205012293886,-0.006382935795491733,0.00026971205012293886,-0.0030566118726843973,-0.013035583641106406,-0.009709259718299069
2024-07-24 00:00:00+00:00,-0.0016417486012981122,0.00013379861634810197,-0.0007539749924750051,0.00013379861634810197,-0.00031008818806345156,-0.0016417486012981122,-0.0011978617968865586
2024-07-25 00:00:00+00:00,-0.018222555086335968,9.78013308310377e-05,-0.009062376877752465,9.78013308310377e-05,-0.004482287773460714,-0.018222555086335968,-0.013642465982044216
2024-07-26 00:00:00+00:00,0.03406601373321796,0.00011344191714113272,0.017089727825179545,0.00011344191714113272,0.008601584871160339,0.03406601373321796,0.02557787077919875
2024-07-27 00:00:00+00:00,0.0002254170454378627,0.00020378850452762443,0.00021460277498274355,0.00020378850452762443,0.000209195639755184,0.0002254170454378627,0.00022000991021030314
2024-07-28 00:00:00+00:00,0.003628251034015055,7.263974270599327e-05,0.0018504453883605241,7.263974270599327e-05,0.0009615425655332587,0.003628251034015055,0.0027393482111877894
2024-07-29 00:00:00+00:00,-0.0077984834979472435,6.007514867523156e-05,-0.003869204174636006,-0.008298483497947243,-0.006083843836291625,-0.0077984834979472435,-0.0058338438362916245
2024-07-30 00:00:00+00:00,-0.00955465128830548,0.00010049134769918311,-0.004727079970303148,-0.0003995086523008169,-0.0025632943113019823,-0.00955465128830548,-0.007140865629304313
2024-07-31 00:00:00+00:00,-0.02201033239734233,0.00016413349299870816,-0.01092309945217181,0.00016413349299870816,-0.005379482979586551,-0.02201033239734233,-0.01646671592475707
2024-08-01 00:00:00+00:00,-0.006312981744914335,0.00010171670804459687,-0.003105632518434869,0.00010171670804459687,-0.001501957905195136,-0.006312981744914335,-0.004709307131674602
2024-08-02 00:00:00+00:00,-0.05288072966627453,0.000152087717473659,-0.026364320974400435,0.000152087717473659,-0.013106116628463388,-0.000347912282526341,-0.013356116628463388
2024-08-03 00:00:00+00:00,-0.023210218382687553,0.00014157672684222966,-0.011534320827922662,0.00014157672684222966,-0.005696372050540216,0.00014157672684222966,-0.005696372050540216
2024-08-04 00:00:00+00:00,-0.01995743528145895,0.00013154786914792993,-0.00991294370615551,0.00013154786914792993,-0.00489069791850379,0.00013154786914792993,-0.00489069791850379
2024-08-05 00:00:00+00:00,-0.03512640327975183,-0.00022179988098336434,-0.0176741015803676,-0.00022179988098336434,-0.008947950730675482,-0.00022179988098336434,-0.008947950730675482
2024-08-06 00:00:00+00:00,0.025858751952668433,-0.00013371306972720376,0.012862519441470615,-0.00013371306972720376,0.006364403185871705,-0.00013371306972720376,0.006364403185871705
2024-08-07 00:00:00+00:00,-0.004716109029293467,-0.00015182922870382587,-0.0024339691289986466,-0.00015182922870382587,-0.0012928991788512363,-0.00015182922870382587,-0.0012928991788512363
2024-08-08 00:00:00+00:00,0.04275662071720011,-4.689071630747943e-05,0.021354865000446314,-4.689071630747943e-05,0.010653987142069417,-4.689071630747943e-05,0.010653987142069417
2024-08-09 00:00:00+00:00,-0.01642707953257956,-0.00028209525930023016,-0.008354587395939896,-0.00028209525930023016,-0.004318341327620063,-0.00028209525930023016,-0.004318341327620063
2024-08-10 00:00:00+00:00,-0.0030490968217098094,-7.458403129267932e-05,-0.0015618404265012444,-7.458403129267932e-05,-0.0008182122288969618,-7.458403129267932e-05,-0.0008182122288969618
2024-08-11 00:00:00+00:00,-0.024536665230189256,1.8793667597938324e-05,-0.012258935781295659,1.8793667597938324e-05,-0.00612007105684886,1.8793667597938324e-05,-0.00612007105684886
2024-08-12 00:00:00+00:00,0.006101133773864754,7.962189747212634e-05,0.0030903778356684403,7.962189747212634e-05,0.0015849998665702833,7.962189747212634e-05,0.0015849998665702833
2024-08-13 00:00:00+00:00,0.0016803469815063908,6.686349226070476e-06,0.0008435166653662306,6.686349226070476e-06,0.00042510150729615056,6.686349226070476e-06,0.00042510150729615056
2024-08-14 00:00:00+00:00,-0.0034523998939273467,6.833382823612233e-05,-0.0016920330328456122,6.833382823612233e-05,-0.0008118496023047449,6.833382823612233e-05,-0.0008118496023047449
2024-08-15 00:00:00+00:00,-0.0009014508384941857,-4.2991104251211e-05,-0.00047222097137269834,-4.2991104251211e-05,-0.0002576060378119547,-4.2991104251211e-05,-0.0002576060378119547
2024-08-16 00:00:00+00:00,-0.00275868518258757,-0.00015003990389672595,-0.001454362543242148,-0.00015003990389672595,-0.0008022012235694369,-0.00015003990389672595,-0.0008022012235694369
2024-08-17 00:00:00+00:00,0.001126965861143084,-8.776563160994844e-05,0.0005196001147665678,-8.776563160994844e-05,0.0002159172415783097,-8.776563160994844e-05,0.0002159172415783097
2024-08-18 00:00:00+00:00,0.00035582290174340477,-7.418206402576288e-05,0.00014082041885882094,-7.418206402576288e-05,3.331917741652903e-05,-7.418206402576288e-05,3.331917741652903e-05
2024-08-19 00:00:00+00:00,0.0014589087050820044,-8.406125279825094e-05,0.0006874237261418767,-8.406125279825094e-05,0.0003016812366718129,-8.406125279825094e-05,0.0003016812366718129
2024-08-20 00:00:00+00:00,-0.001555509352307453,-0.00014124112839875025,-0.0008483752403531016,-0.00014124112839875025,-0.000494808184375926,-0.00014124112839875025,-0.000494808184375926
2024-08-21 00:00:00+00:00,0.00040611357122216017,-7.123517334028939e-05,0.0001674391989409354,-9.388642877783984e-05,3.677638508154779e-05,-7.123517334028939e-05,4.8102012800323e-05
2024-08-22 00:00:00+00:00,0.00033460170724684975,-6.423779139475005e-05,0.00013518195792604985,-0.0005642377913947501,-0.0002145279167343501,-6.423779139475005e-05,3.54720832656499e-05
2024-08-23 00:00:00+00:00,0.007789104563298115,9.297625695947609e-05,0.003941040410128795,9.297625695947609e-05,0.0020170083335441357,9.297625695947609e-05,0.0020170083335441357
2024-08-24 00:00:00+00:00,0.005448263274593711,0.0001943490137992221,0.0028213061441964664,0.0001943490137992221,0.0015078275789978442,0.0001943490137992221,0.0015078275789978442
2024-08-25 00:00:00+00:00,-0.0011556650180992967,0.00019383706865760963,-0.00048091397472084356,0.00019383706865760963,-0.00014353845303161696,0.00019383706865760963,-0.00014353845303161696
2024-08-26 00:00:00+00:00,-0.002457498265895216,0.0001434213213316049,-0.0011570384722818055,0.0001434213213316049,-0.0005068085754751003,0.0001434213213316049,-0.0005068085754751003
2024-08-27 00:00:00+00:00,-0.010328059396410441,9.236906999166017e-05,-0.005117845163209391,9.236906999166017e-05,-0.0025127380466088652,9.236906999166017e-05,-0.0025127380466088652
2024-08-28 00:00:00+00:00,-0.0021774852207613357,3.1851411837591215e-05,-0.0010728169044618722,3.1851411837591215e-05,-0.0005204827463121405,3.1851411837591215e-05,-0.0005204827463121405
2024-08-29 00:00:00+00:00,-0.003048898151364282,2.0435225479342733e-05,-0.0015142314629424697,2.0435225479342733e-05,-0.0007468981187315635,2.0435225479342733e-05,-0.0007468981187315635
2024-08-30 00:00:00+00:00,-0.0008253968253968247,-3.955795687571317e-06,-0.000414676310542198,-3.955795687571317e-06,-0.00020931605311488467,-3.955795687571317e-06,-0.00020931605311488467
2024-08-31 00:00:00+00:00,-0.0010628789525811081,-1.1663615585133513e-05,-0.0005372712840831208,-1.1663615585133513e-05,-0.00027446744983412717,-1.1663615585133513e-05,-0.00027446744983412717
2024-09-01 00:00:00+00:00,-0.0028116406025530485,-1.9626456045029883e-05,-0.0014156335292990392,-1.9626456045029883e-05,-0.0007176299926720345,-1.9626456045029883e-05,-0.0007176299926720345
2024-09-02 00:00:00+00:00,0.0027842628620838735,-0.00014729914416422574,0.0013184818589598239,-0.00014729914416422574,0.0005855913573977991,-0.00014729914416422574,0.0005855913573977991
2024-09-03 00:00:00+00:00,-0.007693738011100497,-0.0001235468207465562,-0.003908642415923527,-0.0001235468207465562,-0.0020160946183350415,-0.0001235468207465562,-0.0020160946183350415
2024-09-04 00:00:00+00:00,0.003096271242941326,-0.000140608776353357,0.0014778312332939846,-0.000140608776353357,0.0006686112284703138,-0.000140608776353357,0.0006686112284703138
2024-09-05 00:00:00+00:00,-0.007200909592539371,-6.340393165726876e-05,-0.00363215676209832,-6.340393165726876e-05,-0.0018477803468777943,-0.007700909592539371,-0.005666533177318846
2024-09-06 00:00:00+00:00,-0.006339851156380684,6.326824384705887e-05,-0.0031382914562668126,6.326824384705887e-05,-0.0015375116062098769,-0.00043673175615294114,-0.0017875116062098769
2024-09-07 00:00:00+00:00,-8.333333333333333e-05,-0.00016747249359561067,-0.000125402913464472,-0.00016747249359561067,-0.00014643770353004135,-0.00016747249359561067,-0.00014643770353004135
2024-09-08 00:00:00+00:00,0.0,-7.395032679258229e-05,-3.6975163396291144e-05,-0.0005,-0.0002684875816981456,-7.395032679258229e-05,-5.5462745094436716e-05
2024-09-09 00:00:00+00:00,0.0,-0.00011036101202921422,-5.518050601460711e-05,-0.0006103610120292142,-0.00033277075902191067,-0.00011036101202921422,-8.277075902191067e-05
2024-09-10 00:00:00+00:00,0.0,-8.067906446007633e-05,-4.0339532230038166e-05,-8.067906446007633e-05,-6.050929834505725e-05,-8.067906446007633e-05,-6.050929834505725e-05
2024-09-11 00:00:00+00:00,0.0,-0.00011203332137099675,-5.6016660685498376e-05,-0.00011203332137099675,-8.402499102824756e-05,-0.00011203332137099675,-8.402499102824756e-05
2024-09-12 00:00:00+00:00,0.0,-8.464663855289878e-05,-4.232331927644939e-05,-8.464663855289878e-05,-6.348497891467408e-05,-8.464663855289878e-05,-6.348497891467408e-05
2024-09-13 00:00:00+00:00,0.0,8.423340880581165e-06,4.2116704402905825e-06,8.423340880581165e-06,6.317505660435874e-06,8.423340880581165e-06,6.317505660435874e-06
2024-09-14 00:00:00+00:00,-0.0004914937500229574,0.00011671500126175793,-0.00018738937438059975,0.00011671500126175793,-3.533718655942091e-05,0.00011671500126175793,-3.533718655942091e-05
2024-09-15 00:00:00+00:00,-0.0007973426246348966,0.00016183898192134727,-0.00031775182135677465,0.00016183898192134727,-7.795641971771369e-05,0.00016183898192134727,-7.795641971771369e-05
2024-09-16 00:00:00+00:00,-0.0008624865648981177,9.218642976382974e-05,-0.000385150067567144,9.218642976382974e-05,-0.00014648181890165713,9.218642976382974e-05,-0.00014648181890165713
2024-09-17 00:00:00+00:00,-2.7777777777777776e-05,0.0001443139543677585,5.826808829499037e-05,0.0001443139543677585,0.00010129102133137444,0.0001443139543677585,0.00010129102133137444
2024-09-18 00:00:00+00:00,0.0013041409583783457,1.3386163172146581e-05,0.0006587635607752462,1.3386163172146581e-05,0.00033607486197369637,1.3386163172146581e-05,0.00033607486197369637
2024-09-19 00:00:00+00:00,0.0045766799197023145,0.00010336454902959424,0.0023400222343659544,0.00010336454902959424,0.0012216933916977743,0.00010336454902959424,0.0012216933916977743
2024-09-20 00:00:00+00:00,0.00332267510499496,0.00013340185309718144,0.0017280384790460707,0.00013340185309718144,0.0009307201660716261,0.00013340185309718144,0.0009307201660716261
2024-09-21 00:00:00+00:00,0.0023434623923349975,0.00019726514473794587,0.0012703637685364717,0.00019726514473794587,0.0007338144566372088,0.00019726514473794587,0.0007338144566372088
2024-09-22 00:00:00+00:00,-0.0029779127595545795,0.0001245812449623962,-0.0014266657572960916,0.0001245812449623962,-0.0006510422561668477,0.0001245812449623962,-0.0006510422561668477
2024-09-23 00:00:00+00:00,-0.0004113737656407656,0.00017710308196350333,-0.00011713534183863114,0.00017710308196350333,2.9983870062436093e-05,0.00017710308196350333,2.9983870062436093e-05
2024-09-24 00:00:00+00:00,0.004665177198338032,0.00017158765616920313,0.0024183824272536176,0.00017158765616920313,0.0012949850417114104,0.00017158765616920313,0.0012949850417114104
2024-09-25 00:00:00+00:00,-0.0046361887600393035,0.00020705304414381231,-0.0022145678579477456,0.00020705304414381231,-0.0010037574069019666,0.00020705304414381231,-0.0010037574069019666
2024-09-26 00:00:00+00:00,0.008122697850034654,0.0001870463984443571,0.004154872124239505,0.0001870463984443571,0.0021709592613419313,0.0001870463984443571,0.0021709592613419313
2024-09-27 00:00:00+00:00,0.006276554079291359,0.000318602560077208,0.0032975783196842836,0.00577655407929136,0.004537066199487821,0.000318602560077208,0.0018080904398807458
2024-09-28 00:00:00+00:00,-0.0015104178842035114,0.00017048227878757594,-0.0006699678027079677,-0.0015104178842035114,-0.0010901928434557395,0.00017048227878757594,-0.0002497427619601959
2024-09-29 00:00:00+00:00,0.0001960503343033383,0.0002292593203905291,0.0002126548273469337,0.0001960503343033383,0.000204352580825136,0.0002292593203905291,0.0002209570738687314
2024-09-30 00:00:00+00:00,-0.018253286294254153,0.00020392993469675602,-0.009024678179778698,-0.018253286294254153,-0.013638982237016425,0.00020392993469675602,-0.004410374122540971
2024-10-01 00:00:00+00:00,-0.020861987157986314,0.0002446250442322828,-0.010308681056877015,-0.0002553749557677172,-0.0052820280063223665,0.0002446250442322828,-0.005032028006322366
2024-10-02 00:00:00+00:00,-0.010083176608444511,0.00015374838608983588,-0.004964714111177338,0.00015374838608983588,-0.002405482862543751,0.00015374838608983588,-0.002405482862543751
2024-10-03 00:00:00+00:00,-0.0039797136388925,0.00011356765764047871,-0.0019330729906260106,0.00011356765764047871,-0.0009097526664927659,0.00011356765764047871,-0.0009097526664927659
2024-10-04 00:00:00+00:00,0.015416431000921008,9.906599464781785e-05,0.007757748497784413,9.906599464781785e-05,0.003928407246216115,9.906599464781785e-05,0.003928407246216115
2024-10-05 00:00:00+00:00,-0.0011557081169753481,0.0001151187339698545,-0.0005202946915027468,0.0001151187339698545,-0.00020258797876644615,0.0001151187339698545,-0.00020258797876644615
2024-10-06 00:00:00+00:00,0.009069071400934893,0.00016246160175503732,0.004615766501344965,0.008569071400934892,0.006592418951139928,0.00016246160175503732,0.002389114051550001
2024-10-07 00:00:00+00:00,-0.007696650109957372,0.000231526110696878,-0.003732561999630247,-0.007696650109957372,-0.00571460605479381,0.000231526110696878,-0.0017505179444666846
2024-10-08 00:00:00+00:00,-0.0004940961222885829,1.2763218918854236e-05,-0.00024066645168486432,-0.0004940961222885829,-0.0003673812869867236,1.2763218918854236e-05,-0.00011395161638300504
2024-10-09 00:00:00+00:00,-0.013247141456932033,1.8885626853704096e-05,-0.006614127915039164,-0.013247141456932033,-0.009930634685985599,1.8885626853704096e-05,-0.00329762114409273
2024-10-10 00:00:00+00:00,-0.0011459341278476332,-1.0838071409113859e-05,-0.0005783860996283735,-0.0005108380714091139,-0.0005446120855187437,-1.0838071409113859e-05,-0.0002946120855187437
2024-10-11 00:00:00+00:00,0.015304136425261544,1.719876499306494e-05,0.0076606675951273046,1.719876499306494e-05,0.0038389331800601847,1.719876499306494e-05,0.0038389331800601847
2024-10-12 00:00:00+00:00,0.004740222682154318,0.0001187438112453254,0.0024294832466998217,0.0042402226821543175,0.0033348529644270696,0.0001187438112453254,0.0012741135289725735
2024-10-13 00:00:00+00:00,-0.0006563347021466701,0.00017656986045655465,-0.00023988242084505771,-0.00032343013954344536,-0.0002816562801942515,0.00017656986045655465,-3.165628019425153e-05
2024-10-14 00:00:00+00:00,0.02603663160008987,0.0001482555672063235,0.013092443583648097,0.0001482555672063235,0.00662034957542721,0.0001482555672063235,0.00662034957542721
2024-10-15 00:00:00+00:00,0.00016787111628553515,0.00014188213356725043,0.00015487662492639278,-0.0003321288837144649,-8.862612939403603e-05,-0.0003321288837144649,-8.862612939403603e-05
2024-10-16 00:00:00+00:00,0.0019518000948924707,0.0002194611862063045,0.0010856306405493876,0.0019518000948924707,0.0015187153677209291,0.0019518000948924707,0.0015187153677209291
2024-10-17 00:00:00+00:00,-0.005151108753628061,0.00018547016474412814,-0.0024828192944419663,-0.005151108753628061,-0.0038169640240350135,-0.005151108753628061,-0.0038169640240350135
2024-10-18 00:00:00+00:00,0.01061338457704354,0.00022004636447325865,0.005416715470758399,0.01061338457704354,0.008015050023900969,0.01061338457704354,0.008015050023900969
2024-10-19 00:00:00+00:00,0.005366693820508024,0.00022247509441641888,0.0027945844574622214,0.005366693820508024,0.0040806391389851225,0.005366693820508024,0.0040806391389851225
2024-10-20 00:00:00+00:00,0.016806656466544098,0.0002298768660100592,0.008518266666277079,0.016806656466544098,0.012662461566410588,0.016806656466544098,0.012662461566410588
2024-10-21 00:00:00+00:00,-0.012748793398621621,0.00024620713457190746,-0.006251293132024857,-0.012748793398621621,-0.009500043265323239,-0.012748793398621621,-0.009500043265323239
2024-10-22 00:00:00+00:00,-0.0011188951114652838,0.00019831735309527865,-0.00046028887918500257,-0.00030168264690472136,-0.00038098576304486197,-0.0011188951114652838,-0.0007895919953251431
2024-10-23 00:00:00+00:00,-0.0030130084134266343,0.00020941191700596384,-0.0014017982482103352,0.00020941191700596384,-0.0005961931656021857,-0.0030130084134266343,-0.0022074033308184847
2024-10-24 00:00:00+00:00,0.014838523666372281,0.0001880376521519178,0.0075132806592620996,0.0001880376521519178,0.0038506591557070087,0.014838523666372281,0.01117590216281719
2024-10-25 00:00:00+00:00,-0.02360856514715541,0.00015905887445266664,-0.011724753136351372,0.00015905887445266664,-0.005782847130949353,-0.02360856514715541,-0.01766665914175339
2024-10-26 00:00:00+00:00,0.010298658192413856,6.0674529499760155e-05,0.005179666360956808,6.0674529499760155e-05,0.002620170445228284,0.010298658192413856,0.007739162276685332
2024-10-27 00:00:00+00:00,0.011658574850327763,0.00016466320113406319,0.005911619025730913,0.00016466320113406319,0.003038141113432488,0.011658574850327763,0.008785096938029337
2024-10-28 00:00:00+00:00,0.011279416618110327,0.00015470450572818706,0.005717060561919257,0.00015470450572818706,0.002935882533823722,0.011279416618110327,0.008498238590014792
2024-10-29 00:00:00+00:00,0.01765701366643406,0.0001761853034727423,0.008916599484953401,0.0001761853034727423,0.004546392394213072,0.01765701366643406,0.01328680657569373
2024-10-30 00:00:00+00:00,-0.009445138455613731,0.00017058851002182962,-0.004637274972795951,-0.009945138455613732,-0.007291206714204841,-0.009445138455613731,-0.007041206714204841
2024-10-31 00:00:00+00:00,-0.030077004802505414,7.622120587735814e-05,-0.015000391798314028,-0.030077004802505414,-0.02253869830040972,-0.030077004802505414,-0.02253869830040972
2024-11-01 00:00:00+00:00,-0.009363758062089203,9.50546244065098e-05,-0.004634351718841347,-0.009363758062089203,-0.0069990548904652755,-0.009363758062089203,-0.0069990548904652755
2024-11-02 00:00:00+00:00,-0.0012325658408431452,-3.1879585880023598e-06,-0.0006178768997155738,-0.0012325658408431452,-0.0009252213702793595,-0.0012325658408431452,-0.0009252213702793595
2024-11-03 00:00:00+00:00,-0.012645387137734629,6.932324512609611e-05,-0.006288031946304266,-0.012645387137734629,-0.009466709542019447,-0.012645387137734629,-0.009466709542019447
2024-11-04 00:00:00+00:00,-0.019290478634298263,0.00013260837784212498,-0.009578935128228069,-0.019290478634298263,-0.014434706881263165,-0.019290478634298263,-0.014434706881263165
2024-11-05 00:00:00+00:00,0.026254719744085924,3.90615958103524e-05,0.013146890669948138,0.026254719744085924,0.01970080520701703,0.026254719744085924,0.01970080520701703
2024-11-06 00:00:00+00:00,0.08344280369717721,0.0004736151550137624,0.04195820942609549,0.08344280369717721,0.06270050656163635,0.08344280369717721,0.06270050656163635
2024-11-07 00:00:00+00:00,0.03633002645487421,0.0005873911566294243,0.018458708805751817,0.03633002645487421,0.027394367630313013,0.03633002645487421,0.027394367630313013
2024-11-08 00:00:00+00:00,0.015164885157696277,0.0004451385241566186,0.007805011840926448,0.015164885157696277,0.011484948499311363,0.015164885157696277,0.011484948499311363
2024-11-09 00:00:00+00:00,0.016221694498022105,0.0004536939849051347,0.00833769424146362,0.016221694498022105,0.012279694369742862,0.016221694498022105,0.012279694369742862
2024-11-10 00:00:00+00:00,0.03809301441319891,0.0007988944794885544,0.01944595444634373,0.03809301441319891,0.02876948442977132,0.03809301441319891,0.02876948442977132
2024-11-11 00:00:00+00:00,0.06990795047182487,0.0008836821215931767,0.03539581629670902,0.06990795047182487,0.05265188338426695,0.06990795047182487,0.05265188338426695
2024-11-12 00:00:00+00:00,-0.028886883136637842,0.0010649048767217284,-0.013910989129958057,-0.028886883136637842,-0.02139893613329795,-0.028886883136637842,-0.02139893613329795
2024-11-13 00:00:00+00:00,0.009830235295872255,0.0006583203666135073,0.005244277831242881,0.009830235295872255,0.007537256563557568,0.009830235295872255,0.007537256563557568
2024-11-14 00:00:00+00:00,-0.03104841320276851,0.0006103432225053051,-0.015219034990131603,-0.03104841320276851,-0.023133724096450058,-0.03104841320276851,-0.023133724096450058
2024-11-15 00:00:00+00:00,0.03110471213414462,0.0004962365936771462,0.015800474363910882,0.03110471213414462,0.02345259324902775,0.03110471213414462,0.02345259324902775
2024-11-16 00:00:00+00:00,-0.0019580655040082454,0.0005793686225936678,-0.0006893484407072888,-0.0019580655040082454,-0.0013237069723577672,-0.0019580655040082454,-0.0013237069723577672
2024-11-17 00:00:00+00:00,0.02589337150019852,0.0005773537357109948,0.013235362617954757,0.02589337150019852,0.01956436705907664,0.02589337150019852,0.01956436705907664
2024-11-18 00:00:00+00:00,0.01741452817777833,0.0008411174044391512,0.00912782279110874,0.01741452817777833,0.013271175484443534,0.01741452817777833,0.013271175484443534
2024-11-19 00:00:00+00:00,-0.00488867023102768,0.0007212214061131927,-0.0020837244124572436,-0.00488867023102768,-0.0034861973217424616,-0.00488867023102768,-0.0034861973217424616
2024-11-20 00:00:00+00:00,0.000769104413269427,0.0003728319993463458,0.0005709682063078864,0.000769104413269427,0.0006700363097886567,0.000769104413269427,0.0006700363097886567
2024-11-21 00:00:00+00:00,0.06968357738310879,0.0005037745454932185,0.035093675964301005,0.06968357738310879,0.0523886266737049,0.06968357738310879,0.0523886266737049
2024-11-22 00:00:00+00:00,0.00031798701392635507,0.0007964515452707488,0.000557219279598552,0.00031798701392635507,0.0004376031467624535,0.00031798701392635507,0.0004376031467624535
2024-11-23 00:00:00+00:00,-0.0011988708863337222,0.001141110197268036,-2.8880344532843127e-05,-0.0011988708863337222,-0.0006138756154332827,-0.0011988708863337222,-0.0006138756154332827
2024-11-24 00:00:00+00:00,-0.004725046132631256,0.0007148654166291291,-0.0020050903580010634,-0.004725046132631256,-0.0033650682453161595,-0.004725046132631256,-0.0033650682453161595
2024-11-25 00:00:00+00:00,-0.0367118849082387,0.0006955926073426433,-0.018008146150448028,-0.0367118849082387,-0.027360015529343362,-0.0367118849082387,-0.027360015529343362
2024-11-26 00:00:00+00:00,-0.016014480725445947,0.00037033157901711355,-0.007822074573214417,-0.016014480725445947,-0.011918277649330181,-0.016014480725445947,-0.011918277649330181
2024-11-27 00:00:00+00:00,0.05786285264340615,0.0007276095150325901,0.02929523107921937,0.05786285264340615,0.043579041861312756,0.05786285264340615,0.043579041861312756
2024-11-28 00:00:00+00:00,-0.012446093445447287,0.000530105118843327,-0.00595799416330198,-0.012446093445447287,-0.009202043804374633,-0.012446093445447287,-0.009202043804374633
2024-11-29 00:00:00+00:00,0.015423816141456331,0.0008744017994219977,0.008149108970439165,0.015423816141456331,0.011786462555947747,0.015423816141456331,0.011786462555947747
2024-11-30 00:00:00+00:00,-0.002833967955312024,0.0010300187943264039,-0.0009019745804928101,-0.002833967955312024,-0.0018679712679024172,-0.002833967955312024,-0.0018679712679024172
2024-12-01 00:00:00+00:00,0.0018655802202864398,0.000740480622715145,0.0013030304215007923,0.0018655802202864398,0.0015843053208936162,0.0018655802202864398,0.0015843053208936162
2024-12-02 00:00:00+00:00,-0.02501770168238129,0.0008639270292873924,-0.012076887326546949,-0.02501770168238129,-0.01854729450446412,-0.02501770168238129,-0.01854729450446412
2024-12-03 00:00:00+00:00,0.00993681782993615,0.0009932933239606978,0.005465055576948424,0.00993681782993615,0.007700936703442287,0.00993681782993615,0.007700936703442287
2024-12-04 00:00:00+00:00,0.01988337305217211,0.0010967801232668606,0.010490076587719485,0.01988337305217211,0.015186724819945797,0.01988337305217211,0.015186724819945797
2024-12-05 00:00:00+00:00,0.0003737449846684052,0.0012882221255996473,0.0008309835551340263,0.0003737449846684052,0.0006023642699012157,0.0003737449846684052,0.0006023642699012157
2024-12-06 00:00:00+00:00,0.02985519803695927,0.001288428229210048,0.015571813133084658,0.02985519803695927,0.022713505585021963,0.02985519803695927,0.022713505585021963
2024-12-07 00:00:00+00:00,0.0018709239727130456,0.0012966535493763587,0.0015837887610447021,0.0018709239727130456,0.0017273563668788738,0.0018709239727130456,0.0017273563668788738
2024-12-08 00:00:00+00:00,0.0033595868339790047,0.001068308651470451,0.002213947742724728,0.0033595868339790047,0.002786767288351866,0.0033595868339790047,0.002786767288351866
2024-12-09 00:00:00+00:00,-0.06563294871042198,0.0005460086645370232,-0.03254347002294248,-0.06563294871042198,-0.049088209366682234,-0.06563294871042198,-0.049088209366682234
2024-12-10 00:00:00+00:00,-0.014525000127694457,0.0003412583134851932,-0.007091870907104632,-0.014525000127694457,-0.010808435517399545,-0.014525000127694457,-0.010808435517399545
2024-12-11 00:00:00+00:00,0.05570481884022337,0.0002979689454813972,0.028001393892852385,0.05570481884022337,0.04185310636653788,0.05570481884022337,0.04185310636653788
2024-12-12 00:00:00+00:00,0.00015405221036390835,0.000524809223481304,0.0003394307169226062,0.00015405221036390835,0.0002467414636432572,0.00015405221036390835,0.0002467414636432572
2024-12-13 00:00:00+00:00,0.0037091366381569357,0.0004050020115964337,0.0020570693248766845,0.0037091366381569357,0.0028831029815168103,0.0037091366381569357,0.0028831029815168103
2024-12-14 00:00:00+00:00,-0.010335775405652963,0.000340022562453246,-0.004997876421599858,-0.010335775405652963,-0.007666825913626411,-0.010335775405652963,-0.007666825913626411
2024-12-15 00:00:00+00:00,0.024230424694381778,0.00041405190102716816,0.012322238297704473,0.024230424694381778,0.018276331496043127,0.024230424694381778,0.018276331496043127
2024-12-16 00:00:00+00:00,-0.004635035059468496,0.0006068551691928992,-0.0020140899451377985,-0.004635035059468496,-0.0033245625023031475,-0.004635035059468496,-0.0033245625023031475
2024-12-17 00:00:00+00:00,0.003171286359699543,0.0004736103702316363,0.0018224483649655896,0.003171286359699543,0.002496867362332566,0.003171286359699543,0.002496867362332566
2024-12-18 00:00:00+00:00,-0.062133700315870455,0.00030622665025004103,-0.030913736832810207,-0.062133700315870455,-0.04652371857434033,-0.062133700315870455,-0.04652371857434033
2024-12-19 00:00:00+00:00,-0.04551143827808366,0.00015511009741864257,-0.02267816409033251,-0.00034488990258135744,-0.011511526996456934,-0.04551143827808366,-0.03409480118420809
2024-12-20 00:00:00+00:00,0.007300359997941969,0.00010621642661767794,0.0037032882122798234,0.00010621642661767794,0.0019047523194487507,-0.00039378357338232207,0.0016547523194487507
2024-12-21 00:00:00+00:00,-0.029434493770592877,6.843439243309213e-05,-0.014683029689079892,6.843439243309213e-05,-0.0073072976483234,6.843439243309213e-05,-0.0073072976483234
2024-12-22 00:00:00+00:00,-0.011956096970808613,0.00011735276329361,-0.005919372103757502,0.00011735276329361,-0.002901009670231946,0.00011735276329361,-0.002901009670231946
2024-12-23 00:00:00+00:00,0.02282492370554229,0.00011726340326800866,0.01147109355440515,0.00011726340326800866,0.005794178478836579,0.00011726340326800866,0.005794178478836579
2024-12-24 00:00:00+00:00,0.026084732242372097,9.135024553241777e-05,0.013088041243952258,9.135024553241777e-05,0.006589695744742338,9.135024553241777e-05,0.006589695744742338
2024-12-25 00:00:00+00:00,0.0033193591728851945,0.0001969029530859423,0.0017581310629855684,0.0001969029530859423,0.0009775170080357555,0.0001969029530859423,0.0009775170080357555
2024-12-26 00:00:00+00:00,-0.03774042454746417,7.523652481533638e-05,-0.018832594011324418,7.523652481533638e-05,-0.009378678743254541,7.523652481533638e-05,-0.009378678743254541
2024-12-27 00:00:00+00:00,-0.010349441968948834,0.00010488243031403499,-0.005122279769317399,0.00010488243031403499,-0.002508698669501682,0.00010488243031403499,-0.002508698669501682
2024-12-28 00:00:00+00:00,0.021199017261349654,0.0001563039509893116,0.010677660606169483,0.0001563039509893116,0.005416982278579397,0.0001563039509893116,0.005416982278579397
2024-12-29 00:00:00+00:00,-0.01397450094456186,9.094636920936594e-05,-0.006941777287676247,9.094636920936594e-05,-0.0034254154592334406,9.094636920936594e-05,-0.0034254154592334406
2024-12-30 00:00:00+00:00,-0.0007641486349432356,0.00023141484725885952,-0.000266366893842188,0.00023141484725885952,-1.7476023291664245e-05,0.00023141484725885952,-1.7476023291664245e-05
2024-12-31 00:00:00+00:00,-0.002144335887738377,0.00024006152897260158,-0.0009521371793828877,0.00024006152897260158,-0.00035603782520514306,0.00024006152897260158,-0.00035603782520514306
2025-01-01 00:00:00+00:00,0.009750987471835238,0.0002852475784236308,0.005018117525129435,0.0002852475784236308,0.0026516825517765327,0.0002852475784236308,0.0026516825517765327
2025-01-02 00:00:00+00:00,0.02797121109276896,0.00025263141220865926,0.014111921252488809,0.00025263141220865926,0.007182276332348734,0.00025263141220865926,0.007182276332348734
2025-01-03 00:00:00+00:00,0.02356605533940608,0.0002611346255450009,0.01191359498247554,0.0002611346255450009,0.00608736480401027,0.0002611346255450009,0.00608736480401027
2025-01-04 00:00:00+00:00,0.001679003590871004,0.0003024794190229496,0.0009907415049469769,0.0003024794190229496,0.0006466104619849632,0.0003024794190229496,0.0006466104619849632
2025-01-05 00:00:00+00:00,-0.004236035015655913,0.0002481918912646819,-0.0019939215621956156,0.0002481918912646819,-0.0008728648354654669,0.0002481918912646819,-0.0008728648354654669
2025-01-06 00:00:00+00:00,0.016873506380261766,0.0002531360393593918,0.008563321209810579,0.0002531360393593918,0.0044082286245849854,0.0002531360393593918,0.0044082286245849854
2025-01-07 00:00:00+00:00,-0.04917014327939385,0.00024195591497622182,-0.024464093682208813,0.00024195591497622182,-0.012111068883616296,0.00024195591497622182,-0.012111068883616296
2025-01-08 00:00:00+00:00,-0.013074282090274841,0.00022052700205787978,-0.006426877544108481,0.00022052700205787978,-0.0031031752710253004,0.00022052700205787978,-0.0031031752710253004
2025-01-09 00:00:00+00:00,-0.023684983166743917,0.00016883667330347407,-0.011758073246720221,0.00016883667330347407,-0.005794618286708374,0.00016883667330347407,-0.005794618286708374
2025-01-10 00:00:00+00:00,0.010981480501793298,0.00013164268439624927,0.005556561593094774,0.00013164268439624927,0.0028441021387455114,0.00013164268439624927,0.0028441021387455114
2025-01-11 00:00:00+00:00,0.000845966766758395,0.00014397125699083801,0.0004949690118746166,0.00014397125699083801,0.0003194701344327273,0.00014397125699083801,0.0003194701344327273
2025-01-12 00:00:00+00:00,-0.0008359110486025425,0.00019615696319896792,-0.0003198770427017873,0.00019615696319896792,-6.186003975140969e-05,0.00019615696319896792,-6.186003975140969e-05
2025-01-13 00:00:00+00:00,-0.013835073021902655,5.048276629704418e-05,-0.006892295127802805,5.048276629704418e-05,-0.0034209061807528806,5.048276629704418e-05,-0.0034209061807528806
2025-01-14 00:00:00+00:00,0.013828772244141656,0.0001092139930689573,0.006968993118605307,0.0001092139930689573,0.003539103555837132,0.0001092139930689573,0.003539103555837132
2025-01-15 00:00:00+00:00,0.03545595420094499,0.00018465727680272437,0.017820305738873856,0.00018465727680272437,0.00900248150783829,0.00018465727680272437,0.00900248150783829
2025-01-16 00:00:00+00:00,-0.007515156066146018,0.00019974004956413438,-0.0036577080082909417,0.00019974004956413438,-0.0017289839793634037,0.00019974004956413438,-0.0017289839793634037
2025-01-17 00:00:00+00:00,0.024618138676367234,0.0003697437461609443,0.01249394121126409,0.0003697437461609443,0.006431842478712517,0.0003697437461609443,0.006431842478712517
2025-01-18 00:00:00+00:00,0.022846099226298808,0.0002951989553419132,0.01157064909082036,0.0002951989553419132,0.005932924023081137,0.0002951989553419132,0.005932924023081137
2025-01-19 00:00:00+00:00,-0.02496935879268826,0.00037097203745317664,-0.012299193377617541,0.00037097203745317664,-0.005964110670082182,-0.02546935879268826,-0.0188842760851529
2025-01-20 00:00:00+00:00,-0.0034704995185783484,0.0002728860641014741,-0.0015988067272384371,0.0002728860641014741,-0.0006629603315684815,-0.0034704995185783484,-0.0025346531229083927
2025-01-21 00:00:00+00:00,0.02412239254659967,0.0002505171092390679,0.01218645482791937,0.0002505171092390679,0.006218485968579219,0.02412239254659967,0.01815442368725952
2025-01-22 00:00:00+00:00,-0.005553130012427819,0.00030223010015295593,-0.0026254499561374316,-0.0060531300124278195,-0.0043392899842826255,-0.005553130012427819,-0.004089289984282625
2025-01-23 00:00:00+00:00,8.76690438362879e-06,0.0001909949076615014,9.988090602256509e-05,-0.0003090050923384986,-0.00010456209315796677,8.76690438362879e-06,5.432390520309694e-05
2025-01-24 00:00:00+00:00,0.0020185523866299566,0.00021465010010190966,0.0011166012433659331,0.00021465010010190966,0.0006656256717339214,0.0020185523866299566,0.0015675768149979448
2025-01-25 00:00:00+00:00,0.004043444256209616,0.00017883642607441352,0.002111140341142015,0.00017883642607441352,0.0011449883836082142,0.004043444256209616,0.0030772922986758156
2025-01-26 00:00:00+00:00,-0.03177814755202135,0.00022015641376427197,-0.01577899556912854,0.00022015641376427197,-0.007779419577682134,-0.03177814755202135,-0.023778571560574946
2025-01-27 00:00:00+00:00,-0.010838846952893298,-0.00010835448777646306,-0.005473600720334881,-0.00010835448777646306,-0.002790977604055672,-0.010838846952893298,-0.00815622383661409
2025-01-28 00:00:00+00:00,-0.017184122956828075,1.0943514909156349e-05,-0.00858658972095946,1.0943514909156349e-05,-0.004287823103025151,-0.017184122956828075,-0.012885356338893768
2025-01-29 00:00:00+00:00,0.010511154597260432,6.462927268491292e-05,0.0052878919349726725,6.462927268491292e-05,0.0026762606038287927,0.010511154597260432,0.007899523266116553
2025-01-30 00:00:00+00:00,0.02030081549588647,0.00015416926989142432,0.010227492382888947,0.01980081549588647,0.015014153939387709,0.02030081549588647,0.015264153939387709
2025-01-31 00:00:00+00:00,-0.01464140832712165,0.00022179536432220814,-0.007209806481399721,-0.01464140832712165,-0.010925607404260686,-0.01464140832712165,-0.010925607404260686
2025-02-01 00:00:00+00:00,-0.038964787774313864,0.00018276590490895472,-0.019391010934702455,-0.0003172340950910453,-0.00985412251489675,-0.038964787774313864,-0.02917789935450816
2025-02-02 00:00:00+00:00,-0.03099688690276048,-9.144061290844441e-05,-0.015544163757834462,-9.144061290844441e-05,-0.007817802185371453,-0.0005914406129084444,-0.008067802185371453
2025-02-03 00:00:00+00:00,0.022508353073617107,-0.0002603201618538442,0.011124016455881632,-0.0002603201618538442,0.005431848147013894,-0.0002603201618538442,0.005431848147013894
2025-02-04 00:00:00+00:00,-0.027426692834605238,-0.00023287266526150763,-0.013829782749933373,-0.00023287266526150763,-0.00703132770759744,-0.00023287266526150763,-0.00703132770759744
2025-02-05 00:00:00+00:00,-0.011663129942433932,-3.24671333719051e-05,-0.005847798537902919,-3.24671333719051e-05,-0.002940132835637412,-3.24671333719051e-05,-0.002940132835637412
2025-02-06 00:00:00+00:00,-0.007805529667662205,-7.577488672350086e-05,-0.003940652277192853,-7.577488672350086e-05,-0.002008213581958177,-7.577488672350086e-05,-0.002008213581958177
2025-02-07 00:00:00+00:00,0.0007103137995641242,-4.667037993710821e-05,0.000331821709813508,-4.667037993710821e-05,0.0001425756649381999,-4.667037993710821e-05,0.0001425756649381999
2025-02-08 00:00:00+00:00,0.006376273868110888,-0.0001222888093397323,0.003126992529385578,-0.0001222888093397323,0.0015023518600229227,-0.0001222888093397323,0.0015023518600229227
2025-02-09 00:00:00+00:00,0.0008464898279755951,-6.461681808389574e-05,0.00039093650494584966,-6.461681808389574e-05,0.00016315984343097696,-6.461681808389574e-05,0.00016315984343097696
2025-02-10 00:00:00+00:00,0.002921566055561002,-1.4204267480000254e-06,0.001460072814406501,-1.4204267480000254e-06,0.0007293261938292505,-1.4204267480000254e-06,0.0007293261938292505
2025-02-11 00:00:00+00:00,-0.0070794383089666105,-0.00011645724596975882,-0.0035979477774681847,-0.00011645724596975882,-0.0018572025117189717,-0.00011645724596975882,-0.0018572025117189717
2025-02-12 00:00:00+00:00,0.0067561131569616245,5.387338399809316e-05,0.003404993270479859,5.387338399809316e-05,0.001729433327238976,5.387338399809316e-05,0.001729433327238976
2025-02-13 00:00:00+00:00,-0.005587478081140625,5.8815983670523764e-05,-0.002764331048735051,5.8815983670523764e-05,-0.0013527575325322635,5.8815983670523764e-05,-0.0013527575325322635
2025-02-14 00:00:00+00:00,0.006032426918186518,0.00010183632593530056,0.003067131622060909,0.00010183632593530056,0.0015844839739981049,0.00010183632593530056,0.0015844839739981049
2025-02-15 00:00:00+00:00,-0.001976075389142283,-2.7046064525526603e-05,-0.0010015607268339048,-2.7046064525526603e-05,-0.0005143033956797157,-2.7046064525526603e-05,-0.0005143033956797157
2025-02-16 00:00:00+00:00,-0.004905959845648356,-2.761555350616618e-05,-0.002466787699577261,-2.761555350616618e-05,-0.0012472016265417136,-2.761555350616618e-05,-0.0012472016265417136
2025-02-17 00:00:00+00:00,-0.0020304326434867096,7.740066656536371e-05,-0.000976515988460673,-0.0025304326434867097,-0.0017534743159736913,7.740066656536371e-05,-0.00044955766094765463
2025-02-18 00:00:00+00:00,-0.004216503066218945,-8.183543071627053e-05,-0.002149169248467608,-0.004216503066218945,-0.0031828361573432765,-8.183543071627053e-05,-0.0011155023395919392
2025-02-19 00:00:00+00:00,0.0024710770854639696,-0.00018474899166576186,0.0011431640468991039,-0.0006847489916657619,0.000229207527616671,-0.00018474899166576186,0.000479207527616671
2025-02-20 00:00:00+00:00,0.0036852803353011024,1.5919090553984105e-05,0.0018505997129275433,1.5919090553984105e-05,0.0009332594017407637,1.5919090553984105e-05,0.0009332594017407637
2025-02-21 00:00:00+00:00,-0.006178478633320528,2.4347746984565433e-05,-0.0030770654431679814,-0.006678478633320528,-0.004877772038244255,2.4347746984565433e-05,-0.001526358848091708
2025-02-22 00:00:00+00:00,0.0035463952031373138,5.975663951085508e-05,0.0018030759213240844,0.0035463952031373138,0.002674735562230699,5.975663951085508e-05,0.0009314162804174697
2025-02-23 00:00:00+00:00,-0.0003944625560415643,-3.738850394063853e-05,-0.0002159255299911014,-0.0003944625560415643,-0.00030519404301633285,-3.738850394063853e-05,-0.00012665701696586997
2025-02-24 00:00:00+00:00,-0.020135263484248742,-1.912342026555436e-05,-0.010077193452257148,-0.020135263484248742,-0.015106228468252946,-1.912342026555436e-05,-0.005048158436261351
2025-02-25 00:00:00+00:00,-0.0011774719326767575,-7.557273665936837e-05,-0.0006265223346680629,-0.0011774719326767575,-0.0009019971336724102,-7.557273665936837e-05,-0.00035104753566371564
2025-02-26 00:00:00+00:00,-0.009790353125849964,-0.0001012632884793696,-0.004945808207164667,-0.009790353125849964,-0.007368080666507315,-0.0001012632884793696,-0.002523535747822018
2025-02-27 00:00:00+00:00,0.0005899745201302345,-7.821583429146184e-05,0.00025587934291938634,0.0005899745201302345,0.0004229269315248104,-7.821583429146184e-05,8.883175431396225e-05
2025-02-28 00:00:00+00:00,0.00231337158398889,-0.00013456369084541286,0.0010894039465717386,0.00231337158398889,0.0017013877652803143,-0.00013456369084541286,0.00047742012786316287
2025-03-01 00:00:00+00:00,-0.0010668837574262142,-8.491775698948878e-05,-0.0005759007572078515,-0.0010668837574262142,-0.0008213922573170329,-8.491775698948878e-05,-0.00033040925709867014
2025-03-02 00:00:00+00:00,0.018823318991669852,2.3480934232988915e-05,0.00942339996295142,0.018823318991669852,0.014123359477310637,2.3480934232988915e-05,0.004723440448592205
2025-03-03 00:00:00+00:00,-0.01610599115284317,8.940591535355757e-05,-0.008008292618744806,-0.00041059408464644244,-0.004209443351695624,8.940591535355757e-05,-0.003959443351695624
2025-03-04 00:00:00+00:00,0.0017116786198930016,-0.00038307409901638945,0.0006643022604383061,0.0012116786198930016,0.0009379904401656538,-0.00038307409901638945,0.00014061408071095832
2025-03-05 00:00:00+00:00,0.002687476222778762,-0.0001361782403008771,0.0012756489912389424,0.002687476222778762,0.001981562607008852,-0.0001361782403008771,0.0005697353754690326
2025-03-06 00:00:00+00:00,-0.0015413140021333955,-0.00014246652623028933,-0.0008418902641818424,-0.0015413140021333955,-0.001191602133157619,-0.00014246652623028933,-0.0004921783952060658
2025-03-07 00:00:00+00:00,-0.003453275753558366,1.7424521375097868e-05,-0.001717925616091634,-0.00048257547862490214,-0.0011002505473582682,1.7424521375097868e-05,-0.0008502505473582681
2025-03-08 00:00:00+00:00,-0.0013193457867438701,-5.983645726193032e-05,-0.0006895911220029002,-5.983645726193032e-05,-0.00037471378963241527,-5.983645726193032e-05,-0.00037471378963241527
2025-03-09 00:00:00+00:00,-0.007793721448144349,-9.49800833438541e-05,-0.003944350765744101,-0.008293721448144348,-0.006119036106944226,-9.49800833438541e-05,-0.0020196654245439776
2025-03-10 00:00:00+00:00,-0.005068121579097596,-5.560874951071604e-05,-0.002561865164304156,-0.005068121579097596,-0.0038149933717008763,-5.560874951071604e-05,-0.0013087369569074361
2025-03-11 00:00:00+00:00,0.006366545718298409,-0.000199723574193178,0.0030834110720526155,0.006366545718298409,0.0047249783951755124,-0.000199723574193178,0.0014418437489297187
2025-03-12 00:00:00+00:00,0.0010633594987906367,-4.207637681941101e-05,0.0005106415609856128,0.0010633594987906367,0.0007870005298881247,-4.207637681941101e-05,0.0002342825920831009
2025-03-13 00:00:00+00:00,-0.003128439203021157,-8.297800985379578e-05,-0.0016057086064374764,-0.003128439203021157,-0.0023670739047293166,-8.297800985379578e-05,-0.0008443433081456361
2025-03-14 00:00:00+00:00,0.0019360954798190967,-1.9785745306366564e-05,0.000958154867256365,0.0019360954798190967,0.001447125173537731,-1.9785745306366564e-05,0.00046918456097499924
2025-03-15 00:00:00+00:00,0.00023499408876484184,-0.00013041099019339697,5.2291549285722434e-05,0.00023499408876484184,0.00014364281902528214,-0.00013041099019339697,-3.905972045383727e-05
2025-03-16 00:00:00+00:00,-0.0011619256889266645,-0.00014522453634580046,-0.0006535751126362325,-0.0006452245363458005,-0.0006493998244910164,-0.00014522453634580046,-0.00039939982449101646
2025-03-17 00:00:00+00:00,0.0009657941740631109,-2.8947702298554034e-06,0.00048144970191662774,0.0004657941740631109,0.0004736219379898693,-2.8947702298554034e-06,0.00023927746584338617
2025-03-18 00:00:00+00:00,-0.000856379225723933,-4.288714582900699e-05,-0.00044963318577647,-0.000856379225723933,-0.0006530062057502015,-4.288714582900699e-05,-0.0002462601658027385
2025-03-19 00:00:00+00:00,0.002774525983971715,-0.00011273788289334341,0.001330894050539186,0.002774525983971715,0.0020527100172554507,-0.00011273788289334341,0.0006090780838229212
2025-03-20 00:00:00+00:00,-0.0016776515082020198,-3.558747684984098e-05,-0.0008566194925259304,-0.000535587476849841,-0.0006961034846878857,-3.558747684984098e-05,-0.0004461034846878857
2025-03-21 00:00:00+00:00,-8.878504864002889e-05,-8.70464832768425e-05,-8.791576595843569e-05,-8.70464832768425e-05,-8.74811246176391e-05,-8.70464832768425e-05,-8.74811246176391e-05
2025-03-22 00:00:00+00:00,-0.00016398010827469966,-9.446980665384075e-05,-0.0001292249574642702,-9.446980665384075e-05,-0.00011184738205905547,-9.446980665384075e-05,-0.00011184738205905547
2025-03-23 00:00:00+00:00,0.0014855639202390563,3.050826264039408e-05,0.0007580360914397252,0.0009855639202390562,0.0008718000058393907,3.050826264039408e-05,0.0003942721770400596
2025-03-24 00:00:00+00:00,0.0009136325940554505,-3.132508689229763e-05,0.00044115375358157644,-0.0005313250868922976,-4.50856666553606e-05,-3.132508689229763e-05,0.0002049143333446394
2025-03-25 00:00:00+00:00,-6.685219945704961e-05,4.6970870339224646e-05,-9.94066455891248e-06,4.6970870339224646e-05,1.8515102890156083e-05,4.6970870339224646e-05,1.8515102890156083e-05
2025-03-26 00:00:00+00:00,-0.00030748758133497534,2.9725622890053316e-05,-0.000138880979222461,2.9725622890053316e-05,-5.457767816620385e-05,2.9725622890053316e-05,-5.457767816620385e-05
2025-03-27 00:00:00+00:00,0.0002063712673306591,-7.400950146307927e-05,6.618088293378992e-05,-7.400950146307927e-05,-3.914309264644679e-06,-7.400950146307927e-05,-3.914309264644679e-06
2025-03-28 00:00:00+00:00,-0.0017880987087703665,-8.350389860012353e-05,-0.000935801303685245,-8.350389860012353e-05,-0.0005096526011426842,-8.350389860012353e-05,-0.0005096526011426842
2025-03-29 00:00:00+00:00,-0.00236496468463521,-0.0002517929033686306,-0.0013083787940019202,-0.0002517929033686306,-0.0007800858486852754,-0.0002517929033686306,-0.0007800858486852754
2025-03-30 00:00:00+00:00,-0.0002015726069288823,-0.00019401259912221747,-0.00019779260302554987,-0.00019401259912221747,-0.00019590260107388367,-0.00019401259912221747,-0.00019590260107388367
2025-03-31 00:00:00+00:00,0.00010790145744646009,-6.88569387650162e-05,1.9522259340721946e-05,-6.88569387650162e-05,-2.4667339712147125e-05,-6.88569387650162e-05,-2.4667339712147125e-05
2025-04-01 00:00:00+00:00,0.001755387094710496,-0.0001418879508110482,0.0008067495719497239,-0.0001418879508110482,0.0003324308105693378,-0.0001418879508110482,0.0003324308105693378
2025-04-02 00:00:00+00:00,-0.0017236192668334722,3.563938515038778e-05,-0.0008439899408415422,3.563938515038778e-05,-0.0004041752778455772,3.563938515038778e-05,-0.0004041752778455772
2025-04-03 00:00:00+00:00,0.000469132956790852,-0.00019934033286606034,0.00013489631196239582,-0.00019934033286606034,-3.222201045183226e-05,-0.00019934033286606034,-3.222201045183226e-05
2025-04-04 00:00:00+00:00,0.0004518386336679583,-0.00014637077091872452,0.0001527339313746169,-0.00014637077091872452,3.1815802279461838e-06,-0.00014637077091872452,3.1815802279461838e-06
2025-04-05 00:00:00+00:00,-0.0002330303872075174,9.210152321248444e-06,-0.00011191011744313447,9.210152321248444e-06,-5.1349982560943014e-05,9.210152321248444e-06,-5.1349982560943014e-05
2025-04-06 00:00:00+00:00,-0.003396984081400841,-5.1355208938619334e-05,-0.0017241696451697301,-5.1355208938619334e-05,-0.0008877624270541747,-5.1355208938619334e-05,-0.0008877624270541747
2025-04-07 00:00:00+00:00,0.0005193874226132353,-6.639893973758859e-05,0.00022649424143782334,-6.639893973758859e-05,8.004765085011737e-05,-6.639893973758859e-05,8.004765085011737e-05
2025-04-08 00:00:00+00:00,-2.7777777777777776e-05,-0.00015041166019280627,-8.909471898529202e-05,-0.00015041166019280627,-0.00011975318958904915,-0.00015041166019280627,-0.00011975318958904915
2025-04-09 00:00:00+00:00,0.0,-9.787025296636997e-05,-4.893512648318499e-05,-9.787025296636997e-05,-7.340268972477748e-05,-9.787025296636997e-05,-7.340268972477748e-05
2025-04-10 00:00:00+00:00,-0.004990207740618813,-0.00016253555091616523,-0.002576371645767489,-0.00016253555091616523,-0.0013694535983418271,-0.005490207740618813,-0.004033289693193151
2025-04-11 00:00:00+00:00,-5.555555555555555e-05,-3.53835055674212e-05,-4.5469530561488374e-05,-3.53835055674212e-05,-4.042651806445479e-05,-0.0005353835055674212,-0.0002904265180644548
2025-04-12 00:00:00+00:00,0.0,-4.152845992644316e-05,-2.076422996322158e-05,-4.152845992644316e-05,-3.114634494483237e-05,-4.152845992644316e-05,-3.114634494483237e-05
2025-04-13 00:00:00+00:00,-0.0026654049016184103,-0.00014461171270307993,-0.001405008307160745,-0.00014461171270307993,-0.0007748100099319125,-0.00014461171270307993,-0.0007748100099319125
2025-04-14 00:00:00+00:00,-5.555555555555555e-05,-0.00031635405772356684,-0.0001859548066395612,-0.00031635405772356684,-0.00025115443218156404,-0.00031635405772356684,-0.00025115443218156404
2025-04-15 00:00:00+00:00,-0.000650107906720737,-0.00022738503704700097,-0.000438746471883869,-0.00022738503704700097,-0.000333065754465435,-0.00022738503704700097,-0.000333065754465435
2025-04-16 00:00:00+00:00,0.00025663662279993036,-0.00015162944366708953,5.250358956642042e-05,-0.00015162944366708953,-4.956292705033455e-05,-0.00015162944366708953,-4.956292705033455e-05
2025-04-17 00:00:00+00:00,0.002059413874549143,-8.396221126572012e-05,0.0009877258316417115,-8.396221126572012e-05,0.0004518818101879957,-8.396221126572012e-05,0.0004518818101879957
2025-04-18 00:00:00+00:00,-0.0006349965622351029,-2.9688306512953844e-05,-0.00033234243437402835,-2.9688306512953844e-05,-0.0001810153704434911,-2.9688306512953844e-05,-0.0001810153704434911
2025-04-19 00:00:00+00:00,-5.555555555555555e-05,-0.0001420099675959463,-9.878276157575093e-05,-0.0001420099675959463,-0.00012039636458584862,-0.0001420099675959463,-0.00012039636458584862
2025-04-20 00:00:00+00:00,-0.0007871594257511444,-4.821424529322105e-05,-0.0004176868355221827,-4.821424529322105e-05,-0.00023295054040770188,-4.821424529322105e-05,-0.00023295054040770188
2025-04-21 00:00:00+00:00,0.0019451432070123524,-0.0001426756031965848,0.0009012338019078838,-0.0001426756031965848,0.0003792790993556495,-0.0001426756031965848,0.0003792790993556495
2025-04-22 00:00:00+00:00,0.017475504682213507,-9.315536005993774e-05,0.008691174661076785,-9.315536005993774e-05,0.0042990096505084235,-9.315536005993774e-05,0.0042990096505084235
2025-04-23 00:00:00+00:00,0.0020200249697464776,-8.11388408472613e-06,0.0010059555428308757,-8.11388408472613e-06,0.0004989208293730748,0.0015200249697464776,0.0012629902562886766
2025-04-24 00:00:00+00:00,0.0014094513045165907,-6.641085125957957e-05,0.0006715202266285056,-6.641085125957957e-05,0.000302554687684463,0.0014094513045165907,0.0010404857655725481
2025-04-25 00:00:00+00:00,-0.0004818727681297578,-0.00020966575783376573,-0.0003457692629817618,-0.00020966575783376573,-0.00027771751040776377,-0.0004818727681297578,-0.0004138210155557598
2025-04-26 00:00:00+00:00,-0.001853526731770478,-0.00021020135661453665,-0.0010318640441925073,-0.00021020135661453665,-0.000621032700403522,-0.001853526731770478,-0.0014426953879814928
2025-04-27 00:00:00+00:00,-0.002921541730013244,2.2200696200957992e-05,-0.001449670516906143,2.2200696200957992e-05,-0.0007137349103525925,-0.002921541730013244,-0.0021856061234596935
2025-04-28 00:00:00+00:00,0.002085680007009908,-8.451728869263153e-05,0.0010005813591586383,0.0015856800070099082,0.0012931306830842734,0.002085680007009908,0.0015431306830842734
2025-04-29 00:00:00+00:00,-0.0030481205293293643,0.0001180596061014505,-0.0014650304616139569,-0.0030481205293293643,-0.0022565754954716605,-0.0030481205293293643,-0.0022565754954716605
2025-04-30 00:00:00+00:00,0.0007563316348197852,1.3074546751479232e-05,0.00038470309078563223,0.0007563316348197852,0.0005705173628027088,0.0007563316348197852,0.0005705173628027088
2025-05-01 00:00:00+00:00,0.007813584458271624,0.00010497021206123947,0.003959277335166432,0.007813584458271624,0.005886430896719028,0.007813584458271624,0.005886430896719028
2025-05-02 00:00:00+00:00,-0.0013081915360659156,4.243376971402313e-05,-0.0006328788831759462,-0.0013081915360659156,-0.0009705352096209309,-0.0013081915360659156,-0.0009705352096209309
2025-05-03 00:00:00+00:00,-0.0038606430950949163,3.1326010421883765e-05,-0.0019146585423365163,-0.0038606430950949163,-0.002887650818715716,-0.0038606430950949163,-0.002887650818715716
2025-05-04 00:00:00+00:00,-0.008317712105422866,7.326979466659722e-05,-0.0041222211553781345,-0.008317712105422866,-0.0062199666304005,-0.008317712105422866,-0.0062199666304005
2025-05-05 00:00:00+00:00,0.0035054922199116187,4.116693121170023e-05,0.0017733295755616595,0.0035054922199116187,0.002639410897736639,0.0035054922199116187,0.002639410897736639
2025-05-06 00:00:00+00:00,0.0048583550740934345,7.2193904459672e-05,0.0024652744892765532,0.0048583550740934345,0.003661814781684994,0.0048583550740934345,0.003661814781684994
2025-05-07 00:00:00+00:00,0.0006749393808333041,5.910935313213628e-06,0.00034042515807325885,0.0006749393808333041,0.0005076822694532815,0.0006749393808333041,0.0005076822694532815
2025-05-08 00:00:00+00:00,0.06154088648471356,8.795036291986413e-05,0.03081441842381671,0.06154088648471356,0.04617765245426513,0.06154088648471356,0.04617765245426513
2025-05-09 00:00:00+00:00,0.01801791361406881,0.00027582393827918494,0.009146868776173997,0.01801791361406881,0.013582391195121404,0.01801791361406881,0.013582391195121404
2025-05-10 00:00:00+00:00,0.026814792581982442,0.0003437692283367877,0.013579280905159615,0.026814792581982442,0.02019703674357103,0.026814792581982442,0.02019703674357103
2025-05-11 00:00:00+00:00,-0.012161695224709371,0.00043514963110413696,-0.005863272796802617,-0.012161695224709371,-0.009012484010755994,-0.012161695224709371,-0.009012484010755994
2025-05-12 00:00:00+00:00,-0.003483816631128302,0.00042302444883945967,-0.001530396091144421,-0.003483816631128302,-0.0025071063611363615,-0.003483816631128302,-0.0025071063611363615
2025-05-13 00:00:00+00:00,0.028007290277693626,0.0003095357694922196,0.014158413023592923,0.028007290277693626,0.021082851650643275,0.028007290277693626,0.021082851650643275
2025-05-14 00:00:00+00:00,-0.014540506024150406,0.0002634289520366817,-0.007138538536056862,-0.014540506024150406,-0.010839522280103634,-0.014540506024150406,-0.010839522280103634
2025-05-15 00:00:00+00:00,-0.0126223645001085,0.00018592186047494685,-0.006218221319816777,-0.0126223645001085,-0.009420292909962638,-0.0126223645001085,-0.009420292909962638
2025-05-16 00:00:00+00:00,-0.003871273904951326,0.00019122269157834104,-0.0018400256066864924,-0.003871273904951326,-0.0028556497558189092,-0.003871273904951326,-0.0028556497558189092
2025-05-17 00:00:00+00:00,-0.008305341474001696,0.0001075497680751436,-0.004098895852963276,-0.008305341474001696,-0.006202118663482486,-0.008305341474001696,-0.006202118663482486
2025-05-18 00:00:00+00:00,0.020857516174245954,0.00012853997045958465,0.01049302807235277,0.020857516174245954,0.01567527212329936,0.020857516174245954,0.01567527212329936
2025-05-19 00:00:00+00:00,-0.007854529185535029,9.151725104028507e-05,-0.003881505967247372,-0.007854529185535029,-0.0058680175763912,-0.007854529185535029,-0.0058680175763912
2025-05-20 00:00:00+00:00,0.005314765180381591,0.00018952337775490768,0.002752144279068249,0.005314765180381591,0.00403345472972492,0.005314765180381591,0.00403345472972492
2025-05-21 00:00:00+00:00,0.016134474528577733,0.000260882122188999,0.008197678325383366,0.016134474528577733,0.01216607642698055,0.016134474528577733,0.01216607642698055
2025-05-22 00:00:00+00:00,0.02299085620783985,0.00041724460060543755,0.011704050404222644,0.02299085620783985,0.017347453306031248,0.02299085620783985,0.017347453306031248
2025-05-23 00:00:00+00:00,-0.03633216611884419,0.0005044660131237055,-0.017913850052860242,-0.03633216611884419,-0.027123008085852218,-0.03633216611884419,-0.027123008085852218
2025-05-24 00:00:00+00:00,0.004662294575689313,0.00019389457135177146,0.0024280945735205423,0.004662294575689313,0.0035451945746049277,0.004662294575689313,0.0035451945746049277
2025-05-25 00:00:00+00:00,0.0054657733282445,6.148636179892364e-05,0.002763629845021712,0.0054657733282445,0.004114701586633106,0.0054657733282445,0.004114701586633106
2025-05-26 00:00:00+00:00,0.001335905395237742,0.00012824601060978935,0.0007320757029237656,0.001335905395237742,0.0010339905490807538,0.001335905395237742,0.0010339905490807538
2025-05-27 00:00:00+00:00,0.011867833277739126,0.00018621487123726688,0.006027024074488197,0.011867833277739126,0.008947428676113662,0.011867833277739126,0.008947428676113662
2025-05-28 00:00:00+00:00,-0.008441712895210944,0.000128007147020881,-0.0041568528740950315,-0.008441712895210944,-0.006299282884652988,-0.008441712895210944,-0.006299282884652988
2025-05-29 00:00:00+00:00,-0.020851902098789246,0.0001444914321648838,-0.010353705333312181,-0.020851902098789246,-0.015602803716050714,-0.020851902098789246,-0.015602803716050714
2025-05-30 00:00:00+00:00,-0.03313818033883764,4.643045867847029e-05,-0.016545874940079586,-0.03313818033883764,-0.024842027639458614,-0.03313818033883764,-0.024842027639458614
2025-05-31 00:00:00+00:00,0.0020285155159808464,-8.513163972612148e-05,0.0009716919381273625,0.0020285155159808464,0.0015001037270541044,0.0020285155159808464,0.0015001037270541044
2025-06-01 00:00:00+00:00,0.0062941436312274855,3.542032165393394e-05,0.0031647819764407097,0.0062941436312274855,0.004729462803834098,0.0062941436312274855,0.004729462803834098
2025-06-02 00:00:00+00:00,0.006614153692962325,0.0001467641511034845,0.0033804589220329047,0.006614153692962325,0.004997306307497615,0.006614153692962325,0.004997306307497615
2025-06-03 00:00:00+00:00,-0.005916498176372649,9.284403478226899e-05,-0.00291182707079519,-0.005916498176372649,-0.00441416262358392,-0.005916498176372649,-0.00441416262358392
2025-06-04 00:00:00+00:00,-0.004071819218289319,0.00012265397682242885,-0.001974582620733445,-0.004071819218289319,-0.003023200919511382,-0.004071819218289319,-0.003023200919511382
2025-06-05 00:00:00+00:00,-0.04703858739889653,0.00015038412426759962,-0.023444101637314464,-0.04703858739889653,-0.0352413445181055,-0.04703858739889653,-0.0352413445181055
2025-06-06 00:00:00+00:00,0.021696993340001778,6.956606629859863e-05,0.010883279703150188,-0.0004304339337014014,0.005226422884724393,0.021696993340001778,0.016290136521575984
2025-06-07 00:00:00+00:00,0.012780062866069147,6.040077230751173e-05,0.006420231819188329,6.040077230751173e-05,0.0032403162957479205,0.012780062866069147,0.009600147342628738
2025-06-08 00:00:00+00:00,0.0015725962327885633,0.00010899797652275112,0.0008407971046556572,0.00010899797652275112,0.00047489754058920416,-0.0003910020234772489,0.00022489754058920415
2025-06-09 00:00:00+00:00,0.04264839021335759,0.00013970505216565066,0.02139404763276162,0.00013970505216565066,0.010766876342463635,0.00013970505216565066,0.010766876342463635
2025-06-10 00:00:00+00:00,0.01825316708584875,0.0002660183823366413,0.009259592734092695,0.0002660183823366413,0.004762805558214668,0.0002660183823366413,0.004762805558214668
2025-06-11 00:00:00+00:00,-0.013531347621324713,0.0002990179156117101,-0.0066161648528565015,0.0002990179156117101,-0.0031585734686223957,-0.014031347621324713,-0.010323756237090607
2025-06-12 00:00:00+00:00,-0.03100345526495148,0.00018896663107348388,-0.015407244316938998,0.00018896663107348388,-0.007609138842932757,-0.03100345526495148,-0.02320534979094524
2025-06-13 00:00:00+00:00,-0.008188994705487696,3.9905123728090075e-05,-0.004074544790879803,3.9905123728090075e-05,-0.0020173198335758564,-0.00046009487627190994,-0.002267319833575856
2025-06-14 00:00:00+00:00,-0.01066303768387348,-7.897011655966235e-05,-0.0053710039002165715,-7.897011655966235e-05,-0.002724987008388117,-7.897011655966235e-05,-0.002724987008388117
2025-06-15 00:00:00+00:00,0.011645305390538896,-6.564769206574006e-05,0.005789828849236578,-6.564769206574006e-05,0.002862090578585419,-6.564769206574006e-05,0.002862090578585419
2025-06-16 00:00:00+00:00,0.0009354171067527086,8.065298300707902e-05,0.0005080350448798939,8.065298300707902e-05,0.00029434401394348643,8.065298300707902e-05,0.00029434401394348643
2025-06-17 00:00:00+00:00,-0.014221597547436645,9.114639348806186e-05,-0.007065225576974292,9.114639348806186e-05,-0.003487039591743115,9.114639348806186e-05,-0.003487039591743115
2025-06-18 00:00:00+00:00,0.0011403127870621606,-9.694208576049856e-05,0.000521685350650831,-9.694208576049856e-05,0.00021237163244516621,-9.694208576049856e-05,0.00021237163244516621
2025-06-19 00:00:00+00:00,-0.00017635061855216723,-2.227888754013918e-05,-9.93147530461532e-05,-2.227888754013918e-05,-6.079682029314619e-05,-2.227888754013918e-05,-6.079682029314619e-05
2025-06-20 00:00:00+00:00,-0.021570193237641824,2.9490048093050447e-05,-0.010770351594774387,2.9490048093050447e-05,-0.005370430773340668,2.9490048093050447e-05,-0.005370430773340668
2025-06-21 00:00:00+00:00,-0.018962648430529003,4.217029161979191e-05,-0.009460239069454606,4.217029161979191e-05,-0.004709034388917407,4.217029161979191e-05,-0.004709034388917407
2025-06-22 00:00:00+00:00,-0.012809786644603615,-5.258383862538629e-05,-0.006431185241614501,-0.013309786644603616,-0.009870485943109058,-5.258383862538629e-05,-0.0032418845401199436
2025-06-23 00:00:00+00:00,0.028697341941037843,-2.0973360154497023e-05,0.014338184290441673,-0.000520973360154497,0.006908605465143588,-2.0973360154497023e-05,0.007158605465143588
2025-06-24 00:00:00+00:00,0.0051791618416462,-1.381384086684978e-05,0.002582674000389675,-1.381384086684978e-05,0.0012844300797614126,-1.381384086684978e-05,0.0012844300797614126
2025-06-25 00:00:00+00:00,-0.001194424934876401,1.2376406796743566e-05,-0.0005910242640398287,1.2376406796743566e-05,-0.0002893239286215426,1.2376406796743566e-05,-0.0002893239286215426
2025-06-26 00:00:00+00:00,-0.004479398287497043,-0.0001542867883890242,-0.002316842537943034,-0.0001542867883890242,-0.001235564663166029,-0.0001542867883890242,-0.001235564663166029
2025-06-27 00:00:00+00:00,0.00312729252643593,-0.00013502345801019722,0.0014961345342128663,-0.00013502345801019722,0.0006805555381013345,-0.00013502345801019722,0.0006805555381013345
2025-06-28 00:00:00+00:00,0.008122097012026423,-0.00011441300177561509,0.004003842005125404,-0.00011441300177561509,0.0019447145016748945,-0.00011441300177561509,0.0019447145016748945
2025-06-29 00:00:00+00:00,0.009975708602771928,0.0001553921443446793,0.0050655503735583035,0.0001553921443446793,0.0026104712589514914,0.0001553921443446793,0.0026104712589514914
2025-06-30 00:00:00+00:00,-0.0030255961043112976,0.00014099982380622045,-0.0014422981402525386,0.00014099982380622045,-0.0006506491582231591,0.00014099982380622045,-0.0006506491582231591
2025-07-01 00:00:00+00:00,-0.014885874706940432,9.568314607077966e-06,-0.007438153196166677,9.568314607077966e-06,-0.0037142924407797995,9.568314607077966e-06,-0.0037142924407797995
2025-07-02 00:00:00+00:00,0.027232052778870825,-0.00023445367962249275,0.013498799549624166,-0.00023445367962249275,0.006632172935000837,-0.00023445367962249275,0.006632172935000837
2025-07-03 00:00:00+00:00,0.004090959717540288,6.847710109791905e-05,0.0020797184093191037,6.847710109791905e-05,0.0010740977552085114,6.847710109791905e-05,0.0010740977552085114
2025-07-04 00:00:00+00:00,-0.015402863543604104,9.46627875579864e-05,-0.007654100378023059,9.46627875579864e-05,-0.003779718795232536,9.46627875579864e-05,-0.003779718795232536
2025-07-05 00:00:00+00:00,0.0012889934211754005,9.87388052144933e-05,0.0006938661131949469,9.87388052144933e-05,0.0003963024592047201,9.87388052144933e-05,0.0003963024592047201
2025-07-06 00:00:00+00:00,0.013865490522435986,4.576231135544617e-05,0.006955626416895716,4.576231135544617e-05,0.003500694364125581,0.013365490522435986,0.010160558469665851
2025-07-07 00:00:00+00:00,-0.009175000124403877,2.490609737226812e-05,-0.004575047013515804,2.490609737226812e-05,-0.002275070458071768,-0.009175000124403877,-0.00687502356895984
2025-07-08 00:00:00+00:00,0.010989579621250719,0.00012222265260275478,0.005555901136926737,0.00012222265260275478,0.0028390618947647457,-0.00037777734739724523,0.002589061894764746
2025-07-09 00:00:00+00:00,0.025345840461206567,0.00013259926250941412,0.01273921986185799,0.00013259926250941412,0.0064359095621837024,0.024845840461206567,0.01879253016153228
2025-07-10 00:00:00+00:00,0.03884072679008681,0.00019016146033656867,0.019515444125211688,0.00019016146033656867,0.009852802792774128,-0.00030983853966343134,0.009602802792774128
2025-07-11 00:00:00+00:00,0.004666770517398105,0.0003303561280911804,0.0024985633227446427,0.0003303561280911804,0.0014144597254179116,0.0041667705173981055,0.003332666920071374
2025-07-12 00:00:00+00:00,-0.0035441508272293053,0.0002682925691788185,-0.0016379291290252434,-0.004044150827229306,-0.0028410399781272746,-0.0035441508272293053,-0.0025910399781272743
2025-07-13 00:00:00+00:00,0.008567872627902096,0.00025483506799561795,0.004411353847948857,0.008567872627902096,0.006489613237925476,0.008567872627902096,0.006489613237925476
2025-07-14 00:00:00+00:00,0.008238336606769387,0.00037563212171787264,0.00430698436424363,0.008238336606769387,0.0062726604855065085,0.008238336606769387,0.0062726604855065085
2025-07-15 00:00:00+00:00,0.010376184499334728,0.0003438237983106607,0.005360004148822694,0.010376184499334728,0.007868094324078711,0.010376184499334728,0.007868094324078711
2025-07-16 00:00:00+00:00,0.04034687966324066,0.0005206698966406798,0.02043377477994067,0.04034687966324066,0.030390327221590664,0.04034687966324066,0.030390327221590664
2025-07-17 00:00:00+00:00,0.015526195305306715,0.0005598122755059443,0.00804300379040633,0.015526195305306715,0.011784599547856522,0.015526195305306715,0.011784599547856522
2025-07-18 00:00:00+00:00,0.0054390426358635535,0.0006963393807235541,0.0030676910082935538,0.0054390426358635535,0.004253366822078553,0.0054390426358635535,0.004253366822078553
2025-07-19 00:00:00+00:00,0.0034962615806648934,0.00025292504321239306,0.0018745933119386432,0.0034962615806648934,0.0026854274463017683,0.0034962615806648934,0.0026854274463017683
2025-07-20 00:00:00+00:00,0.02067255767698106,0.0004618665353208762,0.010567212106150968,0.02067255767698106,0.015619884891566013,0.02067255767698106,0.015619884891566013
2025-07-21 00:00:00+00:00,0.02270667272594283,0.0006838125287753627,0.011695242627359097,0.02270667272594283,0.017200957676650964,0.02270667272594283,0.017200957676650964
2025-07-22 00:00:00+00:00,0.02004577329096086,0.00044656806047571607,0.010246170675718288,0.02004577329096086,0.015145971983339574,0.02004577329096086,0.015145971983339574
2025-07-23 00:00:00+00:00,-0.035834178680615496,0.0005132129869240831,-0.017660482846845706,-0.035834178680615496,-0.0267473307637306,-0.035834178680615496,-0.0267473307637306
2025-07-24 00:00:00+00:00,-0.0035162543619859307,0.0002492713152497661,-0.0016334915233680823,-0.0035162543619859307,-0.0025748729426770065,-0.0035162543619859307,-0.0025748729426770065
2025-07-25 00:00:00+00:00,0.005482403359772494,0.0002415253845557963,0.0028619643721641452,0.005482403359772494,0.00417218386596832,0.005482403359772494,0.00417218386596832
2025-07-26 00:00:00+00:00,-0.0004855756352254189,0.0003582969689976956,-6.363933311386165e-05,-0.0004855756352254189,-0.00027460748416964026,-0.0004855756352254189,-0.00027460748416964026
2025-07-27 00:00:00+00:00,0.021549068700218554,0.0003565864587686818,0.010952827579493618,0.021549068700218554,0.016250948139856086,0.021549068700218554,0.016250948139856086
2025-07-28 00:00:00+00:00,-0.01821333379045774,0.0004398929723687939,-0.008886720409044473,-0.01821333379045774,-0.013550027099751106,-0.01821333379045774,-0.013550027099751106
2025-07-29 00:00:00+00:00,-0.003244821915838358,1.924111096318626e-05,-0.0016127904024375859,-0.003244821915838358,-0.002428806159137972,-0.003244821915838358,-0.002428806159137972
2025-07-30 00:00:00+00:00,-0.00456652458440781,6.724413427461329e-05,-0.0022496402250665984,-0.00456652458440781,-0.0034080824047372045,-0.00456652458440781,-0.0034080824047372045
2025-07-31 00:00:00+00:00,-0.024309885504823214,0.00012377074136415978,-0.012093057381729527,-0.024309885504823214,-0.01820147144327637,-0.024309885504823214,-0.01820147144327637
2025-08-01 00:00:00+00:00,-0.041384267015086934,2.2233764175538795e-05,-0.020681016625455698,-0.041384267015086934,-0.031032641820271316,-0.041384267015086934,-0.031032641820271316
2025-08-02 00:00:00+00:00,-0.018440168107429628,-6.9898298912240975e-06,-0.009223578968660426,-0.0005069898298912241,-0.004865284399275825,-0.018440168107429628,-0.013831873538045027
2025-08-03 00:00:00+00:00,0.021137316575212433,1.0918278305016571e-05,0.010574117426758725,1.0918278305016571e-05,0.005292517852531871,0.021137316575212433,0.015855717000985578
2025-08-04 00:00:00+00:00,0.03684655094796135,6.089742846149271e-05,0.01845372418821142,6.089742846149271e-05,0.009257310808336456,0.03684655094796135,0.02765013756808638
2025-08-05 00:00:00+00:00,-0.021389466143220737,-5.861740131796189e-05,-0.01072404177226935,-0.021889466143220737,-0.016306753957745043,-0.021389466143220737,-0.016056753957745043
2025-08-06 00:00:00+00:00,0.017197807125619764,0.000135122254543818,0.00866646469008179,-0.000364877745456182,0.004150793472312804,0.017197807125619764,0.012932135907850778
2025-08-07 00:00:00+00:00,0.04214813175046254,8.086601736190246e-05,0.02111449888391222,0.04164813175046254,0.03138131531718738,0.04214813175046254,0.03163131531718738
2025-08-08 00:00:00+00:00,0.008892336574982451,0.0001986615701476957,0.0045454990725650735,0.008892336574982451,0.006718917823773762,0.008892336574982451,0.006718917823773762
2025-08-09 00:00:00+00:00,0.025223314857944715,0.00031103189683578947,0.012767173377390252,-0.00018896810316421054,0.006289102637113021,0.025223314857944715,0.018995244117667485
2025-08-10 00:00:00+00:00,0.012310808494880527,0.00027462791997900915,0.006292718207429768,0.00027462791997900915,0.0032836730637043885,0.012310808494880527,0.009301763351155148
2025-08-11 00:00:00+00:00,-0.018114315989038343,0.0002305464715635086,-0.008941884758737417,0.0002305464715635086,-0.004355669143586954,-0.018114315989038343,-0.01352810037388788
2025-08-12 00:00:00+00:00,0.05994321309152492,0.00024273373528416187,0.030092973413404542,0.00024273373528416187,0.015167853574344352,0.05994321309152492,0.04501809325246473
2025-08-13 00:00:00+00:00,0.03721576767235001,0.00046789446477424335,0.018841831068562128,0.00046789446477424335,0.009654862766668186,0.03721576767235001,0.02802879937045607
2025-08-14 00:00:00+00:00,-0.04271069637578823,0.00044615433109029823,-0.021132271022348968,0.00044615433109029823,-0.010343058345629335,-0.04271069637578823,-0.0319214836990686
2025-08-15 00:00:00+00:00,-0.022247021946860932,0.00016710375415684986,-0.011039959096352041,0.00016710375415684986,-0.005436427671097596,-0.022247021946860932,-0.016643490521606488
2025-08-16 00:00:00+00:00,0.005715040991886883,7.953913729408235e-05,0.0028972900645904826,7.953913729408235e-05,0.0014884146009422825,0.005715040991886883,0.004306165528238683
2025-08-17 00:00:00+00:00,0.006296036377023473,0.000191394012940993,0.003243715194982233,0.000191394012940993,0.001717554603961613,0.006296036377023473,0.004769875786002853
2025-08-18 00:00:00+00:00,-0.028712616807498287,0.00011353647059109129,-0.014299540168453598,0.00011353647059109129,-0.007093001848931253,-0.028712616807498287,-0.021506078487975942
2025-08-19 00:00:00+00:00,-0.038608307776316846,-2.1698260842306638e-05,-0.019315003018579576,-2.1698260842306638e-05,-0.009668350639710941,-0.038608307776316846,-0.02896165539744821
2025-08-20 00:00:00+00:00,0.04319922282594115,3.106067562264059e-05,0.021615141750781896,3.106067562264059e-05,0.010823101213202268,0.04319922282594115,0.03240718228836152
2025-08-21 00:00:00+00:00,-0.02413457582903111,7.197742210607316e-05,-0.012031299203462518,7.197742210607316e-05,-0.0059796608906782225,-0.02413457582903111,-0.018082937516246813
2025-08-22 00:00:00+00:00,0.09025190611277613,0.0001640515550089816,0.045207978833892555,0.08975190611277613,0.06747994247333435,-0.0003359484449910184,0.022436015194450768
2025-08-23 00:00:00+00:00,-0.001558203603833707,0.00028376922087791634,-0.0006372171914778953,-0.00021623077912208367,-0.0004267239852999895,-0.0020582036038337068,-0.001347710397655801
2025-08-24 00:00:00+00:00,-0.0006443790712003855,0.00032350641295697535,-0.00016043632912170506,0.00032350641295697535,8.153504191763515e-05,-0.0006443790712003855,-0.00040240770016104527
2025-08-25 00:00:00+00:00,-0.06518251210620878,0.000194970684098017,-0.03249377071105538,0.000194970684098017,-0.01614940001347868,-0.06518251210620878,-0.048838141408632074
2025-08-26 00:00:00+00:00,0.0358490151275682,0.00017769825980606946,0.018013356693687133,0.00017769825980606946,0.009095527476746601,0.0358490151275682,0.026931185910627667
2025-08-27 00:00:00+00:00,0.004265005741728167,0.00018619910052608546,0.0022256024211271264,0.00018619910052608546,0.001205900760826606,0.004265005741728167,0.003245304081427647
2025-08-28 00:00:00+00:00,0.021794296382400935,0.00018513018078625265,0.010989713281593594,0.00018513018078625265,0.005587421731189923,0.021794296382400935,0.016392004831997264
2025-08-29 00:00:00+00:00,-0.03396490264308399,0.00016206324397116667,-0.01690141969955641,0.00016206324397116667,-0.008369678227792622,-0.03396490264308399,-0.025433161171320197
2025-08-30 00:00:00+00:00,-0.0019348094666306046,0.00011666955158085024,-0.0009090699575248772,0.00011666955158085024,-0.00039620020297201347,-0.0019348094666306046,-0.0014219397120777408
2025-08-31 00:00:00+00:00,-0.0032027462719087644,0.00012728774165116086,-0.0015377292651288018,0.00012728774165116086,-0.0007052207617388205,-0.0032027462719087644,-0.002370237768518783
2025-09-01 00:00:00+00:00,-0.009854063602373437,0.00012860554739235752,-0.00486272902749054,0.00012860554739235752,-0.002367061740049091,-0.009854063602373437,-0.007358396314931988
2025-09-02 00:00:00+00:00,0.02481162537930411,0.00017213487844491837,0.012491880128874514,0.00017213487844491837,0.006332007503659716,0.02481162537930411,0.018651752754089312
2025-09-03 00:00:00+00:00,0.012233733586080051,0.0001448852279259949,0.006189309407003023,0.0001448852279259949,0.003167097317464509,0.012233733586080051,0.009211521496541537
2025-09-04 00:00:00+00:00,-0.02675574892910906,0.0001879815333687418,-0.013283883697870159,0.0001879815333687418,-0.006547951082250709,-0.02675574892910906,-0.02001981631348961
2025-09-05 00:00:00+00:00,0.0023390898098960555,0.00018893206663506135,0.0012640109382655584,0.00018893206663506135,0.0007264715024503099,0.0023390898098960555,0.001801550374080807
2025-09-06 00:00:00+00:00,-0.008848192080124575,0.00018536146264924724,-0.004331415308737664,0.00018536146264924724,-0.0020730269230442083,-0.008848192080124575,-0.006589803694431119
2025-09-07 00:00:00+00:00,0.014801187097267618,0.00014073775865530713,0.0074709624279614625,0.00014073775865530713,0.003805850093308385,0.014801187097267618,0.01113607476261454
2025-09-08 00:00:00+00:00,0.013421385291689708,0.0002451798664184768,0.006833282579054092,0.0002451798664184768,0.0035392312227362846,0.013421385291689708,0.0101273339353719
2025-09-09 00:00:00+00:00,0.004599702604440955,0.00034804346074324144,0.0024738730325920984,0.00034804346074324144,0.00141095824666767,0.004599702604440955,0.0035367878185165267
2025-09-10 00:00:00+00:00,0.015965604147373146,0.00027365775439958107,0.008119630950886364,0.00027365775439958107,0.004196644352642972,0.015965604147373146,0.012042617549129754
2025-09-11 00:00:00+00:00,0.016809098151226894,0.0002573558766221229,0.008533227013924508,0.0002573558766221229,0.004395291445273316,0.016809098151226894,0.012671162582575701
2025-09-12 00:00:00+00:00,0.03588194184887747,0.00025095142304931706,0.018066446635963393,0.00025095142304931706,0.009158699029506355,0.03588194184887747,0.02697419424242043
2025-09-13 00:00:00+00:00,-0.0025209912691896244,0.0003388875589016571,-0.0010910518551439836,0.0003388875589016571,-0.00037608214812116325,-0.0025209912691896244,-0.001806021562166804
2025-09-14 00:00:00+00:00,-0.008685806329296093,0.0002622079198657534,-0.00421179920471517,0.0002622079198657534,-0.001974795642424708,-0.008685806329296093,-0.006448802767005631
2025-09-15 00:00:00+00:00,-0.013344011126516531,0.00022492300926724162,-0.006559544058624645,0.00022492300926724162,-0.0031673105246787015,-0.013344011126516531,-0.009951777592570588
2025-09-16 00:00:00+00:00,0.0035020623060472524,0.00025086929233553157,0.001876465799191392,0.00025086929233553157,0.0010636675457634617,0.0035020623060472524,0.0026892640526193223
2025-09-17 00:00:00+00:00,0.017368554669201206,0.00022646922716007545,0.00879751194818064,0.00022646922716007545,0.004511990587670358,0.017368554669201206,0.013083033308690924
2025-09-18 00:00:00+00:00,0.004551966737904472,0.0003463376882131275,0.0024491522130587998,0.0003463376882131275,0.0013977449506359636,0.004551966737904472,0.003500559475481636
2025-09-19 00:00:00+00:00,-0.02346778526646705,0.00027291962419440097,-0.011597432821136325,0.00027291962419440097,-0.005662256598470962,-0.02346778526646705,-0.01753260904380169
2025-09-20 00:00:00+00:00,0.0023101736699621214,0.00021138480409588212,0.0012607792370290017,0.00021138480409588212,0.0007360820205624419,0.0023101736699621214,0.0017854764534955617
2025-09-21 00:00:00+00:00,-0.008347059411602988,0.00021137266607751393,-0.004067843372762737,0.00021137266607751393,-0.0019282353533426116,-0.008347059411602988,-0.006207451392182863
2025-09-22 00:00:00+00:00,-0.04267286298870978,0.00012920752954093118,-0.021271827729584424,0.00012920752954093118,-0.010571310100021747,-0.04267286298870978,-0.0319723453591471
2025-09-23 00:00:00+00:00,-0.014298740183180744,0.00016191766196893553,-0.007068411260605904,0.00016191766196893553,-0.0034532467993184843,-0.0003380823380310645,-0.003703246799318484
2025-09-24 00:00:00+00:00,-0.0008247768620939603,0.00019537195777719063,-0.0003147024521583848,0.00019537195777719063,-5.96652471905971e-05,0.00019537195777719063,-5.96652471905971e-05
2025-09-25 00:00:00+00:00,-0.05893553021221402,9.659911601178628e-05,-0.029419465548101115,9.659911601178628e-05,-0.014661433216044665,-0.05943553021221402,-0.04442749788015757
2025-09-26 00:00:00+00:00,0.02820953123112914,-1.5511314933158715e-05,0.01409700995809799,-1.5511314933158715e-05,0.007040749321582416,-0.0005155113149331587,0.006790749321582416
2025-09-27 00:00:00+00:00,-0.003609150720011821,-1.0661658003341401e-05,-0.0018099061890075813,-1.0661658003341401e-05,-0.0009102839235054614,-1.0661658003341401e-05,-0.0009102839235054614
2025-09-28 00:00:00+00:00,0.020722650200665743,4.964076314428745e-05,0.010386145481905015,4.964076314428745e-05,0.005217893122524651,4.964076314428745e-05,0.005217893122524651
2025-09-29 00:00:00+00:00,0.011147299954428565,0.00013645353377711444,0.00564187674410284,0.00013645353377711444,0.002889165138939977,0.00013645353377711444,0.002889165138939977
2025-09-30 00:00:00+00:00,-0.010574385693375493,0.00011216432878224936,-0.005231110682296622,0.00011216432878224936,-0.002559473176757186,0.00011216432878224936,-0.002559473176757186
2025-10-01 00:00:00+00:00,0.0432615360746213,0.00014104414891313866,0.02170129011176722,0.0427615360746213,0.03223141309319426,0.00014104414891313866,0.010921167130340179
2025-10-02 00:00:00+00:00,0.029072130406021014,0.0002044275908694715,0.014638278998445243,0.029072130406021014,0.02185520470223313,0.028572130406021013,0.02160520470223313
2025-10-03 00:00:00+00:00,0.002964849174957635,0.00023929392059263144,0.0016020715477751332,0.002964849174957635,0.002283460361366384,0.002964849174957635,0.002283460361366384
2025-10-04 00:00:00+00:00,-0.008306661897876719,0.0002076899843066471,-0.004049485956785036,-0.008306661897876719,-0.006178073927330878,-0.008306661897876719,-0.006178073927330878
2025-10-05 00:00:00+00:00,0.005678179699279897,0.00025006758810319774,0.0029641236436915475,0.005678179699279897,0.0043211516714857226,0.005678179699279897,0.0043211516714857226
2025-10-06 00:00:00+00:00,0.01914398865815884,0.0002762837880319058,0.009710136223095373,0.01914398865815884,0.014427062440627107,0.01914398865815884,0.014427062440627107
2025-10-07 00:00:00+00:00,-0.040667083358398914,0.00019485219653714303,-0.020236115580930886,-0.040667083358398914,-0.0304515994696649,-0.040667083358398914,-0.0304515994696649
2025-10-08 00:00:00+00:00,0.02495391459580024,0.00024228721836405676,0.012598100907082148,0.02495391459580024,0.018776007751441195,0.02495391459580024,0.018776007751441195
2025-10-09 00:00:00+00:00,-0.027827894509043837,0.00020150409347019504,-0.013813195207786821,-0.027827894509043837,-0.020820544858415328,-0.027827894509043837,-0.020820544858415328
2025-10-10 00:00:00+00:00,-0.11446995946388301,-7.884461824447797e-05,-0.057274402041063745,-0.11446995946388301,-0.08587218075247338,-0.11446995946388301,-0.08587218075247338
2025-10-11 00:00:00+00:00,-0.02406253470717659,-0.00012555604346553562,-0.012094045375321064,-0.0006255560434655356,-0.0063598007093933,-0.0006255560434655356,-0.0063598007093933
2025-10-12 00:00:00+00:00,0.048727523662193135,-4.086786451462654e-05,0.024343327898839254,-4.086786451462654e-05,0.012151230017162314,-4.086786451462654e-05,0.012151230017162314
2025-10-13 00:00:00+00:00,0.013717301634601123,-2.51796657889658e-05,0.0068460609844060785,-2.51796657889658e-05,0.0034104406593085564,-2.51796657889658e-05,0.0034104406593085564
2025-10-14 00:00:00+00:00,-0.01432908595200369,2.9222627346614516e-05,-0.0071499316623285375,2.9222627346614516e-05,-0.0035603545174909615,2.9222627346614516e-05,-0.0035603545174909615
2025-10-15 00:00:00+00:00,-0.018412752655513277,3.1569196703440383e-06,-0.009204797867921466,3.1569196703440383e-06,-0.004600820474125561,3.1569196703440383e-06,-0.004600820474125561
2025-10-16 00:00:00+00:00,-0.017981462991562194,1.9687831018799784e-05,-0.008980887580271697,1.9687831018799784e-05,-0.0044805998746264486,1.9687831018799784e-05,-0.0044805998746264486
2025-10-17 00:00:00+00:00,-0.008042206808864992,2.3020522957439837e-05,-0.004009593142953776,2.3020522957439837e-05,-0.001993286309998168,2.3020522957439837e-05,-0.001993286309998168
2025-10-18 00:00:00+00:00,0.008395246265513957,-1.7578693174646887e-05,0.004188833786169655,-1.7578693174646887e-05,0.002085627546497504,-1.7578693174646887e-05,0.002085627546497504
2025-10-19 00:00:00+00:00,0.005840072024886243,1.1795860013208426e-06,0.002920625805443782,1.1795860013208426e-06,0.0014609026957225514,1.1795860013208426e-06,0.0014609026957225514
2025-10-20 00:00:00+00:00,0.0028302620705625836,-4.056173590705203e-05,0.0013948501673277658,-4.056173590705203e-05,0.0006771442157103569,-4.056173590705203e-05,0.0006771442157103569
2025-10-21 00:00:00+00:00,-0.010305172477523057,-2.6891703240661258e-05,-0.005166032090381859,-2.6891703240661258e-05,-0.0025964618968112602,-2.6891703240661258e-05,-0.0025964618968112602
2025-10-22 00:00:00+00:00,-0.006980604445660297,3.912254095350676e-06,-0.0034883460957824733,3.912254095350676e-06,-0.0017422169208435613,3.912254095350676e-06,-0.0017422169208435613
2025-10-23 00:00:00+00:00,0.009665595800407335,-1.6569042617264884e-05,0.004824513378895035,-1.6569042617264884e-05,0.002403972168138885,-1.6569042617264884e-05,0.002403972168138885
2025-10-24 00:00:00+00:00,0.004640392781929831,6.38481125398993e-05,0.002352120447234865,6.38481125398993e-05,0.0012079842798873822,6.38481125398993e-05,0.0012079842798873822
2025-10-25 00:00:00+00:00,0.0013087098565594502,7.164594969788496e-05,0.0006901779031286676,7.164594969788496e-05,0.0003809119264132763,7.164594969788496e-05,0.0003809119264132763
2025-10-26 00:00:00+00:00,0.01670879318837011,8.962057006156599e-05,0.008399206879215838,8.962057006156599e-05,0.004244413724638702,8.962057006156599e-05,0.004244413724638702
2025-10-27 00:00:00+00:00,-0.0029869859853163135,0.0001063289035307946,-0.0014403285408927595,0.0001063289035307946,-0.0006669998186809824,0.0001063289035307946,-0.0006669998186809824
2025-10-28 00:00:00+00:00,-0.01001213755516246,-7.425785257575424e-05,-0.005043197703869107,-7.425785257575424e-05,-0.0025587277782224307,-7.425785257575424e-05,-0.0025587277782224307
2025-10-29 00:00:00+00:00,-0.006557723432155181,9.028984500303316e-05,-0.003233716793576074,9.028984500303316e-05,-0.0015717134742865204,9.028984500303316e-05,-0.0015717134742865204
2025-10-30 00:00:00+00:00,-0.009796765618199695,-7.120958452144777e-05,-0.0049339876013605715,-7.120958452144777e-05,-0.0025025985929410096,-7.120958452144777e-05,-0.0025025985929410096
2025-10-31 00:00:00+00:00,0.004086971172056734,2.7741962520311247e-05,0.0020573565672885228,2.7741962520311247e-05,0.001042549264904417,2.7741962520311247e-05,0.001042549264904417
2025-11-01 00:00:00+00:00,0.0007307919130579649,-1.5556053928333924e-05,0.0003576179295648155,-1.5556053928333924e-05,0.00017103093781824078,-1.5556053928333924e-05,0.00017103093781824078
2025-11-02 00:00:00+00:00,0.001947535000763522,4.271716163373185e-05,0.000995126081198627,0.001447535000763522,0.0012213305409810745,4.271716163373185e-05,0.0005189216214161795
2025-11-03 00:00:00+00:00,-0.02341513608149813,-0.00013483699210781186,-0.011774986536802971,-0.02341513608149813,-0.01759506130915055,-0.00013483699210781186,-0.005954911764455392
2025-11-04 00:00:00+00:00,-0.014942302819702907,4.414821199572039e-05,-0.0074490773038535935,-0.014942302819702907,-0.01119569006177825,4.414821199572039e-05,-0.0037024645459289365
2025-11-05 00:00:00+00:00,0.006229141363989229,-0.00013125311305417497,0.003048944125467527,0.006229141363989229,0.004639042744728378,-0.00013125311305417497,0.001458845506206676
2025-11-06 00:00:00+00:00,-0.005554584844295589,6.360471554400782e-05,-0.0027454900643757905,-0.005554584844295589,-0.004150037454335689,6.360471554400782e-05,-0.0013409426744158913
2025-11-07 00:00:00+00:00,0.005447890127278791,4.39209992955103e-05,0.0027459055632871507,0.005447890127278791,0.004096897845282971,4.39209992955103e-05,0.0013949132812913305
2025-11-08 00:00:00+00:00,-0.0024046603376152533,1.6992846942454065e-05,-0.0011938337453363996,-0.0024046603376152533,-0.0017992470414758266,1.6992846942454065e-05,-0.0005884204491969728
2025-11-09 00:00:00+00:00,0.006569091368759765,0.00011929856790038329,0.003344194968330074,0.006569091368759765,0.0049566431685449195,0.00011929856790038329,0.0017317467681152287
2025-11-10 00:00:00+00:00,0.0013800683577608636,0.0001495455188784689,0.0007648069383196663,-0.0003504544811215311,0.00020717622859906757,0.0001495455188784689,0.0004571762285990676
2025-11-11 00:00:00+00:00,-0.00809457029249557,0.00016014959311450028,-0.003967210349690535,0.00016014959311450028,-0.0019035303782880173,0.00016014959311450028,-0.0019035303782880173
2025-11-12 00:00:00+00:00,-0.001238075900135792,-5.2314853189017185e-05,-0.0006451953766624046,-0.001738075900135792,-0.0011916356383990983,-5.2314853189017185e-05,-0.0003487551149257109
2025-11-13 00:00:00+00:00,-0.0072025379787307225,5.188110716725092e-05,-0.003575328435781736,-0.0072025379787307225,-0.005388933207256229,5.188110716725092e-05,-0.0017617236643072424
2025-11-14 00:00:00+00:00,-0.0071194044889074035,9.597599792332545e-05,-0.003511714245492039,-0.0071194044889074035,-0.005315559367199721,9.597599792332545e-05,-0.0017078691237843568
2025-11-15 00:00:00+00:00,0.0018548630495123354,7.364089758610248e-05,0.000964251973549219,0.0018548630495123354,0.0014095575115307772,7.364089758610248e-05,0.0005189464355676607
2025-11-16 00:00:00+00:00,-0.0030196960227959787,9.62320076900447e-05,-0.001461732007552967,-0.0030196960227959787,-0.0022407140151744728,9.62320076900447e-05,-0.0006827499999314612
2025-11-17 00:00:00+00:00,-0.0036767610425462627,9.784377987798187e-05,-0.0017894586313341404,-0.0036767610425462627,-0.0027331098369402017,9.784377987798187e-05,-0.0008458074257280793
2025-11-18 00:00:00+00:00,0.005804035571139596,0.00010618395002781611,0.002955109760583706,0.005804035571139596,0.0043795726658616505,0.00010618395002781611,0.001530646855305761
2025-11-19 00:00:00+00:00,-0.0031795824997547946,4.343929749306419e-05,-0.0015680716011308652,-0.0031795824997547946,-0.00237382705044283,4.343929749306419e-05,-0.0007623161518189005
2025-11-20 00:00:00+00:00,-0.004886117139973649,4.466559660998293e-05,-0.002420725771681833,-0.004886117139973649,-0.0036534214558277406,4.466559660998293e-05,-0.001188030087535925
2025-11-21 00:00:00+00:00,-0.003414098834713497,6.639033194799637e-05,-0.0016738542513827503,-0.003414098834713497,-0.0025439765430481237,6.639033194799637e-05,-0.000803731959717377
2025-11-22 00:00:00+00:00,-0.0003848219779513169,0.00010983641535200483,-0.00013749278129965604,-0.0003848219779513169,-0.00026115737962548646,0.00010983641535200483,-1.3828182973825602e-05
2025-11-23 00:00:00+00:00,0.0006147936631706289,9.965365245445668e-06,0.00031237951420803726,0.0006147936631706289,0.00046358658868933306,9.965365245445668e-06,0.00016117243972674146
2025-11-24 00:00:00+00:00,0.002998084017726018,3.9761464494025844e-05,0.001518922741110022,0.002998084017726018,0.00225850337941802,3.9761464494025844e-05,0.0007793421028020239
2025-11-25 00:00:00+00:00,0.00011248881695624657,-2.7259959331171757e-05,4.261442881253741e-05,0.00011248881695624657,7.755162288439199e-05,-2.7259959331171757e-05,7.677234740682826e-06
2025-11-26 00:00:00+00:00,0.0012615340253748527,9.015626176611669e-05,0.0006758451435704847,0.0012615340253748527,0.0009686895844726687,9.015626176611669e-05,0.0003830007026683007
2025-11-27 00:00:00+00:00,-0.00020797355560254254,6.128515691861125e-05,-7.334419934196564e-05,-0.00020797355560254254,-0.00014065887747225409,6.128515691861125e-05,-6.029521211677197e-06
2025-11-28 00:00:00+00:00,0.000293325698021195,3.968396671183427e-05,0.00016650483236651463,0.000293325698021195,0.0002299152651938548,3.968396671183427e-05,0.00010309439953917445
2025-11-29 00:00:00+00:00,-0.0007696015630298042,4.26869996166257e-05,-0.00036345728170658924,-0.0007696015630298042,-0.0005665294223681967,4.26869996166257e-05,-0.00016038514104498177
2025-11-30 00:00:00+00:00,3.90299169889468e-05,0.0001131720111382517,7.610096406359925e-05,3.90299169889468e-05,5.756544052627303e-05,0.0001131720111382517,9.463648760092548e-05
2025-12-01 00:00:00+00:00,-2.7777777777777776e-05,1.2066131601651264e-05,-7.855823088063256e-06,-2.7777777777777776e-05,-1.7816800432920517e-05,1.2066131601651264e-05,2.1051542567940043e-06
2025-12-02 00:00:00+00:00,0.0,-5.646932897107604e-05,-2.823466448553802e-05,0.0,-1.411733224276901e-05,-5.646932897107604e-05,-4.235199672830703e-05
2025-12-03 00:00:00+00:00,0.0,-5.189740982225466e-05,-2.594870491112733e-05,0.0,-1.2974352455563665e-05,-5.189740982225466e-05,-3.8923057366690994e-05
2025-12-04 00:00:00+00:00,0.0,5.3414388655470546e-05,2.6707194327735273e-05,0.0,1.3353597163867637e-05,5.3414388655470546e-05,4.006079149160291e-05
2025-12-05 00:00:00+00:00,0.0,-0.00013810041447204213,-6.905020723602107e-05,-0.0006381004144720421,-0.0003535753108540316,-0.00013810041447204213,-0.0001035753108540316
2025-12-06 00:00:00+00:00,0.0,-8.359064530416571e-05,-4.1795322652082856e-05,-0.0005,-0.00027089766132604143,-8.359064530416571e-05,-6.269298397812428e-05
2025-12-07 00:00:00+00:00,0.0,1.19913185501197e-05,5.99565927505985e-06,0.0,2.997829637529925e-06,1.19913185501197e-05,8.993488912589775e-06
2025-12-08 00:00:00+00:00,0.0,3.6872814961119715e-05,1.8436407480559858e-05,0.0,9.218203740279929e-06,3.6872814961119715e-05,2.7654611220839787e-05
2025-12-09 00:00:00+00:00,0.0,-1.0207248998805873e-05,-5.103624499402937e-06,0.0,-2.5518122497014684e-06,-1.0207248998805873e-05,-7.655436749104405e-06
2025-12-10 00:00:00+00:00,0.0,-2.5369827345578244e-06,-1.2684913672789122e-06,0.0,-6.342456836394561e-07,-2.5369827345578244e-06,-1.9027370509183683e-06
2025-12-11 00:00:00+00:00,0.0,-0.00017260307604827219,-8.630153802413609e-05,0.0,-4.3150769012068046e-05,-0.00017260307604827219,-0.00012945230703620414
2025-12-12 00:00:00+00:00,0.0,-0.00013102290616262557,-6.551145308131279e-05,0.0,-3.2755726540656394e-05,-0.00013102290616262557,-9.826717962196918e-05
2025-12-13 00:00:00+00:00,0.0,1.4300639674447169e-05,7.150319837223584e-06,0.0,3.575159918611792e-06,1.4300639674447169e-05,1.0725479755835376e-05
2025-12-14 00:00:00+00:00,0.0,-5.615002265646485e-05,-2.8075011328232424e-05,0.0,-1.4037505664116212e-05,-5.615002265646485e-05,-4.2112516992348636e-05
2025-12-15 00:00:00+00:00,0.0,3.405078112583837e-05,1.7025390562919185e-05,-0.00046594921887416164,-0.00022446191415562123,3.405078112583837e-05,2.5538085844378777e-05
2025-12-16 00:00:00+00:00,0.0,6.814076127681368e-05,3.407038063840684e-05,-0.0005,-0.00023296480968079659,6.814076127681368e-05,5.110557095761026e-05
2025-12-17 00:00:00+00:00,0.0,-3.2206139135682044e-05,-1.6103069567841022e-05,-0.000532206139135682,-0.00027415460435176154,-3.2206139135682044e-05,-2.4154604351761533e-05
2025-12-18 00:00:00+00:00,0.0,-0.00013821356341481295,-6.910678170740647e-05,-0.00013821356341481295,-0.00010366017256110971,-0.00013821356341481295,-0.00010366017256110971
2025-12-19 00:00:00+00:00,0.0,-0.00014016742851552522,-7.008371425776261e-05,-0.00014016742851552522,-0.00010512557138664391,-0.00014016742851552522,-0.00010512557138664391
2025-12-20 00:00:00+00:00,0.0,-2.1154038576498557e-05,-1.0577019288249279e-05,-2.1154038576498557e-05,-1.5865528932373918e-05,-2.1154038576498557e-05,-1.5865528932373918e-05
2025-12-21 00:00:00+00:00,0.0005811995319009629,-8.711293883578719e-05,0.00024704329653258783,-8.711293883578719e-05,7.996517884840032e-05,8.119953190096284e-05,0.00016412141421677534
2025-12-22 00:00:00+00:00,0.00011438476774653126,-7.681387648572624e-05,1.878544563040251e-05,-7.681387648572624e-05,-2.9014215427661865e-05,0.00011438476774653126,6.658510668846689e-05
2025-12-23 00:00:00+00:00,-0.001532311050039487,-0.00016810207286710455,-0.0008502065614532958,-0.00016810207286710455,-0.0005091543171602002,-0.001532311050039487,-0.0011912588057463914
2025-12-24 00:00:00+00:00,-0.00021233937720296602,-5.397441464283226e-05,-0.00013315689592289913,-5.397441464283226e-05,-9.356565528286569e-05,-0.00021233937720296602,-0.00017274813656293259
2025-12-25 00:00:00+00:00,-5.555555555555555e-05,4.500551441544154e-05,-5.275020570057006e-06,4.500551441544154e-05,1.9865246922692268e-05,-0.00045499448558455847,-0.00023013475307730774
2025-12-26 00:00:00+00:00,0.0,4.138843610324017e-05,2.0694218051620084e-05,4.138843610324017e-05,3.1041327077430125e-05,4.138843610324017e-05,3.1041327077430125e-05
2025-12-27 00:00:00+00:00,0.0,0.00011573078523929858,5.786539261964929e-05,0.00011573078523929858,8.679808892947394e-05,0.00011573078523929858,8.679808892947394e-05
2025-12-28 00:00:00+00:00,0.0,5.853020472690318e-05,2.926510236345159e-05,5.853020472690318e-05,4.3897653545177384e-05,5.853020472690318e-05,4.3897653545177384e-05
2025-12-29 00:00:00+00:00,0.0,5.443132456295352e-05,2.721566228147676e-05,5.443132456295352e-05,4.082349342221514e-05,5.443132456295352e-05,4.082349342221514e-05
2025-12-30 00:00:00+00:00,0.0,0.00016713397004042285,8.356698502021143e-05,0.00016713397004042285,0.00012535047753031714,0.00016713397004042285,0.00012535047753031714
2025-12-31 00:00:00+00:00,0.0,6.006624482757239e-05,3.0033122413786195e-05,6.006624482757239e-05,4.504968362067929e-05,6.006624482757239e-05,4.504968362067929e-05
2026-01-01 00:00:00+00:00,0.0013077724695755054,0.00016005353458270477,0.0007339130020791051,0.00016005353458270477,0.00044698326833090494,0.00016005353458270477,0.00044698326833090494
2026-01-02 00:00:00+00:00,0.002214645859431143,0.00012061635180993235,0.0011676311056205376,0.00012061635180993235,0.000644123728715235,0.0017146458594311429,0.0014411384825258403
2026-01-03 00:00:00+00:00,-2.7777777777777776e-05,0.00013172227496882627,5.197224859552425e-05,0.00013172227496882627,9.184726178217526e-05,-2.7777777777777776e-05,1.2097235408873235e-05
2026-01-04 00:00:00+00:00,0.0,0.00010333301500997649,5.1666507504988246e-05,0.00010333301500997649,7.749976125748237e-05,0.0,2.5833253752494123e-05
2026-01-05 00:00:00+00:00,0.005705744540540057,0.00015132354204472342,0.00292853404129239,0.00015132354204472342,0.0015399287916685568,0.005705744540540057,0.004317139290916224
2026-01-06 00:00:00+00:00,0.0035965258843145306,0.0001643020032136011,0.0018804139437640659,0.0001643020032136011,0.0010223579734888336,0.0035965258843145306,0.002738469914039298
2026-01-07 00:00:00+00:00,-0.00899012081729936,0.00016640188527339284,-0.004411859466012983,0.00016640188527339284,-0.002122728790369795,-0.00899012081729936,-0.006700990141656172
2026-01-08 00:00:00+00:00,-0.0009125060170484503,5.813727103243238e-05,-0.00042718437300800897,5.813727103243238e-05,-0.0001845235509877883,-0.0009125060170484503,-0.0006698451950282296
2026-01-09 00:00:00+00:00,-0.0025888517743803837,0.00017507703362440452,-0.0012068873703779896,0.00017507703362440452,-0.0005159051683767925,-0.0025888517743803837,-0.0018978695723791865
2026-01-10 00:00:00+00:00,-0.00019482684512299298,0.0001563749944655246,-1.9225925328734188e-05,0.0001563749944655246,6.85745345683952e-05,-0.0003436250055344754,-0.0001814254654316048
2026-01-11 00:00:00+00:00,0.00255214503128857,4.297348607851248e-06,0.0012782211899482105,4.297348607851248e-06,0.0006412592692780309,4.297348607851248e-06,0.0006412592692780309
2026-01-12 00:00:00+00:00,-0.0011055392763695303,5.045700132999542e-05,-0.0005275411375197675,5.045700132999542e-05,-0.00023854206809488602,-0.0016055392763695304,-0.0010665402069446489
2026-01-13 00:00:00+00:00,0.01413255975150446,5.600730084198702e-05,0.007094283526173224,5.600730084198702e-05,0.0035751454135076054,0.01413255975150446,0.010613421638838843
2026-01-14 00:00:00+00:00,0.005384897589918027,0.00018498291400659284,0.00278494025196231,0.004884897589918027,0.0038349189209401684,0.005384897589918027,0.004084918920940169
2026-01-15 00:00:00+00:00,-0.008989618480314172,0.00017710278153293402,-0.004406257849390619,-0.008989618480314172,-0.006697938164852395,-0.008989618480314172,-0.006697938164852395
2026-01-16 00:00:00+00:00,0.0016949882942982979,0.00011670601619728771,0.0009058471552477928,0.0016949882942982979,0.0013004177247730453,0.0016949882942982979,0.0013004177247730453
2026-01-17 00:00:00+00:00,-0.001327059989680468,0.00010715470479349953,-0.0006099526424434842,-0.001327059989680468,-0.0009685063160619761,-0.001327059989680468,-0.0009685063160619761
2026-01-18 00:00:00+00:00,-0.010702701787551469,2.5671264422655327e-05,-0.005338515261564407,-0.010702701787551469,-0.008020608524557937,-0.010702701787551469,-0.008020608524557937
2026-01-19 00:00:00+00:00,-0.01200442155928011,-1.4364538470701405e-05,-0.0060093930488754055,-0.01200442155928011,-0.009006907304077758,-0.01200442155928011,-0.009006907304077758
2026-01-20 00:00:00+00:00,-0.026998480095472302,-8.072249062729409e-05,-0.013539601293049798,-0.0005807224906272941,-0.007060161891838546,-0.0005807224906272941,-0.007060161891838546
2026-01-21 00:00:00+00:00,0.004460958381061632,-0.00019219996464059363,0.002134379208210519,-0.00019219996464059363,0.0009710896217849628,-0.00019219996464059363,0.0009710896217849628
2026-01-22 00:00:00+00:00,-0.002366550378088031,-7.792496735548049e-05,-0.0012222376727217558,-7.792496735548049e-05,-0.0006500813200386182,-7.792496735548049e-05,-0.0006500813200386182
2026-01-23 00:00:00+00:00,-0.000711731217151281,-1.2905296993825921e-05,-0.00036231825707255344,-1.2905296993825921e-05,-0.00018761177703318968,-1.2905296993825921e-05,-0.00018761177703318968
2026-01-24 00:00:00+00:00,-0.0010968332648896633,-0.0001595005909990066,-0.000628166927944335,-0.0001595005909990066,-0.0003938337594716708,-0.0001595005909990066,-0.0003938337594716708
2026-01-25 00:00:00+00:00,-0.017231553694173236,-0.00011981244569281291,-0.008675683069933025,-0.00011981244569281291,-0.004397747757812919,-0.00011981244569281291,-0.004397747757812919
2026-01-26 00:00:00+00:00,0.0034554015514381576,-8.077789493610155e-05,0.001687311828251028,-8.077789493610155e-05,0.0008032669666574632,-8.077789493610155e-05,0.0008032669666574632
2026-01-27 00:00:00+00:00,0.001080016151448735,-0.000213316039359146,0.00043335005604479445,-0.000213316039359146,0.00011001700834282422,-0.000213316039359146,0.00011001700834282422
2026-01-28 00:00:00+00:00,-0.0011494051862743799,9.416301548714756e-05,-0.0005276210853936162,9.416301548714756e-05,-0.0002167290349532343,9.416301548714756e-05,-0.0002167290349532343
2026-01-29 00:00:00+00:00,-0.013202909120908142,2.4970373132093826e-05,-0.006588969373888024,2.4970373132093826e-05,-0.003281999500377965,2.4970373132093826e-05,-0.003281999500377965
2026-01-30 00:00:00+00:00,-0.0001111111111111111,-8.389240250750163e-05,-9.750175680930636e-05,-8.389240250750163e-05,-9.0697079658404e-05,-8.389240250750163e-05,-9.0697079658404e-05
2026-01-31 00:00:00+00:00,0.0,-0.0001030319857384665,-5.151599286923325e-05,-0.0001030319857384665,-7.727398930384988e-05,-0.0001030319857384665,-7.727398930384988e-05
2026-02-01 00:00:00+00:00,0.0,-9.78373861545423e-05,-4.891869307727115e-05,-0.0005,-0.0002744593465386356,-9.78373861545423e-05,-7.337803961590672e-05
2026-02-02 00:00:00+00:00,0.0,-5.832897965207806e-05,-2.916448982603903e-05,0.0,-1.4582244913019515e-05,-5.832897965207806e-05,-4.3746734739058546e-05
2026-02-03 00:00:00+00:00,0.0,-1.6127755013251033e-05,-8.063877506625516e-06,0.0,-4.031938753312758e-06,-1.6127755013251033e-05,-1.2095816259938275e-05
2026-02-04 00:00:00+00:00,0.0,-0.00024282665708219575,-0.00012141332854109788,0.0,-6.070666427054894e-05,-0.00024282665708219575,-0.00018211999281164681
2026-02-05 00:00:00+00:00,0.0,0.00010549359324629748,5.274679662314874e-05,0.0,2.637339831157437e-05,0.00010549359324629748,7.912019493472311e-05
2026-02-06 00:00:00+00:00,0.0,-0.00010318026443412176,-5.159013221706088e-05,0.0,-2.579506610853044e-05,-0.00010318026443412176,-7.738519832559132e-05
2026-02-07 00:00:00+00:00,0.0,-8.106891432002605e-05,-4.0534457160013027e-05,0.0,-2.0267228580006513e-05,-8.106891432002605e-05,-6.080168574001954e-05
2026-02-08 00:00:00+00:00,0.0,-4.6328374371018555e-05,-2.3164187185509277e-05,0.0,-1.1582093592754639e-05,-4.6328374371018555e-05,-3.4746280778263916e-05
2026-02-09 00:00:00+00:00,0.0,-0.00012535358940080066,-6.267679470040033e-05,0.0,-3.1338397350200164e-05,-0.00012535358940080066,-9.40151920506005e-05
2026-02-10 00:00:00+00:00,0.0,-7.067138215177682e-05,-3.533569107588841e-05,0.0,-1.7667845537944205e-05,-7.067138215177682e-05,-5.3003536613832614e-05
2026-02-11 00:00:00+00:00,0.0,3.117548559306016e-07,1.558774279653008e-07,0.0,7.79387139826504e-08,3.117548559306016e-07,2.338161419479512e-07
2026-02-12 00:00:00+00:00,0.0,5.2041138192349123e-05,2.6020569096174562e-05,0.0,1.3010284548087281e-05,5.2041138192349123e-05,3.903085364426184e-05
2026-02-13 00:00:00+00:00,0.0,1.3473391913709776e-05,6.736695956854888e-06,0.0,3.368347978427444e-06,1.3473391913709776e-05,1.0105043935282332e-05
2026-02-14 00:00:00+00:00,0.0,-0.00011559439748165534,-5.779719874082767e-05,0.0,-2.8898599370413836e-05,-0.00011559439748165534,-8.66957981112415e-05
2026-02-15 00:00:00+00:00,0.0,2.231382292472439e-05,1.1156911462362196e-05,0.0,5.578455731181098e-06,2.231382292472439e-05,1.6735367193543293e-05
2026-02-16 00:00:00+00:00,0.0,-3.70651804192379e-05,-1.853259020961895e-05,0.0,-9.266295104809474e-06,-3.70651804192379e-05,-2.7798885314428423e-05
2026-02-17 00:00:00+00:00,0.0,2.0234095450710754e-05,1.0117047725355377e-05,0.0,5.0585238626776885e-06,2.0234095450710754e-05,1.5175571588033065e-05
2026-02-18 00:00:00+00:00,0.0,-9.677264629304183e-05,-4.8386323146520915e-05,0.0,-2.4193161573260458e-05,-9.677264629304183e-05,-7.257948471978137e-05
2026-02-19 00:00:00+00:00,0.0,1.9643441885319746e-05,9.821720942659873e-06,0.0,4.910860471329936e-06,1.9643441885319746e-05,1.473258141398981e-05
2026-02-20 00:00:00+00:00,0.0,6.629547638326017e-05,3.314773819163008e-05,0.0,1.657386909581504e-05,6.629547638326017e-05,4.9721607287445124e-05
2026-02-21 00:00:00+00:00,0.0,-6.624189736614827e-05,-3.3120948683074136e-05,0.0,-1.6560474341537068e-05,-6.624189736614827e-05,-4.9681423024611204e-05
2026-02-22 00:00:00+00:00,0.0,-0.0001229737721529789,-6.148688607648944e-05,0.0,-3.074344303824472e-05,-0.0001229737721529789,-9.223032911473417e-05
2026-02-23 00:00:00+00:00,0.0,-1.6206289532472162e-05,-8.103144766236081e-06,0.0,-4.051572383118041e-06,-1.6206289532472162e-05,-1.2154717149354122e-05
2026-02-24 00:00:00+00:00,0.0,-0.00022657547550009038,-0.00011328773775004519,0.0,-5.6643868875022596e-05,-0.00022657547550009038,-0.0001699316066250678
2026-02-25 00:00:00+00:00,0.0,-4.628739392720238e-05,-2.314369696360119e-05,0.0,-1.1571848481800595e-05,-4.628739392720238e-05,-3.4715545445401785e-05
2026-02-26 00:00:00+00:00,0.0,-0.0002036729599830256,-0.0001018364799915128,0.0,-5.09182399957564e-05,-0.0002036729599830256,-0.0001527547199872692
2026-02-27 00:00:00+00:00,0.0,-0.00017256095631212887,-8.628047815606443e-05,0.0,-4.3140239078032216e-05,-0.00017256095631212887,-0.00012942071723409665
2026-02-28 00:00:00+00:00,0.0,-0.0001846275916981277,-9.231379584906385e-05,0.0,-4.6156897924531926e-05,-0.0001846275916981277,-0.00013847069377359578
2026-03-01 00:00:00+00:00,0.0,-0.00012679309834573438,-6.339654917286719e-05,0.0,-3.1698274586433595e-05,-0.00012679309834573438,-9.509482375930078e-05
2026-03-02 00:00:00+00:00,0.0,-6.337667114775236e-06,-3.168833557387618e-06,0.0,-1.584416778693809e-06,-6.337667114775236e-06,-4.753250336081427e-06
2026-03-03 00:00:00+00:00,0.0,-0.00020042977972056786,-0.00010021488986028393,-0.0007004297797205679,-0.0004003223347904259,-0.00020042977972056786,-0.0001503223347904259
2026-03-04 00:00:00+00:00,0.0,-5.1639223975885606e-05,-2.5819611987942803e-05,-5.1639223975885606e-05,-3.8729417981914205e-05,-5.1639223975885606e-05,-3.8729417981914205e-05
2026-03-05 00:00:00+00:00,0.0,-0.0001792959471927924,-8.96479735963962e-05,-0.0001792959471927924,-0.0001344719603945943,-0.0001792959471927924,-0.0001344719603945943
2026-03-06 00:00:00+00:00,0.0,-0.00018880586901615093,-9.440293450807546e-05,-0.00018880586901615093,-0.0001416044017621132,-0.00018880586901615093,-0.0001416044017621132
2026-03-07 00:00:00+00:00,0.0,-7.81382092919225e-05,-3.906910464596125e-05,-7.81382092919225e-05,-5.8603656968941875e-05,-7.81382092919225e-05,-5.8603656968941875e-05
2026-03-08 00:00:00+00:00,-0.0031547974344573737,6.0701045250244334e-06,-0.0015743636649661746,6.0701045250244334e-06,-0.0007841467802205751,6.0701045250244334e-06,-0.0007841467802205751
2026-03-09 00:00:00+00:00,-8.333333333333333e-05,-0.00018706376116894852,-0.00013519854725114092,-0.00018706376116894852,-0.00016113115421004473,-0.00018706376116894852,-0.00016113115421004473
2026-03-10 00:00:00+00:00,0.0,-0.00012079513078722126,-6.039756539361063e-05,-0.00012079513078722126,-9.059634809041595e-05,-0.00012079513078722126,-9.059634809041595e-05
2026-03-11 00:00:00+00:00,0.0,-2.3327951618523635e-05,-1.1663975809261817e-05,-2.3327951618523635e-05,-1.7495963713892726e-05,-2.3327951618523635e-05,-1.7495963713892726e-05
2026-03-12 00:00:00+00:00,0.0002488291614820652,-8.227963974016816e-05,8.327476087094851e-05,-8.227963974016816e-05,4.975605653901731e-07,-8.227963974016816e-05,4.975605653901731e-07
2026-03-13 00:00:00+00:00,0.0016088241543988234,-0.00027524896757280537,0.000666787593413009,-0.00027524896757280537,0.00019576931292010182,-0.00027524896757280537,0.00019576931292010182
2026-03-14 00:00:00+00:00,0.00023095261003413462,-0.0001874347571958479,2.175892641914336e-05,-0.0001874347571958479,-8.283791538835227e-05,-0.0001874347571958479,-8.283791538835227e-05
2026-03-15 00:00:00+00:00,0.006122581684022699,9.203338751606616e-05,0.0031073075357693825,9.203338751606616e-05,0.0015996704616427243,9.203338751606616e-05,0.0015996704616427243
2026-03-16 00:00:00+00:00,0.008381121763681504,-9.898710544287148e-05,0.004141067329119316,-9.898710544287148e-05,0.0020210401118382223,0.007881121763681503,0.006011094546400409
2026-03-17 00:00:00+00:00,-0.0024760884559934895,5.608280601765436e-05,-0.0012100028249879176,5.608280601765436e-05,-0.0005769600094851316,-0.0024760884559934895,-0.0018430456404907036
2026-03-18 00:00:00+00:00,-0.007400158692160842,-0.00011659202424407766,-0.00375837535820246,-0.00011659202424407766,-0.0019374836912232688,-0.007400158692160842,-0.005579267025181651
2026-03-19 00:00:00+00:00,-0.006911373309854655,-9.320849851657265e-05,-0.003502290904185614,-9.320849851657265e-05,-0.0017977497013510933,-0.006911373309854655,-0.005206832107020135
2026-03-20 00:00:00+00:00,0.0025473051223466755,-4.051731992693597e-05,0.0012533939012098697,-4.051731992693597e-05,0.0006064382906414669,-0.000540517319926936,0.0003564382906414669
2026-03-21 00:00:00+00:00,-0.00850559622844301,-1.755866278885243e-05,-0.004261577445615931,-1.755866278885243e-05,-0.002139568054202392,-1.755866278885243e-05,-0.002139568054202392
2026-03-22 00:00:00+00:00,-0.005084383093294866,-0.00016770620435224703,-0.0026260446488235566,-0.00016770620435224703,-0.0013968754265879018,-0.00016770620435224703,-0.0013968754265879018
2026-03-23 00:00:00+00:00,0.014517737172261182,-9.470762734598015e-05,0.007211514772457601,-9.470762734598015e-05,0.0035584035725558104,-9.470762734598015e-05,0.0035584035725558104
2026-03-24 00:00:00+00:00,-0.0011245403397267199,2.7872177608800897e-05,-0.0005483340810589595,2.7872177608800897e-05,-0.0002602309517250793,2.7872177608800897e-05,-0.0002602309517250793
2026-03-25 00:00:00+00:00,0.0029883888547642553,1.757168461691272e-05,0.001502980269690584,1.757168461691272e-05,0.0007602759771537484,1.757168461691272e-05,0.0007602759771537484
2026-03-26 00:00:00+00:00,-0.015746234898183695,-4.016380140525744e-05,-0.007893199349794476,-4.016380140525744e-05,-0.003966681575599867,-0.016246234898183696,-0.012069717123989087
2026-03-27 00:00:00+00:00,-0.011937126309356628,-4.474856244096603e-05,-0.005990937435898797,-4.474856244096603e-05,-0.0030178429991698816,-0.000544748562440966,-0.0032678429991698814
2026-03-28 00:00:00+00:00,-0.0007349885387593902,-7.197342271758611e-05,-0.00040348098073848815,-7.197342271758611e-05,-0.00023772720172803713,-7.197342271758611e-05,-0.00023772720172803713
2026-03-29 00:00:00+00:00,-0.001027606519560859,-2.7082961403968042e-05,-0.0005273447404824136,-2.7082961403968042e-05,-0.0002772138509431908,-2.7082961403968042e-05,-0.0002772138509431908
2026-03-30 00:00:00+00:00,0.0036713599406616912,-0.00010594532265706391,0.0017827073090023137,-0.00010594532265706391,0.0008383809931726249,-0.00010594532265706391,0.0008383809931726249
2026-03-31 00:00:00+00:00,0.004745249110749777,8.215298339786514e-05,0.0024137010470738213,8.215298339786514e-05,0.0012479270152358432,8.215298339786514e-05,0.0012479270152358432
2026-04-01 00:00:00+00:00,0.0003274855156085507,-6.863245910782023e-05,0.00012942652825036522,-6.863245910782023e-05,3.0397034571272495e-05,-6.863245910782023e-05,3.0397034571272495e-05
2026-04-02 00:00:00+00:00,-0.004373644756958222,-0.00011786048778139602,-0.002245752622369809,-0.00011786048778139602,-0.0011818065550756025,-0.00011786048778139602,-0.0011818065550756025
2026-04-03 00:00:00+00:00,-0.0001803988543052452,-5.7230366535043764e-05,-0.00011881461042014448,-5.7230366535043764e-05,-8.802248847759411e-05,-5.7230366535043764e-05,-8.802248847759411e-05
2026-04-04 00:00:00+00:00,0.0002884336148128719,-1.1286352920358844e-05,0.00013857363094625652,-1.1286352920358844e-05,6.364363901294884e-05,-1.1286352920358844e-05,6.364363901294884e-05
2026-04-05 00:00:00+00:00,0.0012009351425091852,2.36359809433484e-05,0.0006122855617262668,2.36359809433484e-05,0.0003179607713348076,2.36359809433484e-05,0.0003179607713348076
2026-04-06 00:00:00+00:00,-0.0003593215145120614,5.005274910718782e-05,-0.00015463438270243678,5.005274910718782e-05,-5.229081679762448e-05,5.005274910718782e-05,-5.229081679762448e-05
2026-04-07 00:00:00+00:00,0.01921837907495742,-3.449598800475684e-05,0.009591941543476331,-3.449598800475684e-05,0.004778722777735787,-3.449598800475684e-05,0.004778722777735787
2026-04-08 00:00:00+00:00,-0.0070377164630338355,-4.282076685480085e-05,-0.003540268614944318,-4.282076685480085e-05,-0.0017915446908995595,-4.282076685480085e-05,-0.0017915446908995595
2026-04-09 00:00:00+00:00,0.0011100305233784204,-0.00017235944460247676,0.0004688355393879718,-0.00017235944460247676,0.00014823804739274752,-0.00017235944460247676,0.00014823804739274752
2026-04-10 00:00:00+00:00,0.006873432029513105,-2.86673619831479e-06,0.003435282646657395,-2.86673619831479e-06,0.0017162079552295402,-2.86673619831479e-06,0.0017162079552295402
2026-04-11 00:00:00+00:00,0.0031488341506327178,9.74875149646337e-05,0.0016231608327986757,9.74875149646337e-05,0.0008603241738816547,0.0026488341506327178,0.0021359974917156965
2026-04-12 00:00:00+00:00,-0.014313043555936768,-4.577046258347206e-05,-0.00717940700926012,-4.577046258347206e-05,-0.003612588735921796,-0.014313043555936768,-0.010746225282598445
2026-04-13 00:00:00+00:00,0.022662820806474648,-1.956748992693047e-05,0.011321626658273859,-1.956748992693047e-05,0.005651029584173464,-0.0005195674899269305,0.005401029584173464
2026-04-14 00:00:00+00:00,-0.005768353692201304,-0.00014115305840667336,-0.0029547533753039885,-0.00014115305840667336,-0.001547953216855331,-0.006268353692201304,-0.004611553533752646
2026-04-15 00:00:00+00:00,0.004189381520252237,-2.9141831539458707e-05,0.002080119844356389,-2.9141831539458707e-05,0.0010254890064084652,-0.0005291418315394587,0.0007754890064084652
2026-04-16 00:00:00+00:00,-0.00034834669560862867,2.626402406669115e-05,-0.00016104133577096876,2.626402406669115e-05,-6.73886558521388e-05,2.626402406669115e-05,-6.73886558521388e-05
2026-04-17 00:00:00+00:00,0.009043670370361825,-1.5132056387923143e-05,0.004514269156986951,-1.5132056387923143e-05,0.002249568550299514,-1.5132056387923143e-05,0.002249568550299514
2026-04-18 00:00:00+00:00,-0.009344084124951017,1.1438543835229353e-05,-0.004666322790557894,1.1438543835229353e-05,-0.0023274421233613323,-0.009844084124951018,-0.007255203457754456
2026-04-19 00:00:00+00:00,-0.012068966841696135,-4.48530537335845e-05,-0.00605690994771486,-4.48530537335845e-05,-0.003050881500724222,-0.012068966841696135,-0.009062938394705497
2026-04-20 00:00:00+00:00,0.009534472715375565,2.9632450447847347e-05,0.004782052582911706,2.9632450447847347e-05,0.0024058425166797767,-0.00047036754955215266,0.002155842516679777
2026-04-21 00:00:00+00:00,0.0025340637176908755,1.5283174009672607e-05,0.001274673445850274,0.0020340637176908755,0.0016543685817705749,0.0020340637176908755,0.0016543685817705749
2026-04-22 00:00:00+00:00,0.00792537084366856,-1.977030349620268e-05,0.0039528002700861785,0.00792537084366856,0.005939085556877369,0.00792537084366856,0.005939085556877369
2026-04-23 00:00:00+00:00,-0.0038937043512816648,1.0922932616619363e-05,-0.0019413907093325227,-0.0038937043512816648,-0.0029175475303070937,-0.0038937043512816648,-0.0029175475303070937
2026-04-24 00:00:00+00:00,-0.002761858779254426,-3.3505122841948065e-05,-0.001397681951048187,-0.002761858779254426,-0.0020797703651513066,-0.002761858779254426,-0.0020797703651513066
2026-04-25 00:00:00+00:00,0.0009165043793714139,-5.4174020701625025e-05,0.00043116517933489444,0.0009165043793714139,0.0006738347793531542,0.0009165043793714139,0.0006738347793531542
2026-04-26 00:00:00+00:00,0.008707473605233643,3.750559932691466e-05,0.004372489602280279,0.008707473605233643,0.006539981603756961,0.008707473605233643,0.006539981603756961
2026-04-27 00:00:00+00:00,-0.012554687016286264,2.4935512714430175e-05,-0.006264875751785917,-0.012554687016286264,-0.00940978138403609,-0.012554687016286264,-0.00940978138403609
2026-04-28 00:00:00+00:00,-0.00485433446930436,2.8733614121589923e-05,-0.002412800427591385,-0.00485433446930436,-0.0036335674484478725,-0.00485433446930436,-0.0036335674484478725
2026-04-29 00:00:00+00:00,-0.00655896772818675,-5.185829325959901e-06,-0.003282076778756355,-0.00655896772818675,-0.004920522253471553,-0.00655896772818675,-0.004920522253471553
2026-04-30 00:00:00+00:00,0.0021218427368783674,1.626611849214754e-05,0.0010690544276852575,0.0021218427368783674,0.0015954485822818124,0.0021218427368783674,0.0015954485822818124
2026-05-01 00:00:00+00:00,0.009210031003971561,6.412077532491622e-06,0.0046082215407520265,0.009210031003971561,0.006909126272361794,0.009210031003971561,0.006909126272361794
2026-05-02 00:00:00+00:00,0.0036641299513364544,1.2311562563427358e-05,0.0018382207569499409,0.0036641299513364544,0.0027511753541431976,0.0036641299513364544,0.0027511753541431976
2026-05-03 00:00:00+00:00,-2.2905001980920468e-05,-2.1173020008924404e-05,-2.2039010994922438e-05,-2.2905001980920468e-05,-2.247200648792145e-05,-2.2905001980920468e-05,-2.247200648792145e-05
2026-05-04 00:00:00+00:00,0.006070782022324083,-7.64839015008345e-05,0.0029971490604116242,0.006070782022324083,0.004533965541367853,0.006070782022324083,0.004533965541367853
2026-05-05 00:00:00+00:00,0.006634911338242473,-1.2756793784651776e-06,0.003316817829432004,0.006634911338242473,0.004975864583837239,0.006634911338242473,0.004975864583837239
2026-05-06 00:00:00+00:00,0.004358496847649523,-9.359520948049038e-06,0.002174568663350737,0.004358496847649523,0.0032665327555001303,0.004358496847649523,0.0032665327555001303
2026-05-07 00:00:00+00:00,-0.013389341000976473,5.39414529932003e-06,-0.0066919734278385766,-0.013389341000976473,-0.010040657214407524,-0.013389341000976473,-0.010040657214407524
2026-05-08 00:00:00+00:00,0.009356700218854904,5.733089424109217e-05,0.004707015556547998,0.009356700218854904,0.007031857887701451,0.009356700218854904,0.007031857887701451
2026-05-09 00:00:00+00:00,0.006691427306587519,0.00012922609970811294,0.003410326703147816,0.006691427306587519,0.0050508770048676675,0.006691427306587519,0.0050508770048676675
2026-05-10 00:00:00+00:00,0.018596040493016008,0.00018584986168757034,0.009390945177351789,0.018596040493016008,0.013993492835183897,0.018596040493016008,0.013993492835183897
2026-05-11 00:00:00+00:00,-0.002683808447607124,0.00020066569439847193,-0.001241571376604326,-0.002683808447607124,-0.001962689912105725,-0.002683808447607124,-0.001962689912105725
2026-05-12 00:00:00+00:00,-0.02073858772588884,0.00013387047992963197,-0.010302358622979605,-0.02073858772588884,-0.015520473174434224,-0.02073858772588884,-0.015520473174434224
2026-05-13 00:00:00+00:00,-0.015263520844858927,7.963817927003625e-05,-0.007591941332794445,-0.015263520844858927,-0.011427731088826686,-0.015263520844858927,-0.011427731088826686
2026-05-14 00:00:00+00:00,0.01159978667283555,-0.0005331042452770829,0.005533341213779234,0.01159978667283555,0.008566563943307392,-0.001033104245277083,0.0022501184842510756
2026-05-15 00:00:00+00:00,-0.019519277350811357,0.0,-0.009759638675405679,-0.019519277350811357,-0.014639458013108519,-0.020019277350811358,-0.014889458013108519
2026-05-16 00:00:00+00:00,-0.013428177673603554,0.0,-0.006714088836801777,-0.0005,-0.003607044418400889,-0.0005,-0.003607044418400889
2026-05-17 00:00:00+00:00,-0.008789099761954246,0.0,-0.004394549880977123,0.0,-0.0021972749404885615,0.0,-0.0021972749404885615
2026-05-18 00:00:00+00:00,-0.0015518247664581507,-0.00048127214885984593,-0.0010165484576589983,-0.00048127214885984593,-0.0007489103032594221,-0.00048127214885984593,-0.0007489103032594221
2026-05-19 00:00:00+00:00,-0.003734332753625391,0.00015001078174381455,-0.0017921609859407883,0.00015001078174381455,-0.0008210751020984869,0.00015001078174381455,-0.0008210751020984869
2026-05-20 00:00:00+00:00,0.008445178856106622,0.00015001078174381455,0.0042975948189252185,0.00015001078174381455,0.0022238028003345165,0.00015001078174381455,0.0022238028003345165
2026-05-21 00:00:00+00:00,0.0036059014189755525,0.00012131371747980957,0.001863607568227681,0.00012131371747980957,0.0009924606428537452,0.00012131371747980957,0.0009924606428537452
2026-05-22 00:00:00+00:00,-0.022173927156542806,9.563747139407219e-05,-0.011039144842574367,9.563747139407219e-05,-0.005471753685590147,9.563747139407219e-05,-0.005471753685590147
2026-05-23 00:00:00+00:00,0.007992986873509056,-0.0005543526843792002,0.0037193170945649277,-0.0005543526843792002,0.0015824822050928638,-0.0005543526843792002,0.0015824822050928638
2026-05-24 00:00:00+00:00,-0.000990139712773776,0.0,-0.000495069856386888,0.0,-0.000247534928193444,0.0,-0.000247534928193444
2026-05-25 00:00:00+00:00,0.0011361493851440429,0.0,0.0005680746925720214,0.0,0.0002840373462860107,0.0,0.0002840373462860107
2026-05-26 00:00:00+00:00,-0.0088738727309406,0.0,-0.0044369363654703,0.0,-0.00221846818273515,0.0,-0.00221846818273515
2026-05-27 00:00:00+00:00,-0.008964733363561217,0.0,-0.004482366681780608,0.0,-0.002241183340890304,0.0,-0.002241183340890304
2026-05-28 00:00:00+00:00,-0.003154458516797468,-0.0004582910666819373,-0.0018063747917397026,-0.0004582910666819373,-0.00113233292921082,-0.0004582910666819373,-0.00113233292921082
2026-05-29 00:00:00+00:00,-0.00016770881372060416,9.123195648053084e-05,-3.823842862003666e-05,9.123195648053084e-05,2.649676393024709e-05,9.123195648053084e-05,2.649676393024709e-05
2026-05-30 00:00:00+00:00,0.0015350582768573053,7.374674515991941e-05,0.0008044025110086123,7.374674515991941e-05,0.0004390746280842659,7.374674515991941e-05,0.0004390746280842659
2026-05-31 00:00:00+00:00,-0.0010922892875152395,0.0001322773629681695,-0.000480005962273535,0.0001322773629681695,-0.00017386429965268274,0.0001322773629681695,-0.00017386429965268274
2026-06-01 00:00:00+00:00,-0.0065482687067058565,0.00010625531266583721,-0.0032210066970200096,-0.007048268706705857,-0.005134637701862933,0.00010625531266583721,-0.0015573756921770862
