time,ret_net_lo5,equity_lo5,ret_net_ls5,equity_ls5,ret_net_lo10,equity_lo10,ret_net_ls10,equity_ls10,ret_net_btc,equity_btc,ret_net_ew,equity_ew
2023-10-31 00:00:00+00:00,0.0,1.0,0.0,1.0,0.0,1.0,0.0,1.0,0.0,1.0,0.0,1.0
2023-11-01 00:00:00+00:00,0.0,1.0,0.0,1.0,0.0,1.0,0.0,1.0,0.0220653923221778,1.0220653923221779,0.06422069516591691,1.064220695165917
2023-11-02 00:00:00+00:00,0.0,1.0,0.0,1.0,0.0,1.0,0.0,1.0,-0.013546601591183705,1.0082198796522523,-0.02799681086874609,1.0344259096407513
2023-11-03 00:00:00+00:00,0.0,1.0,0.0,1.0,0.0,1.0,0.0,1.0,-0.006433880083877019,1.001733113848389,0.013098116353075052,1.0479749405638614
2023-11-04 00:00:00+00:00,0.0,1.0,0.0,1.0,0.0,1.0,0.0,1.0,0.009945910882288134,1.011696262126562,0.022633646819093352,1.0716944352438442
2023-11-05 00:00:00+00:00,0.0,1.0,0.0,1.0,0.0,1.0,0.0,1.0,-0.0014314614054447006,1.010248057973295,0.01061934583035199,1.0830751290761624
2023-11-06 00:00:00+00:00,0.0,1.0,0.0,1.0,0.0,1.0,0.0,1.0,0.00097709691681791,1.0112351682359622,0.04577121039671902,1.132648788684561
2023-11-07 00:00:00+00:00,0.0,1.0,0.0,1.0,0.0,1.0,0.0,1.0,0.010073306323187703,1.0214216498503832,-0.015577055765855503,1.115005455340093
2023-11-08 00:00:00+00:00,0.0,1.0,0.0,1.0,0.0,1.0,0.0,1.0,0.006373039781779832,1.027931210658851,0.025959474565689013,1.1439504110985987
2023-11-09 00:00:00+00:00,0.0,1.0,0.0,1.0,0.0,1.0,0.0,1.0,0.030214132209319677,1.0589892601597835,0.03371194172905972,1.1825152006984885
2023-11-10 00:00:00+00:00,0.0,1.0,0.0,1.0,0.0,1.0,0.0,1.0,0.016363001752808914,1.0763175032799839,0.070501329195023,1.2658840941410512
2023-11-11 00:00:00+00:00,0.0,1.0,0.0,1.0,0.0,1.0,0.0,1.0,-0.004601139414014854,1.0713652163936482,0.032885994468681956,1.3075139514589662
2023-11-12 00:00:00+00:00,0.0,1.0,0.0,1.0,0.0,1.0,0.0,1.0,-0.0017740371667116506,1.069464574680644,0.02952838104823984,1.3461227216435363
2023-11-13 00:00:00+00:00,0.0,1.0,0.0,1.0,0.0,1.0,0.0,1.0,-0.016220534516795504,1.0521172876325464,-0.059510494662103605,1.2660142926026323
2023-11-14 00:00:00+00:00,0.0,1.0,0.0,1.0,0.0,1.0,0.0,1.0,-0.025004573137704433,1.0258095439644952,0.027682619205822247,1.3010608841738793
2023-11-15 00:00:00+00:00,0.0,1.0,0.0,1.0,0.0,1.0,0.0,1.0,0.06489262384747163,1.0923770168401297,0.0737826541356439,1.3970566094002956
2023-11-16 00:00:00+00:00,0.0,1.0,0.0,1.0,0.0,1.0,0.0,1.0,-0.044764146208747246,1.043477692343223,-0.03670310105151688,1.345780299490787
2023-11-17 00:00:00+00:00,0.0,1.0,0.0,1.0,0.0,1.0,0.0,1.0,0.012454819789339933,1.0564740189555542,0.01891589902682559,1.371236943748246
2023-11-18 00:00:00+00:00,0.0,1.0,0.0,1.0,0.0,1.0,0.0,1.0,-0.0012514366120863762,1.055151908688515,-0.006323339970317929,1.362566146373066
2023-11-19 00:00:00+00:00,0.0,1.0,0.0,1.0,0.0,1.0,0.0,1.0,0.021651658139197894,1.0779976971003609,0.02685911384819869,1.3991634656242016
2023-11-20 00:00:00+00:00,0.0,1.0,0.0,1.0,0.0,1.0,0.0,1.0,0.0023800945720888755,1.0805634335679537,-0.03823576470555455,1.3456653805679863
2023-11-21 00:00:00+00:00,0.0,1.0,0.0,1.0,0.0,1.0,0.0,1.0,-0.04558573069670091,1.0313051598846226,-0.08050783035003506,1.2373287804013036
2023-11-22 00:00:00+00:00,0.0,1.0,0.0,1.0,0.0,1.0,0.0,1.0,0.046631590875071405,1.0793965601677125,0.11172677913551318,1.375571539767214
2023-11-23 00:00:00+00:00,0.0,1.0,0.0,1.0,0.0,1.0,0.0,1.0,-0.003049052697874255,1.076105423173857,-0.004647412339322893,1.3691786916196784
2023-11-24 00:00:00+00:00,0.0,1.0,0.0,1.0,0.0,1.0,0.0,1.0,0.011242742854936427,1.0882037997314031,0.009131252855699165,1.3816810084574933
2023-11-25 00:00:00+00:00,0.0,1.0,0.0,1.0,0.0,1.0,0.0,1.0,0.001779200431038408,1.0901399324009429,0.022858227842289885,1.4132637877541796
2023-11-26 00:00:00+00:00,0.0,1.0,0.0,1.0,0.0,1.0,0.0,1.0,-0.008820383545342092,1.0805244800790732,-0.01412428086206651,1.3933024530837517
2023-11-27 00:00:00+00:00,0.0,1.0,0.0,1.0,0.0,1.0,0.0,1.0,-0.005467130855174918,1.074617111354261,-0.01226925896241596,1.3762076644738976
2023-11-28 00:00:00+00:00,0.0,1.0,0.0,1.0,0.0,1.0,0.0,1.0,0.0154706828452289,1.0912421718640788,0.015257994792604458,1.3972058338519826
2023-11-29 00:00:00+00:00,0.0,1.0,0.0,1.0,0.0,1.0,0.0,1.0,0.0009458241348827556,1.0922742950472297,-0.0043159530182432515,1.391175559116262
2023-11-30 00:00:00+00:00,0.0,1.0,0.0,1.0,0.0,1.0,0.0,1.0,-0.0034521527611939273,1.0885035973236012,0.01766716714129834,1.415753690242058
2023-12-01 00:00:00+00:00,0.0,1.0,0.0,1.0,0.0,1.0,0.0,1.0,0.025409845625962824,1.116162305694899,0.020743816125062264,1.4451218244708175
2023-12-02 00:00:00+00:00,0.0,1.0,0.0,1.0,0.0,1.0,0.0,1.0,0.019849534104810163,1.1383176074482935,0.056039060886948405,1.5261050943813954
2023-12-03 00:00:00+00:00,0.0,1.0,0.0,1.0,0.0,1.0,0.0,1.0,0.013229540422328379,1.1533770262494787,-0.011381198395708761,1.508736189529539
2023-12-04 00:00:00+00:00,0.0,1.0,0.0,1.0,0.0,1.0,0.0,1.0,0.05050602592898157,1.2116295162431265,0.01648390763674425,1.5336060575259574
2023-12-05 00:00:00+00:00,0.06824513263532973,1.0682451326353297,0.0659644634609281,1.065964463460928,0.06774513263532973,1.0677451326353298,0.0649644634609281,1.064964463460928,0.04958717442505667,1.2717108004036215,0.027626168688914127,1.57597371717351
2023-12-06 00:00:00+00:00,0.009591965266017615,1.0784917028431602,0.03153646955795582,1.0995812193127263,0.009591965266017615,1.0779869068605272,0.03153646955795582,1.0985496828431685,-0.007048028149456376,1.262747746884409,-0.0153785250938413,1.5517375658167227
2023-12-07 00:00:00+00:00,0.028771233121700636,1.1095212390454807,-0.04012742695966387,1.0554578542485369,0.028771233121700636,1.1090019194599525,-0.04012742695966387,1.0544677106833173,-0.011186469570312108,1.2486220576389064,0.057662522865488286,1.6412146686868667
2023-12-08 00:00:00+00:00,0.08045122546436345,1.1987835824054285,0.060992560052668766,1.1198329308068518,0.08045122546436345,1.198222482922837,0.060992560052668766,1.1187823958507699,0.02074843655902936,1.274529013188032,0.03873233073294187,1.7047827380382021
2023-12-09 00:00:00+00:00,0.005791325532699751,1.2057261283743943,0.02750775247976515,1.1506370178861767,0.005791325532699751,1.2051617793820428,0.02750775247976515,1.1495575850745514,-0.010354986383596998,1.2613312826109706,-0.009953582365372747,1.6878140426400734
2023-12-10 00:00:00+00:00,0.08471875788094428,1.307873748314873,0.034478258854465205,1.190308978836386,0.08471875788094428,1.3072615883768781,0.034478258854465205,1.1891923290608657,0.0017365305076681992,1.263521622863501,0.040234585524154674,1.7557225410875446
2023-12-11 00:00:00+00:00,0.020778478255835675,1.335049374555612,0.017483758304887728,1.211120053330499,0.020778478255835675,1.3344244948656565,0.017483758304887728,1.2099838803201923,-0.05791592552645597,1.1903435986526716,-0.01938712256519313,1.721684132993008
2023-12-12 00:00:00+00:00,0.056908375824014944,1.4110248661064388,0.01049467352670001,1.223830362891842,0.056575042490681605,1.4099196173632875,0.009828006860033342,1.221875610196509,0.005793219467971067,1.197239520361961,0.02699177521557507,1.7681554441029774
2023-12-13 00:00:00+00:00,0.061799612863428464,1.4982256565724876,0.06628257600422334,1.304948991936497,0.061799612863428464,1.4970521038848918,0.06628257600422334,1.302864673197066,0.033178132182793085,1.236961691422994,0.021383927361675697,1.8059655516838267
2023-12-14 00:00:00+00:00,0.06480086459954444,1.5953119744836048,0.008472620899047656,1.3160053300377692,0.06480086459954444,1.5940623745671998,0.008472620899047656,1.313903351655826,0.0035743752541170792,1.241383056683107,0.04166339935700927,1.8812082156886314
2023-12-15 00:00:00+00:00,-0.023382598511915598,1.5580094350830034,0.020337587946809135,1.342769704175882,-0.023382598511915598,1.5567890540597442,0.020337587946809135,1.3406249766237337,-0.02514884155318664,1.210163710883773,-0.04064976886770421,1.8047375365288623
2023-12-16 00:00:00+00:00,0.019576610322596423,1.588509978672552,0.021718693051352763,1.3719329072195334,0.019576610322596423,1.5872657067255553,0.021718693051352763,1.3697415989880013,0.008052636724105389,1.2199087196242153,0.01555873175041177,1.832816963739614
2023-12-17 00:00:00+00:00,-0.01083583220385594,1.5712971510895055,0.016739158645238006,1.3948979098041039,-0.01083583220385594,1.5700663618645423,0.016739158645238006,1.3926699209164435,-0.02136759919986808,1.193842199042861,-0.024402671814490653,1.7880913328774448
2023-12-18 00:00:00+00:00,0.07728711214741575,1.692738170222675,0.06553145128963958,1.4863075942344517,0.07728711214741575,1.691412256852852,0.06553145128963958,1.4839336020015257,0.03101295116695857,1.2308667688628316,0.033563850573443264,1.8481065631858122
2023-12-19 00:00:00+00:00,-0.04627303256709725,1.6144100417443925,-0.03148308731795786,1.4395140424638244,-0.04627303256709725,1.6131454824071125,-0.03148308731795786,1.4372147908356598,-0.00895053190741213,1.2198498565743516,-0.027240713844018716,1.7977628211448147
2023-12-20 00:00:00+00:00,0.12312811365419202,1.8131893048487648,0.11374329239557485,1.603249109103323,0.12312811365419202,1.8117690427056818,0.11374329239557485,1.600688333024925,0.03294872574243679,1.2600423549455708,0.05529792335237819,1.897175371834236
2023-12-21 00:00:00+00:00,-0.0009535444574979186,1.8114603482367317,-0.0469322905844024,1.5280049560357016,-0.0009535444574979186,1.8100414403767435,-0.0469322905844024,1.5255643630443365,0.004416641305385882,1.265607510056959,0.04177021123483888,1.9764207878652857
2023-12-22 00:00:00+00:00,-0.03094061902639585,1.7554126437205166,-0.10433694785334864,1.3685775826181463,-0.03094061902639585,1.7540376377480578,-0.10433694785334864,1.3663916336504525,0.0024449520995490914,1.268701859795878,0.05151943011197754,2.0782448605175707
2023-12-23 00:00:00+00:00,0.04721013162275374,1.8382859056828085,0.0508543750476386,1.4381757402864002,0.04721013162275374,1.8368459854974077,0.0508543750476386,1.4358786262500682,-0.006069725424980743,1.2610011878607545,0.01590066821017442,2.1112903425041605
2023-12-24 00:00:00+00:00,0.035615970578051326,1.9037582424136537,0.05339893177787706,1.5149727885265516,0.035615970578051326,1.902267038073295,0.05339893177787706,1.5125530110545076,-0.016261438793872096,1.240495494225357,0.012968354572519908,2.1386703042712916
2023-12-25 00:00:00+00:00,0.016545750126256552,1.9352573505934312,-0.009330551090557469,1.5008372575224003,0.016545750126256552,1.9337414731586697,-0.009330551090557469,1.4984400579076869,0.013598734633590404,1.2573646632654922,0.017712382186214445,2.176551250070852
2023-12-26 00:00:00+00:00,-0.08601126743740495,1.768803413051336,-0.07028272833662119,1.3953543202744738,-0.08601126743740495,1.767417918156018,-0.07061606166995452,1.3926261223697474,-0.024490472192000512,1.2265712089445846,-0.03284463901230156,2.105063209970501
2023-12-27 00:00:00+00:00,-0.012541632105894651,1.7466197313771952,-0.09976902886201025,1.2561411748222793,-0.012541632105894651,1.7452516128491389,-0.09976902886201025,1.2536851665730506,0.021640629392459365,1.2531149819008152,0.0402078785329373,2.18970333582115
2023-12-28 00:00:00+00:00,-0.07371986196314065,1.6178591658779706,-0.07535848602071023,1.161480277659396,-0.07371986196314065,1.6165919048589519,-0.07535848602071023,1.1592093504734835,-0.01991970775187457,1.2281532976818554,-0.028821114755266414,2.1265936446994593
2023-12-29 00:00:00+00:00,0.020745556512091312,1.651422554632297,0.05479513455155012,1.2251237457527142,0.020745556512091312,1.6501290035781926,0.05479513455155012,1.2227283828060929,-0.011672136108276221,1.2138181252294846,0.006127734034501351,2.1396248449536386
2023-12-30 00:00:00+00:00,-0.006323909913358553,1.6409791071679138,0.007064624652792784,1.2337787851696806,-0.006323909913358553,1.639693736414144,0.007064624652792784,1.2313664998829343,0.0017431736790995966,1.2159340210365988,-0.019558612793500976,2.0977767510878356
2023-12-31 00:00:00+00:00,-0.020214898582770775,1.6078068809400687,-0.006825337486024281,1.2253578285778004,-0.020214898582770775,1.6065474938257276,-0.006825337486024281,1.2229620079522487,0.0034005469351414686,1.220068861745169,-0.0032496758202880567,2.090959656703463
2024-01-01 00:00:00+00:00,0.12578121269023784,1.8100387801964193,0.07904883362115758,1.32222093569543,0.12578121269023784,1.80862098584359,0.07904883362115758,1.3196357282438629,0.04483939155577654,1.2747760071619711,0.07584329748055131,2.249544931966655
2024-01-02 00:00:00+00:00,-0.05662016661002322,1.707554082891095,-0.04600649870492194,1.2613901799297376,-0.05695349994335656,1.7056136906287938,-0.0466731653715886,1.2580441516692804,0.017369122139089255,1.296917747330348,-0.032130679757535065,2.177265524157449
2024-01-03 00:00:00+00:00,-0.07849078779719934,1.5735268177186488,-0.002247534602152986,1.2585551618535296,-0.07849078779719934,1.5717387283736513,-0.002247534602152986,1.2552166539073675,-0.04675916542427505,1.23627495584125,-0.060472417289315565,2.045601014830959
2024-01-04 00:00:00+00:00,0.08148488405984158,1.7017454680255044,0.05579273625636541,1.3287733980629108,0.08148488405984158,1.6998116764275413,0.05579273625636541,1.3252486256234188,0.030478772082679795,1.2739550984518606,0.06431102487749218,2.177155712585176
2024-01-05 00:00:00+00:00,-0.0426552740411165,1.6291570487386486,-0.027601885829644103,1.2920967464361102,-0.0426552740411165,1.6273057435512348,-0.027601885829644103,1.2886692643630686,-0.00013567045894657959,1.2737822603789763,-0.022628472292376103,2.1278900048667544
2024-01-06 00:00:00+00:00,-0.025194730648723983,1.5881108757112083,0.002840684130304692,1.2957671851585295,-0.025194730648723983,1.58630621365934,0.002840684130304692,1.292329966691556,-0.00400474707164622,1.2686810846018088,-0.038561759211935456,2.0458348228695984
2024-01-07 00:00:00+00:00,-0.04437358931975122,1.5176406959181687,-0.024743261769456886,1.2637056785038798,-0.04437358931975122,1.5159161131990508,-0.024743261769456886,1.2603535080331933,-0.0008938253724500855,1.2675471052588443,-0.02925252721020845,1.9859889840460134
2024-01-08 00:00:00+00:00,0.10260186741859223,1.6733534653898248,0.04816369645767519,1.3245704152151812,0.10260186741859223,1.6714519372632075,0.04816369645767519,1.3210567918234704,0.06879324874536241,1.35474578856738,0.06395015391531737,2.1129932852498805
2024-01-09 00:00:00+00:00,0.006635091966103792,1.6844563195244848,0.03699416620623656,1.3735717933075153,0.006301758632770458,1.6819850239381169,0.036327499539569895,1.3690474818201832,-0.01791312822889546,1.3304780535392164,-0.0069037534936250144,2.09840570047483
2024-01-10 00:00:00+00:00,0.10630897627285722,1.8635291464294779,0.02631144878062648,1.4097124571936392,0.10630897627285722,1.8607951299392556,0.02631144878062648,1.4050691045163406,0.011797657774886172,1.3461745782918688,0.08445514072336859,2.275626849203151
2024-01-11 00:00:00+00:00,-0.012611285361323386,1.8400276485847122,-0.03022290565634104,1.3671068505973072,-0.012611285361323386,1.8373281115566307,-0.03022290565634104,1.3626038335299038,-0.006748190240534524,1.337090336140584,0.002114297640772386,2.2804382016816995
2024-01-12 00:00:00+00:00,-0.028157403920803938,1.7882172468580655,0.020601194455367414,1.3952708846677273,-0.028157403920803938,1.7855937217844828,0.020601194455367414,1.3906751000700825,-0.07674783056058854,1.234471553578266,-0.04527873056472314,2.1771828547782524
2024-01-13 00:00:00+00:00,0.005741302567963236,1.7984839431295276,-0.0050523391991664016,1.388221502883665,0.005741302567963236,1.795845355604703,-0.0050523391991664016,1.3836489377486938,0.0015253818538460973,1.2363545940851834,0.023940758098227197,2.229306262840106
2024-01-14 00:00:00+00:00,-0.06759987388226203,1.676906655394698,-0.057729025223931515,1.3080808287272898,-0.06759987388226203,1.674446436053779,-0.057729025223931515,1.3037722333203334,-0.0260371606696137,1.2041634308743725,-0.03661129305249809,2.1476884779474976
2024-01-15 00:00:00+00:00,0.04771379831755229,1.7569182413475621,0.015057878287398501,1.3277777506363446,0.04771379831755229,1.7543406355971933,0.015057878287398501,1.3234042769241607,0.018660583456239666,1.2266338230711555,0.030556423762824032,2.213314157190196
2024-01-16 00:00:00+00:00,0.017188244155407203,1.7871165810409326,0.009965935322639456,1.3410102978220262,0.01685491082207387,1.7839098905617246,0.008965935322639455,1.3352698340767672,0.014745560571238991,1.2447212264079817,0.014468380670702783,2.2453372289602798
2024-01-17 00:00:00+00:00,-0.04273613689288065,1.7107421221900305,-0.03714313433951484,1.2912009721793498,-0.04273613689288065,1.7076724732741149,-0.03714313433951484,1.2856737272501522,-0.008388205744593757,1.2342802486662083,-0.012039295399045311,2.218304950790353
2024-01-18 00:00:00+00:00,-0.06960456654328132,1.5916666583076602,-0.021627544117318813,1.263275466189216,-0.06960456654328132,1.588810670973977,-0.021627544117318813,1.2578677619935719,-0.0338647048234878,1.1924817123756661,-0.058594981949527926,2.0883234122402436
2024-01-19 00:00:00+00:00,0.011203394164767195,1.6094987272595986,0.01702654962443232,1.2847846886036147,0.011203394164767195,1.6066107431740866,0.01702654962443232,1.2792849098641292,0.008022019236585853,1.2020478236116205,0.011207685692278571,2.1117286846684586
2024-01-20 00:00:00+00:00,-0.011575884006716273,1.590867356683884,-0.053472611813881625,1.216083895685495,-0.011575884006716273,1.5880128035671592,-0.053472611813881625,1.210878204479608,0.0008884028264701804,1.2031157262956695,0.004760218667806338,2.1217809749745595
2024-01-21 00:00:00+00:00,-0.023415499286898196,1.553616403227903,-0.007879408454426917,1.2065018739565383,-0.023415499286898196,1.5508286908976472,-0.007879408454426917,1.2013372005179501,-0.00277508367701107,1.1997769794820712,-0.014428620857154415,2.091166601744728
2024-01-22 00:00:00+00:00,-0.07010834620176601,1.4446949265656588,-0.003757404385787231,1.2019685585238735,-0.07010834620176601,1.4421026561365635,-0.003757404385787231,1.1968232908519147,-0.048395719803089654,1.1417129089568596,-0.06304227465388434,1.959334702490507
2024-01-23 00:00:00+00:00,0.0162309292196053,1.4681436676626687,0.010073007514955918,1.2140759968466253,0.01589759588627197,1.465028621390342,0.009073007514955917,1.2076820775638883,0.008329453937801379,1.151222754042209,-0.00712578213551478,1.9453729102700061
2024-01-24 00:00:00+00:00,0.006194398239652657,1.4772379342131954,-0.018284390516457694,1.1918773572036239,0.006194398239652657,1.474103592103723,-0.018284390516457694,1.1856003468379832,0.004694016682707636,1.1566266128551959,0.010287006066873772,1.9653849732002857
2024-01-25 00:00:00+00:00,-0.028103724343424747,1.4357220465204175,-0.0013421416213029724,1.1902776889950324,-0.028103724343424747,1.4326757910975878,-0.0013421416213029724,1.1840091032662607,-0.003088196846292135,1.1530547221970389,-0.0184037889072939,1.9292144430319402
2024-01-26 00:00:00+00:00,0.05379453082379326,1.5129560404063596,-0.0058245270007399146,1.1833448844571026,0.05379453082379326,1.5097459131022894,-0.0058245270007399146,1.1771128102751647,0.04660583582680067,1.2067938012790713,0.04595754492460937,2.017876402466786
2024-01-27 00:00:00+00:00,0.007094630858091255,1.523689905017562,-0.02391546874677153,1.1550446368562168,0.007094630858091255,1.5204570030452622,-0.02391546874677153,1.1489616056496046,0.007104138318376307,1.215367031365117,0.01206812635437812,2.042228389859273
2024-01-28 00:00:00+00:00,-0.0018593761307581502,1.5208567923774952,-0.036034585549736,1.1134230820756577,-0.0018593761307581502,1.5176299015859558,-0.036034585549736,1.1075592503774618,-0.0021265114030820653,1.212782539513989,0.005241242939857106,2.0529322049891987
2024-01-29 00:00:00+00:00,0.037249369727013606,1.5775077493386043,-0.0036660777797487346,1.1093411864550007,0.037249369727013606,1.5741606588989023,-0.0036660777797487346,1.1034988520198978,0.03025476873531141,1.2494749947732084,0.03667286264547315,2.1282191057632356
2024-01-30 00:00:00+00:00,0.0008866447119400731,1.5789064382425997,-0.003179891693353346,1.1058136016310978,0.0005533113786067397,1.5750316599032261,-0.004513225026686679,1.0985185133840416,-0.008350518558888909,1.2390412306404872,-0.0036720297224150282,2.1204042219510617
2024-01-31 00:00:00+00:00,-0.05507892353057571,1.4919419712687019,0.011439356001476827,1.118463397091431,-0.05507892353057571,1.4882806115491805,0.011439356001476827,1.1110848577328547,-0.008409193057467013,1.22862189372587,-0.04593645564485676,2.0230003674602397
2024-02-01 00:00:00+00:00,0.02252566670753753,1.5255489588604871,0.01881042689533019,1.1395021710575222,0.02252566670753753,1.5218051245722275,0.01881042689533019,1.131984838223747,0.011811648661343321,1.2431339438721942,0.019864320525614137,2.063185895182905
2024-02-02 00:00:00+00:00,0.016941556665464336,1.5513941329929621,0.0001139784823711576,1.139632049785638,0.016941556665464336,1.5475868723239619,0.0001139784823711576,1.1321138601376748,0.0027170847671955656,1.246511644174673,0.023033694209007277,2.110708688188885
2024-02-03 00:00:00+00:00,-0.005040605188352253,1.5435741676770185,0.0033047254371138353,1.1433982208095148,-0.005040605188352253,1.5397860979059,0.0033047254371138353,1.135855185608981,-0.004372916666666726,1.2410607526306676,-0.012901410490589202,2.083477568976507
2024-02-04 00:00:00+00:00,-0.016698937482215365,1.5177981191518173,-0.004141668270188248,1.1386626446781984,-0.016698937482215365,1.514073306120985,-0.004141668270188248,1.1311508502272154,-0.00995580442160382,1.2287049945021482,-0.012070559078660142,2.0583288298911127
2024-02-05 00:00:00+00:00,0.008676257557664657,1.5309669265541175,-0.007932951385650163,1.1296296892733104,0.008676257557664657,1.5272097960860755,-0.007932951385650163,1.122177485522526,0.0029547085589325395,1.232335459665807,0.009873711058034093,2.078652174019879
2024-02-06 00:00:00+00:00,-0.010962106247675647,1.5141843044435537,-0.019507186105307845,1.107593792694575,-0.011628772914342314,1.5094502201748317,-0.020507186105307842,1.099164782983729,0.009137482526979213,1.24359590339588,0.011212677829806877,2.1019594311673915
2024-02-07 00:00:00+00:00,0.043369226331008814,1.5798533062498272,0.019817623811512163,1.129543669814162,0.043369226331008814,1.574913908408985,0.019817623811512163,1.120947617159763,0.029018108329785353,1.279682704039099,0.03135209287088043,2.167860258464174
2024-02-08 00:00:00+00:00,0.011996233980144488,1.5988055961659051,0.01433564267909641,1.145736404255053,0.011996233980144488,1.5938069441528429,0.01433564267909641,1.1370171216613498,0.021173809910348673,1.3067784623599839,0.0024693608301263143,2.173213487671613
2024-02-09 00:00:00+00:00,0.007260405183080093,1.6104135726030453,-0.04175847422033385,1.0978922001546705,0.007260405183080093,1.605378628350999,-0.04175847422033385,1.0895370214983762,0.04071925305788526,1.3599895052594142,0.03795990140806998,2.2557084574023154
2024-02-10 00:00:00+00:00,0.014991439804489026,1.634555990737056,0.012407784009056844,1.111514609439418,0.014991439804489026,1.6294455654213362,0.012407784009056844,1.103055761530999,0.013118685789101692,1.3778307802553884,0.008657116726381328,2.275236388818733
2024-02-11 00:00:00+00:00,0.011269344614247223,1.6529763654879543,0.010649191937156858,1.1233513418562924,0.011269344614247223,1.6478083490282263,0.010649191937156858,1.1148024140529296,0.011495025558578842,1.3936689802898208,0.004940777705085654,2.286477826042408
2024-02-12 00:00:00+00:00,0.03099325724964045,1.7042074872110984,-0.00519350915433181,1.1175172063788308,0.03099325724964045,1.6988792970877635,-0.00519350915433181,1.1090126775102744,0.03348406490353306,1.440334682879886,0.03886336216836966,2.3753380418858403
2024-02-13 00:00:00+00:00,-0.009303553118302405,1.6883523023292213,0.018640634264654454,1.138348435907397,-0.009970219784969073,1.681941097107665,0.017640634264654457,1.1285763645490983,-0.004360815405169416,1.4340536492061835,-0.01989579882689846,2.3280787940586007
2024-02-14 00:00:00+00:00,0.0335680599282752,1.7450270135938502,0.010390196251900186,1.1501760995595185,0.0335680599282752,1.7384005966512042,0.010390196251900186,1.1403024944620195,0.04216493536465804,1.4945204286344143,0.03336563206565465,2.405756614521013
2024-02-15 00:00:00+00:00,-0.014415106685915797,1.7198722630230896,-0.0006589784952521285,1.1494181582441558,-0.014415106685915797,1.7133413665876174,-0.0006589784952521285,1.1395510596400866,0.001637797501195637,1.4969681504579175,-0.003036698732317414,2.398451056459433
2024-02-16 00:00:00+00:00,-0.014113074989713073,1.6955995768023173,-0.01592237136612562,1.1311166954736243,-0.014113074989713073,1.689160851397989,-0.01592237136612562,1.1214067044778353,0.004705281418658558,1.5040118068805908,-0.009725588599890395,2.375124708207336
2024-02-17 00:00:00+00:00,0.0008618291975424066,1.697060894024946,-0.021810791648145145,1.1064461448989107,0.0008618291975424066,1.6906166195390693,-0.021810791648145145,1.096947936493636,-0.00923699224792518,1.4901192614796468,0.00397850446226882,2.384574152457384
2024-02-18 00:00:00+00:00,0.014803273871014358,1.722182951214986,-0.009609681358614989,1.0958135500059643,0.014803273871014358,1.7156432803689947,-0.009609681358614989,1.0864066163569421,0.009585683458475325,1.5044030730355678,0.02013265201469034,2.4325819540720333
2024-02-19 00:00:00+00:00,-0.00918401291465091,1.706366400749636,-0.006023230289187017,1.0892132126402667,-0.00918401291465091,1.6998867903251518,-0.006023230289187017,1.0798629391189278,-0.0069611856456185395,1.4939306439583282,0.005685853827024246,2.446413259485144
2024-02-20 00:00:00+00:00,0.002444741472134544,1.7105380254562055,0.03596466781842589,1.1283864040163143,0.002111408138801211,1.703475945129285,0.03496466781842589,1.1176199880746502,0.009349928044047662,1.5078987879821364,-0.016301781761873763,2.4065323644296632
2024-02-21 00:00:00+00:00,-0.03932866784300574,1.6432648436202075,-0.014554021475235584,1.1119638440598971,-0.03932866784300574,1.636480505504745,-0.014554021475235584,1.1013541227670594,-0.007834658340927003,1.4960849161655985,-0.03221036249240843,2.3290170846216713
2024-02-22 00:00:00+00:00,-0.02298140680437033,1.6055003057616515,-0.01413862494039527,1.096242204321454,-0.02298140680437033,1.5988718812803189,-0.01413862494039527,1.0857824898986979,-0.010819220824005882,1.4798984430861386,-0.017900647837737614,2.2873261699817844
2024-02-23 00:00:00+00:00,-0.019046672521305836,1.5749208672049528,-0.018749948574530936,1.0756877193651961,-0.019046672521305836,1.5684186921540484,-0.018749948574530936,1.065424124049971,-0.010611947102289299,1.4641938390913483,0.032650778356307836,2.3620091497864424
2024-02-24 00:00:00+00:00,0.03182580918318645,1.625043998203236,-0.011669260233196995,1.0631352394382694,0.03182580918318645,1.618334886169886,-0.011669260233196995,1.052991412687706,0.016239704478250294,1.4879719143370664,0.031662946495576084,2.4367973191181913
2024-02-25 00:00:00+00:00,0.02369811330381862,1.6635544749963467,0.03241404962292127,1.0975957578452977,0.02369811330381862,1.6566863696658622,0.03241404962292127,1.0871231285910752,0.0031149029382824267,1.4926068024251167,0.01286936924105723,2.4681573635835417
2024-02-26 00:00:00+00:00,0.019237002034601616,1.695556275816522,-0.012724109311649544,1.0836298294424713,0.019237002034601616,1.688556048729821,-0.012724109311649544,1.0732904550676599,0.05311581448263403,1.5718878284382467,0.022800943408293306,2.524433679953373
2024-02-27 00:00:00+00:00,0.012166860416274091,1.7161858723523191,-0.00635123943274074,1.0767474369392223,0.011500193749607424,1.7079747704472854,-0.007684572766074073,1.0650426764665597,0.04700873606531397,1.6457802884895798,0.017151206143332928,2.567730762393426
2024-02-28 00:00:00+00:00,0.024524039279932925,1.7582736820975533,0.006329791775383472,1.0835630240097254,0.024524039279932925,1.749861210806869,0.006329791775383472,1.0717841748404902,0.09458295215029322,1.8014430467656855,0.04577290497204983,2.685263258574269
2024-02-29 00:00:00+00:00,-0.0009044257649502736,1.7566834540776302,0.009034499518101166,1.0933524736279734,-0.0009044257649502736,1.748278591242728,0.009034499518101166,1.0814672084515948,-0.020840561185672013,1.7638999627270617,0.002191153685304093,2.6911470830593056
2024-03-01 00:00:00+00:00,0.03596758108089252,1.8198671086456297,-0.015491773469740473,1.0764145047839484,0.03596758108089252,1.8111599432252397,-0.015491773469740473,1.0647133634433101,0.02056109684484042,1.8001676806853033,0.05017337785196799,2.8261710225128613
2024-03-02 00:00:00+00:00,0.05131576100847446,1.9132549742600722,0.06736680431004172,1.1489291100842192,0.05131576100847446,1.9041009940199083,0.06736680431004172,1.136439700244682,-0.006421437490282567,1.7886080164517557,0.022779666033974272,2.8905502545606
2024-03-03 00:00:00+00:00,-0.006643092700594859,1.9005450441061884,0.01336488830476671,1.16428441931059,-0.006643092700594859,1.8914518746053393,0.01336488830476671,1.151628089903555,0.018176148396896963,1.8211180211826623,-0.004048138541014683,2.878848906670373
2024-03-04 00:00:00+00:00,0.004510850690222391,1.9091181190301938,0.030344113303278908,1.1996135976473927,0.004510850690222391,1.8999839315994254,0.030344113303278908,1.1865732231468271,0.08130909844524137,1.9691914856474066,0.01933620013841653,2.934514905298013
2024-03-05 00:00:00+00:00,-0.0534509716128733,1.8070739006442889,-0.025762672279691125,1.1687083456689418,-0.05411763827953996,1.7971612884521895,-0.026762672279691122,1.1548173528398917,-0.0662561793261438,1.8387203814468365,-0.03308099988940612,2.837438218040389
2024-03-06 00:00:00+00:00,0.07892674033059517,1.9497003531586363,0.030356354120559738,1.2041860700737217,0.07892674033059517,1.9390053707980532,0.030356354120559738,1.189873397347267,0.03687825044280779,1.906529172168128,0.06648705852859407,3.02609113891451
2024-03-07 00:00:00+00:00,-0.008132153668826542,1.9338450902785849,-0.03564595150740905,1.1612617118139763,-0.008132153668826542,1.9232370811580435,-0.03564595150740905,1.1474592279254703,0.011337735667442228,1.9281448959644376,0.03238299452288283,3.124085031691723
2024-03-08 00:00:00+00:00,0.014577679595364155,1.9620360643917338,0.03642520641129432,1.2035609093643334,0.014577679595364155,1.9512734151130886,0.03642520641129432,1.1892556671511998,0.01946959415424332,1.9656850945594408,-0.008801732258366002,3.0965876716904037
2024-03-09 00:00:00+00:00,0.020548512539541448,2.00235298706392,0.0110459357211307,1.2168553658056376,0.020548512539541448,1.991369181351614,0.0110459357211307,1.2023921088065423,0.002775519239201163,1.9711408913576016,0.010302900386934766,3.1284915060112404
2024-03-10 00:00:00+00:00,-0.012085824559428672,1.9781529001562177,-0.02351816744202798,1.1882371575598905,-0.012085824559428672,1.9673018427927453,-0.02351816744202798,1.174114049860657,0.009406810711886537,1.989683040609062,-0.009577836873100107,3.0985273247077854
2024-03-11 00:00:00+00:00,0.043462867184599276,2.0641290969265373,0.037480096143291314,1.2327724004662663,0.043462867184599276,2.052806421498064,0.037480096143291314,1.2181199573326236,0.04527851721999632,2.079772938425614,0.045366566668708114,3.239096871158955
2024-03-12 00:00:00+00:00,-0.04127383024314545,1.9789345829800542,-0.050435457435384905,1.1705969605350326,-0.04160716357647879,1.967394968927948,-0.05076879076871824,1.1562774800876037,-0.008686272251904659,2.061707464460305,0.016662703427207083,3.2930689816950713
2024-03-13 00:00:00+00:00,0.007572468284096448,1.9939200023459724,0.003645350175701813,1.174864196370795,0.007572468284096448,1.9822930049324459,0.003645350175701813,1.160492516402801,0.02267815838910625,2.1084631928913384,0.01075603654921974,3.328489352021285
2024-03-14 00:00:00+00:00,-0.0005896311730328634,1.9927443249560555,0.02697096745494317,1.2065514203750898,-0.0005896311730328634,1.9811241831826527,0.02697096745494317,1.1917921222944061,-0.02303838069662678,2.0598876151686825,-0.010438349438880657,3.293745417061293
2024-03-15 00:00:00+00:00,-0.05865826170468058,1.875853406832266,0.00600790411304793,1.213800265616165,-0.05865826170468058,1.864914882376053,0.00600790411304793,1.1989522950878366,-0.026461942143979122,2.0053789882729895,-0.04251268164112468,3.153719466738853
2024-03-16 00:00:00+00:00,-0.08884828081912773,1.7091870565665155,-0.005194783483540896,1.2074948360440247,-0.08884828081912773,1.6992204012029348,-0.005194783483540896,1.192723997507761,-0.06042056205876711,1.8842128626606938,-0.0755656702260055,2.915406541529931
2024-03-17 00:00:00+00:00,0.04987688745215704,1.7944359870215674,0.03292343216236013,1.2472497103649205,0.04987688745215704,1.783972225910143,0.03292343216236013,1.231992565128127,0.04736324902225286,1.9734553056858242,0.048292883692377574,3.0561999305560326
2024-03-18 00:00:00+00:00,-0.049214260907324316,1.706124146174796,0.00931969697075367,1.2588736997123817,-0.049214260907324316,1.696175351332781,0.00931969697075367,1.2434743625053426,-0.011455624132592601,1.9508481434614167,-0.044630319671240294,2.9198007506760946
2024-03-19 00:00:00+00:00,-0.1143715271438142,1.5109921220798486,-0.10965372721827922,1.1208335064418542,-0.11470486047714752,1.5016157943133777,-0.10998706055161254,1.1067082725020896,-0.08390165417862072,1.7871687571737127,-0.06628327114316457,2.7262668058350155
2024-03-20 00:00:00+00:00,0.1441237809992945,1.728762019774144,0.06148219194165668,1.1897448072195522,0.1441237809992945,1.7180343401980807,0.06148219194165668,1.1747511229354823,0.09530768162693293,1.9574996680960264,0.09766581445840654,2.9925298738578108
2024-03-21 00:00:00+00:00,-0.006653661720747773,1.7172594220988902,0.004930324540027731,1.1956106352389573,-0.006653661720747773,1.7066031208737746,0.004930324540027731,1.1805430272253161,-0.034481462477213065,1.890002216741416,-0.017623967403808605,2.9397896249060174
2024-03-22 00:00:00+00:00,-0.02475118709988222,1.6747552128434848,0.015286779420312238,1.2138876712924345,-0.02475118709988222,1.6643626677237848,0.015286779420312238,1.1985897280786972,-0.026024380901316868,1.8408160791486043,-0.029876954650517575,2.8519576636006385
2024-03-23 00:00:00+00:00,0.010593832285128817,1.692497288686994,0.028829966260900952,1.248884011900319,0.010593832285128817,1.6819946466872804,0.028829966260900952,1.2331450294998687,0.003031037371247214,1.8463956614780965,-0.0006403649564720535,2.850131369855527
2024-03-24 00:00:00+00:00,0.06395984802832817,1.8007491580597714,0.03229617712629995,1.2892181911588558,0.06395984802832817,1.7895747686738603,0.03229617712629995,1.2729708997950129,0.05032004214407837,1.9393063689783179,0.047411482686994015,2.985260323953091
2024-03-25 00:00:00+00:00,0.017700942793729947,1.832624115892445,-0.018680799273877703,1.2651345649095855,0.017700942793729947,1.821251929279259,-0.018680799273877703,1.2491907859344549,0.039726534701165495,2.016348290741726,0.031141670278431028,3.07822631665692
2024-03-26 00:00:00+00:00,0.0042224342869404685,1.8403622507944635,0.002634837235847122,1.2684679885695667,0.003889100953607135,1.8283349618941778,0.002301503902513789,1.2520658034032672,0.0015453632591067024,2.0194642813078008,0.009627426373987398,3.1078617138830054
2024-03-27 00:00:00+00:00,-0.0023288093921163995,1.8360763978999168,0.016966747813342547,1.2899897650409244,-0.0023288093921163995,1.8240771182629838,0.016966747813342547,1.2733092881353207,-0.007401411670572067,2.004517394807826,-0.022203345065861513,3.0388567878326813
2024-03-28 00:00:00+00:00,0.06086574228643478,1.9478305507526985,0.05538539277629506,1.3614363548551167,0.06086574228643478,1.935100926053761,0.05538539277629506,1.3438320231844,0.018865844086057848,2.0423343074460614,0.027318854105341794,3.12187487306651
2024-03-29 00:00:00+00:00,-0.01436929339439726,1.9198416020863625,-0.031769316286673746,1.3181844526935482,-0.01436929339439726,1.9072948930995246,-0.031769316286673746,1.301139398603694,-0.01314004119772949,2.015497950506684,-0.008792838341448053,3.0944247319854075
2024-03-30 00:00:00+00:00,-0.02041971069090198,1.880638991999401,-0.0020563847155180177,1.3154737583327958,-0.02041971069090198,1.8683484831801975,-0.0020563847155180177,1.2984637554316472,-0.0038419173280550556,2.007754574005973,-0.013704478450167746,3.0520172549302473
2024-03-31 00:00:00+00:00,0.05623077296825444,1.9863887761937664,0.0509166567212318,1.3824532841116155,0.05623077296825444,1.973407162563486,0.0509166567212318,1.3645771887319218,0.024400356528065048,2.056744501432572,0.02894437506446777,3.140355987060176
2024-04-01 00:00:00+00:00,-0.05601740227604726,1.875116437041095,0.003917537721402763,1.3878690970001997,-0.05601740227604726,1.8628620196837342,0.003917537721402763,1.3699229713425447,-0.022870507453632394,2.009705710982341,-0.04710551000852686,2.9924279166813754
2024-04-02 00:00:00+00:00,-0.08455582960395613,1.716564411103071,-0.015425554734898561,1.3664604462795489,-0.08455582960395613,1.7053461761716748,-0.015758888068231895,1.348334508575058,-0.0600979471584987,1.888926523359591,-0.07516815196893063,2.7674926402841993
2024-04-03 00:00:00+00:00,-0.013698134981178259,1.6930506800958944,-0.02137681230679544,1.337249877794771,-0.013698134981178259,1.6819861140608392,-0.02137681230679544,1.3195114148584737,0.007626941162614864,1.9033332548137574,-0.007949919343172435,2.7454912970111165
2024-04-04 00:00:00+00:00,0.011594787625270254,1.7126812431704257,0.0072753881137524665,1.346978889660796,0.011594787625270254,1.7014883858420282,0.0072753881137524665,1.3291113725220955,0.03827144435510177,1.9761765675645768,0.0116965930044165,2.7776041913094227
2024-04-05 00:00:00+00:00,-0.031196522939720972,1.6592515434794297,-0.027106490583845767,1.3104670190715666,-0.031196522939720972,1.6484078643814386,-0.027106490583845767,1.293083827617943,-0.009741444423889245,1.9569257533598543,-0.020573819150731365,2.7204582650051092
2024-04-06 00:00:00+00:00,0.04562596508957917,1.7349564964770525,0.02164782102387034,1.3388357745581128,0.04562596508957917,1.7236180640550938,0.02164782102387034,1.3210762748870777,0.01585623959202964,1.9879552369689413,0.03015585933994943,2.802496021784806
2024-04-07 00:00:00+00:00,0.03288909878705944,1.7920176520809368,0.01455924095930709,1.358328207204845,0.03288909878705944,1.7803063088349618,0.01455924095930709,1.3403101426987825,0.006740449372967916,2.001354948599457,0.027444303291056217,2.879408572578647
2024-04-08 00:00:00+00:00,0.012055517308767822,1.8136213519032158,-0.0076959774467456245,1.3478745439569182,0.012055517308767822,1.80176882235603,-0.0076959774467456245,1.329995146068928,0.03257781566683815,2.066554721198844,0.027678624177460424,2.959106640312409
2024-04-09 00:00:00+00:00,-0.060080533591512365,1.7046580133479106,0.014074029626408321,1.3668445702212495,-0.060080533591512365,1.693517590100329,0.013740696293074988,1.3482702054423252,-0.034543423624685876,1.9951688460208779,-0.05472133996498259,2.7971803598552363
2024-04-10 00:00:00+00:00,0.02633966421672891,1.7495581330238505,0.034984656715097685,1.4146631582933353,0.02633966421672891,1.7381242747686956,0.034984656715097685,1.3954389757389194,0.02147745350417951,2.0380199921442785,0.0004211630425857715,2.7983584288462544
2024-04-11 00:00:00+00:00,-0.020763148014256345,1.7132317985483303,0.016816320317800556,1.4384525871049874,-0.020763148014256345,1.7020353431845012,0.016816320317800556,1.4189051245388884,-0.008846672031632585,2.019990297679868,-0.03355828605225498,2.704450316214293
2024-04-12 00:00:00+00:00,-0.11947572545831031,1.508542186538523,0.056505185221640004,1.519732616971902,-0.11947572545831031,1.4986834358018488,0.056505185221640004,1.4990806214128924,-0.04127789769567636,1.9366093448259794,-0.13231757349636988,2.3466040127313277
2024-04-13 00:00:00+00:00,-0.1193110230147195,1.3285564750017498,-0.07950432396588286,1.398907302650649,-0.1193110230147195,1.3198739819011156,-0.07950432396588286,1.3798972300371048,-0.047559229828960214,1.8445056959064885,-0.09577950998667771,2.1218474302591495
2024-04-14 00:00:00+00:00,0.08494399796218635,1.441409373506948,-0.014054054157536387,1.3792469836578238,0.08494399796218635,1.4319893547300668,-0.014054054157536387,1.360504079634329,0.027177838359652595,1.8946353735632935,0.08014143458342936,2.2918953272872806
2024-04-15 00:00:00+00:00,-0.04877835473591008,1.3710997957663602,-0.00693475341765519,1.3696822459241123,-0.04877835473591008,1.3621392700069967,-0.00693475341765519,1.3510693193183512,-0.034142357265650736,1.8299480557509558,-0.04097138575206575,2.1979931997296367
2024-04-16 00:00:00+00:00,-0.01142632634725741,1.3554331620452758,-0.013667290777506684,1.350962400396279,-0.012092993013924079,1.3456669293308106,-0.015000624110840017,1.330802436311568,0.005887733504845949,1.8407223022309285,0.009845178726013435,2.219632835619537
2024-04-17 00:00:00+00:00,-0.04185999135363101,1.2986947416016357,-0.029680907686134034,1.310864610102679,-0.04185999135363101,1.2893373233041556,-0.029680907686134034,1.2913030120509221,-0.03944013635268473,1.7681239636435129,-0.03781770875072201,2.135691407508538
2024-04-18 00:00:00+00:00,0.031251546433256186,1.3392809606214247,-0.018304719743001,1.2868696007937312,0.031251546433256186,1.3296311085315256,-0.018304719743001,1.267666072312037,0.03578335689015377,1.831393374460602,0.04105674125678808,2.2233759370309616
2024-04-19 00:00:00+00:00,0.009986205574831281,1.3526552956166475,-0.006486132772271688,1.2785227937023829,0.009986205574831281,1.3429090781200121,-0.006486132772271688,1.2594438218561168,0.005481795516879773,1.8414326984503633,0.010087499648802973,2.2458042410149184
2024-04-20 00:00:00+00:00,0.030065392572060423,1.3933234080940384,-0.04592608787440936,1.219805243529372,0.030065392572060423,1.3832841667422742,-0.04592608787440936,1.201602494220671,0.017590332258871744,1.873824111448456,0.06891940299666441,2.400583728553044
2024-04-21 00:00:00+00:00,-0.009772397510466546,1.3797072978895055,0.020379919692634123,1.2446647764331547,-0.009772397510466546,1.3697661639949341,0.020379919692634123,1.226091056555357,8.623266280816111e-06,1.8738402699327323,-0.018322185248012192,2.356599788775131
2024-04-22 00:00:00+00:00,0.02141701090075846,1.4092565041282612,-0.017227985919644993,1.223221709190086,0.02141701090075846,1.399102460860704,-0.017227985919644993,1.2049679770968187,0.028921107802987844,1.9280338063850366,0.03165311479538336,2.4311935124160065
2024-04-23 00:00:00+00:00,-0.0029314782300123854,1.4051252993659058,0.02213372292663947,1.2502961595791497,-0.0029314782300123854,1.395001022455134,0.02180038959330614,1.2312367484449873,-0.0060659102786441155,1.9163385263013124,-0.01094262413558634,2.404589875608762
2024-04-24 00:00:00+00:00,-0.03632968260647621,1.3540775432176126,-0.0007370739731448941,1.2493745988212008,-0.03632968260647621,1.3443210780736292,-0.0007370739731448941,1.230329235882929,-0.031987382178456425,1.8550398734772124,-0.044388955486305504,2.297852642657544
2024-04-25 00:00:00+00:00,0.0024100750051941158,1.357340971659616,0.001041975682200583,1.2506764167711317,0.0024100750051941158,1.34756099270285,0.001041975682200583,1.2316112090278195,0.003247026462604552,1.8610632370355795,-0.004328362607802625,2.2879067032008242
2024-04-26 00:00:00+00:00,-0.013557562661419238,1.338938736383429,0.01866006894988866,1.2740141249420807,-0.013557562661419238,1.3292913501041967,0.01866006894988866,1.2545931591077342,-0.0112922286061935,1.8400476855123913,-0.023089785531770223,2.235079428107218
2024-04-27 00:00:00+00:00,0.01107708335566689,1.3537702723744796,-0.04295401412576642,1.2192901042228925,0.01107708335566689,1.344016021193268,-0.04295401412576642,1.2007033468293307,-0.004830326982856015,1.8311596535273191,0.02236111411479501,2.285058294254754
2024-04-28 00:00:00+00:00,-0.003386910910871214,1.3491851730681614,0.006813679793590746,1.227597956568561,-0.003386910910871214,1.3394639586667028,0.006813679793590746,1.2088845549617184,-0.0054104835682718955,1.8212521943110271,-0.013645506374427647,2.2538775167345624
2024-04-29 00:00:00+00:00,-0.008277937595215407,1.3380167024011131,0.0020475238138137897,1.2301114926184245,-0.008277937595215407,1.3283759596058196,0.0020475238138137897,1.2113597748761542,0.01184087991784355,1.842817422843973,-0.009486387703062676,2.232496360775602
2024-04-30 00:00:00+00:00,-0.060388045512305095,1.2572164888802904,0.0028315436394679874,1.2335946069911845,-0.060721378845638434,1.247715139713156,0.002164876972801321,1.2139822197585615,-0.05001096044843889,1.750656353596429,-0.056771063321365924,2.105755168513291
2024-05-01 00:00:00+00:00,-0.011739623394992793,1.2424572407748606,-0.020718379914695755,1.2080365252628213,-0.011739623394992793,1.2330674338686929,-0.020718379914695755,1.188830474919918,-0.03802462420886077,1.6840883036320704,0.01311778036919541,2.1333780023251463
2024-05-02 00:00:00+00:00,0.011581400433454087,1.2568466356017187,0.0065668136029270645,1.2159694759497501,0.011581400433454087,1.247348081581778,0.0065668136029270645,1.1966373030541964,0.011918793070569533,1.7041606036356276,0.013398553637088011,2.1619621819174832
2024-05-03 00:00:00+00:00,0.04690055496903059,1.3157934403223983,-0.006770650179842873,1.2077365719987274,0.04690055496903059,1.305849398847519,-0.006770650179842873,1.1885352904830657,0.06470302287768459,1.8144249461599125,0.04654208053409608,2.262584399899957
2024-05-04 00:00:00+00:00,0.012199308258280231,1.3318452101051144,-0.0014020933817972345,1.2060432125441736,0.012199308258280231,1.3217798582029499,-0.0014020933817972345,1.186868853018247,0.016062304624168355,1.8435687923628232,0.01489282379440619,2.2962806706876395
2024-05-05 00:00:00+00:00,0.003957432004264793,1.337115896964311,-0.0012895812978002499,1.2044879217729376,0.003957432004264793,1.3270107121163948,-0.0012895812978002499,1.185338289142453,0.0018775421789631874,1.8470301705303047,0.004350117982525945,2.306269762526125
2024-05-06 00:00:00+00:00,-0.00963304786172181,1.3242353955321848,0.0006804100267830222,1.205307467432051,-0.00963304786172181,1.31422755441356,0.0006804100267830222,1.1861448051995154,-0.013228925826407556,1.8225959454052225,-0.00465546788239741,2.29553299771854
2024-05-07 00:00:00+00:00,-0.023312658766960242,1.2933639476290124,0.001979705944900451,1.2076936217907592,-0.023645992100293573,1.2831513400439087,0.001313039278233784,1.1877022599184153,-0.013506014942723965,1.7979799373320315,-0.031137522998786013,2.2240557862076065
2024-05-08 00:00:00+00:00,-0.02023011008164018,1.2671990525928527,0.0011945516536297288,1.2091362742037475,-0.02023011008164018,1.2571930471834163,0.0011945516536297288,1.1891210316170207,-0.01795879707433945,1.765690380493752,-0.023363787277334003,2.1720934199257282
2024-05-09 00:00:00+00:00,0.026628545961744132,1.3009427208075002,0.004605069848832395,1.2147044312032127,0.026628545961744132,1.290670270023125,0.004605069848832395,1.1945970170263327,0.030738468090238502,1.8199649979118002,0.03381427843346616,2.2455411916105965
2024-05-10 00:00:00+00:00,-0.04271331245107135,1.2453751478927024,-0.022180071026519085,1.187762200642898,-0.04271331245107135,1.2355414675083185,-0.022180071026519085,1.1681007703406208,-0.03605320162773862,1.7543494328866591,-0.0413241308468093,2.15274615358658
2024-05-11 00:00:00+00:00,0.002541574084932681,1.2485403610946055,0.019132011948207163,1.210486481257227,0.002541574084932681,1.2386816876829974,0.019132011948207163,1.1904488882354876,0.0004276316492815013,1.7550996482280605,-0.008358561400626461,2.1347522926818643
2024-05-12 00:00:00+00:00,0.003955363297532913,1.2534787918143675,0.006680643081528751,1.218573309393522,0.003955363297532913,1.2435811237677847,0.006680643081528751,1.1984018523645916,0.010817744191257805,1.7740858672527582,0.0002491647736709473,2.135284197753714
2024-05-13 00:00:00+00:00,0.006664154803667369,1.2618321685261324,0.027030772056697346,1.2515122867541137,0.006664154803667369,1.2518685408874919,0.027030772056697346,1.2307955796681829,0.02368242529478004,1.8161005232704968,-0.0014198304910845079,2.132252456142612
2024-05-14 00:00:00+00:00,-0.036756629626928196,1.2154514708562738,0.016890377669903794,1.2726508019359157,-0.03742329629359486,1.205019493561229,0.015557044336570458,1.2499431210703358,-0.021649003306001613,1.7767837570381826,-0.03772601303085697,2.051811072197099
2024-05-15 00:00:00+00:00,0.07942615141383509,1.3119901034166728,-0.004983232443947532,1.2663088871698929,0.07942615141383509,1.300729554313446,-0.004983232443947532,1.243714363956329,0.0751737363767182,1.9103512307882058,0.07749458450109867,2.2108153187117665
2024-05-16 00:00:00+00:00,-0.016992757517141095,1.2896957737244243,-0.010273974081437523,1.2532988624840153,-0.016992757517141095,1.2786265724016186,-0.010273974081437523,1.2309364748163303,-0.014670613912531216,1.8823252054439832,-0.003430650730012983,2.203230783524704
2024-05-17 00:00:00+00:00,0.0582650255890292,1.3648399309825407,0.0007426274274794017,1.2542295965941246,0.0582650255890292,1.3531257823614116,0.0007426274274794017,1.2318506020040136,0.027420621471134998,1.933939732388039,0.04936495049390271,2.3119931620800434
2024-05-18 00:00:00+00:00,0.01964675320326466,1.3916546042685156,0.01493496376069636,1.2729614701668506,0.01964675320326466,1.3797103106604407,0.01493496376069636,1.2502482461035356,-0.0016232991167343114,1.930800369728636,0.006764998055576416,2.3276337913260208
2024-05-19 00:00:00+00:00,-0.026579708077872428,1.3546648311418314,0.027446851006337848,1.307900253975329,-0.026579708077872428,1.3430380133710556,0.027446851006337848,1.2845636234352746,-0.009582127827459264,1.9122991937765905,-0.02881486109725366,2.260563346943688
2024-05-20 00:00:00+00:00,0.16829112479975486,1.5826428993013604,0.042361265147805874,1.3633045634208605,0.16829112479975486,1.5690593912900987,0.042361265147805874,1.3389793636868426,0.07804884599558704,2.061551939049145,0.13544002291612847,2.5667340984571014
2024-05-21 00:00:00+00:00,-0.012151540640722991,1.5634113497907483,-0.031496174193901647,1.320365685412016,-0.012151540640722991,1.549992902329129,-0.03182950752723498,1.29636030995156,-0.018171328468722492,2.024090801609351,0.004317844557519221,2.577816857314723
2024-05-22 00:00:00+00:00,-0.03368867059399716,1.5107420998247312,-0.007344776103706502,1.3106678950776478,-0.03368867059399716,1.4977757020195295,-0.007344776103706502,1.286838833725234,-0.013994914206095221,1.9957638244954816,-0.02592213501968624,2.5109943406833874
2024-05-23 00:00:00+00:00,-0.014848975291306835,1.4883091277128968,-0.005972716309094314,1.302839647564911,-0.014848975291306835,1.4755352676283218,-0.005972716309094314,1.2791529104358674,-0.017305602037514634,1.9612259299878947,-0.008412297068097745,2.4898711103532465
2024-05-24 00:00:00+00:00,0.012419853831314494,1.5067937095349022,0.042244423660862555,1.3578773575988121,0.012419853831314494,1.493861199975215,0.042244423660862555,1.3331899879113456,0.008538222574340226,1.9779713134966987,0.0007706898738005781,2.491790028805064
2024-05-25 00:00:00+00:00,0.04154909176625598,1.5693996196451852,0.028444033762212273,1.3965008670032963,0.04154909176625598,1.5559297760590345,0.028444033762212273,1.3711112889389392,0.010803502670095222,1.9993403318634322,0.026551613617775416,2.5579510748665215
2024-05-26 00:00:00+00:00,-0.01729176011188312,1.5422619379026,-0.01922915138388892,1.3696473404239577,-0.01729176011188312,1.5290250116204855,-0.01922915138388892,1.3447459823997732,-0.011298795781301996,1.9767501937563867,-0.008542993048940763,2.5360985166144063
2024-05-27 00:00:00+00:00,0.01794519608611182,1.569938130794409,-0.034670409491418086,1.3221611062726275,0.01794519608611182,1.5564636652745847,-0.034670409491418086,1.2981230885280337,0.01355702215532939,2.0035490399286937,0.03288275497774002,2.6194924227356475
2024-05-28 00:00:00+00:00,-0.0062533957784605115,1.560120686314855,-0.057445327969548675,1.2462091278942151,-0.006586729111793845,1.5462116607390712,-0.05811199463621534,1.2226865665703455,-0.014949501292044975,1.9735969809676042,0.0004431564765400471,2.6206532677680308
2024-05-29 00:00:00+00:00,-0.0219880884947183,1.5258166146017231,0.008782263897063491,1.2571536653263113,-0.0219880884947183,1.5122134219111751,0.008782263897063491,1.2334245226613605,-0.010906250863507161,1.9520724371897111,-0.02432518478595431,2.556905392769658
2024-05-30 00:00:00+00:00,-0.001991659257971623,1.5227777078152847,0.021633863822350143,1.284350756525749,-0.001991659257971623,1.5092016080493968,0.021633863822350143,1.2601082608197636,0.01034331070492378,1.972263328926082,-0.010399968609410892,2.53031365694762
2024-05-31 00:00:00+00:00,-0.01854472836880968,1.4945382088577714,-0.004171563134725001,1.2789930062577701,-0.01854472836880968,1.48121387417435,-0.004171563134725001,1.2548516396531655,-0.011881992919902995,1.948828910015598,-0.00893857192600849,2.5076962663296323
2024-06-01 00:00:00+00:00,-0.0008659097018183606,1.4932440737229833,-0.030767538947190493,1.2396415391245499,-0.0008659097018183606,1.4799312767102344,-0.030767538947190493,1.2162429429571908,0.0033586018124664996,1.9553742503249636,0.010108472955359724,2.533045246218082
2024-06-02 00:00:00+00:00,-0.02706608796680158,1.452827798267692,-0.02266362726337945,1.211546765341629,-0.02706608796680158,1.4398753265899742,-0.02266362726337945,1.1886784662362935,-1.8002902599123516e-05,1.9553390479127901,-0.014614856823559598,2.4960251526170065
2024-06-03 00:00:00+00:00,-0.003376632774634995,1.4479221323081606,0.011824302255997583,1.2258724604923046,-0.003376632774634995,1.4350133963708223,0.011824302255997583,1.202733759706267,0.015410024226145236,1.985470870011454,-0.00489658205658757,2.483803160641911
2024-06-04 00:00:00+00:00,0.07441075643135094,1.5556631134269054,0.04706002519473903,1.2835620493686093,0.07407742309801761,1.541315490885107,0.04606002519473903,1.2581317069809008,0.025111793506457758,2.0353296045122686,0.03337104964715998,2.566690279229465
2024-06-05 00:00:00+00:00,-0.003489242813994209,1.5502350270873848,-0.018316364689267485,1.2600518587710703,-0.003489242813994209,1.535937466884438,-0.018316364689267485,1.2350873078087081,0.00808303741651284,2.0517812498604777,0.009854568305697123,2.5919839039057004
2024-06-06 00:00:00+00:00,-0.03000788549124378,1.5037157519100313,-0.012197734158121903,1.2446820811723334,-0.03000788549124378,1.4898472312564588,-0.012197734158121903,1.220022041165987,-0.004344658828823844,2.0428669603384564,-0.014572948506560695,2.554211055944249
2024-06-07 00:00:00+00:00,-0.054929253527906265,1.4211177681394591,0.02185776039492119,1.27188804387045,-0.054929253527906265,1.4080110349729236,0.02185776039492119,1.2466889906183158,-0.020388123797123736,2.001216735850022,-0.055819735818342466,2.4116356695771515
2024-06-08 00:00:00+00:00,0.00027244749738612305,1.4215049481188795,0.03167729595107708,1.3121780178527709,0.00027244749738612305,1.408394644055694,0.03167729595107708,1.2861807267330818,-0.0006508486697541782,1.9999142465996043,-0.025246347639873823,2.350750677082287
2024-06-09 00:00:00+00:00,0.003946102901690431,1.4271143529194188,-0.015153531678720134,1.2922938866911187,0.003946102901690431,1.4139523142473276,-0.015153531678720134,1.2666905463459728,0.004871991904252138,2.009657812618236,0.013042198073274103,2.381409633033677
2024-06-10 00:00:00+00:00,0.004942053951498528,1.4341672290465046,0.02315542508941152,1.3222175009778994,0.004942053951498528,1.4209401428691841,0.02315542508941152,1.2960213044033526,-0.0015526617078359672,2.0065374938867304,-0.005211424739721184,2.368999095956675
2024-06-11 00:00:00+00:00,-0.0843658254874312,1.3131725268809744,-0.04967248820369281,1.2565396677578584,-0.08469915882076452,1.3005877080335073,-0.050339154870359476,1.230780687245707,-0.032006902502156986,1.9423144439529754,-0.054194196869594514,2.2406130925665075
2024-06-12 00:00:00+00:00,0.09651287325619225,1.4399105805313515,0.051335721771783506,1.3210450385370853,0.09651287325619225,1.4261111646575066,0.051335721771783506,1.293963702168237,0.014109198885703833,1.969718944741283,0.05544465920286919,2.3648431218893444
2024-06-13 00:00:00+00:00,-0.03129116488457939,1.3948541011368945,0.024436135551802834,1.3533262741688141,-0.03129116488457939,1.3814864850604691,0.024436135551802834,1.3255831745935327,-0.021841383722223218,1.9266975574442562,-0.049159603604894284,2.248588371429504
2024-06-14 00:00:00+00:00,-0.020565412680022432,1.3661683509185925,-0.002568114088814931,1.3498507778973576,-0.020565412680022432,1.353075645383327,-0.002568114088814931,1.322178925766963,-0.010917884336799966,1.9056620963600848,-0.021165013460979338,2.200996968279997
2024-06-15 00:00:00+00:00,0.033199731981085084,1.4115247740101307,0.016066963598559154,1.3715387812093212,0.033199731981085084,1.397997394160187,0.016066963598559154,1.3434223264380427,0.0027899586321176173,1.9109788147757238,0.018550782536760974,2.2418271844026294
2024-06-16 00:00:00+00:00,0.01390501461956195,1.4311520466286152,0.013758065405703346,1.3904085014676575,0.01390501461956195,1.417436568364094,0.013758065405703346,1.3619052186726592,0.006773846508098869,1.9239234919472432,0.014996277832009268,2.2754462477112822
2024-06-17 00:00:00+00:00,-0.09422935724106639,1.2962955091605641,-0.02714366656621521,1.3526677167129884,-0.09422935724106639,1.2838724315971626,-0.02714366656621521,1.3249381175222201,-0.002587703951910103,1.9189449475239586,-0.0639305507022279,2.129975716001782
2024-06-18 00:00:00+00:00,-0.036172230220819716,1.2494056095689934,0.042838323152747264,1.410613733479828,-0.036505563554153055,1.2370039449500674,0.0421716564860806,1.3808129526796815,-0.019983811580388866,1.8805971132595005,-0.05295093731334204,2.017191505384831
2024-06-19 00:00:00+00:00,0.012765929448246505,1.2653554334329946,-0.012861634812498208,1.3924709347783157,0.012765929448246505,1.2527954500385026,-0.012861634812498208,1.363053440737948,-0.0030832222994838787,1.8747988143035539,0.021095095801795322,2.0597443534414914
2024-06-20 00:00:00+00:00,-0.002464315170706629,1.2622371988420495,0.011208274062858957,1.4080781306398764,-0.002464315170706629,1.2497081672051804,0.011208274062858957,1.3783309172640619,-0.0016064796011104887,1.8717869882521891,-0.009707743163789296,2.039748884275216
2024-06-21 00:00:00+00:00,-0.01049737075623347,1.248987026983495,-0.007385543497856103,1.3976787083576556,-0.01049737075623347,1.2365895172369346,-0.007385543497856103,1.3681511943201683,-0.011198244365383747,1.8508262601577954,-0.005842993218675911,2.027830645376594
2024-06-22 00:00:00+00:00,-0.0004184233744567074,1.248464421617012,0.030653625059490205,1.4405226274372838,-0.0004184233744567074,1.2360720992783145,0.030653625059490205,1.4100899880555524,0.0018466390078755168,1.854244068126603,-0.012330829827752899,2.002825810768953
2024-06-23 00:00:00+00:00,-0.014997527462614475,1.2297405421677137,0.01893403235920558,1.467797529479349,-0.014997527462614475,1.2175340740236165,0.01893403235920558,1.436788677518788,-0.016370480786393027,1.8238892012360532,-0.02413998602359141,1.9544776236893024
2024-06-24 00:00:00+00:00,-0.03727215822085239,1.183905458109442,-0.07977906728312992,1.3506980116170042,-0.03727215822085239,1.1721539513773291,-0.07977906728312992,1.3221630169433773,-0.04614316624851034,1.7397291786045552,0.023808874333628327,2.0010115358196097
2024-06-25 00:00:00+00:00,0.022791358831952338,1.2108882722283212,-0.009687101250165772,1.3376136632200726,0.022458025498619007,1.1984782147056683,-0.010687101250165773,1.3080329269120787,0.025089189014368074,1.7833775728003762,0.02769044677980305,2.0564204392579946
2024-06-26 00:00:00+00:00,-0.01292799915647739,1.1952339096663651,-0.0024917415234675744,1.3342806757130696,-0.01292799915647739,1.182984289356897,-0.0024917415234675744,1.3047736469540292,-0.015225380185519222,1.756224971240162,-0.009620112459847657,2.0366374433676033
2024-06-27 00:00:00+00:00,0.015312677657663086,1.2135361412505945,-0.027830444003391925,1.297147052082829,0.015312677657663086,1.2010989464538988,-0.027830444003391925,1.2684612170353735,0.013825353458531753,1.780505402220257,0.02482196395455979,2.0871907845753808
2024-06-28 00:00:00+00:00,-0.016135818337731145,1.1939547425291037,0.006606991287955721,1.3057172913551378,-0.016135818337731145,1.1817182320482784,0.006606991287955721,1.276841929245436,-0.020721165868020086,1.7436112544519453,-0.028709542521446738,2.027268491995242
2024-06-29 00:00:00+00:00,-0.0005181520982749563,1.1933360923740168,0.01001988660005315,1.3188004305462449,-0.0005181520982749563,1.1811059222667728,0.01001988660005315,1.2896357405826684,0.009248055201046546,1.759736267582283,-0.0034782505218966158,2.0202171443049353
2024-06-30 00:00:00+00:00,0.025834625040573135,1.2241654828678823,-0.009967438086358879,1.3056553689065116,0.025834625040573135,1.2116193509017352,-0.009967438086358879,1.276781376184455,0.029274097229099905,1.8112509581770602,0.033668761944415086,2.0882353544125642
2024-07-01 00:00:00+00:00,-0.012811701623716474,1.2084818399633261,0.004838061033689816,1.311972209270246,-0.012811701623716474,1.196096445296461,0.004838061033689816,1.282958522409114,0.002038806786655245,1.8149437489229274,-0.01541196741034805,2.0560515391852214
2024-07-02 00:00:00+00:00,-0.03319023800287554,1.1683720400727904,-0.03963746085776654,1.259968962178819,-0.0338569046695422,1.1556003219724806,-0.04097079419109987,1.2303946928317726,-0.01215453293394797,1.7928839553533806,0.0012491511107031355,2.0586198582490574
2024-07-03 00:00:00+00:00,-0.054413086396426315,1.1047973113131409,0.008622019145603416,1.270832438693591,-0.054413086396426315,1.092720541813254,0.008622019145603416,1.241003179430017,-0.031011111688702075,1.737284630769035,-0.06189196161649219,1.931207836999358
2024-07-04 00:00:00+00:00,-0.071204396724764,1.0261308852579474,0.030503054483933784,1.309596709811012,-0.071204396724764,1.014914034844684,0.030503054483933784,1.2788575670269058,-0.05246046327616427,1.6461458741963315,-0.08569411918333715,1.7657146824477403
2024-07-05 00:00:00+00:00,0.0056408885496713745,1.031919175219063,0.06538086748520647,1.3952192787542281,0.0056408885496713745,1.02063905180274,0.06538086748520647,1.3624703841491457,-0.007383346646214428,1.6339918085769043,-0.01401586413891817,1.7409666653504596
2024-07-06 00:00:00+00:00,0.040686374566768414,1.0739042253046567,-0.09011370296389165,1.2694909030990744,0.040686374566768414,1.0621651545618576,-0.09011370296389165,1.2396931326548302,0.02827784241902398,1.680197571453818,0.07580881203228984,1.872947280038495
2024-07-07 00:00:00+00:00,-0.05556161558468834,1.0142363715635068,0.018782647676217474,1.2933353034601474,-0.05556161558468834,1.0031495425566406,0.018782647676217474,1.262977851992112,-0.040740420809639244,1.6117456153494556,-0.06631780505074585,1.7487375274505774
2024-07-08 00:00:00+00:00,0.038481459300740095,1.053265667217158,-0.05806386004790072,1.218239263405028,0.038481459300740095,1.04175220085109,-0.05806386004790072,1.1896444827504438,0.015339126256471713,1.6364683848366155,0.05267314881814662,1.8408490394778596
2024-07-09 00:00:00+00:00,0.009263537829373133,1.063022633569804,-0.1084788280165354,1.0860860958671232,0.008596871162706465,1.0507080103052728,-0.10914549468320207,1.0598001471835046,0.023545604290392763,1.6750000218597165,0.04544321580363711,1.92450313964077
2024-07-10 00:00:00+00:00,0.022663821856243344,1.0871147891661848,0.028728365125301226,1.1172875737867067,0.022663821856243344,1.0745210694737595,0.028728365125301226,1.0902464727716403,-0.005583979328165345,1.6656468563629754,-9.126057243670667e-06,1.924485576514952
2024-07-11 00:00:00+00:00,-0.02007114047481214,1.0652951555205845,0.011872094031982933,1.1305521169234687,-0.02007114047481214,1.0529542061452062,0.011872094031982933,1.103189981414423,-0.0066860860429079905,1.6545101981642334,-0.02233398084021898,1.8815041525217893
2024-07-12 00:00:00+00:00,0.036729713169263135,1.1044231410234613,0.02702211169101032,1.1611020224994828,0.036729713169263135,1.0916289121172889,0.02702211169101032,1.133000504308607,0.009578148824491928,1.67035734307389,0.020396666423125372,1.9198805650945014
2024-07-13 00:00:00+00:00,0.019236093136088723,1.12566792742584,0.03780104045261419,1.2049928870215978,0.019236093136088723,1.1126275875408242,0.03780104045261419,1.1758291022048089,0.02271446610847283,1.7082986183321807,0.008909065492175626,1.9369849067860834
2024-07-14 00:00:00+00:00,0.041722780689482576,1.1726339234910128,-0.0035456177100619025,1.2007204429008753,0.041722780689482576,1.1590495043648583,-0.0035456177100619025,1.1716600617160253,0.026921989418961845,1.7542894156593467,0.03808587116398261,2.010756664392517
2024-07-15 00:00:00+00:00,0.048819952308817895,1.229881855711546,-0.011833723959590925,1.1865114486269486,0.048819952308817895,1.2156342458915097,-0.011833723959590925,1.1577949599712005,0.06457837119729937,1.8675785687312894,0.05729797366613888,2.1259689467978933
2024-07-16 00:00:00+00:00,-0.0071119870607117,1.2211349518675214,0.02917157398026878,1.2211238551290053,-0.007445320394045034,1.2065834594488742,0.028504907313602112,1.1907977979933353,0.0049417419837483045,1.8768076601523374,-0.008299943647628602,2.1083235243428624
2024-07-17 00:00:00+00:00,-0.023939238110304406,1.1919019114899496,-0.01530325891704661,1.202436680604184,-0.023939238110304406,1.1776987707131727,-0.01530325891704661,1.1725747109727942,-0.014697745325894074,1.8492228191377311,-0.01828953044800466,2.069763277050149
2024-07-18 00:00:00+00:00,0.009119101424740891,1.202770985909169,0.009696809230533919,1.214096479707799,0.009119101424740891,1.1884383252510988,0.009696809230533919,1.1839449442536458,-0.001561447004345129,1.846335355706422,0.003426507479687618,2.076855336400144
2024-07-19 00:00:00+00:00,0.04210640686299971,1.253415350404872,-0.00029253107758135145,1.2137413187563024,0.04210640686299971,1.2384791929057035,-0.00029253107758135145,1.1835986035633064,0.041759132036171875,1.9234367176084188,0.03449342011080462,2.1484931800279607
2024-07-20 00:00:00+00:00,0.0053549141507738245,1.260127282001552,0.007648362485200805,1.2230244523254163,0.0053549141507738245,1.2451111426612331,0.007648362485200805,1.192651194720336,0.007200120012001321,1.9372856928106894,0.0161795396246724,2.1832548105675618
2024-07-21 00:00:00+00:00,0.02377867469453876,1.2900914387139804,0.0008421863507050995,1.2240544668257434,0.02377867469453876,1.27471823548112,0.0008421863507050995,1.1936556292776817,0.015272276003738927,1.9668724546093888,0.0385051226897678,2.2673213049114915
2024-07-22 00:00:00+00:00,-0.02760274656746734,1.2544813716822991,0.019658658353504443,1.2481177353951516,-0.02760274656746734,1.2395325110822055,0.019658658353504443,1.2171212974853889,-0.009291085469536275,1.9485980745259364,-0.035214423873407424,2.187478891423131
2024-07-23 00:00:00+00:00,-0.055275986195589745,1.1851386766985639,-0.0726119112695743,1.1574895211386569,-0.05594265286225641,1.1701897741032528,-0.0736119112695743,1.1275266725305852,-0.023633237038257815,1.9025463943383722,-0.025287677708238872,2.132162630223247
2024-07-24 00:00:00+00:00,-0.008622304583522753,1.1749200500543557,0.042684158655166324,1.2068959875006318,-0.008622304583522753,1.1601000414504108,0.042684158655166324,1.1756541999088124,-0.00849323457697837,1.886387621517672,-0.03579287839675717,2.0558463924775565
2024-07-25 00:00:00+00:00,-0.02613029937015628,1.1442190374104364,0.014390774997426765,1.2242641561020506,-0.02613029937015628,1.1297862800679808,0.014390774997426765,1.1925727749744799,0.006484795643661334,1.8986204597479466,-0.02383302994694115,2.006849343839328
2024-07-26 00:00:00+00:00,0.06699105289573826,1.2208714754699097,0.02552592437675908,1.2555146303678884,0.06699105289573826,1.2054718525168941,0.02552592437675908,1.2230142974422602,0.0320371064111753,1.9594467654513261,0.050050643136415975,2.107293444176381
2024-07-27 00:00:00+00:00,-0.0122763934656069,1.205883576866105,-0.006886104779953919,1.24686902507041,-0.0122763934656069,1.1906730057436827,-0.006886104779953919,1.2145924928426912,-0.00016919953012906053,1.959115227979299,-0.004227619358878822,2.0983846096169425
2024-07-28 00:00:00+00:00,-0.02018737151606923,1.1815399570947824,-0.012386926611480109,1.231424149962735,-0.02018737151606923,1.1666364474225803,-0.012386926611480109,1.199547424770994,0.005204686544961978,1.969311808646393,-0.015799994607548985,2.065230144100431
2024-07-29 00:00:00+00:00,-0.009770758100821028,1.1699954159875547,-0.01727116126767784,1.2101560248798156,-0.009770758100821028,1.155237524903213,-0.01727116126767784,1.1788298477495467,-0.02146802309396001,1.9270345772591642,-5.7366088319299024e-05,2.0651116699255847
2024-07-30 00:00:00+00:00,-0.00907681347517286,1.1593755858298285,0.02388657971811159,1.2390625132394604,-0.009743480141839529,1.1439814910202106,0.02288657971811159,1.2058092310341562,-0.008934532749946156,1.9098174237183636,-0.02306710699696186,2.0174755180747366
2024-07-31 00:00:00+00:00,-0.014398693948996694,1.142682091597526,0.015488119341154275,1.2582532613156636,-0.014398693948996694,1.1275096516476937,0.015488119341154275,1.2244849483070785,-0.023569227050220576,1.8648045032342782,-0.02538614303194589,1.9662595960094422
2024-08-01 00:00:00+00:00,0.024151397664965657,1.1702794611963325,0.005292102810256015,1.264912066935886,0.024151397664965657,1.154740585615724,0.005292102810256015,1.2309650485431305,0.011233830537847433,1.8857534010098267,0.006828961287591712,1.9796871066719466
2024-08-02 00:00:00+00:00,-0.06726147330329431,1.0915647404596818,0.00024372500988834034,1.2652203576419079,-0.06726147330329431,1.0770710325441015,0.00024372500988834034,1.231265065511759,-0.05899698289408972,1.7744996398679784,-0.07067808609628945,1.8397666109028725
2024-08-03 00:00:00+00:00,-0.041083878035925794,1.0467190277943192,-0.02109328039830549,1.2385327098725227,-0.041083878035925794,1.032820777607031,-0.02109328039830549,1.2052936462402815,-0.013014011925201907,1.75140628039347,-0.03284996684858079,1.7793303387255874
2024-08-04 00:00:00+00:00,-0.050191643278462705,0.9941824797384875,0.013512034394563832,1.2552678064471126,-0.050191643278462705,0.9809818055667945,0.013512034394563832,1.2215796154438294,-0.04179693594466638,1.6782028642787779,-0.05819963718852168,1.6757739585732288
2024-08-05 00:00:00+00:00,-0.04965874496753512,0.9448126255259623,0.04029110582214335,1.305843934471803,-0.04965874496753512,0.932267480266361,0.04029110582214335,1.2707984089998499,-0.07121937380719046,1.55868230716341,-0.08916956054552111,1.5263459311136256
2024-08-06 00:00:00+00:00,0.07779418971735264,1.018313558163479,0.013761956335546633,1.3238149016790424,0.07779418971735264,1.0047924734935205,0.0134286230022133,1.2878634817461214,0.03708337891930613,1.616483513774769,0.05938253390017749,1.6169842201113784
2024-08-07 00:00:00+00:00,-0.021539146906780493,0.9963799528370295,0.014476724040879185,1.3429794046918535,-0.021539146906780493,0.9831501007961162,0.014476724040879185,1.3065075259736858,-0.01584823536320812,1.590865102587721,-0.0424170646710058,1.5483964958749181
2024-08-08 00:00:00+00:00,0.09246309474403953,1.0885083268172613,-0.040745943604235446,1.2882584416066296,0.09246309474403953,1.0740552017136396,-0.040745943604235446,1.253272644001853,0.11883431252058596,1.7799144633667243,0.14590198852099287,1.774310623642006
2024-08-09 00:00:00+00:00,-0.03553520055527444,1.0498279651177236,-0.027271734886831173,1.2531253989214113,-0.03553520055527444,1.0358884347133095,-0.027271734886831173,1.2190937247137164,-0.013747043696631933,1.7554459014625547,-0.020789651798893898,1.7374233235934105
2024-08-10 00:00:00+00:00,-0.014655679528993455,1.0344420229003828,-0.014739845150031645,1.234654524587738,-0.014655679528993455,1.0207067857863605,-0.014739845150031645,1.2011244719880607,0.0014057006156844576,1.7579135328470414,0.007955123681041842,1.7512447410189227
2024-08-11 00:00:00+00:00,-0.046701848644778,0.9861316681150911,0.001627510909745519,1.2366639382962712,-0.046701848644778,0.9730378919658681,0.001627510909745519,1.2030793151701835,-0.03629009556409346,1.6941186827466093,-0.057865524863491814,1.6499080449154329
2024-08-12 00:00:00+00:00,0.031167790003130857,1.0168672128623395,-0.024316917498174252,1.2065920833357535,0.031167790003130857,1.0033653326477494,-0.024316917498174252,1.1738241347194303,0.0107992169992841,1.7124138380241312,0.058450423107373375,1.7463458682289992
2024-08-13 00:00:00+00:00,0.015175157525892047,1.0322983330004403,0.011837065391068918,1.220874592726545,0.015175157525892047,1.0185915596266981,0.01117039872440225,1.1869362183365728,0.02090278404977952,1.7482080546842036,0.010533829774376946,1.7647415783321099
2024-08-14 00:00:00+00:00,0.010933744976367527,1.0435852197129964,0.021313754821445968,1.2468960144636512,0.010933744976367527,1.0297285799747369,0.021313754821445968,1.2122342858828927,-0.031421844400999266,1.693276133209343,-0.01859695225888047,1.7319227634506063
2024-08-15 00:00:00+00:00,-0.003513252561666791,1.0399188412665221,0.03505402974866848,1.2906047444481563,-0.003513252561666791,1.026110883403319,0.03505402974866848,1.2547279826025877,-0.019465985179111134,1.6603148450961471,-0.029043650906225293,1.6816214033124017
2024-08-16 00:00:00+00:00,0.014507845462918612,1.0550058231095942,-0.007652154617396878,1.2807288373936931,0.014507845462918612,1.0409975415275532,-0.007652154617396878,1.2451266100769383,0.023175450712934476,1.6987933899566263,0.0058655654575410126,1.6914850637283325
2024-08-17 00:00:00+00:00,0.005276193673353079,1.0605722381588356,-0.008082704248622969,1.270377084978357,0.005276193673353079,1.046490046170137,-0.008082704248622969,1.2350626199355959,0.010486525598475405,1.7166078303269272,0.012818367207781834,1.7131671404016804
2024-08-18 00:00:00+00:00,-0.003462166659253696,1.056900360316152,0.013351676685345537,1.28733874908546,-0.003462166659253696,1.0428669232230459,0.013351676685345537,1.2515527767231318,-0.017895518371464747,1.6858882433627114,-0.012895934661543946,1.6910742488947563
2024-08-19 00:00:00+00:00,0.030316614345549255,1.088942000941529,0.01692353484581336,1.3091250712639737,0.030316614345549255,1.0744831175481286,0.01692353484581336,1.2727334737513802,0.017306107499313272,1.715064406534175,0.016610393217116933,1.7191636571282387
2024-08-20 00:00:00+00:00,0.02334455930276702,1.1143628720597822,0.025430879053639905,1.3424172726173755,0.02334455930276702,1.0995664524055528,0.02476421238697324,1.3042517158073694,-0.007145200501358473,1.7028099274767448,0.009419960626123445,1.735358111088249
2024-08-21 00:00:00+00:00,0.04246480531899192,1.1616840744765138,-0.014721490090888228,1.3226548900407016,0.04246480531899192,1.1462593277422493,-0.014721490090888228,1.2850511870970873,0.03630049242719502,1.7646227663540668,0.056111341629430975,1.8327313829089258
2024-08-22 00:00:00+00:00,-0.013522623589306596,1.145975058007676,-0.03977085118305249,1.2700517792423562,-0.013522623589306596,1.1307588943174591,-0.03977085118305249,1.2339436075724441,-0.012757368324922358,1.7421108237691445,0.009930640422283067,1.8509315792632277
2024-08-23 00:00:00+00:00,0.061936728616451234,1.2169530041767194,-0.020413711242007963,1.2441253089585043,0.061936728616451234,1.200794401085438,-0.020413711242007963,1.2087542390785386,0.06064346268308651,1.8477584565001897,0.06623299765066,1.9735243262041013
2024-08-24 00:00:00+00:00,0.0020873170005491284,1.2194931708712067,-0.006807615273097702,1.235655782503591,0.0020873170005491284,1.2033008396529876,-0.006807615273097702,1.200525505259166,0.0018703179587378216,1.8512143523247917,0.007362969002064512,1.9880553246427624
2024-08-25 00:00:00+00:00,-0.007074099103536957,1.2108663553243773,0.01430694635251073,1.2533342434940395,-0.007074099103536957,1.1947885702619132,0.01430694635251073,1.2177013592577297,0.0009818100937060148,1.8530318932615175,-0.020613770105736895,1.9470740092230903
2024-08-26 00:00:00+00:00,-0.02747992558616419,1.1775918379852734,0.027115382592996912,1.2873188810232847,-0.02747992558616419,1.1619558692599163,0.027115382592996912,1.2507197974980153,-0.021582061663033336,1.81303964467758,-0.0391123031197036,1.8709194603778603
2024-08-27 00:00:00+00:00,-0.06497350714938595,1.1010795662808788,0.007989871180384897,1.2976043930507382,-0.06530684048271927,1.0860722026581995,0.00732320451371823,1.2598790743644495,-0.05441321577489899,1.7143863272832927,-0.07166377134378801,1.7368423159666981
2024-08-28 00:00:00+00:00,0.004375533501040179,1.1058973768104516,0.022430478675750026,1.3267102807186224,0.004375533501040179,1.0908243479654791,0.022430478675750026,1.288138765076005,-0.006397374400403888,1.7034187560807281,-0.002564754593218672,1.732387741659126
2024-08-29 00:00:00+00:00,-0.012052654436068361,1.0925683778860007,0.00041555402427402924,1.3272616005148208,-0.012052654436068361,1.0776770190490015,0.00041555402427402924,1.2886740563236558,0.0054901422717748005,1.712770767400021,-0.012077556836903517,1.7114647302456831
2024-08-30 00:00:00+00:00,0.02591985980859664,1.1208875970721115,0.02183096219066638,1.356236998332783,0.02591985980859664,1.1056102563016978,0.02183096219066638,1.31680705092335,-0.003959297838693754,1.7059893978024763,0.009221550234734468,1.72724708823062
2024-08-31 00:00:00+00:00,-0.011501150759101,1.1079960998341787,-0.007408860541315693,1.3461888275511629,-0.011501150759101,1.0928944660631639,-0.007408860541315693,1.3070510111232376,-0.0025370412247210927,1.7016612323713143,-0.009359601980103494,1.7110807429634887
2024-09-01 00:00:00+00:00,-0.052918172847326764,1.0493629707089895,-0.0008902402790626311,1.3449903960336527,-0.052918172847326764,1.0350604878041465,-0.0008902402790626311,1.3058874216663463,-0.028353686091105557,1.653412863955254,-0.05112307948970219,1.6236050261276675
2024-09-02 00:00:00+00:00,0.06464632685992791,1.117200432308148,0.017344107584112672,1.3683180541620588,0.06464632685992791,1.10197334641853,0.017344107584112672,1.328536873600467,0.03194084799341579,1.706224272913207,0.054370564680286386,1.7118813482159798
2024-09-03 00:00:00+00:00,-0.06912175295572265,1.0399775800241176,-0.009277824885495665,1.355623038867881,-0.06945508628905597,1.0254356925547912,-0.010277824885495666,1.3148824042596776,-0.0278089086254798,1.658776038013188,-0.05190698685662358,1.623022745574034
2024-09-04 00:00:00+00:00,0.05438329386912665,1.0965349863758724,0.04052817957778091,1.4105639728268955,0.05438329386912665,1.0812022631668898,0.04052817957778091,1.3681721944631782,0.008404750022309004,1.672717635955685,0.03601097587621913,1.6814693785114554
2024-09-05 00:00:00+00:00,-0.02099111348679091,1.0735174960346197,-0.0010136063373302369,1.4091342162448284,-0.02099111348679091,1.0585066237585785,-0.0010136063373302369,1.3667854064563112,-0.030893086013844884,1.6210422261512307,-0.02068063407645314,1.6466955255836988
2024-09-06 00:00:00+00:00,-0.013882614618244174,1.0586142663512286,0.028444124191902825,1.449215804894756,-0.013882614618244174,1.0438117842300794,0.028444124191902825,1.405662420301235,-0.03946297614809535,1.5570710754455692,-0.0347098500807352,1.589538970762071
2024-09-07 00:00:00+00:00,0.025345074509307633,1.0854449238085164,0.0008734994196732222,1.450481694059313,0.025345074509307633,1.070267271675084,0.0008734994196732222,1.4068902656096245,0.0036671443399056702,1.5627810798267203,0.02369655016010322,1.6272055607141733
2024-09-08 00:00:00+00:00,0.024670804372391775,1.112223723180802,0.006103211071382935,1.4593342899933341,0.024670804372391775,1.0966716261607536,0.006103211071382935,1.415476813854914,0.013092295801802267,1.5832414719972716,0.01690668755272518,1.654716216713225
2024-09-09 00:00:00+00:00,0.07203847360351268,1.1923466225043629,0.036979199417656636,1.5132993037200222,0.07203847360351268,1.1756741761536564,0.036979199417656636,1.4678200132255244,0.03958541970605056,1.6459147501623088,0.0516527752048234,1.7401869014828892
2024-09-10 00:00:00+00:00,0.03074327195266461,1.2290032589818556,0.013752027874911735,1.5341102379278644,0.030409938619331278,1.2114263556868219,0.012752027874911734,1.4865376949495297,0.010413204305599333,1.6630539967253484,0.019178518199670935,1.7735611076438076
2024-09-11 00:00:00+00:00,-0.014870471837828267,1.2107274006305666,-0.00779725935373758,1.5221483825255169,-0.014870471837828267,1.193411874180978,-0.00779725935373758,1.474946775002901,-0.005170207018218909,1.654455663279802,-0.016563850434356774,1.7441841067206034
2024-09-12 00:00:00+00:00,0.0026244086967580254,1.2139048441501845,-0.027820613489942504,1.4798012807009333,0.0026244086967580254,1.1965438746823929,-0.027820613489942504,1.4339128508573082,0.013853291011196811,1.6773753190483398,0.015718150804720388,1.7715994555412344
2024-09-13 00:00:00+00:00,0.018052224934450058,1.2358185274458022,-0.017992205461006362,1.453176392017102,0.018052224934450058,1.2181441538520978,-0.017992205461006362,1.4081135962315063,0.04069474605520651,1.745635681696283,0.030732385825000222,1.8260449335362878
2024-09-14 00:00:00+00:00,-0.01748952344875495,1.214204650331633,-0.020551236024323294,1.423311820999784,-0.01748952344875495,1.1968393931093377,-0.020551236024323294,1.379175121366294,-0.008346887500413236,1.731065057044457,-0.007345378988093003,1.8126319414501768
2024-09-15 00:00:00+00:00,-0.01878362064854603,1.1913974907901033,0.0009322461904895957,1.4246386980227899,-0.01878362064854603,1.174358415971936,0.0009322461904895957,1.3804608521192059,-0.014352167243428138,1.7062205218365005,-0.028043692027416744,1.7617990495250895
2024-09-16 00:00:00+00:00,-0.017284084973756587,1.1708052753217668,0.012585437066256921,1.44256839869891,-0.017284084973756587,1.1540607053206309,0.012585437066256921,1.3978345552959837,-0.01552475816816612,1.6797318608534266,-0.01970468977690238,1.727083345804956
2024-09-17 00:00:00+00:00,0.003922508941804274,1.175397769483328,-0.05406389423564321,1.364577533363971,0.0035891756084709407,1.1582028318548625,-0.05473056090230987,1.3213302860360037,0.03607380287796791,1.7403261768896954,0.03415412795790294,1.7860703713915416
2024-09-18 00:00:00+00:00,0.029285406787505314,1.2098197712997736,0.006212303362950868,1.3730547029634952,0.029285406787505314,1.1921212729281727,0.006212303362950868,1.329538790615514,0.023974537250810224,1.7820496916460975,0.021670100717527407,1.824774696228188
2024-09-19 00:00:00+00:00,0.06773440476266297,1.2917661933788647,0.0002667087186868783,1.3734209086240097,0.06773440476266297,1.2728688977548706,0.0002667087186868783,1.3298933902028036,0.019235754409934414,1.8163287618609012,0.046116121687523465,1.908926228171761
2024-09-20 00:00:00+00:00,0.03491110085432229,1.3368631732361183,0.009915776499934175,1.3870394433942619,0.03491110085432229,1.317306152218721,0.009915776499934175,1.3430803158287945,0.004020144249244684,1.823630665487634,0.02340452377840357,1.953603737470225
2024-09-21 00:00:00+00:00,0.021217723784758315,1.3652283667838578,0.00783086060752458,1.3979011559326209,0.021217723784758315,1.3452563902964607,0.00783086060752458,1.3535977905667598,0.0023403092195461994,1.8278985251471218,0.019577592621453067,1.9918505955861652
2024-09-22 00:00:00+00:00,-0.004443080912404307,1.3591625466863275,0.04680893025854822,1.4633354136490149,-0.004443080912404307,1.3392793073064446,0.04680893025854822,1.416958255143524,0.003627526008319615,1.834529274587662,-0.022331326822235188,1.9473699289550668
2024-09-23 00:00:00+00:00,0.02283529425415113,1.3901994233791313,-0.06667849413391638,1.365762411854067,0.02283529425415113,1.3698621443772832,-0.06667849413391638,1.3224776124399322,-0.0037554994781276996,1.8276397008543381,0.036121383195252765,2.0177116243817648
2024-09-24 00:00:00+00:00,-0.01601029258241334,1.3679419238629291,-0.05764925037440264,1.2870272326211438,-0.01634362591574667,1.3474736299334382,-0.0583159170410693,1.2453561177042138,0.014567574134444872,1.8542639776875884,0.013399648237890305,2.0447482503939822
2024-09-25 00:00:00+00:00,-0.025413746178398457,1.3331773950230865,-0.004746750364214125,1.280918035635946,-0.025413746178398457,1.3132292771202247,-0.004746750364214125,1.2394447230989252,-0.017283587524333677,1.822215643936006,-0.01887071862719804,2.006162381497342
2024-09-26 00:00:00+00:00,0.019780353790423533,1.3595481155620384,-0.016416486448922758,1.2598898620617476,0.019780353790423533,1.339205416829605,-0.016416486448922758,1.2190973955979827,0.03201766657941674,1.8805587368593462,0.04207256161627523,2.090566771905142
2024-09-27 00:00:00+00:00,0.04493180876853893,1.4206350715020992,0.029660927612320233,1.2972593640598573,0.04493180876853893,1.3993783385203842,0.029660927612320233,1.2552569552011827,0.009144138635673427,1.897754826661715,0.03455867932888645,2.162813998591037
2024-09-28 00:00:00+00:00,-0.036774155303483526,1.3683924167531056,-0.039880968041330934,1.2455234048204689,-0.036774155303483526,1.3479173821713049,-0.039880968041330934,1.2051960926871461,0.0013387572896133015,1.9002954597698072,-0.013744272478130776,2.133087693674886
2024-09-29 00:00:00+00:00,7.29135959405638e-05,1.3684921911648689,0.011240890822806547,1.259524197431306,7.29135959405638e-05,1.3480156636746696,0.011240890822806547,1.2187435703851153,-0.0038869993015275828,1.892909012644986,-0.006630867036052006,2.118943472801889
2024-09-30 00:00:00+00:00,-0.06329023981996591,1.2818799921942936,-0.02746565958245524,1.2249305345887926,-0.06329023981996591,1.2626994290396292,-0.02746565958245524,1.1852699743626116,-0.03466997428889751,1.8272819058453618,-0.04556609941509442,2.0223914838652326
2024-10-01 00:00:00+00:00,-0.07234211042645358,1.1891460882455125,-0.01598983158866926,1.2053441016328992,-0.07300877709312026,1.1705112878892647,-0.016989831588669256,1.1651324371110845,-0.03982166382772501,1.754516500072303,-0.06748471259142047,1.8859109758292512
2024-10-02 00:00:00+00:00,-0.0336462663993667,1.149135762172639,-0.010795241258667706,1.19233212125606,-0.0336462663993667,1.1311279532734766,-0.010795241258667706,1.1525545513541708,-0.002573768480562233,1.7500007808057907,-0.030568337734229525,1.8282618121834122
2024-10-03 00:00:00+00:00,-0.038113012746273246,1.1053387362217548,-0.03666520119902672,1.1486150241341442,-0.038113012746273246,1.0880172591726986,-0.03666520119902672,1.1102959068359162,0.001705378860227258,1.7529851951427582,-0.012047655005818086,1.8062355446099148
2024-10-04 00:00:00+00:00,0.05009234073985887,1.1607077408295399,0.020478419618641164,1.1721368445786389,0.05009234073985887,1.1425185904500248,0.020478419618641164,1.1330330123169619,0.021946181495442696,1.7914565263941853,0.05028674411199961,1.8970652492477118
2024-10-05 00:00:00+00:00,-0.004422646742712236,1.1555743405203194,-0.010022837431288548,1.1603887075382038,-0.004422646742712236,1.137465634327483,-0.010022837431288548,1.1216768066302258,-0.00045098734014104025,1.7906486021803685,-0.007139955332113534,1.8835202881059783
2024-10-06 00:00:00+00:00,0.045162332938421715,1.2077627736219951,0.037567652654176234,1.2039817874468275,0.045162332938421715,1.1888362360109936,0.037567652654176234,1.1638155712919558,0.012277385671468632,1.812633085671413,0.02639643430601078,1.9332385076550063
2024-10-07 00:00:00+00:00,-0.0006634354724110261,1.2069615009557169,0.008118132728930952,1.2137558714005365,-0.0006634354724110261,1.1880475198811364,0.008118132728930952,1.1732635805717007,-0.009486005312646983,1.7954384385908544,-0.010632012437998549,1.9126842917960005
2024-10-08 00:00:00+00:00,-0.03212812092756068,1.1681840958981013,-0.019527060941933273,1.1900547865310689,-0.03279478759422734,1.1490857538147858,-0.02052706094193327,1.1491799275523547,-0.001020667266649511,1.7936058933473005,-0.016352252424058872,1.88140759544902
2024-10-09 00:00:00+00:00,-0.031525397014135516,1.1313566284893148,-0.001257067982148384,1.1885588067619182,-0.031525397014135516,1.1128603692224877,-0.001257067982148384,1.1477353302597009,-0.02452474232426416,1.7496181709816763,-0.02533016377290864,1.833751232932702
2024-10-10 00:00:00+00:00,0.014205242277017248,1.1474278234987147,0.00838221127156291,1.198521557788873,0.014205242277017248,1.128668820387784,0.00838221127156291,1.1573558902817747,-0.005106370767738344,1.7406839718986715,0.014474691742979651,1.8602942167627117
2024-10-11 00:00:00+00:00,0.064816922830807,1.2218005641883518,0.04091067945197424,1.2475538890558544,0.064816922830807,1.201825660220397,0.04091067945197424,1.2047041061209467,0.036693891346722296,1.8045564404325023,0.039730705584734446,1.9342050185898951
2024-10-12 00:00:00+00:00,0.022042875186710404,1.248732561527808,0.011636809148805938,1.262071435565648,0.022042875186710404,1.2283173532448208,0.011636809148805938,1.218723017884659,0.010652702270546932,1.8237798429228278,0.019765398635489432,1.9724353518250888
2024-10-13 00:00:00+00:00,0.048492997115349226,1.3092873460318186,0.06257824140639355,1.3410496465325887,0.048492997115349226,1.2878821431124552,0.06257824140639355,1.2949885611053737,-0.005319096759781039,1.814078981469783,0.00425690640685892,1.980831824511388
2024-10-14 00:00:00+00:00,0.024940735491298417,1.3419419354113025,-0.03537342915308427,1.2936121218701995,0.024940735491298417,1.3200028709877896,-0.03537342915308427,1.2491803749850583,0.051120868102157546,1.9068162738083962,0.04772587751372642,2.07536876154331
2024-10-15 00:00:00+00:00,-0.036565791626562406,1.292872766226107,-0.04052355566023528,1.2411903590468374,-0.03723245829322907,1.270855919146794,-0.04119022232690194,1.197726357613021,0.014983205463229288,1.9353864938194967,-0.013675131924866782,2.0469878199364575
2024-10-16 00:00:00+00:00,-0.02420507042461243,1.2615786898695407,-0.012456754136984844,1.225729155906995,-0.02420507042461243,1.2400947621243104,-0.012456754136984844,1.1828065748528491,0.008138307848598592,1.9511372649122196,-0.004601016890114744,2.0375695944030707
2024-10-17 00:00:00+00:00,-0.010672156094832705,1.2481149251653383,0.002452668267432289,1.2287354629121545,-0.010672156094832705,1.2268602772505353,0.002452668267432289,1.1857076070055008,-0.0029315286998625734,1.9454174500227581,-0.00943030436127426,2.0183546929705716
2024-10-18 00:00:00+00:00,0.021342696615600953,1.2747530633545456,-0.007026652795875405,1.2201015654362914,0.021342696615600953,1.2530447839376255,-0.007026652795875405,1.1773760513336449,0.014924257413553965,1.9744513608237175,0.02836702154391309,2.075609404029326
2024-10-19 00:00:00+00:00,-0.016922504901623576,1.2531810483915686,-0.017538243558756623,1.1987031270152495,-0.016922504901623576,1.2318401274394872,-0.017538243558756623,1.1567269433851082,-0.000730695037119311,1.9730086390133301,0.002088021115228045,2.079943320291905
2024-10-20 00:00:00+00:00,0.03548943866567648,1.2976557403454494,-0.020774175263045112,1.1738010581662743,0.03548943866567648,1.2755574420881701,-0.020774175263045112,1.1326968951317395,0.00956433355757702,1.9918791517488348,0.03468747386417171,2.152091299853489
2024-10-21 00:00:00+00:00,-0.03664530537525527,1.2501027494685375,-0.005911633219741048,1.1668619768374513,-0.03664530537525527,1.2288142500991697,-0.005911633219741048,1.1260008065385811,-0.023967004283086846,1.944139775587479,-0.029703829523483237,2.0881659467636697
2024-10-22 00:00:00+00:00,0.0017833558696953964,1.2523321275445245,-0.0010987174611494209,1.1655799252087486,0.0011166892030287296,1.2301864537047833,-0.002432050794482754,1.1232623153824508,0.0007198248673518926,1.9455392157435547,-0.00019437334153602848,2.0877600629709154
2024-10-23 00:00:00+00:00,0.0012518467415670491,1.2538998554377507,-0.0018466817628286884,1.1634274700177465,0.0012518467415670491,1.2317264586083734,-0.0018466817628286884,1.1211880073497613,-0.011232313944175898,1.9236863084816174,-0.014989678553420555,2.056465210730312
2024-10-24 00:00:00+00:00,0.024766746221480524,1.2849548749445285,0.01746458705767965,1.1837462503531675,0.024766746221480524,1.2622323152230097,0.01746458705767965,1.1407690929121477,0.022943767422919148,1.9678229197380734,0.012581634163112882,2.0823389036808897
2024-10-25 00:00:00+00:00,-0.07253248858047448,1.1917539001511896,0.03452330622890128,1.2246130846514234,-0.07253248858047448,1.170679464233191,0.03452330622890128,1.1801522136432196,-0.02199395644582236,1.9245427081482633,-0.07357615715746595,1.9291284092485592
2024-10-26 00:00:00+00:00,0.027423326922092185,1.2244357569657143,0.015169638787153973,1.243190022799608,0.027423326922092185,1.2027833899018376,0.015169638787153973,1.1980546964380476,0.005913641316056761,1.9359237634216846,0.01614229105278569,1.960268961508847
2024-10-27 00:00:00+00:00,0.03175606405742171,1.263319017298115,0.03870942974583787,1.2913131996478961,0.03175606405742171,1.2409790562787633,0.03870942974583787,1.2444307105414874,0.013845607186230069,1.9627278033925095,0.015064449041776765,1.989799333387674
2024-10-28 00:00:00+00:00,0.05389250636206655,1.3314024454751734,0.04940422743466339,1.3551095306526837,0.05389250636206655,1.307858527964458,0.04940422743466339,1.3059108483917587,0.028527808037729363,2.0187201253980054,0.02507020170248051,2.0396840040231643
2024-10-29 00:00:00+00:00,0.044725714395007686,1.390950370996311,-0.0026036331744551462,1.3515813225236561,0.04439238106167435,1.3659174821126168,-0.0032702998411218128,1.301640128351744,0.03965297837218107,2.0987683908698993,0.037801933175500096,2.1167880024423846
2024-10-30 00:00:00+00:00,-0.024615627426326576,1.356711254895355,0.008990555248599222,1.3637327890767799,-0.024615627426326576,1.3322945662778265,0.008990555248599222,1.313342595839484,-0.00538492271134583,2.0874666852960493,-0.00669345521146535,2.1026193767558694
2024-10-31 00:00:00+00:00,-0.03439095535113253,1.3100526587038699,-0.009711683139210375,1.3504886483427145,-0.03439095535113253,1.2864756833344093,-0.009711683139210375,1.3005878286954629,-0.028374281253896405,2.0282363184593204,-0.04651692817776328,2.0048119822221433
2024-11-01 00:00:00+00:00,-0.014006844354438514,1.2917029550172863,0.017738024334767233,1.3744436488508445,-0.014006844354438514,1.2684562186721742,0.017738024334767233,1.323657687250365,-0.011324188908526045,2.0052681872379536,-0.02024271438437361,1.9642291458716505
2024-11-02 00:00:00+00:00,0.0003756016728235778,1.292188120807982,0.014079381912828943,1.3937949659006776,0.0003756016728235778,1.2689326529498108,0.014079381912828943,1.3422939693510145,-0.0017449922664622974,2.0017690097590406,-0.013560216234490097,1.9375937739195432
2024-11-03 00:00:00+00:00,-0.027226594253196176,1.257006239143943,0.01656150910839823,1.4168783139236811,-0.027226594253196176,1.2343839384733146,0.01656150910839823,1.3645243831505693,-0.008630662976178316,1.9844924160796522,-0.03289596304420504,1.873854760738004
2024-11-04 00:00:00+00:00,0.0011573806498925698,1.2584610738419224,0.04188530592449894,1.4762246955601628,0.0011573806498925698,1.2358125905582418,0.04188530592449894,1.4216779043802692,-0.01346371022794457,1.9577737852400021,-0.029860318181747024,1.8179008613559857
2024-11-05 00:00:00+00:00,0.05057090319882469,1.3221025869866712,0.012706995398248787,1.494983075973427,0.05057090319882469,1.2983087494472514,0.012373662064915454,1.439269266334228,0.022431831623900944,2.001690237148193,0.04514214386845873,1.8999648035779126
2024-11-06 00:00:00+00:00,0.12164717801059764,1.4829326357341104,-0.06734828339036626,1.3942985321089671,0.12164717801059764,1.4562443450039777,-0.06734828339036626,1.3423369519101058,0.0893729329739763,2.1805871645475015,0.1661144619935299,2.2155764347309006
2024-11-07 00:00:00+00:00,0.013233413480346679,1.50255689646628,0.005673745331638817,1.4022094268964314,0.013233413480346679,1.475515428549832,0.005673745331638817,1.3499530299244922,0.0037831476979763856,2.188836647859296,0.020583098814662176,2.2611798634184037
2024-11-08 00:00:00+00:00,0.023865287592422936,1.5384158489244264,-0.001745170554831664,1.3997623322929043,0.023865287592422936,1.510729028599231,-0.001745170554831664,1.347597131646262,0.008593568843003663,2.2076465662787643,0.02626487548449914,2.320569470979145
2024-11-09 00:00:00+00:00,0.028738698566848,1.5826279182771272,-0.013467230253716064,1.380911410663437,0.028738698566848,1.5541454147683316,-0.013467230253716064,1.3294487307851344,0.0021916152418686163,2.21248487814208,0.041272012328130346,2.416344042793679
2024-11-10 00:00:00+00:00,0.12268873212931056,1.7767985310029981,0.09351688358659371,1.5100499422978488,0.12268873212931056,1.7448215452508398,0.09351688358659371,1.4537746329763126,0.04815691599591321,2.3190313265609963,0.04519159932751868,2.5255424946130476
2024-11-11 00:00:00+00:00,0.1417645618429028,2.0286855962337516,0.07770195889470538,1.6273837808432285,0.1417645618429028,1.9921754071073818,0.07770195889470538,1.5667357697500035,0.10299836966550102,2.557887772400003,0.07844427549658721,2.723656845838812
2024-11-12 00:00:00+00:00,0.008669758899066255,2.046273811235107,0.06933342638233854,1.7402158744081344,0.008669758899066255,2.009447087571652,0.06900009304900522,1.6748406836459584,-0.00785105223479976,2.537805661888135,-0.04431452049460122,2.602959298723627
2024-11-13 00:00:00+00:00,0.031511719076182144,2.1107554167276965,0.078935788007131,1.8775811857570592,0.031511719076182144,2.0727682196936623,0.078935788007131,1.8070455527959544,0.027551274837266382,2.6077254431623857,-0.016692777031886253,2.5595086795269584
2024-11-14 00:00:00+00:00,-0.050345159152912634,2.0044890993396685,0.009462516112605141,1.8953478279800098,-0.050345159152912634,1.9684143737860855,0.009462516112605141,1.8241447504554975,-0.03374388106471693,2.519730665958878,-0.05324260710051554,2.423233764532545
2024-11-15 00:00:00+00:00,0.04570484281816789,2.096103958555719,-0.0005987176951663571,1.894213049696903,0.04570484281816789,2.058380443341001,-0.0005987176951663571,1.8230526027148548,0.04244437398018164,2.6266790566741687,0.04635085707513661,2.535552726412038
2024-11-16 00:00:00+00:00,-0.020918017274664653,2.0522576197411575,-0.10124159656302961,1.7024398963150633,-0.020918017274664653,2.015323205669362,-0.10124159656302961,1.6384838465976164,-0.004890034907478302,2.61383450439629,0.047919473713001155,2.657055078633268
2024-11-17 00:00:00+00:00,0.033525864614355694,2.1210613308543795,0.07726580338236722,1.8339802826140406,0.033525864614355694,2.0828886586168025,0.07726580338236722,1.7650826173340126,-0.008068824947354392,2.5927439313389615,-0.02288417909350429,2.5962505543525194
2024-11-18 00:00:00+00:00,0.0092267462958923,2.140631825632201,-0.07549073831111755,1.6955317570314747,0.0092267462958923,2.1021069438324513,-0.07549073831111755,1.6318352273713483,0.006767384122082332,2.6102900254525303,0.05417978190291699,2.7369148431526664
2024-11-19 00:00:00+00:00,0.00023414041948769678,2.141133034065823,0.05410109620714883,1.7872618837409107,-9.919291384563654e-05,2.1018984297194776,0.053434429540482165,1.7190314118499992,0.020413737695668788,2.663575801341739,-0.025317088585257108,2.6676241276182653
2024-11-20 00:00:00+00:00,-0.02267802341764824,2.0925763689789783,0.0234739111879549,1.8292159104694619,-0.02267802341764824,2.0542315279087813,0.0234739111879549,1.7593838025410709,0.02140345673566446,2.7205855307679196,-0.02951658363544465,2.5888849769474906
2024-11-21 00:00:00+00:00,0.05260376260831822,2.202653759532525,-0.09402768395958083,1.6572189749460025,0.05260376260831822,2.1622918355454175,-0.09402768395958083,1.5939530183921335,0.04274798019993509,2.8368850671694164,0.0905208038767722,2.8232329262052764
2024-11-22 00:00:00+00:00,0.06082565752056886,2.3366316227462436,0.014300915637250663,1.6809187236991563,0.06082565752056886,2.293814658193825,0.014300915637250663,1.6167480060379005,0.0058472013826280644,2.853472905456526,0.058284397906689434,2.9877833574594916
2024-11-23 00:00:00+00:00,0.02772174719323476,2.4014071338757326,-0.05618073671693761,1.5864834714404432,0.02772174719323476,2.3574032082564105,-0.05618073671693761,1.5259179119730515,-0.012332645714516866,2.8182820350575577,0.040542826325541195,3.1089165392193143
2024-11-24 00:00:00+00:00,0.00740218649231213,2.4191827973246496,-0.02445211357701386,1.5476905974087263,0.00740218649231213,2.3748531464414993,-0.02445211357701386,1.4886059938802867,0.002330648166728677,2.824850458915889,0.014220769142779022,3.1531277236077195
2024-11-25 00:00:00+00:00,-0.06419871833672786,2.263874362314147,-0.09103330855659704,1.4067992017046735,-0.06419871833672786,2.2223906182020094,-0.09103330855659704,1.3530932651201828,-0.04994921350389636,2.6837514002269196,-0.012167535090600395,3.1147619313855777
2024-11-26 00:00:00+00:00,-0.006958822191652039,2.2481204631625635,0.005829297432786189,1.4149998526796164,-0.007625488858318705,2.205443803304078,0.0044959640994528555,1.3591767238633745,-0.011233737099909935,2.653602842555255,0.005683365833556876,3.132464262926078
2024-11-27 00:00:00+00:00,0.05761061950742648,2.3776360757726813,-0.04469757901369513,1.3517527849601023,0.05761061950742648,2.3325007871012406,-0.04469757901369513,1.298424814854916,0.04238507278190995,2.766075992171243,0.07736164557484047,3.374796853010419
2024-11-28 00:00:00+00:00,-0.0258695803354871,2.3161276283019276,0.0033036545891554567,1.3562185092515393,-0.0258695803354871,2.272159970606738,0.0033036545891554567,1.3027143619531847,-0.002285863665387078,2.759753119565039,-0.02618482584003625,3.286428385168839
2024-11-29 00:00:00+00:00,0.043043731401882335,2.4158224038270344,0.03577208932564117,1.4047332789095734,0.043043731401882335,2.3699622140836434,0.03577208932564117,1.3493151764747697,0.018987290156683212,2.812153352807032,0.01588610507199668,3.3386369318072235
2024-11-30 00:00:00+00:00,0.010524417869794559,2.4412475283041215,-0.013406183674827191,1.3859011665583696,0.010524417869794559,2.3949046867602832,-0.013406183674827191,1.3312260093837172,-0.010794274574184248,2.78179819737212,0.020594843185642406,3.4073956358715876
2024-12-01 00:00:00+00:00,0.01619700904154882,2.480788436592722,0.020940741241444773,1.414922964273485,0.01619700904154882,2.433694979625387,0.020940741241444773,1.3591028687801028,0.008061468764155144,2.8042235766484187,-0.0011912810691606839,3.403336469955433
2024-12-02 00:00:00+00:00,0.06094610830999513,2.6319828373434855,0.040655267137297606,1.4724470353647205,0.06094610830999513,2.5820192174471273,0.040655267137297606,1.4143575589774253,-0.01383503122595442,2.7654270559009304,0.05789498041338505,3.600372568223662
2024-12-03 00:00:00+00:00,-0.038459678124214504,2.530757624590798,-0.04828900415310171,1.4013440343587713,-0.03879301145754784,2.481854916361092,-0.04895567081976837,1.3451167358986753,9.463628261174861e-05,2.765688765637335,0.010882917981970866,3.6395551275881783
2024-12-04 00:00:00+00:00,0.03357822064325592,2.6157359625039103,0.01026284712629052,1.4157258139547344,0.03357822064325592,2.5651911883472147,0.01026284712629052,1.358921463326218,0.028561699051921963,2.8446815358327497,0.028525823540197535,3.7433764349225798
2024-12-05 00:00:00+00:00,-0.03284278494364001,2.5298279088180493,-0.032455098321079734,1.369778293467143,-0.03284278494364001,2.480943165809007,-0.032455098321079734,1.31481753362334,-0.016652141472148774,2.7973114964548533,-0.0184760466130387,3.6742136374207996
2024-12-06 00:00:00+00:00,0.05967586048343724,2.680797566151781,0.029792884668700188,1.4105879401860983,0.05967586048343724,2.6289955840391626,0.029792884668700188,1.353989740762965,0.028832759145512643,2.8779657050871097,0.06953682396437155,3.9297067843336233
2024-12-07 00:00:00+00:00,-0.0055317640339899166,2.665968026592935,-0.007402688006702962,1.400145797758883,-0.0055317640339899166,2.6144526008218563,-0.007402688006702962,1.3439665771478202,0.0009138683812970338,2.880595786947446,-0.004848644404443334,3.910653033522661
2024-12-08 00:00:00+00:00,0.04282223256034489,2.7801307294261415,0.03946264572636589,1.4553992553411015,0.04282223256034489,2.7264092981122485,0.03946264572636589,1.397003054049881,0.012797501081567075,2.9174602146464634,0.013551606674868892,3.963648665274843
2024-12-09 00:00:00+00:00,-0.14178688211205248,2.385944661436903,-0.07615393340163049,1.3445648773770726,-0.14178688211205248,2.339840224371603,-0.07615393340163049,1.290615776509892,-0.0379105483466009,2.806857698129824,-0.12790959044015754,3.456659987850861
2024-12-10 00:00:00+00:00,-0.034508793561836594,2.303608589665411,-0.01146866949825879,1.329144507179468,-0.03484212689516993,2.258315214359625,-0.012135336164925457,1.2749537202021881,-0.007026056763778543,2.7871365566149153,-0.014283434100016932,3.4072870127082275
2024-12-11 00:00:00+00:00,0.0880221267719862,2.5063771169779763,0.026276595717573896,1.364069900044857,0.0880221267719862,2.457096922449093,0.026276595717573896,1.3084551636665578,0.04691851376393741,2.9179048615084255,0.07422953444543152,3.6602083413835245
2024-12-12 00:00:00+00:00,0.07450588485244697,2.693116961852345,0.06753486036026735,1.45619217026603,0.07450588485244697,2.640165102824387,0.06753486036026735,1.3968215004324493,-0.011082422744128628,2.8855674063060412,0.0552271856644284,3.862351347023602
2024-12-13 00:00:00+00:00,-0.0034554067443679504,2.683811147338989,-0.004150350140710191,1.4501484628872654,-0.0034554067443679504,2.6310422585218425,-0.004150350140710191,1.3910242021215826,0.014198990863292016,2.926539551543594,0.002268814983160838,3.871114307629961
2024-12-14 00:00:00+00:00,-0.02135322128005997,2.6265031340359677,0.009602421323659256,1.4640733994097657,-0.02135322128005997,2.5748610309784365,0.009602421323659256,1.404381402581761,-4.19031937628489e-05,2.926416920189711,-0.03164459696001038,3.748614455578881
2024-12-15 00:00:00+00:00,0.014985330895295263,2.6658621525970263,-0.013337013368039274,1.444547032910047,0.014985330895295263,2.6134461755370495,-0.013337013368039274,1.3856511490417023,0.030013705383553635,3.0142495354617314,0.022132908277281257,3.831582195491099
2024-12-16 00:00:00+00:00,-0.026241981664215985,2.595904646869248,-0.01511943591148294,1.4227062966248407,-0.026241981664215985,2.544864168918191,-0.01511943591148294,1.3647008852980935,0.01526526030644626,3.0602628392491393,-0.014777548125420044,3.7749608052007266
2024-12-17 00:00:00+00:00,-0.026077857524138676,2.528209015341942,-0.012057938691358478,1.4055513913243287,-0.026411190857472008,2.4776512756465507,-0.012724605358025146,1.3473356051009278,0.0007079101319968917,3.0624292303196174,-0.027442345370299177,3.6713670270250653
2024-12-18 00:00:00+00:00,-0.08524451039094534,2.312693075663144,-0.0002871068390260349,1.405147847907277,-0.08524451039094534,2.2664451057345594,-0.0002871068390260349,1.34694877583424,-0.0558703575319216,2.891330214305453,-0.08293856354086264,3.366869119572319
2024-12-19 00:00:00+00:00,-0.09861846413234945,2.0846188365317255,-0.0012652835970345944,1.4033699373839115,-0.09861846413234945,2.042931770366737,-0.0012652835970345944,1.3452445036421312,-0.027365671293993032,2.8122070220583795,-0.0906304670887992,3.0617281986386256
2024-12-20 00:00:00+00:00,0.048645676684313965,2.186026530463679,0.03922811865525462,1.4584214998048246,0.048645676684313965,2.1423115687561105,0.03922811865525462,1.3980159146513338,0.0035252764517319513,2.822120829250637,0.021520924122763973,3.1276194188860544
2024-12-21 00:00:00+00:00,-0.0557287849580282,2.0642019280349237,-0.011454473077059192,1.4417160500003061,-0.0557287849580282,2.022923148027805,-0.011454473077059192,1.38200237899566,-0.005249707991702657,2.8073055189797693,-0.049649604538191616,2.9723343515923935
2024-12-22 00:00:00+00:00,0.03420659936644425,2.134811256398656,0.0453302219210621,1.507069358493977,0.03420659936644425,2.0921204697014986,0.0453302219210621,1.444648853530969,-0.02164330280426996,2.746546155568392,0.0007442808592370654,2.9745466031575365
2024-12-23 00:00:00+00:00,0.11413230606495009,2.3784621881048484,0.039507967314412,1.566610605449909,0.11413230606495009,2.3308990034742174,0.039507967314412,1.5017239932170734,-0.003202142493870186,2.7377513234122706,0.07708590635715698,3.203842224063538
2024-12-24 00:00:00+00:00,0.01154145184590527,2.4059130949161673,-0.01659895199392114,1.540606511216878,0.01154145184590527,2.357800962080484,-0.016932285327254472,1.476296374081138,0.03986141867321402,2.846881975137953,0.023018196720694932,3.2775888946391007
2024-12-25 00:00:00+00:00,-0.03298331234581575,2.326558111829659,-0.014915996651034713,1.5176268296550048,-0.03298331234581575,2.280032876498918,-0.014915996651034713,1.454275942309409,0.0077639591022340415,2.868985050361811,-0.019283227873118737,3.2143864011093717
2024-12-26 00:00:00+00:00,-0.0685145987610202,2.1671549163034536,-0.017581554207182583,1.4909445912831507,-0.0685145987610202,2.12381733880366,-0.017581554207182583,1.4287075109974945,-0.03658870195595676,2.764012611438027,-0.05930360894243273,3.023761686988108
2024-12-27 00:00:00+00:00,-0.027678751142839537,2.107170774687109,-0.0085040810241875,1.4782654776763047,-0.027678751142839537,2.065032727210066,-0.0085040810241875,1.4165576665641064,-0.01558142885179914,2.7209453455874297,-0.012085616096981378,2.987217664070409
2024-12-28 00:00:00+00:00,0.043296789012352115,2.1984045031317314,-0.003005473844412373,1.4738225894480508,0.043296789012352115,2.154442013503682,-0.003005473844412373,1.412300239548146,0.01061484937862045,2.7498277705982987,0.033317986991183934,3.086745743341742
2024-12-29 00:00:00+00:00,-0.04995737980951102,2.08857797439384,-0.01865469200734497,1.4463288829684298,-0.04995737980951102,2.0468117355575113,-0.01865469200734497,1.385954213557476,-0.01638824763903468,2.704762912129039,-0.03838249256334846,2.96826874780298
2024-12-30 00:00:00+00:00,-0.008566587523177146,2.0706859883772153,-0.011521369343759393,1.4296651937152036,-0.008566587523177146,2.0292775436813915,-0.011521369343759393,1.369986123169541,-0.010093537106537043,2.6774622873110796,-0.0031128545023092844,2.9590289590673176
2024-12-31 00:00:00+00:00,-0.024986997088354723,2.0189457636147368,-0.009803293582707153,1.4156497660962355,-0.024986997088354723,1.978571991605961,-0.010136626916040486,1.3560990849588186,0.008448460832582105,2.700082722576143,-0.016027279109820342,2.9116037760463045
2025-01-01 00:00:00+00:00,0.0502629043233238,2.1204238413652843,0.007303225314656027,1.4259885753046766,0.0502629043233238,2.0780207663168597,0.007303225314656027,1.3660029821252717,0.010855240659998211,2.7293927703316103,0.03764056402030292,3.0211981843803315
2025-01-02 00:00:00+00:00,0.03784396264779725,2.200669082015411,-0.009356264878840706,1.4126466484799254,0.03784396264779725,2.156661306578702,-0.009356264878840706,1.3532222963992213,0.025298178626284695,2.7984414361767493,0.04122925035866775,3.1457599207073006
2025-01-03 00:00:00+00:00,0.057871935433899235,2.328026061041185,-0.031145174754778182,1.3686495217462664,0.057871935433899235,2.2814714704658137,-0.031145174754778182,1.3110759514958052,0.012263675572221189,2.832760614057882,0.06332416207586203,3.3449625317779206
2025-01-04 00:00:00+00:00,0.0038660541779088247,2.3370263359207537,-0.020991508275729705,1.3399195039839562,0.0038660541779088247,2.2902917627759876,-0.020991508275729705,1.2835544898098707,0.0004718144831972193,2.834097151543025,0.017062733980137485,3.402036737631174
2025-01-05 00:00:00+00:00,-0.012242827933703458,2.3084145246135424,-0.02672266741177949,1.3041132807204363,-0.012242827933703458,2.262252114806343,-0.02672266741177949,1.2492544900737852,0.0014570278098766654,2.8382265099087154,0.0031848842768635493,3.412871830946168
2025-01-06 00:00:00+00:00,0.0015358562387524088,2.3119599174627967,-0.008691620939202024,1.292778422422635,0.0015358562387524088,2.265726608830499,-0.008691620939202024,1.2383964435894677,0.039364049367443865,2.94995059836075,0.011987287053171083,3.4537829052594007
2025-01-07 00:00:00+00:00,-0.08561432058917973,2.1140230398998034,0.015305551050293634,1.3125651085637429,-0.08594765392251305,2.070992722371706,0.014638884383626967,1.2565251859482687,-0.05165509861535522,2.7975706092919994,-0.09485253116922256,3.1261828545865553
2025-01-08 00:00:00+00:00,-0.03590682559494044,2.0381151833024354,0.03150043035151077,1.3539114743478782,-0.03590682559494044,1.9966299478811143,0.03150043035151077,1.2961062700531512,-0.01953491432743626,2.7429203071145265,-0.04019630473700743,3.0005218558999864
2025-01-09 00:00:00+00:00,-0.03552005560974895,1.9657212186524593,-0.014792968783306382,1.3338831041724897,-0.03552005560974895,1.925709541100287,-0.014792968783306382,1.2769330104604073,-0.026384429891623817,2.670549918573152,-0.036222718499954835,2.891834797360759
2025-01-10 00:00:00+00:00,0.023374081660456698,2.011668146938934,-0.014367522175396052,1.3147185090939053,0.023374081660456698,1.9707212331682855,-0.014367522175396052,1.2585866471161222,0.02348526765730452,2.7332684982030355,0.029667047616183346,2.9776269979921963
2025-01-11 00:00:00+00:00,0.0006949665026847462,2.0130661889155745,-0.0028601940210727,1.3109581590748012,0.0006949665026847462,1.972090818411467,-0.0028601940210727,1.2549868451130388,-0.0013314174940783907,2.7296293767085147,0.002315849197878009,2.9845227330870765
2025-01-12 00:00:00+00:00,-0.005460486698556476,2.0020738677676873,0.0038705194233999984,1.3160322480927646,-0.005460486698556476,1.9613222427291859,0.0038705194233999984,1.2598442960731602,-0.0005806554525006336,2.728044402527623,-0.00809710591673605,2.960356736406364
2025-01-13 00:00:00+00:00,-0.006353863909123773,1.9893529628758784,0.03761085168920009,1.365529341793986,-0.006353863909123773,1.9488602681169473,0.03761085168920009,1.3072281130442522,-9.476962625010188e-05,2.7277858667792017,-0.028380051467725678,2.8763416598643228
2025-01-14 00:00:00+00:00,0.03262976804636807,2.0542650886168734,-0.00796490270717687,1.3546530334428015,0.03196310137970141,2.0111518864416413,-0.009298236040510204,1.295073197490376,0.021417849900725594,2.786209175035199,0.03673858740462481,2.982014389340812
2025-01-15 00:00:00+00:00,0.0736836432095267,2.205630824464306,-0.018353845386698486,1.3297899411143703,0.0736836432095267,2.159340884482374,-0.018353845386698486,1.2713036242591804,0.04076693186038316,2.8997943746226333,0.08058521010616453,3.2223206454454476
2025-01-16 00:00:00+00:00,-0.0008231830897888663,2.2038151864672897,-0.0020431451912936716,1.3270729871907518,-0.0008231830897888663,2.157563351581178,-0.0020431451912936716,1.2687061663726011,-0.005075258203325772,2.885077169434872,-0.01587847753359589,3.1711550994707
2025-01-17 00:00:00+00:00,0.0611666268381595,2.338615127598203,-0.003589957286920173,1.3223088518501116,0.0611666268381595,2.2895342239870327,-0.003589957286920173,1.2641515654256714,0.04090699518838892,3.003097007323075,0.06667451909172847,3.382590340693191
2025-01-18 00:00:00+00:00,0.050886834249137675,2.457619847968819,0.11296758281241534,1.4716868865750787,0.050886834249137675,2.406041372550789,0.11296758281241534,1.4069597120803403,0.0045999384304846735,3.016911068657534,-0.02961086564741299,3.2824289125746877
2025-01-19 00:00:00+00:00,-0.05439384132895663,2.3239404639115087,-0.013378516552228431,1.4519978992033364,-0.05439384132895663,2.2751675399013562,-0.013378516552228431,1.388136678283955,-0.030841395103859304,2.9238653223958604,-0.057191062894091094,3.094703314190246
2025-01-20 00:00:00+00:00,-0.014026527125476992,2.29134364995646,-0.024057211286260448,1.4170668789549954,-0.014026527125476992,2.243254840687925,-0.024057211286260448,1.35474198092027,0.009162396279856155,2.9506549351485805,0.013417296389823152,3.1362258657953044
2025-01-21 00:00:00+00:00,0.06438409595344607,2.438869739377576,0.02364124835016331,1.4505681089691613,0.0637174292867794,2.3861892723716833,0.022641248350163314,1.385415030560678,0.03797975376689289,3.062720083036591,0.04136469709456164,3.2659548987540563
2025-01-22 00:00:00+00:00,-0.029471699411374615,2.3669921035151424,-0.004007837542025938,1.4447544676447692,-0.029471699411374615,2.315864219397698,-0.004007837542025938,1.37986251218991,-0.022960922265658046,2.992397205288518,-0.030095891353307855,3.167663074956351
2025-01-23 00:00:00+00:00,-0.009778322772983444,2.3438468907258683,-0.004783446600724309,1.4378435617976326,-0.009778322772983444,2.2932189515620243,-0.004783446600724309,1.3732620135465083,0.0019640011547956693,2.9982742768553123,-0.006079025755606556,3.1484067695386075
2025-01-24 00:00:00+00:00,-0.00817597447451442,2.3246836583751236,0.010291333371580096,1.4526408892282723,-0.00817597447451442,2.2744696519495804,0.010291333371580096,1.3873947107344429,0.009240273874573157,3.025979152324543,-0.009603419586157513,3.1181712983028294
2025-01-25 00:00:00+00:00,-0.007818308378782649,2.3065085646508305,-0.02044248818633117,1.4229452950112416,-0.007818308378782649,2.2566871468124563,-0.02044248818633117,1.3590329107504757,-0.0011790732379457491,3.0224113012874554,-0.0051327883763556854,3.102166384907415
2025-01-26 00:00:00+00:00,-0.03142038673967269,2.234037173531134,0.0027589350688037254,1.4268711086866375,-0.03142038673967269,2.1857811639091604,0.0027589350688037254,1.3627823943076036,-0.020304667873067395,2.961042243639008,-0.034658601043068046,2.994649637803692
2025-01-27 00:00:00+00:00,-0.02885070015700989,2.1695836368979737,0.024010737741975003,1.4611313366689134,-0.02885070015700989,2.1227198469403774,0.024010737741975003,1.3955038049767041,-0.0052345546677060595,2.9455425061412925,-0.03539405687639362,2.8886568381983966
2025-01-28 00:00:00+00:00,-0.03591458983783679,2.0916639304599007,-0.0007931634007856461,1.4599724207689266,-0.03624792317117013,2.0457756610145648,-0.001793163400785646,1.3930014386279628,-0.0073206238502596666,2.9239792974188807,-0.04867524313972016,2.7480507642518743
2025-01-29 00:00:00+00:00,0.024981787636592385,2.14391743457777,-0.018085517085818292,1.4335680646082867,0.024981787636592385,2.09688279413014,-0.018085517085818292,1.3678082873090873,0.023661199942527578,2.99316415620292,0.02881371333431093,2.8272323112011617
2025-01-30 00:00:00+00:00,0.02927982841442156,2.206690969196894,-0.009469068466628462,1.4199935104529389,0.02927982841442156,2.158279162547423,-0.009469068466628462,1.3548564169873358,0.00954081835292131,3.021721391717727,0.04361264113647869,2.9505353793990357
2025-01-31 00:00:00+00:00,-0.006771921042862988,2.1917474321874937,-0.002973738004253195,1.4157708217851122,-0.006771921042862988,2.1436634664701955,-0.002973738004253195,1.3508274289698343,-0.021899499765762886,2.955547204807604,0.0059223306442482224,2.968009425493389
2025-02-01 00:00:00+00:00,-0.06179265366070441,2.056313542198594,0.01747400119451462,1.4405100028161442,-0.06179265366070441,2.0112008123214977,0.01747400119451462,1.3744317890772364,-0.01751359666096397,2.903784943150164,-0.07638947423811736,2.741284745946172
2025-02-02 00:00:00+00:00,-0.06117144242222028,1.9305258767499607,0.09801638962701545,1.5817035925137843,-0.06117144242222028,1.8881727576310505,0.09801638962701545,1.5091486308311868,-0.029165211334154395,2.819095441614254,-0.11947578959082847,2.41376758643096
2025-02-03 00:00:00+00:00,0.052518470589795266,2.031914143230892,-0.01649157077443967,1.555618815773658,0.052518470589795266,1.9873367030711493,-0.01649157077443967,1.4842603993766856,0.03713314320824468,2.9237773163654257,0.04975788812514022,2.533871563956681
2025-02-04 00:00:00+00:00,-0.05231006542612,1.9256245814582253,0.014372103206425237,1.5779763299438139,-0.05231006542612,1.8833789901097677,0.014038769873091904,1.5050975895552785,-0.03518644109279401,2.8208999980546863,-0.06356213496543682,2.3728132776233837
2025-02-05 00:00:00+00:00,-0.03391288956347449,1.8603210876865208,0.0002447225970590612,1.5783624964093754,-0.03391288956347449,1.819508166412007,0.0002447225970590612,1.5054659209462218,-0.011770285996367091,2.7876971983104313,-0.02358557664727272,2.316849108194331
2025-02-06 00:00:00+00:00,-0.02197981378610614,1.8194315765968048,0.023593806252929686,1.6156020753465488,-0.02197981378610614,1.7795157157319716,0.023593806252929686,1.5409855922054154,-0.0006011648811647952,2.7860213326554857,-0.04058409176757115,2.222821891375757
2025-02-07 00:00:00+00:00,0.0007358377264920319,1.8207703829916357,0.027463328144841016,1.6599718852932772,0.0007358377264920319,1.7808251505304928,0.027463328144841016,1.583306185190625,-0.0004924687494659574,2.7846493042138074,-0.0076921657465275906,2.2057235769622845
2025-02-08 00:00:00+00:00,0.013599550357768683,1.8455320415050642,-0.0387240190406859,1.595691102400177,0.013599550357768683,1.8050435718435132,-0.0387240190406859,1.5219942063280674,-0.0006430634939713631,2.782858597902755,0.022818702261591585,2.2560553265363597
2025-02-09 00:00:00+00:00,-0.001447249075063032,1.842861096964997,-0.015263627898475685,1.5713350671722321,-0.001447249075063032,1.8024312242037142,-0.015263627898475685,1.49876305309904,0.00018673905907151678,2.783378266298856,0.0028124842001224872,2.2624004464968452
2025-02-10 00:00:00+00:00,0.013385389759509238,1.8675285110205104,-0.022413069443669942,1.5361166251924272,0.013385389759509238,1.8265574686543904,-0.022413069443669942,1.4651711727103243,0.010035687350816946,2.8113113803584904,0.030258134032369207,2.3308564624418384
2025-02-11 00:00:00+00:00,-0.012485680733828311,1.8442111462705866,0.0031703245115455294,1.5409866133818673,-0.012485680733828311,1.8037516552587822,0.0031703245115455294,1.4698162407927777,-0.016961983897908373,2.763625961992843,-0.015928173771215765,2.2937301756723034
2025-02-12 00:00:00+00:00,0.014939348371798555,1.8717624590558768,-0.023049920969257245,1.5054669937287317,0.014939348371798555,1.8306985296129015,-0.023049920969257245,1.4359370926031734,0.021839938524633062,2.8239833831078465,0.036872684611175786,2.378306165023005
2025-02-13 00:00:00+00:00,-0.019694485281428253,1.8348990608556708,0.002580743746016797,1.5093522182576318,-0.019694485281428253,1.7946438643667078,0.002580743746016797,1.4396428782745825,-0.0128931248485874,2.7875734127791008,-0.014553120580677342,2.3436943886256567
2025-02-14 00:00:00+00:00,0.0266261589111072,1.8837553748358553,-0.005098628576516662,1.5016565919055946,0.0266261589111072,1.8424283370881793,-0.005098628576516662,1.432302673955433,0.009236695789816451,2.8133213803847217,0.02719513257707266,2.407431468244473
2025-02-15 00:00:00+00:00,-0.014679803538632814,1.8561022160184213,0.01933725742915271,1.5306945119934574,-0.014679803538632814,1.815381851065715,0.01933725742915271,1.4599994794781732,0.0007095349684433927,2.815317530281574,-0.021465220265566545,2.355755421504349
2025-02-16 00:00:00+00:00,-0.020868684342368285,1.8173678047651625,-0.011593776965785113,1.512947981218654,-0.020868684342368285,1.7774972202549602,-0.011593776965785113,1.4430725711429409,-0.014876960727340904,2.7734341619485807,-0.01633107651110376,2.317283399474314
2025-02-17 00:00:00+00:00,-0.012518843876939356,1.7946164609503314,-0.06603924471985356,1.4130340392385468,-0.012518843876939356,1.7552450100628947,-0.06603924471985356,1.3477731484687239,-0.0035177550289164916,2.7636778999780174,0.01809972721336307,2.359225596880854
2025-02-18 00:00:00+00:00,-0.02865771066442472,1.743186861658803,0.02825770257989957,1.4529631348546237,-0.029324377331091386,1.703773543079295,0.026924369246566233,1.3840610903787027,-0.0011302986009604776,2.760554118714167,-0.04975118020421392,2.241851339068041
2025-02-19 00:00:00+00:00,0.01333057840700702,1.7664245507962102,-0.029570588474475544,1.4099981599252536,0.01333057840700702,1.7264858298830978,-0.029570588474475544,1.3431335894515801,0.01016632497746972,2.788618809002908,0.01867997836289593,2.283729073574661
2025-02-20 00:00:00+00:00,0.019430769734987065,1.8007475394969594,-0.07353678170835024,1.3063114330296548,0.019430769734987065,1.7600327784942744,-0.07353678170835024,1.2443638678789264,0.017182894357943512,2.836535351402579,0.03828321837745215,2.3711575724132565
2025-02-21 00:00:00+00:00,-0.039757388410350994,1.7291545201401948,-0.015687731477997624,1.2858183700416472,-0.039757388410350994,1.6900584717047282,-0.015687731477997624,1.2248426216587194,-0.02159625654849706,2.7752768062448077,-0.042599141568734976,2.2701482953042462
2025-02-22 00:00:00+00:00,0.01961433692946642,1.7630707395013343,-0.014162269247101067,1.2676082640822488,0.01961433692946642,1.7232078479992436,-0.014162269247101067,1.2074960706654634,0.0038367893861199764,2.7859249588385526,0.027335393697198267,2.3322036927074112
2025-02-23 00:00:00+00:00,0.006555818616299687,1.7746291114772106,0.00501826519359901,1.2739694585130112,0.006555818616299687,1.734504886088911,0.00501826519359901,1.2135556061682915,-0.003034768875022631,2.7774703204853206,0.0008878282476344113,2.334274289025034
2025-02-24 00:00:00+00:00,-0.10217147698569154,1.5933126340557786,0.026932046546271043,1.3082800632682114,-0.10217147698569154,1.5572879600383083,0.026932046546271043,1.246239142240104,-0.04888030085811046,2.6417067355955255,-0.1268249375038525,2.0382300982025843
2025-02-25 00:00:00+00:00,0.027971959492240368,1.6378807105140616,0.012415879195848233,1.3245235104880861,0.027638626158907036,1.600329259787574,0.0110825458625149,1.2600506446896413,-0.0313750916410277,2.558822944677496,0.01686443891526912,2.0726037051889845
2025-02-26 00:00:00+00:00,-0.02072666108904042,1.60393291212296,0.010428652185687483,1.3383365054907324,-0.02072666108904042,1.567159777589082,0.010428652185687483,1.273191274599461,-0.04995816437454048,2.430988847401952,-0.01610672193416897,2.0392208536297773
2025-02-27 00:00:00+00:00,-0.018896684073561335,1.5736238986073852,-0.03211974784534325,1.2953494744021523,-0.018896684073561335,1.5375456543791883,-0.03211974784534325,1.232296691900435,0.005442011990729023,2.4442183178588417,0.0006749825089670362,2.0405972920378983
2025-02-28 00:00:00+00:00,0.029221076932449054,1.619606883611332,0.014179784357144919,1.313717250616316,0.029221076932449054,1.5824743942329553,0.014179784357144919,1.2497703932556063,-0.0042338096093689215,2.4338699628572953,-0.0034487617274646474,2.03355975819595
2025-03-01 00:00:00+00:00,0.010704154209272954,1.6369434054519076,0.01603481120520911,1.334782458706975,0.010704154209272954,1.5994134441810506,0.01603481120520911,1.26981022556132,0.02032710396711601,2.4833434906347365,-0.004419478079164124,2.0245724854219325
2025-03-02 00:00:00+00:00,0.07578727370057543,1.7610028833532432,-0.09404481281898627,1.2092530922238114,0.07578727370057543,1.7206286286355799,-0.09404481281898627,1.150391160582771,0.09534090292481712,2.7201077013043196,0.1275302097253086,2.282766639091881
2025-03-03 00:00:00+00:00,-0.13630087602384655,1.5209766476716764,0.03909924613569609,1.2565339765170218,-0.13630087602384655,1.4861054392408406,0.03909924613569609,1.1953705877227259,-0.08538654927336375,2.487847091038042,-0.15974394982042778,1.9181084796450407
2025-03-04 00:00:00+00:00,-0.01045766434809836,1.50507078440903,-0.06773027843627466,1.1714285804228846,-0.010790997681431692,1.4700688788916296,-0.06873027843627466,1.1132124343940095,0.012309933784973248,2.5184723239958586,0.0007881149706474751,1.9196201696531747
2025-03-05 00:00:00+00:00,0.024523404352323808,1.541980243833962,-0.04305594343361029,1.1209916177276824,0.024523404352323808,1.5061199724344565,-0.04305594343361029,1.0652820227891495,0.038083806073143656,2.6143853355834965,0.054404692595808685,2.0240565148838696
2025-03-06 00:00:00+00:00,-0.03376114058021695,1.4899212320499664,-0.02260713015984369,1.0956492143176189,-0.03376114058021695,1.4552716443144242,-0.02260713015984369,1.0411990534430136,-0.007440124556858829,2.59493398304713,-0.02554045316697593,1.9723611942581656
2025-03-07 00:00:00+00:00,-0.012478874921825237,1.471328691351843,0.03341608343279083,1.1322615198763282,-0.012478874921825237,1.4371114914877456,0.03341608343279083,1.0759918478830082,-0.034805673493573885,2.5046155580958125,-0.027591034998907707,1.9179417075169012
2025-03-08 00:00:00+00:00,0.0047027397567336315,1.4782479672838862,0.030694952055217956,1.1670162329429004,0.0047027397567336315,1.4438698528336238,0.030694952055217956,1.1090193660655825,-0.006673828580645025,2.4879001832006646,-0.002448190416820974,1.913246221008537
2025-03-09 00:00:00+00:00,-0.0787536937804584,1.361830479536826,0.024134178028038526,1.1951812104703554,-0.0787536937804584,1.330159768584729,0.024134178028038526,1.1357846368827518,-0.0636502442229373,2.329544728937652,-0.10151202421437415,1.7190287242934588
2025-03-10 00:00:00+00:00,-0.051922243971004825,1.2911211851311644,0.0005747182203031977,1.195868102888577,-0.051922243971004825,1.2610948885598574,0.0005747182203031977,1.1364373930079088,-0.026488223045525672,2.2678392285630227,-0.06517775619257477,1.6069862892134268
2025-03-11 00:00:00+00:00,0.08689093462430786,1.4033079116204552,0.03165528025681958,1.233723642835706,0.08689093462430786,1.3706726020767608,0.030988613590152918,1.1716540122492316,0.055182677560879245,2.392984669472729,0.055542157493717007,1.6962417747791627
2025-03-12 00:00:00+00:00,0.06231107552700132,1.490749536889076,0.022805245866701032,1.2618590138421362,0.06231107552700132,1.4560806861075573,0.022805245866701032,1.198373870069282,0.009008839546240877,2.414542684396623,0.030573722187588578,1.748102199564243
2025-03-13 00:00:00+00:00,-0.030041250872813948,1.44596555606286,0.005909304649463821,1.2693157231796013,-0.030041250872813948,1.412338200925141,0.005909304649463821,1.2054554263514785,-0.030644554525017353,2.3405500994516486,-0.030152435678978254,1.6953926604316016
2025-03-14 00:00:00+00:00,0.014456107027832918,1.4668685888998645,-0.05137011545052379,1.2041108279367,0.014456107027832918,1.4327551131172118,-0.05137011545052379,1.1435310419293425,0.03534971863674374,2.4232878869224668,0.037338573990304026,1.7586962047257455
2025-03-15 00:00:00+00:00,0.01741139563637032,1.4924088182477644,-0.003162383818915501,1.2003029673382521,0.01741139563637032,1.4577013792417282,-0.003162383818915501,1.1399147578659174,0.004229893597767154,2.433538136840907,0.021052716111593872,1.7957215366503743
2025-03-16 00:00:00+00:00,-0.049304634683391635,1.418826146665786,0.008299067473996669,1.2102643626534306,-0.049304634683391635,1.3858299452607385,0.008299067473996669,1.1493749873560513,-0.020914662400679962,2.3826415082696997,-0.04708382021424572,1.711172106663879
2025-03-17 00:00:00+00:00,0.028454550304891926,1.4591982066299836,0.0004175882568989321,1.210769754839018,0.028454550304891926,1.4252631131521858,0.0004175882568989321,1.1498549528535444,0.017384295133135996,2.4240620514459206,0.03494353737353476,1.7709665131256385
2025-03-18 00:00:00+00:00,-0.02547033132747778,1.4220319448346566,-0.009646427275564232,1.1990901524515107,-0.02547033132747778,1.3889611894313671,-0.009979760608897565,1.138379675689111,-0.015414826063030795,2.386695556556888,-0.013799197542890976,1.746528596369173
2025-03-19 00:00:00+00:00,0.05386467658036187,1.4986292356301183,-0.017483880647416756,1.1781254033405557,0.05386467658036187,1.4637771346827624,-0.017483880647416756,1.1184763813079175,0.04994146771149088,2.505890635631833,0.06252571669895404,1.855731548592374
2025-03-20 00:00:00+00:00,-0.031076962281900967,1.4520563913998872,-0.0012951897346804592,1.1765995074119828,-0.031076962281900967,1.4182873878791171,-0.0012951897346804592,1.117027742180365,-0.030197727147636355,2.430218433955206,-0.035328074170758124,1.790172126802687
2025-03-21 00:00:00+00:00,-0.0188678834766847,1.424659160605379,-0.0007843960223479956,1.1756765874384723,-0.0188678834766847,1.3915273067081624,-0.0007843960223479956,1.1161515500625463,-0.0015981308755205204,2.4263346268416432,-0.012738259728420095,1.767368449292896
2025-03-22 00:00:00+00:00,0.013122039540782133,1.44335359444298,0.007861724880260044,1.1849194333170763,0.013122039540782133,1.409786983048865,0.007861724880260044,1.1249264264738137,-0.0029516419489445944,2.4191729557748807,0.0099621277375114,1.7849751995439995
2025-03-23 00:00:00+00:00,0.02430787641933585,1.4784384552461043,0.014632752787018994,1.2022580664573397,0.02430787641933585,1.4440559108104052,0.014632752787018994,1.1413871967759897,0.02674015056430301,2.483862004853391,0.01857389637222049,1.8181291439273133
2025-03-24 00:00:00+00:00,0.03292298219249005,1.5271130581808643,-0.02552365748453781,1.17157204336106,0.03292298219249005,1.4915985378469763,-0.02552365748453781,1.1122548209082426,0.01644538669299811,2.5247100760152503,0.04953653650428113,1.9081929646349658
2025-03-25 00:00:00+00:00,0.009751224587127886,1.5420042805811216,-0.007130786926776378,1.1632178127504842,0.009417891253794552,1.505646250670738,-0.007797453593443044,1.1035820655581272,-0.0012033395902268929,2.5216719924269366,0.01094873415358453,1.9290852621184944
2025-03-26 00:00:00+00:00,-0.015565119625747173,1.5180027994904624,-0.00953557785046662,1.1521258587399523,-0.015565119625747173,1.4822106866649902,-0.00953557785046662,1.0930587728576189,-0.005534776464029556,2.5077151016332495,-0.02334525491965674,1.8840502749125851
2025-03-27 00:00:00+00:00,0.019084482727759124,1.5469730976980283,0.033670439082102835,1.1909184422815713,0.019084482727759124,1.5104979109135483,0.033670439082102835,1.1298625416822794,0.003714682811951864,2.5170304678185587,0.007472671579271542,1.898129163855843
2025-03-28 00:00:00+00:00,-0.0631692400129229,1.4492519827960066,0.008296117162212718,1.200798441209379,-0.0631692400129229,1.4150809058400318,0.008296117162212718,1.139236013705271,-0.0321857767578666,2.436017887088602,-0.07068390341237026,1.7639619853736535
2025-03-29 00:00:00+00:00,-0.04409157484161411,1.3853521805321989,0.007980631763862916,1.2103815713912918,-0.04409157484161411,1.352687760173247,0.007980631763862916,1.1483278368227838,-0.02103468216171689,2.384777025093436,-0.047590567633054276,1.680014033206592
2025-03-30 00:00:00+00:00,-0.0013773506789326686,1.383444064765782,0.007172281542727421,1.2190627687954392,-0.0013773506789326686,1.3508246347683885,0.007172281542727421,1.1565639673718282,-0.0031283069247198814,2.377316710611923,-0.011182525308853606,1.66122723376103
2025-03-31 00:00:00+00:00,-0.01555655340824691,1.3619224432849308,-0.019696270873524435,1.1950517782894154,-0.01555655340824691,1.3298104591924385,-0.019696270873524435,1.1337839701879147,0.0019422262340362817,2.3819339974938862,-0.006135294237500051,1.651035115886558
2025-04-01 00:00:00+00:00,0.028976702123862975,1.401386464239802,0.0001521358766883871,1.1952335885393937,0.028643368790529644,1.367900710596591,-0.0008478641233116129,1.1328226754360065,0.031596967704788925,2.4571958890876395,0.03530708682475042,1.7093283560738766
2025-04-02 00:00:00+00:00,-0.06174870736482529,1.3148526615544311,0.010104365947256323,1.2073106661104482,-0.06174870736482529,1.2834346099138256,0.010104365947256323,1.1442691303019619,-0.0310251468030025,2.3809610259049614,-0.0709444977488948,1.5880609143642714
2025-04-03 00:00:00+00:00,0.0021050946805055335,1.3176205508979177,0.008587875510991494,1.217678899814097,0.0021050946805055335,1.2861363612839318,0.008587875510991494,1.1540959711440657,0.008444393222235336,2.40106679705452,0.0017823000678437086,1.5908913154396827
2025-04-04 00:00:00+00:00,0.019732788877076336,1.3436208790488835,0.031501955412163864,1.2560381662223734,0.019732788877076336,1.311515418568279,0.031501955412163864,1.190452250968404,0.00813309540602325,2.420594902391199,0.008385746921955631,1.604232127391297
2025-04-05 00:00:00+00:00,-0.010421789769877399,1.3296179447170182,0.0019053568097535658,1.2584313670956957,-0.010421789769877399,1.2978470805960076,0.0019053568097535658,1.192720487271473,-0.004194546969735313,2.410441603378417,-0.010056919820764584,1.588098493512228
2025-04-06 00:00:00+00:00,-0.10102955485267362,1.195287235638131,0.03584687583889893,1.303542200063751,-0.10102955485267362,1.166726167776551,0.03584687583889893,1.2354757904892046,-0.061145713465215135,2.263053431773607,-0.12287728686927937,1.3929572593482555
2025-04-07 00:00:00+00:00,0.01153907765158831,1.2090797478661117,-0.022747161200703525,1.2738903155069812,0.01153907765158831,1.1801891116246646,-0.022747161200703525,1.2073722235233801,0.009348973607038236,2.2842106585785755,0.017735414179203657,1.4176619332767253
2025-04-08 00:00:00+00:00,-0.027840459234051245,1.1754184124349283,0.014637056445889604,1.2925363199609288,-0.028173792567384576,1.1469387084034652,0.013970389779222936,1.2242396840946088,-0.03588559538492875,2.202240399110883,-0.04328073713443155,1.3563044797970853
2025-04-09 00:00:00+00:00,0.11791750760301514,1.314020822019948,-0.019507164888084384,1.2673226008436131,0.11791750760301514,1.2821828622718232,-0.019507164888084384,1.200358238714439,0.0824502158081466,2.3838155952789943,0.12685873803928258,1.5283635545011691
2025-04-10 00:00:00+00:00,-0.031957876957089626,1.2720275062707809,0.012360602872160117,1.2829874722235541,-0.031957876957089626,1.2412070201228513,0.012360602872160117,1.2151953902075137,-0.036408787630172745,2.2970237595209877,-0.04526539302494546,1.459181577521671
2025-04-11 00:00:00+00:00,0.05613819444784614,1.3434368337608187,0.01533092142074547,1.3026568523440145,0.05613819444784614,1.3108861411685395,0.01533092142074547,1.2338254552456374,0.047942085713244875,2.407147869485303,0.042824722921384596,1.5216706242710254
2025-04-12 00:00:00+00:00,0.061022397647997544,1.4254165704455382,0.013416940280630778,1.3201345215380687,0.061022397647997544,1.3908795565461751,0.013416940280630778,1.25037961769539,0.022212595344448305,2.4606168710444307,0.051375896338377414,1.5998478165247276
2025-04-13 00:00:00+00:00,-0.03030038450975925,1.382225900274456,0.013495256755407225,1.3379500758579015,-0.03030038450975925,1.3487353711760626,0.013495256755407225,1.2672538116779173,-0.017787935537056265,2.4168475767608992,-0.03941990195474012,1.5367819724548177
2025-04-14 00:00:00+00:00,0.014857744489906288,1.4027626595280644,0.02447444502843469,1.3706956614402757,0.014857744489906288,1.3687745367054953,0.02447444502843469,1.2982691454289028,0.009928127984718316,2.440842348822538,0.0017543758929482458,1.53947806570001
2025-04-15 00:00:00+00:00,-0.030492247385538906,1.3599892734905383,-0.001765512075974086,1.3682756816975177,-0.030492247385538906,1.327037524917245,-0.0020988454093074193,1.2955442791929739,-0.011201942320973268,2.413500173616439,-0.031005642616558016,1.4917455589788855
2025-04-16 00:00:00+00:00,0.010953640404674836,1.3748861069465688,0.03657985494573324,1.4183270076597871,0.010953640404674836,1.3415734167686983,0.03657985494573324,1.3429351010016275,0.004619459210398746,2.4246492392227506,-0.003905279351761039,1.4859198758493242
2025-04-17 00:00:00+00:00,0.017675957305574842,1.3991885350729845,-0.0014735885527266852,1.4162369772172765,0.017675957305574842,1.3652870112057962,-0.0014735885527266852,1.3409561672097365,0.010919027142326287,2.4511240500764444,0.016167638304503962,1.5099436909515296
2025-04-18 00:00:00+00:00,-0.0034600231179425416,1.3943473103952717,-0.02439926645110546,1.381681833852244,-0.0034600231179425416,1.3605630865843974,-0.02439926645110546,1.308237820386733,-0.005570707978571843,2.437469553774214,0.007702837118421919,1.521574541260918
2025-04-19 00:00:00+00:00,0.031208045964340753,1.437862165348342,-0.0225876902923694,1.3504728325065967,0.031208045964340753,1.4030236019279085,-0.0225876902923694,1.2786877496710731,0.007130183016948566,2.454849157790864,0.03220016504788313,1.5705694926221767
2025-04-20 00:00:00+00:00,-0.01075798253070929,1.4223936692919568,-0.03014608046345457,1.3097613698341435,-0.01075798253070929,1.3879298985281954,-0.03014608046345457,1.2401403258818553,0.0012016172171542827,2.4577989468043824,0.0013757764239303865,1.5727302451022707
2025-04-21 00:00:00+00:00,0.013007051011776866,1.4408948163072657,0.012782974741769221,1.3265040163424784,0.013007051011776866,1.4059827735191217,0.012782974741769221,1.2559930083438524,0.02743614523914495,2.5252314756775247,0.004137802286304421,1.579237891906195
2025-04-22 00:00:00+00:00,0.08907310039202199,1.5692397849345467,-0.00792452847859559,1.315992097488001,0.08907310039202199,1.5312180182542439,-0.008591195145262258,1.2452025273080853,0.0677218385664009,2.6962447940161525,0.09086380911644003,1.7227334622658086
2025-04-23 00:00:00+00:00,0.009376824494645719,1.5839542709878935,-0.023999889907374634,1.2844084320293139,0.009376824494645719,1.5455759808744531,-0.023999889907374634,1.2153178037403065,0.0026549878166355345,2.7034032910949324,0.026855952618527038,1.7689991105027703
2025-04-24 00:00:00+00:00,0.004825457958929746,1.591597575731413,0.004748691085265579,1.2905076909003315,0.004825457958929746,1.5530340927924944,0.004748691085265579,1.2210889725606928,0.0030887678955136,2.711753476389092,0.009967100473191668,1.786630902374138
2025-04-25 00:00:00+00:00,-0.004425800095478512,1.5845534830287773,-0.0018061352635095893,1.288176859451966,-0.004425800095478512,1.5461606743563319,-0.0018061352635095893,1.2188835207074682,0.007003689170739236,2.7307457548453926,-0.00032443085735815264,1.7860512641786983
2025-04-26 00:00:00+00:00,0.00016289090572685306,1.5848115923808004,-0.021435628189008495,1.260563979251069,0.00016289090572685306,1.5464125298689768,-0.021435628189008495,1.1927559867518733,-0.0001128502637609552,2.7304375894666943,0.014409707266348565,1.811787740058205
2025-04-27 00:00:00+00:00,-0.016399134604837697,1.5588220537540405,0.02328920797545812,1.2899215159302182,-0.016399134604837697,1.521052702637048,0.02328920797545812,1.2205343289913104,-0.009285835059390402,2.705083196370947,-0.03398518363873237,1.750213800997923
2025-04-28 00:00:00+00:00,0.0061673679980517315,1.5684358830030203,0.0030994309196378236,1.2939195385605982,0.0061673679980517315,1.5304335943986416,0.0030994309196378236,1.2243172908290654,0.013460153835815225,2.741494032332779,0.008878927770057648,1.7657538229191414
2025-04-29 00:00:00+00:00,-0.02012362916821116,1.5368732609193516,0.011788210162435104,1.3091725340144316,-0.020456962501544492,1.4991255717469245,0.011121543495768436,1.237933588831642,-0.007939697201950202,2.719727399835103,-0.023431678914476714,1.7243792462984904
2025-04-30 00:00:00+00:00,0.004940483395341366,1.544466157745668,0.011813291269350268,1.3246381704805774,0.004940483395341366,1.506531976741672,0.011813291269350268,1.2525576588886222,-0.0008998818334843284,2.717279966555962,-0.010282244017644715,1.7066487581090872
2025-05-01 00:00:00+00:00,0.03366336070999646,1.5964580791182428,0.029177068282201457,1.3632872288298996,0.03366336070999646,1.5572469060958711,0.029177068282201457,1.28910361922941,0.024613579407891883,2.784161952786261,0.02715992236823374,1.7530012058891726
2025-05-02 00:00:00+00:00,-0.0012059699189956859,1.5945327986978886,0.012379339778201012,1.380163824650867,-0.0012059699189956859,1.5553689131706705,0.012379339778201012,1.3050618709411597,0.004116803508263045,2.795623800481064,-0.0067403606459508205,1.741185345548693
2025-05-03 00:00:00+00:00,-0.027335594285305777,1.55094529703807,-0.002092443516507801,1.3772759098042575,-0.027335594285305777,1.51285197959626,-0.002092443516507801,1.3023311026906672,-0.010638357164841517,2.765882955993015,-0.028143783693763344,1.6921818018128199
2025-05-04 00:00:00+00:00,-0.023875948829824058,1.5139150064881328,-0.004281370868621201,1.3713792808459677,-0.023875948829824058,1.4767312031443218,-0.004281370868621201,1.2967553402463081,-0.016470466975503584,2.7203275721082236,-0.02523461848003328,1.649480239645218
2025-05-05 00:00:00+00:00,0.010181908387494776,1.5293295503906486,0.013227618498899566,1.3895193627902933,0.010181908387494776,1.4917671449676921,0.013227618498899566,1.3139083251734969,0.0048374152847727725,2.7334869262851287,-0.00036991035459294007,1.6488700798248765
2025-05-06 00:00:00+00:00,0.009078315146133295,1.5432132860113892,0.02480719820065021,1.4239894450266732,0.008744981812799962,1.5048126215193673,0.024140531533983545,1.3456267705301113,0.022170995574119168,2.794091052829709,-0.00026516130820800055,1.6484328632774452
2025-05-07 00:00:00+00:00,-0.009010068431634802,1.5293088286998187,-0.006573132612357183,1.4146293735659161,-0.009010068431634802,1.4912541568226902,-0.006573132612357183,1.3367817873206789,0.0020290389679165077,2.799760372455807,-0.0016855435265599916,1.6456543579357792
2025-05-08 00:00:00+00:00,0.1263431696968668,1.7225265535631566,-0.05551180989105971,1.3361007367142161,0.1263431696968668,1.6796639338192976,-0.05551180989105971,1.2625746108771023,0.06421795208723036,2.9795552499099003,0.15967104441823407,1.9084177080188034
2025-05-09 00:00:00+00:00,0.023943390698796176,1.7637696798241702,-0.05865511544720784,1.2577315937531444,0.023943390698796176,1.71988078362941,-0.05865511544720784,1.1885181513153924,-0.002804624371499198,2.9711987166397744,0.04800505586487782,2.0000314067057685
2025-05-10 00:00:00+00:00,0.04326366413794498,1.8400768188687737,-0.11602570786986854,1.111802395277638,0.04326366413794498,1.7942891282096585,-0.11602570786986854,1.0506194914928364,0.017845046988020696,3.024219897348958,0.12837280958600153,2.256781057644831
2025-05-11 00:00:00+00:00,-0.021925904298251843,1.7997314706368253,0.03634221952801116,1.1522077619985864,-0.021925904298251843,1.7549477165011398,0.03634221952801116,1.0888013356930766,-0.006597968715249425,3.0042661890782147,-0.04045559020671838,2.165481647990467
2025-05-12 00:00:00+00:00,-0.0011797155716540832,1.797608299396119,0.01984719236734041,1.1750758510981152,-0.0011797155716540832,1.7528773773525446,0.01984719236734041,1.1104109852523942,-0.01274208110028996,2.965985585650121,-0.008153498900608866,2.1478253957542877
2025-05-13 00:00:00+00:00,0.04409214714802256,1.8768687090475993,-0.00791727760099444,1.1657724493827466,0.043425480481355895,1.8289969196889777,-0.008917277600994441,1.100509142245705,0.012767615008738131,3.0038541477291685,0.04605192831903485,2.246736896921367
2025-05-14 00:00:00+00:00,-0.02983411592523747,1.8208739904054225,0.0295867156331346,1.2002638273355768,-0.02983411592523747,1.7744304135600746,0.0295867156331346,1.1330695932889936,-0.005724099004339123,2.986659789192972,-0.043867949145306444,2.1481771569843366
2025-05-15 00:00:00+00:00,-0.04050398455174953,1.7471213384273587,0.01910432986701593,1.2231940634204428,-0.04050398455174953,1.7025589115010829,0.01910432986701593,1.1547161285614722,0.0024721803627976158,2.994043350874172,-0.053274166388825664,2.0337348096904786
2025-05-16 00:00:00+00:00,0.0009254032864384944,1.7487381302557463,0.03011009816054807,1.260024556739432,0.0009254032864384944,1.7041344651131412,0.03011009816054807,1.189484744540026,-0.002889353127408567,2.9853925023547268,-0.014098293877233945,2.005062618675102
2025-05-17 00:00:00+00:00,-0.030627818796562803,1.6951780956796332,-0.012505958549888082,1.2442667418610074,-0.030627818796562803,1.6519405435106784,-0.012505958549888082,1.1746090976290842,-0.00325959102643536,2.975661343743664,-0.02851549041929277,1.94788727478219
2025-05-18 00:00:00+00:00,0.03925001625610373,1.76171386349205,-0.003337777553440592,1.2401136562595312,0.03925001625610373,1.7167792366975896,-0.003337777553440592,1.1706885137489507,0.0322672170578604,3.0716776542129254,0.047647424657009795,2.0406990869477224
2025-05-19 00:00:00+00:00,0.012194659498336795,1.783197364190835,0.03133714535494185,1.2789752781623844,0.012194659498336795,1.7377147749229314,0.03133714535494185,1.2073745498696624,-0.008271345834351629,3.0462707460432803,-0.014759348103031512,2.0105796987499223
2025-05-20 00:00:00+00:00,0.017560103049595394,1.8145104936637928,0.003049247242429536,1.2828751900024566,0.017226769716262063,1.7676499871830749,0.0023825805757628693,1.2102512170198523,0.012088706907607882,3.0830962202534176,0.013400487397737347,2.037522446665167
2025-05-21 00:00:00+00:00,-0.0002977881357143497,1.8139701539666506,-0.01699553556501321,1.2610720390852967,-0.0002977881357143497,1.7671236019887961,-0.01699553556501321,1.1896823494183908,0.02614880918566298,3.163715515017863,0.018478427746208233,2.075172657977147
2025-05-22 00:00:00+00:00,0.04381966357315337,1.8934577158452104,-0.023083968053434933,1.2319614924219717,0.04381966357315337,1.8445583637201242,-0.023083968053434933,1.1622197600706812,0.018717122570968137,3.222931166092126,0.0577821177395224,2.19508052883022
2025-05-23 00:00:00+00:00,-0.0458852832324947,1.8065758722649004,0.04654276773378743,1.2893003900207378,-0.0458852832324947,1.7599202807619592,0.04654276773378743,1.216312684419269,-0.03919479452346686,3.0966090412738674,-0.0679222139255081,2.0459857995672963
2025-05-24 00:00:00+00:00,0.007852085055635208,1.8207612596733826,-0.006508777096387974,1.2809086211718068,0.007852085055635208,1.7737393244976394,-0.006508777096387974,1.2083959762768748,0.004133591381898505,3.109409157719986,0.008252093361209986,2.0628694654010356
2025-05-25 00:00:00+00:00,0.011890045399407115,1.8424101937123807,0.005705745405765739,1.2882171596522638,0.011890045399407115,1.79482916559263,0.005705745405765739,1.2152907760668625,0.011528006509906819,3.1452544467321455,0.00732900381538167,2.077988243583594
2025-05-26 00:00:00+00:00,0.001008121211742393,1.8442675665093924,-0.0285705448116087,1.2514120935653354,0.001008121211742393,1.7966385709459178,-0.0285705448116087,1.1805692564901096,0.003950306864350717,3.157679166963201,0.010028288967587163,2.0988269101614994
2025-05-27 00:00:00+00:00,0.039399906728239086,1.916931536611779,0.027600319179892512,1.2859514667733163,0.03906657339490575,1.8668270835418952,0.026933652513225846,1.2123662986122115,-0.004538044985511469,3.1433494768537096,0.015041861731413381,2.1303971743423182
2025-05-28 00:00:00+00:00,0.0029408915525253043,1.92256902437457,-0.0037382444995358952,1.2811442657759808,0.0029408915525253043,1.872317219541909,-0.0037382444995358952,1.2078341769650016,-0.010615103962183348,3.109982495367433,0.00486213716379231,2.140755457617326
2025-05-29 00:00:00+00:00,-0.04993656665636892,1.826562528137419,0.002983615510745035,1.284966707678852,-0.04993656665636892,1.7788201259063872,0.002983615510745035,1.2114378897498024,-0.02033766746104948,3.0467327055669653,-0.04196521619048229,2.0509181920274604
2025-05-30 00:00:00+00:00,-0.05261125961530159,1.7304647727659996,0.07022626175627344,1.375205116040404,-0.05261125961530159,1.6852341584534027,0.07022626175627344,1.2965126440968395,-0.015193425498213675,3.0004423991919627,-0.08273954972506649,1.8812261442961609
2025-05-31 00:00:00+00:00,-0.007759765648060987,1.7170367716671102,-0.03511673541311644,1.326912401841649,-0.007759765648060987,1.672157136321697,-0.03511673541311644,1.2509833526143308,0.005831583409529939,3.0179397293083405,0.005002190304958751,1.8906363954765943
2025-06-01 00:00:00+00:00,0.0010008546911670635,1.7187552759749396,-0.0023406260402365486,1.3238065961207854,0.0010008546911670635,1.673830722635953,-0.0023406260402365486,1.2480552684032993,0.0100490592577549,3.0482671844844926,0.007876991878266385,1.9055289230085184
2025-06-02 00:00:00+00:00,0.03245919832721703,1.7745446943537608,0.013372135333082163,1.3415087170789395,0.03245919832721703,1.7281619260281826,0.013372135333082163,1.2647444323555546,0.0020357254385126033,3.054472619535331,0.018763451352521145,1.9412832222562109
2025-06-03 00:00:00+00:00,0.011496070203388496,1.7949449847391021,0.012504414842213022,1.3582834985917396,0.011496070203388496,1.7480289968526255,0.012171081508879689,1.2801377399296556,-0.004544767948078454,3.0405907502757836,0.003274594447073296,1.9476401375160077
2025-06-04 00:00:00+00:00,-0.013836955788900316,1.7701084103417588,0.02606023277395786,1.3936806827380661,-0.013836955788900316,1.72384159690546,0.02606023277395786,1.3134984274149508,-0.00645331248625769,3.0209688680214293,-0.02554477501345663,1.8978881083959835
2025-06-05 00:00:00+00:00,-0.07328192644901084,1.6403914560083184,-0.002609751748892067,1.3900435221388934,-0.07328192644901084,1.5975151637912886,-0.002609751748892067,1.3100705225968376,-0.030451534076571196,2.928975731592614,-0.0702623427034714,1.7645380437110219
2025-06-06 00:00:00+00:00,0.03893383992297461,1.7042581943675614,0.023694326611519195,1.422979667356679,0.03893383992297461,1.659712563452863,0.023694326611519195,1.341111761443371,0.027384456186406947,3.0091841391854612,0.02904296914619875,1.8157854676718153
2025-06-07 00:00:00+00:00,0.048596844378906726,1.7870797646207182,0.004303751081388658,1.4291038176388593,0.048596844378906726,1.740369356612698,0.004303751081388658,1.346883572636946,0.012117450409652175,3.045647778765553,0.04177789689058783,1.8916451657156361
2025-06-08 00:00:00+00:00,-0.0018251560605982986,1.7838180651575481,0.01708428522382669,1.4535190348738611,-0.0018251560605982986,1.737192910933797,0.01708428522382669,1.369894115755162,0.0017228450581063814,3.0508949579899323,-0.004151180118651574,1.8837926059121741
2025-06-09 00:00:00+00:00,0.07368375082547587,1.9152564709885995,0.014054129223556533,1.4739469792188775,0.07368375082547587,1.865195800518826,0.014054129223556533,1.3891467846805747,0.042834093101556725,3.181577276663543,0.0634262128813031,2.0032744367589843
2025-06-10 00:00:00+00:00,0.04609870596162414,2.0035473158858013,-0.04294230130689835,1.410652303926868,0.0457653726282908,1.9505571813542932,-0.04360896797356501,1.3285675270368587,0.00010311707406529536,3.181905351603225,0.06990413808415537,2.143311609606643
2025-06-11 00:00:00+00:00,-0.01510156073935694,1.9732906244007762,0.027714531497766037,1.4497478716364454,-0.01510156073935694,1.9211007236044824,0.027714531497766037,1.3653881536118309,-0.014774690660270262,3.134893684323029,-0.03501721170086999,2.0682588132321147
2025-06-12 00:00:00+00:00,-0.03550458265605505,1.9032297643223204,0.04990470406359011,1.5220971101372818,-0.03550458265605505,1.8528928441726598,0.04990470406359011,1.4335274453497608,-0.027367911232460296,3.0490981922472757,-0.06298977680001124,1.9379796522219677
2025-06-13 00:00:00+00:00,-0.009877798368450524,1.884430044461511,0.047789637865431445,1.5948375798267622,-0.009877798368450524,1.8345903422595775,0.047789637865431445,1.502035202833183,0.003736666372359032,3.060491654928267,-0.02656939185186591,1.8864887114411395
2025-06-14 00:00:00+00:00,-0.026693534871295922,1.83412794535716,-0.015015810726442421,1.570889800588666,-0.026693534871295922,1.7856186409839288,-0.015015810726442421,1.4794809265229862,-0.0061466103511010894,3.0416800052426263,-0.023775223303648264,1.8416370210668147
2025-06-15 00:00:00+00:00,0.0026169193172794385,1.838927710207727,0.019254607625987588,1.6011366673226668,0.0026169193172794385,1.7902914608988136,0.019254607625987588,1.507967751253319,0.0017015663099546607,3.0468556254652097,0.0002609099768759349,1.8421175225393953
2025-06-16 00:00:00+00:00,0.0035214781312862264,1.8454034539242399,0.025255289871180975,1.6415738379792773,0.0035214781312862264,1.7965959331269972,0.025255289871180975,1.5460519139276143,0.011369205507016922,3.081495953221334,-0.0014055356374839123,1.8395283607130326
2025-06-17 00:00:00+00:00,-0.018064805845549627,1.8120665988223918,0.014218787383231015,1.6649150273553792,-0.018398139178882958,1.7635419111011115,0.013552120716564347,1.5670041960992367,-0.02100631933114927,3.016765065210323,-0.029625865444807196,1.7850307410166415
2025-06-18 00:00:00+00:00,-0.0016761417958794933,1.8090293182591883,-0.013499378407355005,1.6424397093850172,-0.0016761417958794933,1.7605859647951296,-0.013499378407355005,1.54585061349018,0.0032100071190022117,3.0264489025460053,0.005721022179756664,1.795242941477545
2025-06-19 00:00:00+00:00,-0.001064978618866415,1.8071027407143399,0.006772088603928083,1.6535624566235823,-0.001064978618866415,1.7587109783859465,0.006772088603928083,1.5563192508131718,-0.002175583996381625,3.0198646087477594,-0.0042414426924989495,1.7876285214221548
2025-06-20 00:00:00+00:00,-0.04169240387011093,1.7317602834136931,0.002016351630731548,1.6568966199795114,-0.04169240387011093,1.6853860899842816,0.002016351630731548,1.5594573376724876,-0.013000366238452021,2.980605262843499,-0.04351952846524567,1.7098317710988382
2025-06-21 00:00:00+00:00,-0.049181565328081045,1.6465896019024064,0.012166406741782636,1.677055098187267,-0.049181565328081045,1.6024961638966806,0.012166406741782636,1.5784303299390685,-0.011403706887229914,2.946615314079497,-0.04969006350435366,1.6248701218111754
2025-06-22 00:00:00+00:00,-0.024107963130937216,1.6068936804879586,0.01050264399793984,1.6946686108484579,-0.024107963130937216,1.563863245459991,0.01050264399793984,1.5950080217699694,-0.01132138549535977,2.9132555462022727,-0.028906817287816734,1.5779002980835473
2025-06-23 00:00:00+00:00,0.08570090838006661,1.7446059285759652,-0.027834592874136737,1.6474982000089122,0.08570090838006661,1.6978877461781112,-0.027834592874136737,1.55061162285302,0.043283404251441615,3.0393511636963,0.1015164034056248,1.7380830612776523
2025-06-24 00:00:00+00:00,0.024449758703254606,1.787261122561915,-0.004545674224611794,1.6400092099060373,0.024449758703254606,1.7394006918773788,-0.004545674224611794,1.5435630475666335,0.007111383767794521,3.060965156226437,0.029195663501465446,1.7888275494723116
2025-06-25 00:00:00+00:00,-0.010419844191210781,1.7686381401358113,0.021625944627492642,1.6754759582680432,-0.010419844191210781,1.7212764076819322,0.021625944627492642,1.5769440565623534,0.01185467982617383,3.0972519181125757,-0.02304009550383243,1.747612791892583
2025-06-26 00:00:00+00:00,-0.016562265765379593,1.7393454852160954,0.03180235470828122,1.728760038998081,-0.016562265765379593,1.6927681703622264,0.03180235470828122,1.6270945908042653,-0.0036660878858676416,3.085897120376103,-0.026588017689203748,1.7011472320678642
2025-06-27 00:00:00+00:00,0.017289507878312627,1.7694179126858467,0.007623024863551672,1.741938419758478,0.017289507878312627,1.7220352989798609,0.007623024863551672,1.6394979733253165,0.0009399977895605538,3.0887978568480676,0.01096947812153251,1.7198079294115385
2025-06-28 00:00:00+00:00,0.012044229483178476,1.7907291880778815,-0.012461593484113761,1.7202310912970882,0.012044229483178476,1.742775887298908,-0.012461593484113761,1.619067216063708,0.002327936574751499,3.095988382351038,0.023680130677873522,1.760533205920847
2025-06-29 00:00:00+00:00,0.03979864730017042,1.8619977874443134,-0.017645321449451704,1.6898770607238098,0.03979864730017042,1.8121360101607589,-0.017645321449451704,1.590498254587995,0.009880444699230884,3.126578124352319,0.05189942693219192,1.8519038704032336
2025-06-30 00:00:00+00:00,-0.020611408509630575,1.8236193904032703,0.04069398311335392,1.7586448892965487,-0.020611408509630575,1.7747853345803233,0.04069398311335392,1.6552219637020178,-0.011170766835125301,3.0916518491333758,-0.03543108825020483,1.7862889009400809
2025-07-01 00:00:00+00:00,-0.047430744007253625,1.7371237659303889,-0.00799018780832731,1.7445929863429144,-0.047430744007253625,1.6906059457080158,-0.008323521141660644,1.641444688693003,-0.013676228341569674,3.0493697124919916,-0.046539033411339414,1.7031567420969258
2025-07-02 00:00:00+00:00,0.06914798956675905,1.8572423819731125,-0.036120089502102395,1.6815781315314682,0.06914798956675905,1.8075079480033345,-0.036120089502102395,1.582155559624661,0.02998131927797143,3.14079383943879,0.07717049899944495,1.8345901977588148
2025-07-03 00:00:00+00:00,0.011796406045718077,1.879151167236184,-0.01076375076912354,1.663478043624855,0.011796406045718077,1.8288300456888444,-0.01076375076912354,1.565125631502878,0.006754090047184302,3.1620070438500014,0.01183383061095128,1.8563004273996044
2025-07-04 00:00:00+00:00,-0.04505663864151435,1.7944829321412434,0.013465490413430928,1.6858775912742385,-0.04505663864151435,1.746429111183498,0.013465490413430928,1.5862008156896954,-0.014605495398174795,3.115824364522054,-0.05062070605526091,1.7623331891139538
2025-07-05 00:00:00+00:00,0.02948368994567918,1.847390910525309,0.02936795676150227,1.7353883714799658,0.02948368994567918,1.7979202856097403,0.02936795676150227,1.6327842926599299,0.001980659399927198,3.1219957513381664,0.00798555642547614,1.7764064002361124
2025-07-06 00:00:00+00:00,0.02399318213757495,1.891715697120843,-0.027723452166245867,1.6872774149733818,0.02399318213757495,1.8410581144912155,-0.027723452166245867,1.5875178754245747,0.009295170747883663,3.151015234921022,0.028226099309242192,1.8265474237027504
2025-07-07 00:00:00+00:00,-0.009100073306151257,1.8745009456026465,0.013669540638024797,1.7103417221649817,-0.009100073306151257,1.8243043506884609,0.013669540638024797,1.6092185155362815,-0.00861599738617247,3.1238660958931526,-0.012737508439861173,1.8032817604775297
2025-07-08 00:00:00+00:00,0.02567621311320023,1.9226310313628354,0.021051894664299093,1.7463476559399547,0.02567621311320023,1.871145577980076,0.020385227997632427,1.6420228018735001,0.006096638424931022,3.142911177967714,0.02018092294234179,1.8396736507290572
2025-07-09 00:00:00+00:00,0.04488814845466208,2.0089343785221905,-0.017291202742833283,1.7161512045616254,0.04488814845466208,1.9551378384647304,-0.017291202742833283,1.6136302526979502,0.02121691859697572,3.20959406858818,0.05043239997649986,1.9324528081088528
2025-07-10 00:00:00+00:00,0.02876076839692976,2.066712874907497,-0.07430596786129584,1.588630928310345,0.02876076839692976,2.0113691050208886,-0.07430596786129584,1.4937278950009616,0.04293660597808269,3.347403144460742,0.06948049917028544,2.066720593839276
2025-07-11 00:00:00+00:00,0.0010057401494747813,2.0687914510232277,-0.02238476403771383,1.5530697998371037,0.0010057401494747813,2.013392019685221,-0.02238476403771383,1.460291148534814,0.013082148090681978,3.3911943681157917,0.010190397036046406,2.087781297253072
2025-07-12 00:00:00+00:00,-0.006452815577509763,2.055441921321446,0.013663867813921184,1.5742907402878707,-0.006452815577509763,2.0003999722969623,0.013663867813921184,1.4802443737582327,-0.000916039679510372,3.3880878995136654,-0.011723352069275085,2.0633055020617266
2025-07-13 00:00:00+00:00,0.01344004410029731,2.083067151389606,0.001358005667784731,1.5764286360359225,0.01344004410029731,2.027285436142867,0.001358005667784731,1.4822545540075027,0.014193834099812674,3.436177857074945,0.01524919528890924,2.094769250603347
2025-07-14 00:00:00+00:00,0.03657526721831646,2.159255889085378,0.040188370864440714,1.6397827347022584,0.03657526721831646,2.1014339426975934,0.040188370864440714,1.5418239497394624,0.006336059191862198,3.457949683371138,0.008641283918730442,2.1128707464420367
2025-07-15 00:00:00+00:00,0.0428251867624602,2.2517264258034015,-0.030606066247802998,1.5895954356919575,0.04215852009579354,2.1900272878007923,-0.031272732914469664,1.4936069011581274,-0.01738208852749945,3.397843295851142,0.04101859603372987,2.199537738061828
2025-07-16 00:00:00+00:00,-0.001349133882974158,2.2486885453871617,-0.0066945383664617575,1.5789538280605653,-0.001349133882974158,2.1870726477821822,-0.0066945383664617575,1.4836078924539124,0.007407898684498093,3.4230141747326086,0.01783630186903301,2.238769357130229
2025-07-17 00:00:00+00:00,0.03479465471685117,2.326930886889646,0.025523520544529325,1.6192542885299321,0.03479465471685117,2.263171085402433,0.025523520544529325,1.5214747889769855,0.004612054428193568,3.4388013024149533,0.021459790980236315,2.2868128795872016
2025-07-18 00:00:00+00:00,0.04363598947816009,2.4284688185863685,0.03484622845987598,1.6756791934026802,0.04363598947816009,2.3619267950723297,0.03484622845987598,1.5744924470696193,-0.010511374792368633,3.402654773088784,0.020595334744067745,2.3339105563393456
2025-07-19 00:00:00+00:00,0.02092166662712828,2.479276433623209,-0.0025265886230396734,1.6714454414167648,0.02092166662712828,2.4113422400765145,-0.0025265886230396734,1.5705143523657914,-0.0007194412983727583,3.4002067627209187,0.016089255328078228,2.3714614391931867
2025-07-20 00:00:00+00:00,0.04503963941912088,2.5909421502139223,-0.012455072752532693,1.65062746684203,0.04503963941912088,2.5199482250856557,-0.012455072752532693,1.5509534818481787,-0.004878479293957905,3.383618924433809,0.04548441675543664,2.4793259796128972
2025-07-21 00:00:00+00:00,0.011083039622519292,2.6196576647243983,-0.01435428788339747,1.6269338849947363,0.011083039622519292,2.547876911110977,-0.01435428788339747,1.5286906490759724,0.00098273041463659,3.38694410966239,0.01593687647221952,2.5188386914843526
2025-07-22 00:00:00+00:00,-0.005167381980216119,2.606120892913366,-0.01844083520332203,1.5969318653348479,-0.005500715313549453,2.53386176556899,-0.019774168536655364,1.498462062540735,0.02192922223104432,3.461217159727303,0.0020886910408932447,2.5240997672927112
2025-07-23 00:00:00+00:00,-0.08894403486063625,2.3743219853630473,-0.037580973826175534,1.5369176107015132,-0.08894403486063625,2.308489876360188,-0.037580973826175534,1.4421483989888746,-0.009990711471907332,3.426637137742853,-0.0799742120913875,2.322236877163422
2025-07-24 00:00:00+00:00,-0.015970401680178898,2.3364031095387197,0.0016686901619121792,1.5394822499981606,-0.015970401680178898,2.2716223657600896,0.0016686901619121792,1.4445548978342848,-0.0034945605691132364,3.414662546716638,-0.014457476398817079,2.288663192319369
2025-07-25 00:00:00+00:00,0.02607243749457829,2.3973188335743063,0.011554775492946479,1.5572706217722656,0.02607243749457829,2.3308490979026555,0.011554775492946479,1.4612464053659964,-0.0061405604262733116,3.3936946050131924,0.02491247400320598,2.34567945460012
2025-07-26 00:00:00+00:00,0.00657049481519493,2.4130704045406755,0.008221136542223265,1.5700731561870485,0.00657049481519493,2.3461639298154267,0.008221136542223265,1.4732595115863432,0.0025990034716014687,3.402514829073177,0.01080746499068159,2.3710303031850715
2025-07-27 00:00:00+00:00,0.02982997660498861,2.485052238254314,0.007509389617456286,1.5818634472447664,0.02982997660498861,2.416149944953289,0.007509389617456286,1.4843227912664683,0.01268283689644134,3.445668369688035,0.034366874720442496,2.452515204573005
2025-07-28 00:00:00+00:00,-0.055126534526026005,2.3480599202432093,-0.024119907194565988,1.5437090477027462,-0.055126534526026005,2.2829559715927656,-0.024119907194565988,1.448521063294342,-0.011332108758030257,3.4066216809786254,-0.04023075699338986,2.3538486613552347
2025-07-29 00:00:00+00:00,-0.017106225216179473,2.3078934784264447,-0.006198953165333105,1.5341396676151358,-0.01777289188284614,2.2423812419363496,-0.006865619831999771,1.438576068355119,-0.0009449246804570377,3.403402680075289,-0.01869245756021164,2.309849445149691
2025-07-30 00:00:00+00:00,-0.02274424692050499,2.2554021792868904,-0.006444729199360047,1.52425255290336,-0.02274424692050499,2.1913799692798404,-0.006444729199360047,1.4293048351618902,-0.000936492482117024,3.4002154190517815,-0.02179894450120039,2.2594971652887446
2025-07-31 00:00:00+00:00,-0.04389230725088651,2.1564073738593112,-0.011114701179769683,1.507310941255338,-0.04389230725088651,2.095195246364771,-0.011114701179769683,1.413418539024266,-0.017618930026484958,3.3403072615085327,-0.04279558009006602,2.162800673388353
2025-08-01 00:00:00+00:00,-0.04413725926687968,2.0612294625142717,-0.011438920846870409,1.4900689307066965,-0.04413725926687968,2.0027190705612354,-0.011438920846870409,1.3972505562328683,-0.021303240176054672,3.269147893654797,-0.04065278799853809,2.0748767961300008
2025-08-02 00:00:00+00:00,-0.02940825655779185,2.0006122976561724,-0.010816713107620038,1.4739512825726642,-0.02940825655779185,1.9438225943209881,-0.010816713107620038,1.3821368978266348,-0.00663366047376146,3.2474614764897787,-0.02596754724392342,2.0209973349011743
2025-08-03 00:00:00+00:00,0.03312932675084235,2.066891236166977,0.006687150867237847,1.4838078171701865,0.03312932675084235,2.0082201281939183,0.006687150867237847,1.3913794557815777,0.014771247579330682,3.295430533963348,0.035823574739389075,2.093396683976113
2025-08-04 00:00:00+00:00,0.07814186723891506,2.2284019767408143,0.0501260149544096,1.5581851900031292,0.07814186723891506,2.1651461988377645,0.0501260149544096,1.4611237631893434,0.00740949909288946,3.3198480235154295,0.05459226865966172,2.207679958158982
2025-08-05 00:00:00+00:00,-0.04317297257245281,2.1321952393185835,-0.014287397958362865,1.5359227781007272,-0.04350630590578615,2.0709486859803787,-0.014620731291696198,1.4397610652638402,-0.008042064740672372,3.293149590781125,-0.04255686558038162,2.1137280189351078
2025-08-06 00:00:00+00:00,0.014146611911640683,2.1623585778890715,-0.0071093534053227395,1.525003360267924,0.014146611911640683,2.1002455933298654,-0.0071093534053227395,1.4295252950316557,0.007557363439418818,3.3180371190990314,0.016061926265224163,2.1476785625199817
2025-08-07 00:00:00+00:00,0.06952013416823202,2.3126860363437474,0.02064331165404676,1.5564844799074034,0.06952013416823202,2.246254948764396,0.02064331165404676,1.4590354312143372,0.021564406024856986,3.3895886187408295,0.06651203354668726,2.290525031117812
2025-08-08 00:00:00+00:00,0.04148379570230835,2.408625031399013,0.034206699018855716,1.609726676039116,0.04148379570230835,2.3394381301542375,0.034206699018855716,1.5089442170677323,-0.006786893320374743,3.366583842385479,0.02873573816812713,2.3563449586795544
2025-08-09 00:00:00+00:00,0.04783634069777102,2.523844839014196,0.023171668846413158,1.6470267295095318,0.04783634069777102,2.451348289589652,0.023171668846413158,1.543908972773336,-0.0018212168289383213,3.360452563235695,0.044250257043466946,2.460613828784202
2025-08-10 00:00:00+00:00,-0.01036943660954078,2.4976739899437215,-0.021783058845048754,1.6111494493412575,-0.01036943660954078,2.425929188892846,-0.021783058845048754,1.5102779127680157,0.024314831629991707,3.442161401511345,-0.00414662822536091,2.450410578030052
2025-08-11 00:00:00+00:00,-0.016181824317200465,2.457257068236811,0.013940113874975808,1.633609056134679,-0.016181824317200465,2.3866732289522132,0.013940113874975808,1.5313313588548625,-0.005096735368355865,3.424617615752673,-0.038263045651054685,2.3566504062190607
2025-08-12 00:00:00+00:00,0.08555745888653986,2.6674937388261415,0.017185086939493763,1.6616827697894978,0.08522412555320653,2.5900753678709134,0.016518420272827097,1.5566265338173864,0.012200933555769122,3.466401147736388,0.0773239835543516,2.5388760034728994
2025-08-13 00:00:00+00:00,0.03209662874941517,2.7531112950526335,-0.010071243947626336,1.6449475572513803,0.03209662874941517,2.6732080553864708,-0.010071243947626336,1.5409493682599633,0.02640674486373884,3.557937518440034,0.06252492861207372,2.6976190443449495
2025-08-14 00:00:00+00:00,-0.06982602831742146,2.5608724678032755,0.0061299895205672306,1.655031068539214,-0.06982602831742146,2.4865485540126957,0.0061299895205672306,1.5503953717391217,-0.0406413517932519,3.413338128094703,-0.07832756114143495,2.486321123712721
2025-08-15 00:00:00+00:00,-0.02294989538767585,2.502100712566011,-0.012576552259371748,1.6342164838148467,-0.02294989538767585,2.4294825248217276,-0.012576552259371748,1.5308967433237566,-0.008056462867562786,3.3858386962112714,-0.02205262789704787,2.4314912091389145
2025-08-16 00:00:00+00:00,0.021152565344705408,2.5550265613875975,0.017110453560327105,1.6621786690686815,0.021152565344705408,2.480872312681839,0.017110453560327105,1.5570910809560536,0.00032903805583761603,3.3869527659932523,0.01571826684032303,2.46971003678406
2025-08-17 00:00:00+00:00,0.04814591948243481,2.678040664487647,0.03804384113613124,1.7254143302945966,0.04814591948243481,2.60031619129442,0.03804384113613124,1.6163288066744326,0.0002074447357851561,3.3876553715149105,0.033741981509075626,2.553042947178006
2025-08-18 00:00:00+00:00,-0.026182506521341832,2.6079228473252805,0.009437366290034187,1.7416976973316607,-0.026182506521341832,2.532233395658303,0.009437366290034187,1.631582693668153,-0.010033302667407429,3.3536659998396328,-0.0426298473786025,2.4442071159887897
2025-08-19 00:00:00+00:00,-0.07247503483360067,2.418913548122038,-0.022181025684197515,1.7030650559730394,-0.07280836816693399,2.347865614302608,-0.02284769235086418,1.594304794238229,-0.028858256318128994,3.2568850468108663,-0.0548734456830696,2.3100850495714065
2025-08-20 00:00:00+00:00,0.09074117166279941,2.638408597629651,0.028898986457317703,1.7522819099615352,0.09074117166279941,2.560913691051225,0.028898986457317703,1.640378586895756,0.012388265956393196,3.2972322049601592,0.0638337060882024,2.457546339664498
2025-08-21 00:00:00+00:00,-0.04022924231809302,2.532267418821468,-0.0190185453876596,1.718956056924957,-0.04022924231809302,2.4578900736182034,-0.0190185453876596,1.6091809722879342,-0.01550031311465605,3.246124073371549,-0.030899893189138217,2.3816084202615073
2025-08-22 00:00:00+00:00,0.1350411244951101,2.8742276585814492,0.0014340869570557135,1.7214211893859448,0.1350411244951101,2.789806313044975,0.0014340869570557135,1.6114886777318347,0.03943102222222228,3.374122063844753,0.11762551830450037,2.661746345093129
2025-08-23 00:00:00+00:00,0.004951149385988434,2.8884583890884254,0.0019091245034482313,1.7247075967593564,0.004951149385988434,2.803619060858834,0.0019091245034482313,1.6145652102535217,-0.012809914210329953,3.33089984967172,0.0062841117079171565,2.6784730564638344
2025-08-24 00:00:00+00:00,-0.024252186428042423,2.81840695774661,0.0036091985521835186,1.7309324089205202,-0.024252186428042423,2.7356251687216724,0.0036091985521835186,1.6203924966727747,-0.01684418612407268,3.274793552643204,-0.02388900952205391,2.614486988113405
2025-08-25 00:00:00+00:00,-0.09513353858853031,2.5502819306736404,-0.000820404369561066,1.729512344408827,-0.09513353858853031,2.4753754661693343,-0.000820404369561066,1.6190631195881005,-0.029795603434519924,3.177219102618724,-0.09301221811425606,2.3713077541181167
2025-08-26 00:00:00+00:00,0.03966432583211957,2.651437144135647,-0.006513880970571413,1.718246506860214,0.03966432583211957,2.5735595652163097,-0.006847214303904747,1.607977047436732,0.01499600679235824,3.224864701862405,0.03822297924644419,2.4619462011907056
2025-08-27 00:00:00+00:00,-0.030659828586552175,2.570144535788431,-0.027420923822619105,1.6711306002871187,-0.030659828586552175,2.494654670089496,-0.027420923822619105,1.5638848313104494,-0.004484570147495814,3.2104025698907197,-0.010533649252633512,2.436012923428509
2025-08-28 00:00:00+00:00,0.03176300157609361,2.6517800407294674,-0.006728606253225616,1.6598862204800702,0.03176300157609361,2.5738923903073583,-0.006728606253225616,1.5533620660551692,0.011728082208833035,3.248054435153847,0.030399686549636703,2.5100669527316
2025-08-29 00:00:00+00:00,-0.05502809740999692,2.5058576303383204,0.010471276927887959,1.6772673487635021,-0.05502809740999692,2.432255989130675,0.010471276927887959,1.5696277504181089,-0.03721786777462999,3.1271687746614907,-0.04927902673581602,2.386373296259251
2025-08-30 00:00:00+00:00,0.007876709930671947,2.5255955440200566,0.0014448658235398284,1.6796907750326697,0.007876709930671947,2.451414164034197,0.0014448658235398284,1.5718956519103675,0.004050014117334522,3.1398338523461575,0.0062264246046546574,2.4012318696669706
2025-08-31 00:00:00+00:00,-0.004883206994204747,2.5132625381949656,0.012539348700776626,1.700753003370282,-0.004883206994204747,2.4394434012426927,0.012539348700776626,1.591606199610906,-0.005238000583184466,3.123387400796466,-0.011815537145519112,2.372860025315916
2025-09-01 00:00:00+00:00,-0.02867585289663458,2.4411925913590644,-0.008752767810556747,1.6858667072286748,-0.02867585289663458,2.3694902811189915,-0.008752767810556747,1.5776752400998693,0.009155689776144893,3.151984166888878,-0.02088846085478067,2.323294631563231
2025-09-02 00:00:00+00:00,0.03311170920719671,2.5220246505629085,0.0011770610156047361,1.6878510752072597,0.03311170920719671,2.4479481542766823,0.0008437276822714027,1.5790063683735758,0.018332454208457083,3.2097677722941502,0.03718290787833093,2.4096814818228673
2025-09-03 00:00:00+00:00,0.017496326423193983,2.566150817096499,0.004756615649585145,1.6958795340457595,0.017496326423193983,2.490778254250962,0.004756615649585145,1.586517094776176,0.004186443348935365,3.2232052832360982,0.01764800367944088,2.4522075494803577
2025-09-04 00:00:00+00:00,-0.04895766391209403,2.440518067845343,-0.010417328671894786,1.678212999551665,-0.04895766391209403,2.3688355695997916,-0.010417328671894786,1.5699898247563129,-0.008726859173089796,3.195076824643338,-0.04360949751304087,2.345268010449834
2025-09-05 00:00:00+00:00,0.008671440837252612,2.46168087588291,-0.019678961749678904,1.6451875101256739,0.008671440837252612,2.3893767870947555,-0.019678961749678904,1.5390940550475483,-0.0006401105671796081,3.193031622204933,0.016113760371535318,2.38305909717725
2025-09-06 00:00:00+00:00,-0.008247444163881826,2.44137830030977,-0.0014275469213737746,1.6428389277605113,-0.008247444163881826,2.3696705354567165,-0.0014275469213737746,1.5368969260675605,-0.004265498307021387,3.179411751226152,-0.008623439910543733,2.3625089302494677
2025-09-07 00:00:00+00:00,0.01217707818310972,2.4711071547471897,-0.0026880928628664575,1.6384228241639591,0.01217707818310972,2.3985261988351843,-0.0026880928628664575,1.532765604409637,0.008615913334277803,3.206805287328701,0.01778691476872028,2.4045306752321554
2025-09-08 00:00:00+00:00,0.019956955673455713,2.520422930698839,-0.01284122316806887,1.617383471035212,0.019956955673455713,2.4463934798669604,-0.01284122316806887,1.5130830192190727,0.008349039125823854,3.2335790301415073,0.028417286234114675,2.4728609116889366
2025-09-09 00:00:00+00:00,0.004118008027987934,2.5308020525613815,-0.012499311059154136,1.5971672919288085,0.003784674694654601,2.455652283363381,-0.013499311059154136,1.4926574408843103,-0.0046298035528057335,3.21860819445948,0.009152788885046576,2.4954944855557093
2025-09-10 00:00:00+00:00,0.018177412167380485,2.5768054845848423,0.009244162486822437,1.6119317658940366,0.018177412167380485,2.500289687057846,0.009244162486822437,1.5064558088050095,0.02163772399985331,3.2882515502348606,0.020821215782936196,2.547453714724592
2025-09-11 00:00:00+00:00,0.030973060046449133,2.656617035586908,0.008603057197719734,1.6257993070748444,0.030973060046449133,2.5777313096686063,0.008603057197719734,1.5194159342939964,0.013361618111618068,3.3321879117040347,0.023832890859819073,2.608166901078064
2025-09-12 00:00:00+00:00,0.0395329177096643,2.761640858240858,0.022223641272535538,1.6619304876564127,0.0395329177096643,2.6796365494113608,0.022223641272535538,1.5531828889615207,0.004734302604139096,3.347963497611896,0.030676829196643336,2.688177191618774
2025-09-13 00:00:00+00:00,-0.006754663162281127,2.742986904468248,-0.014174068050073152,1.6383741718298794,-0.006754663162281127,2.66153650712275,-0.014174068050073152,1.5311679689991708,-0.0009577743299932218,3.3447569041161294,0.005498975510072741,2.702959412162222
2025-09-14 00:00:00+00:00,-0.031426551017342264,2.656784286575075,0.016353635820055775,1.6651675463729707,-0.031426551017342264,2.5778935942971377,0.016353635820055775,1.5562081323435177,-0.005609813602322822,3.3259934413389556,-0.033337309946099555,2.612850016467243
2025-09-15 00:00:00+00:00,-0.028480297816353268,2.5811182788596088,0.01160104547805781,1.6844852308070293,-0.028480297816353268,2.504474416992686,0.01160104547805781,1.574261773660158,0.000708782948538822,3.3283508487771285,-0.02541895273388465,2.5464341053979327
2025-09-16 00:00:00+00:00,0.008159833100813104,2.6021797732285608,-0.006225340374030847,1.6739987368902276,0.0074931664341464374,2.523240860629274,-0.0072253403740308465,1.5628871965076379,0.012477274541912609,3.369879596089129,0.010297909463344041,2.5726570532696917
2025-09-17 00:00:00+00:00,0.045937552183922994,2.7217175423531965,0.006479851499896716,1.684846000116291,0.045937552183922994,2.639152369337038,0.006479851499896716,1.5730144734520972,-0.0029229646363835293,3.36002955720089,0.03439653071047696,2.661147530610008
2025-09-18 00:00:00+00:00,0.03421719233586762,2.814847074983801,0.020717243866847927,1.7197513655787835,0.03421719233586762,2.729456753562304,0.020717243866847927,1.6056029979046857,0.005375293726559649,3.3780907030007667,0.01801858909880776,2.709097654495377
2025-09-19 00:00:00+00:00,-0.04163565831290772,2.6976490639666877,0.014032409866140252,1.7438836216084392,-0.04163565831290772,2.6158140247911255,0.014032409866140252,1.6281334772535878,-0.01230978514101344,3.3365071322599724,-0.04387526491470563,2.5902352772245845
2025-09-20 00:00:00+00:00,-0.001485550495303559,2.6936415700635568,-0.007426384106966869,1.7309328719965265,-0.001485550495303559,2.611928100970975,-0.007426384106966869,1.6160423326740911,0.0004605111474831336,3.338043630988035,0.002929025361692391,2.597822142044326
2025-09-21 00:00:00+00:00,-0.014460479556699638,2.6546902212065766,0.006132415035944379,1.7415476707669681,-0.014460479556699638,2.574158368063315,0.006132415035944379,1.6259525749737043,-0.003918723526854739,3.3249627608776144,-0.017094024558658893,2.5534149065491922
2025-09-22 00:00:00+00:00,-0.03895485093301221,2.5512771593661494,0.05554586141389272,1.8382834363330776,-0.03895485093301221,2.4738824125574426,0.05554586141389272,1.7162675113687555,-0.022400839209218093,3.2504808046945572,-0.06704033355980393,2.382233119497559
2025-09-23 00:00:00+00:00,-0.01887699016291862,2.5031167255259157,-0.014580764419557498,1.8114798586115304,-0.01887699016291862,2.4271829585913784,-0.015247431086224165,1.690098840763635,-0.005789474198140687,3.2316622299442264,-0.013747114576857962,2.34948428785504
2025-09-24 00:00:00+00:00,-0.009954028574279478,2.478200630115274,-0.0056892695467154475,1.8011738614174433,-0.009954028574279478,2.4030227100665558,-0.0056892695467154475,1.6804834128979393,0.011680482290881589,3.269409603391201,-0.0016642374787960437,2.3455741880473493
2025-09-25 00:00:00+00:00,-0.09266896485323534,2.248548343023856,-0.0356752431181555,1.7369165460133091,-0.09266896485323534,2.1803370830058717,-0.0356752431181555,1.6205317585867776,-0.03806040226993912,3.14497455870093,-0.06850890435848862,2.1848814703326735
2025-09-26 00:00:00+00:00,0.040969739381189266,2.340670782623548,0.006040254560348398,1.7474079641013107,0.040969739381189266,2.2696649250597645,0.006040254560348398,1.6303201829317708,0.0059541541962351285,3.1637002221666717,0.036997038921802936,2.2657156151300972
2025-09-27 00:00:00+00:00,-0.009183609208491742,2.319174976870199,-0.003035293936550961,1.7421040673031931,-0.009183609208491742,2.248821209353795,-0.003035293936550961,1.6253716819658812,-6.940678449951498e-05,3.1634806399071307,-0.004958693976040503,2.2544806247579308
2025-09-28 00:00:00+00:00,0.036308619266823605,2.403381018118523,0.014869740564275332,1.7680087028199603,0.036308619266823605,2.33047280244338,0.014869740564275332,1.6495405371972336,0.02305906325348861,3.2364275400839357,0.026919929750572877,2.315171084800442
2025-09-29 00:00:00+00:00,0.003869287473242147,2.4126803901853573,0.011635814238074062,1.7885809236572718,0.003869287473242147,2.339490071664606,0.011635814238074062,1.6687342844662336,0.01915062727373651,3.298407157602539,-0.0005708046042617418,2.3138495744855843
2025-09-30 00:00:00+00:00,-0.0081114230554478,2.393110118842981,-0.0003538960739865399,1.7879479518903825,-0.008444756388781133,2.319733647935426,-0.0010205627406532065,1.6670312364314568,-0.002300984079006363,3.290817575246815,-0.010287668160211733,2.2900454578906295
2025-10-01 00:00:00+00:00,0.044366961794458426,2.4992851440556194,-0.002955851598835487,1.7826630430781527,0.044366961794458426,2.4226531820666968,-0.002955851598835487,1.6621037394859421,0.03986061070454605,3.4219915735134068,0.04955953575933373,2.40353904765146
2025-10-02 00:00:00+00:00,0.02546712104713585,2.562934741350592,-0.010228389969703544,1.764429270288971,0.02546712104713585,2.484351183909618,-0.010228389969703544,1.6451030942683773,0.01631063841735636,3.477806440736224,0.03165305816060861,2.4796184089180655
2025-10-03 00:00:00+00:00,0.003412161200621636,2.5716798878347538,0.01179778434973914,1.7852456263202081,0.003412161200621636,2.492828190628073,0.01179778434973914,1.6645116658076444,0.014126434764644369,3.5269354465453446,0.0002222359866699272,2.480169469361736
2025-10-04 00:00:00+00:00,-0.021724543068530073,2.5158113173530148,-0.013757313084256427,1.7606854433066215,-0.021724543068530073,2.4386726372383274,-0.013757313084256427,1.6416124576887314,0.0013008050265068682,3.531523301902376,-0.021106725966412044,2.4278212120216565
2025-10-05 00:00:00+00:00,0.0050765901526243305,2.5285830603125503,0.021114059724500974,1.797860660912657,0.0050765901526243305,2.451052778734006,0.021114059724500974,1.676273561164856,0.008916587003946264,3.563012436680252,-0.0009893672342595836,2.4254192052638417
2025-10-06 00:00:00+00:00,0.026550323442273035,2.595717758414501,-0.019037254031853895,1.7636343307969862,0.026550323442273035,2.516129022783476,-0.019037254031853895,1.6443619155540803,0.009525493975614863,3.5969518901808906,0.038085804974974,2.5177932480980765
2025-10-07 00:00:00+00:00,-0.07134822515844304,2.410517903339374,-0.002423899338045358,1.7593594587100134,-0.07168155849177636,2.335768973063966,-0.002757232671378691,1.6398280271569436,-0.02667759465175834,3.500993865672769,-0.06216770810590423,2.3612678123792987
2025-10-08 00:00:00+00:00,0.0362472983425058,2.4978926649416677,0.0033462690130887634,1.7652467487495793,0.0362472983425058,2.4204342878897838,0.0033462690130887634,1.6453153328710135,0.016261452474369165,3.5579251110324646,0.030058768840177053,2.4322446157213586
2025-10-09 00:00:00+00:00,-0.02618687343991092,2.4324806658583586,0.007297514053460167,1.7781286617064043,-0.02618687343991092,2.357050681523193,0.007297514053460167,1.6573220446350132,-0.013329440578722873,3.5104999596814115,-0.031100000118065976,2.356601807885259
2025-10-10 00:00:00+00:00,-0.21325337406213213,1.913745956523162,0.0896663969972964,1.937567052199242,-0.21325337406213213,1.8544016708529243,0.0896663969972964,1.8059281410416272,-0.07305379476321361,3.254044616110576,-0.22715764458956986,1.8212816919705215
2025-10-11 00:00:00+00:00,-0.02071133275529309,1.874109727208514,-0.02980736918658566,1.8798132757505748,-0.02071133275529309,1.8159945407859177,-0.02980736918658566,1.752098174217155,-0.01888813517240162,3.1925817815444537,-0.010950304138956896,1.8013381035207303
2025-10-12 00:00:00+00:00,0.09208114494438153,2.0466798966412765,-0.037133386874306,1.8100094421306723,0.09208114494438153,1.9832133973142312,-0.037133386874306,1.6870368348721843,0.03899338782622541,3.3170713611191585,0.09843422281232478,1.9786514197630203
2025-10-13 00:00:00+00:00,0.049550222596281085,2.1480933411031855,-0.03399351003418438,1.7484808679976347,0.049550222596281085,2.0814820626070785,-0.03399351003418438,1.629688531297918,0.0018023848543999854,3.3230500003014036,0.048095412584202496,2.073815476156841
2025-10-14 00:00:00+00:00,-0.025941646595335818,2.0923682627944924,0.004994685827373652,1.7572139806084566,-0.026608313262002484,2.02609733583599,0.003994685827373652,1.636198624976927,-0.018563291249153346,3.2613632553103096,-0.03244901597848161,2.006522204634605
2025-10-15 00:00:00+00:00,-0.03210531386884341,2.0251921229882686,0.030391362543006818,1.8106181077587682,-0.03210531386884341,1.9610488449401482,0.030391362543006818,1.6859249305809698,-0.020038018850880857,3.1960119969208316,-0.046236056320536206,1.9137485309727131
2025-10-16 00:00:00+00:00,-0.030809764154353804,1.962796431311745,0.013189073814694287,1.8344984836322207,-0.030809764154353804,1.9006293925323743,0.013189073814694287,1.7081607189364356,-0.023193607123227156,3.121884950303129,-0.04250398495082564,1.8324065922125843
2025-10-17 00:00:00+00:00,-0.01602885806217443,1.9313350459093064,0.01138566755612273,1.8553854734990685,-0.01602885806217443,1.870164473770676,0.01138566755612273,1.7276092690146736,-0.016291064555353674,3.071026121043354,-0.03136249733682152,1.774937745344343
2025-10-18 00:00:00+00:00,0.017632499388802254,1.9653893099258744,0.004367183944048742,1.8634882831489548,0.017632499388802254,1.903140147711397,0.004367183944048742,1.735154056475904,0.007078061719969053,3.0927630334717358,0.014820439554260099,1.8012431029117935
2025-10-19 00:00:00+00:00,0.013069145646346831,1.9910752690690685,-0.007723525135821641,1.8490955845537447,0.013069145646346831,1.9280125634872471,-0.007723525135821641,1.7217525505061895,0.01360050253295686,3.1348261649423033,0.022151973569588722,1.8411441925198995
2025-10-20 00:00:00+00:00,0.008798065245212094,2.0085928791944663,-0.004273084435737668,1.8411942429911967,0.008798065245212094,1.9449753438143964,-0.004273084435737668,1.7143953564804297,0.017390110967337113,3.189341139813962,0.018346814094590713,1.8749233227413973
2025-10-21 00:00:00+00:00,-0.03472210989248088,1.9388502965138215,-0.0048161424891325355,1.8323267891667805,-0.03505544322581422,1.8767933710737024,-0.005482809155799202,1.7049956539232591,-0.0202151248565009,3.124868210462648,-0.0307673845906329,1.8172368357926654
2025-10-22 00:00:00+00:00,-0.015819439788159657,1.9081787709898654,0.0167928789237823,1.8630968310860612,-0.015819439788159657,1.8471035513451848,0.0167928789237823,1.7336274395051676,-0.006742804346575482,3.103797835510665,-0.0252741600354276,1.7713077011825675
2025-10-23 00:00:00+00:00,0.016922355178535797,1.9404696498966978,-0.010312279641046048,1.843884055565555,0.016922355178535797,1.8783608936925829,-0.010312279641046048,1.7157497885555997,0.02334107793213258,3.1762438226749037,0.03103267317627395,1.8262761141679833
2025-10-24 00:00:00+00:00,0.018155389262778893,1.9756996317431805,-0.009133999836570926,1.8270420189033634,0.018155389262778893,1.9124632668935528,-0.009133999836570926,1.7000781302673362,0.008418652997351561,3.202983517252985,0.016570797236686273,1.856538965354064
2025-10-25 00:00:00+00:00,0.005952644861297947,1.9874602700035446,0.0026602354860351483,1.8319023809165276,0.005952644861297947,1.9238474815316478,0.0026602354860351483,1.7046007384385058,0.005777943656356088,3.22149017554791,0.000198876134792275,1.8569081866475847
2025-10-26 00:00:00+00:00,0.03575393427589464,2.058519793873203,-0.008044298922310029,1.8171660105679435,0.03575393427589464,1.9926325979431756,-0.008044298922310029,1.690888420555316,0.026092497313165763,3.305546899297784,0.04730597919016707,1.9447510466831863
2025-10-27 00:00:00+00:00,-0.01031522385263169,2.0372857013943277,0.017676324835162606,1.8492868272501588,-0.01031522385263169,1.9720781466393407,0.017676324835162606,1.7207771135370669,-0.0039433691168074825,3.292511907740934,-0.020877655856816623,1.9041492036033507
2025-10-28 00:00:00+00:00,-0.022901924274335423,1.9906279385358085,0.012172127286379845,1.8717965819004734,-0.023235257607668754,1.9262564028797216,0.011505460619713177,1.7405754468521712,-0.010597010805147522,3.2576211234785264,-0.02992667538462331,1.847164348503224
2025-10-29 00:00:00+00:00,-0.015342421106965301,1.960086886435502,-0.0271190368336941,1.8210352614507317,-0.015342421106965301,1.8967029659867527,-0.0271190368336941,1.6933727171971638,-0.02548449513700146,3.174602293799045,7.718895175645778e-06,1.8471786065712024
2025-10-30 00:00:00+00:00,-0.02930696352126575,1.9026426915562256,0.06065766064203844,1.9314950003569957,-0.02930696352126575,1.8411163613519024,0.06065766064203844,1.7960887448173957,-0.015437103127948992,3.1255956307994457,-0.06592028779879545,1.7254120612102508
2025-10-31 00:00:00+00:00,0.012260913516170202,1.9259708290495698,0.01440206018880034,1.9593125076065043,0.012260913516170202,1.863690129831644,0.01440206018880034,1.8219561230246828,0.011863883235009975,3.1626773324031077,0.01049727266177052,1.7435241820706822
2025-11-01 00:00:00+00:00,0.0021923757391738947,1.930193280769535,-0.038463752797101236,1.8839499956616592,0.0021923757391738947,1.8677760388576248,-0.038463752797101236,1.7518768531014963,0.004471297307560018,3.176818603044163,0.020211361711872062,1.7787631799679084
2025-11-02 00:00:00+00:00,0.00659591659440702,1.9429246746605755,0.007743700177773075,1.89853873957798,0.00659591659440702,1.8800957338269615,0.007743700177773075,1.7654428622002951,0.004019869552698729,3.189588999420987,0.005714022433256757,1.7889270726816964
2025-11-03 00:00:00+00:00,-0.07621250259081709,1.7948495228592438,0.0619232883573582,2.0161025014064826,-0.07621250259081709,1.73680893284169,0.0619232883573582,1.8747648896347637,-0.03580256607793619,3.0753935285077585,-0.11988624679515726,1.5744593201476402
2025-11-04 00:00:00+00:00,-0.06734655849756628,1.6739725844736748,-0.0372093629020882,1.941084611783841,-0.06734655849756628,1.6198408284469714,-0.03754269623542154,1.8043811608703724,-0.04771697260652341,2.9286450597536744,-0.042367649816940085,1.5077531790206073
2025-11-05 00:00:00+00:00,0.037541514850602045,1.7368160511131938,-0.00979667330438572,1.9220684399860244,0.037541514850602045,1.6806521069637248,-0.00979667330438572,1.786704228120737,0.023527146851904046,2.9975477221516025,0.044937801987797496,1.5755082928259077
2025-11-06 00:00:00+00:00,-0.03332750906577353,1.678932298424138,-0.007718654460458016,1.9072326578484207,-0.03332750906577353,1.62464015863248,-0.007718654460458016,1.7729132755608337,-0.024441604556416086,2.924282846087787,-0.026790438814040772,1.5332997343059414
2025-11-07 00:00:00+00:00,0.032687340763672745,1.7338121305818641,-0.1971815847371842,1.5311614999113574,0.032687340763672745,1.677745325116047,-0.1971815847371842,1.4233274262841564,0.01966569192047385,2.981790891627276,0.11411416175077105,1.7082709481989438
2025-11-08 00:00:00+00:00,-0.01442796202569152,1.7087967550021457,0.002199674917125508,1.5345295574567808,-0.01442796202569152,1.6535388792764911,0.002199674917125508,1.4264582839226105,-0.009929834869828569,2.9521822004570586,-0.012251473877794135,1.6873421113008897
2025-11-09 00:00:00+00:00,0.03941454821255859,1.7761482070876413,0.034396879925771,1.5873125863871682,0.03941454821255859,1.7187123671550744,0.034396879925771,1.475523998233818,0.023555378234659363,3.0217219688064536,0.028245561006814742,1.7350020358450065
2025-11-10 00:00:00+00:00,0.008280410146565182,1.7908554427234133,-0.03697419380531538,1.5286229831884726,0.008280410146565182,1.7329440104790923,-0.03697419380531538,1.420967687958727,0.012300740926345144,3.058891387896187,0.06229547466293602,1.8430848112091316
2025-11-11 00:00:00+00:00,-0.10294360840733748,1.6064983213135453,-0.035040734747817395,1.475058910705148,-0.10394360840733748,1.5528155568620126,-0.0370407347478174,1.3683340007438283,-0.027847453375886122,2.9737090525898484,-0.07422852211468074,1.7062753495410623
2025-11-12 00:00:00+00:00,-0.05901686292734261,1.5116878300915777,-0.05004312304233286,1.4012423561420408,-0.05901686292734261,1.4611732539912419,-0.05004312304233286,1.2998582939815972,-0.013629281637633106,2.933179534403722,-0.025054013458097185,1.663526303970441
2025-11-13 00:00:00+00:00,-0.020182215024916534,1.48117862125412,0.026388487500283025,1.4382190225419624,-0.020182215024916534,1.4316835411905335,0.026388487500283025,1.33415958832447,-0.0193041381300183,2.87655703151145,-0.033757539595059255,1.6073697488967364
2025-11-14 00:00:00+00:00,-0.056827994223144954,1.397006211122045,-0.006628497402316748,1.4286857914870805,-0.056827994223144954,1.350323837182386,-0.006628497402316748,1.3253161149589852,-0.05113769386957956,2.729456538635631,-0.053247535297050744,1.5217812714569459
2025-11-15 00:00:00+00:00,0.024513419677734422,1.4312516106676811,0.006080034191266719,1.4373722499478991,0.024513419677734422,1.3834248921040864,0.006080034191266719,1.3333740822521727,0.010595175169672455,2.7583756087804834,0.021429623770360527,1.5543924715650492
2025-11-16 00:00:00+00:00,-0.028881145365701112,1.389915424845094,-0.005233883726720401,1.4298492107196574,-0.028881145365701112,1.3434699966926988,-0.005233883726720401,1.3263953573414422,-0.013962892264381965,2.7198607073303824,-0.025926183999440057,1.5140930063399094
2025-11-17 00:00:00+00:00,-0.015854576700881307,1.3678789041341495,0.022515743409819395,1.462043328662954,-0.015854576700881307,1.3221698485848017,0.022515743409819395,1.3562601348673178,-0.02170877083991085,2.660815874518469,-0.02915246950412549,1.4699534561461753
2025-11-18 00:00:00+00:00,0.019629670958098384,1.3947299169328269,-0.021806191879085023,1.4301617313025934,0.018963004291431718,1.347242161097517,-0.02280619187908502,1.32532900599358,0.0080864161785148,2.6823323390542244,0.035778903969632236,1.5225467796934582
2025-11-19 00:00:00+00:00,-0.02199143840117031,1.3640577998783292,0.0045601310558934065,1.4366834562284565,-0.02199143840117031,1.3176143681002812,0.0045601310558934065,1.3313726799530876,-0.015123251373723723,2.6417667528228392,-0.02494214372596541,1.4845711990848383
2025-11-20 00:00:00+00:00,-0.06100220576430278,1.2808472652957492,-0.02087155357152237,1.4066976405064644,-0.06100220576430278,1.237236985299426,-0.02087155357152237,1.3035848637397853,-0.05371341978632305,2.4998684262509148,-0.055103912870325615,1.4027655170806725
2025-11-21 00:00:00+00:00,-0.06179523775994852,1.2016970040026185,-0.01641332679612662,1.3836090524294915,-0.06179523775994852,1.160781631627446,-0.01641332679612662,1.28218869936474,-0.01740360350856096,2.4563617073368738,-0.05672110368651295,1.3231991087384747
2025-11-22 00:00:00+00:00,-0.021222560848071243,1.1761939162142279,-0.014010237001898147,1.3642243616869825,-0.021222560848071243,1.136146872818909,-0.014010237001898147,1.2642249318054843,-0.00457761786963673,2.445117422091077,-0.009858609645903191,1.310154205241615
2025-11-23 00:00:00+00:00,0.005327489488386091,1.1824600769391629,-0.004490801520773006,1.358097900848843,0.005327489488386091,1.1421996833411145,-0.004490801520773006,1.258547548559133,0.02466682102163631,2.5054306959186823,0.011168184971126009,1.324786249746452
2025-11-24 00:00:00+00:00,0.03353710625372382,1.2221163661802579,-0.02982364207428441,1.31759447515209,0.03353710625372382,1.180505755484295,-0.02982364207428441,1.2210130769374374,0.01692974778302414,2.5478470056884324,0.05234297682537641,1.3941295057155079
2025-11-25 00:00:00+00:00,-0.0062122253770235565,1.214524303876597,-0.009308179516699376,1.305330069247163,-0.00654555871035689,1.1727786857538585,-0.010308179516699377,1.2084266549481288,-0.010532841389259029,2.5210109372934175,0.00441061088055488,1.4002784684823193
2025-11-26 00:00:00+00:00,0.02838173578843106,1.2489946117778508,0.021327464285081588,1.333169449679275,0.02838173578843106,1.206064180551228,0.021327464285081588,1.2341993312726758,0.035642227603171595,2.6108653829105144,0.02111152818526783,1.4298404868369075
2025-11-27 00:00:00+00:00,-0.005221048282274949,1.2424735506054574,-0.025374676180175526,1.2993407066003606,-0.005221048282274949,1.1997672612330477,-0.025374676180175526,1.2028819228998424,0.009393150304329856,2.6353896338765646,0.0028768828510275517,1.4339539704131934
2025-11-28 00:00:00+00:00,-0.003398385363939105,1.2382511466759984,0.02506704775475288,1.3319113421424063,-0.003398385363939105,1.1956899897323399,0.02506704775475288,1.2330346215045018,-0.004853069422706469,2.6225999050274806,-0.01396658255863828,1.4139265339001303
2025-11-29 00:00:00+00:00,-0.010085239862934784,1.225763086851217,-0.0009938897858442854,1.3305875690638007,-0.010085239862934784,1.1836311693841792,-0.0009938897858442854,1.2318091209885962,-0.000971056444718732,2.620053212487785,-0.01306815908509922,1.3954491170204806
2025-11-30 00:00:00+00:00,-0.010889653894731621,1.2124149510784694,-0.0025026053571057067,1.3272576334853634,-0.010889653894731621,1.170741835610569,-0.0025026053571057067,1.2287263888834785,-0.004872556288134988,2.6072868557320295,-0.013067321400948507,1.3772143349097041
2025-12-01 00:00:00+00:00,-0.0508516146378063,1.1507616932051123,0.0436658331581257,1.385213443866984,-0.0508516146378063,1.1112077229457424,0.0436658331581257,1.2823797503774508,-0.0450862107127048,2.4897341711660297,-0.0716068870667799,1.2785963035630745
2025-12-02 00:00:00+00:00,0.07429518321994211,1.236257744044277,-0.031508181764141385,1.3415678868954908,0.07429518321994211,1.1937651043174111,-0.031508181764141385,1.2419742961119038,0.05785259974357393,2.633771765638397,0.08897298262945152,1.392356830270073
2025-12-03 00:00:00+00:00,0.03245131478015824,1.2763759332456661,-0.007788693776140073,1.3311188254445585,0.03245131478015824,1.2325043514911838,-0.007788693776140073,1.232300938641651,0.023577125147954625,2.695868532168003,0.0475855243161505,1.4586128600736479
2025-12-04 00:00:00+00:00,-0.025140357765920714,1.2442873856400591,0.011623528243248306,1.346591122707233,-0.025140357765920714,1.2015187511466412,0.011623528243248306,1.2466246234061338,-0.014469557138797606,2.6568605084031116,-0.028967554262122455,1.4163604129020348
2025-12-05 00:00:00+00:00,-0.04958406553309158,1.1825905583684833,0.013026015573342778,1.3641318396425426,-0.04958406553309158,1.1419425666505478,0.013026015573342778,1.2628631751647348,-0.029844460232980596,2.5775679406154985,-0.05439861463915161,1.3393123686104274
2025-12-06 00:00:00+00:00,0.012357870911130978,1.1972048598295233,-0.001783567228881621,1.3616988187974821,0.012357870911130978,1.156054545477141,-0.001783567228881621,1.2606107737909495,-0.0010438817669845557,2.574877264439126,0.01351708635797195,1.3574159695572343
2025-12-07 00:00:00+00:00,-0.0016598265735900215,1.1952177073891472,0.023280304962964918,1.3933995825667964,-0.0016598265735900215,1.1541356954220385,0.023280304962964918,1.289958177044402,0.01298253780755676,2.608305705874525,-0.010291676470335038,1.343445883562885
2025-12-08 00:00:00+00:00,0.017434650040384726,1.216055909839548,-0.030370820186352322,1.351080894396922,0.017434650040384726,1.174257647370838,-0.030370820186352322,1.2507810892014717,0.0026442743544992098,2.6152027817612633,0.026315426753458507,1.3787992353090195
2025-12-09 00:00:00+00:00,0.04713401198395476,1.2733735036670843,-0.014355597129225517,1.331685321387966,0.04680067865062142,1.2292137021784753,-0.015022263795892185,1.2319915257285738,0.022557233825501566,2.6741945224105543,0.04768939612256118,1.4445533382151556
2025-12-10 00:00:00+00:00,-0.016787691563492503,1.2519965020423975,0.024667660783798118,1.3645348831667274,-0.016787691563492503,1.2085780416806844,0.024667660783798118,1.2623818747737603,-0.007158379262571457,2.6550516237972484,-0.025922038696434578,1.4071075706828786
2025-12-11 00:00:00+00:00,-0.0026556910904135624,1.2486715860866946,0.02086092927123147,1.3930003488525966,-0.0026556910904135624,1.2053684317433235,0.02086092927123147,1.2887163337767003,0.005412247975528528,2.6694214215730687,-0.013321070853261627,1.3883633910356512
2025-12-12 00:00:00+00:00,-0.04156791624466175,1.196766910179154,-0.015410375619933045,1.3715336902380804,-0.04156791624466175,1.1552637777286578,-0.015410375619933045,1.2688567310056582,-0.02426632774632176,2.6046443664641243,-0.0312539416444889,1.3449715626308782
2025-12-13 00:00:00+00:00,0.018831583057811404,1.219303925649033,-0.00844517745172698,1.3599508448429978,0.018831583057811404,1.177019223512636,-0.00844517745172698,1.2581410107514972,-0.00031472800786813693,2.6038246119314623,0.01651572525261467,1.3671847434318696
2025-12-14 00:00:00+00:00,-0.03210676458749506,1.180156021547611,0.022207239766457075,1.390151599325022,-0.03210676458749506,1.1392289443883596,0.022207239766457075,1.2860808498372682,-0.022914891077693733,2.5441582545636345,-0.038234182551561004,1.3149115523697865
2025-12-15 00:00:00+00:00,-0.017528539883237472,1.1594696096554709,0.02569751294855974,1.4258750380491376,-0.017528539883237472,1.1192599244005097,0.02569751294855974,1.319129929128856,-0.019735138649757622,2.493948938662896,-0.029970435337736065,1.2755030807146457
2025-12-16 00:00:00+00:00,-0.008717204417391211,1.1493622760523514,-0.01979664067122685,1.3976475022788069,-0.009050537750724544,1.10913002020185,-0.020796640671226847,1.2916964579941024,0.016560286412174774,2.535249447384493,0.005150023864065229,1.2820719520190147
2025-12-17 00:00:00+00:00,-0.040856802808800365,1.1024030081838065,0.013199660661879942,1.4160959750338113,-0.040856802808800365,1.0638145136771422,0.013199660661879942,1.3087464129177768,-0.018439983328670806,2.488499489840701,-0.048324568050798385,1.2201163787276519
2025-12-18 00:00:00+00:00,-0.022429395074569276,1.0776767755818584,0.016009454186184564,1.4387668986693556,-0.022429395074569276,1.0399537976638167,0.016009454186184564,1.3296987286567175,-0.008427445079160933,2.4675277970605483,-0.032185616564556804,1.1808461807977881
2025-12-19 00:00:00+00:00,0.05181835187607841,1.1335202099476367,-0.0251747270462858,1.4025463347121234,0.05181835187607841,1.0938424894860244,-0.0251747270462858,1.2962239261089914,0.03064359226492308,2.5431417127760354,0.06618002288024111,1.2589946080610313
2025-12-20 00:00:00+00:00,-0.004473844023466696,1.1284490173308837,-0.057907203879585915,1.3213287981573825,-0.004473844023466696,1.0889488088018233,-0.057907203879585915,1.2211632229462006,0.002541045786250251,2.549603952309122,0.010382861882026981,1.2720665751867457
2025-12-21 00:00:00+00:00,-0.024067613346947143,1.1012899427000213,0.00946060899621141,1.3338293732721835,-0.024067613346947143,1.0627404099169624,0.00946060899621141,1.2327161707190482,0.003372079732098854,2.558201420121583,-0.019347914675079535,1.2474547396290119
2025-12-22 00:00:00+00:00,-0.028802287683303802,1.0695702729476462,-0.02291101684606633,1.3032699860313663,-0.028802287683303802,1.0321310548978617,-0.02291101684606633,1.2044733897652857,-0.00042939870871350205,2.5571029317351535,-0.004402444563703063,1.2419628892920664
2025-12-23 00:00:00+00:00,-0.014894979177820379,1.0536390460028753,-0.009538500970128276,1.290838744005267,-0.015561645844487047,1.0160693969564443,-0.010538500970128277,1.1917800457787506,-0.012805008847246668,2.5243592060709643,-0.011082049459422797,1.228199395126164
2025-12-24 00:00:00+00:00,-0.0042334121039495996,1.049178557712333,0.00642342220314133,1.2991303462541857,-0.0042334121039495996,1.011767956472916,0.00642342220314133,1.1994353521860668,0.002096906933680698,2.529652552393275,-0.008775695745797164,1.2174210909193648
2025-12-25 00:00:00+00:00,-0.012310904589938035,1.0362622205905276,0.019736494976381375,1.324770625806696,-0.012310904589938035,0.9993121776936215,0.019736494976381375,1.2231080019889813,-0.00506653115766087,2.516835988918518,-0.016788792484762817,1.196982060857346
2025-12-26 00:00:00+00:00,0.006624868957167887,1.0431273220072037,-0.041672656440275846,1.2695639146552844,0.006624868957167887,1.0059324899181439,-0.041672656440275846,1.1721378424327422,0.0016542224518192317,2.520999395518934,0.022371124545931653,1.2237598956200317
2025-12-27 00:00:00+00:00,0.013357368142267992,1.057060757666512,-0.03689126413188748,1.2227280969474232,0.013357368142267992,1.019369100512249,-0.03689126413188748,1.1288961956885752,0.005808086935541468,2.5356415791725553,0.027281481207085175,1.257145878214374
2025-12-28 00:00:00+00:00,-3.510042787402412e-05,1.0570236543816292,0.021774244242720266,1.2493520771727928,-3.510042787402412e-05,1.0193333202206594,0.021774244242720266,1.153477057178176,0.0008614312207482211,2.537825859993482,-0.004770756155692149,1.25114834177728
2025-12-29 00:00:00+00:00,-0.009514924183528062,1.0469661544499922,0.021405627838069832,1.2760952427754733,-0.009514924183528062,1.0096344409610158,0.021405627838069832,1.1781679577838842,-0.008135963064696994,2.5171782025319422,-0.02116483314321529,1.2246679958861533
2025-12-30 00:00:00+00:00,0.004660847145687189,1.0518459036625916,0.006325648952843858,1.284167373311665,0.004327513812353855,1.0140036479497028,0.005658982286177192,1.1848351893871247,0.014309961824741313,2.553198926516245,0.005383054334310587,1.2312604502494997
2025-12-31 00:00:00+00:00,-0.019471168419717706,1.0313652349207871,0.012718704175102753,1.3005003182441346,-0.019471168419717706,0.9942598121422659,0.012718704175102753,1.1999047576571913,-0.009462229344042727,2.5290399727125847,-0.023281598469599697,1.2025947388352924
2026-01-01 00:00:00+00:00,0.01816814781981716,1.0501032309650484,-0.0469349071147096,1.2394614566046958,0.01816814781981716,1.0123236713805703,-0.0469349071147096,1.1435873393100529,0.013586356916318376,2.563400412437494,0.05561764554937013,1.2694802267593712
2026-01-02 00:00:00+00:00,0.030932841008833645,1.0825859072513528,-0.054720154437237024,1.171637934280284,0.030932841008833645,1.0436377185568644,-0.054720154437237024,1.0810100634905377,0.013013310364452524,2.596758737592909,0.0542876100059533,1.338397274219953
2026-01-03 00:00:00+00:00,-0.004158748070958654,1.0780837051979244,-0.00019915726202649817,1.1714045940772064,-0.004158748070958654,1.0392974922080365,-0.00019915726202649817,1.0807947724860698,0.007032380529924165,2.6150201331800678,0.0014206076753940085,1.3402986116604363
2026-01-04 00:00:00+00:00,0.0014171265319251614,1.0796114862201966,-0.046393376967218014,1.1170591791630515,0.0014171265319251614,1.0407703082588078,-0.046393376967218014,1.030653053181925,0.00994968332637991,2.641038755397317,0.024582969336059187,1.3732471313320473
2026-01-05 00:00:00+00:00,0.034773723917622526,1.1171535979803118,-0.0005731958179790268,1.1164188855131203,0.034773723917622526,1.0769617676198584,-0.0005731958179790268,1.0300622871620537,0.025455991184503812,2.708269014672644,0.02963719428009072,1.4139463233579126
2026-01-06 00:00:00+00:00,-0.004962601058728181,1.1116096103522126,-0.031851014064888473,1.0808598118883348,-0.005629267725394847,1.0708992614999118,-0.032851014064888474,0.996223696478782,-0.0011905001624232803,2.7050448199707904,0.01049448851884512,1.4287849668146555
2026-01-07 00:00:00+00:00,-0.03900138360320663,1.0682552975218549,0.011061666510907786,1.092815922672486,-0.03900138360320663,1.029132708601763,0.011061666510907786,1.007243590779494,-0.02542785726453589,2.636261326394401,-0.041263501205291556,1.3698282966143964
2026-01-08 00:00:00+00:00,-0.029251161348764744,1.0370075894523705,-0.01205962631421568,1.079636971014831,-0.029251161348764744,0.9990293816931616,-0.01205962631421568,0.9950966094673047,-0.0028913963637382523,2.6286388499814004,-0.016980801381104305,1.3465675143833709
2026-01-09 00:00:00+00:00,-0.006563862674844212,1.030200814042434,-0.007640686411575078,1.0713878034809639,-0.006563862674844212,0.9924718900235932,-0.007640686411575078,0.9874933883251434,-0.0050352365571061375,2.615403031548545,-0.0032298003596805125,1.3422183701410815
2026-01-10 00:00:00+00:00,-0.003170933029286431,1.026934116254389,-0.001645143151654205,1.0696252171733014,-0.003170933029286431,0.989324828126879,-0.001645143151654205,0.9858688203400365,-0.0015068189681346489,2.6114620926512906,-0.0018586663025724295,1.3397236340858065
2026-01-11 00:00:00+00:00,-0.006102384642444206,1.0206673692745563,-0.013446702246167284,1.05524228536298,-0.006102384642444206,0.9832875874893289,-0.013446702246167284,0.9726121358591439,0.005623464858730998,2.6261475579592233,0.002470278812727183,1.3430331249939984
2026-01-12 00:00:00+00:00,-0.01293093659065129,1.0074691842423202,0.006426117357235639,1.0620233961290402,-0.01293093659065129,0.9705727580451299,0.006426117357235639,0.9788622555872465,0.003104479383037706,2.6343003789097224,-0.014723679455467986,1.3232587357635113
2026-01-13 00:00:00+00:00,0.059484674018234054,1.0673981602503908,-0.05646510952957669,1.002056128743641,0.05881800735156739,1.0276599136630593,-0.05746510952957669,0.9226118288555568,0.04510373925749378,2.7531171763259836,0.09335533441086832,1.4467919975528167
2026-01-14 00:00:00+00:00,0.004685612935883062,1.0723995748777977,0.019131231776321773,1.0212266967955193,0.004685612935883062,1.0324751302482074,0.019131231776321773,0.9402625295929685,0.01611692204498283,2.7974889512375327,-0.007748677181701496,1.4355812734147109
2026-01-15 00:00:00+00:00,-0.03218776772090422,1.0378814264576346,0.019310028567201876,1.04094661348423,-0.03218776772090422,0.9992420605781677,0.019310028567201876,0.9584190259000782,-0.013893298297359746,2.7586226027544214,-0.03789070913283863,1.3811860809472039
2026-01-16 00:00:00+00:00,9.334906248507479e-05,1.037978311715765,-0.021720842436909117,1.018336376107505,9.334906248507479e-05,0.9993353388877183,-0.021720842436909117,0.9376013572499667,-0.0005633608354392861,2.757068502820272,0.002501266583708843,1.3846407955373607
2026-01-17 00:00:00+00:00,-0.0001737178067349552,1.0377979964000155,-0.0022226993549373146,1.0160729205012216,-0.0001737178067349552,0.9991617365444541,-0.0022226993549373146,0.9355173513180188,-0.00421942473825998,2.7454352597743945,0.005723654627279195,1.3925660012338577
2026-01-18 00:00:00+00:00,-0.0374008202619072,0.9989835000684911,0.024768242699669374,1.0412392611967576,-0.0374008202619072,0.9617922680233799,0.024768242699669374,0.9586884721252154,-0.015498313833314237,2.702885642509364,-0.045531413915513255,1.3291605022270077
2026-01-19 00:00:00+00:00,-0.0205823279424517,0.9784220940609831,0.015294470791604436,1.0571644646642033,-0.0205823279424517,0.9419963441504082,0.015294470791604436,0.9733511049603825,-0.011125280950334271,2.672815280359823,-0.02812861688718962,1.2917730556782796
2026-01-20 00:00:00+00:00,-0.06628611830879967,0.9135662913781133,-0.015502227885813716,1.0407760602201945,-0.06695278497546635,0.8789270654728306,-0.01683556121914705,0.9569641928450975,-0.045377249516900364,2.551530274470351,-0.05895285696883425,1.2156193434906841
2026-01-21 00:00:00+00:00,0.024494006312937668,0.9359431898864159,-0.007023512007568936,1.0334661570640478,0.024494006312937668,0.900455510563134,-0.007023512007568936,0.9502429433458365,0.01161480468893994,2.581165800266241,0.025202168180252702,1.2462555866285048
2026-01-22 00:00:00+00:00,-0.007462820170084631,0.9289584141708782,0.00982801294718912,1.0436230758361549,-0.007462820170084631,0.8937355730166396,0.00982801294718912,0.9595819432960144,0.0011731073359675381,2.584193784801882,-0.015237054574000437,1.2272663222418934
2026-01-23 00:00:00+00:00,-0.005638902618089266,0.9237201081371139,-0.008837417084340604,1.0344001434361483,-0.005638902618089266,0.8886958851540766,-0.008837417084340604,0.9511017174365055,0.0004532173912654702,2.5853649863675545,-0.0026752915058115556,1.223983027074631
2026-01-24 00:00:00+00:00,-0.0014826749904700933,0.9223505314345847,0.00301622627596058,1.0375201283286377,-0.0014826749904700933,0.887378237991025,0.00301622627596058,0.9539704554277487,-0.004184362857875601,2.574546881144546,-0.0025192179946231146,1.2208995470077113
2026-01-25 00:00:00+00:00,-0.05626929852290821,0.870450514038529,-0.010851520859724843,1.0262614570136952,-0.05626929852290821,0.8374460870147757,-0.010851520859724843,0.9436184251311133,-0.02863513885181046,2.5008243737224762,-0.050830774871052906,1.158840276993592
2026-01-26 00:00:00+00:00,0.041685840052892845,0.9067359749406975,0.014165374129043581,1.0407988345065116,0.041685840052892845,0.8723557306509946,0.014165374129043581,0.9569851331581544,0.019345944795891024,2.54920518400073,0.031135401582874513,1.1949212343881968
2026-01-27 00:00:00+00:00,0.015463945237444284,0.9207576904020011,0.0016091042991561342,1.0424735883856726,0.015130611904110951,0.885555006653802,0.0006091042991561344,0.9575680369169894,0.010220145363038613,2.575258431541429,0.020554214692492596,1.2194819019804302
2026-01-28 00:00:00+00:00,-0.005187537203176773,0.9159812256279296,-0.007319147423022346,1.0348435705076708,-0.005187537203176773,0.8809611571113259,-0.007319147423022346,0.95055945528722,0.0005601120448179842,2.5767008648074543,-0.0016212305935038207,1.2175048406127154
2026-01-29 00:00:00+00:00,-0.07243913856105658,0.8496283347053416,0.013828303266834902,1.0491537012343852,-0.07243913856105658,0.8171450897844299,0.013828303266834902,0.963704079708089,-0.052069770668507376,2.4425326416955855,-0.07817105210703794,1.122331206276608
2026-01-30 00:00:00+00:00,-0.010713137202562876,0.8405261497844583,0.011448766074372802,1.06116521653588,-0.010713137202562876,0.8083909023231688,0.011448766074372802,0.9747373022815856,-0.004603299036883057,2.4312889335385126,-0.022519225830012035,1.0970571763863952
2026-01-31 00:00:00+00:00,-0.09177499968966121,0.7633868626488375,-0.0030484893042071193,1.0579302657232739,-0.09177499968966121,0.734200827513335,-0.0030484893042071193,0.9717658260411686,-0.06550401024252306,2.2720297583334728,-0.0857641809164691,1.0029689662350816
2026-02-01 00:00:00+00:00,-0.03243601912668359,0.7386256317709008,-0.0012579069163217715,1.0565994879250344,-0.03243601912668359,0.7103862754292856,-0.0012579069163217715,0.9705434350875463,-0.02251530935119128,2.2208743054694824,-0.034785578546288796,0.968080110480621
2026-02-02 00:00:00+00:00,0.023617269299618677,0.7560699522280351,-0.0019283588528378921,1.05456198494859,0.023617269299618677,0.727163659402852,-0.0019283588528378921,0.9686718790624315,0.023001704210088736,2.2719581993316775,0.03059721515230603,0.9977006659056648
2026-02-03 00:00:00+00:00,-0.04215672291718841,0.7241965207459459,-0.012736497168918445,1.0411305592128435,-0.04249005625052175,0.6962664346114896,-0.013403163835585112,0.9556886111644336,-0.03769942090671896,2.1863066908926014,-0.03569636223084849,0.9620863815375374
2026-02-04 00:00:00+00:00,-0.035202426595568714,0.6987030458836204,-0.022948585967922413,1.0172380850709164,-0.035202426595568714,0.6717561665561204,-0.022948585967922413,0.9337569089125622,-0.03437208369885747,2.111158774321869,-0.020024576837456492,0.9428210088661685
2026-02-05 00:00:00+00:00,-0.1579113540679285,0.588369901816752,0.00324956924594752,1.0205436706679694,-0.1579113540679285,0.5656782406917625,0.00324956924594752,0.9367912166469555,-0.14017431361060217,1.8152285422083008,-0.15514277255935055,0.7965491435234671
2026-02-06 00:00:00+00:00,0.12248209241742938,0.6604346785067053,0.006091729365223994,1.026760546515071,0.12248209241742938,0.6349636952466999,0.006091729365223994,0.9424978952104878,0.12192683309102881,2.036553609696204,0.1152942691801498,0.8883866948920794
2026-02-07 00:00:00+00:00,-0.005747219619012441,0.6566390153653154,-0.003210651801785258,1.0234639759164004,-0.005747219619012441,0.6313144194400174,-0.003210651801785258,0.9394718626450514,-0.01828953307907888,1.9993059950843477,-0.002066967659114275,0.8865504283249501
2026-02-08 00:00:00+00:00,-0.0015162653202233827,0.6556433763984113,0.025878083071935988,1.0499492617062989,-0.0015162653202233827,0.6303571792796635,0.025878083071935988,0.9637835935503266,0.015023947392803993,2.0293434631766125,-0.015437009531093086,0.8728647409131033
2026-02-09 00:00:00+00:00,-0.0012215620807006409,0.6548424673113404,0.007425939542190173,1.057746121446097,-0.0012215620807006409,0.629587158852158,0.007425939542190173,0.9709405922477861,-0.0027353755233514576,2.023792446738966,-0.004120854809844744,0.8692677920471676
2026-02-10 00:00:00+00:00,-0.027722060276630895,0.6366888849608378,0.005661187762683096,1.0637342208448533,-0.028055393609964226,0.6119238432987816,0.00499452109601643,0.9757899755187464,-0.01848798083777703,1.9863766107640182,-0.03343368301973838,0.8402049682285948
2026-02-11 00:00:00+00:00,-0.02023173936726604,0.6238075613822748,0.004111292722982496,1.0681075436062002,-0.02023173936726604,0.5995435595885449,0.004111292722982496,0.9798017337442558,-0.025548184817570818,1.9356282939949192,-0.022566431022093176,0.8212445407686442
2026-02-12 00:00:00+00:00,0.02591193168131441,0.6399716202950996,-0.010094189699569874,1.0573258634414977,0.02591193168131441,0.6150788913445753,-0.010094189699569874,0.9699114291758738,-0.01207989801217968,1.9122461016139711,0.016318394018049166,0.8346459327700787
2026-02-13 00:00:00+00:00,0.037446228784872096,0.6639361440044951,-0.000545048797808036,1.0567495692507376,0.037446228784872096,0.6381112762306097,-0.000545048797808036,0.9693827801174212,0.03895737833844892,1.9867421964707705,0.040753969447205454,0.8686610676134248
2026-02-14 00:00:00+00:00,0.08057012664796673,0.7174295632131,0.028943441503998787,1.0873355385927224,0.08057012664796673,0.6895239825720056,0.028943441503998787,0.9974400539087336,0.014073119396473155,2.014701856611715,0.055646656337960954,0.9169991515170752
2026-02-15 00:00:00+00:00,-0.03618681362515559,0.6914680733199308,0.01228920782483663,1.100698031001819,-0.03618681362515559,0.6645723067245974,0.01228920782483663,1.0096978020240344,-0.014184018291979905,1.9861252886246485,-0.04004985863510932,0.8802734651303011
2026-02-16 00:00:00+00:00,-0.0018721297893620576,0.6901735553414757,-0.011754661554903307,1.0877596981732442,-0.0018721297893620576,0.6633281411119933,-0.011754661554903307,0.997829146088512,0.0008695010415125104,1.987852226631682,0.00848548315577402,0.887743010791139
2026-02-17 00:00:00+00:00,-0.009088800884781811,0.6839007053210351,0.010707534228971156,1.0994069223743295,-0.009088800884781811,0.657299283716154,0.010374200895637823,1.008180826109557,-0.02016056045635184,1.9477760116383804,-0.01406460644778685,0.8752572547175883
2026-02-18 00:00:00+00:00,-0.02164094963494419,0.6691004446018798,0.044173138040647264,1.1479711761192137,-0.02164094963494419,0.6430747030221677,0.044173138040647264,1.0527153369112283,-0.015443935368111283,1.9176946848030798,-0.0377957032992164,0.8421762912077956
2026-02-19 00:00:00+00:00,0.007154689668249614,0.673887650639894,0.055516329786665354,1.2117023225182342,0.007154689668249614,0.647675702955793,0.055516329786665354,1.1111582287266726,0.008166142549765887,1.9333548529661102,-0.011335307481656145,0.8326299639931944
2026-02-20 00:00:00+00:00,-0.012811806461797286,0.6652539324829004,0.0006365236159609662,1.2124735996620317,-0.012811806461797286,0.6393778071995149,0.0006365236159609662,1.1118655071803263,0.01516751380855963,1.9626790393953195,0.007949601906083476,0.8392490407420169
2026-02-21 00:00:00+00:00,0.010080074190974082,0.6719597414781654,-0.026492492022786137,1.1803521524951466,0.010080074190974082,0.6458227829321483,-0.026492492022786137,1.0824094191009404,-0.0006480445974648141,1.961407135847282,0.014314485293548302,0.8512624587933431
2026-02-22 00:00:00+00:00,-0.020929106477603376,0.657896224500106,0.031586634786277844,1.2176355048552077,-0.020929106477603376,0.6323062891424993,0.031586634786277844,1.116599090111309,-0.004891878639983305,1.9518121701751199,-0.03320253390118984,0.8229983881464469
2026-02-23 00:00:00+00:00,-0.034315428133840586,0.6353202338887476,-0.011935612947333175,1.2031022787583254,-0.034315428133840586,0.6106084281188544,-0.011935612947333175,1.103271795554396,-0.04416365824308055,1.8656130045368204,-0.03908380141729061,0.7908324825773809
2026-02-24 00:00:00+00:00,-0.025114878401599167,0.6193642434685561,-0.013295020829558208,1.1871070089021445,-0.0254482117349325,0.5950695355529515,-0.013961687496224876,1.0878682595214666,-0.009246934778849636,1.8483618027612947,-0.011846959012208908,0.7814635225707632
2026-02-25 00:00:00+00:00,0.06246474996937157,0.6580526760767884,-0.02512447584667968,1.1572815675295585,0.06246474996937157,0.6322404053056567,-0.02512447584667968,1.06053613971075,0.06134879012272432,1.9617565630697578,0.107451498959039,0.8654329494528025
2026-02-26 00:00:00+00:00,-0.0320230667548036,0.6369798113026043,-0.008945633675355983,1.1469289505671973,-0.0320230667548036,0.6119941286014696,-0.008945633675355983,1.0510489719054215,-0.007396300878801609,1.94724682127833,-0.0258558917127582,0.8430564088270979
2026-02-27 00:00:00+00:00,-0.028836058096224134,0.6186118244577605,-0.015198833957066522,1.129496967886974,-0.028836058096224134,0.5943466303545696,-0.015198833957066522,1.0350742531006853,-0.023902729458526895,1.9007023073203377,-0.030744297495949015,0.8171372317882512
2026-02-28 00:00:00+00:00,0.003656193574667473,0.6208735890355563,-0.01226999895570735,1.1156380412705262,0.003656193574667473,0.5965196766855972,-0.01226999895570735,1.0223738930960604,0.016716637240956178,1.9324756582948601,0.014389067349195818,0.8288950744499877
2026-03-01 00:00:00+00:00,-0.015464551239325847,0.6112720576047718,-0.00857205371640853,1.1060747320526865,-0.015464551239325847,0.5872947675802267,-0.00857205371640853,1.0136100491661872,-0.01786966917841526,1.8979429575857907,-0.014259298546657187,0.8170756121195516
2026-03-02 00:00:00+00:00,0.04092165507780036,0.6362863219047716,0.012864797651875351,1.1203041596683967,0.04092165507780036,0.6113278414881417,0.012864797651875351,1.0266499373466178,0.04642374393153048,1.986052575445405,0.03463938677402593,0.8453786102713848
2026-03-03 00:00:00+00:00,-0.031884806964706115,0.6159984553565552,-0.04145613554274578,1.0738606785760818,-0.032551473631372785,0.5914282193758164,-0.04212280220941244,0.9834045650974605,-0.007148911391331003,1.971854461565021,-0.012834937488336595,0.8345282286545747
2026-03-04 00:00:00+00:00,0.031251775302511,0.635249500670052,0.004031181299337956,1.078189605661652,0.031251775302511,0.6099114011953135,0.004031181299337956,0.987368847189965,0.06334352775907992,2.0967586793880306,0.04430025823666485,0.8714980446897589
2026-03-05 00:00:00+00:00,-0.0016844019382904105,0.6341794851798254,0.021121404843569315,1.10096248482096,-0.0016844019382904105,0.6088840652489547,0.021121404843569315,1.0082234643413925,-0.02444102029029227,2.045511757961261,-0.01843621676045784,0.8554309178315433
2026-03-06 00:00:00+00:00,-0.040396834003647644,0.6085606417884972,-0.0035214630075358997,1.0970854861579782,-0.040396834003647644,0.5842870767376265,-0.0035214630075358997,1.0046730427083848,-0.0391687374595715,1.96539164494321,-0.03809145159094937,0.8228463124355617
2026-03-07 00:00:00+00:00,-0.0169474864737722,0.5982470685433166,0.010885290833165804,1.109027580743653,-0.0169474864737722,0.5743848794078157,0.010885290833165804,1.015609200970507,-0.012495371731106153,1.9408333457424345,-0.019617211532871794,0.8067043622654698
2026-03-08 00:00:00+00:00,-0.02307899368646345,0.5844401282254601,-0.005766315787112174,1.102632577496468,-0.02307899368646345,0.5611286544023626,-0.005766315787112174,1.0097528776014144,-0.01920389706600567,1.9035617819485253,-0.018371590734338656,0.791883919878323
2026-03-09 00:00:00+00:00,0.03856605278892429,0.6069796770625688,0.005550503814241605,1.1087527438235691,0.03856605278892429,0.5827691717094221,0.005550503814241605,1.0153575147999825,0.03730355064027946,1.9745713952783428,0.034148264855202115,0.8189253817089035
2026-03-10 00:00:00+00:00,0.012341470438453201,0.6144706988037785,0.0034918655285035185,1.1126243593093603,0.012008137105119868,0.589767143823946,0.002825198861836852,1.0182261016951528,0.022160194855752158,2.018328282154305,0.018659165280975883,0.8342058457589961
2026-03-11 00:00:00+00:00,0.005470123836628223,0.6178319296202146,-0.011870594903992485,1.0994168462596847,0.005470123836628223,0.5929932431354374,-0.011870594903992485,1.0061391521212582,0.0034772661022810514,2.0253465466731155,0.008098760334351501,0.8409618789733132
2026-03-12 00:00:00+00:00,0.00812345455539365,0.6228508592233556,0.0011793908671438782,1.1007134884473475,0.00812345455539365,0.5978103967977036,0.0011793908671438782,1.0073257834483458,0.0049789249066771735,2.035430595038999,0.00837950775969008,0.8480087255637736
2026-03-13 00:00:00+00:00,0.010145174140268349,0.6291697896535923,-0.010513560627234258,1.0891410704533417,0.010145174140268349,0.6038752873760792,-0.010513560627234258,0.9967352027526853,0.005509677020595349,2.046645160215502,0.01323474467482862,0.859231904528637
2026-03-14 00:00:00+00:00,-0.0010151043761746177,0.6285311166467581,0.008656576241592032,1.0985693031675703,-0.0010151043761746177,0.6032622909292,0.008656576241592032,1.0053635170279926,0.0039750458198222205,2.054780668504276,-0.0029121470740607522,0.8567296948519243
2026-03-15 00:00:00+00:00,0.029748608825415596,0.6472290429704841,0.0005765914820376281,1.0992027288702049,0.029748608825415596,0.6212085048411768,0.0005765914820376281,1.0059432010682625,0.022514339236602954,2.101042697531795,0.030352086382573897,0.8827332285565861
2026-03-16 00:00:00+00:00,0.040036272821554565,0.6731416815128841,-0.0274586161429764,1.0690201430748458,0.040036272821554565,0.6460793780200682,-0.0274586161429764,0.9783213928484922,0.028420286742171008,2.1607549334531932,0.055455376828548654,0.931685532385273
2026-03-17 00:00:00+00:00,-0.030626103422988844,0.6525259747565458,-0.010668068100823026,1.0576157633873717,-0.030959436756322175,0.6260771243766919,-0.011334734767489694,0.9672323793431934,-0.013024161019872249,2.1326129132754157,-0.023226061381061498,0.9100461470222456
2026-03-18 00:00:00+00:00,-0.05631436130986825,0.6157793912500318,-0.0008993423773801697,1.0566646047123722,-0.05631436130986825,0.5908199909866996,-0.0008993423773801697,0.9663625062756758,-0.03602818371042593,2.055778743452702,-0.05175676431281197,0.8629451030770326
2026-03-19 00:00:00+00:00,-0.02638163885194378,0.5995341217376037,0.0039557125012755785,1.0608444660988885,-0.02638163885194378,0.5752331913579798,0.0039557125012755785,0.9701851585225145,-0.018478651735228002,2.0177907240077553,-0.025072979956033508,0.841308497804425
2026-03-20 00:00:00+00:00,0.006545783334722517,0.6034585422002712,-0.003650350897391074,1.056972011550072,0.006545783334722517,0.5789985431955501,-0.003650350897391074,0.9666436422584663,0.008304447304447349,2.0345473607466804,0.006780552969953973,0.8470130346378604
2026-03-21 00:00:00+00:00,-0.03273524259510181,0.5837041804252587,0.00537946518012259,1.06265795568257,-0.03273524259510181,0.5600448854218332,0.00537946518012259,0.9718436680735827,-0.022586775090826627,1.9885934970978603,-0.03128646412380787,0.8205129917172653
2026-03-22 00:00:00+00:00,-0.012902113202778417,0.576173163012477,0.013684885355591312,1.077200307978293,-0.012902113202778417,0.5528191229114836,0.013684885355591312,0.985143237254727,-0.015367801675379322,1.9580331866215113,-0.019994489475908067,0.8041072533395286
2026-03-23 00:00:00+00:00,0.04663183633999875,0.6030411756535742,0.017314055177560718,1.0958510135479147,0.04663183633999875,0.5785980937767136,0.017314055177560718,1.002200061622356,0.044908560397294295,2.04596563824281,0.04345470527571262,0.8390494970434605
2026-03-24 00:00:00+00:00,0.00011242631581520672,0.6031089733512378,-0.004597795908518312,1.0908125142414784,-0.0002209070175181266,0.5784702773974757,-0.005597795908518312,0.9965899502178897,-0.004931991377371103,2.0358749533565987,0.004453485219601326,0.8427861915770576
2026-03-25 00:00:00+00:00,0.007360183243742731,0.6075479659110484,0.005232142168423011,1.0965198003950847,0.007360183243742731,0.5827279246401798,0.005232142168423011,1.0018042505210512,0.011051956198656399,2.0583753541670373,0.00836910684008916,0.8498395592577177
2026-03-26 00:00:00+00:00,-0.05510929337523388,0.5740664268181299,-0.005526855520215923,1.090459493883245,-0.05510929337523388,0.5506142004832429,-0.005526855520215923,0.9962674231688831,-0.035272531478612756,1.9857712446923799,-0.04916699735189251,0.80805549989816
2026-03-27 00:00:00+00:00,-0.035832537291599666,0.5534961701713139,0.007134438937797898,1.098239310556497,-0.035832537291599666,0.5308842966111428,0.007134438937797898,1.0033752322651988,-0.035062759816106626,1.9161446244899998,-0.038075631541187586,0.7772882764192075
2026-03-28 00:00:00+00:00,-0.005274965687453004,0.5505764968655236,0.013023209791133212,1.1125419114987436,-0.005274965687453004,0.5280839001625114,0.013023209791133212,1.0164423984142155,-0.00045552234634516076,1.9152717777947155,-0.008309762997883377,0.7708291950611307
2026-03-29 00:00:00+00:00,-0.010041437431215328,0.5450479174211507,-0.0013517069585094656,1.1110380808553373,-0.010041437431215328,0.5227811787205974,-0.0013517069585094656,1.015068466151355,-0.00551546220130672,1.9047081686990592,-0.008967495986877969,0.7639167873478516
2026-03-30 00:00:00+00:00,0.019669129980218004,0.5557685357543545,-0.004373674105324335,1.106178762371071,0.019669129980218004,0.5330638296760645,-0.004373674105324335,1.0106288874858176,0.01191378458082637,1.92740045151028,0.02084637431615816,0.779841682643302
2026-03-31 00:00:00+00:00,0.022739435271187637,0.5684063983989033,0.00021708483808928036,1.1064188970085982,0.022406101937854306,0.5450077121831693,-0.0004495818285773863,1.0101745271025686,0.022263002270897836,1.970310172139183,0.019136846754761756,0.7947653934170223
2026-04-01 00:00:00+00:00,-0.0033969821011545394,0.5664755320373605,-0.0025287516617599932,1.103621038384185,-0.0033969821011545394,0.5431563307398919,-0.0025287516617599932,1.0076200465884904,-0.0024977857340350296,1.9653887594995896,0.003937194446822769,0.7978945393105107
2026-04-02 00:00:00+00:00,-0.028082832674375204,0.5505672944570276,0.009315627997751173,1.1139019614282637,-0.028082832674375204,0.527902962387696,0.009315627997751173,1.0170066601055854,-0.01779269200774225,1.9304192026263347,-0.0402747487466493,0.7657595372134564
2026-04-03 00:00:00+00:00,0.005934277426822843,0.5538345135244708,-0.012927712656270683,1.0995017569436627,0.005934277426822843,0.5310356850209461,-0.012927712656270683,1.0038590902342268,0.0009313624303253221,1.9322171225464395,0.011738890142031775,0.7747487042960182
2026-04-04 00:00:00+00:00,0.00535315156743188,0.5567992736186421,0.005843026973359515,1.1059261753667409,0.00535315156743188,0.5338783995305783,0.005843026973359515,1.0097246659759176,0.0050193909291964545,1.9419156756445872,0.0024719955826301987,0.7766638796706864
2026-04-05 00:00:00+00:00,0.020164092942735724,0.5680266259223362,0.024225874656506274,1.1327182042705248,0.020164092942735724,0.5446435731988318,0.024225874656506274,1.034186129171433,0.025761503420038023,1.9919423429641308,0.008518935691398275,0.7832802293154327
2026-04-06 00:00:00+00:00,-0.008918252640390884,0.562960820965892,-0.0016327593501875098,1.1308687480313746,-0.008918252640390884,0.5397863042140794,-0.0016327593501875098,1.0324975520991941,-0.0026149365430282456,1.9867335401399084,-0.008321163256240504,0.7767624266519135
2026-04-07 00:00:00+00:00,0.053708645610789474,0.5931966841919082,-0.003519578810794601,1.1268885663480137,0.053375312277456136,0.5685975667645997,-0.0041862454774612675,1.0281752638912292,0.04459545069935267,2.0753328177819683,0.061374309919303295,0.8244356845589182
2026-04-08 00:00:00+00:00,-0.02718872964825358,0.577068419917174,0.01399141903891299,1.1426553364899488,-0.02718872964825358,0.5531381212431822,0.01399141903891299,1.0425608948537763,-0.011877640105099618,2.050682761474052,-0.028349596621839446,0.8010632654610228
2026-04-09 00:00:00+00:00,0.007164682546065911,0.5812029319532404,0.0075223413144819284,1.1512507799358402,0.007164682546065911,0.5571011802860169,0.0075223413144819284,1.050403393745998,0.010103288409036182,2.071401400848663,0.008582670692616357,0.8079385276724267
2026-04-10 00:00:00+00:00,0.019016572314768016,0.5922554195382843,-0.0035425858573409456,1.1471723752045868,0.019016572314768016,0.5676953351675684,-0.0035425858573409456,1.0466822495388106,0.01636388380950171,2.1052975726949894,0.022909757109137965,0.8264482031005165
2026-04-11 00:00:00+00:00,0.005197558290264359,0.5953337016040595,0.004973436364696937,1.1528777640120051,0.005197558290264359,0.570645964763213,0.004973436364696937,1.0518878571009498,0.0011027552434326182,2.1076192006322647,-0.0013206676581143846,0.825356739687575
2026-04-12 00:00:00+00:00,-0.036263704317645806,0.5737446962787603,0.0116615676803737,1.1663221260842291,-0.036263704317645806,0.5499522282269822,0.0116615676803737,1.0641545185386958,-0.03151807780495819,2.041191094683513,-0.04175508140202077,0.7908939018362138
2026-04-13 00:00:00+00:00,0.06842470101020703,0.6130030055778266,-0.033250004475480426,1.1275419101720767,0.06842470101020703,0.5875825450133106,-0.033250004475480426,1.0287713760346815,0.0519784995910435,2.1472891451637617,0.07046454811687916,0.8466238832374979
2026-04-14 00:00:00+00:00,-0.018207610220859042,0.6018416857880504,0.012885833655542965,1.142071227666207,-0.018540943554192373,0.5766882102127902,0.012552500322209632,1.0416850290638369,-0.0038490692909066704,2.1390240804564145,-0.027531366214868732,0.8233151710618322
2026-04-15 00:00:00+00:00,0.02265089451862508,0.615473938329747,-0.03248021193655792,1.1049765121449637,0.02265089451862508,0.5897507140324547,-0.03248021193655792,1.007850878548704,0.009151838859432937,2.1586000841571984,0.03940726193055769,0.8557597676592676
2026-04-16 00:00:00+00:00,0.04077536667619153,0.6405701138447821,-0.09232493988064652,1.0029596220916535,0.04077536667619153,0.6137980156446738,-0.09232493988064652,0.914801106778038,0.004602326507462173,2.168534666543525,0.06965775447454296,0.9153700714440688
2026-04-17 00:00:00+00:00,0.024503448464079737,0.6562662906170075,0.008740036427824466,1.0117255257243716,0.024503448464079737,0.6288381836883775,0.008740036427824466,0.9227965017754923,0.02551697314950352,2.2238691074034835,0.010466628480189364,0.9249509099037582
2026-04-18 00:00:00+00:00,-0.020764751267859927,0.6426390843268642,0.05804915545662718,1.0704553380465835,-0.020764751267859927,0.6157805152163556,0.05804915545662718,0.9763640593618896,-0.017908449242267088,2.1840430603721024,-0.0468044172731172,0.8816591215594732
2026-04-19 00:00:00+00:00,-0.0405347765105067,0.6165898526667581,0.026415366782513064,1.0987318084253832,-0.0405347765105067,0.5908199896525359,0.026415366782513064,1.0021550741031973,-0.024969296525804152,2.1295090415725464,-0.0401651201122636,0.8462471770439642
2026-04-20 00:00:00+00:00,0.0317487267211222,0.6361657953980921,0.02187901373711173,1.1227709767553238,0.0317487267211222,0.6095777720453905,0.02187901373711173,1.0240812387362173,0.027630495141107048,2.1883484307986603,0.023927561052933918,0.8664958080385566
2026-04-21 00:00:00+00:00,-0.004376669732313764,0.63338150781664,-0.0160823426861079,1.1047141891491286,-0.004710003065647098,0.6067066588703064,-0.016749009352774565,1.0069288924906235,0.006529188643024986,2.2026365705200126,0.003496949023842639,0.8695258997086407
2026-04-22 00:00:00+00:00,0.0053349156186414115,0.6367605447152496,-0.009949685528683767,1.0937226303680199,0.0053349156186414115,0.6099433877006473,-0.009949685528683767,0.9969102666605959,0.02413116197240761,2.2557887503695793,0.005040833868818132,0.8739090353137066
2026-04-23 00:00:00+00:00,-0.008701968613946379,0.631219474440538,-0.004989630471643543,1.0882653586040094,-0.008701968613946379,0.6046356794845922,-0.004989630471643543,0.9919360528165718,0.001013709315240252,2.258075464439043,0.0021892392589238363,0.8758222312825436
2026-04-24 00:00:00+00:00,-0.00515397770909994,0.6279661833397218,-0.0012019134159987712,1.0869573578693366,-0.00515397770909994,0.6015194006704021,-0.0012019134159987712,0.9907438315668787,-0.010482704017558353,2.234404727696018,0.002026498514693646,0.8775970837333733
2026-04-25 00:00:00+00:00,-0.006590722425534416,0.6238274325327074,-0.006466870235403599,1.0799281456845784,-0.006590722425534416,0.5975549532670097,-0.006466870235403599,0.9843368197716091,0.0024260971448708535,2.2398256106263674,0.00011036064295228765,0.8776939359117871
2026-04-26 00:00:00+00:00,0.013949114099797523,0.63252927256769,-8.481929204476671e-06,1.0799189858105007,0.013949114099797523,0.6058903154910305,-8.481929204476671e-06,0.9843284706963905,0.01330177133655397,2.2696192587326767,0.01629021762318635,0.8919917611343411
2026-04-27 00:00:00+00:00,-0.019078525474879794,0.6204615467274002,-0.011740203634225638,1.067240517008619,-0.019078525474879794,0.5943308216719518,-0.011740203634225638,0.9727722540074489,-0.016352276418474698,2.2325058172491863,-0.01676148268300983,0.8770406566767004
2026-04-28 00:00:00+00:00,0.0027576282691145946,0.6221725490285542,0.01079789865352232,1.078764471950211,0.0024242949357812615,0.5957716548731099,0.010464565320188987,0.9829518928011772,-0.013293685567210223,2.202827586887708,-0.005178942353848229,0.8724985136737906
2026-04-29 00:00:00+00:00,-0.02182161787695695,0.6085957374101209,-0.0015810276526009685,1.0770589154894143,-0.02182161787695695,0.5827709534785467,-0.0015810276526009685,0.9813978186774821,-0.007371621438415188,2.186589175823074,-0.011081911922016102,0.8628295619931676
2026-04-30 00:00:00+00:00,-0.007158096377022324,0.6042393504670942,-0.005369139490184766,1.0712760359330045,-0.007158096377022324,0.5785994228278181,-0.005369139490184766,0.9761285568936396,0.007476510952758142,2.2029372337452977,0.000707618942545868,0.8634401165354225
2026-05-01 00:00:00+00:00,0.021854831205625664,0.6174448994793494,0.020332108225373863,1.0930573362348437,0.021854831205625664,0.5912446155493924,0.020332108225373863,0.995975308354279,0.024684278547156602,2.257315150044969,0.011059904500648726,0.8729896817663333
2026-05-02 00:00:00+00:00,0.018136539957268417,0.6286432135701682,0.006205698080507527,1.099840520048201,0.018136539957268417,0.6019677471438238,0.006205698080507527,1.0021560304135662,0.005825302536215382,2.2704646937135635,0.013491048950081647,0.8847672282959591
2026-05-03 00:00:00+00:00,-0.029180993310103338,0.6102987801605352,-0.022431451949111187,1.0751695002710544,-0.029180993310103338,0.5844017303415219,-0.022431451949111187,0.9796762155718322,-0.0015031736560809916,2.267051790998911,-0.012062586118324281,0.874094647409968
2026-05-04 00:00:00+00:00,0.002916837386047459,0.6120789224591666,-0.0013477242607778939,1.0737204682510906,0.002916837386047459,0.5861063351570529,-0.0013477242607778939,0.978355882168399,0.01644983483853646,2.3043444185312514,0.009261338296746089,0.8821899336430068
2026-05-05 00:00:00+00:00,0.019872401386860007,0.624242400486712,-0.0015011583288931931,1.0721086438272724,0.019872401386860007,0.5977536755046754,-0.0018344916622265264,0.9765610964598708,0.013079098298406366,2.3344831656946057,0.024042854952694183,0.9034002982583125
2026-05-06 00:00:00+00:00,0.05994277093529317,0.6616612197071845,0.038306716853249004,1.1131776060822844,0.05994277093529317,0.6335846871511817,0.038306716853249004,1.0139699458718574,0.006692868422327525,2.3501075543567382,0.032749206064474796,0.9329859407846819
2026-05-07 00:00:00+00:00,-0.00954410835211461,0.6553462533339068,0.003821896494468181,1.1174320556726909,-0.00954410835211461,0.6275376862467701,0.003821896494468181,1.0178452340534812,-0.017692607745821376,2.3085280232370127,-0.01161865122728616,0.9221459025387433
2026-05-08 00:00:00+00:00,0.12671445054388886,0.738388093741109,0.08642353469992745,1.214004483710931,0.12671445054388886,0.7070557793551129,0.08642353469992745,1.1058110169578579,0.0023394495412842886,2.3139287080620163,0.0681270160018396,0.9849689511970311
2026-05-09 00:00:00+00:00,-0.0063610512295283845,0.733691169249548,-0.01212375563401169,1.199286190011825,-0.0063610512295283845,0.7025581613205009,-0.01212375563401169,1.0924044344108628,0.006050764672352882,2.327929746143101,-0.0012199899982028215,0.9837672989280304
2026-05-10 00:00:00+00:00,0.019731422211688665,0.7481679394829984,-0.023159045871253617,1.1715118661245802,0.019731422211688665,0.7164206330297833,-0.023159045871253617,1.0671053900043808,0.018984883190544366,2.3721252204494214,0.028531295885593496,1.011835454816317
2026-05-11 00:00:00+00:00,0.016923251403044882,0.7608293736145673,0.019846043978964313,1.1947617421415673,0.016923251403044882,0.7285447995128749,0.019846043978964313,1.0882832105045974,-0.005649186285816454,2.3587246431858193,-0.005090529840015539,1.006684676240389
2026-05-12 00:00:00+00:00,0.002937225743559923,0.7630641012372045,0.018893096567327964,1.2173344911107968,0.00260389241022659,0.7304418517868364,0.018226429900661298,1.1081187281529261,-0.015183437895472052,2.322911094053488,-0.013315608944265209,0.9932800567613876
