,v1_HL_Bin_ARB,v2_HL_Byb_ARB,v1_HL_Bin_AVAX,v2_HL_Byb_AVAX,v1_HL_Bin_BTC,v2_HL_Byb_BTC,v1_HL_Bin_DOGE,v2_HL_Byb_DOGE,v1_HL_Bin_ETH,v2_HL_Byb_ETH,v1_HL_Bin_LINK,v2_HL_Byb_LINK,v1_HL_Bin_MATIC,v2_HL_Byb_MATIC,v1_HL_Bin_OP,v2_HL_Byb_OP,v1_HL_Bin_SOL,v2_HL_Byb_SOL,v1_port,v2_port,v3_dyn_03pct_port
2023-06-01 00:00:00+00:00,0.0,0.0,0.0,0.0,0.0,0.0,0.0,0.0,0.0,0.0,0.0,0.0,0.0,0.0,0.0,0.0,0.0,0.0,0.0,0.0,0.0
2023-06-02 00:00:00+00:00,-0.0026309186,-0.0027270436,-0.0027589755999999997,-0.0028183255999999998,1.3739399999999837e-05,-2.7575600000000265e-05,-0.0031205359999999997,-0.0031205359999999997,0.00027072,0.0002969899999999999,-0.0019618772,-0.0019661872,-0.0029589098,-0.0029868448,-0.0016293492,-0.0016293492,-0.0006823444,-0.0006823444,-0.001717605711111111,-0.0017401351555555557,0.0005862968222222222
2023-06-03 00:00:00+00:00,-0.0010944862,-0.0011293712,-0.0005363423999999999,-0.0005363423999999999,-0.0002922436,-0.0003223336,0.0001644712,0.0001644712,0.00108539,0.00106391,-0.0006138388,-0.0006138388,-0.0017212536,-0.0017410536,-0.0013289104,-0.0013289104,-0.0005596676,-0.0005596676,-0.0005440979333333333,-0.0005559040444444444,0.0005645976444444444
2023-06-04 00:00:00+00:00,-0.0006199479999999999,-0.0006199479999999999,0.00105,0.00105,-0.000662782,-0.000697852,0.0007037983999999999,0.0007037983999999999,0.001105965,0.001066535,-0.0011218616,-0.0011218616,-0.0020374812000000003,-0.0020374812000000003,-0.0004358404,-0.0004358404,0.0006601943999999999,0.0006601943999999999,-0.0001508839333333334,-0.0001591617111111112,0.0007592156666666667
2023-06-05 00:00:00+00:00,0.0008670044000000001,0.0008670044000000001,0.00105,0.00105,-0.0005289088000000001,-0.0005546588,0.0009767072,0.0009767072,0.001121475,0.001090265,-0.0016684943999999999,-0.0016684943999999999,-0.0011204208,-0.0011204208,0.00105,0.00098537,0.0005483756,0.0005483756,0.0002550820222222222,0.00024157202222222223,0.0009063484666666666
2023-06-06 00:00:00+00:00,-0.0009921816000000002,-0.0010224716000000003,0.00105,0.00105,-0.0002505196,-0.0002635496,-0.0006846751999999999,-0.0006846751999999999,0.0011494650000000001,0.00105,-0.0019427795999999997,-0.0019427795999999997,-0.0025701966000000005,-0.0025890516000000004,0.00105,0.0010225,-0.00029076439999999997,-0.00026632439999999994,-0.00038685022222222223,-0.0004051502222222223,0.0009380841111111109
2023-06-07 00:00:00+00:00,-0.0010943244000000002,-0.0012199144000000002,-0.0007189473999999999,-0.0007063174,0.00016053240000000001,6.617400000000009e-06,-0.007074596999999999,-0.007219426999999999,0.004180120799999999,0.0040990107999999996,-0.0035708564,-0.0035985614,-0.006005636799999999,-0.0060488467999999995,-0.000723468,-0.0007426780000000001,-0.006882569999999999,-0.007045029999999999,-0.002414416311111111,-0.002497238533333333,0.00317045091111111
2023-06-08 00:00:00+00:00,0.00109924,0.0010908900000000002,0.0009594308,0.0009594308,0.001079975,0.00105237,-0.0021976576,-0.0022759326000000002,0.0049351080000000005,0.0049054630000000005,-0.0012064396000000001,-0.0012064396000000001,-0.008693321999999998,-0.008693321999999998,-0.0005555888000000001,-0.0005731188000000001,-0.0058837018,-0.0058928968,-0.0011625506666666664,-0.0011815062222222219,0.0027906070666666666
2023-06-09 00:00:00+00:00,0.00015079,6.563999999999999e-05,2.121355000000002e-05,1.0513550000000004e-05,0.000130725,0.00012168999999999998,-0.0006805380500000001,-0.00058577805,0.0008940013000000001,0.0008550612999999999,-0.0006344949,-0.0006908649,-0.0014508602499999999,-0.0014508602499999999,-7.918890000000001e-05,-8.67089e-05,-0.001501932,-0.001631407,-0.0003500315833333334,-0.00037696825,0.0004573217111111111
2023-06-10 00:00:00+00:00,9.416500000000002e-05,0.0,7.422900000000005e-06,1.1829000000000112e-06,5.546e-05,9.572e-05,-0.0003381904,-0.0003229454,0.0006495140999999999,0.0006349290999999999,-0.0004653657,-0.0004653657,-0.00057407435,-0.00057407435,-0.00011673590000000001,-0.00011673590000000001,-0.0010661269,-0.0010917969,-0.00019488125,-0.00020434291666666666,0.00024728470555555556
2023-06-11 00:00:00+00:00,-0.00020314600000000002,-0.000431481,-0.0007745646000000001,-0.0005802696000000002,0.0003430816,0.0002770466,-0.00090276075,-0.0007262157499999999,0.00050647325,0.00044221325,-0.0009000323000000001,-0.0005286273000000001,-0.0019957861,-0.0021384861,-0.00054547245,-0.00066763745,-0.0005744594000000001,-0.0005475444000000001,-0.00056074075,-0.00054455575,0.0004932196055555555
2023-06-12 00:00:00+00:00,8.921280000000003e-05,-0.0001728022,0.00030508875,0.00018135875000000005,0.00021624940000000004,0.00013888940000000003,-0.0004380037999999999,-0.0005306738,0.00033199115,0.0002485661499999999,-0.00036832785,-0.0003315478500000001,-0.0008600334999999998,-0.0009317835,-0.0005586082,-0.0007232982,-0.0007879578999999999,-0.0008870279,-0.00023004323888888885,-0.00033425768333333335,0.00032849506111111106
2023-06-13 00:00:00+00:00,-0.00011852850000000001,-0.00025016350000000003,0.00030605629999999997,0.0001232463,0.00029772939999999997,0.00025417440000000005,-0.00048019325,-0.00042988824999999994,0.00039802450000000003,0.00045533950000000003,-0.00041455204999999996,-0.00039852705,-0.0016090878500000002,-0.0016575928500000001,-0.0005323756,-0.0005625506,-0.00124561095,-0.00129948095,-0.00037761533333333336,-0.0004183825555555555,0.0005026287111111112
2023-06-14 00:00:00+00:00,8.187555e-05,-8.582944999999999e-05,-4.405229999999997e-05,-0.0002708773,0.00030996145000000003,0.00034129645,-0.0005529361,-0.00048815109999999996,0.00076139175,0.0007558817500000001,-0.00047878025,-0.00046233025,-0.001052487,-0.0011686370000000001,-0.0003357602499999999,-0.00034063025,-0.0013010525,-0.0014017675,-0.0002902044055555555,-0.0003467827388888889,0.00043155795555555553
2023-06-15 00:00:00+00:00,-9.92966e-05,-0.0002437516,-0.0011147671,-0.0012981421,0.00029371215,0.00031654215,-0.0006232884500000001,-0.0006574334500000001,0.00081555035,0.0007434303499999999,-0.0004569529,-0.0005353479,-0.0007986666,-0.0007897616,-0.00057827265,-0.0005783176500000001,-0.00022214765000000004,-0.00037291765,-0.00030934771666666673,-0.00037952216111111114,0.0004462966055555556
2023-06-16 00:00:00+00:00,0.00014752885,-2.7601150000000003e-05,-0.0009517774,-0.0011113823999999999,0.0002911688,0.00021454880000000006,-0.0004584318500000001,-0.00055054685,0.0005061196000000001,0.0004029896,-0.00047073775,-0.00051277275,-0.0014406973499999998,-0.0014909073500000002,-0.0006572491000000001,-0.0006577091000000001,-0.0003748132,-0.0003881932,-0.0003787654888888889,-0.00045795271111111115,0.00049821445
2023-06-17 00:00:00+00:00,0.00015979109999999998,7.036099999999976e-06,-0.00173931195,-0.00178367695,0.00023555514999999997,0.00012407514999999996,-0.0006694071,-0.0006558171,0.00047524329999999997,0.00031461829999999996,-0.00055840065,-0.00067711065,-0.00169874875,-0.0018303787500000002,-0.000349334,-0.000339544,-0.0001828261,-0.00019308109999999998,-0.0004808265555555556,-0.0005593198888888889,0.0005748420111111112
2023-06-18 00:00:00+00:00,-0.00020764570000000003,-0.00035138070000000006,-0.00197685565,-0.0021514856500000003,-0.00015310900000000001,-8.8459e-05,-0.0010596371,-0.0009787771,0.00035386919999999994,0.0002866992,-0.0011662379,-0.0012276729,-0.00209874665,-0.00208458665,-0.0008523259000000001,-0.0008332209000000001,-8.032850000000006e-06,8.918215e-05,-0.0007965246166666667,-0.0008155223944444445,0.0007494935666666667
2023-06-19 00:00:00+00:00,-8.521399999999993e-06,-6.86114e-05,-0.0020308659,-0.0021530458999999996,-0.00013710565000000003,-0.00013365065000000003,-0.00101011965,-0.0008896746499999999,6.493960000000001e-05,-3.618039999999999e-05,-0.0012541441000000003,-0.0013964591,-0.0016603021500000003,-0.0017263271500000002,-0.0011254979000000001,-0.0011014129,-0.00011262905,-0.00014844405,-0.0008082495777777779,-0.0008504229111111111,0.0007407478666666666
2023-06-20 00:00:00+00:00,-0.00027377495000000006,-0.00033924995,-0.00168034435,-0.0017717993500000002,-0.00010261095000000001,-0.00015378595,-0.00094805455,-0.00094403455,0.0001482919,7.54569e-05,-0.0012142214499999999,-0.0014300914499999998,-0.00210689665,-0.00216592165,-0.001009104,-0.001090604,-0.00017685965,-0.00024767965,-0.000818174961111111,-0.0008964121833333334,0.0007883864944444445
2023-06-21 00:00:00+00:00,-0.0004895983500000001,-0.0005774433500000001,-0.00041293115000000006,-0.00059138615,0.00027022985,0.00024846985,-0.0010152592499999998,-0.0009510492499999999,6.070855000000001e-05,1.5835499999999929e-06,-0.0009238693,-0.0011827643,-0.0015184592499999999,-0.00152006925,-0.0006724249999999999,-0.000618175,-3.484765e-05,-8.476765000000002e-05,-0.0005262723944444444,-0.0005861779500000001,0.0005750059277777777
2023-06-22 00:00:00+00:00,-0.00026487595,-0.00031794595000000003,-0.0007616788000000001,-0.0008129088,0.0005579939,0.0006934589,-0.0008181853499999999,-0.00086162035,0.00013991849999999998,0.0001698235,-0.00090037395,-0.0008945839499999999,-0.0005609491,-0.0005601341,-0.0006262195,-0.0004886994999999999,5.662665e-05,6.566649999999992e-06,-0.0003530826222222222,-0.00034067151111111114,0.00028888074444444444
2023-06-23 00:00:00+00:00,-0.00012196899999999997,-0.00016450399999999997,-0.0006375203,-0.0006670853,0.00011869754999999995,0.00011573254999999997,-0.0008136642,-0.0008136642,0.0003192863000000001,0.00036849130000000003,-0.0007760080499999999,-0.0007760080499999999,-0.00110608575,-0.0011268357500000001,-0.00046123325,-0.00046123325,3.665935e-05,-7.129565000000002e-05,-0.00038242637222222223,-0.0003996002611111111,0.0003338304888888889
2023-06-24 00:00:00+00:00,3.4134100000000016e-05,7.534100000000008e-06,-0.0005445598,-0.0005445598,2.075364999999999e-05,2.075364999999999e-05,-0.0007745321,-0.0007396871000000001,0.00031509005000000004,0.00036774505,-0.00030012175,-0.00030012175,-0.0009105137500000002,-0.0009074037500000001,-0.0004281384,-0.0004188884,1.9016349999999996e-05,-3.088365000000001e-05,-0.0002854301833333333,-0.00028283462777777777,0.00010839009444444446
2023-06-25 00:00:00+00:00,-0.00025523015,-0.00031060015,-0.0008118997000000001,-0.0008302447000000001,0.00027426725000000005,0.00027426725000000005,-0.00052352125,-0.00054255625,0.00032403619999999995,0.00038763119999999995,0.00015931700000000002,0.00015613200000000002,-0.00082841745,-0.00080652745,-0.00052951225,-0.00052951225,-5.3948100000000006e-05,-0.00010178810000000002,-0.0002494342722222222,-0.0002559109388888889,8.492603888888889e-05
2023-06-26 00:00:00+00:00,-0.00040819135,-0.00046367635,-0.0007192598,-0.0007181748000000001,0.00017765425,0.00017765425,-0.0004412963,-0.0004127363,0.0004917415499999999,0.0005332365499999999,-8.362455000000001e-05,-8.548455000000001e-05,-0.0007110555,-0.0007459255,-0.00045546605,-0.00045546605,-0.00060900155,-0.0007566165500000001,-0.0003064999222222222,-0.0003252432555555555,0.00030873509999999996
2023-06-27 00:00:00+00:00,-0.0002892293,-0.0003294993,-0.0006992628499999999,-0.0006992628499999999,0.00017874569999999998,0.00017874569999999998,-0.0008226333,-0.0007496233,0.0005740644,0.0006615994,-5.843905000000002e-05,-4.644905000000002e-05,-0.0011303944000000002,-0.0011230544,-0.00099661525,-0.00099661525,-0.0002902339,-0.00035934389999999996,-0.0003926664388888889,-0.0003848336611111112,0.0004929481277777777
2023-06-28 00:00:00+00:00,0.00021980355000000002,0.00021980355000000002,-0.0007896869,-0.0007896869,0.00035106655000000005,0.00035106655000000005,-0.0006217078500000001,-0.00053092785,0.0006865654500000001,0.0006787904500000001,-0.00024193395,-0.00024579895000000003,-0.0011912446000000001,-0.0011968996,-0.0008247491,-0.0008272491,9.695074999999998e-05,3.2520749999999985e-05,-0.0002572151222222222,-0.00025648678888888884,0.0002928587444444445
2023-06-29 00:00:00+00:00,-0.00015778019999999998,-0.00018180020000000001,-0.00108205045,-0.00111080045,2.880604999999999e-05,4.099605e-05,-0.00118365175,-0.00116458675,0.0006543526,0.0006020525999999999,-0.0009682080499999999,-0.0009720130500000001,-0.0011918251000000001,-0.0011614251000000003,-0.00094320565,-0.00094320565,0.00024375715,0.00016204215,-0.0005110894888888888,-0.0005254156000000001,0.00045348955000000003
2023-06-30 00:00:00+00:00,-0.0001434164,-0.0002333014,-0.0011055950999999998,-0.0011830851,4.7681150000000024e-05,5.011115000000002e-05,-0.00082520055,-0.0008116955499999999,0.0005621897,0.0004899196999999999,-0.0009683879,-0.0009683879,-0.0005113616,-0.0005496215999999999,-0.00097332955,-0.0009705395499999999,0.00053846625,0.00049696625,-0.0003754393333333333,-0.0004088482222222222,0.0004759659111111111
2023-07-01 00:00:00+00:00,0.00012756945,9.004945e-05,-0.00068798095,-0.00074207095,0.00045143935000000005,0.0005172793500000001,-0.00065630735,-0.00061889735,0.0007756858,0.0007455108,-0.0007879858500000001,-0.0007879858500000001,-0.0006044653,-0.0006389153,-0.00011176985,-0.00011176985,0.00075695385,0.0007310888499999999,-8.187342777777781e-05,-9.063453888888889e-05,0.0005238375277777778
2023-07-02 00:00:00+00:00,-0.00011014319999999999,-0.00019191819999999997,-0.00097865145,-0.00097865145,0.00041455645,0.00041455645,-0.00050504785,-0.00050909785,0.0004752291,0.0004752291,-0.00080877635,-0.00080877635,-0.0004403915,-0.0004272615,0.00021731295000000008,0.00021731295000000008,0.0003369154,0.0002979204,-0.00015544404999999996,-0.00016785404999999999,0.00021920547222222222
2023-07-03 00:00:00+00:00,0.00013944834782608694,0.00013944834782608694,-0.0009050132260869565,-0.0009511482260869566,0.0006736897565217391,0.0006736897565217391,-0.0005386287130434783,-0.0005386287130434783,0.0005776436869565217,0.0005776436869565217,-0.0006113500173913043,-0.0006113500173913043,-0.0002765344695652173,-0.0002765344695652173,0.0003655690434782609,0.0003655690434782609,0.0007953276,0.0007953276,2.446133429951691e-05,1.933522318840579e-05,0.0004143710956521739
2023-07-04 00:00:00+00:00,0.00030790105000000004,0.00030790105000000004,-0.0001418619,-0.0001418619,0.0008786367999999998,0.0008812317999999998,-0.00027301825,-0.00027301825,0.0010017393,0.0010017393,-0.0007624109499999999,-0.0007624109499999999,-0.00012335585,-0.00012335585,0.0006316160500000001,0.0006316160500000001,0.00071853395,0.00071853395,0.00024864224444444443,0.0002489305777777778,0.0004490743444444444
2023-07-05 00:00:00+00:00,0.00033976359999999997,0.00033976359999999997,-0.00047095465,-0.00047095465,0.0005008955000000001,0.0005008955000000001,-0.00038358289999999997,-0.00038358289999999997,0.0008034370999999999,0.0008034370999999999,-0.0006964625,-0.0006794075,-0.0002345047,-0.0002345047,0.0006950734499999999,0.0006950734499999999,0.0008101287500000001,0.00079176375,0.00015153262777777777,0.00015138707222222221,0.0005038670166666666
2023-07-06 00:00:00+00:00,-0.00018407259999999998,-0.0002479076,-0.0007639716,-0.0009031416000000001,0.0001354192,0.0001473442,-0.0008346703499999999,-0.00088580535,0.00027084345000000004,0.00027084345000000004,-0.00076411805,-0.00076411805,-0.0003049651,-0.0003049651,-6.895514999999999e-05,-6.895514999999999e-05,0.0001651127,0.0001366327,-0.0002610419444444444,-0.00029111916666666664,0.0001953548
2023-07-07 00:00:00+00:00,-5.704400000000001e-06,-0.0001767694,-0.0009318864,-0.0009432663999999999,0.0003614669499999999,0.0003772469499999999,-0.0009956593500000002,-0.00102332935,0.00028426760000000004,0.0002622526,-0.00053736445,-0.0005853444500000001,-0.00018239564999999997,-0.00018328065,-0.00011481120000000001,-0.00019131619999999998,0.00056547605,0.00051283105,-0.00017295676111111116,-0.00021677509444444448,0.0003478107833333333
2023-07-08 00:00:00+00:00,-1.6284050000000002e-05,-4.4024049999999994e-05,-0.0008094648499999999,-0.00089811985,0.0008547871500000001,0.0007756671500000001,-0.0012339082000000002,-0.0012988782000000001,0.00027038185,0.00021906185,-0.0004058196,-0.0004098696,-0.00028074865,-0.00034351365000000005,-8.423494999999999e-05,-0.00014764495,0.00010434935,0.00019099935000000003,-0.00017788243888888888,-0.00021736910555555553,0.00040646873888888893
2023-07-09 00:00:00+00:00,-0.00012964305,-0.00012964305,-0.0007325634999999999,-0.0007051135,0.00033531955,0.00029534455,-0.00096633935,-0.0008250093499999999,0.00018603845,9.714344999999998e-05,-0.00021380595,-0.00027082595,-0.0003137981,-0.0002691531,-6.869655e-05,-7.679155e-05,0.00013545715,0.00039611215,-0.00019644792777777774,-0.00016532626111111112,0.00020082573888888886
2023-07-10 00:00:00+00:00,-0.00023492245,-0.00028911245,-0.00016813325,-4.008825e-05,0.00024107700000000005,0.00020548700000000002,-0.00076457145,-0.00075577645,0.00029373495,0.00019015494999999997,-0.0001688478,-0.0001679028,-0.0003642416,-0.00034551159999999994,-4.4247100000000005e-05,-4.4247100000000005e-05,0.00017099185000000002,0.00025006185,-0.00011546220555555557,-0.00011077053888888889,0.00015378082777777778
2023-07-11 00:00:00+00:00,-0.00017541319999999998,-0.0002572332,-0.0004082002,-0.00044427519999999996,0.00045464885,0.00034459385000000004,-0.0007675109,-0.0008114009,0.00035509845,0.00029145845,-8.360214999999999e-05,-7.429715000000001e-05,-2.298599999999976e-06,3.6114000000000142e-06,-0.00014946275,-0.00014704275,0.00030148634999999996,0.00025816635,-5.280601666666667e-05,-9.293546111111108e-05,9.524531666666664e-05
2023-07-12 00:00:00+00:00,-0.00026068695,-0.00034649195000000004,-0.00056797815,-0.0005361131499999999,0.00026040735,0.00027667735,-0.0008435041500000001,-0.00084174915,0.00021256030000000003,0.0002709753,-0.00023342855,-0.00023394855,-2.6915999999999735e-06,8.047840000000003e-05,-0.00013220565000000002,-0.00013220565000000002,0.0005522298999999999,0.0005355898999999999,-0.00011281083333333334,-0.00010297638888888888,5.635344444444443e-05
2023-07-13 00:00:00+00:00,-0.00020796534999999996,-0.00024031035,-0.0005044088000000001,-0.0005449238000000001,0.000306262,0.000311127,-0.0007782699,-0.0008133699000000001,9.388194999999999e-05,0.00013425195,-0.0003114058,-0.0003462058,-0.00071579425,-0.0006953842500000001,-0.00010780955,-0.00010780955,0.0005531447499999999,0.00041765975,-0.00018581832777777782,-0.00020944055000000005,0.0002852152611111111
2023-07-14 00:00:00+00:00,0.00017124544999999998,0.00014202545,-0.0001880393,-0.0003397993,0.0005268712,0.0005082012000000001,-0.0003442468,-0.00037674179999999994,8.731909999999998e-05,5.7559099999999975e-05,-0.00037509405000000004,-0.0004410940500000001,0.0008552575999999999,0.0007076925999999999,0.00064386385,0.00063827885,0.0014277605,0.0012186805000000002,0.00031165972777777776,0.00023497806111111112,0.00031888365
2023-07-15 00:00:00+00:00,0.0010838218999999999,0.0010838218999999999,0.0010095951500000001,0.0010095951500000001,0.0004370751000000001,0.0004370751000000001,0.00046131835000000007,0.00046131835000000007,0.00021532280000000002,0.00021532280000000002,0.0008096252,0.0008096252,0.00051448195,0.00051448195,0.0024594841999999997,0.0023512041999999996,0.0016832306,0.0015497406,0.0009637728055555554,0.0009369094722222222,0.0008304394722222222
2023-07-16 00:00:00+00:00,7.664444999999998e-05,7.664444999999998e-05,1.8230450000000008e-05,1.8230450000000008e-05,0.00018499254999999998,9.921754999999995e-05,-4.345445000000001e-05,-4.345445000000001e-05,4.7278150000000014e-05,8.358150000000012e-06,-4.39769e-05,-4.39769e-05,-0.0001095755,-0.0001095755,0.0006840503,0.0006840503,3.072554999999999e-05,3.035549999999972e-06,9.387939999999999e-05,7.694773333333331e-05,-0.0001788919666666667
2023-07-17 00:00:00+00:00,0.0,0.0,-8.709425000000001e-05,-8.709425000000001e-05,8.012295e-05,4.024795e-05,-0.00023283245,-0.00023283245,6.473240000000002e-05,1.0297399999999997e-05,-0.00043343004999999997,-0.00049403505,-0.00036534740000000005,-0.00046013740000000003,0.0003115679,0.0003115679,-1.0342700000000012e-05,-1.0342700000000012e-05,-7.473595555555556e-05,-0.00010248095555555556,-7.438640000000004e-05
2023-07-18 00:00:00+00:00,0.0,0.0,-0.00010757805000000001,-9.678305000000002e-05,7.338e-05,2.974499999999999e-05,-0.0001767109,-0.0002192109,0.000104575,5.9674999999999994e-05,-0.0004151592000000001,-0.0005058292,-6.477345e-05,-0.00018979845000000002,0.00035580325000000005,0.00035580325000000005,0.0,0.0,-2.5607038888888895e-05,-6.293315e-05,0.00012846387222222223
2023-07-19 00:00:00+00:00,3.851250000000002e-05,-7.074999999999842e-07,-9.735645000000001e-05,-9.735645000000001e-05,5.8709999999999985e-05,0.00013118,-0.0002848905,-0.0002848905,3.8020000000000026e-05,1.712499999999999e-05,0.0,0.0,-2.5360850000000003e-05,-2.5360850000000003e-05,0.0004265032,0.0004265032,4.411299999999998e-05,3.996799999999999e-05,2.2027877777777785e-05,2.2940099999999997e-05,-0.0003351063166666667
2023-07-20 00:00:00+00:00,4.520820000000001e-05,-8.241800000000001e-06,-0.00027875255,-0.00027875255,-3.9016449999999985e-05,-4.395144999999998e-05,-0.0001971388,-0.0001971388,-2.1767950000000006e-05,-4.2747949999999994e-05,-4.833495000000001e-05,-4.833495000000001e-05,-0.00031943564999999997,-0.00031943564999999997,0.0,0.0,-1.06525e-05,-1.06525e-05,-9.665451666666666e-05,-0.00010547285,-0.00046846540555555555
2023-07-21 00:00:00+00:00,1.1257499999999985e-06,-2.9189250000000015e-05,-0.0001338322,-0.0001338322,4.4499000000000165e-06,1.6379900000000006e-05,-0.0001929906,-0.0001929906,-4.575245000000001e-05,-1.9872450000000003e-05,-2.1977700000000015e-05,6.422299999999986e-06,-7.62529e-05,-7.75679e-05,0.0,0.0,-1.5863549999999995e-05,-3.0038549999999997e-05,-5.3454861111111114e-05,-5.118763888888889e-05,-0.00030553965
2023-07-22 00:00:00+00:00,6.934230000000001e-05,-1.5432699999999995e-05,-0.00022855854999999996,-0.00026645855,5.061975e-05,6.337975e-05,-0.00013747225,-0.00017159725,1.9395000000000057e-06,-6.7704999999999905e-06,-4.7225600000000004e-05,3.927940000000001e-05,-6.591270000000001e-05,-7.897270000000001e-05,0.0,0.0,5.092455e-05,-5.369545e-05,-3.4038111111111104e-05,-5.447422222222222e-05,-0.0004381879722222222
2023-07-23 00:00:00+00:00,3.800030000000002e-05,-3.392969999999998e-05,-0.0002184927,-0.0002545377,2.4542199999999993e-05,-4.5432800000000023e-05,-0.00025541025,-0.00028987524999999996,-6.986165e-05,-8.441165e-05,-1.3847500000000016e-05,2.6347499999999988e-05,-0.00032202675,-0.00036537675,0.0,0.0,3.4388999999999985e-05,-5.116000000000006e-06,-8.696748333333333e-05,-0.00011692581666666667,-0.00018487707222222222
2023-07-24 00:00:00+00:00,2.6590000000000005e-05,0.0,-0.0001146527,-0.00010557770000000002,-0.00018057225,-0.00013728225,-0.00020556895000000002,-0.00020556895000000002,-0.00011358175000000001,-9.916175e-05,-6.484800000000015e-06,2.3415199999999985e-05,-0.00029654125,-0.00032700125,6.669954999999999e-05,6.669954999999999e-05,1.3498150000000007e-05,-1.2346849999999999e-05,-9.006822222222224e-05,-8.853600000000001e-05,-0.00024354706111111112
2023-07-25 00:00:00+00:00,1.7953049999999996e-05,-1.641949999999994e-06,-0.0002505533,-0.0002570283,-0.00011559520000000001,-5.096020000000001e-05,-0.00036712615,-0.00037717115,-6.896294999999998e-05,-1.9777949999999996e-05,-3.9826849999999986e-05,-3.9826849999999986e-05,-0.00037435355000000004,-0.00033300855,0.0,0.0,-4.153299999999999e-06,-1.1418299999999982e-05,-0.00013362424999999997,-0.00012120369444444444,-8.965431666666668e-05
2023-07-26 00:00:00+00:00,9.21366e-05,-7.088400000000013e-06,-0.00040512645,-0.00048296645000000003,-0.00015175405000000003,-6.190905000000001e-05,-0.00012387999999999999,-0.00023251,-2.018610000000001e-05,4.875889999999999e-05,-0.0001130855,-0.0001244855,-0.0005282913,-0.0005744813,2.2010000000000008e-05,1.5230000000000019e-05,8.913430000000001e-05,-3.419069999999999e-05,-0.00012656027777777778,-0.00016151583333333334,-0.00014914530000000002
2023-07-27 00:00:00+00:00,-0.00015672210000000004,-0.0002215271,-0.00028333895,-0.00033172895,-0.0001806116,-0.0001239416,-0.0001065496,-0.0001612796,-4.412110000000001e-05,-2.50161e-05,-3.143900000000001e-05,-8.795899999999999e-05,-0.00048793695000000006,-0.00050883695,0.0,0.0,4.147334999999999e-05,5.1433500000000005e-06,-0.0001388051055555556,-0.00016168288333333333,4.1948627777777766e-05
2023-07-28 00:00:00+00:00,-4.825485e-05,-0.00012343485,-0.0002267532,-0.00035436319999999997,-6.94783e-05,-6.72483e-05,-0.00018803205,-0.00019436705,-4.136465e-05,9.93535000000001e-06,6.86875e-05,8.196749999999999e-05,-0.00036065535000000005,-0.00043509034999999997,-9.860800000000002e-06,3.52542e-05,7.947955000000001e-05,-2.915449999999996e-06,-8.847023888888888e-05,-0.00011669579444444444,-6.249875000000004e-05
2023-07-29 00:00:00+00:00,-1.5812199999999997e-05,-9.818220000000002e-05,-0.0002499113,-0.00018948129999999996,-8.894455e-05,-3.486455e-05,-0.00023885349999999998,-0.00026612850000000003,-4.630055e-05,6.0684449999999995e-05,4.516000000000001e-05,5.6985e-05,-0.0001686655,-0.00017860550000000004,1.3403499999999992e-06,-4.4309650000000004e-05,0.0,0.0,-8.466525000000001e-05,-7.710025000000001e-05,-5.651199444444444e-05
2023-07-30 00:00:00+00:00,-3.3978799999999994e-05,4.152120000000001e-05,-0.00017259859999999998,-0.00022593860000000003,-0.00011588439999999998,-0.0001252444,-0.00044030485000000005,-0.00047192985,-8.389465000000001e-05,-0.00011266465,5.2015e-05,3.104999999999993e-06,-6.44574e-05,-2.0607399999999995e-05,4.376270000000001e-05,0.00011575770000000002,7.224999999999992e-06,0.0,-8.979066666666666e-05,-8.844455555555555e-05,-0.00017294360000000002
2023-07-31 00:00:00+00:00,-3.05241e-05,-4.0319100000000005e-05,-0.0002014674,-0.0002039024,-0.00013059245,-0.00011719745,-7.71084e-05,-7.71084e-05,-8.16471e-05,-6.923710000000001e-05,1.961999999999999e-05,0.0,-0.0003016086,-0.00019376359999999997,2.307940000000001e-05,3.092940000000001e-05,5.504850000000001e-06,1.569849999999999e-06,-8.608264444444446e-05,-7.433653333333332e-05,-0.00031168233888888893
2023-08-01 00:00:00+00:00,0.00010858169999999999,-3.883300000000011e-06,-0.000319201,-0.00039507100000000004,-0.00011635785,-6.0762850000000004e-05,5.147830000000001e-05,-5.125669999999999e-05,1.3309600000000002e-05,0.0001205596,5.9344999999999995e-05,4.79e-05,-6.17733e-05,-0.00015530330000000002,1.2296700000000009e-05,0.00021638170000000002,9.3115e-05,0.0,-1.7689538888888895e-05,-3.127065e-05,-0.0003365185055555556
2023-08-02 00:00:00+00:00,7.976e-05,0.0,-0.000252975,-0.000246355,-0.00010642515,-0.00014108515,-5.508809999999999e-05,-0.00010626809999999999,1.2717999999999994e-05,2.6667999999999993e-05,1.8884999999999993e-05,0.0,-0.00015804804999999998,-0.00013987304999999998,4.0425e-05,3.423000000000001e-05,2.477750000000001e-05,-6.574999999999913e-07,-4.399675555555555e-05,-6.370453333333333e-05,-0.0004957626333333334
2023-08-03 00:00:00+00:00,2.5634999999999994e-05,2.4700000000000026e-06,-0.0005925118500000001,-0.00065052185,-6.02831e-05,-6.02831e-05,-0.0001899585,-0.0001926435,0.0,0.0,0.0,3.114999999999999e-05,-0.00016920705,-6.843705e-05,5.506069999999999e-05,0.0001479857,7.725510000000001e-05,-4.157489999999999e-05,-9.488996666666667e-05,-9.24283e-05,-0.00020672542222222222
2023-08-04 00:00:00+00:00,2.3984000000000104e-06,-6.2015999999999975e-06,-0.00028786575000000003,-0.00038587075000000006,-0.00014003955,-0.00014003955,-0.0001886203,-0.0002097453,0.0,0.0,-0.0001414611,-0.0001506411,-0.00029826939999999996,-0.00034387439999999995,9.3885e-05,7.5735e-05,-0.00010978065,-0.00023755565,-0.00011886148333333333,-0.00015535481666666666,-4.8709805555555574e-05
2023-08-05 00:00:00+00:00,5.4902600000000005e-05,-3.0237400000000003e-05,-0.00023785949999999997,-0.00033324449999999996,-0.0002344293,-0.00024384930000000002,-0.00026679405,-0.00028729905,-5.153209999999998e-05,-5.6557099999999994e-05,-0.00046685274999999995,-0.00049408275,-0.00035430855000000004,-0.00043488355000000003,6.415e-05,0.00035279,-0.00011341980000000001,-0.0002202898,-0.00017846038333333336,-0.0001941837166666667,1.201511666666666e-05
2023-08-06 00:00:00+00:00,-3.495634999999999e-05,-4.912135e-05,-0.0003477483,-0.0004953883,-0.00022591100000000003,-0.000247116,-0.00022782914999999995,-0.00025910915,-1.145960000000001e-05,-3.10546e-05,-0.00039876925,-0.0004344592500000001,-0.00045114315000000004,-0.00049979815,-0.00055219075,-0.00050397075,-0.00029618735,-0.00036362735,-0.0002829105444444445,-0.0003204049888888889,0.00014453447777777777
2023-08-07 00:00:00+00:00,-4.3255399999999965e-05,-7.640039999999999e-05,3.4349200000000006e-05,-6.69508e-05,-0.00025391655,-0.00025391655,-0.00017729105,-0.00019585605,-1.5002649999999994e-05,-5.557765e-05,-6.28567e-05,-8.49567e-05,-0.00024238254999999997,-0.00029682755,-0.0005168545,-0.0005198695,-9.786325e-05,-0.00016535325,-0.0001527859388888889,-0.00019063427222222219,-2.777137222222223e-05
2023-08-08 00:00:00+00:00,-2.024099999999999e-06,-2.024099999999999e-06,-0.00024314790000000002,-0.00024314790000000002,-0.0001577605,-0.0001627955,-0.0001095966,-0.00013127159999999999,-3.137780000000001e-05,-3.4722800000000006e-05,-0.00022741205000000001,-0.00022741205000000001,-0.00026094394999999997,-0.00026097395,-1.5046150000000007e-05,0.00012603385,-0.00030602015,-0.00032000515,-0.00015036991111111111,-0.00013959102222222224,-0.0001903682055555556
2023-08-09 00:00:00+00:00,9.589999999999998e-06,1.777e-05,-0.0002225204,-0.0002815904,-0.00019476695000000002,-0.00012609195000000002,-0.00030174484999999997,-0.00031252985,3.8460449999999985e-05,-3.354550000000005e-06,-9.339965000000001e-05,-9.339965000000001e-05,-0.00014571814999999997,-0.00017037815,0.00020252054999999998,0.00030532555000000003,-0.00026313484999999996,-0.00027708485,-0.00010785709444444443,-0.00010459265,-3.590106666666668e-05
2023-08-10 00:00:00+00:00,-4.119069999999999e-05,1.7799299999999997e-05,-0.0001387141,-0.0001387141,-0.00022855325,-0.00018814325000000002,-8.161355e-05,-8.161355e-05,3.460920000000001e-05,3.0069200000000003e-05,1.1282250000000017e-05,2.4712250000000024e-05,-0.0002325497,-0.0002325497,7.89481e-05,0.00014388809999999998,-6.696889999999998e-05,-0.0001247039,-7.386118333333333e-05,-6.102840555555555e-05,-0.0002878874888888889
2023-08-11 00:00:00+00:00,-0.00011947015,-0.00011947015,-0.00017522215000000002,-0.00017052215,-0.00021623915,-0.00022485415,-1.6159999999999842e-06,-1.6159999999999842e-06,1.0751400000000014e-05,6.086400000000028e-06,-5.309999999999619e-08,-5.309999999999619e-08,-0.0002686381,-0.0002686381,0.0001900807,0.00010707069999999998,-2.543604999999998e-05,-2.543604999999998e-05,-6.731584444444445e-05,-7.749251111111111e-05,-0.00020241497222222226
2023-08-12 00:00:00+00:00,-0.00019215795,-0.00019215795,-0.00023945125000000004,-0.00030807125,-0.00017274944999999997,-0.00017207445,-3.696590000000001e-05,-3.696590000000001e-05,8.839565e-05,5.338565000000001e-05,0.0,0.0,-0.00027918014999999996,-0.00017592515,7.72821e-05,0.00010441710000000001,-3.410500000000041e-07,-2.5251050000000006e-05,-8.390755555555555e-05,-8.3627e-05,-9.500316111111113e-05
2023-08-13 00:00:00+00:00,-1.3907750000000013e-05,-1.3907750000000013e-05,-0.000253618,-0.00026560799999999997,-0.00017709225,-0.00018056725,-1.0529799999999987e-05,-1.3549799999999988e-05,5.2633199999999996e-05,-9.576800000000006e-06,-8.058039999999999e-05,-8.058039999999999e-05,-0.00013258469999999998,-0.0001437447,-6.87546e-05,-6.87546e-05,-2.2067450000000015e-05,-2.2067450000000015e-05,-7.850019444444444e-05,-8.870630555555555e-05,-0.0002665038944444445
2023-08-14 00:00:00+00:00,-3.961714999999999e-05,-3.961714999999999e-05,-0.00013905884999999997,-0.00042452385,-0.00015861125,-0.00018542625,-5.7019300000000005e-05,-5.7019300000000005e-05,4.8699600000000004e-05,-8.20400000000005e-07,-0.00015067609999999999,-0.00015067609999999999,-3.5545850000000005e-05,-4.140585e-05,-5.9136899999999986e-05,-5.9136899999999986e-05,-9.422965000000001e-05,-6.783464999999999e-05,-7.613282777777778e-05,-0.00011405116111111112,-5.978467777777778e-05
2023-08-15 00:00:00+00:00,-4.0562799999999984e-05,-9.44528e-05,-5.953445000000001e-05,-0.00011256945,-0.00015551210000000002,-0.00015551210000000002,-0.00018653120000000002,-0.00018653120000000002,-5.090314999999999e-05,-5.149315e-05,-8.69058e-05,-8.69058e-05,-1.2516899999999994e-05,-1.2516899999999994e-05,-0.00015056369999999998,-0.0002072187,-0.0002098152,-0.0002586852,-0.0001058717,-0.0001295428111111111,-0.0002274035111111111
2023-08-16 00:00:00+00:00,-8.530155e-05,-8.530155e-05,-0.00036039985,-0.00036039985,-0.00018351,-0.00018351,-0.0003647519,-0.0003889819,-3.084784999999999e-05,-4.893784999999999e-05,-0.0002544907,-0.0002544907,-9.588470000000001e-05,-9.588470000000001e-05,-0.0002098197,-0.0002379397,-0.00018313270000000002,-0.00019700770000000001,-0.00019645988333333336,-0.00020582821666666662,-1.6394005555555574e-05
2023-08-17 00:00:00+00:00,-0.00015433635000000002,-0.00028573135,-0.00033546815000000006,-0.00055222815,-9.95564e-05,-9.95564e-05,-0.00035728575,-0.00065592575,-1.5038249999999983e-05,-3.117324999999998e-05,-0.000293468,-0.000374823,-3.695385e-05,-0.00014656385,-8.469985e-05,-0.00021847984999999998,-0.00035629125,-0.00037675625,-0.0001925664277777778,-0.00030458198333333333,3.4451622222222205e-05
2023-08-18 00:00:00+00:00,-0.00019268649999999997,-0.00035076149999999995,-0.0005709482,-0.0007442982,-0.00015318354999999998,-0.00015318354999999998,-0.00041678665,-0.00043915165,-0.00022965175000000003,-0.00025679175,-0.00042699465000000004,-0.00045050465,-0.00015102045000000002,-0.00024258545000000001,-0.00020925,-0.000329335,-0.0003420651,-0.0004266251,-0.00029917631666666664,-0.0003770263166666666,0.00028813742777777777
2023-08-19 00:00:00+00:00,-0.00029639274999999996,-0.0003376677499999999,3.209240000000002e-05,3.5740000000001e-07,-0.0005765116499999999,-0.0005301066499999999,-0.00047759255000000007,-0.0006651725500000001,-0.00037975169999999997,-0.00044033170000000005,-0.00012501089999999998,-6.91359e-05,2.990585e-05,-8.728915000000003e-05,-0.00015302625000000004,-0.00019716624999999998,-0.00040983285,-0.00058241785,-0.00026179115555555557,-0.0003232144888888889,0.00016016373888888885
2023-08-20 00:00:00+00:00,-0.00042316635,-0.00041205635000000007,-0.0004272209,-0.0005011109,-0.0003020213,-0.00032277130000000007,-0.0005972037000000001,-0.0006578087,-0.00041516644999999995,-0.00045108645,-0.0003407283,-0.0003494533,-0.00021327644999999997,-0.00022646645,-0.00062830045,-0.00065544545,-0.0005170531,-0.0005865781,-0.0004293485555555556,-0.00046253077777777773,0.00019709855555555557
2023-08-21 00:00:00+00:00,-0.0003311905,-0.0001684105,-0.00024692755000000005,-0.00034895254999999995,-0.00027606824999999995,-0.00037815325,-0.00044867455,-0.00049019455,-0.00034848040000000005,-0.00046824040000000006,-0.00034513979999999995,-0.00035927480000000003,-0.00011007535000000003,-8.491034999999998e-05,-0.00040496665,-0.00031281165,-0.00049166985,-0.0005839598500000001,-0.0003336881,-0.0003549897666666667,0.0002972231
2023-08-22 00:00:00+00:00,-0.00035311675,-0.00045926175,-0.00042460090000000006,-0.0005269759,-0.0001659381,-0.0001580031,-0.00059681205,-0.0006322620500000001,-0.0002675417,-0.00037445169999999995,-0.0002187354,-0.0002237104,-0.00011111794999999997,5.53705000000001e-06,-0.00040238345,-0.00042580845,-0.00041495,-0.000514235,-0.0003283551444444444,-0.0003676857,0.00020436648333333336
2023-08-23 00:00:00+00:00,-0.0002781814,-0.0002255064,-0.0006300033000000001,-0.0008035583,-0.00013422304999999998,-0.00010579304999999998,-0.0005629933999999999,-0.0004892633999999999,6.218385e-05,6.870885000000001e-05,-0.00032875754999999997,-0.00018078255,-0.00045291689999999997,-0.00047288189999999996,-0.00023601749999999997,-0.0001350925,-0.00049174655,-0.00055863655,-0.00033918397777777775,-0.00032253397777777775,0.00011599538888888885
2023-08-24 00:00:00+00:00,-0.0004986447391304348,-0.0004455447391304348,-0.0004576785652173913,-0.00048638856521739126,-0.0001744773739130435,-0.00022517737391304347,-0.000524324052173913,-0.0006237240521739131,-3.041630434782609e-05,-3.4306304347826095e-05,-0.00020323577391304347,-7.547577391304348e-05,-0.00041974042608695645,-0.0004647104260869565,-0.00039564388695652173,-0.0003922788869565217,-0.00046258796521739124,-0.0004719779652173913,-0.0003518610096618357,-0.0003577315652173913,0.00019661142028985508
2023-08-25 00:00:00+00:00,-0.0003901301,-0.0002698151,-0.00052126905,-0.00069760905,-3.7150499999999967e-06,-2.374505e-05,-0.00044777455,-0.00057303955,-0.00011917575000000001,-9.295749999999998e-06,-0.0003764663,-0.0003737263,-0.0005093508,-0.00040417580000000005,-0.00041289254999999996,-0.00031574255,-0.00029500465000000003,-0.00028191965,-0.00034175320000000005,-0.00032767431111111107,0.00010818541666666667
2023-08-26 00:00:00+00:00,-0.0002731638,-0.0003010088,-0.0005439507,-0.0005915007,-0.0002977234,-0.00028605840000000003,-0.0005726535,-0.00047262350000000004,-6.80691e-05,-6.61141e-05,-0.0004755196,-0.0003881096,-0.00034620479999999997,-0.00030514979999999995,-0.00047087355,-0.00036600855,-0.00028019135,-0.00043044134999999995,-0.00036981664444444445,-0.0003563349777777778,0.0001726660888888889
2023-08-27 00:00:00+00:00,-0.00032397599999999996,-0.000373006,-0.00045376250000000003,-0.0005935725000000001,-0.00025695205000000003,-0.00019052205,-0.0004845903,-0.0005261803,-0.00010333585000000002,-0.00015366084999999998,-0.00048080225,-0.00046088225,-0.00034900824999999997,-0.00038562324999999995,-0.00039544925,-0.00036225425,-0.0002694540000000001,-0.0005268240000000001,-0.00034637005,-0.0003969472722222222,0.0002768967166666667
2023-08-28 00:00:00+00:00,-0.00032808125,-0.00038426125,-0.0005986942,-0.0005948542,-0.00023489405,-0.00024496905,-0.00040681599999999995,-0.000573336,-8.901175000000002e-05,-0.00013720175,-0.00043188509999999994,-0.00046501509999999997,-0.0003570236,-0.00029470360000000004,-0.0004111142,-0.00044802420000000006,-0.00019582270000000003,-0.0003730477,-0.00033926031666666666,-0.0003906014277777778,0.00017573031666666668
2023-08-29 00:00:00+00:00,-0.00037311175,-0.00041586175000000005,-0.00042349504999999993,-0.00046024005,-0.00029332265000000005,-0.00033812765000000003,-0.00038559980000000003,-0.0004006448,-7.584000000000001e-06,-3.5739e-05,-0.0004886059,-0.0005147559,-0.00040208235,-0.00040885235000000003,-0.00048463465,-0.0005163446500000001,-0.0001554447,-0.0002664497,-0.00033487565,-0.0003730017611111112,0.00019125298333333334
2023-08-30 00:00:00+00:00,-0.00014967960000000002,-0.0003151896,-0.00024633855,-0.00046318854999999993,-0.00013471875,-0.00020248375,-0.0001658453,-0.00026886529999999996,6.651585e-05,-5.964915000000001e-05,-0.00021834594999999997,-0.00040448095000000003,-2.7738650000000002e-05,2.6181349999999993e-05,-0.00010538870000000005,-0.00034104370000000004,3.7260500000000073e-06,-0.00027200894999999996,-0.00010864595555555557,-0.0002556365111111111,9.45635388888889e-05
2023-08-31 00:00:00+00:00,-0.0002832307,-0.00036765569999999996,-0.00045734624999999994,-0.00043944624999999994,-0.0002482811,-0.0002763511,-0.0001861178,-0.0001819978,-3.40134e-05,2.2316599999999996e-05,-0.00038849665,-0.00042119665000000004,-0.00041172985,-0.00032137485,-0.00040206655000000005,-0.00029758655000000005,-0.00024148655,-0.00026541655,-0.0002947520944444444,-0.0002831898722222222,4.935671666666666e-05
2023-09-01 00:00:00+00:00,-0.00031704844999999994,-0.00035420844999999994,-0.00052735405,-0.00063728405,-0.00020733105,-0.00015887604999999998,-0.00028041875,-0.00033142874999999997,2.1224249999999996e-05,0.00010546925,-0.00036852385000000007,-0.00048543385000000003,-0.0007844113999999999,-0.0008112163999999999,-0.00046770225,-0.0004913472499999999,-0.00022550604999999995,-0.00039671105,-0.0003507857333333333,-0.00039567073333333333,0.0001578255666666666
2023-09-02 00:00:00+00:00,-0.00036502279999999995,-0.0005098728,-0.0004829903000000001,-0.0005988803,-0.00026088334999999996,-0.00021511835000000002,-0.00045952279999999997,-0.0004068328,6.440304999999999e-05,0.00010613304999999998,-0.0004772505,-0.0005675305000000001,-0.00048589514999999997,-0.00032114515,-0.00030552730000000004,-0.0004571873,-7.720215000000005e-05,-0.00027961215000000004,-0.00031665458888888886,-0.0003611162555555556,0.0003250574888888889
2023-09-03 00:00:00+00:00,-0.00044089184999999997,-0.00051172685,-0.00045115249999999987,-0.0005405774999999999,-0.00019900229999999998,-0.00022932729999999998,-0.00043493775,-0.00026156275,0.00011748804999999999,0.00010036804999999999,-0.0005286745499999999,-0.0006475345499999999,-0.0003651439,-0.00029123889999999996,-0.0004274999,-0.00041113989999999996,-0.00022036130000000005,-0.00036291630000000007,-0.0003277973333333333,-0.00035062844444444443,0.00027079467777777773
2023-09-04 00:00:00+00:00,-0.0004166339,-0.0005232389,-0.00016160604999999995,-0.00024328104999999997,-8.360980000000001e-05,-0.0001112398,-0.00027470085000000003,-0.00028934085000000004,0.00014807765,0.00017446765,-0.00040681649999999996,-0.0005183015,-0.0003798157,-0.00028313570000000003,-0.00055855115,-0.0005954111500000001,-0.0002645951,-0.0003933101,-0.0002664723777777778,-0.00030919904444444445,0.00022537852222222224
2023-09-05 00:00:00+00:00,-0.00042263844999999997,-0.00046237344999999996,-0.00044472585,-0.00050805085,-0.00011253285000000002,-0.00016954785000000003,-0.00019180655000000004,-0.00010876655000000002,0.00010692845,0.00010172344999999999,-0.00047226650000000006,-0.0005425465,-0.0004903497499999999,-0.00037996974999999995,-0.0005764494000000001,-0.0005976194,-0.0001928816,-0.0003442216,-0.00031074694444444445,-0.0003345969444444444,0.0002903827111111111
2023-09-06 00:00:00+00:00,-0.0004844788,-0.0005425538,-0.0002950232,-0.00029919820000000005,-5.357659999999999e-05,-4.8506599999999994e-05,-0.00020278845,-0.00017292345,0.00012509559999999997,0.00010979559999999998,-0.0004257045499999999,-0.00040694954999999995,-0.00098781705,-0.00094141205,-0.0005152762499999999,-0.00051110125,-0.00023765779999999998,-0.0004292228,-0.00034191412222222216,-0.00036023023333333335,0.00026458147777777774
2023-09-07 00:00:00+00:00,-0.00025457985,-0.00033081485,-0.00030945695,-0.00042547195,4.6465100000000003e-05,1.07851e-05,-0.00020330155,-0.00028542155000000003,7.136855e-05,0.00012970855,-8.181399999999999e-05,-0.000109299,-0.0008856037499999999,-0.0006762087499999999,-0.00045033365,-0.00044558864999999997,-0.0002693918,-0.0003607818,-0.0002596275444444444,-0.00027701032222222216,0.0001582111333333333
2023-09-08 00:00:00+00:00,-0.00037475805,-0.00028089805,-0.0005243647,-0.0005158997,1.1339749999999998e-05,4.76474999999999e-06,-0.00020142969999999998,-9.07497e-05,4.651849999999988e-06,-8.74815000000001e-06,-3.15074e-05,-3.08974e-05,-0.0010359167499999998,-0.00101315675,-0.000548993,-0.00048699800000000004,-0.00028885140000000004,-0.00034192140000000005,-0.0003322032666666666,-0.00030716715555555553,-6.362404444444449e-05
2023-09-09 00:00:00+00:00,-0.00036633405,-0.00030034905,3.782550000000001e-06,-0.00016175745,0.00015557665,6.916665e-05,-0.00010997935000000001,-5.455435000000002e-05,0.00039107915000000007,0.00040108415000000006,0.0006923382500000001,0.0007387532500000001,-0.0003215303,-0.0002695703,-0.0005084974,-0.00048199239999999996,-0.00012903834999999998,-0.00011874834999999998,-2.1400316666666642e-05,-1.9774205555555542e-05,-3.374072222222222e-05
2023-09-10 00:00:00+00:00,-0.00034150725000000004,-0.00041724725000000007,-0.00056948925,-0.0005264192500000001,0.000170055,0.00011587,-4.794049999999999e-05,4.09945e-05,8.765499999999999e-05,9.740499999999999e-05,0.00038876384999999994,0.00034117385,-5.6405149999999996e-05,4.438484999999999e-05,-0.0005094569499999999,-0.00054387695,-0.00012933259999999995,-0.00021474259999999996,-0.00011196198333333333,-0.00011805087222222222,-2.3188344444444462e-05
2023-09-11 00:00:00+00:00,-0.00033434785,-0.00034875784999999996,-0.0010873255500000003,-0.00113872055,-0.00031112695,-0.00037913195000000005,-0.0002747227,-0.00036752270000000003,2.75452e-05,3.9605200000000005e-05,-0.0007176444000000001,-0.0007269294,-0.00136060195,-0.00126532695,-0.0005506180499999999,-0.00045251304999999994,-0.00058888785,-0.0007571678499999999,-0.0005775255666666667,-0.0005996072333333334,0.0002699389222222222
2023-09-12 00:00:00+00:00,-0.0016672644499999998,-0.0016732894499999996,-0.0009615708500000001,-0.0009708808500000001,-0.00029005404999999995,-0.00031921405,-0.00035349010000000007,-0.0003330701,-4.408534999999999e-05,1.5344650000000002e-05,-0.00046121739999999996,-0.0004641424,-0.00149433705,-0.0015153470499999998,-0.00066759065,-0.00052130065,-0.0005497907999999999,-0.0004595707999999999,-0.0007210445222222222,-0.0006934967444444444,0.0005081305944444444
2023-09-13 00:00:00+00:00,-0.00013832259999999998,-0.00014141259999999998,-0.0005298529,-0.0005910628999999999,-0.00056613485,-0.0006215948499999999,-0.00020774255,-0.00028586755,-4.74067e-05,-6.0466699999999995e-05,-0.00043644465000000003,-0.0004719996500000001,-0.00041110210000000003,-0.00036367710000000006,-0.00105766015,-0.00099167515,-6.373585e-05,-6.609085e-05,-0.0003842669277777778,-0.0003993163722222222,0.00023413970555555554
2023-09-14 00:00:00+00:00,5.440975e-05,0.00010733974999999998,-0.00031526760000000003,-0.0005473376,-0.00033809035,-0.00029787035,-0.00034468435000000006,-0.00030989434999999997,0.00013693,0.000162145,-0.0006814152000000001,-0.0007051652,-2.2709999999999987e-06,8.971400000000003e-05,-0.0012272993,-0.0012732093,-0.00010152620000000004,-0.00018151620000000004,-0.0003132460277777778,-0.0003284215833333334,0.00015016363888888893
2023-09-15 00:00:00+00:00,5.5485e-05,5.8685000000000005e-05,-0.0004678856499999999,-0.0006216356499999999,0.00010580354999999999,0.00011222855,-0.00027702275,-0.00027957275000000005,0.00015514,0.000199365,-0.000229394,-0.000253819,-0.0006207748,-0.0005745898000000001,-0.0007671173999999999,-0.0008197823999999999,0.00033410775,0.00020900275,-0.00019018425555555554,-0.00021890203333333334,0.00018888565555555555
2023-09-16 00:00:00+00:00,-6.18337e-05,-1.9218699999999996e-05,-0.00063870135,-0.00072163635,4.261005e-05,2.570505e-05,-0.00022549474999999998,-0.00019088974999999998,0.0001378606,0.0001581656,-0.00010257125000000001,-9.727124999999999e-05,-4.757825000000001e-05,-8.383250000000003e-06,-0.0002545492,-0.0002724442,0.0002154239,8.782890000000001e-05,-0.00010387043888888888,-0.00011534932777777779,2.7528672222222217e-05
2023-09-17 00:00:00+00:00,-0.00016602605000000002,-0.00016602605000000002,-0.0007068450000000001,-0.00070924,4.5610500000000035e-06,-3.750895e-05,-0.0001585223,-7.29223e-05,-0.00020298849999999998,-0.00011418350000000001,-0.000443918,-0.00040923800000000003,-9.213519999999998e-05,-9.474519999999999e-05,-0.00040296845,-0.00047251845000000005,-0.00028885605,-0.00040689105000000006,-0.00027307761111111114,-0.0002759192777777778,0.00012187995
2023-09-18 00:00:00+00:00,-0.0016702792499999999,-0.0016702792499999999,-0.0006069657,-0.0008270806999999999,-0.00026206994999999997,-0.00031774495,-0.00010647525000000002,2.2047500000000008e-06,4.261680000000001e-05,7.735180000000001e-05,-0.00041138825,-0.00025797325,-0.00010774780000000003,-5.32278e-05,-0.00032470244999999995,-0.00039547245000000006,-0.0005533575500000001,-0.0005154875500000001,-0.0004444854888888889,-0.00043974548888888886,0.00027434475
2023-09-19 00:00:00+00:00,-0.0002226217,-0.0001615917,-0.00016396559999999998,-0.0003312506,-7.99912e-05,-0.00018523120000000002,-3.994364999999999e-05,-6.088649999999994e-06,9.651800000000001e-06,7.10268e-05,-0.000490778,-0.000452513,-9.75592e-05,-0.0001192892,-0.00030525615,-0.00030525615,-0.00015862379999999996,-0.0001589238,-0.00017212083333333333,-0.0001832352777777778,-1.2846950000000011e-05
2023-09-20 00:00:00+00:00,-2.7398999999999983e-05,1.4926000000000018e-05,-0.0002038671,-0.0002818271,0.00020617689999999998,0.00010293689999999999,-2.08206e-05,-4.765600000000009e-06,0.0001654879,0.00019301789999999998,0.0003514351,0.0003104401000000001,-0.00010405650000000002,-6.66765e-05,7.258104999999999e-05,4.3621049999999984e-05,-0.00019918895000000002,-0.00029706895,2.6705422222222228e-05,1.622644444444447e-06,-5.016794444444446e-05
2023-09-21 00:00:00+00:00,7.682055e-05,0.00023249055,-0.00020087275000000004,-0.00039383275000000003,0.00023807275,0.00014316275,6.393769999999999e-05,-5.57773e-05,0.0001349385,0.0002347635,-0.00033555345000000004,-0.00036720345,-5.657570000000001e-05,-0.0001461057,5.771000000000001e-05,7.265e-05,-2.0315899999999993e-05,-3.081090000000001e-05,-4.6487000000000145e-06,-3.451814444444445e-05,-0.0001550184777777778
2023-09-22 00:00:00+00:00,3.556150000000009e-06,0.00031397115,-0.0002926852,-0.00038346020000000003,9.162805e-05,9.084805000000001e-05,-0.00020899860000000002,-0.00017616360000000003,9.600360000000001e-05,0.0001475636,0.0004069625,0.0004668125,-0.00023795785,-0.00024392285000000003,-0.00053065685,-0.00047147185,0.00010434885,0.00019150885,-6.308881666666667e-05,-7.146038888888893e-06,6.428029444444445e-05
2023-09-23 00:00:00+00:00,3.0998000000000024e-05,5.3278000000000014e-05,-0.00022241055,-0.00029066555000000003,0.00013446,0.000147225,-0.00027900669999999996,-0.0002149267,0.00010685499999999999,3.124e-05,5.812960000000002e-05,9.709460000000002e-05,-0.0003642183000000001,-0.0002632133,-0.00037873095,-0.00046562095,6.596514999999999e-05,0.00018262014999999998,-9.421763888888888e-05,-8.03298611111111e-05,4.2953805555555556e-05
2023-09-24 00:00:00+00:00,5.5476499999999815e-06,7.537649999999984e-06,-0.0001382393,-0.00018020429999999996,0.000107795,0.00013478,-0.00039601960000000005,-0.0003477596,0.000109495,0.00012476,0.00021572684999999998,0.00029505685,-0.00036955710000000005,-0.0003987171,-3.996635000000001e-05,3.1648650000000004e-05,2.8130300000000007e-05,0.0001278453,-5.3009727777777794e-05,-2.2783616666666667e-05,-3.0111316666666674e-05
2023-09-25 00:00:00+00:00,5.0759999999999995e-05,0.00015462,-0.00015608699999999998,-0.000183152,0.00011892,7.355500000000001e-05,-0.00043564375000000003,-0.00031390375,0.00011448,5.507500000000002e-05,0.0005242574999999999,0.0005317474999999999,-0.00039729455,-0.00047108954999999997,-0.00013700625,-0.00013662125,6.298385000000002e-05,0.00015550885,-2.8292244444444446e-05,-1.4917800000000008e-05,3.357421111111108e-05
2023-09-26 00:00:00+00:00,-0.00022385470000000002,-0.0002095147,-0.00036360074999999993,-0.00047341075,8.13342e-05,0.0001276542,-0.00022903184999999997,-0.00026978684999999996,7.27918e-05,0.0001482368,-0.00048421660000000003,-0.0003944816,-0.00044704354999999997,-0.00045864854999999995,-0.00025594805,-0.00026900805,0.00013132325,0.00015768325,-0.00019091625,-0.00018236402777777776,2.3611083333333318e-05
2023-09-27 00:00:00+00:00,-0.000459342,-0.000513867,-0.00027890535,-0.00036867534999999996,9.514489999999999e-05,9.127989999999999e-05,-0.0004509455,-0.0003683355,8.149000000000002e-05,7.0595e-05,3.383845000000001e-05,8.708845000000002e-05,-0.0004845044,-0.0005235544,1.3392500000000001e-05,1.2067499999999998e-05,0.0001567648,0.0001930698,-0.00014367406666666667,-0.0001467035111111111,-5.401828888888891e-05
2023-09-28 00:00:00+00:00,-3.538329999999999e-05,2.3016999999999986e-06,-0.00017128640000000001,-0.00017128640000000001,-6.12917e-05,3.158329999999999e-05,-0.000312436,-0.000259936,7.1755e-05,6.8535e-05,-3.429219999999999e-05,6.60328e-05,-0.00025644335000000004,-0.00028627835,-0.0006305816000000001,-0.0005856716,5.459650000000001e-05,0.00017970650000000003,-0.00015281811666666668,-0.00010611256111111112,-0.00010608401666666669
2023-09-29 00:00:00+00:00,3.496199999999999e-05,2.9236999999999995e-05,-0.000214077,-0.00016797199999999998,8.937319999999999e-05,5.89732e-05,-8.73586e-05,-7.448859999999998e-05,7.584465e-05,8.006965e-05,2.8029499999999993e-05,5.392949999999999e-05,-4.712985000000001e-05,-0.00015743985,-0.00031236115,-0.00035031615,0.00019956314999999998,0.00021791315,-2.590601111111111e-05,-3.4454899999999994e-05,-3.883587777777779e-05
2023-09-30 00:00:00+00:00,2.1225299999999995e-05,1.3840300000000004e-05,-0.00013371250000000003,-5.219249999999999e-05,0.000179925,0.00014411,-6.075755e-05,6.122449999999997e-06,9.321545e-05,6.439545e-05,2.8961500000000007e-05,4.2036499999999996e-05,-1.4882800000000001e-05,-1.3642799999999989e-05,-0.00041809865,-0.00042070365,0.00013229915,0.00016498914999999999,-1.9091677777777778e-05,-5.671677777777775e-06,-5.539308333333333e-05
2023-10-01 00:00:00+00:00,-0.00011179655,-0.00014365654999999998,1.11e-06,9.359500000000001e-05,0.00012984,2.2909999999999996e-05,-0.00020845255000000003,-0.00021218255,-9.915230000000001e-05,-0.0001195573,-6.75643e-05,-2.491929999999999e-05,-0.00016803819999999998,-0.00015447319999999998,-0.00041922435,-0.00041416935,-0.0001798837000000001,-0.00011285870000000006,-0.00012479577222222226,-0.00011836799444444443,-0.0002740508944444445
2023-10-02 00:00:00+00:00,-3.719025e-05,-0.00013265525,2.3681800000000014e-05,6.606800000000018e-06,0.00016293499999999998,2.8800000000000002e-05,-0.00015980349999999998,-0.00016768850000000002,4.6852899999999986e-05,3.807289999999999e-05,-0.00029521055,-0.00021899555,-0.00018801309999999998,-0.00018801309999999998,-0.000496872,-0.0004926269999999999,-4.541999999999959e-06,0.000114253,-0.0001053513,-0.00011247185555555556,1.0024777777777434e-06
2023-10-03 00:00:00+00:00,-0.0001543782,-0.0001799432,7.139494999999999e-05,8.173494999999999e-05,9.148824999999999e-05,0.00014082325,-0.00011171845000000001,5.535655e-05,-2.817125000000002e-05,8.021374999999998e-05,-0.0002692666,-0.0001852716,-0.0003159449,-0.0003050249,-0.00038103829999999993,-0.00038411329999999994,-0.0001132579,-0.0001216579,-0.00013454359999999998,-9.087582222222225e-05,-0.00011456176666666669
2023-10-04 00:00:00+00:00,-0.00014911970000000001,-0.0001504247,3.094e-05,9.956e-05,0.00010524745000000001,1.5207450000000006e-05,-0.00014187099999999998,-0.000163806,1.749049999999988e-06,-2.8630950000000004e-05,1.9332800000000006e-05,-3.0512200000000006e-05,-0.00028662405000000004,-0.00027415405,-0.00029618525,-0.00031221024999999997,-0.00028820005000000003,-0.00025411505,-0.00011163675,-0.00012212063888888887,-0.00010489805555555554
2023-10-05 00:00:00+00:00,-0.00028417195,-0.00029572195,-8.471280000000001e-05,-0.0001040328,6.1029949999999986e-05,-2.4035050000000003e-05,-0.0002019392,-0.0002496642,3.901995000000001e-05,-1.6905049999999995e-05,-0.00032947885,-0.00037182885,-0.00048990535,-0.0004960303500000001,-0.00013668105000000003,-7.552105e-05,-0.0003760218000000001,-0.00030845180000000006,-0.00020031790000000002,-0.0002157990111111111,-6.989211111111113e-05
2023-10-06 00:00:00+00:00,7.231499999999999e-05,7.732e-05,-0.00012766324999999998,-3.3343250000000006e-05,0.00019192975,5.158974999999999e-05,-9.419750000000001e-05,-7.366750000000002e-05,0.00010197279999999998,0.00020085279999999996,-0.00041690114999999995,-0.00038384115,-0.0005244738,-0.0004951738,-0.00016935275,-0.00013289275,-0.00042730439999999996,-0.0004494494,-0.0001548528111111111,-0.00013762281111111112,-0.00010531773333333337
2023-10-07 00:00:00+00:00,5.053e-05,0.0,-0.0001077631,-0.0001647431,0.000164095,9.232500000000001e-05,-5.2590499999999924e-06,8.658095e-05,-1.84113e-05,-3.2863000000000176e-06,-0.00040674124999999994,-0.00044003624999999996,-0.00038624780000000005,-0.0004136678,-9.81905e-05,-6.994050000000002e-05,-0.00028831555,-0.00022089054999999995,-0.00012181150555555554,-0.0001259620611111111,-0.0001653979777777778
2023-10-08 00:00:00+00:00,0.000109425,0.00010197000000000001,-0.0006427897499999999,-0.00064124475,0.0001095452,0.0001265752,-1.134655000000001e-05,-2.9951550000000013e-05,7.090500000000001e-05,0.000119795,-0.00039298424999999995,-0.00034085424999999995,-0.00025918605,-0.00024061105,-5.9083400000000004e-05,-0.0001238384,-0.00042708320000000004,-0.00043287820000000005,-0.00016695533333333334,-0.00016233755555555555,-0.0001991697944444445
2023-10-09 00:00:00+00:00,7.41725e-05,5.167500000000008e-06,-0.00041773105,-0.00042578605,9.46948e-05,0.0001603248,-4.431465000000001e-05,-2.4724650000000007e-05,7.315549999999971e-06,7.652554999999999e-05,-0.00028992355,-0.00025575855,-0.00029765785,-0.00029608285,-0.0001283674,-4.060740000000001e-05,-0.0002387485,-0.00014656849999999998,-0.00013784001666666666,-0.00010527890555555557,-2.9353238888888897e-05
2023-10-10 00:00:00+00:00,-1.3721350000000004e-05,-6.838134999999999e-05,-0.0005038819,-0.0003995269,-1.3386700000000003e-05,8.98833e-05,-0.00024873660000000004,-0.0003805866,-2.1995699999999997e-05,9.32693e-05,-0.00019560105,-6.998105e-05,-0.00033007915000000005,-0.00034833415,-0.00030565854999999996,-0.00022354354999999998,-0.00041437005,-0.00040746005,-0.00022749233888888888,-0.00019051789444444445,3.927627777777753e-06
2023-10-11 00:00:00+00:00,8.820539999999999e-05,0.00015290039999999998,-0.00026957135000000004,-0.00032169635,-0.00010016115,-0.00011562614999999999,-0.00033411290000000005,-0.0002700329,4.682e-05,3.407999999999999e-05,-0.00013868985000000002,-6.652485000000001e-05,-0.00023264705000000001,-0.00025119705,-0.0002290106,-0.00010393059999999998,-0.0001483741,-0.00017046410000000003,-0.00014639351111111112,-0.0001236101777777778,-7.105362222222225e-05
2023-10-12 00:00:00+00:00,2.02101e-05,5.53101e-05,-0.00043911575,-0.0004914207499999999,4.7165e-05,2.138000000000001e-05,-0.000307667,-0.000275227,8.813e-05,9.392999999999999e-05,-0.00026858165,-0.00019598665,-0.0002730313,-0.00028080130000000006,-0.00021122825,-0.00010465824999999998,-6.835269999999998e-05,-4.8297699999999976e-05,-0.00015694128333333334,-0.00013619683888888888,6.938408333333333e-05
2023-10-13 00:00:00+00:00,-1.7065049999999987e-05,-6.556505e-05,-0.00049895275,-0.00054091275,5.156154999999998e-05,4.656549999999986e-06,-0.0002349517,-0.0002240917,8.086e-05,6.8435e-05,-0.00027659645,-0.00023219645000000002,-0.00026760449999999996,-0.00037460949999999993,-0.00022609765,-0.00027305265,-0.00016530315000000002,-0.00018502815000000003,-0.0001726833,-0.00020248496666666667,5.368197777777775e-05
2023-10-14 00:00:00+00:00,-0.00050331045,-0.00056496545,-0.00010808295,-0.00010200795000000001,0.000116705,9.779999999999986e-06,-0.00014316375,-7.465375e-05,0.0001032172,8.68272e-05,-0.0003179072,-0.0003070372,-0.00024194644999999998,-0.00031381645,-0.00015214925000000003,-7.091925000000003e-05,-0.00013485104999999995,-0.00021689604999999997,-0.00015349876666666666,-0.0001726321,0.00013743369999999998
2023-10-15 00:00:00+00:00,-2.788715000000001e-05,-0.00011621214999999999,0.0001301039,-9.611000000000123e-07,0.00012614,1.2550000000000062e-06,-4.703465e-05,-6.562465000000001e-05,9.586999999999999e-05,7.635e-05,-0.00016839665,-0.00020744665,-0.0002226869,-0.0002928719,-0.00016452015,-0.00023639015,0.00012726160000000003,0.00012315659999999999,-1.679444444444444e-05,-7.986055555555556e-05,-6.679087777777778e-05
2023-10-16 00:00:00+00:00,6.621805e-05,-6.452695e-05,-1.16267e-05,-8.64667e-05,0.000124965,4.3944999999999993e-05,-8.133720000000001e-05,-0.0001000622,7.801e-05,3.673499999999999e-05,-0.0001550443,-0.00025830430000000005,-0.00015928295000000004,-0.00026383795000000005,-0.00020432165000000002,-0.00019981165,9.491004999999999e-05,-2.1144949999999998e-05,-2.750107777777779e-05,-0.0001014971888888889,-2.635913333333332e-05
2023-10-17 00:00:00+00:00,7.206500000000015e-07,-0.00019812435,3.163554999999998e-05,-1.1929450000000012e-05,0.00012479335,0.00015488335,-8.822700000000001e-05,-5.7177000000000005e-05,9.43725e-05,9.698749999999999e-05,-0.00013145260000000002,-0.0001442026,-0.0001407751,-0.0001656651,-0.00013417645,-0.00016609145,3.9396150000000004e-05,-8.983885000000001e-05,-2.263477222222223e-05,-6.457310555555555e-05,-9.025533333333334e-05
2023-10-18 00:00:00+00:00,4.4249300000000003e-05,5.0392999999999985e-06,2.3743750000000008e-05,-4.561625e-05,0.00015307,6.7345e-05,-0.00014359155,-0.00012101655,9.305609999999998e-05,0.00014985609999999998,-0.00039866340000000003,-0.00040557340000000003,-0.0003210223,-0.0003541873,-0.0002926854,-0.0002857304,0.00010894884999999999,7.796885e-05,-8.14327388888889e-05,-0.00010132385000000002,1.3502433333333335e-05
2023-10-19 00:00:00+00:00,-0.00014382149999999998,-0.00024692649999999997,-5.6659150000000005e-05,-3.9114149999999995e-05,0.00014110975,9.874975e-05,-0.0003154371,-0.0001964971,-5.330099999999998e-06,0.0001146499,-0.0005457440499999999,-0.00048353904999999997,-0.00037863365,-0.00030449365,-0.00026360845,-0.00010896344999999998,9.079090000000001e-05,6.63059e-05,-0.00016414815,-0.00012220314999999998,1.7654394444444437e-05
2023-10-20 00:00:00+00:00,-0.00013460124999999998,-0.00010185125,-0.0004678023999999999,-0.0004480623999999999,0.0001458183,5.57633e-05,-0.00024492325,-0.00035910325,-0.00011338745000000001,8.863254999999997e-05,-0.0006933669,-0.0006332769000000001,-0.00018717324999999998,-0.00025583325,-0.00012507195,-5.037195e-05,0.00029124055,0.00011968555,-0.00016991862222222223,-0.00017604640000000002,0.0001638730944444444
2023-10-21 00:00:00+00:00,-0.00010636804999999999,-0.00015920305,-0.00044855855,-0.00043499855,0.00023244124999999998,0.00014732124999999998,-6.984149999999999e-05,-5.5896499999999996e-05,-1.8062450000000005e-05,-4.695745e-05,-0.00020913260000000002,-0.00022897260000000002,-0.00020200440000000001,-0.0002162794,-0.0002982952,-0.0002829802,7.914535000000001e-05,5.665350000000004e-06,-0.00011563068333333336,-0.00014136679444444445,1.9966038888888883e-05
2023-10-22 00:00:00+00:00,-0.00011363115,-9.975615000000001e-05,-0.00038301169999999996,-0.00038259169999999996,0.00017460405,0.00011618905000000003,-2.8065849999999995e-05,-4.0115849999999996e-05,-0.00012294820000000002,-0.0001554432,-0.0002731412,-0.0002636512,-0.00014485665,-0.00016768664999999998,-0.00017140770000000004,-0.0002134977,-9.140059999999999e-05,-7.839059999999999e-05,-0.00012820655555555554,-0.00014277155555555553,-9.195375000000003e-05
2023-10-23 00:00:00+00:00,-9.569334999999999e-05,-8.195835000000001e-05,-0.0004974676,-0.0005249925999999999,0.00016961789999999998,0.00017545289999999997,3.028425e-05,-3.861075e-05,-0.00023262669999999999,-0.00028005669999999996,-0.00104917315,-0.00106619315,-0.00020983925000000003,-0.00018774925,-5.369065e-05,6.889349999999997e-06,6.738395e-05,-4.472604999999999e-05,-0.00020791162222222226,-0.00022688273333333335,-6.735411666666669e-05
2023-10-24 00:00:00+00:00,8.29500000000002e-06,1.388e-05,-0.0004778594,-0.0005018393999999999,0.00051369415,0.0004807141500000001,4.4072250000000005e-05,4.4072250000000005e-05,-0.00013139840000000002,-0.0002012684,-0.000704202,-0.000729677,-0.00020381895,-0.00020381895,-0.0001461322,-0.00011925720000000001,0.00013763745,9.509244999999998e-05,-0.00010663467777777776,-0.0001246780111111111,8.68219999999999e-06
2023-10-25 00:00:00+00:00,0.00011795455,0.00014291455,-1.3899799999999995e-05,-1.3899799999999995e-05,0.0008155770499999997,0.0008155770499999997,0.0001449017,0.0001449017,5.3071549999999985e-05,5.3071549999999985e-05,0.00027500764999999997,0.00027500764999999997,-1.311120000000002e-05,-1.311120000000002e-05,-0.00031563539999999996,-0.00031563539999999996,0.00040567505000000005,0.00045034005,0.00016328234999999998,0.0001710184611111111,-0.0001558391166666667
2023-10-26 00:00:00+00:00,0.0,0.0,1.4095849999999993e-05,1.4095849999999993e-05,0.00028255165000000003,0.00028255165000000003,0.00024179185,0.00024179185,0.00010217719999999998,0.00010217719999999998,0.0002325937,0.0002325937,0.0,0.0,-3.814035e-05,-3.814035e-05,6.255459999999999e-05,6.255459999999999e-05,9.973605555555555e-05,9.973605555555555e-05,-0.00011981455555555557
2023-10-27 00:00:00+00:00,0.00082819425,0.00082819425,0.00032795245,0.00032795245,0.00033731415,0.00033731415,0.00112428635,0.00104222135,0.00013371350000000002,0.00013371350000000002,0.00022999364999999996,0.00022999364999999996,3.309060000000001e-05,3.309060000000001e-05,0.0,0.0,0.00031075605000000005,0.00028560105000000004,0.0003694778888888889,0.0003575645555555556,0.00018802337777777775
2023-10-28 00:00:00+00:00,0.0003513548,0.0003513548,1.0231849999999996e-05,1.0231849999999996e-05,0.00023017410000000002,0.00023017410000000002,0.0006038291,0.0006038291,0.00021428500000000007,0.00021428500000000007,-3.0159600000000005e-05,-3.0159600000000005e-05,1.0925049999999996e-05,1.0925049999999996e-05,0.0,0.0,0.00039352150000000004,0.00039352150000000004,0.0001982402,0.0001982402,2.1462722222222225e-05
2023-10-29 00:00:00+00:00,0.0007247388999999999,0.0007247388999999999,5.708730000000001e-05,5.708730000000001e-05,0.00033927109999999996,0.00029989109999999997,0.00030429240000000003,0.00030429240000000003,0.00035168039999999997,0.00035168039999999997,-7.634550000000005e-06,-7.634550000000005e-06,5.437010000000001e-05,5.437010000000001e-05,2.874999999999976e-08,2.874999999999976e-08,0.00017052835000000002,0.00017052835000000002,0.00022159586111111112,0.00021722030555555556,4.4663172222222204e-05
2023-10-30 00:00:00+00:00,0.0009442481000000001,0.0009942881,0.00015585129999999998,0.00015585129999999998,0.00024743635000000003,0.00024743635000000003,0.00055566705,0.00047604205,0.0003336673000000001,0.0003336673000000001,0.00037890255,0.00037890255,0.00010394064999999998,0.00010394064999999998,1.3344700000000001e-05,1.3344700000000001e-05,-0.0007084057500000001,-0.0007084057500000001,0.0002249613611111111,0.00022167413888888888,0.00020868433888888893
2023-10-31 00:00:00+00:00,0.0011029346999999999,0.0011408997,0.00048311170000000007,0.00048311170000000007,0.00029636755,0.00029636755,0.000560347,0.0004811769999999999,0.0006174298499999999,0.0006174298499999999,0.0006652888,0.0006652888,0.00021099849999999998,0.0002125485,0.00011982555000000004,0.00013898555000000008,8.04639e-05,7.73439e-05,0.0004596408388888889,0.0004570169500000001,0.0002883825055555556
2023-11-01 00:00:00+00:00,0.00056297555,0.00065911555,0.00054585245,0.00054578745,0.00039878630000000003,0.00039620629999999996,0.0003633630000000001,0.000432208,0.00044262635,0.00044262635,0.0008033569500000001,0.0008033569500000001,8.757245e-05,0.00010737245000000002,1.2877049999999982e-05,3.332705e-05,3.548609999999997e-05,-6.244890000000003e-05,0.00036143291111111116,0.00037306124444444445,0.00020969478333333335
2023-11-02 00:00:00+00:00,0.0005353126000000001,0.0005353126000000001,0.0006299438500000001,0.0006299438500000001,0.00040509290000000005,0.00039544290000000006,0.0002289483,0.0002289483,0.00027838385,0.00024378884999999998,0.0005655263,0.0005655263,8.07848e-05,8.07848e-05,8.29078e-05,8.29078e-05,0.00018780004999999995,6.067004999999997e-05,0.0003327444944444445,0.0003137028277777778,6.607782777777779e-05
2023-11-03 00:00:00+00:00,9.326580000000002e-05,0.0003629558,0.0005851486999999999,0.0007405736999999999,0.00018953999999999998,0.00011704499999999999,0.0004491280000000001,0.00045787800000000005,6.573985000000007e-05,0.00013441985000000003,0.0007494574000000001,0.0008217074000000001,0.0005287962,0.0005088111999999999,4.742600000000034e-06,0.0001224626,0.00015752810000000002,0.00015752810000000002,0.00031370518333333333,0.00038037573888888895,0.00012398462777777778
2023-11-04 00:00:00+00:00,0.0001720109,0.0001868109,0.00023949755000000005,0.00023949755000000005,0.00024599370000000004,0.00024599370000000004,0.00031657585000000006,0.00032752585,0.00016357225000000002,0.00016357225000000002,0.00025708160000000003,0.00030530160000000005,0.00021566655000000002,0.00021566655000000002,0.00010084735000000003,0.00010084735000000003,0.00036402895000000007,0.00036402895000000007,0.00023058607777777778,0.00023880496666666673,0.00010547163333333335
2023-11-05 00:00:00+00:00,0.0009499291000000001,0.0009547041,2.0643699999999997e-05,2.0643699999999997e-05,0.00013289255000000004,0.00013289255000000004,0.00047517699999999997,0.000427502,0.0008464233,0.0008464233,0.0004055968499999999,0.00049354685,0.00025256515000000006,0.00025256515000000006,0.00020150310000000002,0.00013575310000000002,0.0008644742999999998,0.0008644742999999998,0.00046102278333333337,0.0004587227833333333,0.0003356984833333333
2023-11-06 00:00:00+00:00,0.0011891443,0.0011891443,0.00036493889999999996,0.00026705390000000004,0.0004643013,0.0004643013,0.0007248578499999999,0.00056565285,0.00047331875000000006,0.00045834875000000006,0.0011621399999999999,0.001313325,0.00035469705,0.00035469705,0.0004781041000000001,0.00046277910000000006,0.00066597005,0.00066597005,0.0006530524777777777,0.0006379191444444445,0.0005365174777777778
2023-11-07 00:00:00+00:00,0.0012683422999999999,0.0010002123,0.0006315491000000001,0.0006136291000000001,0.00023120409999999997,0.00013847909999999998,0.00070723575,0.00043804075,0.00031160130000000005,0.00031160130000000005,0.0006795045,0.0005855494999999999,0.0003814561,0.00023100110000000003,0.0006367456000000001,0.0005191206000000002,0.0003828122500000001,0.00040924225000000007,0.0005811612222222222,0.0004718751111111111,0.000495209
2023-11-08 00:00:00+00:00,0.00022142089999999996,0.00014145089999999995,0.00017483355,0.00010631854999999999,9.00812e-05,8.791119999999998e-05,0.00053228735,0.00033640734999999995,0.00012093569999999997,0.00012093569999999997,0.0004684076,0.0004521076,0.00044877635,0.00045812635,0.0004697208500000001,0.00049132085,0.0005021163999999999,0.0004925413999999999,0.0003365088777777778,0.00029856887777777774,0.0002066144333333333
2023-11-09 00:00:00+00:00,0.0007820248499999999,0.00054737485,0.00017503700000000004,7.332200000000001e-05,0.0006235537999999999,0.0005064037999999999,0.0009670638,0.0008405288000000001,0.00027856015,0.00027856015,0.00024206300000000004,0.00024206300000000004,0.00047430740000000007,0.00046471740000000004,0.0003650409,0.00029297089999999996,0.00088652635,0.0008279613499999999,0.0005326863611111112,0.0004526558055555555,0.00044379747222222227
2023-11-10 00:00:00+00:00,0.0007087401500000002,0.0006604001500000002,0.00022376010000000005,0.00020507010000000002,0.0005707472999999999,0.00039916230000000005,0.0009015208499999999,0.0007965308499999999,0.0008698215500000001,0.0008962665500000001,-7.967129999999998e-05,0.00012631869999999996,0.0006266907999999999,0.00027756579999999996,0.00043563059999999994,0.0003122255999999999,0.0009016678000000001,0.0008535528000000001,0.0005732119833333333,0.0005030103166666667,0.0005190015722222222
2023-11-11 00:00:00+00:00,8.799550000000004e-05,4.5550500000000024e-05,0.0008325244500000001,0.0008174294500000001,0.0004809001,0.0001740001,0.0003965724,0.0002165824,0.00101073745,0.00070624245,0.0014761641000000001,0.0015338791,0.0008773748500000001,0.0005928298500000001,0.00109654945,0.0010727844499999997,0.0003633491,0.00014756909999999996,0.0007357963777777777,0.0005896519333333333,0.0006533202666666667
2023-11-12 00:00:00+00:00,0.00082243755,0.00060886755,0.0009369424499999999,0.0007573924499999999,0.0007581857999999998,0.0005861507999999999,0.00279765115,0.0026945761499999996,0.0009425933999999998,0.0007200683999999998,0.0024173843,0.0024062343,0.00133874895,0.00101334895,0.00163295955,0.00158583955,0.00124455705,0.00105112205,0.0014323844666666666,0.0012692889111111112,0.0013879400222222222
2023-11-13 00:00:00+00:00,0.00010497445000000005,0.00012086944999999997,0.0012715028,0.0010959328,0.00047136355,0.00046558355,0.0029564245,0.0027304795,0.0007021820500000001,0.0005490020500000001,0.0022534942500000003,0.0021518492500000003,0.0024408701000000004,0.0020200551000000002,0.0010274456499999999,0.00098471065,0.0008980357000000001,0.0006563107,0.0013473658944444444,0.0011971992277777777,0.0013046875611111113
2023-11-14 00:00:00+00:00,0.0005284446500000001,0.00066663965,0.00068810165,0.0002371216499999999,0.00015512459999999996,-3.43454000000001e-05,0.0010228657,0.0010455107,0.0006044281999999998,0.0004888231999999998,0.0013426442,0.0013691442,0.00119510915,0.0009403541499999999,0.0017450138,0.0017168738,0.0005515446500000001,0.0005349846500000001,0.0008703640666666666,0.0007739007333333333,0.0007616624444444444
2023-11-15 00:00:00+00:00,7.19001e-05,7.19001e-05,0.00021981734999999998,0.00013068235000000003,0.00011301364999999999,0.00013889364999999996,0.0004109112,0.0004929262,0.0005338900000000001,0.0005519650000000001,0.0008020486000000001,0.0007507036000000001,0.001333869,0.001141974,0.0008457873500000001,0.0009042723499999999,0.00016568384999999996,0.00019173884999999988,0.0004996579,0.0004861173444444444,0.0002563812333333333
2023-11-16 00:00:00+00:00,0.00045554370000000006,0.00045554370000000006,0.0010388361,0.0009493961,0.0002567117,0.0002567117,0.0005176289999999999,0.000603689,0.00042037220000000003,0.00042037220000000003,0.0005575665,0.0005575665,0.0007666439000000001,0.0008253389000000001,0.00035828655,0.00052145655,0.00059706245,0.0006517074500000001,0.0005520724555555555,0.0005824202333333333,0.00045902467777777785
2023-11-17 00:00:00+00:00,0.00037447829999999997,0.00032970829999999995,0.0004171854,0.0003258454,4.21775000000001e-06,-3.135725000000001e-05,0.00110106,0.001131505,0.00046675835000000007,0.00037156335,0.00120288255,0.00115464755,0.00092969605,0.0009229060499999998,-0.00026138079999999997,-0.00021148580000000005,0.00015583345000000001,0.00019229344999999997,0.0004878590055555556,0.00046506956111111105,0.0003751311
2023-11-18 00:00:00+00:00,0.00031506265000000007,0.00034034765000000007,0.0004961216000000001,0.0004944116,2.0483499999999988e-05,2.0483499999999988e-05,0.0007757862500000001,0.0006880312500000001,0.00048162035,0.00048162035,0.00035598695000000003,0.00035598695000000003,0.000642067,0.000646427,-1.8397599999999988e-05,-1.0332599999999985e-05,9.031185e-05,6.936185000000001e-05,0.0003510047277777778,0.0003429263944444445,8.740018333333333e-05
2023-11-19 00:00:00+00:00,2.6906099999999986e-05,2.6906099999999986e-05,-2.7332949999999997e-05,-2.7332949999999997e-05,5.766500000000012e-07,5.766500000000012e-07,-8.37229e-05,-8.37229e-05,0.00016771124999999997,0.00016771124999999997,0.00043464480000000004,0.00043464480000000004,0.00024597975,0.00024597975,-1.0294950000000012e-05,-3.0399500000000136e-06,0.00022122415,0.00022122415,0.00010841021111111111,0.00010921632222222223,-0.00013852412777777778
2023-11-20 00:00:00+00:00,0.0005144559500000001,0.0005144559500000001,0.00024955159999999997,0.00024955159999999997,6.148499999999887e-07,6.148499999999887e-07,0.00018863454999999997,0.00018863454999999997,0.00030109420000000003,0.00030109420000000003,1.1582300000000006e-05,1.1582300000000006e-05,0.0010152978,0.0010152978,-4.0382000000000014e-05,4.757999999999988e-06,0.00034140550000000004,0.00034140550000000004,0.00028691719444444446,0.00029193275,-0.0001049356
2023-11-21 00:00:00+00:00,0.00036466699999999994,0.000441547,0.0006897107499999999,0.0006897107499999999,3.1419149999999995e-05,3.7491500000000156e-06,0.0012053199500000002,0.00118470495,0.0009802256500000002,0.0009427106500000001,-6.251799999999999e-05,-6.251799999999999e-05,9.84715e-05,9.84715e-05,0.00028111135,0.00036249635000000003,0.0006606743499999999,0.0006606743499999999,0.000472120188888889,0.00048017185555555554,0.0003223292833333333
2023-11-22 00:00:00+00:00,0.0006112413000000001,0.0006112413000000001,8.575784999999998e-05,8.575784999999998e-05,2.6420549999999996e-05,2.6420549999999996e-05,0.00016601394999999998,0.00017807394999999995,-9.133850000000009e-06,-9.133850000000009e-06,1.4222850000000007e-05,1.4222850000000007e-05,3.564105e-05,3.564105e-05,0.00030109270000000006,0.00030109270000000006,0.00015543129999999998,0.00015543129999999998,0.00015407641111111114,0.00015541641111111113,-0.00025204476666666666
2023-11-23 00:00:00+00:00,-6.168025e-05,-6.168025e-05,0.0008966921500000001,0.0008966921500000001,1.1472750000000008e-05,1.1472750000000008e-05,0.0009418481499999998,0.0009418481499999998,0.0001335736,0.0001335736,0.0010513094999999998,0.0010513094999999998,0.0006609732999999999,0.0006609732999999999,7.055e-05,7.055e-05,0.00060467915,0.00060467915,0.000478824261111111,0.000478824261111111,0.0001357006777777777
2023-11-24 00:00:00+00:00,3.544980000000001e-05,3.544980000000001e-05,0.0008162630999999999,0.0008162630999999999,-1.763685000000001e-05,-1.763685000000001e-05,0.00092258155,0.00092258155,0.0,0.0,0.0007114933499999999,0.0007114933499999999,0.00062200945,0.00062200945,0.00013492949999999998,0.00013492949999999998,0.00018069144999999999,0.00018069144999999999,0.00037842015,0.00037842015,0.0001986631555555555
2023-11-25 00:00:00+00:00,0.00020062635,0.00020062635,0.0006328106000000001,0.0006328106000000001,1.2667800000000013e-05,1.2667800000000013e-05,0.0006727122,0.0006727122,2.2853999999999988e-05,2.2853999999999988e-05,0.0002121229,0.0002121229,0.0004780924000000001,0.0004780924000000001,0.0,0.0,0.0005513498500000001,0.0005513498500000001,0.0003092484555555556,0.0003092484555555556,0.00012752381111111116
2023-11-26 00:00:00+00:00,0.00037633415000000003,0.00037633415000000003,0.0005780465999999999,0.0005780465999999999,1.830165e-05,1.830165e-05,0.00042330165,0.00043473165,4.4404999999998884e-07,4.4404999999998884e-07,0.0014057826500000002,0.00139996265,0.0006269788500000001,0.0006269788500000001,0.0,0.0,0.0008650418499999998,0.0008650418499999998,0.00047713682777777777,0.00047776016111111103,0.0004318795277777778
2023-11-27 00:00:00+00:00,0.00032266195,0.00032266195,0.00089698425,0.0009025942499999999,3.781755000000001e-05,3.781755000000001e-05,0.000924322,0.000924322,0.00029496595000000006,0.00029496595000000006,2.9444650000000006e-05,2.9444650000000006e-05,0.0004285232500000001,0.0004285232500000001,6.646075000000002e-05,6.646075000000002e-05,0.0004022443999999999,0.0004022443999999999,0.0003781583055555556,0.0003787816388888889,1.5752505555555567e-05
2023-11-28 00:00:00+00:00,0.00015646889999999998,0.00015646889999999998,0.0005843513,0.0005843513,1.8595699999999992e-05,1.8595699999999992e-05,0.0005065327,0.0005065327,8.843224999999999e-05,8.843224999999999e-05,0.00061726425,0.00061726425,0.0003328082000000001,0.0003328082000000001,0.00010506885000000002,0.00010506885000000002,0.0006200059500000001,0.0006200059500000001,0.00033661423333333334,0.00033661423333333334,0.00020121471111111112
2023-11-29 00:00:00+00:00,0.00029132355000000004,0.00029132355000000004,0.00014885694999999997,0.00014885694999999997,-2.1290999999999993e-05,-2.1290999999999993e-05,0.0005324985,0.0005324985,8.196549999999999e-06,8.196549999999999e-06,0.0007110453,0.0007110453,0.0003819497,0.0003819497,0.0,0.0,0.00016569389999999997,0.00016569389999999997,0.0002464748277777778,0.0002464748277777778,7.015198888888888e-05
2023-11-30 00:00:00+00:00,0.00040253885,0.00040253885,0.00044422030000000005,0.00044422030000000005,3.329964999999999e-05,3.329964999999999e-05,0.0015920026,0.0015920026,8.052000000000022e-07,8.052000000000022e-07,0.00010557785000000001,0.00010557785000000001,0.00043032720000000006,0.00043032720000000006,7.884949999999986e-06,-2.9950500000000168e-06,0.0008146701999999999,0.0008146701999999999,0.0004257029777777778,0.0004244940888888889,0.00042103744444444444
2023-12-01 00:00:00+00:00,0.00030540715,0.00030540715,0.0003860872000000001,0.0003860872000000001,2.6139250000000006e-05,2.6139250000000006e-05,0.0016168226000000002,0.0016168226000000002,0.00021644165000000003,0.00021644165000000003,8.506700000000013e-06,8.506700000000013e-06,0.0009250415499999999,0.0009250415499999999,0.00022058415,0.00022058415,2.662865e-05,5.628650000000007e-06,0.00041462876666666673,0.00041229543333333343,5.226492222222221e-05
2023-12-02 00:00:00+00:00,0.0006077410000000001,0.0005700360000000001,0.0007717380999999999,0.0007717380999999999,9.854455000000001e-05,9.854455000000001e-05,0.0013158749499999998,0.0013158749499999998,0.00036547540000000006,0.00036547540000000006,0.00080309165,0.00080309165,0.0008280776999999999,0.0008280776999999999,0.00013517584999999998,0.00013517584999999998,0.00010079030000000001,9.173030000000003e-05,0.0005585010555555556,0.0005533049444444443,0.0002918343888888888
2023-12-03 00:00:00+00:00,0.00050639825,0.00028626825000000004,0.0009804516,0.0009418616000000001,0.0003389798,0.0003162998000000001,0.0008806104999999999,0.0008806104999999999,0.0006505217500000001,0.0006505217500000001,0.0013679682499999999,0.00133101325,0.0009169432999999999,0.0009169432999999999,0.00023512139999999995,0.0002125364,0.00042526725000000004,0.00023595225,0.0007002513444444444,0.0006413341222222222,0.0007002513444444444
2023-12-04 00:00:00+00:00,0.0007322556000000001,0.0006186306000000001,0.00085601915,0.0007466791499999999,0.00037270524999999995,0.00037270524999999995,0.00015076325000000002,-8.721749999999971e-06,0.0005352606000000001,0.00048079560000000016,0.00046779795,0.00025518294999999996,0.0008050090000000001,0.0008050090000000001,0.00034458979999999996,0.0002187348,7.838139999999998e-05,2.6776399999999986e-05,0.00048253133333333334,0.0003906435555555556,0.0004390559722222222
2023-12-05 00:00:00+00:00,0.00045204425000000016,0.0003155992500000001,0.0008305066500000001,0.0008672116499999999,0.00062772895,0.00048149894999999996,0.0019788006499999997,0.00170243565,0.00060946155,0.00051608655,0.0006402319500000001,0.00050086195,0.0005238865,0.00047974150000000006,0.0004012648000000001,0.00043116480000000005,0.0002443656,0.0001770406,0.0007009212111111111,0.0006079601,0.0005749884333333333
2023-12-06 00:00:00+00:00,0.00020246404999999995,0.00029644404999999995,0.0006981275,0.0006902375,0.00010186550000000001,0.00010186550000000001,0.00232965305,0.00212697805,0.0005104349,0.0005104349,0.00033865319999999997,0.0003012732,0.0007814392500000001,0.0007814392500000001,9.251745000000004e-05,0.00014561245000000003,0.0008324766000000001,0.0008186466000000001,0.0006541812777777779,0.0006414368333333333,0.0005816340555555555
2023-12-07 00:00:00+00:00,-3.4885450000000074e-05,3.144454999999999e-05,0.0004684609000000001,0.0004185209000000001,-0.00024552575,-0.00024552575,0.0025966334,0.0021406484,0.0005437411,0.0005437411,0.00038595150000000005,0.0003676465,0.0009560023000000002,0.0006985973000000001,0.0003133575499999999,0.00018401254999999994,0.00111063535,0.0010903053499999999,0.0006771523222222222,0.0005810434333333334,0.0006096264277777778
2023-12-08 00:00:00+00:00,0.00039926755000000005,0.00037930255000000006,0.00020133359999999998,3.9673600000000026e-05,7.657585000000001e-05,3.913584999999999e-05,0.0015916981,0.0015817880999999998,0.00052206305,0.00052206305,0.0004684923,0.0003859373,0.00067768625,0.0005412262499999999,0.0009448430499999999,0.0008117180499999999,0.00062027175,0.00062040675,0.0006113590555555555,0.0005468057222222222,0.00047804072222222224
2023-12-09 00:00:00+00:00,0.00030783610000000006,0.00021948109999999997,0.0010771608500000003,0.00068115085,0.00022193309999999998,-2.044189999999998e-05,0.0010716383,0.0009817033,0.000632666,0.00046925600000000004,0.00196536035,0.0017642553499999996,0.0015817772499999998,0.0013267222499999999,8.25649999999999e-05,2.129000000000014e-05,0.0009533686,0.0010434436,0.0008771450611111113,0.0007207622833333334,0.0008449802722222223
2023-12-10 00:00:00+00:00,0.0004029813,0.0002967263,0.0007743439500000001,0.0005936089499999999,0.00012803020000000002,-4.808479999999987e-05,0.00137657235,0.00111686735,0.0004398023,0.0004256222999999999,0.0006238709000000001,0.00035406090000000015,0.0020207010999999998,0.0018004711,0.0003123200000000001,0.00023540000000000014,0.00048396200000000005,0.000345032,0.0007291760111111112,0.0005688560111111111,0.0006900743222222223
2023-12-11 00:00:00+00:00,0.0002515819,0.00013992689999999997,0.00018462819999999998,-9.824180000000005e-05,-2.255340000000006e-05,-0.00021651340000000005,0.0006672696999999999,0.0005686847,0.00031742179999999997,0.0004446418,-0.00014992375000000003,-0.00036505375,0.00046608589999999996,0.0003145659000000001,0.0006807677,0.0005321677000000001,-0.0001597675,-0.0003086675,0.00024839006111111104,0.0001123900611111111,0.00018705018333333332
2023-12-12 00:00:00+00:00,0.00034667320000000005,0.0003512882000000001,0.0008804388,0.0006834838000000001,0.0009018323999999999,0.0007793174,0.0015819285499999998,0.00150294855,0.0008722836500000002,0.00088659365,0.0008936274500000002,0.0008199174500000001,0.0011268837999999998,0.0010056287999999998,0.0010886131,0.0010184431000000002,0.0011090654000000001,0.0010704654,0.0009779273722222222,0.0009020095944444444,0.0007578079277777779
2023-12-13 00:00:00+00:00,-8.637449999999999e-05,-2.5999499999999994e-05,0.0008633703499999999,0.0006834153499999998,0.0005165943000000001,0.0004261593000000001,0.00152095655,0.0015157015500000001,0.00038646150000000006,0.0003209315,0.001189204,0.001112369,0.0012930525999999998,0.0013029725999999999,-0.00011506865,-0.00022629365,0.00107316255,0.0009191575500000001,0.0007379287444444445,0.0006698237444444444,0.0006183766666666667
2023-12-14 00:00:00+00:00,-0.00013097254999999992,-2.0412550000000012e-05,0.00023594200000000003,0.000194372,0.00030235699999999995,0.00022591699999999996,0.0011189907499999999,0.00110147075,0.00036006144999999994,0.00036982145,0.0009559519999999999,0.0008685619999999999,0.00075697475,0.00078096975,6.710299999999986e-06,-2.814470000000005e-05,0.0010092258999999998,0.0010053358999999999,0.0005128046222222222,0.0004997657333333333,0.0004115812666666666
2023-12-15 00:00:00+00:00,0.00029970274999999993,0.00046233275,0.0006515027,0.0005789727,7.647399999999989e-06,-1.0272600000000009e-05,0.00097028165,0.0009278966500000001,0.0006845239499999999,0.00062556895,0.0014123779,0.0013983579,0.00038036645,0.00029585145,0.00026988055000000004,0.00018327554999999997,0.0016804061500000002,0.00164270115,0.0007062988333333334,0.0006782982777777778,0.00041240801111111107
2023-12-16 00:00:00+00:00,-4.7246499999999955e-05,4.580350000000005e-05,0.00221091585,0.00193996085,0.00013846305,9.228805000000003e-05,-0.0003395221,-0.00033881709999999997,0.0002707483499999999,0.00018450834999999996,0.0008457938,0.0005541188000000001,0.00014847200000000002,-5.301299999999993e-05,0.00028491329999999997,0.00024832830000000013,0.0013703900000000002,0.0010152000000000002,0.0005425475277777777,0.00040981975,0.00041725349444444445
2023-12-17 00:00:00+00:00,-0.00018808325000000005,-0.00025699324999999993,-0.000347504,-0.0005286539999999999,5.330000000000118e-07,-0.00010853700000000001,0.00030557805,0.00030557805,0.0002735762,0.0002578012,0.0006711603,0.0006088452999999999,0.00039915870000000007,0.0001827037,0.0007006615000000002,0.0007777315000000001,0.00019112035,0.00010990534999999997,0.00022291120555555558,0.00014982009444444448,0.0001236713722222222
2023-12-18 00:00:00+00:00,-0.00031120325,-0.0002795432499999999,-0.00012816905,-0.00012816905,-6.080649999999993e-06,-4.251064999999998e-05,0.0005639096,0.0005674396,0.00040774935000000007,0.00041475935000000007,0.00037990094999999996,0.0003417609499999999,0.0002364287,0.0001425287,0.00021255289999999998,0.00022978289999999994,8.851950000000002e-05,5.499950000000002e-05,0.00016040089444444445,0.00014456089444444444,4.430154999999998e-05
2023-12-19 00:00:00+00:00,0.00022060654999999998,0.00025098655,-0.0001600726,-0.0001662826,2.5411150000000008e-05,5.0071150000000006e-05,0.00013968420000000004,0.00012287920000000001,0.00011654825,7.314325000000002e-05,0.00047034884999999995,0.0004372288499999999,0.00036901065,0.00034796564999999994,0.00034041535000000006,0.00044185035,-5.987330000000001e-05,-5.987330000000001e-05,0.00016245323333333335,0.00016644101111111108,-3.726045555555558e-05
2023-12-20 00:00:00+00:00,3.8496650000000004e-05,-3.0333499999999893e-06,-4.574559999999999e-05,-4.574559999999999e-05,0.0003745084,0.00031614339999999993,0.00014015325,0.00014015325,4.94143e-05,8.309300000000022e-06,0.00087114085,0.00087114085,-6.029200000000003e-06,-1.549920000000001e-05,0.00010826530000000011,0.0003312503000000001,4.228799999999992e-06,-2.148120000000001e-05,0.00017049252777777781,0.00017569308333333336,-0.00010513970000000002
2023-12-21 00:00:00+00:00,-0.00015400779999999998,-3.430780000000001e-05,0.00108536475,0.0010756747499999998,0.0003999206000000001,0.0004270106,0.0005915618,0.0004728418,0.00040472529999999987,0.0004134352999999999,0.00090015605,0.00087154605,0.0005953854000000001,0.0004436804,0.001748102,0.0019475169999999997,0.0005587868500000001,0.0006402568500000001,0.0006811105500000001,0.0006952949944444443,0.00039496617222222223
2023-12-22 00:00:00+00:00,-0.0002753671,-5.217710000000004e-05,0.0025796622,0.0026627522000000005,0.00047947150000000004,0.0005482665,0.00215208645,0.00206931145,0.0003135708000000001,0.00030013580000000004,0.0007788861500000001,0.00077355615,0.0008814448500000001,0.0006847148500000001,0.00088146325,0.0009544382499999999,0.0011956068,0.0011682368,0.0009985361,0.001012137211111111,0.0009513799000000001
2023-12-23 00:00:00+00:00,0.0010582099,0.0011954699000000003,0.00011289504999999994,-0.00014057995000000008,0.0004831919000000001,0.0005008819000000001,0.00083444015,0.00055008015,0.00077650695,0.0007039619499999999,0.0007537543499999998,0.0008140243499999999,0.0016497467,0.0015218267,-5.346900000000081e-06,0.00015542809999999997,0.0006362679499999999,0.0005072129499999999,0.0006999628944444444,0.0006453673388888888,0.0005801764333333334
2023-12-24 00:00:00+00:00,0.00142959415,0.0015057891499999998,0.00043663560000000004,0.00026011560000000004,0.00065421915,0.0006846591500000001,0.0006945804000000001,0.0006730004000000001,0.00044527404999999997,0.00040844405000000007,0.0002828138499999999,0.00038496384999999996,0.0012486371000000004,0.0011802521000000002,-0.0002560746500000001,4.6945349999999976e-05,0.00035304035000000006,0.00025345535000000004,0.0005876355555555555,0.0005997361111111112,0.0006285110722222222
2023-12-25 00:00:00+00:00,0.0016876589,0.0017858588999999998,0.00196695215,0.00163972715,0.0006620914499999999,0.00068870145,0.00012661505000000005,0.00011852505000000002,0.0003190511,0.00031087110000000003,0.0010340104999999999,0.0011667854999999998,0.0011288131,0.0010056231,0.00201204285,0.00207579285,0.0005550680000000001,0.0005240830000000001,0.0010547003444444445,0.0010351075666666665,0.001045959788888889
2023-12-26 00:00:00+00:00,0.0005067893499999998,0.0008307843499999999,0.00042990915,0.00015954915,0.00060304215,0.00069904215,-0.00013507610000000007,-0.00015559610000000004,0.00020891209999999996,0.0003070370999999999,0.00113109955,0.00123054955,0.0009477965499999999,0.0008775115499999998,0.0011376884,0.0011368383999999997,0.0006352624,0.0006429373999999999,0.0006072692833333334,0.000636517061111111,0.0005312600833333333
2023-12-27 00:00:00+00:00,0.00027139510000000005,0.00039405010000000004,0.00023956534999999978,-0.00013964965000000008,0.0005173522499999999,0.00054837225,-0.00016722899999999986,-0.000314729,-0.00019372299999999997,2.6101999999999995e-05,0.00020858594999999993,0.00016304594999999998,0.0006378541499999999,0.0006964541499999998,-0.0003723321499999999,-0.0004180221500000001,0.00077512555,0.00051417555,0.00021295491111111107,0.00016331102222222219,0.00017270879444444438
2023-12-28 00:00:00+00:00,0.0009886556,0.0012314055999999999,0.00032337885,0.0001324238499999999,0.00055736105,0.00037084605,0.0006194065499999999,0.00053887655,0.0006570917,0.0006857167,-6.054360000000003e-05,6.360139999999998e-05,0.0012131352999999998,0.0012412303,0.0012514459999999998,0.0012692859999999997,0.0008930999,0.0007989549,0.0007158923722222222,0.0007035934833333333,0.0005050033277777778
2023-12-29 00:00:00+00:00,0.0010353228999999999,0.0011758079,0.0006037375999999998,0.0003263225999999998,8.596200000000008e-05,1.3996999999999992e-05,0.00065115945,0.00041003444999999987,0.0007138907000000001,0.0005736406999999998,3.5659850000000126e-05,0.00026729485,0.00046922075000000016,0.00056699575,0.0008331866000000002,0.0008672965999999999,0.0011463746999999997,0.0011868996999999997,0.0006193905055555555,0.0005986988388888887,0.0005465605055555555
2023-12-30 00:00:00+00:00,-9.118205000000003e-05,1.6479499999999537e-06,0.00039263620000000004,0.00020571620000000006,0.00031243454999999997,0.0003368745500000001,0.0006083926499999999,0.0006130776499999999,0.0002141037500000002,0.00026599875,0.00042343244999999994,0.00042689745,0.0009094455499999999,0.00092092555,0.00043734489999999987,0.0003551548999999999,0.0016550933500000002,0.0016350433500000002,0.0005401890388888889,0.0005290373722222222,0.0003046309333333333
2023-12-31 00:00:00+00:00,-1.1326799999999971e-05,-9.636179999999994e-05,-0.00021648990000000003,-0.0003349748999999999,-0.00011868065000000003,-4.8445650000000026e-05,0.00067703775,0.0006938977499999998,-4.612645000000004e-05,2.9193549999999994e-05,1.1899700000000006e-05,-7.976529999999997e-05,0.0013946453499999998,0.0013367453500000002,0.0003249671000000002,0.0002017171000000001,0.0011909977,0.0012333927,0.00035632486666666664,0.00032615542222222226,0.00017376725
2024-01-01 00:00:00+00:00,0.00041622779999999986,0.0005737428,-0.00024416855000000004,-0.0003861385499999999,-3.573734999999998e-05,-0.00010920235000000001,0.00071039635,0.0007247013499999999,0.00028870619999999997,0.0003975511999999999,9.126549999999993e-06,-0.00016300345000000002,0.0015104366499999998,0.00132897165,0.0012623638000000001,0.0012899088,0.0009043371999999998,0.0008569171999999998,0.0005357431833333333,0.0005014942944444444,0.0004520165444444443
2024-01-02 00:00:00+00:00,0.00044019745000000007,0.0006892824500000002,0.00054543645,0.0002738914499999999,0.00040066405,0.00023916405000000003,0.0006475258500000001,0.00068657585,0.0004874141500000001,0.00051119915,0.00020950490000000001,-1.5905099999999984e-05,0.0011625902,0.0009986352000000002,0.00015578239999999998,0.0003522574,0.0012029292,0.0009928641999999998,0.0005835605166666667,0.0005253294055555556,0.0005529271944444444
2024-01-03 00:00:00+00:00,-0.0002598104,-0.00010759540000000015,0.0008039452999999998,0.0006047752999999998,0.00038558875,0.0002925987499999999,0.0009485682499999999,0.00086464325,0.00025336025000000003,0.00036245024999999987,0.00078908655,0.00059745155,0.00085636215,0.0006547021499999998,0.0005402152,0.0004493701999999999,0.0012152263999999997,0.0010960013999999998,0.0006147269388888888,0.0005349330499999998,0.0005068059166666665
2024-01-04 00:00:00+00:00,0.0002856926500000001,0.00031535765000000016,-0.00012137545000000003,-0.0002855054500000001,0.00075542205,0.00054099205,-0.00020824390000000003,-0.0002858939,0.00025426795,0.00019698295,0.0009607582999999999,0.0006570633,0.00089743185,0.00057585185,-0.0004617101999999999,-0.0006852302000000001,0.0006333336,0.0002930236000000001,0.0003328418722222222,0.00014696020555555558,0.00034146677222222227
2024-01-05 00:00:00+00:00,0.00031397580000000003,0.00031397580000000003,0.00036351464999999995,0.00036351464999999995,0.0007479633999999998,0.0007479633999999998,-7.03861e-05,-7.03861e-05,6.17175e-05,6.17175e-05,0.0007123850499999999,0.0007123850499999999,0.0005978757,0.0005978757,0.0,0.0,0.00019223169999999998,0.00019223169999999998,0.00032436418888888885,0.00032436418888888885,0.00011778332222222218
2024-01-06 00:00:00+00:00,9.269799999999989e-06,9.269799999999989e-06,9.65125e-06,9.65125e-06,0.00041516845,0.00041516845,-6.988450000000001e-06,-6.988450000000001e-06,2.6032399999999995e-05,2.6032399999999995e-05,0.00037358705000000006,0.00037358705000000006,0.00011646825000000003,0.00011646825000000003,-1.2117350000000004e-05,-1.2117350000000004e-05,0.00015051645,0.00015051645,0.00012017642777777778,0.00012017642777777778,-0.0002382510888888889
2024-01-07 00:00:00+00:00,4.6986750000000026e-05,4.6986750000000026e-05,3.373499999999935e-07,3.373499999999935e-07,0.00015286120000000003,0.00015286120000000003,-3.9528899999999994e-05,-3.9528899999999994e-05,1.424799999999981e-06,1.424799999999981e-06,8.68002e-05,8.68002e-05,-0.0003680332,-0.0003680332,2.4369999999999967e-06,2.4369999999999967e-06,0.0002166114,0.0002166114,1.1099622222222224e-05,1.1099622222222224e-05,-3.6523027777777795e-05
2024-01-08 00:00:00+00:00,0.00035537629999999996,0.00035537629999999996,0.00013810449999999999,0.00013810449999999999,0.00039975285000000004,0.00039975285000000004,0.0,0.0,0.0,0.0,0.00043648555000000004,0.00043648555000000004,0.0,0.0,1.6371000000000184e-06,1.6371000000000184e-06,0.00025508765000000004,0.00025508765000000004,0.00017627155,0.00017627155,-1.6881277777777821e-06
2024-01-09 00:00:00+00:00,0.00013123075000000001,0.00013123075000000001,2.2292100000000017e-05,2.2292100000000017e-05,0.0008949074999999999,0.0008949074999999999,-7.681559999999999e-05,-7.681559999999999e-05,0.00012678474999999997,0.00012678474999999997,0.00047966359999999995,0.0004786436,-0.0005439039,-0.0005439039,-2.842830000000001e-05,-2.842830000000001e-05,9.794299999999998e-05,9.794299999999998e-05,0.0001226304333333333,0.00012251709999999997,-9.43056555555556e-05
2024-01-10 00:00:00+00:00,0.00024314070000000003,0.00024314070000000003,0.0001064589,0.0001064589,0.0009220041,0.0009220041,3.104495e-05,3.104495e-05,0.00048031220000000006,0.00048031220000000006,0.0007715161,0.0007715161,0.0,0.0,0.0,0.0,0.00036077350000000006,0.00036077350000000006,0.0003239167166666667,0.0003239167166666667,5.380061111111111e-05
2024-01-11 00:00:00+00:00,0.0006088201,0.0006088201,0.00010324090000000003,0.00010324090000000003,0.00094300335,0.00094300335,3.911935000000002e-05,3.911935000000002e-05,0.0005494455499999999,0.0005494455499999999,0.0009059491999999999,0.0009059491999999999,7.496244999999998e-05,7.496244999999998e-05,0.00042435175,0.00042435175,0.0004908778,0.0004908778,0.00045997449444444446,0.00045997449444444446,0.0002778501222222222
2024-01-12 00:00:00+00:00,2.041309999999999e-05,2.041309999999999e-05,8.88760000000001e-06,8.88760000000001e-06,0.0004819633500000001,0.0004819633500000001,9.464579999999999e-05,9.464579999999999e-05,0.0005304306,0.0005304306,0.00054499905,0.00054499905,0.0,0.0,0.00041026420000000004,0.00041026420000000004,0.0009013814,0.0008963764000000001,0.0003325539,0.00033199778888888895,-2.625728888888887e-05
2024-01-13 00:00:00+00:00,0.0001614618,0.0001614618,4.4117349999999995e-05,4.4117349999999995e-05,0.00016243055,0.00016243055,3.07749e-05,3.07749e-05,0.000382398,0.000382398,9.575834999999998e-05,9.575834999999998e-05,-8.802515e-05,-8.802515e-05,0.0010237629499999998,0.0010237629499999998,0.0005519583,0.0005519583,0.00026273745,0.00026273745,-7.667639444444448e-05
2024-01-14 00:00:00+00:00,-0.0004036417,-0.0004036417,-3.679900000000003e-06,-3.679900000000003e-06,0.00010975375000000002,0.00010975375000000002,0.0,0.0,7.20368e-05,7.20368e-05,-0.0001624448,-0.0001624448,-2.0480000000000004e-05,-2.0480000000000004e-05,-3.57099e-05,-3.57099e-05,-0.00011427340000000001,-0.00011427340000000001,-6.204879444444445e-05,-6.204879444444445e-05,-0.0003042055055555556
2024-01-15 00:00:00+00:00,-0.000130482,-0.000130482,0.00011199940000000002,0.00011199940000000002,0.00019064914999999998,0.00019064914999999998,0.0,0.0,0.00019259515000000007,0.00019259515000000007,0.0007991162,0.0007991162,-5.614000000000056e-07,-5.614000000000056e-07,3.6522799999999995e-05,3.6522799999999995e-05,0.000586881,0.000586881,0.0001985244777777778,0.0001985244777777778,4.5746988888888885e-05
2024-01-16 00:00:00+00:00,-0.00023214495000000002,-0.00023214495000000002,1.0192350000000008e-05,1.0192350000000008e-05,3.293015e-05,3.293015e-05,0.0,0.0,0.00016875449999999997,0.00016875449999999997,0.00043698420000000003,0.00043698420000000003,0.0,0.0,5.1664849999999984e-05,-0.00022105015,4.327469999999999e-05,4.327469999999999e-05,5.6850644444444436e-05,2.654897777777777e-05,-0.00013845851666666667
2024-01-17 00:00:00+00:00,0.00014383945,0.00014383945,0.0,0.0,-3.994519999999999e-05,-3.994519999999999e-05,0.000430679,0.000430679,0.00010196189999999999,0.00010196189999999999,0.00055580355,0.00055580355,0.0,0.0,0.00022630185000000006,0.00022630185000000006,0.0006609130499999999,0.0006609130499999999,0.00023106151111111108,0.00023106151111111108,5.7722088888888865e-05
2024-01-18 00:00:00+00:00,0.0007112692,0.0007112692,0.00014567099999999997,0.00014567099999999997,1.7284249999999983e-05,1.7284249999999983e-05,0.0003386893,0.0003386893,7.850800000000001e-05,7.850800000000001e-05,0.00043344555,0.00043344555,0.0,0.0,0.00045115690000000006,0.00045115690000000006,0.0007302862499999999,0.0007302862499999999,0.0003229233833333333,0.0003229233833333333,0.00023211402222222223
2024-01-19 00:00:00+00:00,0.00020037699999999998,0.00020037699999999998,-0.0005787962,-0.0005787962,0.0001247378,0.0001247378,0.00014922674999999995,0.00014922674999999995,0.00022908055000000002,0.00022908055000000002,-5.144350000000007e-06,-5.144350000000007e-06,0.0,0.0,0.00012526350000000003,0.00012526350000000003,0.00010960999999999996,0.00010960999999999996,3.937278333333333e-05,3.937278333333333e-05,-5.365646666666668e-05
2024-01-20 00:00:00+00:00,0.0003098799500000001,0.0003098799500000001,-0.0008437484,-0.0008437484,3.5164500000000127e-06,3.5164500000000127e-06,9.62229e-05,9.62229e-05,0.0004159500000000001,0.0004159500000000001,9.010534999999999e-05,9.010534999999999e-05,0.0,0.0,4.320580000000002e-05,4.320580000000002e-05,-7.354999999999985e-07,-7.354999999999985e-07,1.2710727777777798e-05,1.2710727777777798e-05,-6.676528888888887e-05
2024-01-21 00:00:00+00:00,7.49699e-05,7.49699e-05,-0.0008641857500000001,-0.0008641857500000001,-6.565350000000011e-06,-6.565350000000011e-06,0.0006991508499999999,0.0006991508499999999,8.650045e-05,8.650045e-05,0.00047618905000000003,0.00047618905000000003,3.059654999999999e-05,3.059654999999999e-05,1.1575000000000351e-07,1.1575000000000351e-07,2.8599799999999983e-05,2.8599799999999983e-05,5.837458333333331e-05,5.837458333333331e-05,0.00015566622222222226
2024-01-22 00:00:00+00:00,-0.0002745002,-0.0002745002,-0.00048597109999999995,-0.00048597109999999995,-7.69890000000001e-06,-7.69890000000001e-06,0.00057091615,0.00057091615,9.596480000000003e-05,9.596480000000003e-05,7.576650000000006e-06,7.576650000000006e-06,0.000474059,0.000474059,4.672715000000002e-05,4.672715000000002e-05,4.03329e-05,4.03329e-05,5.193405000000001e-05,5.193405000000001e-05,-9.465128888888888e-05
2024-01-23 00:00:00+00:00,-0.00033550889999999997,-0.00033550889999999997,-0.00031512239999999996,-0.00031512239999999996,-7.692644999999999e-05,-7.692644999999999e-05,0.0002125017,0.0002125017,7.518545000000001e-05,7.518545000000001e-05,4.35345e-05,4.35345e-05,4.267225000000001e-05,4.267225000000001e-05,0.0,0.0,-0.00017430875,-0.00017430875,-5.86636222222222e-05,-5.86636222222222e-05,-0.0002138044
2024-01-24 00:00:00+00:00,-0.00017860480000000001,-0.00017860480000000001,-0.0001940244,-0.0001697644,0.00015772685,0.00015772685,0.00013150685000000003,0.00013150685000000003,-3.3479649999999994e-05,-3.3479649999999994e-05,-0.00041826005,-0.00041826005,1.5493949999999998e-05,1.5493949999999998e-05,-3.9545e-05,-3.9545e-05,-5.772599999999999e-05,-5.772599999999999e-05,-6.854580555555556e-05,-6.585025e-05,-0.00014023900555555556
2024-01-25 00:00:00+00:00,-0.0004947959999999999,-0.0004947959999999999,-1.078299999999994e-06,-1.0178300000000007e-05,0.0002269929,0.0002269929,0.00045117645000000006,0.00045117645000000006,-9.513705e-05,-9.513705e-05,-7.136304999999999e-05,-7.136304999999999e-05,1.307800000000008e-06,4.617800000000003e-06,-8.872969999999999e-05,-8.872969999999999e-05,-0.00018013865,-0.00018013865,-2.7973955555555527e-05,-2.8617288888888872e-05,-8.796291111111111e-05
2024-01-26 00:00:00+00:00,-0.000325866,-0.000325866,-0.0001937705,-0.0001937705,3.9563850000000006e-05,3.9563850000000006e-05,6.691374999999997e-05,6.691374999999997e-05,2.1238549999999997e-05,2.1238549999999997e-05,-0.000217429,-0.000217429,5.079139999999999e-05,5.079139999999999e-05,-0.00012463875,-0.00012463875,1.6852300000000015e-05,1.6852300000000015e-05,-7.403826666666668e-05,-7.403826666666668e-05,-0.0003356211777777778
2024-01-27 00:00:00+00:00,-0.00032092385,-0.00032092385,-0.00036988685,-0.00038613685,-7.005855e-05,-7.005855e-05,0.00033357925000000006,0.00033357925000000006,8.979575e-05,8.979575e-05,5.9081650000000024e-05,4.310665000000002e-05,1.4958800000000015e-05,1.4958800000000015e-05,-9.123500000000078e-07,-9.123500000000078e-07,-1.4011750000000022e-05,-2.4016750000000014e-05,-3.0930877777777774e-05,-3.5623099999999994e-05,-0.00030449156666666666
2024-01-28 00:00:00+00:00,-7.359250000000011e-06,-7.359250000000011e-06,3.940900000000014e-06,-2.0190999999999884e-06,-2.7996500000000016e-05,-4.1666500000000005e-05,0.00024890695,0.00024890695,0.00013135119999999997,0.00011573619999999999,9.339999999999995e-06,0.0,0.00026838855,0.00026838855,0.0,0.0,0.00013857955,0.00013857955,8.50168222222222e-05,8.006293333333333e-05,-0.0003967896944444445
2024-01-29 00:00:00+00:00,-4.722850000000011e-06,-4.722850000000011e-06,4.4836999999999984e-05,-1.0073000000000017e-05,-0.00014153585000000002,-7.401585000000001e-05,0.0002960789,0.0002960789,0.00011260305000000002,0.00013793805,0.0,0.0,0.0003898982,0.0003898982,-2.6289500000000043e-06,-2.6289500000000043e-06,0.00040733085000000004,0.00036468085,0.00012242892777777778,0.00012190614999999999,-1.9145350000000005e-05
2024-01-30 00:00:00+00:00,0.0,0.0,-0.00020072025000000002,-0.00015043525,-0.00012342320000000001,-0.00012771320000000002,0.0004398749,0.0004398749,-1.8947599999999988e-05,-3.7025999999999936e-06,9.657049999999999e-05,9.657049999999999e-05,0.00035698075000000005,0.00035698075000000005,-2.0762349999999993e-05,-2.0762349999999993e-05,0.0003781311,0.00034777610000000003,0.00010085598333333335,0.00010428765,-8.888992222222222e-05
2024-01-31 00:00:00+00:00,-9.538945e-05,-9.538945e-05,3.6960649999999997e-05,3.6960649999999997e-05,-0.0003111183,-0.0003289183,8.231950000000002e-05,8.231950000000002e-05,1.4075650000000018e-05,-4.9493499999999885e-06,0.00010546690000000003,0.00010546690000000003,0.0003924049999999999,0.0003924049999999999,0.0002652634,0.0002652634,0.0007444976999999999,0.0007161626999999999,0.00013716456111111108,0.0001299245611111111,-4.285997222222226e-05
2024-02-01 00:00:00+00:00,-0.0001902377,-0.0001902377,0.0,0.0,-0.00021319240000000002,-0.00020893239999999997,6.744290000000002e-05,6.744290000000002e-05,-3.4393150000000005e-05,-2.370815e-05,-0.00018657304999999998,-0.00018657304999999998,-7.857600000000011e-06,-7.857600000000011e-06,-8.841165e-05,-8.841165e-05,-0.0003655252,-0.00038701520000000006,-0.00011319420555555556,-0.00011392142777777778,-0.0001407919
2024-02-02 00:00:00+00:00,-0.0004877867,-0.0004877867,-0.0001363223,-0.0001363223,-9.09727e-05,-6.81327e-05,3.977199999999994e-06,3.977199999999994e-06,-2.8062650000000008e-05,2.3267349999999987e-05,-0.0005307168,-0.0005307168,5.918940000000001e-05,5.918940000000001e-05,0.0,0.0,-0.0003592683,-0.0003753783,-0.00017444031666666665,-0.00016798920555555555,-0.00025203375555555554
2024-02-03 00:00:00+00:00,-0.00030780244999999997,-0.00030780244999999997,-1.0148049999999998e-05,-1.0148049999999998e-05,-4.0478e-06,9.462200000000007e-06,1.7580950000000007e-05,1.7580950000000007e-05,-4.0718200000000006e-05,-5.228200000000005e-06,-0.0003625496,-0.0003625496,-9.42744999999999e-06,-9.42744999999999e-06,0.0,0.0,-2.6152150000000003e-05,-2.6152150000000003e-05,-8.258497222222221e-05,-7.714052777777776e-05,-0.0003699608833333333
2024-02-04 00:00:00+00:00,-0.00021141414999999996,-0.00021856914999999997,-2.873700000000014e-06,-2.873700000000014e-06,-0.00014575124999999998,-0.00013849624999999997,2.0148399999999988e-05,2.0148399999999988e-05,-0.00024203305000000002,-0.00017078805000000002,-0.00032766610000000004,-0.00032766610000000004,-2.8959399999999996e-05,-2.8959399999999996e-05,0.0,0.0,-3.374015e-05,-3.511015000000001e-05,-0.00010803215555555556,-0.00010025715555555555,-0.00011844227222222224
2024-02-05 00:00:00+00:00,-0.0002727752,-0.0002727752,-6.8035e-05,-6.8035e-05,-2.9750750000000006e-05,-3.719575000000001e-05,2.51855e-05,2.51855e-05,8.427885e-05,0.00011695385,-6.60296e-05,-6.60296e-05,0.0,0.0,-3.6114599999999995e-05,-3.6114599999999995e-05,-0.00010251424999999999,-0.00010251424999999999,-5.175056111111111e-05,-4.894722777777777e-05,-0.0002859657888888889
2024-02-06 00:00:00+00:00,-3.761665e-05,-3.761665e-05,-0.00013019755,-0.00012620755,-2.3527699999999988e-05,-1.5302699999999985e-05,0.0,0.0,-2.5778200000000017e-05,1.2446799999999972e-05,0.0,0.0,0.0,0.0,0.0,0.0,-0.00015109985,-0.00015109985,-4.091332777777778e-05,-3.530888333333333e-05,-0.00023541140000000004
2024-02-07 00:00:00+00:00,0.00019695290000000003,0.00019695290000000003,-0.00020391770000000001,-0.0002124927,-3.078870000000002e-05,-4.7173700000000005e-05,4.001805000000001e-05,4.001805000000001e-05,-0.00019241130000000002,-0.0001853513,0.0,0.0,-1.0973049999999997e-05,-1.0973049999999997e-05,0.0002660205,0.0002660205,0.00018377285,0.00016185285,2.7630394444444444e-05,2.3205950000000004e-05,-0.0003223528944444445
2024-02-08 00:00:00+00:00,-5.057935000000001e-05,-3.636935000000003e-05,-0.0001559289,-0.0001559289,4.789095000000001e-05,2.648095000000001e-05,0.00013025384999999998,0.00013025384999999998,6.402849999999999e-05,6.95485e-05,0.00013366064999999997,0.00013366064999999997,3.563935000000003e-05,3.563935000000003e-05,0.00010416420000000003,0.00010416420000000003,0.0004986678499999999,0.0004986678499999999,8.975523333333332e-05,8.956856666666665e-05,-0.00022325619444444448
2024-02-09 00:00:00+00:00,-1.0726249999999982e-05,9.250875000000001e-05,8.726970000000002e-05,8.726970000000002e-05,0.00036593349999999993,0.0003783385,0.0005710094,0.0005710094,5.9450149999999965e-05,6.0390149999999986e-05,0.00030180720000000003,0.00030180720000000003,0.00023087005000000003,0.00023087005000000003,0.00028331630000000003,0.00028331630000000003,0.000494449,0.000494449,0.0002648198944444444,0.0002777732277777778,5.674281111111111e-05
2024-02-10 00:00:00+00:00,0.00012160829999999996,0.00010236329999999996,0.00015452395000000002,0.00015452395000000002,0.00051964775,0.00054885275,0.0007360900999999999,0.0007504200999999999,0.0003118906,0.00031622559999999994,0.00054000945,0.00049281445,0.00043519724999999994,0.00043519724999999994,0.0002864502,0.0002864502,0.0012931927500000001,0.00124391275,0.0004887344833333333,0.0004811955944444444,0.00040516448333333333
2024-02-11 00:00:00+00:00,0.0003438252,0.0003438252,0.0006909657999999999,0.0006909657999999999,0.00029147375000000003,0.00028167875000000003,0.0009600435499999999,0.0009600435499999999,0.00046307624999999996,0.00045031625,0.0010768222999999997,0.0010768222999999997,0.0007016112999999999,0.0007016112999999999,0.00052961035,0.00052961035,0.0007664066,0.0007664066,0.0006470927888888888,0.0006445866777777777,0.0005137594555555554
2024-02-12 00:00:00+00:00,0.00013691509999999997,0.00013691509999999997,0.00122177735,0.00122177735,0.00012357219999999998,0.00012357219999999998,0.0006980701499999999,0.0006980701499999999,0.00023768959999999998,0.00021164959999999997,0.0014774577000000002,0.0014774577000000002,0.00028419615000000007,0.00028419615000000007,0.0010012533,0.0010012533,0.00058093945,0.00058093945,0.0006402078888888889,0.0006373145555555556,0.0006402078888888889
2024-02-13 00:00:00+00:00,0.00039564595,0.00039564595,0.00042473985000000006,0.00042473985000000006,0.0006427805000000001,0.0006427805000000001,0.0009814977,0.0009814977,4.163149999999986e-06,6.681499999999747e-07,0.0010414837999999998,0.0010414837999999998,0.00066261235,0.00066261235,0.0009565759000000001,0.0010141659,0.00027750999999999996,0.00027750999999999996,0.0005985565777777777,0.0006045671333333333,0.000471159561111111
2024-02-14 00:00:00+00:00,0.00025511245,0.00025511245,0.00123049315,0.00121183315,0.00040420379999999995,0.00040420379999999995,0.001305384,0.0013019089999999997,0.0005373689000000001,0.0005240889,0.0006889254499999999,0.0006889254499999999,0.0007074643000000002,0.0007830193,0.0012504903999999999,0.0014221254000000001,0.00015270915000000003,9.319915000000006e-05,0.0007257946222222222,0.0007427129555555556,0.0006199268444444444
2024-02-15 00:00:00+00:00,0.00027753505,0.00033221005,0.001502594,0.001488464,0.00040637365,0.00041202365,0.00144132695,0.0015376019499999999,0.0005754053000000001,0.0005247203,0.0013940152000000003,0.0013698552000000002,0.00095536425,0.0009700742499999999,0.0010529419,0.0011809669000000002,0.00034983745,0.00038592745000000004,0.0008839326388888889,0.0009113159722222222,0.0007434243055555556
2024-02-16 00:00:00+00:00,0.0006647872,0.0007844471999999999,0.00081741795,0.0006583229499999999,0.00030048185,0.00027256685,0.00129669095,0.00122657595,0.0002887862,0.00019841619999999997,0.0012531122,0.0011426472000000002,0.0007010203,0.0007276553,0.00036634624999999996,0.00047305124999999997,8.369465000000001e-05,0.00012022465000000001,0.0006413708388888888,0.0006226563944444445,0.00058465195
2024-02-17 00:00:00+00:00,-4.058184999999999e-05,0.00010885814999999998,5.878585000000004e-05,0.00015179085000000003,3.718565000000001e-05,3.718565000000001e-05,0.0006820527,0.0006750877,0.0001638185,9.828349999999996e-05,0.0005960391000000001,0.0005544991,0.0017855041499999999,0.0017021641499999998,8.007389999999993e-05,0.00019868389999999996,0.00026202795,0.00038686795,0.00040276732777777774,0.00043482454999999997,0.00023491079444444443
2024-02-18 00:00:00+00:00,-0.00025065185000000003,-0.00025753184999999994,8.403000000000054e-07,-1.1079700000000037e-05,0.00023381615,0.00026402114999999997,0.000574472,0.000602667,7.449764999999998e-05,9.209264999999998e-05,0.00035917810000000007,0.0003933431,0.0014901320000000001,0.0013032819999999998,-0.00019180235000000004,-9.049235000000004e-05,0.00040296045000000005,0.0006086054500000001,0.0002992713833333333,0.00032276749444444443,3.3355061111111094e-05
2024-02-19 00:00:00+00:00,-1.4516349999999944e-05,8.555364999999995e-05,-1.1179199999999945e-05,4.0700800000000015e-05,5.6279199999999995e-05,0.00014370919999999996,0.0008797941000000002,0.0008663141,-2.9730999999999928e-06,-1.755309999999999e-05,0.0008416742499999999,0.00100300425,0.0008811903500000001,0.00097161535,0.00012719079999999995,0.00031063579999999997,5.386649999999994e-05,0.00021847649999999995,0.0003123696166666667,0.0004024951722222221,5.324279999999998e-05
2024-02-20 00:00:00+00:00,7.011565e-05,0.00018273564999999987,0.0002858018,0.00019114680000000003,2.442749999999993e-06,3.137775000000002e-05,0.0009904147499999998,0.00103986975,0.00053431175,0.00053431175,0.0010725224000000002,0.0011105174,0.0010964288000000003,0.0011846038,0.00019521600000000004,0.000329671,0.00011900064999999994,0.00024866065,0.0004851393944444445,0.0005392105055555557,0.0002351302
2024-02-21 00:00:00+00:00,-0.00020372754999999995,-0.00011945754999999998,0.00014939450000000002,8.340450000000009e-05,3.0179000000000004e-05,8.833900000000001e-05,0.0007109113000000002,0.0006673963000000001,0.00014090575,0.00019867075,8.475359999999995e-05,6.654359999999995e-05,0.0005028127999999999,0.0006303177999999999,-0.00023436765000000003,-5.7887650000000015e-05,0.00016689005,0.00024742005000000006,0.00014975020000000002,0.00020052742222222223,-2.8010866666666666e-05
2024-02-22 00:00:00+00:00,2.712025e-05,7.208024999999999e-05,-2.0053249999999976e-05,1.6011750000000008e-05,7.554669999999998e-05,8.175669999999999e-05,0.0002248653,0.0002248653,8.439245e-05,0.00014430745,0.00021380124999999999,0.00023016124999999997,4.602750000000005e-05,0.00015483750000000002,-0.00010504575,-3.229575e-05,0.00030640260000000004,0.00045287760000000006,9.478411666666669e-05,0.00014940022777777779,-1.4896466666666674e-05
2024-02-23 00:00:00+00:00,7.709549999999993e-06,0.00010085955,-6.925250000000016e-06,1.424474999999998e-05,-4.517249999999964e-06,2.566775000000002e-05,0.000975127,0.001022137,0.00017639089999999996,0.00017639089999999996,0.0007332509,0.0007209259,0.0005111288,0.0006136787999999999,-0.00014699695,1.249305000000002e-05,0.00020481929999999988,0.0003335142999999999,0.0002722207777777778,0.00033554577777777776,8.214682777777776e-05
2024-02-24 00:00:00+00:00,8.930485e-05,0.00027413985000000003,-4.3056700000000004e-05,-5.936699999999966e-06,3.1116999999999967e-05,4.607199999999999e-05,5.970749999999994e-05,0.00019324249999999994,0.00014200339999999998,0.00014200339999999998,0.0002948065,0.00028458650000000004,0.0006399131,0.0008689780999999999,-0.00016455139999999998,4.600359999999999e-05,0.00029237950000000006,0.0004977995000000001,0.00014906930555555554,0.00026076541666666665,0.00010785039444444444
2024-02-25 00:00:00+00:00,-0.00016237015000000006,8.129484999999998e-05,-0.00013088739999999994,-1.0497400000000045e-05,9.097194999999999e-05,8.768195e-05,0.00021065109999999997,0.0002820361,-5.11336e-05,-5.11336e-05,9.752570000000003e-05,0.00018960070000000005,0.0002841791500000001,0.0005827241500000001,-0.00021462500000000003,-6.700000000000003e-05,6.428384999999997e-05,0.00016146384999999995,2.095506666666668e-05,0.00013957451111111112,-5.876916666666672e-06
2024-02-26 00:00:00+00:00,0.0003131257,0.0005105207,-0.0001477493,-0.00014332929999999995,3.4289250000000055e-05,9.184925000000004e-05,0.0005987817499999999,0.0007585767499999999,0.0005313141,0.0006661441000000001,0.0007283626000000001,0.0007712226000000001,0.00025637375,0.00029511875,-0.000235673,-4.9702999999999954e-05,0.0001307383999999999,9.613839999999989e-05,0.00024550702777777775,0.00033294869444444445,0.00022306587222222223
2024-02-27 00:00:00+00:00,0.0005193189999999999,0.0008452639999999998,0.0005107887,0.0005861137,1.1161799999999902e-05,0.00023893679999999998,0.0007566942499999999,0.00080752425,0.00016100814999999994,0.0003486731499999999,0.0005073179999999999,0.00048324299999999995,0.00061855015,0.0008201501499999999,-0.00020785339999999995,6.524160000000004e-05,0.0004949260999999998,0.0005614960999999999,0.0003746569722222222,0.000528515861111111,0.0003765079055555555
2024-02-28 00:00:00+00:00,0.0006261424500000001,0.0007520124500000001,0.00034438160000000004,0.0005079466000000001,9.220965000000004e-05,0.0001176196500000001,0.0017141990000000002,0.0016479240000000003,0.00027470949999999994,0.0006564394999999999,0.0008805402000000001,0.0007905502000000001,0.00076372915,0.0011720241499999999,4.719e-05,0.00012178499999999997,0.0008036930999999999,0.0006331430999999999,0.0006163105166666666,0.0007110494055555556,0.00061402885
2024-02-29 00:00:00+00:00,-0.00015971820000000014,7.166179999999991e-05,0.0004383043500000001,0.00058990935,0.0015073824500000002,0.0015626574500000002,0.0026460011500000005,0.0025262111500000003,0.0006909335999999999,0.0010152286,0.0010711050000000001,0.0011389100000000004,0.0006119880500000001,0.00089227805,-0.00025583535,-4.623034999999998e-05,0.00153752125,0.0014981512499999995,0.0008986313666666668,0.0010276419222222223,0.0009633023555555557
2024-03-01 00:00:00+00:00,0.00025228800000000003,0.00040670799999999993,0.00147687245,0.00145796745,0.0004423206999999998,0.0004386056999999998,0.0022108494,0.0015086394,-0.00015846444999999983,0.00010637054999999996,0.00100218115,0.00110465115,0.00037573995000000004,0.0003607499499999999,-7.075535000000018e-05,6.784964999999984e-05,0.0014448910999999998,0.0014342111000000002,0.0007751025499999999,0.0007650836611111111,0.00060727475
2024-03-02 00:00:00+00:00,-6.743189999999993e-05,0.00012458310000000008,0.0013503285000000002,0.0013789335000000005,0.00012632364999999997,0.0003518686499999999,0.0017021604000000002,0.0017115054,-0.00024587835000000006,7.104664999999997e-05,0.00028272960000000005,0.0004250296000000001,7.847749999999949e-06,0.00015241775000000005,0.00020959739999999998,0.0003002424000000001,0.0006120071500000001,0.0008059471499999999,0.0004419649111111112,0.0005912860222222223,0.00031498716111111124
2024-03-03 00:00:00+00:00,0.0001781697999999999,0.0002828298000000002,0.0008435307500000001,0.0008799857499999998,0.00016337844999999998,0.00041614844999999996,0.00118155105,0.0007417210500000001,-0.0002535272499999999,6.198775000000004e-05,0.0005599046000000002,0.0009885696000000001,0.00015882409999999994,0.0002510290999999999,0.0002012375499999998,0.00026323755000000023,0.0005221756000000001,0.0008477006000000002,0.0003950271833333333,0.0005259121833333333,0.0005140629888888889
2024-03-04 00:00:00+00:00,0.00015777019999999983,3.54152000000001e-05,0.0004742913999999998,0.0004926013999999999,0.00074665875,0.00069741375,0.0028711588000000002,0.0023597038,5.957780000000004e-05,0.00016498280000000002,0.00031080845000000014,0.0006093534500000001,0.0005076221499999999,0.00045030714999999994,0.00027324945000000003,0.00031898445000000007,0.00105867445,0.0009059694500000002,0.0007177568277777778,0.0006705257166666667,0.00054753405
2024-03-05 00:00:00+00:00,-0.00021412584999999992,-0.00040160085,0.0005278949000000001,0.0003941748999999999,0.0007783508,0.0006239507999999999,0.0036630959,0.0022651409,0.00048068614999999997,0.00066715615,0.0004903189500000001,0.0005658689500000001,0.00023960285000000002,0.00013691285000000007,0.0006587774999999999,0.0006479925,0.0006146015500000001,0.0005934765500000001,0.0008043558611111112,0.0006103414166666667,0.0007685499388888889
2024-03-06 00:00:00+00:00,0.0002265076000000002,0.00020976760000000018,0.0008360600499999998,0.0007410750499999999,0.0019645431999999997,0.0016404431999999997,0.0033366726499999997,0.00239826265,0.00028813655000000006,0.00028712655000000015,0.0006483470499999999,0.00074854705,0.00033445530000000004,0.00022124029999999974,0.0018761931499999996,0.00202578315,0.0005317235,0.0006116584999999999,0.001115848783333333,0.0009871004499999998,0.0009747071166666665
2024-03-07 00:00:00+00:00,0.00039579700000000003,0.0005174120000000001,0.00100912515,0.0011092301500000002,0.00137564565,0.00147178065,0.0019531442,0.0020586042,0.0008526651000000002,0.0008316350999999999,0.00047170965,0.0006129696500000001,0.0010800424500000002,0.0012296274500000002,0.0022571696,0.0022441646,0.0009117092000000001,0.0010139192000000001,0.001145223111111111,0.0012321492222222223,0.0009692642222222222
2024-03-08 00:00:00+00:00,0.0003147361000000002,0.00040029110000000003,0.000558969,0.0004568189999999999,0.0004986417,0.0006170167000000001,0.0012524609,0.0013962409,6.569299999999993e-05,0.00014056800000000004,9.972485000000004e-05,0.0003336248500000001,0.0008479237999999999,0.0010180388,0.0003436986499999998,0.00021446364999999984,0.0008227107000000002,0.0007222807000000002,0.0005338398555555555,0.0005888159666666668,0.0004923509666666668
2024-03-09 00:00:00+00:00,0.00045905980000000005,0.0003896348000000001,0.0006672395,0.0006774394999999999,0.0006314645,0.0005925295000000001,0.0007827664499999999,0.0008430814499999998,-3.0798450000000044e-05,1.6776549999999964e-05,0.00036056244999999986,0.00036111745,0.00027528000000000014,0.0002992300000000001,0.0005925610499999998,0.0005112160499999999,0.0008188231999999998,0.0004972231999999998,0.0005063287222222221,0.0004653609444444445,0.00034781688333333327
2024-03-10 00:00:00+00:00,0.0013425649000000002,0.0013509249,0.0015417025,0.0016454774999999997,0.00057184975,0.00056791475,0.0019142840000000003,0.0020069090000000003,0.0005146599,0.00044427989999999993,0.0008692982499999999,0.0008834932499999999,0.0008844538999999999,0.0009917988999999998,0.0005165661500000001,0.0007992311500000002,0.0007666080499999998,0.00072506305,0.0009913319333333332,0.0010461213777777777,0.0009256613777777777
2024-03-11 00:00:00+00:00,0.0006664327,0.0007580026999999999,0.0008001476999999998,0.0008286176999999998,0.00024956830000000003,0.00020627829999999995,0.0006934515000000004,0.0007328615000000001,0.00025869405,0.00019939405000000003,0.0007493508000000001,0.0006976658,0.0006959715000000002,0.0008960465000000001,0.0005459526500000002,0.0006763026500000002,0.0006931431499999998,0.0005411531499999998,0.0005947458166666667,0.0006151469277777777,0.0006047319277777777
2024-03-12 00:00:00+00:00,0.00025129065,0.00024714065,6.684339999999993e-05,0.00024449340000000006,-0.00017397125,-0.00024306124999999999,0.00041765195,0.0008016469499999999,-0.0002462868000000001,-0.0002415118,0.00048043874999999995,0.00083719375,8.573930000000008e-05,0.0003870693,0.00045568209999999993,0.0005430570999999999,0.00038028909999999994,0.00043495409999999996,0.00019085302222222216,0.00033455357777777774,0.0002210059222222222
2024-03-13 00:00:00+00:00,-0.00015939724999999993,-0.0001365172500000001,0.00020570105000000018,0.00019030104999999992,0.00041284230000000006,0.0003150323000000001,0.0006004225,0.0006372325,-4.7231300000000125e-05,3.3343699999999957e-05,0.00027399349999999994,0.0002505085,0.00011930485000000012,-2.294015e-05,-0.0002626018000000001,-0.0002505818,0.0005247915500000001,0.00045078655000000014,0.00018531393333333335,0.00016301837777777775,-5.562444999999996e-05
2024-03-14 00:00:00+00:00,-0.00042972650000000013,-0.0005513464999999999,0.0005556333500000002,0.0007425933500000002,0.00041517845000000003,0.00032589345000000005,0.0014059318,0.0014818968000000002,0.00026101774999999993,0.00033272275000000007,0.00126400305,0.0011338780499999999,0.0010354881499999998,0.00092537815,1.167435000000009e-05,-4.901564999999999e-05,0.0012121016,0.0009284315999999998,0.0006368113333333334,0.0005856035555555556,0.0005662245166666666
2024-03-15 00:00:00+00:00,-5.8280499999999904e-05,-0.00031295049999999984,0.00014352770000000003,0.0001427577000000002,0.00060593985,0.00047855485,0.0018939268500000003,0.0014370618500000002,0.0007115376,0.0006566975999999999,0.00102407375,0.0009211637500000001,0.0013928885,0.0010988385,0.0004855757499999999,7.540574999999963e-05,0.0007883132,0.0006184582,0.000776389188888889,0.0005684430777777778,0.0006398592999999999
2024-03-16 00:00:00+00:00,-0.00036037324999999996,-0.0006483532500000001,-0.00017845745000000002,-0.00016437745,0.0004887901,0.0004748101,0.0003653583000000001,0.00037415329999999995,0.0006459397,0.0006013546999999999,0.00028007485,0.00019652485000000005,0.00037453004999999994,0.00021014505000000003,2.6211899999999826e-05,-0.00032537310000000004,0.00033055665,0.0002495566499999999,0.00021918120555555556,0.00010760453888888886,0.00027471559444444443
2024-03-17 00:00:00+00:00,-0.00022020560000000002,-0.00014070560000000002,-6.296255000000008e-05,0.00019126745,-9.597050000000032e-06,0.00011047794999999999,-3.40417e-05,0.00011701829999999999,0.0003366337499999999,0.0004936687499999999,0.00038633650000000004,0.0003568015,0.0004256907,0.0005117006999999999,0.00031082000000000006,0.00023591000000000015,0.00028391775,0.00034921775,0.0001573990888888889,0.00024726186666666663,-4.474285555555556e-05
2024-03-18 00:00:00+00:00,0.00027416739999999994,7.285739999999993e-05,-0.00013893539999999997,-7.413540000000001e-05,0.00029060095000000007,0.00037235095,-0.00010353475,5.390524999999996e-05,0.0005957155999999999,0.0006357506,0.00034989675,0.00029146675000000003,-3.156500000000001e-05,0.0,0.00015122755,0.00011141754999999999,0.0002856508000000001,0.00041048080000000007,0.00018591376666666668,0.00020823265555555554,5.4472161111111095e-05
2024-03-19 00:00:00+00:00,0.00030538170000000015,5.0066700000000033e-05,0.00033765994999999997,0.0005826999499999999,-3.6485999999999955e-05,8.458399999999999e-05,0.00062774645,0.00082642145,0.0003200732500000001,0.00047530325000000014,0.0005888045,0.0005436395,0.00016157715,0.00024264715000000005,0.0007108640000000001,0.0005505190000000001,-9.533475e-05,-5.3559749999999944e-05,0.00032447625000000006,0.0003669245833333333,0.0001720585277777778
2024-03-20 00:00:00+00:00,0.00019108354999999998,0.00025439354999999997,0.00064959895,0.0007575489499999999,9.405309999999994e-05,0.0003363730999999999,-6.717249999999997e-05,7.785749999999999e-05,4.01465e-05,0.0001500715,0.00011636305000000007,0.00019552305000000006,-1.2109749999999992e-05,4.5160250000000005e-05,7.101520000000004e-05,0.0001597952,-0.00020610725,-9.997225e-05,9.743009444444446e-05,0.0002085278722222222,-1.5320822222222263e-05
2024-03-21 00:00:00+00:00,0.00033482455000000003,0.0004010745500000001,4.0990800000000014e-05,5.37708e-05,-2.8133500000000126e-06,6.836165e-05,0.00019192494999999995,0.00036633995,0.00011207999999999998,0.00014256000000000002,0.00030128895,0.00033852895,0.00026236495,0.00034394495000000005,0.0015816197,0.0016872047,-9.287999999999999e-05,0.0,0.0003032667277777778,0.0003779761722222222,0.00025527543333333337
2024-03-22 00:00:00+00:00,0.00017935289999999998,0.00037720790000000004,0.0004221896,0.00048074960000000003,-6.143185000000002e-05,3.465314999999997e-05,0.00107312285,0.00115994285,-8.704799999999939e-06,5.769020000000001e-05,0.0006265938999999999,0.0006833538999999999,0.0005517435,0.0005517435,0.00123094075,0.00111386575,-0.0001250165,3.1003500000000016e-05,0.00043208781666666664,0.0004989122611111111,0.0003558265
2024-03-23 00:00:00+00:00,-2.1445799999999994e-05,3.7799200000000016e-05,0.00020157359999999994,0.0002866086,-6.4235e-06,3.48965e-05,0.0009238733000000001,0.0009013433,-2.5017400000000026e-05,4.585259999999998e-05,0.00070311665,0.00084612165,0.0007160883,0.0008120533000000002,0.0010205463500000001,0.00110597635,2.8149999999992394e-08,1.9478149999999996e-05,0.0003902599611111111,0.00045445884999999994,0.00019400757777777783
2024-03-24 00:00:00+00:00,-6.988774999999999e-05,-6.742750000000035e-06,0.00033139755,0.00041850755000000006,-2.076049999999992e-06,1.953950000000004e-06,0.00075374745,0.0007880474499999999,-3.4584999999999975e-05,-3.974e-05,0.00075088785,0.00082203285,0.0006342827999999998,0.0008145977999999999,0.0014584058000000003,0.0014894908,-3.463424999999998e-05,5.124575000000001e-05,0.00042083760000000007,0.0004821548222222222,0.00014316046666666663
2024-03-25 00:00:00+00:00,-5.470949999999974e-06,-2.8635950000000005e-05,7.791370000000002e-05,0.00011753870000000002,0.00013563939999999998,0.0001898944,0.0005826448000000001,0.00042892480000000007,-8.758814999999997e-05,-1.2381499999999972e-06,0.00047574280000000003,0.0005664978000000001,0.0008772533500000002,0.0009471933500000002,0.00122017395,0.0012754689500000002,-2.231424999999999e-05,8.423575000000001e-05,0.0003615549611111111,0.0003977644055555556,0.00011926401666666672
2024-03-26 00:00:00+00:00,0.0007931814500000002,0.0005599114500000001,0.0004572664499999999,0.00064139645,0.0005243302999999999,0.0006497003,0.0010162726,0.0008726826000000002,0.00016323954999999994,0.00015135954999999992,0.0008511273500000001,0.0008692923500000001,0.0010770732999999999,0.0010730933000000001,0.0013748322,0.0012881371999999998,0.00019550474999999997,0.00019391475,0.0007169808833333332,0.0006999431055555557,0.0004867214388888889
2024-03-27 00:00:00+00:00,0.00040939344999999997,7.853844999999996e-05,0.0014859460500000004,0.0014582460500000003,0.00021206424999999993,0.00021947424999999992,0.00042319954999999994,0.00031205454999999995,0.00023079059999999997,0.0002531006,0.0005572157,0.0006964706999999999,0.0008056785000000001,0.0008143635000000002,0.0010693476499999998,0.0009632876499999999,0.00017389450000000007,0.00017516950000000006,0.0005963922499999999,0.0005523005833333333,0.00043849613888888886
2024-03-28 00:00:00+00:00,0.0003724767,0.00021363670000000012,0.00090052315,0.0007764631500000001,0.0004680963499999999,0.00037210635,0.0005379671500000001,0.00040537215000000014,0.00032389830000000003,0.00020738330000000005,0.00049322245,0.00067618745,0.00036856565,0.00048172064999999994,0.0005955402,0.0004676202000000001,0.00044464149999999997,0.0003920014999999999,0.0005005479388888889,0.0004436101611111112,0.0004001168277777778
2024-03-29 00:00:00+00:00,8.304355000000004e-05,-7.968145000000007e-05,0.0006207933000000001,0.0005188133,0.00030633129999999996,3.476629999999996e-05,0.0010519220999999999,0.0008105071,0.00016274205,7.813205000000005e-05,0.0001265067499999999,5.107674999999998e-05,0.00014839385,0.00020155385000000003,0.0005173051000000001,0.0003239201,0.0005344592999999998,0.0004923692999999999,0.0003946108111111111,0.0002701619222222222,0.0003204820833333333
2024-03-30 00:00:00+00:00,3.810759999999992e-05,-0.0002660974000000001,0.0006534962,0.0005174112000000001,0.0008726979000000002,0.0006723779000000001,0.00139438425,0.00102073925,0.00035800280000000017,0.00022378280000000004,7.942815000000005e-05,-2.6876849999999946e-05,0.0002380423,9.867299999999966e-06,0.0005123022,0.00028594720000000006,0.0007197752500000002,0.0003958102500000001,0.0005406929611111111,0.0003147735166666667,0.0004843567666666667
2024-03-31 00:00:00+00:00,-0.00012181839999999997,-0.00024341840000000005,0.0008199128500000001,0.0007905278500000003,0.0005795680500000002,0.00048706805000000013,0.0006922958500000001,0.00014699084999999988,4.673445e-05,-0.00012432554999999997,0.00018944804999999985,5.180499999999154e-07,0.00045233915,0.00030672415,0.0009655302,0.0007910952000000001,0.0010810149499999998,0.0008968949499999996,0.0005227805722222222,0.00033911946111111113,0.0004438430555555555
2024-04-01 00:00:00+00:00,-3.911599999999992e-05,-0.0003001210000000001,0.00025994445000000006,0.00030751945000000007,0.00045874939999999997,0.0003991593999999999,0.00124619075,0.0008164357499999999,7.01289999999999e-05,-3.779600000000014e-05,0.00025765405,0.00012838905,0.0004962651499999999,0.0002949351499999999,0.0007246739,0.0005161839000000001,0.0011217898499999998,0.0010121598499999997,0.0005106978388888889,0.0003485406166666666,0.000513432061111111
2024-04-02 00:00:00+00:00,-0.00018814439999999993,-0.00038936939999999995,0.00040184450000000006,0.0002313795000000002,0.0002898582000000001,0.00034633320000000006,0.0005886775,0.0006435375,-0.00018045795000000005,-0.0002106879500000001,9.834294999999995e-05,4.327294999999996e-05,0.00038720919999999997,0.00026798919999999996,0.0003282585,0.00016606850000000004,9.627859999999994e-05,4.6598600000000045e-05,0.00020242967777777781,0.00012723578888888893,0.0001446513111111111
2024-04-03 00:00:00+00:00,-2.9398199999999972e-05,-0.00014117319999999996,-9.532515e-05,-9.475515e-05,0.00018769850000000004,0.00015217850000000003,0.00025030494999999997,0.00021797494999999998,0.00033398385000000006,0.00017359385000000004,8.942864999999998e-05,4.5273649999999996e-05,0.00015685165000000004,0.00010473164999999997,0.00038162939999999995,0.0003030244,6.472590000000001e-05,2.7630900000000007e-05,0.00014887772777777777,8.760883888888892e-05,1.123569444444444e-05
2024-04-04 00:00:00+00:00,0.00015427595,0.00013457094999999995,-5.600000000000012e-06,-4.870000000000002e-05,0.00022858655000000008,0.00022858655000000008,0.0002485701,0.0002509901,0.00022516830000000006,0.00021891330000000007,6.62795e-05,6.62795e-05,0.00020892869999999998,0.00014994869999999995,0.00042152625000000006,0.0002928712500000001,1.6487349999999987e-05,5.205735e-05,0.00017380252222222223,0.00014950196666666668,6.279188888888896e-06
2024-04-05 00:00:00+00:00,-5.0688549999999943e-05,1.6714499999999791e-06,0.0001528031,0.0001453081,2.7724599999999982e-05,2.7724599999999982e-05,-3.8746450000000016e-05,2.2098549999999995e-05,0.00015267895,0.00015267895,4.839749999999999e-06,4.839749999999999e-06,0.0003583730000000001,0.0003557030000000001,0.0005509853,0.00048130030000000004,0.0002461606,0.00018653059999999995,0.00015601447777777782,0.00015309503333333334,-0.00018064378333333334
2024-04-06 00:00:00+00:00,0.00016783905,0.00012818905,0.00010324205000000002,0.00011306705,7.430240000000002e-05,7.430240000000002e-05,0.00015626230000000005,0.00019754230000000006,0.00027830555000000004,0.00027830555000000004,0.0,-4.349999999999997e-06,0.0002502145,0.00023798950000000006,-0.00024151995,-0.00020814495,-5.013119999999999e-05,-9.144119999999997e-05,8.205718888888891e-05,8.060663333333336e-05,-0.0001539742222222222
2024-04-07 00:00:00+00:00,0.00038577795000000007,0.00034950295,0.00014645004999999997,0.00012734005000000003,0.00032105515,0.00032105515,0.00063265215,0.00066954715,4.064920000000003e-05,7.430920000000002e-05,0.0,-0.00019521,0.00029123295000000005,0.00020745295,-3.983e-05,-6.802000000000002e-05,0.0,0.0,0.00019755416111111112,0.00016510860555555556,-7.204417222222222e-05
2024-04-08 00:00:00+00:00,0.00034556845,0.00025730345,0.00015653435000000004,0.00015653435000000004,0.00011997225000000003,0.00011997225000000003,0.00037825045000000005,0.00021493045000000005,5.570755000000002e-05,5.570755000000002e-05,0.00032996390000000005,0.00019812890000000003,7.143354999999996e-05,3.5928550000000024e-05,-0.00011993890000000001,-0.0001187689,0.0,-1.1449999999999988e-06,0.00014861017777777783,0.00010206573333333335,-2.5145111111111028e-06
2024-04-09 00:00:00+00:00,0.0005927156,0.00042657560000000004,0.00018374955000000003,0.00015054455000000007,0.00012942525000000002,0.00019875525000000003,0.00038535170000000005,0.00027531170000000006,-1.7565500000000516e-06,6.853845e-05,0.00014163555,8.250054999999992e-05,0.00012237800000000005,0.00011326300000000002,-0.0001915106,-0.0002282256,-6.914844999999997e-05,-0.00010656845,0.00014364889444444447,0.00010896611666666671,3.297188888888908e-06
2024-04-10 00:00:00+00:00,0.0005012212499999999,0.00039376624999999996,0.00010894945000000005,-8.200549999999946e-06,0.00030651845,0.00034294845,0.00012270964999999998,0.00019072964999999997,-1.5021449999999966e-05,-7.681449999999994e-06,-4.396369999999996e-05,-0.00016010370000000003,-6.9240000000000475e-06,-7.300900000000006e-05,-0.00022142779999999995,-0.0002886028,0.00031670165,0.00013120164999999998,0.00011875150000000001,5.789427777777776e-05,-8.99481666666667e-05
2024-04-11 00:00:00+00:00,0.00016885175000000004,9.916175000000005e-05,-0.00011020624999999999,-9.866625000000007e-05,0.00021660174999999995,0.00022859674999999995,0.00034766239999999997,0.00040983240000000003,0.0001059839,0.00015616390000000002,-3.6707149999999996e-05,7.828499999999986e-07,4.2798199999999986e-05,3.746319999999999e-05,-0.0001576423,-0.00021267730000000003,3.135394999999992e-05,7.350394999999992e-05,6.763291666666665e-05,7.712902777777776e-05,-0.00015526327777777777
2024-04-12 00:00:00+00:00,8.503175000000003e-05,0.00011685675,-5.104520000000001e-05,-7.637019999999999e-05,6.232615000000001e-05,0.00018180115000000001,0.0003125013500000001,0.00019765635000000008,1.8218550000000015e-05,4.563355e-05,-2.5271650000000017e-05,-3.234665000000001e-05,8.473099999999999e-06,-0.00012130189999999995,-0.00014453375000000003,-0.00022931375000000002,0.00035702094999999994,0.00046631095000000005,6.919125e-05,6.099180555555558e-05,-4.604144444444439e-06
2024-04-13 00:00:00+00:00,0.00019270155000000004,0.00020201655000000004,-2.4981900000000026e-05,-8.549189999999998e-05,0.00013393090000000005,0.00022944090000000003,0.0005724361,0.0005519760999999998,0.00020852700000000005,0.00020852700000000005,-4.244694999999999e-05,6.382305e-05,7.598974999999998e-05,4.127974999999993e-05,-0.00025954099999999996,-0.00022415599999999993,-8.386770000000004e-05,9.458230000000002e-05,8.586086111111112e-05,0.00012022197222222222,-5.353742222222222e-05
2024-04-14 00:00:00+00:00,0.0001462458,6.309580000000002e-05,-2.9216049999999996e-05,-2.666105e-05,0.00018189974999999997,0.00018189974999999997,0.00017871605000000003,0.00023036105000000004,0.0,0.0,-1.2389749999999982e-05,-1.2389749999999982e-05,-4.3325600000000004e-05,-4.3325600000000004e-05,-0.00014156835,-0.00014156835,-7.811499999999809e-07,-7.811499999999809e-07,3.106452222222223e-05,2.7847855555555566e-05,-0.00045073327222222234
2024-04-15 00:00:00+00:00,8.568129999999999e-05,0.00017322629999999998,0.00011844109999999998,0.00020581110000000003,0.0002632206,0.0002764406,0.00037724964999999997,0.00045134965,0.00010380349999999998,0.0002264285,4.116674999999999e-05,6.591174999999998e-05,2.738200000000017e-06,-0.00013430680000000003,-0.00019429799999999998,-0.000171698,0.00014831624999999998,0.00024225624999999997,0.00010514659444444443,0.00014837992777777778,-0.00026969253888888895
2024-04-16 00:00:00+00:00,0.0002368975,0.00027348250000000003,0.00018942,0.000265175,5.981500000000001e-05,0.00014371000000000002,0.00023587184999999996,0.00026446685,-3.397839999999999e-05,3.05866e-05,7.21724e-05,-1.197599999999992e-06,5.7879350000000003e-05,6.109435e-05,-0.00036461874999999997,-0.00043157375,7.235794999999998e-05,0.00011465795000000001,5.84241e-05,8.004465555555557e-05,1.0232822222222219e-05
2024-04-17 00:00:00+00:00,0.0003879954499999999,0.00039390044999999997,0.0001184234,0.0001728334,8.98887e-05,7.759869999999999e-05,0.00022293060000000002,8.664060000000001e-05,5.2225600000000004e-05,2.9650600000000004e-05,2.060249999999999e-05,-2.3832500000000003e-05,3.5192500000000006e-05,-4.675000000000027e-07,-0.0005903522,-0.0006144022,0.00016030084999999998,9.812585e-05,5.5245266666666664e-05,2.444971111111112e-05,-7.212035555555557e-05
2024-04-18 00:00:00+00:00,0.00036357180000000003,0.0003266268,0.00011298,0.00012553,0.00021834245000000002,0.00025697245000000005,0.00021534599999999997,0.000187231,0.0001155039,0.0002121739,0.00016470000000000002,4.1769999999999995e-05,0.00011038,4.251e-05,-0.0001612331,-0.0002571181,0.00029922955,0.00027317455,0.00015986895555555555,0.00013431895555555558,-4.388646666666668e-05
2024-04-19 00:00:00+00:00,0.00027438815,0.00027287314999999997,6.1265e-05,0.00012230500000000002,-0.00013416125,-7.550625000000001e-05,0.00014182125000000001,0.00017452625,5.4051249999999985e-05,6.263624999999998e-05,2.58414e-05,0.0001005164,3.247509999999999e-05,8.57351e-05,-0.00044264815,-0.00045663815000000004,5.097344999999998e-05,0.00015632344999999998,7.111800000000003e-06,4.919679999999999e-05,-4.8085555555555564e-05
2024-04-20 00:00:00+00:00,0.00022296105000000003,0.00021369105000000006,2.0640000000000002e-05,4.957e-05,9.534575e-05,7.951575e-05,0.00012923684999999999,0.00015758685,-2.6305100000000017e-05,-1.7765100000000014e-05,8.473999999999999e-05,4.411e-05,8.421365e-05,-1.3581349999999978e-05,-0.00034080339999999996,-0.0003108034,0.00030848225,0.00023005225,6.427900555555557e-05,4.8041783333333335e-05,-0.00016030174444444447
2024-04-21 00:00:00+00:00,0.0001225163,8.401630000000001e-05,0.00016996,0.00014642,6.209235000000001e-05,0.00014159735000000002,0.0002235138,0.00018287379999999998,-5.4986e-05,9.693999999999999e-06,8.999739999999999e-05,8.64724e-05,-2.054699999999999e-05,-1.8742000000000008e-05,-0.00036045319999999996,-0.00035483819999999997,0.00012136345000000001,0.00018814845,3.9273011111111124e-05,5.1738011111111114e-05,-0.00020434816666666672
2024-04-22 00:00:00+00:00,0.00030924630000000005,0.00033657630000000005,0.00026863,0.00011786500000000001,6.887470000000001e-05,7.57047e-05,0.00021423535000000005,0.00017695535,8.506499999999999e-05,7.820999999999998e-05,0.00010820650000000002,7.282150000000002e-05,4.263999999999999e-05,5.459999999999997e-06,5.156300000000009e-06,-3.755870000000002e-05,1.4309249999999999e-05,-9.254074999999998e-05,0.0001240403777777778,8.149926666666668e-05,-0.0001243752388888889
2024-04-23 00:00:00+00:00,0.0004319124000000001,0.0004037624000000001,0.000164535,3.2735000000000025e-05,5.067735000000001e-05,2.970735000000001e-05,0.0002256955,0.0002056855,8.04781e-05,9.48081e-05,8.296714999999999e-05,1.8822150000000014e-05,9.512179999999999e-05,7.792679999999999e-05,4.267799999999992e-06,6.732799999999999e-06,0.00021265125,0.00023785625,0.00014981181666666668,0.00012311515,-0.00011293627222222224
2024-04-24 00:00:00+00:00,0.00025081370000000003,0.0001949037,0.00023421500000000002,7.154000000000001e-05,0.00011946559999999998,0.0001819206,0.0002814726,0.00024034259999999998,-8.5309e-05,-8.0129e-05,0.00011604,6.325e-05,7.782315e-05,-1.191685000000001e-05,4.5733750000000016e-05,-1.1831249999999991e-05,0.00030383585,0.00015013085,0.00014934340555555555,8.869007222222221e-05,-8.878758333333335e-05
2024-04-25 00:00:00+00:00,0.00017388984999999998,0.00013960485,8.396e-05,2.8999999999999917e-06,5.908804999999999e-05,3.2480499999999993e-06,0.00018743784999999995,0.00018284284999999995,7.735239999999999e-05,5.65124e-05,7.735500000000001e-05,0.0,4.1625e-05,5.836500000000001e-05,-7.36488e-05,-0.00012833379999999998,0.0003196139,0.00022771390000000003,0.00010518591666666663,6.031702777777777e-05,-4.828935000000001e-05
2024-04-26 00:00:00+00:00,0.00024958715,0.00015972215,7.2535e-05,0.00010274500000000002,1.2382999999999944e-06,6.743299999999993e-06,0.00010704089999999999,0.0002255309,1.3805000000000487e-07,7.457805e-05,5.5354150000000016e-05,3.956415000000001e-05,9.142000000000002e-05,8.467500000000001e-05,6.381874999999999e-05,1.7503749999999976e-05,0.00024274490000000001,0.0002813699,9.820857777777778e-05,0.00011027024444444444,-0.0002283995666666667
2024-04-27 00:00:00+00:00,0.00015429499999999999,5.0589999999999995e-05,0.00024114,0.00017123500000000002,9.229299999999999e-05,0.000123758,0.00016078705,6.742705e-05,0.00010127990000000001,0.00012506490000000002,7.1805e-05,1.1369999999999988e-05,0.0001496,0.00016763,-1.946375e-05,-7.610374999999998e-05,0.00014176645,0.00012045145,0.00012150029444444444,8.460251666666667e-05,-0.00017084998333333334
2024-04-28 00:00:00+00:00,3.3944100000000006e-05,5.959100000000001e-06,5.727090000000001e-05,1.9605900000000015e-05,4.8480000000000003e-05,0.0,5.055999999999999e-05,9.1725e-05,5.3095e-05,3.7750000000000016e-05,-1.7601900000000005e-05,-4.475690000000001e-05,0.000119365,5.533000000000001e-05,-0.0002825576,-0.0003046026,0.0001233973,9.47073e-05,2.0661422222222226e-05,-4.920244444444438e-06,-0.0002174785888888889
2024-04-29 00:00:00+00:00,2.79478e-05,-5.337720000000001e-05,0.00015198409999999998,3.71841e-05,0.0001283593,3.76943e-05,0.00011010400000000003,0.00012770900000000002,0.00011622310000000001,0.00019909310000000002,1.932885e-05,-0.00020588615,6.5875e-05,5.334999999999999e-05,-0.0001347812,-0.00019447119999999998,1.1963849999999984e-05,-4.607615000000001e-05,5.522275555555555e-05,-4.975577777777775e-06,-8.532536666666667e-05
2024-04-30 00:00:00+00:00,3.06668e-05,-1.2820000000000905e-07,9.61102e-05,2.675199999999994e-06,4.65386e-05,9.065860000000001e-05,7.474449999999999e-06,-1.596554999999999e-05,1.0615750000000011e-05,5.2045749999999985e-05,5.570795e-05,-9.126705000000001e-05,5.5175e-05,0.0,-0.00024175939999999997,-0.00026571939999999996,-0.00011596640000000001,-2.2791400000000007e-05,-6.159672222222216e-06,-2.7832449999999995e-05,-0.00017526107222222222
2024-05-01 00:00:00+00:00,-1.0508099999999992e-05,-1.8183100000000006e-05,-3.4282599999999996e-05,-0.00012424260000000004,-1.7043399999999976e-05,7.526660000000001e-05,9.441925e-05,0.00013419425,5.069434999999999e-05,3.9464349999999984e-05,5.619204999999999e-05,2.6457050000000004e-05,0.0001321215,0.00011524149999999998,0.00013852974999999999,8.818474999999998e-05,6.75938e-05,2.0023800000000003e-05,5.307962222222222e-05,3.960073333333332e-05,-0.0002671246333333333
2024-05-02 00:00:00+00:00,3.6671900000000004e-05,1.3236900000000005e-05,-0.0003555012,-0.0003522712,6.196040000000002e-05,8.09704e-05,0.00015197724999999998,0.00010522724999999998,3.25837e-05,1.6368700000000008e-05,-6.757199999999995e-06,-1.9057200000000015e-05,-7.790455e-05,-0.00013864955000000002,7.688155000000001e-05,1.0986549999999992e-05,8.518729999999999e-05,0.00014330229999999998,5.665722222222188e-07,-1.5542872222222228e-05,-0.0002947464166666667
2024-05-03 00:00:00+00:00,3.3020300000000006e-05,-7.0196999999999965e-06,-6.93339e-05,-4.83589e-05,7.18304e-05,0.0001302654,0.0002077531,0.00020215309999999998,3.024530000000001e-05,9.635299999999994e-06,-2.32984e-05,3.8596599999999996e-05,-0.00010041514999999999,-8.925014999999998e-05,0.00021616989999999998,1.2164899999999993e-05,0.00019004155,0.00016042655000000002,6.177923333333333e-05,4.540145555555555e-05,-6.934733333333335e-05
2024-05-04 00:00:00+00:00,1.2909999999999995e-05,0.0,9.568999999999999e-05,4.526999999999999e-05,-2.6881000000000002e-05,0.000103159,0.000207966,0.00017641599999999999,-3.567864999999999e-05,-1.4418649999999998e-05,-2.499150000000001e-06,-6.369149999999997e-06,2.093400000000004e-06,6.28884e-05,7.229625e-05,2.0012500000000115e-06,1.773975e-05,2.7447500000000007e-06,3.818184444444444e-05,4.1299066666666666e-05,-0.00024790215
2024-05-05 00:00:00+00:00,0.0,0.0,4.163500000000001e-05,0.0,5.734525e-05,0.00018990524999999998,0.00036389209999999997,0.00028914209999999997,-0.00023188145,-0.00014273645,9.079115000000002e-05,8.770114999999999e-05,2.342459999999998e-05,-4.400400000000008e-06,0.0001371807,6.52857e-05,0.00016092895,3.961894999999999e-05,7.147958888888889e-05,5.827958888888888e-05,-0.0002648650444444444
2024-05-06 00:00:00+00:00,5.3215000000000005e-05,1.11e-06,6.886645000000002e-05,4.5846450000000006e-05,0.00010009079999999999,5.659080000000001e-05,0.0006248161000000001,0.0004972661,-0.00027935625,-0.00018243125000000002,4.581999999999999e-05,4.098999999999999e-05,4.900910000000001e-05,-6.915899999999995e-06,0.0001330881,6.497309999999998e-05,4.7098300000000016e-05,0.00012997830000000002,9.362751111111112e-05,7.193417777777778e-05,-0.00010098266666666666
2024-05-07 00:00:00+00:00,1.6739999999999982e-05,0.0,2.5195000000000002e-05,7.6995e-05,0.00027964575,0.00021379075,0.00041334350000000005,0.0003888985,-8.488640000000001e-05,-8.376140000000003e-05,0.0,0.0,-7.698999999999901e-07,-6.209900000000001e-06,0.000127565,0.0,0.00010081355,6.704855000000001e-05,9.75162777777778e-05,7.297349999999999e-05,-0.00023519453333333332
2024-05-08 00:00:00+00:00,3.9785e-05,0.0,2.9405000000000004e-05,3.5294999999999986e-05,0.0002287351,0.0001621001,0.00020681044999999994,0.00017582044999999994,0.00012380225,6.554225e-05,0.0,2.9829999999999984e-05,0.00012966514999999997,3.419514999999999e-05,2.0309999999999983e-05,2.1044999999999996e-05,0.00013170385000000001,2.429385000000001e-05,0.00010113519999999999,6.09024222222222e-05,-0.00021992035555555556
2024-05-09 00:00:00+00:00,8.413e-05,0.0,0.0,0.0,5.304314999999999e-05,1.7231499999999898e-06,3.644180000000001e-05,5.732680000000003e-05,0.00010310175,7.810175e-05,0.0,1.3689999999999993e-05,4.600005000000001e-05,2.6080050000000028e-05,-5.510755000000001e-05,1.807744999999998e-05,-0.0003501983,-0.0003501983,-9.17656666666667e-06,-1.7244344444444446e-05,-0.00018144610555555555
2024-05-10 00:00:00+00:00,0.0,0.0,8.535225e-05,4.413724999999999e-05,-4.062455e-05,-7.770955000000001e-05,5.959779999999997e-05,5.979279999999999e-05,-0.0001492232,-0.00014389319999999999,0.0,4.0944999999999995e-05,5.682000000000001e-05,4.670500000000001e-05,-0.000281913,-0.00030154800000000006,-1.3231900000000003e-05,-2.388190000000001e-05,-3.1469177777777776e-05,-3.949473333333334e-05,-0.00031883935555555555
2024-05-11 00:00:00+00:00,0.0,0.0,0.0004015971499999999,0.0003155421499999999,0.00012140545000000001,0.00013738545000000003,0.00018464504999999998,0.00016426504999999996,0.0001168411,0.0001381011,1.9664050000000014e-05,8.526405e-05,1.290000000000005e-06,0.00017277,4.851599999999997e-06,-4.3034000000000205e-06,3.3247849999999994e-05,-2.6407149999999997e-05,9.81713611111111e-05,0.00010917969444444443,-0.00031339802222222227
2024-05-12 00:00:00+00:00,2.6535e-05,0.0,-0.0002720763,-0.0001701313,8.224514999999998e-05,2.084014999999999e-05,7.884500000000001e-05,0.00020941,5.9742300000000006e-05,2.3667300000000023e-05,0.0001727554,0.0001498804,0.000112605,5.498500000000001e-05,1.4582199999999979e-05,7.065219999999999e-05,7.331789999999998e-05,4.6737899999999985e-05,3.8727961111111105e-05,4.511573888888888e-05,-0.00028302175000000004
2024-05-13 00:00:00+00:00,1.140000000000007e-06,0.0,-0.00036332180000000006,-0.0003400918,7.601565e-05,2.4915650000000013e-05,5.751415e-05,1.1169150000000006e-05,-6.266449999999999e-05,-0.0001049495,0.00010305999999999999,4.856e-05,2.9455e-05,1.8735000000000013e-05,-0.0001130967,-2.5241700000000003e-05,6.511795e-05,0.00010839295,-2.2975583333333337e-05,-2.872336111111111e-05,-0.00016373880555555555
2024-05-14 00:00:00+00:00,3.4933399999999986e-05,1.2908400000000002e-05,-0.0001474479,-0.0001677229,4.309850000000009e-06,9.316985000000001e-05,6.051885e-05,0.00016293385,-7.704025e-05,-1.9570250000000005e-05,5.515864999999999e-05,3.133864999999999e-05,9.17e-05,3.8190000000000005e-05,-9.878099999999999e-05,-8.2391e-05,3.871454999999998e-05,8.036454999999999e-05,-4.214872222222224e-06,1.6580127777777773e-05,-0.00017479210555555554
2024-05-15 00:00:00+00:00,1.0055500000000007e-05,-4.034949999999999e-05,5.7240000000000065e-06,3.130900000000001e-05,6.053285e-05,9.708285e-05,1.3761700000000008e-05,1.3761700000000008e-05,-3.6166499999999885e-06,2.6778350000000004e-05,4.983449999999986e-06,-3.9016550000000005e-05,1.3519999999999989e-05,5.6735e-05,-3.797805e-05,2.716695000000001e-05,2.9931999999999997e-05,0.00011065700000000001,1.076831111111111e-05,3.156942222222223e-05,-0.0004417750166666667
2024-05-16 00:00:00+00:00,-2.0381449999999994e-05,-7.275145e-05,5.28125e-05,0.00011792750000000002,0.0002313376,0.00027417260000000003,0.00023017215,0.00018296714999999994,1.1106050000000009e-05,-2.2289500000000035e-06,0.00016681065,6.413065e-05,7.071675e-05,6.465675e-05,2.1092150000000008e-05,2.8392150000000006e-05,0.0001350278,0.00013583279999999998,9.985491111111111e-05,8.812213333333333e-05,-0.00028129067777777776
2024-05-17 00:00:00+00:00,6.5400000000000085e-06,0.0,0.0,0.0,6.993835000000002e-05,5.990835000000001e-05,0.00022705030000000006,0.00022705030000000006,1.9743850000000023e-05,-1.4926149999999996e-05,8.081699999999996e-06,9.021699999999994e-06,-2.1113750000000004e-05,2.729625e-05,7.6585e-05,9.553500000000001e-05,-0.0003010408,-0.0003010408,9.531627777777795e-06,1.1427183333333345e-05,-0.00040644728333333335
2024-05-18 00:00:00+00:00,0.0,0.0,2.728150000000012e-06,2.728150000000012e-06,0.00014125649999999998,1.7076500000000005e-05,0.00021760735000000002,0.00016062235,0.0002978655,0.0002388055,0.00015680224999999997,0.00020416724999999998,0.0,0.0,3.228500000000001e-05,0.0,9.70638e-05,2.167879999999999e-05,0.00010506761666666667,7.167539444444444e-05,-0.00029355995555555557
2024-05-19 00:00:00+00:00,1.0020000000000006e-05,0.0,5.89746e-05,4.72796e-05,0.00010676540000000001,8.795040000000001e-05,9.124610000000001e-05,9.124610000000001e-05,0.00019283909999999997,0.0001366341,1.9192499999999995e-06,3.673924999999998e-05,0.0,0.0,2.6660000000000002e-05,0.0,-3.208855e-05,-0.00011216855,5.070398888888888e-05,3.1964544444444444e-05,-0.00015977847222222225
2024-05-20 00:00:00+00:00,0.0,0.0,1.3445e-05,0.0,5.047559999999999e-05,1.3225599999999974e-05,3.0141349999999992e-05,6.196350000000004e-06,0.00010117709999999998,4.9497099999999984e-05,0.0,2.0970000000000008e-05,3.6600800000000004e-05,-6.159199999999996e-06,1.7554999999999997e-05,0.0,0.00013924389999999998,6.158889999999998e-05,4.3182083333333324e-05,1.614652777777777e-05,-0.00027403815555555557
2024-05-21 00:00:00+00:00,0.00011724164999999999,8.196649999999984e-06,5.9315900000000006e-05,6.84009e-05,3.279085000000001e-05,-4.219149999999995e-06,0.0003568765500000001,0.00033912655000000006,0.00013967920000000002,7.197420000000001e-05,5.284825e-05,7.894825e-05,8.846655000000001e-05,-4.608450000000001e-06,9.965135000000002e-05,6.123635e-05,-4.649440000000003e-05,-6.268440000000001e-05,0.00010004176666666667,6.181898888888888e-05,-0.00046482696666666663
2024-05-22 00:00:00+00:00,9.59703e-05,9.59703e-05,6.73965e-05,6.73965e-05,-1.4227599999999997e-05,-1.1642599999999996e-05,0.0009509272499999999,0.00092841225,0.00068865045,0.00053899045,0.0007024772499999999,0.0007024772499999999,0.0,0.0,0.00046087160000000005,0.00046087160000000005,0.00014511914999999997,0.00014511914999999997,0.0003441316555555555,0.0003252883222222222,0.00012349027777777775
2024-05-23 00:00:00+00:00,8.530795e-05,6.696294999999999e-05,2.6004999999999986e-06,-4.4384500000000015e-05,3.457705000000005e-05,6.337205000000002e-05,0.0006347868000000001,0.0006166868,0.0005289222,0.0004984322000000001,0.00028478689999999996,0.00028478689999999996,-2.0294999999999988e-05,-2.6705000000000023e-05,-7.633999999999999e-05,-0.00030423,0.00031781760000000007,0.00029269260000000004,0.00019912933333333336,0.000160846,7.402316666666668e-05
2024-05-24 00:00:00+00:00,4.948830000000002e-05,4.31833e-05,-2.9645000000000005e-05,0.0,1.9250700000000005e-05,-8.80929999999997e-06,0.00052678765,0.0005403276500000001,0.0009469547999999999,0.0007782097999999999,0.00014207935,0.00011417935,0.0,-3.5949999999999965e-06,-7.278655000000002e-05,-3.510155000000001e-05,0.0005503290999999999,0.00030899409999999986,0.00023693981666666664,0.00019304314999999997,-1.0892694444444452e-05
2024-05-25 00:00:00+00:00,5.447200000000004e-06,5.447200000000004e-06,-2.3527099999999997e-05,-2.3527099999999997e-05,6.1845999999999916e-06,6.1845999999999916e-06,0.00026741350000000004,0.00026741350000000004,0.0001784125,0.0001784125,-8.5194e-06,-8.5194e-06,0.0,0.0,0.0,0.0,5.0586999999999975e-05,5.0586999999999975e-05,5.288870000000001e-05,5.288870000000001e-05,-0.00025595411111111106
2024-05-26 00:00:00+00:00,0.00028847415,0.00028981415000000005,-2.779600000000002e-06,-2.779600000000002e-06,0.0,0.0,0.00029413285,0.00029413285,0.00022636325000000005,0.00022636325000000005,0.0,0.0,0.0,0.0,-6.035000000000011e-06,0.0,9.682170000000005e-05,9.682170000000005e-05,9.966414999999998e-05,0.00010048359444444445,1.1903550000000009e-05
2024-05-27 00:00:00+00:00,0.0,0.0,0.0,0.0,0.00019642070000000001,0.00019642070000000001,0.00051299525,0.00048950525,0.00037099405,0.00037099405,-2.1883500000000055e-06,-2.1883500000000055e-06,0.0,0.0,-4.0550000000000023e-05,0.0,0.00012517890000000002,0.00012517890000000002,0.00012920561666666667,0.00013110117222222222,-4.382345555555556e-05
2024-05-28 00:00:00+00:00,8.620399999999993e-06,1.0845399999999984e-05,0.0,0.0,0.00047941585,0.00047941585,0.00053854075,0.0005453607500000001,0.00038890090000000006,0.00037623590000000003,0.0002287262,0.0002287262,1.0360899999999994e-05,6.499090000000001e-05,-2.02278e-05,7.292199999999999e-06,0.00029889615000000004,0.00023874615000000002,0.00021480370555555559,0.00021684592777777777,6.98972222222232e-07
2024-05-29 00:00:00+00:00,-5.0155e-05,-1.8659999999999984e-05,-1.1899900000000015e-05,-1.1899900000000015e-05,0.00032337470000000005,0.00032337470000000005,0.00015713620000000004,0.00015713620000000004,0.0003264662000000001,0.0003374162000000001,0.00020330315000000005,0.0002990581500000001,-7.172239999999999e-05,3.62876e-05,-2.897049999999999e-05,7.174500000000015e-06,0.00025287049999999994,0.0002133455,0.00012226699444444443,0.00014924810555555558,-9.688658333333332e-05
2024-05-30 00:00:00+00:00,-5.3867400000000005e-05,-0.0001568274,-7.086239999999997e-05,-3.5627400000000004e-05,0.0005420575500000001,0.0005514125500000001,0.00041160215000000006,0.00042476714999999994,-3.9286449999999994e-05,-5.29145000000001e-06,9.938035e-05,0.00010361535,-8.346750000000005e-05,4.50825e-05,-0.00018596784999999995,-6.678784999999999e-05,0.00031614515,0.00029610015000000004,0.00010397040000000002,0.00012849373333333335,-0.0001846502388888889
2024-05-31 00:00:00+00:00,0.00024398660000000003,0.00019175660000000003,-1.7385000000000014e-05,0.0,0.00017739925,0.00017739925,0.0001215432,0.0001248482,-0.00011886335000000001,2.246164999999999e-05,0.0,0.0,0.0,0.0,-0.00020778825,-0.00015683825000000002,0.00023550120000000003,0.00023550120000000003,4.8265961111111114e-05,6.612540555555555e-05,-0.0003187946111111111
2024-06-01 00:00:00+00:00,-4.390144999999995e-05,-8.426449999999991e-06,0.0,0.0,9.951595000000004e-05,0.00013385095000000003,1.0483250000000003e-05,1.523325e-05,6.662680000000001e-05,8.218680000000002e-05,-1.1844000000000009e-06,-1.1844000000000009e-06,0.0,0.0,1.722280000000003e-05,9.82878e-05,0.000355168,0.000355168,5.59923277777778e-05,7.501288333333335e-05,-0.00018740055555555558
2024-06-02 00:00:00+00:00,-2.8560049999999974e-05,-6.703505e-05,-8.780999999999999e-05,0.0,0.00028530914999999997,0.00028655915000000003,2.779504999999997e-05,7.462504999999997e-05,0.00016511880000000002,0.00022360380000000004,-3.413340000000002e-05,1.7065999999999942e-06,0.0,0.0,-7.708284999999996e-05,5.927150000000012e-06,0.00042082714999999997,0.00043585715,7.460709444444445e-05,0.00010680487222222224,-0.00017127775555555557
2024-06-03 00:00:00+00:00,6.097814999999998e-05,0.00016700314999999998,-0.00013563500000000003,-1.8974999999999994e-05,5.449015e-05,5.449015e-05,0.0001491838,0.0002136588,0.0001731848,0.00020165980000000003,-8.569999999999998e-05,0.0,-4.101865000000001e-05,2.381349999999993e-06,0.0,0.0,0.00022797909999999993,0.00021739909999999996,4.482914999999999e-05,9.306859444444444e-05,-0.00027449711111111115
2024-06-04 00:00:00+00:00,1.5807749999999954e-05,8.104775000000002e-05,-3.395e-05,-4.0665000000000025e-05,0.00047785804999999997,0.00049853305,0.0007729809999999998,0.0008033409999999998,0.00031547505,0.00030800004999999997,2.183895000000001e-05,2.2848950000000004e-05,-6.297039999999996e-05,4.2489600000000014e-05,-6.8099999999999975e-06,0.0,0.00038462920000000006,0.0003450842,0.00020942884444444447,0.00022896439999999999,-2.350155000000004e-05
2024-06-05 00:00:00+00:00,0.00014353260000000005,0.00011805760000000005,-9.900000000000092e-07,-1.4875e-05,0.0003146879499999999,0.00029347294999999997,9.621655000000005e-05,8.695155000000003e-05,0.000133433,0.00013743299999999998,0.00027081260000000004,0.00021833759999999997,-3.179015000000001e-05,1.1829850000000005e-05,-5.998659999999997e-05,-2.7161599999999984e-05,0.00028756554999999996,0.00026295554999999996,0.0001281646111111111,0.00012077794444444444,-0.0002051272388888889
2024-06-06 00:00:00+00:00,1.7332649999999984e-05,-0.00016471734999999995,-0.00016544999999999996,-2.0870000000000002e-05,8.042755000000007e-05,0.00012329255000000005,0.00026571055,0.00032824055,0.0005171689,0.0005110338999999999,0.0009527865,0.0008497115,-6.497959999999996e-05,1.5954000000000292e-06,-8.827894999999994e-05,-4.816395000000001e-05,-3.0373150000000033e-05,0.00013322685000000003,0.00016492716111111115,0.00019037216111111112,-2.36175055555556e-05
2024-06-07 00:00:00+00:00,0.00021548565,7.604564999999995e-05,-0.000125585,-2.592999999999998e-05,-4.595100000000032e-06,6.444899999999991e-06,0.0001110207,0.0001224257,5.5055950000000026e-05,0.00017894594999999996,0.00011449080000000003,-3.734420000000001e-05,-8.706225000000005e-05,-1.6352250000000033e-05,-6.150989999999998e-05,-6.0289899999999993e-05,-1.0610549999999972e-05,4.5189450000000056e-05,2.296558888888889e-05,3.212614444444444e-05,-0.00015570561666666667
2024-06-08 00:00:00+00:00,9.446080000000002e-05,5.961080000000004e-05,-0.00022524515,-0.00018055515,0.00027032505000000004,0.00024797505000000007,0.00031519195000000004,0.00026841695000000005,0.00028627314999999997,0.00036808315000000006,0.00037762619999999995,0.0003167262,5.0896099999999995e-05,0.00014960609999999997,-0.00020772000000000005,-3.389499999999998e-05,-2.6934499999999998e-05,8.385500000000027e-06,0.00010387484444444444,0.0001338170666666667,-8.79712888888889e-05
2024-06-09 00:00:00+00:00,0.00021390754999999997,0.00021390754999999997,-0.00018868335000000002,-0.00018868335000000002,0.00024914485,0.00022406985,0.0,0.0,0.000366382,0.000366382,-1.6992549999999994e-05,-1.6992549999999994e-05,-9.61554999999999e-06,-1.4815549999999982e-05,0.0,0.0,0.00023711470000000004,0.00023711470000000004,9.458418333333334e-05,9.122029444444445e-05,-0.0003494186166666667
2024-06-10 00:00:00+00:00,4.7978999999999935e-06,4.7978999999999935e-06,-9.529155e-05,-9.529155e-05,0.00014322174999999997,0.00014322174999999997,0.0,0.0,0.00012154610000000001,0.00012154610000000001,-4.460800000000001e-06,-4.460800000000001e-06,0.0,0.0,0.0,0.0,7.852839999999996e-05,7.852839999999996e-05,2.759353333333333e-05,2.759353333333333e-05,-4.015691111111112e-05
2024-06-11 00:00:00+00:00,0.00011965535000000003,0.00011965535000000003,-1.5715399999999992e-05,-1.5715399999999992e-05,2.672289999999999e-05,2.672289999999999e-05,0.00025364565,0.00025364565,4.955794999999999e-05,4.955794999999999e-05,0.0,0.0,0.0,0.0,0.0,0.0,0.0,0.0,4.820738333333334e-05,4.820738333333334e-05,-0.00039746011666666665
2024-06-12 00:00:00+00:00,9.182399999999987e-06,9.182399999999987e-06,0.0,0.0,0.0003651905,0.0003651905,-0.00012245735,-0.00012245735,0.00030214230000000003,0.00030214230000000003,0.0,0.0,0.0,0.0,0.0,0.0,0.00025564935,0.00025564935,8.996746666666667e-05,8.996746666666667e-05,-0.00019495116666666667
2024-06-13 00:00:00+00:00,3.2341800000000016e-05,3.2341800000000016e-05,0.0,0.0,0.00017776560000000005,0.0002937406,-4.322650000000002e-06,4.195735000000001e-05,0.00020053565000000004,0.00022410565000000003,0.0,3.717999999999999e-05,-5.650800000000002e-06,-5.650800000000002e-06,5.6968049999999984e-05,5.6968049999999984e-05,0.00015707164999999998,0.00019925664999999998,6.830103333333334e-05,9.776658888888888e-05,-0.00017551656111111113
2024-06-14 00:00:00+00:00,0.00018057344999999997,0.00018057344999999997,-1.205889999999999e-05,4.862610000000002e-05,0.00023445985,0.00028830485000000004,-1.2313499999999986e-05,-1.2313499999999986e-05,9.506715000000001e-05,0.00020965215,0.0,1.1764999999999997e-05,-1.8934649999999997e-05,-1.8934649999999997e-05,0.0,0.0,2.9150999999999996e-05,0.00011336099999999999,5.5104933333333335e-05,9.122604444444445e-05,-0.0002608248388888889
2024-06-15 00:00:00+00:00,0.00020508125000000003,0.00020508125000000003,-3.7975900000000003e-05,6.49541e-05,5.24223e-05,0.00011728230000000001,-0.00011736675,-5.9106749999999984e-05,0.00018893409999999996,0.0002703691,0.0,6.202499999999999e-05,-9.902695e-05,-9.902695e-05,0.0,2.9545e-05,0.0002304615,0.0003434765,4.694772777777778e-05,0.00010384439444444446,-0.00012027134999999998
2024-06-16 00:00:00+00:00,6.376574999999997e-05,6.376574999999997e-05,-0.00037506845,-0.00017830345000000004,0.0,8.6525e-05,-8.23927e-05,5.327299999999997e-06,0.00021102585000000007,0.00021102585000000007,0.0,9.7625e-05,6.2275e-05,2.8729999999999984e-05,0.00013141239999999997,0.00014678739999999998,4.8023400000000005e-05,0.0002266784,6.5601388888888905e-06,7.646236111111111e-05,-0.00011583657222222222
2024-06-17 00:00:00+00:00,0.0,6.250999999999998e-05,-3.138165e-05,2.4198349999999995e-05,0.0,0.00016614,-8.745735e-05,-0.00015181735,8.534505000000003e-05,0.00014133005000000005,9.076075e-05,8.574575e-05,2.2979999999999993e-05,4.842999999999999e-05,0.0001618547,0.00021344970000000002,-1.038395000000001e-05,0.00014126105000000002,2.5746394444444447e-05,8.12497277777778e-05,-0.00019092635000000002
2024-06-18 00:00:00+00:00,2.9380450000000018e-05,2.8404500000000064e-06,-0.0002586694,-0.00021962440000000002,0.00013575515,0.00030357014999999997,7.597399999999996e-06,-2.7507600000000004e-05,0.000295196,0.000447726,5.698499999999874e-07,4.291984999999999e-05,0.0,8.12999999999999e-06,0.00015764105000000005,0.00015764105000000005,8.277574999999999e-05,0.00016681075,5.0027361111111114e-05,9.805625e-05,-0.00029140697777777777
2024-06-19 00:00:00+00:00,8.782e-05,0.000128695,-0.00023212539999999996,-0.0001886454,0.00017044374999999998,0.00022823874999999998,-0.00019407339999999998,-0.0001618434,9.43174e-05,0.0002141174,-1.4207700000000001e-05,-8.725769999999999e-05,0.00019068500000000004,0.000168455,8.990535e-05,0.00010353535,9.396049999999998e-06,4.811050000000001e-06,2.2462338888888895e-05,4.556733888888888e-05,-0.00029125244444444445
2024-06-20 00:00:00+00:00,8.50878e-05,8.540280000000001e-05,8.759195000000001e-05,8.953195000000002e-05,0.00018431275,0.00017895275,5.381750000000003e-06,-3.367825e-05,1.3373799999999987e-05,5.7438000000000025e-06,0.00011927070000000001,7.68107e-05,0.000119405,0.0,0.00015783645000000003,0.00023216645000000003,-5.094899999999991e-06,-3.4429899999999994e-05,8.52405888888889e-05,6.672225555555556e-05,-0.00021887892777777777
2024-06-21 00:00:00+00:00,4.8769999999999996e-05,0.00011176499999999998,6.73095e-05,4.395949999999999e-05,0.00021669434999999998,0.00015847934999999998,0.00021539999999999998,0.00013242,0.00013463040000000003,0.0001617304,1.3531499999999982e-05,9.34715e-05,4.068000000000002e-05,1.4555e-05,9.211434999999999e-05,0.00016362934999999997,9.619099999999994e-06,4.1679100000000006e-05,9.319435555555555e-05,0.0001024099111111111,-0.0003253689777777778
2024-06-22 00:00:00+00:00,0.00012598365,8.901365e-05,-2.4782550000000006e-05,-3.1367550000000004e-05,8.502829999999998e-05,0.00016683829999999998,5.5386049999999984e-05,0.00011921604999999998,0.00010341185000000001,0.00010009185,-4.8699699999999984e-05,-3.589969999999998e-05,2.5404999999999995e-05,1.3600000000000009e-05,0.00012515474999999997,0.00010306974999999998,-8.301905e-05,-7.965905000000001e-05,4.042981111111111e-05,4.94337e-05,-0.00031418629444444446
2024-06-23 00:00:00+00:00,0.00022269180000000001,0.0002523518,-0.0003410539,-0.0004065389,2.927e-05,0.00013603499999999998,3.815e-05,6.370000000000006e-06,0.0001419564,0.0001592764,-8.47093e-05,-5.795929999999999e-05,2.4704999999999998e-05,4.4859999999999994e-05,0.00010200030000000003,9.589030000000001e-05,7.651e-05,0.0,2.3280033333333338e-05,2.5587255555555556e-05,-0.00025974647777777783
2024-06-24 00:00:00+00:00,0.00011796579999999999,0.00011488579999999997,-0.00040380965,-0.00045361965,7.459745000000001e-05,0.00015077745000000001,0.00016332,7.3645e-05,0.00018405414999999998,0.00015079914999999996,-2.9543649999999996e-05,-9.671865e-05,3.1910000000000004e-05,6.7975e-05,0.00013470890000000002,0.00011735390000000001,3.6360800000000006e-05,1.7130799999999995e-05,3.4395977777777776e-05,1.5803199999999995e-05,-0.0001589844888888889
2024-06-25 00:00:00+00:00,7.149999999999907e-07,2.19e-05,-0.00015489804999999998,-0.00012121305,-8.296935000000001e-05,0.00015020065000000002,-2.085900000000001e-05,-4.0334000000000004e-05,0.00010490320000000004,0.00029035320000000004,-0.0001500898,-0.00012644479999999997,9.20499999999999e-06,0.000110545,5.4279249999999983e-05,8.587424999999997e-05,-0.00018910590000000002,-0.0001114059,-4.7646627777777785e-05,2.8830594444444454e-05,-0.0003539959777777778
2024-06-26 00:00:00+00:00,7.737375e-05,7.737375e-05,-0.00012155130000000001,0.0001690387,4.772400000000001e-05,0.00026760900000000003,8.194999999999997e-06,3.8024999999999996e-05,4.7997749999999986e-05,9.771274999999997e-05,-4.191470000000001e-05,1.0070299999999994e-05,0.0,0.0,0.0,0.0,0.000118955,6.7625e-05,1.5197722222222221e-05,8.082827777777778e-05,-0.00034397494444444445
2024-06-27 00:00:00+00:00,1.1800000000000167e-06,0.0,-0.00021770915,-0.00011651915000000001,0.0,0.000293065,-0.0001335892,-0.0001335892,0.0,0.000151745,2.105999999999999e-05,6.429e-05,4.187500000000001e-05,7.79e-05,2.117999999999998e-05,5.7645e-05,0.0,0.00017433500000000002,-2.955592777777778e-05,6.320796111111113e-05,-0.0003588579611111111
2024-06-28 00:00:00+00:00,4.6379500000000044e-06,4.9407950000000015e-05,-3.937335000000001e-05,-2.077335e-05,9.167295000000002e-05,0.00019345795,-1.3464100000000004e-05,-1.3464100000000004e-05,0.00013780675,0.00020463175000000002,-4.86027e-05,-4.86027e-05,6.989999999999983e-06,7.484499999999999e-05,0.0,5.571500000000002e-05,3.5641500000000186e-06,0.00013722415000000002,1.591462777777778e-05,7.027129444444446e-05,-0.0002262350555555556
2024-06-29 00:00:00+00:00,8.086499999999998e-06,9.92015e-05,-0.0003154422,-0.0004004172,7.586519999999999e-05,0.00021018519999999998,3.605085e-05,3.605085e-05,0.000140434,0.000266924,0.0,0.0,-4.522600000000019e-06,-4.522600000000019e-06,0.0,3.4449999999999797e-06,-2.2225799999999973e-05,0.0001017992,-9.083783333333333e-06,3.47406611111111e-05,-0.00027769412222222224
2024-06-30 00:00:00+00:00,2.0097199999999998e-05,3.248719999999998e-05,-0.00040519095,-0.00035162094999999997,9.16738e-05,0.0002407438,5.482279999999999e-05,1.53428e-05,0.0,0.000134925,0.0,4.957e-05,-0.00011297009999999999,-0.0001165501,4.0579999999999994e-05,5.4050000000000006e-05,0.0,1.1385e-05,-3.455413888888888e-05,7.814750000000005e-06,-0.0004604608166666667
2024-07-01 00:00:00+00:00,8.894500000000001e-05,0.00014144,-0.00023173714999999998,-0.00023173714999999998,-3.541500000000002e-06,0.0002792235,4.349999999999997e-06,0.00010017999999999999,1.8017650000000005e-05,0.00017360265,9.536355e-05,7.260355e-05,4.059290000000001e-05,1.91879e-05,6.028e-05,0.000144095,-7.53068e-05,-1.8076799999999993e-05,-3.373722222222192e-07,7.561318333333335e-05,-0.00026172331666666674
2024-07-02 00:00:00+00:00,0.00015109110000000001,0.00019901109999999998,-0.00016934295,-0.00013277295,-5.543999999999983e-06,0.00023100600000000004,3.768885e-05,6.352385e-05,0.00017698680000000002,0.0003122468,7.338880000000001e-05,7.338880000000001e-05,6.721450000000002e-05,5.273950000000001e-05,4.682054999999998e-05,4.682054999999998e-05,3.048595000000001e-05,0.00015211095,4.542106666666667e-05,0.00011089717777777779,-3.108783333333335e-05
2024-07-03 00:00:00+00:00,1.4853199999999992e-05,2.8913200000000017e-05,-0.00030197869999999997,-0.0003292737,0.0,0.00016006499999999998,0.0,3.1820000000000004e-05,0.0002443628,0.00031799779999999993,4.2018500000000004e-05,6.256350000000001e-05,-1.1388699999999991e-05,6.49963e-05,0.00019167570000000003,0.00019167570000000003,-9.15011e-05,-6.94161e-05,9.782411111111122e-06,5.103796666666666e-05,-0.00026339313333333336
2024-07-04 00:00:00+00:00,0.0,3.5314999999999996e-05,-0.00028347984999999997,-0.00027852485,-7.585389999999999e-05,4.81111e-05,0.00010709145,0.00015455645000000002,1.3544999999999891e-06,7.540449999999999e-05,1.0525150000000019e-05,1.0525150000000019e-05,1.9247850000000002e-05,6.227850000000002e-06,0.0,6.227e-05,4.729709999999999e-05,5.777209999999998e-05,-1.9313077777777772e-05,1.9073033333333335e-05,-0.0003602835666666667
2024-07-05 00:00:00+00:00,7.700000000000135e-07,2.9169999999999993e-05,-0.0003128635,-0.0001524335,-4.253855000000001e-05,7.527644999999999e-05,-0.00021591950000000003,-0.00014193950000000003,-4.213515000000001e-05,7.5498499999999875e-06,1.6273900000000004e-05,5.5258899999999994e-05,0.00012757315,8.405315000000001e-05,7.377999999999999e-05,0.000153595,-7.593055000000001e-05,7.125445e-05,-5.233224444444446e-05,2.0198311111111108e-05,-0.00018001166111111114
2024-07-06 00:00:00+00:00,0.00022361685000000001,0.00027012185000000003,-0.0006254765,-0.0005069615000000001,-2.5940799999999997e-05,2.259200000000003e-06,0.00022780065,0.00019826565,-7.852249999999994e-06,-9.217249999999989e-06,3.854015e-05,2.597014999999999e-05,0.00011742225000000002,-8.442749999999998e-06,0.00015085405,0.00013902905000000003,3.665345e-05,0.00013599844999999999,1.5068650000000007e-05,2.744698333333333e-05,-0.00036265372222222224
2024-07-07 00:00:00+00:00,4.4210000000000005e-05,0.00010188999999999999,-0.0006061569,-0.0005837769,-0.00010601815,-8.179314999999999e-05,0.00016441125,0.00032583124999999993,-0.00014899405,-0.00010829905000000002,7.692e-05,7.9935e-05,0.00010929495,6.324950000000002e-06,0.00011630499999999999,0.000175825,6.800505000000001e-05,8.730005e-05,-3.133587222222222e-05,3.5968333333332506e-07,-0.00020652829444444445
2024-07-08 00:00:00+00:00,-2.171340000000001e-05,2.3115999999999966e-06,-0.00046344785,-0.00033283285,-0.00022350480000000002,-0.0001339048,-8.75461e-05,-8.36461e-05,-0.0001027952,1.2919800000000006e-05,3.222274999999998e-05,6.672774999999998e-05,7.31574999999998e-06,2.1485749999999973e-05,1.5014999999999996e-05,5.4305e-05,3.7164000000000107e-06,7.694140000000001e-05,-9.341527222222222e-05,-3.507693888888889e-05,-0.00014575690000000001
2024-07-09 00:00:00+00:00,5.257625e-05,1.830125e-05,-0.00022846454999999997,-0.00012250955,-0.0001593179,-0.0001109229,0.00012971,0.00011556500000000001,-6.785105e-05,-2.5206050000000002e-05,3.3290000000000015e-05,5.737000000000001e-05,4.763249999999999e-05,1.4287499999999988e-05,7.787609999999999e-05,7.081609999999999e-05,0.00013404114999999997,0.00023435615000000001,2.1658333333333322e-06,2.8006388888888895e-05,-0.0001938717222222222
2024-07-10 00:00:00+00:00,8.9885e-05,0.000132855,4.892095e-05,5.6400949999999994e-05,4.569500000000001e-05,5.0399999999999916e-06,9.846500000000001e-05,8.471000000000001e-05,7.680945000000001e-05,-6.255499999999839e-07,7.021434999999997e-05,0.00011282434999999997,3.1648249999999996e-05,-3.490675e-05,0.0001791801,0.00017554510000000002,0.00011778500000000003,0.000144375,8.428923333333335e-05,7.513534444444443e-05,-0.00012069051111111111
2024-07-11 00:00:00+00:00,0.00021770705,0.00029756705,-4.931499999999993e-07,2.8771850000000008e-05,-6.149299999999998e-06,-2.1793000000000166e-06,3.7749999999999996e-05,3.6360000000000004e-05,1.0454099999999995e-05,-5.43559e-05,2.4180100000000006e-05,-2.61299e-05,3.1029100000000004e-05,2.044099999999985e-06,0.00012678520000000001,0.00012721019999999998,2.7354249999999983e-05,3.845925000000001e-05,5.206859444444444e-05,4.974970555555555e-05,-0.00047334475000000004
2024-07-12 00:00:00+00:00,0.0001904038,0.0002567888,-4.102814999999999e-05,-0.00022197314999999998,-0.00010255295,-2.7122949999999994e-05,6.85316e-05,4.82066e-05,2.90313e-05,0.0001441613,-4.965399999999981e-06,1.9064600000000017e-05,2.364e-05,8.984999999999999e-05,2.9914999999999994e-05,4.8595000000000005e-05,9.265265000000001e-05,0.00020382265000000002,3.173642777777778e-05,6.237698333333334e-05,-0.0004515249500000001
2024-07-13 00:00:00+00:00,-8.006150000000011e-06,5.162884999999999e-05,-0.0002673837,-0.00011447870000000005,-1.6001100000000005e-05,-5.0711e-06,5.1801599999999995e-05,0.0001647916,3.9221549999999994e-05,5.052654999999999e-05,1.890999999999999e-05,8.162999999999999e-05,5.122925000000001e-05,0.00012120425,6.0853349999999985e-05,6.997335e-05,-1.598325000000001e-05,0.00016132675,-9.484272222222235e-06,6.461461666666665e-05,-0.00024528283888888895
2024-07-14 00:00:00+00:00,0.00011095740000000002,6.50274e-05,0.00020780175,5.183174999999998e-05,2.236260000000002e-05,0.0001095126,1.8422050000000008e-05,0.00013418205000000001,4.826555000000001e-05,9.530555e-05,6.117900000000005e-06,3.807289999999999e-05,0.0,3.258499999999999e-05,0.000127475,0.00016301,7.761145e-05,0.00013696145,6.877930000000001e-05,9.183207777777779e-05,-0.00029358546666666675
2024-07-15 00:00:00+00:00,3.286610000000001e-05,5.775110000000001e-05,0.00021109835,0.00011755835000000001,4.6055e-05,5.8979999999999994e-05,2.0512149999999983e-05,6.778714999999998e-05,9.383699999999998e-05,0.00010591699999999998,0.00011368034999999999,0.00021728535,6.116500000000001e-05,2.8644999999999994e-05,1.7067500000000104e-06,2.6241749999999986e-05,0.00012425719999999997,0.00020433719999999998,7.83531e-05,9.82781e-05,-0.00020174209444444446
2024-07-16 00:00:00+00:00,6.903000000000001e-05,0.0,0.00021266,7.3675e-05,0.0001245691,0.00011275410000000002,5.232845000000001e-05,0.00010564344999999998,4.7453800000000017e-05,6.347380000000002e-05,0.00017398639999999997,0.0002249314,5.872999999999999e-05,0.00010457500000000002,9.2285e-05,0.00011394999999999999,0.00029212355,0.00023724855000000001,0.00012479625555555555,0.00011513903333333334,-0.00012100485555555554
2024-07-17 00:00:00+00:00,9.510000000000017e-06,6.414999999999988e-06,5.010944999999998e-05,4.039449999999984e-06,0.00015686129999999997,0.00011237129999999999,0.00010137159999999999,8.74116e-05,0.00014264525,0.00018102525000000003,6.903500000000002e-06,5.57185e-05,4.1479999999999996e-05,9.1095e-05,0.00017482115,0.00016766115000000002,0.0003893656500000001,0.00030944065,0.00011922976666666665,0.00011279754444444444,-4.440356666666667e-05
2024-07-18 00:00:00+00:00,0.0,1.419499999999999e-05,0.000123075,6.094999999999999e-05,0.0001601152,8.229019999999999e-05,0.00022662010000000003,0.00020080010000000006,7.668180000000002e-05,7.148180000000003e-05,1.676285000000001e-05,4.6187850000000016e-05,3.126e-05,0.0,0.0,2.609499999999999e-05,9.607524999999998e-05,7.232025e-05,8.117668888888888e-05,6.381335555555556e-05,-0.00014124942222222225
2024-07-19 00:00:00+00:00,8.264999999999995e-06,3.554999999999998e-05,0.00010224000000000002,8.6725e-05,0.00016364145,0.00015704645000000003,2.331500000000001e-05,2.0234999999999992e-05,5.454055000000001e-05,7.534054999999999e-05,2.855500000000001e-05,3.1005000000000006e-05,0.0,8.818500000000001e-05,0.0,3.803000000000001e-05,5.873029999999998e-05,5.7950299999999986e-05,4.880970000000001e-05,6.556303333333334e-05,-0.00025687363333333333
2024-07-20 00:00:00+00:00,2.1329999999999997e-05,2.0829999999999992e-05,0.00016973999999999998,0.000120995,0.0001322011,5.24611e-05,3.623500000000001e-05,0.000114515,0.00014608060000000003,0.00011449060000000005,4.706230000000001e-05,4.2982300000000004e-05,0.00014858,2.9274999999999993e-05,1.6348050000000004e-05,3.287805000000001e-05,0.00016008095,0.00016056095,9.751755555555557e-05,7.655422222222223e-05,-0.00020902889444444442
2024-07-21 00:00:00+00:00,7.684999999999988e-06,2.2219999999999984e-05,3.750500000000001e-05,2.7205000000000008e-05,0.0002818036,0.00019250859999999997,7.238704999999999e-05,7.238704999999999e-05,6.844e-05,2.193500000000002e-05,5.394644999999999e-05,4.926644999999999e-05,0.0,7.69e-06,1.1845749999999982e-05,6.265074999999998e-05,0.00036069875,0.0003438437500000001,9.936795555555554e-05,8.885628888888889e-05,-0.0002555637111111112
2024-07-22 00:00:00+00:00,0.00010748445000000002,2.529945000000002e-05,0.0,0.0,0.0005190739500000001,0.0003815539500000001,0.00020977380000000004,0.00022965380000000002,0.0001782008,0.00018872080000000002,0.00013730244999999997,9.628744999999999e-05,2.5084999999999994e-05,3.924e-05,2.142e-05,5.2495000000000005e-05,0.00042497255000000005,0.00040228755000000006,0.00018036811111111112,0.00015728200000000002,6.6336666666666765e-06
2024-07-23 00:00:00+00:00,4.981e-05,6.723499999999999e-05,8.942329999999998e-05,9.12033e-05,0.000171877,0.00011116700000000001,0.00019380544999999998,0.00017409545000000002,0.00020561525,0.00024050525000000002,9.1385e-05,5.191999999999999e-05,0.0,0.00011986499999999999,2.5609999999999997e-05,2.6835000000000017e-05,0.00027429775,0.00027381275,0.0001224248611111111,0.00012851541666666666,-0.0002166473611111111
2024-07-24 00:00:00+00:00,5.4519999999999986e-05,3.394e-05,6.627524999999999e-05,0.00018121024999999999,0.0001012195,7.310449999999998e-05,1.1812900000000012e-05,6.73679e-05,0.0004901608,0.00047418579999999996,0.0001505587,1.9236999999999957e-06,4.198999999999999e-05,0.00010135999999999999,0.0,6.4395e-05,0.0004572848,0.0004572848,0.00015264688333333333,0.00016164132777777776,-3.688033888888891e-05
2024-07-25 00:00:00+00:00,8.313975000000002e-05,-1.407024999999999e-05,0.00012164829999999999,7.26483e-05,5.3239599999999984e-05,5.3239599999999984e-05,3.178120000000001e-05,3.847619999999999e-05,0.00017865359999999999,0.0001434886,5.3154550000000004e-05,1.8219549999999984e-05,6.005499999999999e-05,0.0,7.371999999999999e-05,0.00011564,8.66473e-05,4.5167300000000004e-05,8.24488111111111e-05,5.253436666666667e-05,-0.0001370835166666667
2024-07-26 00:00:00+00:00,0.00021781015,0.00014642015000000002,0.00016208325,0.00033489325000000004,3.7177999999999964e-06,3.7177999999999964e-06,4.778999999999999e-05,6.725e-05,9.812854999999999e-05,9.545854999999999e-05,0.000117595,0.00024177,0.00021187555000000004,0.00023489555000000002,0.00010257999999999998,0.000234165,2.4538999999999983e-05,3.2639999999999877e-06,0.00010956881111111112,0.00015131492222222222,-0.0002856763888888889
2024-07-27 00:00:00+00:00,0.00010424,0.0,0.000387155,0.00020355,6.566714999999999e-05,0.00011078714999999999,2.773925000000001e-05,4.1329250000000014e-05,8.950000000000001e-05,0.0,0.000144115,3.9705e-05,0.00019617714999999999,4.0237150000000005e-05,6.90219e-05,3.16469e-05,0.00011510394999999997,6.268894999999999e-05,0.00013319104444444444,5.8882711111111113e-05,-0.00021584117777777783
2024-07-28 00:00:00+00:00,0.0,0.0,0.0001791455,0.00010043049999999998,0.00016569074999999998,0.00014256075,7.235299999999989e-06,4.910299999999993e-06,8.886404999999998e-05,6.273404999999999e-05,8.290644999999997e-05,8.800644999999997e-05,3.4945e-05,0.0,1.7840000000000016e-05,7.590000000000013e-06,0.00032086275,0.00025524274999999996,9.972108888888887e-05,7.349719999999999e-05,-0.0003508256111111111
2024-07-29 00:00:00+00:00,0.0,0.0,0.00010973675,0.00011945174999999999,0.00020571225000000007,0.00015651725000000004,-7.847780000000002e-05,-0.0001005878,0.0,5.6315000000000005e-05,8.5005e-05,0.00012005,2.4325000000000002e-05,4.648499999999999e-05,2.3563799999999996e-05,4.614880000000002e-05,0.00024409029999999997,0.00023875030000000002,6.821725555555556e-05,7.590336666666667e-05,-0.0002512399
2024-07-30 00:00:00+00:00,3.3901849999999984e-05,2.5868499999999975e-06,0.00030028110000000004,0.00020204109999999998,0.0004668122499999999,0.00043673224999999993,5.321895e-05,4.6018950000000004e-05,0.00011926190000000003,0.00011013190000000003,3.6120000000000007e-05,0.0,0.0001037824,-9.776000000000152e-07,4.7025000000000005e-05,3.833000000000001e-05,0.000164669,0.00013313899999999997,0.00014723027222222223,0.00010755582777777777,-0.00017155242222222225
2024-07-31 00:00:00+00:00,1.172444999999999e-05,7.244449999999982e-06,0.00053141135,0.00053177135,8.391184999999998e-05,0.00012571185,5.3054999999999986e-05,8.4385e-05,0.0002805426,0.00030767759999999995,2.213e-05,0.00010923,3.7795e-05,5.775e-05,2.9924999999999996e-05,1.8289999999999993e-05,8.981999999999845e-07,1.6568200000000015e-05,0.00011682149444444442,0.00013984760555555556,-0.00035371935555555554
2024-08-01 00:00:00+00:00,5.834075000000001e-05,2.2995749999999994e-05,0.0002068005,7.29655e-05,7.9665e-05,2.5684999999999985e-05,0.000116375,2.641e-05,8.108555000000001e-05,9.263555000000001e-05,0.00014981,8.083e-05,0.00021048499999999997,7.029e-05,9.7235e-05,0.00010756499999999999,8.013465000000001e-05,4.3679650000000005e-05,0.00011999238333333334,6.033960555555556e-05,-0.00036646539444444446
2024-08-02 00:00:00+00:00,5.939499999999999e-05,0.0,6.828984999999999e-05,0.00014255984999999997,0.00011571405000000003,0.00015606405000000002,0.00012503000000000001,0.00013883,-2.803199999999975e-06,3.6606800000000024e-05,0.00017466425,0.00011686424999999997,9.804444999999999e-05,7.593945000000001e-05,8.127e-05,0.00010091500000000002,-4.5399500000000005e-05,0.0001279155,7.491165555555557e-05,9.952165555555556e-05,-0.0001506902666666667
2024-08-03 00:00:00+00:00,8.837070000000002e-05,0.00011701570000000003,-9.651100000000003e-06,2.25889999999998e-06,9.121000000000063e-07,3.82521e-05,0.00013566499999999998,0.00014204,1.2438699999999997e-05,4.2883699999999984e-05,0.00012299379999999998,0.00015754879999999998,4.397285e-05,9.043285e-05,8.553179999999999e-05,9.65518e-05,-3.2309999999998483e-07,0.00018855190000000003,5.332341666666667e-05,9.728175e-05,-0.00030718357222222223
2024-08-04 00:00:00+00:00,0.00019492499999999998,0.00010187500000000001,0.00021352690000000002,0.0001176669,5.933650000000002e-05,0.00020593650000000002,3.2220000000000007e-05,7.824500000000001e-05,4.408095e-05,0.00017787595,0.000138715,0.000115115,-6.334754999999999e-05,-6.565755e-05,4.1490000000000004e-05,0.00013332,5.23935000000002e-06,5.4744349999999994e-05,7.402068333333334e-05,0.00010212457222222223,-0.00021522819444444447
2024-08-05 00:00:00+00:00,0.00012801,0.00011399,7.910619999999998e-05,0.00021418620000000004,6.603519999999999e-05,0.00015292019999999998,9.6735e-05,0.00017191,2.1455599999999988e-05,0.0001332906,0.00013703645,0.00016229645,9.24162e-05,5.25762e-05,0.00010146410000000001,0.0001584191,2.8075849999999996e-05,0.00010922085,8.33705111111111e-05,0.00014097884444444446,1.3629955555555554e-05
2024-08-06 00:00:00+00:00,-0.0001137191,-0.0001218391,-0.00022552349999999997,-9.551349999999989e-05,5.469740000000001e-05,0.00017509239999999998,4.0638899999999995e-05,4.428890000000001e-05,0.00011487580000000002,0.00012262080000000002,2.512095e-05,-3.4579050000000006e-05,0.00023750979999999998,0.00021883479999999997,-0.00030683265000000005,-0.00028116265000000006,-0.0001925693,4.25507e-05,-4.064463333333334e-05,7.810366666666666e-06,-5.238587222222224e-05
2024-08-07 00:00:00+00:00,0.00017306255,4.590255000000001e-05,-0.00015330529999999995,-0.00020288529999999995,0.00012397,8.688499999999999e-05,0.000165537,0.000120187,0.00020846820000000002,0.0002002282,0.0001751809,4.9758999999999865e-06,0.000203565,8.337000000000001e-05,9.620714999999998e-05,0.00018736215000000008,5.295000000000005e-06,0.00024936,0.00011088672222222222,8.615394444444446e-05,-0.00016784543333333334
2024-08-08 00:00:00+00:00,-0.00025203755,-0.00028389755,-1.3787600000000025e-05,-3.41676e-05,0.00014356515,2.4380150000000024e-05,6.204764999999999e-05,1.8447649999999993e-05,-0.00020370649999999996,-0.00017562149999999997,0.0001304336,0.0001185286,8.427909999999999e-05,0.0001256941,2.3676649999999986e-05,8.080665e-05,-0.00014996490000000003,-0.00012726490000000002,-1.9499377777777784e-05,-2.8121599999999995e-05,-0.00013554265555555558
2024-08-09 00:00:00+00:00,-8.677704999999999e-05,-3.7597049999999996e-05,-0.00016444339999999996,-0.00025203339999999995,3.489955e-05,1.3779550000000003e-05,4.3439450000000006e-05,8.899450000000008e-06,-0.0001741755,-0.00010552550000000002,0.0001623083,7.96683e-05,0.0,1.1729999999999998e-05,5.4835799999999994e-05,7.298080000000001e-05,4.9534749999999995e-05,3.0449749999999998e-05,-8.9309e-06,-1.9738677777777777e-05,-0.00026208341666666675
2024-08-10 00:00:00+00:00,2.819205000000001e-05,3.426205e-05,-9.562690000000003e-05,3.060309999999996e-05,-6.98174e-05,-3.7174e-06,-0.0001246033,-8.09133e-05,-0.00021653945,-0.00019462444999999998,0.00024521659999999997,0.00012860659999999998,5.726179999999998e-05,9.03068e-05,-5.291000000000019e-06,5.9788999999999986e-05,-0.0001762507,-0.0001387007,-3.9717588888888905e-05,-8.26536666666667e-06,-0.00032066175000000006
2024-08-11 00:00:00+00:00,0.00021168075000000002,0.00017003075,-0.0005070245,-0.00022812949999999996,0.0001828589,4.77089e-05,0.00010876755,0.00011224755,7.50314e-05,5.535639999999999e-05,0.00032105999999999997,8.1465e-05,2.239145e-05,6.409644999999998e-05,-9.785300000000001e-06,1.2914699999999997e-05,-3.52644e-05,-4.90694e-05,4.10795388888889e-05,2.9624538888888892e-05,-0.0002307701166666667
2024-08-12 00:00:00+00:00,0.0001900033,5.88333e-05,-1.0363949999999967e-05,-3.594895000000001e-05,0.00014537545,0.00011524044999999999,0.00018135500000000001,0.00013393000000000001,0.00014540389999999999,0.0001864739,0.00050430265,0.00037440765,0.00014855425,0.00019885924999999996,9.795520000000002e-05,0.00011588020000000001,0.00014253305000000002,0.00015191805,0.00017167987222222223,0.00014439931666666665,-0.0001250924666666667
2024-08-13 00:00:00+00:00,8.799e-05,5.836499999999999e-05,-0.00017308040000000004,-0.00011392540000000005,0.00011171,3.9130000000000007e-05,0.000100195,0.00013916000000000002,7.881500000000001e-05,0.000100215,0.0002288674,0.0001989124,8.47387e-05,0.0001703887,5.1658249999999996e-05,9.452825e-05,8.549065e-05,0.00014996065,7.293162222222222e-05,9.297051111111112e-05,6.211155555555562e-06
2024-08-14 00:00:00+00:00,8.138000000000001e-05,5.866000000000001e-05,6.547280000000001e-05,3.0852800000000045e-05,0.000136205,7.698500000000001e-05,-3.546455e-05,5.854045e-05,0.0001569057,8.27507e-05,0.000202545,0.00011980999999999999,9.198245000000002e-05,8.796245e-05,0.00011469,0.000146535,4.9050499999999896e-06,0.00021544005000000003,9.09579388888889e-05,9.750405000000001e-05,-4.550322222222222e-05
2024-08-15 00:00:00+00:00,7.385015e-05,0.00011186015,-0.0001866216,-0.0001371366,0.00021928484999999997,0.00019866484999999997,0.00010800950000000001,6.74895e-05,0.0001463539,0.00011876390000000001,0.00012908,4.652000000000001e-05,7.942499999999999e-05,8.9175e-05,0.00010143175000000001,8.247675000000001e-05,0.0001277545,0.0002460245,8.872978333333335e-05,9.153756111111111e-05,-7.357319444444445e-05
2024-08-16 00:00:00+00:00,-1.777182608695659e-06,4.0277817391304335e-05,-8.220627826086957e-05,-6.420127826086958e-05,0.00021674857391304348,0.00013308357391304346,-5.3044443478260864e-05,1.8385556521739138e-05,-0.0001265101652173913,-6.69701652173913e-05,3.908999999999999e-05,0.0,6.594442608695653e-05,0.00014033442608695653,-7.239286956521757e-06,1.8957130434782554e-06,0.00010089668695652174,0.00017870668695652174,1.6878036714975844e-05,4.2390258937198064e-05,-0.00021577876328502424
2024-08-17 00:00:00+00:00,-5.342649999999999e-06,-3.250265e-05,0.00028872485,0.00037683985000000003,0.00014890939999999997,-1.0980599999999996e-05,0.00014847635,0.00011614135,-5.109405e-05,-9.31905e-06,1.7079650000000002e-05,-2.9825349999999987e-05,0.0001708963,6.18563e-05,0.00011366495000000001,0.00010882495,-0.00013972685,-0.00016480185,7.684310555555554e-05,4.624810555555557e-05,-0.00035193685000000003
2024-08-18 00:00:00+00:00,-0.00057440885,-0.0006260688499999999,0.00011143200000000001,-5.0417999999999984e-05,8.632995000000002e-05,1.1339950000000025e-05,5.635329999999998e-05,9.618829999999999e-05,-1.2964949999999992e-05,-4.944949999999995e-06,1.714699999999994e-06,2.8859699999999997e-05,4.273125e-05,1.6656249999999998e-05,6.163475000000001e-05,-7.03525e-06,-0.000169579,-2.8938999999999992e-05,-4.408409444444443e-05,-6.270687222222219e-05,-0.0003498425166666667
2024-08-19 00:00:00+00:00,-0.00026566305,-0.00030673805,0.000141315,1.3715000000000003e-05,0.00014618085,9.922085000000001e-05,6.0424349999999993e-05,1.3149349999999996e-05,1.3869749999999995e-05,2.2659750000000003e-05,0.00019935759999999998,6.570759999999999e-05,3.082645000000001e-05,-2.264355e-05,-4.820775e-05,-9.182749999999998e-06,-1.0563500000000005e-05,-8.21535e-05,2.972663333333333e-05,-2.2918366666666667e-05,-0.00019579476666666668
2024-08-20 00:00:00+00:00,-0.000396025,-0.00043664,-0.0004845652,-0.0004373752,0.00017504879999999997,0.00011289879999999999,9.46755e-05,9.60955e-05,0.0001065248,0.0001329448,7.139270000000002e-05,6.464270000000002e-05,3.925555e-05,8.267555e-05,-2.4996399999999997e-05,5.2508599999999994e-05,2.2879450000000003e-05,0.00014074445,-4.397886666666667e-05,-2.1278311111111108e-05,-0.00012248755555555556
2024-08-21 00:00:00+00:00,-0.00011790395,-5.762894999999999e-05,-0.00013699994999999998,5.629505e-05,0.0001149344,9.00644e-05,0.00010306514999999999,-3.454850000000004e-06,0.00011378140000000001,7.398640000000001e-05,2.87647e-05,4.29297e-05,3.5887799999999985e-05,0.0001746028,4.856500000000022e-06,6.49715e-05,4.682870000000001e-05,9.561870000000001e-05,2.146830555555556e-05,5.970941666666667e-05,-0.00015282695
2024-08-22 00:00:00+00:00,-0.0002489512,-0.0002317712,-0.00015234375,-6.507374999999998e-05,0.00015797575,0.00015383575,6.771594999999998e-05,5.447095e-05,-5.666875e-05,-5.6403749999999993e-05,-2.3511850000000004e-05,-2.187184999999999e-05,5.546445e-05,0.00024536445,-4.2364449999999994e-05,-3.86444999999999e-06,-4.58557e-05,-2.3395699999999997e-05,-3.205995e-05,5.698938888888894e-06,-0.0001980844444444445
2024-08-23 00:00:00+00:00,-1.4060049999999987e-05,-5.559005e-05,-1.724849999999999e-05,-8.11385e-05,0.00019569170000000003,0.0001048517,8.8595e-05,3.8760000000000015e-05,0.00012227585,0.00011748585000000002,8.711e-05,0.00016926,1.5692750000000013e-05,0.00014151275,3.450000000000002e-05,3.4045e-05,9.804499999999999e-05,0.00010224500000000001,6.784463888888889e-05,6.349241666666667e-05,-0.00024929901666666666
2024-08-24 00:00:00+00:00,1.1399999999999994e-05,0.0,0.00016972070000000002,0.0002784657,0.0002159211,8.928609999999999e-05,8.746e-05,6.2105e-05,8.75e-05,5.4395000000000004e-05,3.6139199999999994e-05,0.0001544192,9.2294e-06,0.0001061244,2.312469999999999e-05,4.692469999999999e-05,0.00013021,0.0001479,8.563390000000001e-05,0.00010440223333333333,-9.72538777777778e-05
2024-08-25 00:00:00+00:00,9.048725000000002e-05,-6.697749999999995e-06,0.00022421189999999997,0.00015425189999999998,0.0002314533,0.0001780483,0.000129025,0.00010409500000000001,0.00015002979999999998,0.00010545479999999999,5.0674999999999985e-05,8.646499999999999e-05,3.623339999999999e-05,8.422840000000001e-05,-1.1174149999999999e-05,3.395085e-05,6.8116e-05,-4.989000000000011e-06,0.00010767305555555556,8.164527777777777e-05,-9.768573333333336e-05
2024-08-26 00:00:00+00:00,1.2006599999999991e-05,2.438659999999999e-05,7.462835e-05,8.693349999999997e-06,0.00033839515,0.00020247515,0.000137915,8.1245e-05,0.00011662175000000002,2.9717500000000186e-06,1.7550000000000003e-05,4.8600000000000016e-05,-7.366589999999999e-05,-0.0001095359,-3.656840000000001e-05,-1.2188400000000019e-05,5.7875000000000004e-05,0.0,7.163972777777779e-05,2.740528333333333e-05,-0.00016849209444444444
2024-08-27 00:00:00+00:00,-2.9607399999999987e-05,-4.349740000000001e-05,-9.059675e-05,3.598824999999999e-05,0.00038721860000000003,0.00036138360000000005,0.00010547459999999999,4.145459999999999e-05,-2.8540900000000003e-05,3.08141e-05,2.6040000000000005e-05,0.000121255,0.0001588321,8.263710000000001e-05,4.693750000000006e-06,2.271875e-05,8.449e-05,1.0209999999999995e-05,6.866711111111113e-05,7.366266666666667e-05,-0.00010147692222222223
2024-08-28 00:00:00+00:00,-0.00022188010000000002,-0.0001798451,-6.062575000000001e-05,-5.8240749999999996e-05,9.198515e-05,2.6010149999999994e-05,5.198010000000001e-05,9.693510000000001e-05,-4.18184999999999e-06,3.938814999999999e-05,4.1918000000000014e-05,7.583000000000009e-06,6.64614e-05,4.0013999999999936e-06,2.4400899999999995e-05,2.0750899999999995e-05,4.8845000000000004e-05,4.417e-05,4.322538888888889e-06,8.365000000000234e-08,-0.00010308661111111112
2024-08-29 00:00:00+00:00,0.00026945489999999995,0.0002251299,2.4205750000000018e-05,-4.305424999999999e-05,0.000166135,0.00017305,0.00014116445000000004,0.00014577945,0.00015330195,0.00014603195,0.00016192909999999998,0.00017630910000000002,9.593915e-05,6.864915000000001e-05,5.510209999999999e-05,5.474709999999998e-05,0.00014542495,0.00020695995,0.00013473970555555556,0.00012817803888888889,-0.00020631593333333335
2024-08-30 00:00:00+00:00,0.00010432130000000003,7.797130000000001e-05,7.378799999999999e-05,-3.682200000000001e-05,0.00015995400000000002,0.000123974,0.00019998595,0.00016423595,0.00013664245,9.644245e-05,0.00013028075000000002,0.00015909075,6.57e-05,2.2865000000000016e-05,0.0001008814,0.0001256864,0.0002353209,0.0002135359,0.00013409719444444445,0.00010521997222222221,-3.3632027777777785e-05
2024-08-31 00:00:00+00:00,0.00011615949999999999,0.0001853945,-6.881949999999995e-06,4.838050000000019e-06,0.00011187755000000002,0.00019227255000000003,2.061395000000001e-05,7.855895000000001e-05,9.604405e-05,0.00015230904999999998,0.00012469995,3.923994999999998e-05,0.0002519502,0.0002519502,-8.25572e-05,1.05728e-05,3.5788849999999995e-05,0.00022629385000000002,7.418832222222223e-05,0.00012682554444444445,-0.00025504343888888887
2024-09-01 00:00:00+00:00,-9.355999999999976e-06,2.1898999999999995e-05,-0.00020071440000000003,-1.062440000000002e-05,7.11631e-05,2.2928100000000005e-05,6.324235e-05,-2.4507650000000002e-05,-7.99822e-05,-3.8077199999999995e-05,-8.72813e-05,-4.06813e-05,0.0,0.0,-0.00010546260000000002,-9.034760000000001e-05,-0.00011532859999999999,1.6971400000000005e-05,-5.152440555555555e-05,-1.582662777777778e-05,-0.0004483718222222223
2024-09-02 00:00:00+00:00,2.6300150000000016e-05,-3.3259850000000006e-05,-0.00030814639999999995,-0.00016611639999999993,0.000148505,8.4005e-05,5.066210000000001e-05,6.10721e-05,-0.0001621905,-0.00016446050000000002,7.346175e-05,7.461675e-05,0.0,2.170000000000001e-05,-6.415034999999998e-05,-1.749535e-05,-0.00010821375,3.515124999999997e-05,-3.819688888888888e-05,-1.1642999999999998e-05,-0.0001084582111111111
2024-09-03 00:00:00+00:00,-2.019259999999999e-05,-0.00016733259999999998,-0.00015497615000000003,8.840885e-05,0.00011093975000000001,0.00010794475000000001,0.00017839365,0.00014206365,3.863849999999999e-05,9.048849999999999e-05,0.00015341650000000003,0.0001672915,2.833e-05,7.311e-05,-6.359945e-05,-1.9249449999999996e-05,-0.00012753895,5.019605000000002e-05,1.5934583333333335e-05,5.921347222222222e-05,-0.00012530272777777778
2024-09-04 00:00:00+00:00,-0.00030307965,-0.00030938464999999996,-0.0001382413,-0.00013293130000000003,-7.98035e-05,-6.45185e-05,-4.52862e-05,6.68388e-05,-0.00019372410000000002,-0.0001261491,0.0001104051,0.0001342251,0.00021182979999999994,0.0005471197999999999,3.8431200000000006e-05,8.385120000000001e-05,-0.00024606344999999997,1.411154999999998e-05,-7.17257888888889e-05,2.3684766666666654e-05,-1.5705594444444474e-05
2024-09-05 00:00:00+00:00,-0.00039492890000000005,-0.00035033890000000004,-0.00027688964999999995,-1.845964999999999e-05,0.00012721805,0.00012538305,2.7464500000000015e-06,3.0786450000000004e-05,-3.68452e-05,5.31798e-05,0.00013970555,3.1130549999999986e-05,-0.0025269629999999997,0.000553987,-7.57244e-05,-3.94994e-05,-7.616775e-05,0.00013205225,-0.00034642764999999996,5.758012777777777e-05,0.00013262906111111107
2024-09-06 00:00:00+00:00,-0.00020620304999999995,-0.00020599804999999995,-0.00014517099999999998,8.475900000000005e-05,8.2345e-05,0.00016778,-5.217105e-05,-3.2896049999999995e-05,-0.00012155615,8.763850000000006e-06,0.00015653085,6.614085000000002e-05,0.0004718998,0.00034274479999999997,5.648970000000001e-05,5.384470000000002e-05,-0.00034094080000000003,-0.00030297580000000003,-1.0975188888888875e-05,2.024036666666667e-05,-0.00010974830555555557
2024-09-07 00:00:00+00:00,-0.00036869489999999996,-0.00045024489999999996,-9.149124999999997e-05,4.012874999999997e-05,0.00011825685,0.00016732685000000002,2.8778049999999988e-05,2.3523049999999995e-05,-3.4198650000000005e-05,7.386135e-05,0.00010751315000000001,0.00010778815,0.00048886845,,6.5674e-05,5.380899999999999e-05,-8.79898e-05,-1.5959800000000006e-05,2.5190655555555567e-05,2.9056250000002726e-08,8.413499999999877e-07
2024-09-08 00:00:00+00:00,-0.00028708965000000003,-0.00035030965000000004,0.0001706022,0.0002239172,0.000227135,0.00010682000000000001,6.0433749999999994e-05,8.794875e-05,8.20652e-05,0.0001298852,0.00012792975,6.568474999999999e-05,0.0010171209,,5.886499999999999e-05,0.000131725,0.00013691195,0.00024888695,0.0001771082333333333,8.0569775e-05,-7.279351111111112e-05
2024-09-09 00:00:00+00:00,-0.00039286405000000006,-0.00040851905,4.8655e-05,0.000129755,0.00015890995000000002,7.295495e-05,-0.00012241045,2.3739549999999995e-05,9.860500000000001e-05,0.00019181500000000002,1.638884999999999e-05,3.659884999999998e-05,0.0003021324,,8.12825e-05,4.014750000000001e-05,4.588000000000001e-05,0.000160815,2.6286577777777775e-05,3.0913350000000004e-05,-2.2912333333333243e-06
2024-09-10 00:00:00+00:00,-0.00013747045,-0.00011317545000000002,4.125715e-05,3.0212150000000002e-05,8.959739999999999e-05,-8.05726e-05,9.070404999999998e-05,2.1434049999999992e-05,0.00011295660000000001,5.9191600000000004e-05,9.729090000000001e-05,0.0001336159,,,4.063499999999999e-05,5.899000000000001e-05,0.00018196,9.2205e-05,6.461633125e-05,2.5237581249999997e-05,-0.00025220953333333337
2024-09-11 00:00:00+00:00,-6.311695000000001e-05,-6.499195e-05,1.464105000000001e-05,5.163605000000003e-05,0.00015378675,4.201175e-05,7.235999999999999e-05,6.1425e-05,0.0001457622,0.0001156372,0.00013496545,0.00010701545000000001,,,8.489850000000003e-06,9.501985000000003e-05,9.868e-05,5.375000000000005e-06,7.069604375e-05,5.164104375000001e-05,-4.220085555555555e-05
2024-09-12 00:00:00+00:00,-0.00014904679999999998,-0.0001051868,-8.325864999999999e-05,-3.0488649999999985e-05,0.00010489095,-5.171904999999999e-05,0.00012628550000000002,5.123050000000002e-05,9.678789999999999e-05,0.00010199289999999999,6.401499999999999e-05,0.00012218,,,4.050055000000003e-05,0.00022420055,0.00020047244999999998,0.00030574745000000003,5.0080862500000004e-05,7.724461250000001e-05,-8.085423333333334e-05
2024-09-13 00:00:00+00:00,-0.00011549415,-0.00010598914999999997,0.00011425704999999996,4.911204999999999e-05,0.0001615773,8.695730000000002e-05,0.00012073185,5.331185e-05,0.00011889,9.49e-05,5.0645e-05,0.0,,,6.315484999999999e-05,9.183985e-05,0.00016175,0.000138035,8.443898749999999e-05,5.1020862500000006e-05,-7.353608333333335e-05
2024-09-14 00:00:00+00:00,-0.00013925125,-0.00015538124999999999,0.00011138499999999999,1.911500000000001e-05,0.00013752225,0.00011863725000000001,7.583999999999999e-05,5.9849999999999994e-06,5.797765e-05,3.933765e-05,4.070000000000006e-06,0.00011475500000000001,,,0.00010121095000000001,0.00020132595,0.00012106580000000001,0.00011119080000000001,5.872755000000001e-05,5.6870675e-05,2.1906612499999995e-05
2024-09-15 00:00:00+00:00,5.32098e-05,2.336480000000001e-05,7.4315e-05,0.0,0.00017757,0.00017447,0.0001304,6.5075e-05,0.00014717499999999999,2.6009999999999997e-05,0.0,0.000170025,,,2.800499999999999e-05,7.3265e-05,0.0001482021,0.00015411709999999998,9.485961249999999e-05,8.57908625e-05,2.250961249999999e-05
2024-09-16 00:00:00+00:00,2.2580499999999978e-05,-1.4204500000000008e-05,0.00012679874999999997,1.5563749999999988e-05,0.00015044,7.477e-05,2.2405000000000017e-05,0.00010678999999999999,0.00012448944999999997,2.8299449999999982e-05,8.955000000000008e-06,9.606e-05,,,-1.007689999999998e-05,1.1998100000000016e-05,0.00014175675,0.00015888175,7.341856874999998e-05,5.976981875e-05,-0.00015456750625000002
2024-09-17 00:00:00+00:00,-0.00011196269999999999,4.4617300000000004e-05,0.00012324125,-3.659874999999999e-05,8.635999999999999e-05,9.923e-05,0.00015560999999999998,0.00018069,0.000174315,0.00016230499999999999,6.680500000000001e-05,0.000177515,,,0.00012472005,0.00017882504999999999,0.00013081,0.0002301,9.3737325e-05,0.00012958545,-0.00013036311875
2024-09-18 00:00:00+00:00,-0.00017409495,-0.00012302994999999998,0.00020178235000000002,5.782235000000001e-05,3.882225e-05,1.807225000000001e-05,0.00016719695,0.00014815194999999998,7.0525e-05,7.655e-05,0.00010147,9.799999999999998e-05,,,0.00017340554999999998,0.00013132555,7.820500000000001e-05,6.4495e-05,8.216401875e-05,5.8923393750000004e-05,-0.00032841190000000006
2024-09-19 00:00:00+00:00,-0.0003006708,-0.0002884058,4.680044999999999e-05,-5.987955000000002e-05,7.696460000000002e-05,4.009960000000002e-05,5.9434999999999996e-05,7.4875e-05,1.4217500000000085e-06,0.00010014175,0.000125375,0.000147655,,,0.000129806,0.000130621,0.00014677475,0.00019361474999999998,3.573834375e-05,4.234021875000001e-05,-0.0002085971375
2024-09-20 00:00:00+00:00,-5.734305e-05,-0.00010177305,3.412595000000001e-05,1.8245950000000004e-05,0.0003011887,0.0002462337,4.344999999999999e-05,4.402e-05,2.7221300000000023e-05,1.939130000000003e-05,2.2095e-05,8.960000000000018e-06,,,0.0,0.0,0.00035651945,0.00032152445,9.090716875e-05,6.957529375e-05,-0.00039956235
2024-09-21 00:00:00+00:00,-2.988834999999999e-05,-6.136835000000001e-05,5.066905e-05,6.875905e-05,9.049775000000002e-05,9.506275000000002e-05,1.936e-05,4.1355e-05,3.2407999999999754e-06,1.9107999999999797e-06,5.344999999999998e-06,1.7755000000000005e-05,,,0.0,0.0,0.00011974285000000001,0.00011974285000000001,3.237088750000001e-05,3.5402137500000004e-05,-0.00010171400000000001
2024-09-22 00:00:00+00:00,0.0,0.0,5.3960000000000005e-05,0.00030857499999999995,3.5639999999999984e-05,0.000158295,2.5289999999999997e-05,1.404000000000002e-05,9.507055000000002e-05,7.039055000000002e-05,0.0,1.2440000000000016e-05,,,0.0,6.0519999999999997e-05,2.9629999999999992e-05,1.575000000000001e-05,2.994881875e-05,8.000131875000001e-05,-0.00042219243125
2024-09-23 00:00:00+00:00,-0.00030239715,-0.00033718715,1.8727400000000003e-05,0.00026072739999999996,4.462000000000001e-05,0.00014732,2.153999999999999e-05,2.8844999999999982e-05,5.917250000000002e-05,0.00017053250000000002,7.720499999999999e-05,0.00010172499999999999,,,3.894000000000005e-06,0.00014397399999999997,5.217e-05,6.738e-05,-3.1335312499999985e-06,7.291459374999999e-05,-0.00019639424375000002
2024-09-24 00:00:00+00:00,-8.790474999999999e-05,-6.704474999999999e-05,6.045140000000001e-05,0.00020560140000000003,9.866924999999999e-05,9.843925e-05,4.1549999999999994e-05,7.557000000000001e-05,6.689795000000002e-05,7.115295000000001e-05,5.8159149999999994e-05,0.00014730915,,,5.844500000000209e-07,0.00022190945000000002,0.00015733999999999998,4.123500000000001e-05,4.9468431250000006e-05,9.927155625000002e-05,-0.00011681788125000003
2024-09-25 00:00:00+00:00,-0.00020016495,-0.00020016495,-0.00018813045,-0.00016730545,0.00021153095,0.00014451094999999998,0.00021831314999999998,0.00020323315,8.710655e-05,3.3131550000000017e-05,0.0001361653,6.270029999999999e-05,,,-2.5720199999999995e-05,8.571480000000001e-05,0.00016764635,0.00015049135,5.08433375e-05,3.9038962500000004e-05,-8.493841250000002e-05
2024-09-26 00:00:00+00:00,1.1831000000000008e-06,1.1831000000000008e-06,-0.0002574106,-0.00017609060000000002,0.0002827403,0.00015124030000000002,0.00042439679999999995,0.0003973368,9.546225e-05,2.7482250000000023e-05,0.00021751795,0.00021751795,,,0.0,0.0,9.680615000000002e-05,0.00012179115000000001,0.00010758699375,9.255761875e-05,-7.508511875000002e-05
2024-09-27 00:00:00+00:00,1.657299999999994e-06,1.657299999999994e-06,-6.3344e-06,6.782060000000001e-05,0.0002311617,0.00017560670000000005,8.875029999999997e-05,8.875029999999997e-05,2.1939999999999993e-05,0.0,4.2744e-06,4.2744e-06,,,-1.8949949999999986e-05,-1.8949949999999986e-05,0.00012971739999999998,0.00011311739999999998,5.6527093749999994e-05,5.4034593750000004e-05,-0.00023452695000000004
2024-09-28 00:00:00+00:00,4.535000000000001e-05,0.0,0.0,0.0,0.0003138196999999999,0.0003079147,8.837015000000002e-05,7.469015e-05,3.2025000000000006e-05,3.861e-05,0.00014215965,0.00014215965,,,0.0,0.0,0.00028986625,0.00027333125,0.00011394884374999999,0.00010458821875,-0.00019005428125
2024-09-29 00:00:00+00:00,0.0,0.0,0.0,0.0,7.415500000000001e-05,4.4399999999999995e-05,0.0002458426499999999,0.00021723264999999993,3.9552799999999985e-05,3.11778e-05,6.706249999999989e-06,6.706249999999989e-06,,,0.0,7.669999999999994e-06,9.811399999999999e-06,6.19914e-05,4.7008512499999986e-05,4.6147262499999985e-05,-0.00020225136875000002
2024-09-30 00:00:00+00:00,2.0071800000000003e-05,-9.563199999999998e-06,9.158000000000001e-05,0.000239445,0.00025473925,0.00016026925,0.00020477499999999995,0.00020477499999999995,5.5229999999999985e-05,4.1135e-05,5.027600000000016e-06,2.3157600000000027e-05,,,2.0954449999999997e-05,2.0954449999999997e-05,4.6267300000000003e-05,0.00011924229999999999,8.733067499999999e-05,9.9926925e-05,-9.082105625000002e-05
2024-10-01 00:00:00+00:00,2.3028500000000016e-06,-3.8571499999999915e-06,0.0001336,1.9785000000000018e-05,0.0005105033,0.00046558330000000004,0.00014188175,0.00011813675,3.296704999999999e-05,3.590205e-05,6.452499999999945e-07,3.1805249999999975e-05,,,6.7527000000000065e-06,4.512770000000001e-05,9.3475e-05,0.00012134500000000001,0.0001152659875,0.00010422848750000001,-0.00013094278125000004
2024-10-02 00:00:00+00:00,-3.634119999999999e-05,-6.96762e-05,0.00018713819999999998,5.673199999999998e-06,0.0002213992,0.0003306742,0.00015659445,9.856445e-05,0.00012593375000000001,0.00018820875000000002,9.105975e-05,4.747474999999998e-05,,,2.655615000000003e-05,5.080615000000002e-05,0.00035988805,0.00035988805,0.00014152854375,0.00012645166875,-0.00022074428125
2024-10-03 00:00:00+00:00,6.653555e-05,-3.261445e-05,0.00022495365000000004,0.00013299865,3.3839999999999994e-05,5.9245000000000006e-05,0.0002628386,0.0003404436,5.912500000000006e-06,0.00011168250000000001,0.000131955,0.00018025500000000001,,,8.535000000000002e-06,0.000121905,0.00018054785000000002,0.00018266285,0.00011438976875000001,0.00013707226875,-3.49628e-05
2024-10-04 00:00:00+00:00,2.392875e-05,-9.396625e-05,9.734245000000002e-05,-4.162549999999997e-06,8.4415e-05,2.7144999999999995e-05,0.0001766814,0.0002808564,9.221719999999999e-05,0.00020249219999999999,0.000165995,0.00016821,,,9.785265e-05,6.771764999999998e-05,0.00022353135000000002,0.00028688135,0.000120245475,0.00011689672499999999,1.7513449999999994e-05
2024-10-05 00:00:00+00:00,-0.00010570165,-0.00019643165,0.0003579325000000001,0.00018635250000000002,0.000102705,6.2685e-05,0.00021459745,0.00018624245000000003,2.667295e-05,9.487295000000001e-05,0.00012813,0.00011959,,,0.00012934705,0.00017702705,0.00022924445,0.00021250445000000001,0.00013536596875,0.00010535534375,-0.00011238236875
2024-10-06 00:00:00+00:00,-0.0003174374,-0.0003777974,0.00018819499999999997,0.000140085,0.000148235,8.872999999999999e-05,0.00010339819999999999,0.0001262032,1.2996749999999979e-05,0.00019698174999999995,2.11e-05,0.00010545,,,0.00010240105000000001,0.00017727105,0.00018777270000000003,0.0002806527,5.58326625e-05,9.219703750000001e-05,5.009826249999999e-05
2024-10-07 00:00:00+00:00,-0.0001564683,-0.0001564683,0.0002396485,7.87335e-05,0.0001098,2.8729999999999984e-05,1.027455000000001e-05,4.480955000000001e-05,-2.3083349999999993e-05,7.973665e-05,8.046500000000001e-05,0.00013814,,,-3.212149999999999e-05,-1.3791499999999986e-05,4.810775000000002e-05,0.00016277775,3.457783125000001e-05,4.533345625e-05,-8.069198750000002e-05
2024-10-08 00:00:00+00:00,-0.00024421245,-0.00024602245,0.00012842655,0.00014467155,0.00012101000000000001,0.000102045,0.0005293849499999999,0.0006003749499999999,1.3853600000000007e-05,7.46436e-05,2.2874999999999997e-05,3.3839999999999994e-05,,,-0.00010809355000000001,-6.609855000000001e-05,0.00012181925,0.00017669925,7.313291875e-05,0.00010251916874999998,-0.00016606058125000003
2024-10-09 00:00:00+00:00,4.42321e-05,-4.77789999999997e-06,9.904865e-05,0.00021487864999999998,8.242e-05,0.00016432,0.00018839245000000003,0.00023131245,-0.00019772255000000003,-6.516255000000001e-05,0.0,0.000127445,,,-0.00010165410000000002,-7.087409999999999e-05,0.00012904985,0.00017796485,3.0470799999999996e-05,9.68883e-05,-9.196155000000001e-05
2024-10-10 00:00:00+00:00,-0.00012640535000000002,-0.00013619035,0.0001011189,0.00019263890000000003,3.461499999999998e-05,5.2494999999999984e-05,0.0002978944,0.0002331194,-2.4464650000000013e-05,4.1990350000000014e-05,0.0,0.0,,,-3.3239649999999996e-05,-3.964964999999999e-05,0.00012556895,0.00022950895,4.688595e-05,7.1739075e-05,-0.000228102175
2024-10-11 00:00:00+00:00,-0.00035193330000000007,-0.00037306830000000005,-0.00017831245000000001,-0.00012999744999999999,4.767685000000001e-05,4.363685e-05,0.00011482000000000002,8.738e-05,-0.00017325929999999998,-7.185429999999999e-05,2.4855e-05,1.2750000000000109e-06,,,-0.00020336889999999998,-0.0001762189,9.810810000000001e-05,0.0001279881,-7.767675e-05,-6.135737500000001e-05,-9.768826250000001e-05
2024-10-12 00:00:00+00:00,-3.9887350000000004e-05,-3.9887350000000004e-05,8.81153e-05,9.427530000000001e-05,5.8648850000000003e-05,-1.624614999999999e-05,0.00011428999999999999,3.397e-05,-6.092680000000001e-05,-2.0166800000000008e-05,9.777999999999999e-05,2.3495000000000015e-05,,,-4.615785000000001e-05,6.867715000000002e-05,0.0001775,0.00012239,4.867026875e-05,3.331339375e-05,-0.0003081872375
2024-10-13 00:00:00+00:00,-8.153175e-05,-8.153175e-05,3.016899999999998e-06,3.016899999999998e-06,7.663429999999998e-05,-3.270700000000016e-06,5.788750000000011e-06,5.788750000000011e-06,-7.716269999999999e-05,-0.00011736769999999998,0.0,0.0,,,-0.000113838,-0.000113838,0.0001610786,5.753599999999997e-06,-3.2517375000000006e-06,-3.76811125e-05,-0.00043078486875
2024-10-14 00:00:00+00:00,2.9995000000000014e-05,0.0,1.7245149999999995e-05,1.7245149999999995e-05,7.34974e-05,-5.367599999999984e-06,5.219920000000001e-05,2.0114199999999984e-05,5.129815e-05,-1.2376850000000005e-05,0.0,0.0,,,-0.00011050505,-0.00011481005,0.00013938245,4.865245000000001e-05,3.16390375e-05,-5.8178375e-06,-0.00024388353750000004
2024-10-15 00:00:00+00:00,-6.765500000000018e-07,-2.3315499999999896e-06,6.449190000000001e-05,0.0001254219,7.361600000000009e-06,3.866599999999999e-06,0.00015656455000000004,0.00015656455000000004,-7.212895000000001e-05,-8.933394999999999e-05,0.0,0.0,,,-0.00018525105,-0.00020225105000000002,0.000127244,5.8073999999999986e-05,1.2200687500000002e-05,6.251312500000005e-06,-0.00016239806875
2024-10-16 00:00:00+00:00,0.0,0.0,0.00019633,0.000122535,-1.7949399999999998e-05,-1.7949399999999998e-05,0.00024271680000000008,0.00024271680000000008,-0.0001089837,-0.0001089837,0.0,0.0,,,-2.9755200000000003e-05,-2.9755200000000003e-05,2.163680000000001e-05,2.163680000000001e-05,3.799941250000001e-05,2.8775037500000014e-05,-0.0002314961875
2024-10-17 00:00:00+00:00,-2.764500000000156e-07,-2.764500000000156e-07,0.00028389999999999996,0.000187415,1.5874999999999993e-05,0.0,0.00055484955,0.00055484955,-1.6366500000000007e-05,-1.6366500000000007e-05,0.0,0.0,,,-5.3014999999999864e-06,-5.3014999999999864e-06,7.65147e-05,5.35547e-05,0.00011364935,9.673435e-05,-8.559196875000002e-05
2024-10-18 00:00:00+00:00,-1.6790249999999994e-05,-6.250524999999999e-05,7.432999999999999e-05,6.289e-05,0.0,0.0,0.00027218455,0.00027218455,-3.7381050000000004e-05,-1.4781049999999986e-05,0.0,0.0,,,-3.347715e-05,-1.948215e-05,0.00016042554999999998,0.00013284554999999998,5.2411456249999996e-05,4.639395625e-05,-2.8819331250000014e-05
2024-10-19 00:00:00+00:00,3.142500000000235e-07,-5.660749999999992e-06,0.00015118465,0.00015558465,2.228155e-05,2.996654999999999e-05,0.0005517182500000001,0.0005517182500000001,0.0,0.0,0.0,0.0,,,0.0,0.0,4.880204999999999e-05,2.861704999999999e-05,9.678759375000002e-05,9.502821875e-05,-5.548688125e-05
2024-10-20 00:00:00+00:00,-2.7169999999999877e-06,-2.7169999999999877e-06,0.00019200014999999997,0.00015081515,0.0,0.0,0.00047088885000000005,0.00047088885000000005,0.0,0.0,0.0,0.0,,,0.0,0.0,7.257135e-05,4.83135000000001e-06,9.159291875000002e-05,7.797729375000001e-05,4.193254375e-05
2024-10-21 00:00:00+00:00,6.8315999999999966e-06,-1.3313399999999994e-05,0.0001371557,9.426569999999999e-05,1.0289000000000085e-06,1.0289000000000085e-06,0.00034221314999999995,0.00034221314999999995,-3.3288499999999965e-06,-3.3288499999999965e-06,0.0,0.0,,,-1.1780749999999996e-05,-1.1780749999999996e-05,0.00027462265000000003,0.00023418765000000002,9.33428e-05,8.040905e-05,9.42489375e-05
2024-10-22 00:00:00+00:00,0.0,0.0,0.00018060730000000002,0.00018060730000000002,4.1705200000000015e-05,4.1705200000000015e-05,0.00019236204999999998,0.00019236204999999998,0.0,0.0,4.95955e-06,4.95955e-06,,,0.0,0.0,0.00041846149999999997,0.00041846149999999997,0.00010476195000000001,0.00010476195000000001,4.142006249999997e-06
2024-10-23 00:00:00+00:00,-5.162200000000003e-06,-5.162200000000003e-06,7.377e-05,0.00011042499999999999,0.0,0.0,0.00015857390000000002,0.00015857390000000002,-1.2055550000000005e-05,-1.2055550000000005e-05,3.5555900000000016e-05,3.5555900000000016e-05,,,0.0,0.0,0.00010907004999999997,0.00010907004999999997,4.49690125e-05,4.95508875e-05,-0.00010274138125
2024-10-24 00:00:00+00:00,-1.4917000000000136e-06,-1.4917000000000136e-06,0.00016762645,9.424645000000001e-05,0.00012705255,0.00012705255,6.844095000000001e-05,5.324595000000001e-05,-2.9160499999999846e-06,-2.9160499999999846e-06,3.4696500000000084e-06,3.4696500000000084e-06,,,-7.237700000000018e-06,2.3672299999999994e-05,0.00023529790000000002,0.00023529790000000002,7.378025625e-05,6.657213125e-05,-7.519776875000001e-05
2024-10-25 00:00:00+00:00,-3.073820000000001e-05,-3.073820000000001e-05,8.003e-05,2.158e-05,3.8048650000000004e-05,3.8048650000000004e-05,0.00012961689999999997,0.00012961689999999997,0.0,0.0,9.06269999999999e-06,9.06269999999999e-06,,,4.021050000000011e-06,2.5331050000000005e-05,6.942975000000003e-05,6.942975000000003e-05,3.743385625e-05,3.279135625e-05,-6.511541875000001e-05
2024-10-26 00:00:00+00:00,-2.17798e-05,-2.17798e-05,5.4818749999999994e-05,1.9187500000000013e-06,-9.459200000000008e-06,5.055799999999982e-06,5.13836e-05,1.1738599999999996e-05,-4.004655000000001e-05,-4.004655000000001e-05,1.2130500000000002e-05,1.2130500000000002e-05,,,-4.418370000000001e-05,-4.215869999999999e-05,4.766635e-05,1.4556350000000012e-05,6.316243749999995e-06,-7.323131250000002e-06,-7.524345e-05
2024-10-27 00:00:00+00:00,8.310975e-05,2.892475e-05,0.00020820755000000005,7.022754999999999e-05,3.8379999999999995e-05,1.935499999999999e-05,0.00010903460000000004,8.707960000000004e-05,0.0,1.2260000000000011e-05,7.864999999999993e-06,7.259e-05,,,-0.00018377785000000003,-0.00018145785,0.00018126065000000001,0.00013684565,5.55099625e-05,3.0728087500000004e-05,-9.525244999999999e-05
2024-10-28 00:00:00+00:00,6.080864999999999e-05,5.277864999999999e-05,0.00020411125000000002,0.00013673625000000002,1.3800000000000075e-06,8.034999999999997e-06,0.0003322554,0.0003322554,0.0,0.0,7.18000000000001e-06,1.2249999999999989e-06,,,-0.00014509684999999999,-7.767185e-05,0.00011069589999999998,0.00010106589999999998,7.141679375000001e-05,6.930304375e-05,6.621006249999997e-06
2024-10-29 00:00:00+00:00,5.236499999999999e-05,0.0,0.00014981385,9.253885e-05,8.145000000000004e-06,0.0,0.0002301128,0.0002301128,-3.6332999999999886e-06,-3.6332999999999886e-06,0.0,2.991e-05,,,-0.00019222755000000003,-0.00026209755,4.7172849999999993e-05,0.00017405784999999997,3.646858125e-05,3.2611081250000004e-05,8.555881249999994e-06
2024-10-30 00:00:00+00:00,0.0,0.0,6.9554499999999945e-06,6.8854500000000155e-06,9.429915000000001e-05,9.429915000000001e-05,0.0005680581,0.0005680581,0.0,0.0,0.0,0.0,,,-0.00011309699999999999,-0.00011309699999999999,0.00014390054999999997,0.00014390054999999997,8.751453125000001e-05,8.750578125e-05,-0.00028508065000000006
2024-10-31 00:00:00+00:00,0.0,0.0,0.0,0.0,0.0001037932,0.0001037932,0.00019320665000000005,0.00019320665000000005,1.8221349999999988e-05,1.8221349999999988e-05,8.463824999999999e-05,3.427325e-05,,,-5.235834999999999e-05,-5.235834999999999e-05,0.00014145829999999998,0.00014145829999999998,6.1119925e-05,5.482430000000001e-05,-2.806815625e-05
2024-11-01 00:00:00+00:00,-8.492045e-05,-8.492045e-05,6.789505000000002e-05,9.397005e-05,4.4618250000000016e-05,4.4618250000000016e-05,6.31130000000001e-06,6.31130000000001e-06,0.0,0.0,2.2227600000000014e-05,2.2227600000000014e-05,,,-0.00029362755,-0.00029362755,2.5417300000000005e-05,2.5417300000000005e-05,-2.650981249999999e-05,-2.325043749999999e-05,-0.0004353579625
2024-11-02 00:00:00+00:00,-3.3797350000000006e-05,-3.3797350000000006e-05,0.0002761983,8.88583e-05,0.00014041424999999998,0.00014041424999999998,0.0,0.0,0.0,0.0,0.0,0.0,,,-1.0100999999999992e-06,-1.0100999999999992e-06,0.00010882760000000001,0.00010882760000000001,6.13290875e-05,3.79115875e-05,-0.00028431998125000004
2024-11-03 00:00:00+00:00,-0.00017267265,-0.00018755265,-0.00010956295000000003,-0.00023582795000000008,0.0,0.0,8.755000000000017e-06,0.0,-4.060249999999986e-06,-4.060249999999986e-06,0.0,0.0,,,-0.0002474309,-0.0002592759,3.645130000000001e-05,1.9512999999999922e-06,-6.106505624999999e-05,-8.559568125e-05,-0.00036466793750000005
2024-11-04 00:00:00+00:00,-0.00013671055,-0.00025223555,-0.0002825806999999999,-0.00017588569999999991,0.0,0.0,5.625349999999994e-06,5.625349999999994e-06,-7.74787e-05,-7.74787e-05,4.287949999999999e-05,0.00010191949999999999,,,-0.00047328744999999996,-0.00047370245000000004,7.382499999999999e-05,2.9434999999999992e-05,-0.00010596594374999998,-0.00010529031875,-0.00019228226250000004
2024-11-05 00:00:00+00:00,-0.00011427635000000001,-0.00011582135,-2.0697049999999992e-05,-8.063704999999998e-05,2.162349999999984e-06,2.162349999999984e-06,7.072509999999999e-05,2.869509999999999e-05,-0.0001448043,-0.0001448043,0.00014723949999999997,0.00011757449999999999,,,-0.00025061825,-0.00026228325,6.120500000000001e-05,3.9305e-05,-3.113300000000001e-05,-5.197612500000001e-05,-8.966055624999999e-05
2024-11-06 00:00:00+00:00,-7.255449999999991e-06,-7.255449999999991e-06,2.5951e-05,-8.703999999999998e-06,2.2417250000000016e-05,2.2417250000000016e-05,0.00021020989999999995,0.0001669299,-4.914775e-05,-4.914775e-05,5.566499999999998e-05,6.840499999999999e-05,,,-0.00026644165,-0.00028552665,9.748065e-05,9.437564999999998e-05,1.110986874999999e-05,1.8674375000000417e-07,-0.00016115375625000002
2024-11-07 00:00:00+00:00,2.6268550000000004e-05,2.6268550000000004e-05,1.871395000000001e-05,6.902395000000002e-05,0.0004885521,0.0005016670999999999,0.0009761285,0.0009761285,0.0005687638999999999,0.0005663188999999999,3.0926000000000015e-05,3.0926000000000015e-05,,,3.3015000000000015e-05,4.2175e-05,0.0008033068,0.0008223868,0.00036820935,0.00037936184999999995,-7.748184375000003e-05
2024-11-08 00:00:00+00:00,0.00013651674999999998,0.00013651674999999998,0.00043244845000000004,0.00043244845000000004,0.00014557870000000002,0.0001395737,0.00076188465,0.0007711196499999999,0.00037647375,0.00026990875000000006,0.000130087,0.000134837,,,0.00014420125000000006,0.00015218625000000004,0.0005121806500000001,0.00047802565000000004,0.00032992140000000003,0.000314327025,-6.733235000000001e-05
2024-11-09 00:00:00+00:00,8.850600000000001e-05,8.850600000000001e-05,0.00022667230000000002,0.00022667230000000002,0.0002201151,0.0002201151,0.0004916596,0.00042484459999999995,0.00022091534999999998,0.00013766534999999993,0.0004034924500000001,0.0004034924500000001,,,4.95766e-05,4.95766e-05,0.0004480858,0.0004480858,0.0002686279,0.000249869775,0.00011862790000000001
2024-11-10 00:00:00+00:00,0.00012026719999999999,0.00012026719999999999,0.00015111585,0.00015111585,7.69438e-05,7.69438e-05,0.00046144984999999997,0.00046144984999999997,0.0003708338,0.0003558638,0.00019155874999999997,0.00019155874999999997,,,0.0003522609,0.0003522609,0.00042446625,0.0003965762499999999,0.00026861205,0.00026325454999999995,0.00026861205
2024-11-11 00:00:00+00:00,2.046140000000002e-05,-0.00013741359999999998,0.0005394455999999999,0.0003860406,0.00042153599999999997,0.00036126099999999993,0.0010066442,0.0009876192,0.00037558415,0.00027918414999999997,0.00018660295000000007,0.00026156295000000007,,,0.0005100292,0.0006907392,0.0005103965000000002,0.00047101650000000005,0.00044633749999999995,0.00041250125,0.00034547295
2024-11-12 00:00:00+00:00,0.00023790910000000002,0.0002719891,0.00046053964999999994,0.00052901465,0.00029299310000000005,0.0002420831,0.0007725118000000001,0.0008148618000000001,0.0005738898999999999,0.0004547549,0.00046548330000000004,0.0006026433,,,0.0006327314,0.0006764764000000001,0.00046932520000000016,0.00046737520000000003,0.00048817293125000006,0.00050739980625,0.00037889918125000007
2024-11-13 00:00:00+00:00,9.161629999999995e-05,7.05513e-05,0.0004126924999999999,0.00034232749999999997,0.0004619555999999999,0.00036632559999999985,0.00100565605,0.0009387910500000001,0.0003517365000000001,0.0003597365000000001,0.00034249850000000006,0.0003387285000000001,,,0.00015793124999999997,0.00021861125,0.0008841255,0.0009161905000000002,0.000463526525,0.00044390777500000005,0.00017611965
2024-11-14 00:00:00+00:00,0.0001504406,0.0001685006,0.00052053625,0.00046947125,0.0003869982,0.00031352820000000005,0.0007007671000000002,0.0005627471000000002,1.672329999999999e-05,0.00010523829999999999,0.00033352899999999994,0.00043763900000000003,,,0.0003720377,0.00038857769999999994,0.0006624659,0.0005979459,0.00039293725625000006,0.00038045600625,0.00027134038125
2024-11-15 00:00:00+00:00,-4.0925350000000016e-05,-2.6170350000000006e-05,0.0003190379,0.0003190379,0.0001437359,9.683089999999997e-05,0.0007462347999999999,0.0007462347999999999,0.00054793475,0.00053005475,0.0004534139999999999,0.00046165899999999995,,,0.00038716674999999997,0.00046340675,0.0005546875,0.0005955675,0.00038891078125,0.00039832765625,0.00020969707499999995
2024-11-16 00:00:00+00:00,0.0,0.0,0.00012964130000000002,0.00012964130000000002,0.0002375645,0.00024244949999999998,0.00053430885,0.00053430885,0.00010578364999999999,0.00013698864999999997,0.00013812964999999997,0.00013812964999999997,,,0.0003917232499999999,0.00039871825,0.0005800393000000001,0.0005800393000000001,0.0002646488125,0.0002700344375,7.003443749999999e-05
2024-11-17 00:00:00+00:00,0.0001154381,0.00011016810000000001,4.8657950000000004e-05,1.2502950000000017e-05,0.00023654639999999997,-1.5673600000000056e-05,0.0004595841,0.00034271409999999997,0.0004064215500000001,0.0002643815500000001,0.00045538679999999995,0.0002517968,,,0.0003228418,0.00030791179999999996,8.080865000000003e-05,-1.6036350000000042e-05,0.00026571066875,0.00015722066875,-3.0325587499999996e-05
2024-11-18 00:00:00+00:00,0.00022586710000000002,0.00011074710000000002,0.00010890940000000001,2.16094e-05,0.00031737445000000003,2.057945000000007e-05,7.719010000000003e-05,-7.563490000000001e-05,1.3933500000000146e-06,-8.222165e-05,5.282500000000025e-07,-4.356749999999999e-06,,,0.0005100583000000001,0.00040454329999999993,0.00019908415000000009,7.424915000000006e-05,0.00018005063750000004,5.868938750000001e-05,-0.00010028332499999999
2024-11-19 00:00:00+00:00,0.00056962335,0.00048410835000000003,0.00023665200000000006,0.00020181700000000008,0.00047251705,0.00027076204999999993,0.0008196054999999998,0.0005456305,0.00048757115000000006,0.00028330115000000007,0.00020388885000000004,0.00010968885000000002,,,0.0008134740999999999,0.0009007991,0.0006539858500000001,0.0004521458500000001,0.00053216473125,0.00040603160625,0.00029308035624999996
2024-11-20 00:00:00+00:00,0.00012956629999999998,0.00014195130000000004,0.00032844415,0.00013587914999999996,0.0003976983000000001,0.00026662330000000006,0.0007846413,0.0005441513000000001,0.0004132335500000001,0.0003184335500000001,0.0004280275000000001,0.00018277750000000002,,,0.0002469381,0.0002959231,0.0006537029499999999,0.00044671295,0.00042278151875000004,0.00029155651875000004,0.00038045276875000005
2024-11-21 00:00:00+00:00,0.0001174479,0.00013601289999999998,0.00023260725000000005,0.00022875225000000004,0.00037853165,0.00033912164999999996,0.0005819567,0.0005465817,0.0001998131,0.00017580309999999996,0.00011449059999999997,9.356559999999996e-05,,,0.00012473249999999996,0.00014147249999999997,0.00020850925000000004,0.00020850925000000004,0.00024476111875,0.00023372736875,0.00024917424375
2024-11-22 00:00:00+00:00,0.00034378859999999986,0.00035343359999999994,0.00031459595,0.00031102094999999996,0.00024618775,0.00018828274999999997,0.00053892935,0.00040783435,0.00028468929999999996,0.00015945429999999998,0.0003656541,0.00035384909999999997,,,0.00019876810000000003,0.00023477310000000006,0.00036786390000000005,0.00021593389999999998,0.00033255963125000004,0.00027807275625,0.00033826588125
2024-11-23 00:00:00+00:00,7.955055e-05,-7.424445e-05,0.00043498795000000007,0.00028547795000000007,0.0005327697,0.00033914970000000004,0.00108573225,0.00070763225,0.00044573519999999996,0.0003019602,0.0005321620000000001,0.0003120470000000001,,,0.00053791685,0.00061196185,0.00028080155000000004,0.00013412654999999998,0.00049120700625,0.00032726388125000006,0.00045974318750000004
2024-11-24 00:00:00+00:00,0.00051841205,0.00040729205,0.0007872626500000001,0.0007683226500000001,0.0003336106,0.0002199406,0.0010226369999999999,0.0006587019999999997,0.00040290895,0.00021780395000000003,0.0008454221,0.0005668320999999999,,,0.0016677725,0.0015984624999999999,0.00044411495,0.0003107849500000001,0.0007527676,0.0005935176,0.0006527676
2024-11-25 00:00:00+00:00,0.00026182215,0.00016542714999999994,0.00024398275000000005,0.00033915275,0.0004210565,0.00018582649999999997,0.00032804785,0.00030900284999999997,0.00017668884999999995,0.00020217884999999995,0.000332675,0.00045931500000000007,,,0.0003675174,0.00040188739999999994,0.0004008995499999999,0.00041293954999999994,0.00031658625625000005,0.00030946625624999995,0.00010330000624999999
2024-11-26 00:00:00+00:00,0.00012121469999999994,3.498469999999998e-05,0.0004728219500000001,0.00044135195000000014,0.00033809605000000004,8.756105000000003e-05,0.00035415335,0.00014395334999999993,0.00028166724999999996,5.8312249999999936e-05,0.00012749099999999998,9.626599999999995e-05,,,0.00023700435,0.00021660934999999997,0.00030320290000000006,0.00015002790000000001,0.00027945644375,0.00015363331874999997,2.945644375e-05
2024-11-27 00:00:00+00:00,-4.389000000000002e-05,-4.043999999999998e-05,6.202430000000005e-05,9.337930000000004e-05,-0.0001355068,4.793320000000001e-05,2.7622499999999904e-06,-3.617775000000003e-05,0.0002652991,0.00021738410000000002,3.2195500000000012e-06,3.059455e-05,,,-3.5949999999999986e-05,-3.065000000000003e-06,9.633295000000004e-05,9.633295000000004e-05,2.678641875000001e-05,5.0742668750000014e-05,-0.00036470733125000006
2024-11-28 00:00:00+00:00,0.00016806560000000003,0.00018937560000000002,0.0006537214500000001,0.00066971645,3.056884999999999e-05,-4.908615000000003e-05,0.0005535945999999999,0.0005869646,0.00043590264999999995,0.00023623265000000002,0.0006183524499999999,0.00057616245,,,1.6593000000000002e-05,2.0773000000000016e-05,0.00041898314999999994,0.0004100231499999999,0.00036197271874999996,0.00033002021875000004,7.486873749999997e-05
2024-11-29 00:00:00+00:00,0.00029064885,9.924884999999995e-05,0.0001828363,0.00018520629999999996,-1.9894999999999985e-06,-0.0001335845,0.00015252289999999997,-5.105710000000004e-05,0.00010473609999999997,-0.00027862390000000007,3.0361999999999532e-06,-6.988880000000002e-05,,,0.00031919429999999996,0.00036304929999999994,0.00012479885,-3.270614999999998e-05,0.00014697299999999998,1.0205499999999974e-05,-0.00017626763125000005
2024-11-30 00:00:00+00:00,0.0009055528000000001,0.0007333077999999999,0.0006193454,0.0006221804,0.00011562129999999999,-7.07387e-05,0.0004951453,0.0003061353,0.00032389435000000004,-1.881565000000005e-05,0.0003905026000000001,0.00031610760000000003,,,0.00106539775,0.00108576275,0.00020848500000000003,-1.4829999999999999e-05,0.0005154930625000001,0.0003698886875,0.00038144110625
2024-12-01 00:00:00+00:00,0.0007120185000000001,0.0005563535000000003,0.0009686871500000001,0.0008497221500000002,0.00015501710000000006,4.4492100000000034e-05,0.0006524244,0.0002888994000000001,0.00069616385,0.0005489238500000001,0.00036696664999999993,-2.9033350000000138e-05,,,0.0007423426,0.0007145476,0.0005194136,0.0001995886,0.0006016292312500001,0.00039668673125000005,0.0003052584
2024-12-02 00:00:00+00:00,0.0003839744,0.0003218894000000001,0.0003012226,0.0002868626,5.8140550000000014e-05,-3.972445000000001e-05,0.00079711225,0.00060387725,0.00030445729999999994,0.00011176729999999994,0.00043424970000000007,2.8864700000000032e-05,,,0.0005914628999999998,0.0006491978999999999,0.00021506015,2.825015e-05,0.00038570998124999996,0.00024887310624999994,0.00024789241249999997
2024-12-03 00:00:00+00:00,0.0004356795499999999,0.00026366955,0.0005876414000000001,0.00046354140000000007,-4.899839999999996e-05,7.298660000000002e-05,0.00030534929999999995,0.00018609929999999995,4.389705e-05,-2.7017950000000008e-05,0.00118352665,0.0010675116500000002,,,-9.333814999999991e-05,2.8626850000000002e-05,0.00017112659999999998,-1.6778400000000036e-05,0.0003231105,0.00025482987500000006,0.00017687086249999997
2024-12-04 00:00:00+00:00,0.00036396615000000007,0.00013334115,0.00079525645,0.0005449414499999999,0.0003049254,0.0003159554,0.0004090958999999999,0.0003385008999999999,0.00018288904999999995,8.70540499999999e-05,0.0011098522499999998,0.00083373725,,,-0.00034131605,-0.00028349105000000004,0.00035496365000000003,1.1908649999999991e-05,0.0003974540999999999,0.000247743475,0.0002841618625
2024-12-05 00:00:00+00:00,0.0004702249,2.4374900000000162e-05,0.0010175654500000002,0.0008260104500000001,0.00033011409999999993,0.00017736409999999993,0.00075359275,0.00041632275000000004,0.00061864825,0.00015739325000000003,-4.5966199999999994e-05,-0.0001811562,,,-0.0004615109500000001,-0.00036314094999999997,0.0005530074,0.00019912239999999993,0.00040445946249999997,0.00015703633750000003,0.00044822750000000005
2024-12-06 00:00:00+00:00,0.00051227115,0.0001461161500000002,0.0005792756,0.0002600355999999999,0.0007186238499999999,0.00043154884999999993,0.0009256259,0.0003449509,0.00070760165,0.00022524165000000003,0.00010921420000000007,-0.00016909579999999997,,,0.00014646915000000014,-2.0235849999999868e-05,0.0003036682499999999,0.00012115825000000005,0.00050034371875,0.00016746496875,0.000424010175
2024-12-07 00:00:00+00:00,0.0008910183,0.0005767333000000001,0.0011842141499999999,0.0009593341500000001,0.00071151625,0.00071735625,0.0010805441,0.0008239890999999999,0.0008549216,0.0007330866000000001,0.00038892224999999986,0.00023818224999999987,,,0.0004820345500000001,0.00035718455,0.0010855676,0.0007485425999999999,0.00083484235,0.0006443011,0.00068557235
2024-12-08 00:00:00+00:00,0.0009575334,0.0004359384000000002,0.0008283546999999999,0.0007490047,0.00033489109999999996,0.0004514461,0.0009704234500000001,0.0005287434500000002,0.00039891645,0.00022961644999999997,0.0004670108,0.0003318258000000001,,,0.0003216169500000001,0.00018591195000000008,0.00061783005,0.00044663505,0.0006120721125,0.00041989023750000005,0.0006266414875
2024-12-09 00:00:00+00:00,0.0007940352000000001,0.0005565402,0.0006705022499999999,0.0004694072499999999,0.0004989944,0.00035401940000000004,0.0005319703000000001,0.00029409030000000015,0.000151529,-5.974600000000002e-05,0.0006532043,0.0007207393000000001,,,0.00015392134999999994,-0.00011742365000000001,0.0003365387499999999,0.00014659374999999997,0.00047383694375,0.00029552756875,0.000304425025
2024-12-10 00:00:00+00:00,0.00056815195,0.0004925419500000001,5.987625e-05,-0.00013876875,6.225784999999999e-05,0.00015682785,0.00011660595,5.4590949999999996e-05,0.00037244085,0.00027195585,5.128699999999956e-06,-0.00015360630000000003,,,-9.462955000000003e-05,-0.00021823954999999998,0.00018065960000000002,0.0001865846,0.00015881145,8.148582500000002e-05,-5.297115625000001e-05
2024-12-11 00:00:00+00:00,0.00035443790000000007,0.00035443790000000007,-3.073230000000001e-05,-3.073230000000001e-05,0.0001639478,0.0001639478,2.4420600000000005e-05,0.00011759060000000002,0.00030893415000000007,0.00030893415000000007,-2.2621799999999987e-05,-2.2621799999999987e-05,,,0.0,0.0,0.00024697845,0.00024697845,0.0001306706,0.00014231685000000002,-0.0003010138875
2024-12-12 00:00:00+00:00,0.00024751405,0.00024751405,-0.00011183705000000001,-0.00011183705000000001,0.0001288472,0.0001288472,0.00013859065,0.00011461064999999998,0.0001337698,0.0001337698,-9.299000000000094e-07,-9.299000000000094e-07,,,0.0,0.0,0.00016581644999999996,0.00016581644999999996,8.77214e-05,8.47239e-05,-3.4203100000000005e-05
2024-12-13 00:00:00+00:00,0.00034320875000000005,0.00034320875000000005,0.00018319995,0.00018319995,0.0001656264,0.0001656264,0.0004226245500000001,0.0004226245500000001,0.00019361005000000003,0.00019361005000000003,0.0009782810000000001,0.000961011,,,3.910935e-05,3.910935e-05,0.00022692100000000002,0.00022692100000000002,0.00031907263125,0.00031691388125000005,0.0001641839625
2024-12-14 00:00:00+00:00,0.00041416390000000003,0.00041416390000000003,9.049474999999996e-05,9.049474999999996e-05,8.099124999999999e-05,8.099124999999999e-05,0.00015025795,0.00015025795,0.00023097495000000005,0.00023097495000000005,0.0009349308499999999,0.0009349308499999999,,,0.0,0.0,4.663184999999999e-05,4.663184999999999e-05,0.00024355568749999997,0.00024355568749999997,0.00024355568749999997
2024-12-15 00:00:00+00:00,4.1715799999999984e-05,4.1715799999999984e-05,8.608720000000002e-05,8.608720000000002e-05,0.00023031624999999997,0.00021406624999999998,0.00025845215,0.00025845215,2.188525000000001e-05,2.188525000000001e-05,0.0006272553499999999,0.0006272553499999999,,,8.657500000000121e-07,8.657500000000121e-07,0.00018011429999999998,0.00018011429999999998,0.00018083650624999998,0.00017880525624999999,7.799263124999998e-05
2024-12-16 00:00:00+00:00,3.8032500000000006e-05,3.8032500000000006e-05,5.1939749999999976e-05,3.702474999999998e-05,0.0006070358500000001,0.00059800585,0.00026797769999999994,0.00022345269999999998,0.00039341145,0.00039043145000000005,0.0007226175999999999,0.0007226175999999999,,,0.0,0.0,2.6553650000000013e-05,1.0358650000000018e-05,0.0002634460625,0.00025249043749999995,-4.462720625000002e-05
2024-12-17 00:00:00+00:00,5.887385000000001e-05,5.887385000000001e-05,0.00034490940000000004,0.00034490940000000004,0.00055467775,0.00055058275,0.0005101832000000001,0.0005101832000000001,0.0008062184500000001,0.00079952845,0.0007937116999999999,0.0007937116999999999,,,3.527450000000002e-06,3.527450000000002e-06,0.0003408201500000001,0.0003408201500000001,0.00042661524375000004,0.00042526711875,0.00022617431250000002
2024-12-18 00:00:00+00:00,0.0001801803,0.0001801803,0.00037486370000000004,0.00037486370000000004,0.00022617285000000003,0.00021550285000000006,0.00015756529999999997,0.00015756529999999997,0.00031135425,0.00031135425,0.000325875,0.000325875,,,0.0,0.0,0.00014437344999999999,0.00011469344999999999,0.00021504810625000003,0.00021000435625,0.00021504810625000003
2024-12-19 00:00:00+00:00,0.0,0.0,1.1197000000000005e-05,1.1197000000000005e-05,0.00025357585,0.00025271085000000003,-4.7927150000000014e-05,-8.844215e-05,0.00024680514999999995,0.00023703515,0.00032948405,0.00032948405,,,4.469999999999988e-06,0.0,6.921820000000001e-05,1.7843200000000006e-05,0.0001083528875,9.497851250000001e-05,-0.00012655932500000002
2024-12-20 00:00:00+00:00,1.4905000000000007e-05,0.0,0.0001086539,-2.2486100000000008e-05,8.264705000000001e-05,0.00023477205000000003,-4.4495999999999995e-05,-0.000130786,0.00010961305000000001,8.037804999999999e-05,2.6577999999999896e-06,-5.3642200000000006e-05,,,0.00015404019999999997,6.302519999999999e-05,0.0001286885,-4.096650000000001e-05,6.95886875e-05,1.6286812499999995e-05,-0.00022671171250000002
2024-12-21 00:00:00+00:00,1.0147949999999976e-05,8.57794999999998e-06,8.01454e-05,-1.864599999999992e-06,9.958849999999989e-06,0.00012457885,-1.9417549999999985e-05,-5.634754999999999e-05,-8.377365e-05,-1.4623650000000005e-05,2.5792250000000007e-05,2.0317250000000006e-05,,,0.00016653375,-2.6566250000000014e-05,7.345145e-05,-4.8958550000000006e-05,3.285480625e-05,6.391812499999959e-07,-0.00011722249375000002
2024-12-22 00:00:00+00:00,-2.664200000000001e-05,-2.664200000000001e-05,-5.7081749999999996e-05,-3.390675e-05,6.439694999999998e-05,0.00021350195,-4.744495000000001e-05,-9.755994999999999e-05,-0.00012207035,-5.164535000000001e-05,5.189574999999998e-05,1.5095749999999982e-05,,,5.597010000000001e-05,-1.4309900000000003e-05,0.000256723,-3.7477e-05,2.196834374999999e-05,-4.117906250000005e-06,-3.6676281250000014e-05
2024-12-23 00:00:00+00:00,2.5345349999999986e-05,-1.4824650000000002e-05,-6.518244999999999e-05,-9.286745000000001e-05,-4.340000000000698e-08,0.00010647659999999999,-3.600385e-05,-2.2778850000000006e-05,-3.2018899999999986e-05,0.0001180161,-4.948300000000009e-06,8.041699999999986e-06,,,4.5867500000000065e-06,-4.6993249999999986e-05,0.0003573367,0.0002505067,3.11339875e-05,3.81971125e-05,-0.00030520760625000006
2024-12-24 00:00:00+00:00,-6.65678e-05,-6.65678e-05,-0.0002501801,-0.00022320009999999998,-3.049194999999999e-05,8.311805e-05,-0.00018546969999999998,-0.0002477397,2.163729999999999e-05,5.00573e-05,6.293755000000001e-05,5.9807550000000017e-05,,,-1.057400000000001e-05,-1.7234000000000008e-05,0.00019898000000000002,8.604000000000001e-05,-3.24660875e-05,-3.44648375e-05,-0.00037624094375
2024-12-25 00:00:00+00:00,-6.358499999999995e-07,-6.358499999999995e-07,-5.080299999999995e-06,2.71447e-05,-2.2120599999999986e-05,3.639940000000001e-05,1.914035e-05,-6.793965e-05,0.00010877329999999999,6.31633e-05,0.0002832784,0.0002832784,,,-0.00017228034999999998,-0.00017228034999999998,0.00019354509999999997,2.8750099999999994e-05,5.057750625e-05,2.473500625e-05,-0.00028706535625
2024-12-26 00:00:00+00:00,3.541585000000001e-05,-1.851915e-05,8.761500000000001e-05,7.9285e-05,-7.224349999999992e-06,-7.224349999999992e-06,0.0001595394,-4.49506e-05,0.00010341435000000001,1.4704349999999998e-05,0.00026384554999999994,0.00026228055,,,-4.591550000000018e-06,-4.591550000000018e-06,0.00012360914999999997,1.3999149999999981e-05,9.520292499999999e-05,3.6872925e-05,-0.00029538636875
2024-12-27 00:00:00+00:00,-0.0001408979,-0.0001408979,2.4795000000000002e-05,7.8065e-05,6.403919999999997e-05,8.772919999999999e-05,-0.00019316444999999997,-0.00023075945,1.847500000000001e-05,8.1365e-05,3.42765e-05,3.42765e-05,,,-5.15128e-05,-5.15128e-05,-8.807984999999999e-05,-0.00013165484999999997,-4.150866249999999e-05,-3.4173662499999995e-05,-0.000449751975
2024-12-28 00:00:00+00:00,-8.595899999999998e-06,-8.595899999999998e-06,0.00014296,0.00011416,6.91539e-05,0.00018575890000000001,-0.00013735145,-0.00027321145000000003,3.1114999999999996e-05,9.97e-05,-0.00013434875,-0.00014281874999999997,,,3.129350000000009e-06,-2.4280650000000003e-05,9.180660000000001e-05,-2.07584e-05,7.233593750000001e-06,-8.755781249999999e-06,-0.0002803732375
2024-12-29 00:00:00+00:00,5.778340000000001e-05,-1.1281599999999999e-05,6.86137e-05,-2.9406300000000003e-05,5.5145550000000006e-05,0.00017946055,-6.282554999999998e-05,-0.00013981555,9.920399999999999e-06,3.6435399999999993e-05,-0.0001327166,6.085339999999998e-05,,,-1.1550150000000008e-05,-1.1550150000000008e-05,5.581755000000001e-05,-8.742449999999988e-06,5.023537500000005e-06,9.494162499999997e-06,-0.00020693861250000004
2024-12-30 00:00:00+00:00,-3.974370000000001e-05,-2.101370000000001e-05,1.5445000000000005e-05,3.068500000000001e-05,1.5135349999999992e-05,0.00012136535,-3.4221000000000184e-06,-5.742100000000004e-06,4.7140000000000006e-05,4.350999999999999e-05,-5.690850000000004e-06,6.138915e-05,,,-2.1281999999999943e-06,-2.1281999999999943e-06,0.0001302416,1.196600000000005e-06,1.96221375e-05,2.86577625e-05,-0.00040427163124999996
2024-12-31 00:00:00+00:00,-3.9967200000000006e-05,4.6427799999999996e-05,3.2470000000000006e-05,5.289500000000001e-05,0.00012274749999999996,0.0002700775,6.736755e-05,1.8997550000000006e-05,0.00010620315,0.00019612815,-1.2485499999999982e-06,1.860645e-05,,,1.128724999999999e-05,3.181225e-05,0.00014830905,0.00014980405,5.589609375e-05,9.809359375e-05,-0.00039716659375
2025-01-01 00:00:00+00:00,1.792500000000001e-05,5.428000000000001e-05,5.266500000000001e-05,5.919e-05,4.971945e-05,0.00014634445,2.1964999999999987e-05,6.676e-05,7.429999999999994e-06,1.2460000000000001e-05,5.599999999999992e-06,4.970000000000001e-05,,,1.607794999999999e-05,-1.140705000000001e-05,7.317050000000001e-05,9.93705e-05,3.0569112499999996e-05,5.9587237500000004e-05,-0.00024054438125
2025-01-02 00:00:00+00:00,0.0,0.0,3.5920400000000016e-05,3.86754e-05,0.0003432419,0.0003732119,7.4225e-05,4.327999999999999e-05,1.9633299999999984e-05,5.7393299999999985e-05,2.6939999999999993e-05,5.1869999999999996e-05,,,1.1795000000000003e-05,9.75000000000015e-07,0.0003790541,0.0002490441,0.0001113512125,0.00010180621249999999,-0.0002830307125
2025-01-03 00:00:00+00:00,0.0,0.0,0.0,0.0,5.6463200000000005e-05,5.6463200000000005e-05,0.0,0.0,9.073e-05,9.073e-05,2.7684199999999995e-05,4.721419999999998e-05,,,0.0,0.0,3.092425e-05,2.8544250000000004e-05,2.572520625e-05,2.786895625e-05,-0.000275699075
2025-01-04 00:00:00+00:00,0.0,0.0,0.0,0.0,2.378999999999998e-05,4.925000000000011e-06,0.00025653795000000004,0.00019272795000000004,4.4977650000000005e-05,4.4977650000000005e-05,0.00010033299999999999,0.00010033299999999999,,,1.3269300000000012e-05,1.3269300000000012e-05,0.000147185,0.00011034,7.326161250000001e-05,5.8321612500000005e-05,-0.0002813708
2025-01-05 00:00:00+00:00,0.0,0.0,0.0,0.0,5.7514999999999994e-05,5.552e-05,0.00018583654999999999,0.00018583654999999999,1.9177250000000017e-05,1.9177250000000017e-05,0.00014612970000000002,0.00014612970000000002,,,2.0047649999999998e-05,2.0047649999999998e-05,0.00013314999999999998,2.1455e-05,7.023201875e-05,5.602076875e-05,-0.00013467109375000003
2025-01-06 00:00:00+00:00,0.0,0.0,0.0,0.0,8.399999999999998e-06,1.261e-05,0.00012441309999999998,0.0001061331,0.0,0.0,3.733310000000002e-05,3.733310000000002e-05,,,0.0,0.0,6.648194999999999e-05,6.277194999999998e-05,2.9578518749999998e-05,2.735601875e-05,-0.00017613811874999999
2025-01-07 00:00:00+00:00,-1.0755999999999988e-05,-1.0755999999999988e-05,-1.2315200000000004e-05,-1.2315200000000004e-05,3.156649999999992e-06,3.156649999999992e-06,9.998719999999996e-05,4.338719999999997e-05,0.0,0.0,9.112030000000003e-05,9.112030000000003e-05,,,4.3270500000000054e-06,4.3270500000000054e-06,0.000129135,5.438999999999999e-05,3.8081875000000004e-05,2.166375e-05,-5.996968749999999e-05
2025-01-08 00:00:00+00:00,0.0,0.0,0.0,0.0,0.00022293165000000006,0.00026807665,1.2819850000000014e-05,2.659850000000013e-06,0.0,9.91500000000001e-06,1.0170949999999998e-05,1.0170949999999998e-05,,,0.0,0.0,0.0002305469,9.595189999999999e-05,5.955866875000001e-05,4.834679375000001e-05,-0.00023767205625
2025-01-09 00:00:00+00:00,1.059000000000001e-05,0.0,-6.77674999999999e-06,-6.3967499999999934e-06,0.00023892125000000002,0.00027316125,0.00017217500000000002,9.641999999999999e-05,5.5504299999999976e-05,0.00017919429999999997,4.9120000000000004e-05,1.6104999999999992e-05,,,9.1385e-05,0.0,0.00012703415000000001,0.00011374415,9.224411875e-05,8.402849375e-05,-0.0002884912875
2025-01-10 00:00:00+00:00,-4.057785e-05,-7.114785e-05,-1.780739999999998e-05,2.1125999999999927e-06,7.780114999999998e-05,0.00012074114999999998,4.112590000000001e-05,1.388090000000002e-05,-2.9309999999999992e-05,1.0430000000000009e-05,0.0001101,8.1485e-05,,,5.599e-05,0.0,5.263439999999999e-05,6.73444e-05,3.1244525000000004e-05,2.8105775e-05,-0.0001916938375
2025-01-11 00:00:00+00:00,-3.021289999999999e-05,-3.021289999999999e-05,4.659999999999999e-05,4.398999999999999e-05,9.24396e-05,7.29446e-05,0.0003040688,0.0001383338,-9.123185e-05,-3.712185e-05,8.85641e-05,6.313909999999999e-05,,,1.8249999999999906e-06,0.0,0.00011929760000000001,4.724760000000001e-05,6.641879375e-05,3.7290043750000005e-05,-0.00040722475625000004
2025-01-12 00:00:00+00:00,3.5229999999999986e-05,1.6499999999999963e-06,5.5975000000000005e-05,0.00012579,8.95263e-05,6.245130000000002e-05,0.0002516526,4.272259999999999e-05,3.888e-05,5.7715e-05,1.1280000000000004e-05,0.0,,,3.113999999999999e-05,0.0,0.0001363509,6.38509e-05,8.125435e-05,4.4272475e-05,-0.00011737065
2025-01-13 00:00:00+00:00,-3.093100000000002e-06,-3.093100000000002e-06,1.871499999999999e-05,1.7195000000000004e-05,0.00011730395000000001,7.567895e-05,0.000225785,1.2624999999999993e-05,9.330000000000012e-06,2.5720000000000004e-05,-3.185185000000001e-05,-3.185185000000001e-05,,,7.774539999999998e-05,-9.23960000000001e-06,0.00014058075,3.113074999999999e-05,6.931439375e-05,1.4770643749999997e-05,-0.00022866816250000001
2025-01-14 00:00:00+00:00,6.5915e-05,5.263999999999999e-05,4.202485e-05,-2.7450149999999997e-05,8.98095e-05,6.539950000000001e-05,-8.728000000000002e-06,-8.1623e-05,3.6274999999999994e-05,0.000135025,4.497025e-05,-1.2509750000000012e-05,,,0.00012467564999999999,9.28064999999998e-06,-3.5041999999999994e-05,-5.9692000000000004e-05,4.498753125e-05,1.0133781249999991e-05,-0.00046453810625
2025-01-15 00:00:00+00:00,1.649244999999998e-05,1.4207449999999996e-05,-0.00033713309999999997,-0.0003420131,1.0923000000000012e-06,-1.4277000000000135e-06,5.718e-05,4.4099999999999925e-06,-2.3023749999999998e-05,-3.449374999999999e-05,0.00011643,3.1109999999999985e-05,,,5.9619999999999995e-05,1.5545000000000008e-05,0.0001416096,3.5045999999999766e-06,4.0334375e-06,-3.86446875e-05,-0.00041039341250000003
2025-01-16 00:00:00+00:00,6.134999999999997e-06,0.0,-0.0002499493,-0.0002542093,7.23049999999993e-07,-1.301195e-05,0.00016572054999999998,4.4850549999999983e-05,-3.983200000000001e-06,-5.134319999999999e-05,4.3933850000000006e-05,4.157385000000001e-05,,,0.0,0.0,0.00010629405000000001,-2.0559499999999926e-06,8.609249999999996e-06,-2.9274500000000002e-05,-0.00017205538750000003
2025-01-17 00:00:00+00:00,0.0,0.0,-3.2818449999999994e-05,-7.6084499999999974e-06,8.72799e-05,2.29749e-05,0.00024592984999999995,0.00022342485,2.3106650000000003e-05,-8.963349999999984e-06,4.4414449999999996e-05,3.580944999999999e-05,,,5.679999999998776e-08,5.679999999998776e-08,0.00010087779999999995,0.00010087779999999995,5.8605874999999985e-05,4.582149999999999e-05,-0.00029018725
2025-01-18 00:00:00+00:00,0.00034818824999999996,0.00034818824999999996,-2.0754999999999016e-07,-2.0754999999999016e-07,0.00010799610000000001,5.729609999999999e-05,0.00045059970000000006,0.00044857470000000005,3.322430000000001e-05,3.322430000000001e-05,0.00014459805000000003,0.00014459805000000003,,,0.00022267935000000005,0.00022267935000000005,3.21996e-05,2.3299599999999996e-05,0.00016740972500000004,0.00015970660000000003,-0.00014074231875
2025-01-19 00:00:00+00:00,0.000318059,0.000318059,-4.65115e-05,-4.65115e-05,1.9930850000000013e-05,6.730850000000025e-06,8.141665000000003e-05,8.141665000000003e-05,-2.6773400000000007e-05,-1.5163400000000018e-05,1.930264999999998e-05,1.930264999999998e-05,,,8.653305000000002e-05,8.471305e-05,0.00039547115,0.00034214615000000004,0.00010592855625,9.883668125e-05,-0.00028400108125
2025-01-20 00:00:00+00:00,0.0003951015000000001,0.0003951015000000001,-0.000369022,-0.000376322,0.00028416755,0.00028416755,0.0001024221,0.0001024221,0.00040733405000000004,0.00040733405000000004,0.0003813479,0.0003813479,,,0.00010071524999999999,0.00010071524999999999,0.00012821224999999998,0.00010280724999999998,0.000178784825,0.0001746967,-7.804717500000001e-05
2025-01-21 00:00:00+00:00,2.188845e-05,2.188845e-05,-3.7903399999999994e-05,-3.7903399999999994e-05,0.0008502504499999998,0.0008502504499999998,0.00014466019999999997,0.00010764519999999996,0.00033556695000000003,0.00033556695000000003,0.0001074784,0.0001074784,,,0.0,0.0,0.00049145665,0.00047150665,0.0002391747125,0.0002320540875,-5.882341875000002e-05
2025-01-22 00:00:00+00:00,0.0,0.0,8.513240000000001e-05,2.602400000000006e-06,0.000245656,0.000245656,9.991085000000002e-05,4.289085e-05,1.8437149999999987e-05,1.8437149999999987e-05,0.0,0.0,,,2.545000000000011e-06,0.0,0.0002415325,-2.3975000000000092e-06,8.66517375e-05,3.83986125e-05,-0.00026567134374999997
2025-01-23 00:00:00+00:00,4.453665000000001e-05,4.453665000000001e-05,0.00014010925,0.00014010925,0.0001008754,0.0001008754,6.0540000000000007e-05,0.0,2.309925e-05,2.309925e-05,0.0,0.0,,,0.0,0.0,6.431610000000002e-05,-2.9438999999999825e-06,5.418458125e-05,3.820958125e-05,-4.83348375e-05
2025-01-24 00:00:00+00:00,0.0,0.0,0.0,0.0,1.3650000000000001e-05,0.0,-4.943794999999999e-05,-9.412794999999999e-05,-3.7298450000000005e-05,-2.5323450000000012e-05,-6.18369999999999e-06,-1.1893700000000008e-05,,,0.0,0.0,4.89299e-05,-4.120100000000003e-06,-3.7925249999999997e-06,-1.6933150000000002e-05,-0.0003316027562500001
2025-01-25 00:00:00+00:00,0.0,0.0,4.548200000000004e-06,4.548200000000004e-06,6.294499999999999e-05,3.0755000000000006e-05,8.773615e-05,-1.571385000000001e-05,5.441949999999992e-06,5.441949999999992e-06,2.0445000000000005e-05,0.0,,,0.0,0.0,-2.334295000000001e-05,-2.3792950000000004e-05,1.972166875e-05,1.547937499999989e-07,-0.00022920062499999998
2025-01-26 00:00:00+00:00,4.551500000000001e-05,0.0,0.0,7.7715e-05,4.0105000000000023e-05,3.6555000000000005e-05,9.919099999999999e-05,-5.4939000000000004e-05,3.126065e-05,5.2006499999999914e-06,9.905999999999999e-05,0.0,,,0.0,0.0,0.00012858055000000002,0.00014029555000000002,5.5464025000000005e-05,2.56034e-05,-0.00043541055625000006
2025-01-27 00:00:00+00:00,0.00024789319999999997,0.00022334320000000002,1.127345000000001e-05,1.127345000000001e-05,1.5970000000000005e-05,0.0,0.00013383514999999998,-2.0284850000000006e-05,3.065529999999999e-05,1.210299999999999e-06,5.6494999999999994e-05,0.0,,,1.0334999999999997e-05,4.3885e-05,-3.076499999999995e-06,-4.219149999999999e-05,6.292257499999998e-05,2.715445e-05,-0.0001819269125
2025-01-28 00:00:00+00:00,1.2371799999999984e-05,-3.116320000000001e-05,2.2487349999999997e-05,0.00016411735,6.356404999999998e-05,7.002404999999998e-05,-0.00034140820000000004,-0.0005017882,-8.230735e-05,-8.495234999999999e-05,5.56518e-05,2.989680000000001e-05,,,3.808695e-05,0.00011482195000000002,7.94803e-05,3.868530000000001e-05,-1.900916250000001e-05,-2.5044787500000004e-05,-0.00031070362500000006
2025-01-29 00:00:00+00:00,-4.7930999999999914e-06,6.501900000000006e-06,0.00015115505,0.00013709005,3.082945e-05,0.00011623445,1.7030000000000136e-07,-0.00010131969999999999,-1.5005649999999984e-05,-3.659064999999998e-05,2.669449999999998e-05,7.237449999999999e-05,,,-4.54746e-05,4.74304e-05,0.000112625,5.458499999999999e-05,3.202511875e-05,3.703824375e-05,-0.00031915200000000006
2025-01-30 00:00:00+00:00,1.9285000000000013e-05,3.195499999999999e-05,0.000179275,0.000183515,-5.302554999999999e-05,6.630945000000002e-05,-3.6369300000000004e-05,-3.971429999999998e-05,-5.693600000000001e-06,8.66664e-05,5.5725e-05,0.0,,,-0.00017483355,-0.00011577855,8.561e-05,7.477499999999999e-05,8.746625000000004e-06,3.5966e-05,-0.00031107768125000003
2025-01-31 00:00:00+00:00,0.0,0.0,1.846640000000001e-05,6.472140000000001e-05,9.839450000000005e-06,7.3494500000000165e-06,6.401115000000002e-05,-1.0528849999999992e-05,5.1053599999999995e-05,4.23686e-05,7.757885000000001e-05,6.452385e-05,,,4.290644999999998e-05,5.0136449999999986e-05,6.998204999999999e-05,2.3782049999999963e-05,4.172974375e-05,3.0294118749999995e-05,-0.00025149845625000003
2025-02-01 00:00:00+00:00,0.0,0.0,0.00012585925000000003,0.00013311425000000002,0.0001274124,0.0001974474,8.3015e-05,0.0,2.4514050000000016e-05,1.143405e-05,1.5003750000000005e-05,1.5003750000000005e-05,,,0.0,0.0,0.00015387755000000002,7.204755e-05,6.621025000000001e-05,5.3630875e-05,-0.000379068225
2025-02-02 00:00:00+00:00,1.8181550000000006e-05,1.9876550000000002e-05,5.347169999999998e-05,5.902669999999999e-05,5.2515949999999986e-05,0.00029586595,5.368380000000001e-05,2.0383799999999996e-05,1.5063800000000012e-05,5.266880000000002e-05,7.853549999999994e-06,-1.0864500000000006e-06,,,0.0,0.0,9.073069999999999e-05,6.85607e-05,3.6437631249999995e-05,6.441200625000001e-05,-3.100300625e-05
2025-02-03 00:00:00+00:00,3.01372e-05,-3.847799999999996e-06,0.0001352391,0.0002957091,0.000108285,0.000174885,-5.5737049999999995e-05,-3.044205e-05,-0.00010099134999999999,4.297864999999999e-05,0.00020318935000000003,8.742435e-05,,,-2.8874250000000006e-05,5.416575e-05,9.230899999999995e-06,-3.5091000000000034e-06,3.75598625e-05,7.71704875e-05,-0.00028043368750000003
2025-02-04 00:00:00+00:00,-8.0617e-05,-7.1697e-05,0.0002641694999999999,0.00031999449999999994,8.25798e-05,0.00019411480000000003,5.6328250000000004e-05,9.530825e-05,0.00033321025,0.00027942525,0.0002502567,0.0003390217,,,0.00015967850000000007,0.00019936350000000004,-4.3081249999999993e-05,6.218375000000002e-05,0.00012781559375,0.00017721434375,-0.00019163812500000004
2025-02-05 00:00:00+00:00,-0.00029580184999999996,-0.00038352184999999997,0.00021753305,0.00022627805,0.00010966530000000004,9.412529999999999e-05,0.00017149275,7.828274999999999e-05,0.00018258645,4.720644999999999e-05,0.00022016500000000003,3.6394999999999986e-05,,,6.838000000000002e-06,6.753e-06,0.0003737346499999999,0.00020049465,0.00012327666875,3.825166875e-05,-0.00014156949375
2025-02-06 00:00:00+00:00,-0.0002108855,-0.0002530155,8.627975000000002e-05,0.00013689975000000002,0.00012770780000000002,8.832280000000001e-05,3.2497499999999887e-06,1.640474999999999e-05,0.000174895,0.00011910000000000001,5.3395100000000007e-05,3.0290100000000003e-05,,,-0.00021956655,-7.707155000000002e-05,0.00023901685000000004,0.00021848185,3.176152500000001e-05,3.4926525e-05,-4.943793125e-05
2025-02-07 00:00:00+00:00,9.113495e-05,2.4574950000000004e-05,0.00013479,0.00011169,0.000110745,4.3205000000000004e-05,-0.0001816748,-0.00018662479999999998,0.000166715,9.224e-05,9.701700000000002e-05,4.920200000000003e-05,,,-0.00025867414999999997,-0.00022422414999999997,0.00010276025000000002,0.00014947525000000002,3.285165625000001e-05,7.442281250000012e-06,-0.00010060298125000002
2025-02-08 00:00:00+00:00,3.3288900000000006e-05,-3.20561e-05,9.480255000000002e-05,7.081755000000001e-05,4.9305e-05,5.536499999999999e-05,-8.24139e-05,-0.0001808539,0.00011096235,0.00011294734999999999,0.0001739144,0.00019323940000000003,,,-0.00014289315,-0.00012374815000000002,-0.00014482045,-1.3480450000000009e-05,1.1518212500000009e-05,1.0278837499999995e-05,-0.00012621665000000002
2025-02-09 00:00:00+00:00,9.588725e-05,6.723225e-05,0.00015517115,0.00013239615,0.0001581968,0.00016158179999999997,-7.14433e-05,-5.96283e-05,7.240339999999999e-05,0.0001409634,6.143720000000002e-05,0.00011143720000000001,,,-0.0002058513,-0.00018907130000000001,-0.00012619015,-4.556515e-05,1.7451381250000004e-05,3.991825624999999e-05,3.356569374999999e-05
2025-02-10 00:00:00+00:00,-8.495864999999999e-05,-8.813365e-05,0.00014757,2.3300000000000014e-05,4.184005e-05,9.281005000000002e-05,-6.26219e-05,-0.0001647869,5.877415000000001e-05,8.493415000000001e-05,0.0001596131,8.981309999999998e-05,,,-0.0003748803,-0.00032882029999999995,-0.00013342275000000002,-0.00019968274999999997,-3.10107875e-05,-6.132078749999999e-05,-3.5948637500000016e-05
2025-02-11 00:00:00+00:00,1.1396100000000013e-05,7.231099999999994e-06,9.4715e-05,7.980000000000002e-05,5.782500000000001e-05,5.0155e-05,-4.701475000000001e-05,-5.449750000000002e-06,3.6544549999999985e-05,4.638454999999999e-05,5.3995050000000024e-05,3.817505000000001e-05,,,-9.462044999999999e-05,-3.064545e-05,0.00015958505,0.00010827005,3.4053193750000006e-05,3.674006875e-05,-0.00018073251875
2025-02-12 00:00:00+00:00,6.0505000000000004e-05,7.8895e-05,8.7745e-05,0.00011847999999999999,0.00010837759999999997,9.556259999999999e-05,5.7711100000000004e-05,3.9761099999999994e-05,0.00012138235000000001,3.961734999999998e-05,0.00010918,5.164500000000001e-05,,,-4.6471500000000004e-05,-4.65565e-05,0.0003664346999999999,0.0001819897,0.00010810803124999999,6.992428125e-05,-0.00017412284375000001
2025-02-13 00:00:00+00:00,0.00023229749999999997,0.0002146575,4.2894999999999995e-05,6.258999999999998e-05,9.4215e-05,0.000122565,0.000181145,0.00017148499999999998,6.046e-05,8.827499999999999e-05,0.00020342489999999996,0.00014654989999999998,,,0.0001033474,-2.2317600000000015e-05,0.000217415,0.000228395,0.00014189997499999997,0.00012652497499999996,-9.445532500000002e-05
2025-02-14 00:00:00+00:00,1.0372750000000012e-05,-3.627249999999998e-06,-6.947755e-05,-7.409754999999999e-05,7.923400000000001e-05,5.0324000000000015e-05,8.533e-05,3.5749999999999995e-05,3.379384999999999e-05,2.848384999999999e-05,6.0530249999999995e-05,0.00010737524999999998,,,-6.788149999999999e-05,-3.1986499999999996e-05,0.00020870425000000002,0.00022326924999999998,4.2575756250000005e-05,4.1936381249999994e-05,-0.00032035155625
2025-02-15 00:00:00+00:00,-4.587349999999986e-06,-1.2292349999999979e-05,5.5226449999999994e-05,5.133644999999999e-05,8.975775000000001e-05,2.8947750000000004e-05,5.7879999999999995e-05,2.5564999999999997e-05,5.2657600000000016e-05,8.362600000000007e-06,7.162820000000001e-05,8.964820000000002e-05,,,0.00010126635,9.025134999999998e-05,7.3865e-05,4.295000000000001e-05,6.221175e-05,4.0596125e-05,-0.00018496233125
2025-02-16 00:00:00+00:00,-2.7949600000000004e-05,-2.79746e-05,-7.807999999999997e-06,-3.8753e-05,0.000114565,0.000108945,0.00015097,6.259999999999999e-05,-6.501305000000001e-05,-6.311305000000001e-05,0.00010685540000000001,2.1615400000000017e-05,,,-0.00014983435,-0.00014699435000000002,-1.7520750000000007e-05,-1.7540750000000007e-05,1.3033081249999996e-05,-1.2651918750000003e-05,-0.000276595275
2025-02-17 00:00:00+00:00,3.8020249999999996e-05,-8.218475e-05,0.0001474133,0.00011646829999999996,0.000113145,0.00012935,0.00020999999999999998,0.00013747,-5.309930000000001e-05,-9.604299999999997e-06,0.0001798521,3.809710000000001e-05,,,-0.00011111989999999999,-0.0001817399,0.00010775854999999999,-3.534145e-05,7.899624999999999e-05,1.4064374999999988e-05,-0.00025440505
2025-02-18 00:00:00+00:00,-0.00018592294999999998,-0.00023665794999999998,3.3561850000000005e-05,-5.148149999999998e-06,7.6775e-05,0.00012955,0.00013956454999999998,0.00012328955,-4.745749999999999e-05,-2.3327499999999996e-05,4.03212e-05,8.621200000000008e-06,,,-0.00026478565,-0.00016583565000000003,-8.037920000000001e-05,-0.00014862420000000002,-3.60403375e-05,-3.97665875e-05,-0.00022917001875000004
2025-02-19 00:00:00+00:00,-0.00022046875,-0.00032103875,-4.57476e-05,-8.994759999999999e-05,1.1111000000000102e-06,7.97111e-05,5.5243350000000004e-05,-2.1246649999999987e-05,5.91036e-05,6.923859999999999e-05,0.0001641651,0.0001323801,,,-2.0371649999999993e-05,1.2823350000000007e-05,-0.0001443547,-0.0001631747,-1.8914943749999995e-05,-3.765681874999999e-05,-0.00027952926875
2025-02-20 00:00:00+00:00,2.8012100000000006e-05,-7.454790000000001e-05,0.0001654954,0.0001412454,3.1270000000000004e-05,1.4450000000000137e-06,0.00012992245,8.565245e-05,7.289e-05,2.9100000000000016e-05,6.951174999999999e-05,7.369175e-05,,,-5.3129149999999996e-05,1.3480849999999998e-05,0.00016010265,3.675265e-05,7.55094e-05,3.8352525e-05,-0.00040359096875000004
2025-02-21 00:00:00+00:00,-0.0001171502,-0.0001186852,0.00014531285,2.848285e-05,5.1159599999999984e-05,-2.2565400000000016e-05,0.000118205,8.7305e-05,7.340990000000001e-05,4.962490000000001e-05,8.1345e-05,5.9899999999999986e-05,,,-0.0001284147,-0.0001294897,0.0001118803,1.10053e-05,4.196846875e-05,-4.302781250000003e-06,-0.00014349338125
2025-02-22 00:00:00+00:00,-0.00032332600000000003,-0.00030653099999999997,5.903500000000009e-06,3.430350000000001e-05,0.00013122875,7.960374999999999e-05,0.0001471383,-1.155170000000001e-05,4.6945400000000006e-05,4.99504e-05,2.9092999999999825e-06,8.809299999999989e-06,,,-0.00014748839999999998,-0.00015254339999999997,-8.526335e-05,-0.00014061335,-2.7744062499999998e-05,-5.482156249999999e-05,-0.0003304560125
2025-02-23 00:00:00+00:00,-0.00041668725,-0.00029744725,0.00026464195,-0.00047130305000000003,0.00019413149999999998,-0.0001441185,9.40402e-05,-3.80998e-05,0.00012431445,-0.00013878555,0.00032445499999999997,0.0,,,-0.00018629045,0.00020440455,0.00027384,-0.0008673550000000001,8.4055675e-05,-0.000219088075,6.780840625000002e-05
2025-02-24 00:00:00+00:00,-0.0003019645,-0.00033859449999999996,3.606600000000012e-06,3.606600000000012e-06,-3.3358199999999995e-05,-0.0001397082,1.3334600000000003e-05,-9.30304e-05,4.500000000000033e-07,-8.087499999999999e-05,0.00011902,0.0,,,-0.00017070169999999999,-0.0001800117,-0.0002542696,-0.0002972346,-7.798534999999999e-05,-0.00014073097499999997,-0.00014221762500000003
2025-02-25 00:00:00+00:00,-4.85012e-05,-0.0002139262,0.00024203499999999998,0.0,9.866330000000001e-05,-2.153169999999999e-05,5.863349999999993e-06,-0.00017438165,-0.00011383195,-0.00017911695000000002,0.00021184739999999995,-3.4037600000000014e-05,,,-0.0001270016,-0.0002364266,-8.005005e-05,-0.00026165505000000003,2.3628031249999995e-05,-0.00014013446875,-4.006440000000002e-05
2025-02-26 00:00:00+00:00,-0.00024424574999999996,-0.00033051074999999994,0.00013371635,8.281635e-05,7.940400000000001e-05,1.2554000000000009e-05,-1.463035e-05,-0.00014093035,4.5489000000000015e-06,-1.2686099999999997e-05,-1.0126999999999996e-06,-4.09727e-05,,,-3.8805950000000004e-05,-0.00016201095,0.00014616525,-4.54750000000003e-07,8.142468750000005e-06,-7.402440625e-05,-0.00022585095000000004
2025-02-27 00:00:00+00:00,-0.00020080654999999999,-0.00029922155,-3.29971e-05,-0.0002538021,5.237e-05,1.5100000000000008e-06,7.98367e-05,-9.12183e-05,-0.00012189225000000001,-0.00021491224999999997,0.0001259521,-3.0737899999999996e-05,,,-6.125615000000002e-05,-7.289115e-05,0.00016110685000000002,-1.3748149999999991e-05,2.8920000000000055e-07,-0.00012187767499999999,-0.00012552536875
2025-02-28 00:00:00+00:00,-0.0001669765,-0.0001669765,4.726499999999999e-05,0.0,5.136365000000001e-05,0.00021797865,-8.37032e-05,-9.178320000000001e-05,-1.6147099999999997e-05,0.0001519579,4.3993850000000016e-05,4.21885000000002e-06,,,-0.0001088381,-0.0001088381,3.770494999999998e-05,-1.0630050000000012e-05,-2.4417181250000004e-05,-5.090562499999998e-07,-0.0002383405875
2025-03-01 00:00:00+00:00,-0.000138445,-0.00018831499999999996,0.00014900000000000002,2.7049999999999923e-06,-6.648650000000004e-06,9.661635000000001e-05,4.04303e-05,-8.568970000000001e-05,-9.02437e-05,-3.4113700000000005e-05,6.90965e-06,-0.00010546035,,,-9.512985000000001e-05,-0.00023303484999999998,-2.410335e-05,-6.88335e-06,-1.9778825e-05,-6.927194999999998e-05,-0.00027470643125
2025-03-02 00:00:00+00:00,-8.36769e-05,-3.68919e-05,9.576e-05,7.92499999999999e-06,-8.112129999999999e-05,-0.00019327129999999998,-7.662224999999999e-05,-0.00011052725,-0.00014078565000000002,-0.00021262565,-3.067300000000001e-05,8.007000000000001e-06,,,-0.0001773894,-0.0002643744,-2.6808550000000003e-05,-4.384354999999999e-05,-6.516463125e-05,-0.00010570025624999999,-0.00027449011875
2025-03-03 00:00:00+00:00,4.156965000000001e-05,0.00010326465000000002,0.00015900299999999998,8.3323e-05,0.00015155205000000002,-3.052949999999977e-06,6.635010000000001e-05,-8.894899999999988e-06,7.251999999999999e-05,4.144000000000001e-05,8.198015e-05,-7.129850000000001e-06,,,6.35385e-05,-0.0001255215,4.404955e-05,-5.8055449999999997e-05,8.507037499999999e-05,3.1716250000000096e-06,-0.00028188591875
2025-03-04 00:00:00+00:00,-0.00023853684999999999,-0.00033475185,0.0002446781,0.00022137310000000003,0.0001054027,-4.18723e-05,0.00020237355,-2.294645000000001e-05,0.00012474985,-1.0760150000000009e-05,4.231235000000001e-05,-2.7526499999999867e-06,,,3.930400000000009e-06,-3.3959600000000006e-05,0.0001462306,-3.3084400000000005e-05,7.88925875e-05,-3.2344287500000004e-05,-3.601063125e-05
2025-03-05 00:00:00+00:00,-0.00027364065,-0.00048111065,0.00028672869999999995,2.7513700000000028e-05,-8.22769e-05,-7.56019e-05,6.212649999999998e-06,-6.773499999999895e-07,-4.169474999999999e-05,-0.00012491974999999999,2.3769349999999993e-05,-3.181065e-05,,,0.0002461288,2.7238000000000013e-06,4.32910000000001e-06,6.63641e-05,2.1194537499999987e-05,-7.718983749999998e-05,-0.00018211138750000004
2025-03-06 00:00:00+00:00,-0.0002388993,-0.00017332430000000003,0.00033861205000000003,8.724204999999998e-05,7.520475e-05,-1.5480250000000005e-05,6.299195e-05,3.3556949999999994e-05,2.1814349999999992e-05,-3.9140650000000006e-05,2.4681950000000002e-05,8.919695e-05,,,0.00012565,4.852500000000001e-05,-5.12046e-05,-0.00011879459999999999,4.4856393750000004e-05,-1.1027356250000006e-05,-0.00020927689375000003
2025-03-07 00:00:00+00:00,-1.9555800000000003e-05,4.07642e-05,0.00010794245,-5.612550000000003e-06,2.380265e-05,3.953265000000001e-05,9.233515000000001e-05,-4.079849999999992e-06,-5.258255e-05,-0.00014437755,-4.808355e-05,-3.5188549999999994e-05,,,0.0001433818,5.5576800000000006e-05,-0.00012480909999999998,-0.00014429409999999998,1.5303881250000005e-05,-2.4709868749999995e-05,-0.000256196625
2025-03-08 00:00:00+00:00,7.03616e-05,0.0001048216,9.150099999999999e-05,-6.499000000000012e-06,0.00012501545,2.749045e-05,5.9221849999999986e-05,4.7751849999999996e-05,-1.5362499999999997e-05,0.0001148725,2.577725e-05,0.00012192224999999999,,,0.0001172707,1.4715700000000012e-05,-0.00016840290000000001,-0.00012210290000000003,3.8172806250000004e-05,3.7871556250000004e-05,-0.00023438878125
2025-03-09 00:00:00+00:00,0.00012732615,0.00022959115000000002,9.812075e-05,5.761075e-05,0.000115455,6.136e-05,-3.62156e-05,-5.9635599999999995e-05,-0.0001486393,-3.896430000000001e-05,-0.00021150925000000003,3.579075e-05,,,8.886525e-05,0.00015906524999999999,-4.9087750000000004e-05,-4.9047750000000005e-05,-1.9605937500000016e-06,4.947128125e-05,-0.00011163815000000003
2025-03-10 00:00:00+00:00,0.00019284575,0.00019526075,-3.987505e-05,0.00012938995000000002,9.7805e-05,0.00012264,-6.475825000000001e-05,-3.303825e-05,-0.00015393949999999997,-6.589449999999998e-05,-0.00012097965000000001,-4.294965e-05,,,-2.164999999999939e-07,-1.0766499999999994e-05,0.0001098504,-1.0664600000000001e-05,2.591525000000004e-06,3.5497150000000006e-05,-0.00023158023125
2025-03-11 00:00:00+00:00,0.00026649195,0.00012566695,7.788449999999994e-05,1.0409499999999964e-05,0.00010329264999999998,0.00037415265,3.283215e-05,7.823715e-05,4.935215e-05,0.00015219715,0.00025174450000000004,0.0001924545,,,-2.7782749999999984e-05,-7.357750000000002e-06,5.357305000000001e-05,-6.955195e-05,0.000100923525,0.00010702602499999998,-8.452088750000002e-05
2025-03-12 00:00:00+00:00,7.38484e-05,8.71734e-05,0.00012446575000000002,7.819575e-05,2.1217150000000007e-05,7.434715000000001e-05,-7.960810000000001e-05,1.6676899999999993e-05,-2.4757650000000005e-05,-3.579265e-05,0.00027984824999999994,0.00027908825,,,5.053885e-05,8.260885000000001e-05,-0.0001638671,-0.0002521121,3.521069375e-05,4.127319375000001e-05,-0.00022539493750000004
2025-03-13 00:00:00+00:00,-8.320055000000003e-05,-8.787555000000003e-05,0.00011192564999999999,0.00011573565,2.7942600000000006e-05,-2.772739999999999e-05,0.00010330685,5.379684999999999e-05,-1.6258500000000016e-06,9.360914999999997e-05,4.336625e-05,1.6806250000000005e-05,,,-4.30452e-05,-9.106520000000002e-05,-0.00012876775,-3.555774999999999e-05,3.737749999999993e-06,4.715249999999991e-06,-0.00030987221875000004
2025-03-14 00:00:00+00:00,-4.353635e-05,3.493365e-05,-9.102249999999999e-06,3.862750000000003e-06,7.39194e-05,3.892439999999999e-05,-4.773449999999992e-06,3.8546550000000005e-05,-2.713075e-05,-4.151075e-05,-4.49514e-05,-6.646640000000001e-05,,,-9.734170000000002e-05,-9.263670000000001e-05,-5.88217e-05,5.561330000000001e-05,-2.6467275e-05,-3.591649999999999e-06,-0.00038556709375
2025-03-15 00:00:00+00:00,-2.94572e-05,-2.4792200000000013e-05,-1.9573650000000002e-05,-0.00012686864999999998,1.966395e-05,8.224895e-05,-2.092684999999998e-05,3.2431500000000026e-06,1.3383250000000004e-05,-1.0221750000000008e-05,-3.85129e-05,-0.00010431290000000001,,,0.00011050814999999999,-1.4926850000000008e-05,-0.00011122895000000001,-7.213895e-05,-9.518025000000001e-06,-3.347115e-05,-0.00048123819375000003
2025-03-16 00:00:00+00:00,-0.0001558106,-0.0001453606,1.037484999999999e-05,-8.300015000000002e-05,-0.00022717965000000002,-0.00038333964999999996,-4.8610849999999996e-05,-0.00010812585,-7.575850000000004e-06,-6.071584999999999e-05,0.00011265670000000001,-3.42283e-05,,,4.526775000000002e-05,2.6282750000000002e-05,-0.00016429475,-0.00020073474999999998,-5.439655e-05,-0.00012365279999999998,-0.00040071819375000003
2025-03-17 00:00:00+00:00,-0.00019137285,-0.00016153285,-9.077089999999997e-05,-0.00027588589999999995,-0.00029732770000000003,-0.0002937327,0.00011110944999999999,0.00014134945,-9.110039999999999e-05,-0.00010707539999999999,0.00012776265,1.5276500000000067e-06,,,1.8525549999999997e-05,-1.896945e-05,-0.00013367835,-4.0973350000000006e-05,-6.835656875e-05,-9.441156874999999e-05,-0.00019069346250000002
2025-03-18 00:00:00+00:00,-3.1548800000000005e-05,-1.5013800000000005e-05,0.0003268355,0.0002463155,-0.00014054009999999999,-0.00010853009999999999,0.00011323274999999999,0.00012012274999999998,-0.00020377655,-0.00010863155,0.00010536840000000001,5.4718400000000015e-05,,,1.539825e-05,-5.761750000000003e-06,3.179585000000001e-05,9.814585000000001e-05,2.7095662500000006e-05,3.5170662500000006e-05,-0.00012565135625000002
2025-03-19 00:00:00+00:00,-4.2966199999999995e-05,-6.836619999999999e-05,0.0001432992,9.64842e-05,1.867015e-05,5.017515e-05,2.8772899999999993e-05,-6.64471e-05,-3.55347e-05,6.38003e-05,-1.7272999999999917e-06,5.88677e-05,,,5.632989999999999e-05,2.5334899999999994e-05,-4.003449999999998e-06,5.6146549999999985e-05,2.0355062500000002e-05,2.6999437499999997e-05,-0.00037081619375000003
2025-03-20 00:00:00+00:00,1.1950300000000007e-05,8.185030000000002e-05,4.190499999999999e-05,6.110000000000001e-06,9.407500000000001e-05,0.00010404999999999998,2.1585949999999996e-05,4.8795949999999995e-05,4.157975000000002e-05,4.265475000000002e-05,4.798e-05,0.0,,,4.23759e-05,5.70209e-05,-4.273849999999995e-06,-6.564885e-05,3.714725625000001e-05,3.435413125e-05,-0.00023876178125
2025-03-21 00:00:00+00:00,-2.4522000000000014e-05,6.079799999999999e-05,3.697595e-05,1.8094999999999223e-07,6.222770000000001e-05,5.9842699999999995e-05,5.03714e-05,0.0001323064,0.00010181900000000001,0.00011865400000000002,6.258500000000001e-05,4.6970000000000006e-05,,,2.3742150000000015e-05,0.00010298715000000002,-0.00011371895000000001,-5.6303950000000005e-05,2.493503125e-05,5.817940625000001e-05,-0.0001652751
2025-03-22 00:00:00+00:00,-0.00010377829999999999,0.0001027417,0.00014598275,4.207775e-05,2.51515e-05,7.17365e-05,9.363225e-05,0.00010945725,1.5079599999999994e-05,5.515959999999999e-05,8.49327e-05,0.00014712769999999998,,,-5.470374999999999e-05,-4.259875e-05,-1.1185899999999992e-05,3.359099999999996e-06,2.438885625e-05,6.113260625e-05,-0.00025116405625000006
2025-03-23 00:00:00+00:00,0.00010067124999999999,4.8536250000000015e-05,5.044450000000006e-06,-3.962555e-05,0.00010065919999999999,9.209919999999999e-05,9.490619999999999e-05,9.08762e-05,0.00012644075,2.6025749999999997e-05,0.00020042824999999998,0.00019964325,,,0.00011190169999999999,5.620170000000001e-05,0.0001445356,1.7015600000000007e-05,0.00011057342499999998,6.134655e-05,-0.00033447338125000006
2025-03-24 00:00:00+00:00,0.00010244705000000001,3.997205000000002e-05,4.967640000000002e-05,2.1806400000000012e-05,-6.989675e-05,-2.3191749999999997e-05,5.468455e-05,9.911955e-05,6.637805e-05,3.121805e-05,7.994000000000001e-05,0.0,,,8.030600000000001e-05,4.2311000000000016e-05,6.539155e-05,-4.089345e-05,5.361585625000001e-05,2.1292731250000004e-05,-0.00011824390000000002
2025-03-25 00:00:00+00:00,-8.235045e-05,-4.8160450000000004e-05,-1.0944949999999998e-05,-3.713495e-05,2.287030000000001e-05,-2.6799699999999983e-05,6.267350000000027e-06,7.103235000000002e-05,2.2321899999999997e-05,-3.848809999999999e-05,1.6375999999999987e-05,3.405999999999976e-06,,,5.162500000000001e-05,8.69000000000001e-06,7.235210000000001e-05,6.56871e-05,1.2314656250000005e-05,-2.209687499999962e-07,-0.00035152001249999997
2025-03-26 00:00:00+00:00,-4.885865e-05,2.723635000000001e-05,3.93839e-05,0.0001250789,-5.16168e-05,-7.60418e-05,6.371925000000001e-05,8.961925000000001e-05,9.88447e-05,0.00012714469999999998,0.0,1.9419999999999997e-05,,,8.885749999999995e-06,5.276075000000001e-05,5.730760000000001e-05,3.9287600000000007e-05,2.095821875e-05,5.0563218750000004e-05,-0.00022449400000000002
2025-03-27 00:00:00+00:00,-4.6230900000000005e-05,-8.602089999999999e-05,4.696039999999999e-05,0.00012463039999999998,2.85042e-05,4.014200000000004e-06,8.658599999999999e-06,9.07336e-05,8.751215e-05,3.8567149999999995e-05,0.0,2.8424999999999996e-05,,,4.679765000000002e-05,2.7212649999999994e-05,0.00018599604999999998,8.690605e-05,4.477476874999999e-05,3.930851875e-05,-0.00017228865625000002
2025-03-28 00:00:00+00:00,-0.0001496314,-1.4331400000000003e-05,0.00011173584999999999,8.184085e-05,1.5015000000000001e-05,4.5465000000000006e-05,-6.763174999999999e-05,-0.00011903674999999999,4.3661400000000015e-05,5.8336400000000006e-05,2.1479999999999998e-05,0.00010311,,,4.047635000000001e-05,-1.804865e-05,0.00024397065,5.489565e-05,3.23845125e-05,2.40288875e-05,-0.00033877361874999997
2025-03-29 00:00:00+00:00,-0.0001594508,-0.00021968079999999999,0.0001113981,7.54381e-05,3.112635e-05,6.430635e-05,3.0261049999999994e-05,8.426049999999983e-06,-5.491239999999999e-05,-1.6987400000000003e-05,0.00017389804999999998,0.00020700805,,,-2.697500000000014e-07,-0.00011736975,0.00023342984999999997,0.00016850985,4.568505624999999e-05,2.120630625e-05,-0.00012398683750000004
2025-03-30 00:00:00+00:00,6.491325000000001e-05,-0.00013446174999999998,0.00023427250000000003,0.00015960749999999999,-3.836959999999999e-05,2.8595400000000007e-05,-0.00010861054999999998,-9.504555e-05,-6.7156000000000006e-06,-7.157060000000001e-05,5.4932899999999984e-05,6.527789999999999e-05,,,7.22295e-05,2.8594499999999995e-05,9.573650000000001e-06,3.4358650000000003e-05,3.527825625e-05,1.919506249999999e-06,-0.00029771236875
2025-03-31 00:00:00+00:00,-8.780595e-05,-0.00013603094999999998,3.801250000000044e-06,-2.5523750000000018e-05,6.107275000000001e-05,8.641775000000001e-05,-0.0002106228,-0.00018550779999999999,-0.00012892269999999998,-0.00011401269999999999,0.00013109145,0.00011410145,,,1.0396350000000042e-05,-6.191864999999998e-05,-3.5652999999999267e-06,-0.00020658529999999995,-2.806936874999998e-05,-6.613249374999997e-05,-0.00032850175625000005
2025-04-01 00:00:00+00:00,6.034125e-05,-2.7748749999999998e-05,2.513369999999999e-05,6.8787000000000134e-06,1.7611649999999996e-05,5.973665000000001e-05,-0.00011207334999999998,-9.899834999999997e-05,-3.1545949999999996e-05,-8.436595000000001e-05,5.792775e-05,9.842275000000001e-05,,,8.805045000000002e-05,-5.731955000000001e-05,0.00015414645000000002,6.560145e-05,3.2448993750000005e-05,-4.724131249999995e-06,-0.00010722435625000002
2025-04-02 00:00:00+00:00,-1.8597500000000022e-06,-3.854475e-05,4.76276e-05,3.68026e-05,-8.17195e-06,8.088305e-05,0.00010192104999999999,0.00014121105,6.492450000000001e-05,1.9554500000000007e-05,4.625499999999999e-05,4.790500000000001e-05,,,-6.16815000000001e-06,-2.1293149999999994e-05,0.00022513000000000003,0.000259635,5.87072875e-05,6.57691625e-05,-0.00041870523124999995
2025-04-03 00:00:00+00:00,-0.0001135904,-0.0001104704,5.465465000000001e-05,5.4724650000000005e-05,-1.2836049999999995e-05,1.0338950000000005e-05,1.5827499999999997e-05,-2.0197500000000008e-05,5.382255e-05,6.651255e-05,1.80549e-05,-1.877509999999999e-05,,,-4.041725000000001e-05,-4.729725e-05,0.00017948735,0.00012736735,1.937540625e-05,7.775406250000002e-06,-0.0005922984749999999
2025-04-04 00:00:00+00:00,-0.00038237804999999997,-0.00040494805000000004,-0.00023598355000000002,-0.00026054855,-2.5536000000000004e-05,6.947399999999999e-05,-0.00032597510000000003,-0.0003430901000000001,-0.0001371612,-8.38012e-05,-7.458105000000001e-05,-0.00011830605000000002,,,7.287475e-05,-0.00010735525,-0.00018237895,-0.00014256895,-0.00016138989375000002,-0.00017389301875,-0.0003347908875
2025-04-05 00:00:00+00:00,-0.00021866984999999997,-0.00034529985,-0.00012775650000000004,-0.00017259150000000002,3.99002e-05,1.3505200000000004e-05,-3.380105e-05,-5.3291050000000005e-05,-0.00015077615,-0.00011906115,3.986795000000001e-05,9.923295000000003e-05,,,-5.679650000000006e-06,-9.008464999999999e-05,-0.00012088669999999999,-0.0001188517,-7.222521875e-05,-9.830521875000001e-05,-7.097964375e-05
2025-04-06 00:00:00+00:00,-0.0003808453,-0.00038571030000000004,-0.0002185964,-0.0002259814,6.781245e-05,3.6622449999999994e-05,-9.509624999999999e-05,-4.6151249999999996e-05,-0.00012982264999999998,-0.00020468764999999998,-9.347850000000002e-05,-0.00010880849999999999,,,-0.00050110265,-0.00053552765,-0.0004045918,-0.00045148679999999997,-0.0002194651375,-0.0002402163875,-4.0611125000000024e-05
2025-04-07 00:00:00+00:00,-0.0003919828,-0.0003766978,1.7673899999999956e-05,-0.0001517261,5.6847000000000006e-05,-1.546800000000001e-05,-0.00028627090000000007,-0.00029763090000000004,-0.00015360609999999999,-0.00017088609999999998,-0.00015104949999999998,-0.0002184395,,,-0.0003152987,-0.00038921869999999995,-0.00019138900000000003,-0.000292779,-0.0001768845125,-0.00023910576249999997,5.033149999999999e-05
2025-04-08 00:00:00+00:00,-0.0001528263,-7.395129999999999e-05,-0.0005647372500000001,-0.0006740772500000001,4.1409549999999994e-05,0.00012251455,-3.8420499999999996e-05,-5.1650499999999996e-05,-0.00012404295,-0.00012838795000000001,4.881005e-05,0.00012709505,,,-2.219915e-05,-9.869915e-05,-0.00027208225,-0.00024036725000000002,-0.0001355111,-0.00012719047500000003,3.416625000000009e-06
2025-04-09 00:00:00+00:00,-0.00011665834999999999,-0.00011931835,-0.00029410834999999997,-0.00031288335,9.6085e-05,9.154e-05,-0.0001686322,-0.0002423422,-0.00018144944999999997,-0.00025321444999999997,9.996999999999999e-05,0.000130365,,,-7.423000000000007e-06,-0.000158313,6.131289999999998e-05,-0.00014549210000000003,-6.386293125e-05,-0.00012620730625,3.991579374999997e-05
2025-04-10 00:00:00+00:00,-0.00014320875000000001,-0.00010890375,-5.8165000000000017e-05,-0.00012264999999999997,0.00012352215,0.00014338715,-0.00012294349999999999,-0.0001748685,-0.00011455115,-0.00022496115000000003,0.0,5.533000000000001e-05,,,-0.00027774230000000003,-0.0002731573,-0.00022603089999999998,-0.00027337589999999995,-0.00010238993125,-0.00012239993125,-2.3059531250000006e-05
2025-04-11 00:00:00+00:00,2.7698200000000002e-05,0.0001917982,-0.00021317654999999995,-0.00016404155,7.702999999999999e-05,3.045500000000001e-05,7.47986e-05,6.28586e-05,-0.00023017909999999999,-0.00023043410000000002,-1.5579250000000005e-05,6.904575e-05,,,-6.2791e-05,1.2879000000000002e-05,-6.055554999999998e-05,8.134450000000005e-06,-5.034433124999999e-05,-2.413081249999996e-06,-0.00022297219375000003
2025-04-12 00:00:00+00:00,1.5190199999999999e-05,9.382020000000001e-05,-0.00021303640000000003,-0.00024437140000000004,0.000144695,9.009e-05,-9.35412e-05,-8.10712e-05,-5.433890000000001e-05,-0.00012663890000000003,5.6032e-05,9.4522e-05,,,4.29e-05,0.00018173999999999998,8.989439999999999e-05,6.916939999999999e-05,-1.5256125000000054e-06,9.657512499999993e-06,-0.0001163471125
2025-04-13 00:00:00+00:00,-1.5103499999999876e-06,0.00019127464999999996,0.00016909775,9.084775000000002e-05,8.269585e-05,0.00011852084999999999,-3.042999999999986e-06,-6.717999999999983e-06,-0.00020053024999999998,-0.00023677525,5.5504999999999984e-05,0.00016306,,,-0.00011451279999999998,-0.00012364279999999998,-0.00026882170000000006,-0.00036407670000000004,-3.5139937500000005e-05,-2.0938687500000006e-05,-0.00017900520625000003
2025-04-14 00:00:00+00:00,-5.266739999999999e-05,0.00019228760000000004,-0.00013126385,-0.00010253884999999999,3.20093e-05,0.00010503430000000002,-0.00010804645,-0.00012593644999999999,-0.00013351854999999998,-7.226854999999999e-05,5.1064999999999986e-05,0.00012254,,,-5.825845000000001e-05,-3.543345000000001e-05,-0.000114704,-0.000141009,-6.442304999999999e-05,-7.165549999999988e-06,-0.00011718555000000005
2025-04-15 00:00:00+00:00,-5.9519700000000005e-05,-8.036470000000001e-05,-0.00011867860000000002,-0.0001346386,-3.907150000000013e-06,5.642785e-05,2.8828900000000008e-05,-4.4811e-06,-4.30334999999999e-06,1.7766650000000004e-05,0.0001038145,0.0001047545,,,7.292444999999999e-05,9.932944999999999e-05,0.00017177000000000002,5.5400000000000005e-05,2.3866131250000002e-05,1.4274256249999997e-05,-0.00036860096875
2025-04-16 00:00:00+00:00,-0.0003676115,-0.0005069165,-8.568074999999994e-05,-0.00021522574999999994,2.834549999999999e-06,-5.2880450000000006e-05,2.1676800000000016e-05,-3.516819999999999e-05,-4.995519999999999e-05,-7.80152e-05,-2.3707100000000012e-05,-8.297210000000001e-05,,,-0.00026346035,-0.00035897034999999997,0.00021080890000000003,0.0001347989,-6.938683124999999e-05,-0.00014941870624999995,-0.00015431640000000002
2025-04-17 00:00:00+00:00,-0.00017408550000000002,-0.0002776755,-7.765650000000008e-06,-8.471065000000001e-05,3.37131e-05,0.00017621310000000002,9.58405e-06,3.1489050000000006e-05,-0.00013055675,-0.00013257175,-4.619500000000001e-06,1.2695500000000004e-05,,,-0.00027019285,-0.00036862785,2.7962899999999986e-05,0.00010072290000000002,-6.449502500000001e-05,-6.780815e-05,-0.00015743478125
2025-04-18 00:00:00+00:00,-0.00026663555,-0.00035258554999999996,-5.036175e-05,-8.934675e-05,-5.314235e-05,5.547650000000001e-06,-0.00012298775,-0.00016825274999999999,-6.767890000000001e-05,-4.71789e-05,-0.0001311188,-0.0001373838,,,-0.00020128009999999998,-0.00031947510000000003,-0.00012513265,-0.00011336265,-0.00012729223125,-0.00015275473125000001,-0.00018518181250000003
2025-04-19 00:00:00+00:00,2.2388449999999984e-05,2.9413449999999985e-05,2.1736799999999995e-05,-0.0001040182,-0.00013711124999999999,-7.082625e-05,1.2790049999999998e-05,-1.8249949999999993e-05,-0.00011269475,-0.00012222475,-9.673099999999999e-05,-0.000141316,,,-0.00028328015,-0.00038327014999999995,-0.00031539075,-0.00020814575,-0.00011103657500000002,-0.0001273297,-0.00019686651250000003
2025-04-20 00:00:00+00:00,-3.11796e-05,6.38654e-05,-0.0001182307,-0.00010268070000000001,6.995160000000001e-05,2.6696600000000005e-05,-6.813549999999992e-06,4.169145000000001e-05,4.2745000000000046e-06,4.016450000000001e-05,-7.202704999999997e-05,2.0607950000000003e-05,,,-0.00031274220000000004,-0.0002863272,-0.00048343715,-0.00048005215,-0.00011877551875000001,-8.450426875000001e-05,-0.00034743166875
2025-04-21 00:00:00+00:00,-2.595724999999999e-05,2.3775000000002514e-07,-0.00019426605,-0.00019785605000000001,-1.3242249999999993e-05,-1.931724999999999e-05,-4.5441650000000006e-05,-4.207664999999999e-05,-1.3293199999999995e-05,4.7966799999999996e-05,-2.2147249999999987e-05,-2.4757249999999987e-05,,,-0.0002289035,-0.00011270849999999999,3.673164999999997e-05,0.00021487664999999994,-6.33149375e-05,-1.6704312499999996e-05,-0.0004564577687500001
2025-04-22 00:00:00+00:00,-0.00020896419999999997,-0.0001796042,-6.346680000000001e-05,-7.69018e-05,-5.314285000000001e-05,-9.743284999999999e-05,-6.615649999999979e-06,-2.795649999999995e-06,-9.075794999999998e-05,-2.8817950000000008e-05,-2.9283099999999998e-05,7.018999999999852e-07,,,-9.775140000000001e-05,-7.09114e-05,0.00016095309999999995,0.0001012681,-4.862860625e-05,-4.431173125000001e-05,-0.0003084048375
2025-04-23 00:00:00+00:00,-9.42627e-05,-0.00022246769999999998,-0.0001903618,-0.0002595518,8.625544999999998e-05,5.574045e-05,-8.938150000000017e-06,-1.5303149999999993e-05,4.2324949999999995e-05,-1.8550500000000095e-06,-6.329334999999999e-05,-2.619835000000001e-05,,,-0.00012270905,-9.239905e-05,-9.742690000000001e-05,-0.0001876419,-5.605144375e-05,-9.370956875e-05,-0.00017673759375000004
2025-04-24 00:00:00+00:00,-0.00025171709999999997,-0.0002380621,-0.0003220497,-0.0003220497,8.76725e-05,8.27025e-05,0.0,0.0,-1.0708400000000006e-05,3.0576599999999995e-05,2.050785000000002e-05,-2.662149999999981e-06,,,-0.00012516954999999998,-0.00014726955,-5.703000000000005e-06,-5.010800000000001e-05,-7.589592499999998e-05,-8.085905e-05,-0.00018748726875
2025-04-25 00:00:00+00:00,-7.907619999999999e-05,-8.371119999999997e-05,-0.00011422975,-0.00011422975,1.5452900000000006e-05,3.193290000000001e-05,1.7195000000000004e-05,2.365000000000006e-06,-0.0001041982,-7.27582e-05,-3.6484499999999985e-06,7.521550000000017e-06,,,-0.00012103734999999998,-0.00015515235,-9.505934999999998e-05,-6.777435e-05,-6.0575175e-05,-5.647579999999999e-05,-0.00018095614375000002
2025-04-26 00:00:00+00:00,-1.0818700000000007e-05,-1.8368700000000013e-05,-0.00011053985,-0.00016240485,1.7910799999999998e-05,-7.48292e-05,1.6599999999999987e-05,1.4300000000000005e-06,1.2680600000000014e-05,-6.40744e-05,-3.611600000000004e-06,-3.611600000000004e-06,,,5.593100000000002e-06,-3.923690000000001e-05,2.709125e-05,3.682124999999999e-05,-5.6368000000000025e-06,-4.05343e-05,-0.00040290876875
2025-04-27 00:00:00+00:00,-0.00023684114999999997,-0.00015851615,-0.0003060843,-0.00034118430000000007,-0.00012112024999999998,-0.00016590025,8.5505e-05,0.000100005,-6.539650000000002e-06,-5.098465000000001e-05,0.0,8.819000000000002e-05,,,-0.00021706195,-0.00020889195000000003,7.734005e-05,0.00024850005,-9.060028125000001e-05,-6.109778125000002e-05,-0.00036891658125
2025-04-28 00:00:00+00:00,-0.00043188214999999997,-0.00035203715000000003,-0.00019879394999999998,-0.00029703395,-4.553799999999998e-06,4.06262e-05,0.00011834,0.000126045,-0.0001444973,-0.0002222673,-1.2314499999999878e-06,1.5513550000000024e-05,,,-0.00013241284999999998,-8.989785e-05,-3.8893800000000004e-05,-0.00011289379999999999,-0.00010424066249999999,-0.0001114931625,-2.903561875000003e-05
2025-04-29 00:00:00+00:00,7.99994e-05,-2.2720600000000007e-05,-1.7532850000000003e-05,-8.269784999999999e-05,0.00011697170000000001,5.43967e-05,0.00012087000000000001,0.00012382,4.008365e-05,-2.3026349999999997e-05,6.497890000000001e-05,4.385890000000003e-05,,,-1.1798000000000003e-05,6.954199999999999e-05,2.0410450000000004e-05,-5.0469550000000005e-05,5.174790625e-05,1.4087906250000003e-05,-0.00026168519375000004
2025-04-30 00:00:00+00:00,-0.00010986625,-0.00018535125,-0.0001200031,-0.00012180309999999999,0.000145275,0.000146225,7.531499999999999e-05,0.00012029000000000002,-3.32871e-05,-6.35371e-05,5.3029250000000014e-05,3.900925000000001e-05,,,4.4544799999999994e-05,1.6229799999999985e-05,0.00014584370000000001,0.0001346237,2.51064125e-05,1.07107875e-05,-0.00013992197500000003
2025-05-01 00:00:00+00:00,-0.00016665145000000002,-0.00029799145,0.00024422815,0.00013821815,0.000180195,0.00011524499999999999,0.00020563154999999998,0.00014691154999999997,0.00015562045,0.00011487545,0.00025616835,0.00022431835,,,9.231615000000001e-05,-1.817385e-05,0.0002245775,0.0001125375,0.0001490107125,6.69925875e-05,-4.0637193750000016e-05
2025-05-02 00:00:00+00:00,-0.00014210175,-0.00017267175,-2.8217550000000002e-05,7.036744999999999e-05,0.00014377000000000001,0.000105055,5.229e-05,3.0649999999999986e-05,7.039155000000001e-05,-1.1678449999999985e-05,3.714275e-05,-3.0072500000000016e-06,,,-4.801905000000002e-05,-0.00020315905,8.030499999999998e-05,0.0,2.0695118749999997e-05,-2.3055506250000002e-05,-0.00014589365000000003
2025-05-03 00:00:00+00:00,-0.0001368391,-0.0001368391,8.470639999999999e-05,8.740139999999999e-05,0.000301515,0.00016847999999999999,3.1675e-05,4.133e-05,-7.159499999999993e-07,-7.078095e-05,-0.00011116625,-0.00011116625,,,0.0001191495,0.0001978695,0.000193175,0.00013929,6.018744999999999e-05,3.9448075e-05,-0.00020749035
2025-05-04 00:00:00+00:00,-0.00022220885,-0.00030537885,0.0003090702,0.0002856252,0.00017119,0.000245525,9.6525e-05,5.6139999999999994e-05,-7.341595e-05,-8.393094999999999e-05,-0.0001512017,-0.00023056670000000002,,,-2.328945e-05,-1.7149449999999996e-05,0.00024891785,0.00010766285,4.44483875e-05,7.2408874999999995e-06,-0.00016001068125000002
2025-05-05 00:00:00+00:00,-1.0862150000000007e-05,-6.385715e-05,0.00035082474999999994,0.00028260475,2.75075e-05,2.2097499999999996e-05,0.00012621165000000002,2.396665e-05,3.925449999999999e-05,-5.2130500000000005e-05,-5.8104200000000005e-05,-0.0001630242,,,-7.69367e-05,-7.337170000000001e-05,0.00020286059999999998,0.0001197756,7.509449374999999e-05,1.2007618749999995e-05,-0.00011561249375000002
2025-05-06 00:00:00+00:00,-3.1879800000000006e-05,-2.6429800000000006e-05,0.00030093000000000003,0.000172115,0.00014411540000000003,0.0001300604,0.00015062,5.1115e-05,0.00010994075,0.00010862575000000001,3.4926949999999996e-05,-3.6708049999999985e-05,,,-0.00037212335000000004,-0.00026578835000000005,0.00022218500000000001,9.69e-05,6.983936875e-05,2.8736243749999996e-05,-0.00012855631250000002
2025-05-07 00:00:00+00:00,-0.000116754,-8.039899999999999e-05,0.00018825,0.000183475,4.2235200000000005e-05,7.65902e-05,0.00010363444999999998,0.00013162445,7.944004999999999e-05,5.3590050000000004e-05,2.5241e-06,6.16041e-05,,,-0.00016694104999999998,-0.00013300604999999998,0.000152875,0.00011025,3.565796874999999e-05,5.046609375e-05,-0.00012824014375000003
2025-05-08 00:00:00+00:00,0.00011311760000000001,0.0001195226,0.000197155,0.00018098,9.665145000000001e-05,4.8336450000000004e-05,5.782500000000001e-05,0.00012057500000000002,8.901220000000001e-05,2.4102199999999998e-05,0.0001250804,0.00016566539999999998,,,2.747574999999999e-05,3.230075e-05,5.5139999999999984e-05,2.5379999999999998e-05,9.518217499999999e-05,8.96078e-05,-9.453479375000001e-05
2025-05-09 00:00:00+00:00,4.2652950000000017e-05,6.205295000000001e-05,1.966349999999998e-05,2.692849999999998e-05,0.00021789139999999998,0.0001481414,3.15787e-05,5.085869999999998e-05,0.00012258935,0.00011889935000000001,9.196399999999994e-06,1.6471400000000016e-05,,,1.9175750000000007e-05,7.210750000000002e-06,0.0001011591,6.855409999999999e-05,7.048839374999999e-05,6.238964374999999e-05,-0.0001306810625
2025-05-10 00:00:00+00:00,0.0,0.0,0.00015297025,0.00015297025,0.00012840865,0.00012650364999999998,4.117715e-05,4.117715e-05,0.00021804185,0.00021804185,0.0,3.2565e-05,,,-1.6176500000000017e-05,-1.6176500000000017e-05,0.0003507635500000001,0.0003507635500000001,0.00010939811875000001,0.00011323061875,-0.00013857981874999998
2025-05-11 00:00:00+00:00,0.00015685245,9.819245000000002e-05,0.00047662279999999995,0.00047662279999999995,4.209530000000002e-05,2.3475300000000022e-05,0.00024910430000000004,0.00024910430000000004,0.00012688340000000003,0.00012363340000000003,2.640070000000001e-05,2.640070000000001e-05,,,9.03379e-05,9.03379e-05,0.00012496385,0.00012496385,0.00016165758749999998,0.0001515913375,-4.16425e-05
2025-05-12 00:00:00+00:00,0.0006433592,0.0005967991999999999,0.0001131126,0.0001131126,0.0005094572,0.0004898022000000001,0.00017218409999999996,0.00015533909999999995,0.0001544389,0.0001232239,4.770880000000001e-05,0.0001538338,,,0.00018564399999999995,0.00018564399999999995,0.00021657185000000003,0.00019215685,0.00025530958125,0.00025123895624999996,0.00016857520625
2025-05-13 00:00:00+00:00,0.00031972145,0.00033124645,0.00012605185,0.00012605185,0.00048984765,0.00043627765,0.0002851739000000001,0.00024746390000000005,0.0002248091,0.00018883409999999995,0.00023753995,0.00027927495,,,0.00047557580000000006,0.00047557580000000006,0.00033460175000000006,0.00028688675000000007,0.00031166518124999996,0.00029645143125000005,0.00026832268125
2025-05-14 00:00:00+00:00,0.00018075579999999997,0.00010501579999999998,2.795089999999999e-05,2.335589999999998e-05,4.641624999999998e-05,0.00010955625,7.377370000000001e-05,4.4763700000000034e-05,1.969634999999999e-05,3.684135e-05,0.00031822065,0.00029143565000000005,,,0.0001313268,0.0001313268,0.00021586364999999995,0.00018027864999999995,0.00012675051249999998,0.00011532176249999999,-0.00022131289375000002
2025-05-15 00:00:00+00:00,0.00011943634999999998,0.00011943634999999998,5.5880950000000006e-05,5.5880950000000006e-05,4.681e-05,0.00011556,9.112305000000002e-05,7.012805000000002e-05,4.8915e-05,5.501000000000001e-05,2.4576900000000012e-05,2.4576900000000012e-05,,,6.222220000000002e-05,6.222220000000002e-05,5.769220000000001e-05,4.84172e-05,6.333208125000001e-05,6.890395625e-05,-0.00023038440624999998
2025-05-16 00:00:00+00:00,0.0,3.988500000000001e-05,6.56379999999999e-06,-1.0531199999999992e-05,0.00010086480000000002,0.00016589479999999998,9.602999999999999e-05,9.887e-05,2.1014900000000004e-05,0.00016766990000000002,0.00010330999999999998,9.996e-05,,,2.4555e-05,0.0,8.563439999999999e-05,-1.849059999999999e-05,5.474661249999999e-05,6.79072375e-05,-0.00042001628750000004
2025-05-17 00:00:00+00:00,0.00013072,7.453499999999999e-05,8.015149999999999e-05,6.248649999999998e-05,4.544554999999999e-05,0.00011039054999999999,0.0001201985,0.0001070035,2.451734999999999e-05,9.254735e-05,9.120499999999999e-05,9.2455e-05,,,8.653500000000001e-05,1.7745000000000004e-05,0.00011892,5.266e-05,8.72116125e-05,7.62278625e-05,-0.00034601026250000004
2025-05-18 00:00:00+00:00,0.00015253155,0.00010306654999999998,3.412530000000001e-05,1.0903000000000082e-06,0.00011621,0.0001298,0.000152565,9.143500000000001e-05,-6.450560000000001e-05,-5.19206e-05,0.000118615,5.5429999999999996e-05,,,9.734090000000001e-05,0.0001031109,2.1737150000000006e-05,-7.462785e-05,7.857741250000001e-05,4.46730375e-05,-0.00019781336875000002
2025-05-19 00:00:00+00:00,0.00019690499999999999,0.000136,0.0001755218,0.00012853179999999998,4.20604e-05,5.521540000000001e-05,0.000104183,8.697300000000001e-05,0.00010155435,5.34934999999999e-06,0.0001484545,1.6474499999999983e-05,,,0.00021110999999999998,7.879e-05,7.348950000000001e-05,1.5094500000000013e-05,0.00013165981875000002,6.530356875000001e-05,-0.00011669580625000002
2025-05-20 00:00:00+00:00,7.168e-05,8.002000000000001e-05,0.0001574287,0.00019540870000000002,0.00030624045000000004,0.00029364045,0.00017187,0.00015328,0.00011442069999999999,6.842069999999998e-05,0.000165905,0.00013483,,,0.000175045,0.00015355500000000002,0.00019491670000000002,0.0001657017,0.00016968831875,0.00015560706874999999,2.5478318749999996e-05
2025-05-21 00:00:00+00:00,8.130999999999999e-05,3.7315e-05,6.751e-05,4.6915e-05,4.1960800000000007e-05,6.038080000000001e-05,0.00011195235,0.00010734735000000001,0.00010274565,3.6425650000000016e-05,0.00010270945,5.6399450000000004e-05,,,6.029500000000001e-05,5.709e-05,6.671835e-05,-8.371649999999996e-06,7.940019999999999e-05,4.91877e-05,-0.00011725084375000002
2025-05-22 00:00:00+00:00,3.883240000000004e-05,4.653740000000001e-05,2.8334999999999996e-05,0.0,0.00014040685,0.00015893185,0.00026657335,0.00024225335,0.00028917849999999997,0.0002140335,0.00023018375000000003,0.00023645875,,,6.9115e-05,1.4715e-05,6.063094999999998e-05,7.140095e-05,0.000140406975,0.00012304135000000001,-0.00010772552500000002
2025-05-23 00:00:00+00:00,0.00016549584999999998,0.00011693584999999998,0.00028625005,0.00028889505,0.0005583904,0.0005705603999999999,0.0005545029,0.0005545029,0.00014677960000000003,0.00018533460000000004,0.00036984849999999994,0.00037223849999999995,,,6.338419999999999e-05,6.338419999999999e-05,8.652145000000001e-05,7.455645e-05,0.00027889661874999996,0.00027830099375000003,3.5866618750000006e-05
2025-05-24 00:00:00+00:00,0.00022564820000000002,0.00022564820000000002,0.00043649785,0.00043649785,0.0005709691500000001,0.00062642915,0.0007008086999999999,0.0006621037,0.00035403854999999996,0.00033979355,0.0003501635000000001,0.0003501635000000001,,,4.769845000000001e-05,4.769845000000001e-05,0.00013246910000000003,0.00013246910000000003,0.0003522866875,0.0003526004375,0.0002092191875
2025-05-25 00:00:00+00:00,6.131285e-05,2.9557850000000007e-05,0.000165694,6.6549e-05,9.55448e-05,0.00012647479999999998,0.00017845,3.5750000000000015e-05,6.9265e-05,2.595000000000004e-06,6.307885e-05,4.4384999999999904e-07,,,5.100500000000001e-05,0.0,0.00010400500000000002,0.0,9.854443750000001e-05,3.26713125e-05,0.00010241068750000001
2025-05-26 00:00:00+00:00,0.00011282615000000002,9.366150000000014e-06,0.000248675,0.00013991,-0.00017754980000000002,-0.00019912480000000001,0.0001557153,2.3065300000000018e-05,-5.550330000000001e-05,-8.89983e-05,0.00016454,3.7204999999999994e-05,,,0.00014752555,-1.3994499999999977e-06,-0.00010628185000000001,-0.00020225685,6.124338124999999e-05,-3.527911875e-05,-3.4867325000000006e-05
2025-05-27 00:00:00+00:00,5.9611999999999984e-05,-1.0772999999999995e-05,0.000167825,6.493e-05,1.7921650000000022e-05,5.351650000000014e-06,7.972499999999999e-05,1.140000000000007e-06,8.428500000000001e-05,7.334999999999981e-06,0.00012226039999999999,0.0001184254,,,2.2834999999999987e-05,0.0,-0.00016851535,-0.00023987035,4.8243587499999996e-05,-6.682662499999997e-06,-0.00020445615625000002
2025-05-28 00:00:00+00:00,7.02e-05,8.159999999999998e-06,0.00011676500000000001,7.075e-05,9.337700000000001e-05,0.00010329700000000002,2.8732450000000006e-05,1.153745e-05,4.260149999999999e-05,4.9761499999999994e-05,9.329349999999998e-05,7.506349999999996e-05,,,8.6565e-05,0.0,-5.67637e-05,-0.00016019869999999998,5.934634375e-05,1.979634375e-05,-0.00031498991250000004
2025-05-29 00:00:00+00:00,2.713220000000002e-05,2.6872199999999997e-05,0.000139285,6.510000000000001e-05,9.662610000000003e-05,0.0002605361,0.000129295,0.00011771,0.0,9.803000000000002e-05,5.828000000000001e-05,0.0,,,0.00012139,0.0,1.6793450000000004e-05,1.4538450000000001e-05,7.360021875000001e-05,7.284834375e-05,-0.0001991479875
2025-05-30 00:00:00+00:00,0.00050419975,0.00046927975000000006,0.00011270380000000001,9.08438e-05,0.00016382670000000002,0.0001731717,1.054915000000001e-05,5.2684150000000016e-05,9.051100000000012e-06,1.808110000000001e-05,0.0001262821,0.00012997210000000002,,,0.0001053556,6.560600000000021e-06,0.00011241524999999999,5.1615250000000004e-05,0.00014304793124999998,0.00012402605625,-0.00025118720625
2025-05-31 00:00:00+00:00,0.0002196698,5.8994800000000006e-05,0.00035599920000000003,0.00026815920000000003,6.112084999999998e-05,-1.7224150000000003e-05,6.342365000000001e-05,-4.057134999999999e-05,3.113824999999998e-05,5.2178250000000005e-05,0.000217915,0.00018046000000000002,,,0.00026981795000000005,8.027795e-05,-4.4841999999999995e-05,-0.000172002,0.0001467803375,5.128408750000001e-05,-0.00011625972499999999
2025-06-01 00:00:00+00:00,0.00030984295,0.00011943295,0.00032844225,0.00019297225,4.6275e-05,0.0,-1.1166549999999997e-05,5.2168450000000004e-05,7.908999999999999e-05,3.058499999999998e-05,0.00029093355,0.00020488855,,,0.00019312935,0.00014632934999999998,9.85252e-05,-1.88348e-05,0.00016688396875,9.094271875e-05,-2.1448987500000007e-05
2025-06-02 00:00:00+00:00,7.026255e-05,4.057550000000001e-06,0.00018035425,0.00017809925,0.00012065,1.594e-05,6.41657e-05,8.900069999999999e-05,8.214740000000003e-05,0.0001622324,0.00016014845,0.00030218344999999997,,,7.80359e-05,7.306589999999999e-05,0.00020166545,0.00025462545,0.0001196787125,0.0001349005875,-4.283191250000001e-05
2025-06-03 00:00:00+00:00,9.840915000000001e-05,-9.860850000000014e-06,0.00015441135,0.00010808634999999999,0.0001043519,6.53019e-05,4.9855e-05,7.290999999999999e-05,0.00016047555000000004,0.00013031555000000004,6.7815e-05,4.2875e-05,,,9.58484e-05,1.8083400000000007e-05,0.000106935,0.00010218,0.00010476266875000001,6.623641875e-05,-9.112285000000002e-05
2025-06-04 00:00:00+00:00,5.243435000000001e-05,-5.59565e-06,3.0490599999999996e-05,2.6930600000000016e-05,3.6282099999999996e-05,8.160709999999999e-05,7.945e-05,5.3685000000000005e-05,0.00017854409999999994,0.0001452191,1.972000000000001e-05,2.5549999999999946e-06,,,1.9938000000000015e-05,1.7143000000000002e-05,9.153500000000001e-05,9.6385e-05,6.354926875e-05,5.2241143750000005e-05,-0.00038824797500000005
2025-06-05 00:00:00+00:00,6.85983e-05,8.302330000000002e-05,0.00010005995,9.158495000000001e-05,0.00010021905,0.00012972405,6.0325e-05,0.00012248,5.726250000000001e-05,5.801750000000001e-05,7.4725e-05,0.00014947000000000002,,,1.738124999999999e-05,-8.803750000000002e-06,0.00012563290000000001,0.0001770979,7.552549375000001e-05,0.00010032424375,-0.0002475159125
2025-06-06 00:00:00+00:00,6.886370000000002e-05,3.525370000000001e-05,8.608055e-05,1.5550549999999993e-05,0.00010642690000000001,0.0001374869,5.725500000000001e-05,8.950999999999999e-05,6.368500000000001e-05,7.178e-05,0.00015847,0.00010928,,,1.7772249999999996e-05,-1.2372749999999996e-05,0.0001260484,9.595339999999997e-05,8.5575225e-05,6.780522499999999e-05,-5.772005625e-05
2025-06-07 00:00:00+00:00,0.0001530015,9.16615e-05,0.0001189778,7.784279999999999e-05,0.0001036215,1.3631500000000002e-05,0.000165625,0.00018924,0.00011412649999999998,4.179149999999999e-05,0.00029165,0.000166135,,,0.0001559785,2.1985000000000023e-06,0.00022058835,0.00011000834999999999,0.00016544614375000002,8.656364375000001e-05,-3.160198125000001e-05
2025-06-08 00:00:00+00:00,-3.701220000000001e-05,1.625779999999999e-05,5.5954950000000005e-05,6.328995000000001e-05,0.0001129458,5.39208e-05,6.524e-05,0.000160215,3.374635000000001e-05,0.00011619635000000002,8.063829999999999e-05,9.689329999999999e-05,,,5.949145000000001e-05,7.931145000000002e-05,7.007130000000001e-05,0.0001313263,5.5134493749999997e-05,8.967636875e-05,-0.00019831898125
2025-06-09 00:00:00+00:00,-7.25018e-05,-0.0001189918,7.417399999999998e-05,3.073899999999999e-05,4.3546899999999995e-05,8.25519e-05,0.000123805,9.765e-05,2.8915e-05,0.00016099,0.00017409499999999998,0.00014586,,,-2.20063e-05,-7.70463e-05,8.012705e-05,0.00023762204999999999,5.376935624999999e-05,6.992185624999999e-05,-0.00016884049375000005
2025-06-10 00:00:00+00:00,5.092710000000001e-05,2.7907100000000003e-05,0.00012006634999999998,6.714134999999998e-05,8.257694999999999e-05,6.453695e-05,7.2895e-05,3.960000000000001e-05,9.042545000000001e-05,0.00012531545,0.00012676,4.902499999999999e-05,,,-6.072969999999999e-05,-9.486969999999998e-05,5.95121e-05,7.99571e-05,6.780415625e-05,4.482665625e-05,-5.8290437500000094e-06
2025-06-11 00:00:00+00:00,0.0,0.0,0.0,0.0,0.00018795024999999996,0.00017800025,2.9294999999999996e-05,0.0,0.00012850545,0.00012850545,8.610305000000002e-05,8.172805000000003e-05,,,0.0,0.0,3.232949999999999e-05,7.951449999999999e-05,5.802290625e-05,5.846853125e-05,-0.00038974084375000006
2025-06-12 00:00:00+00:00,0.0,0.0,7.128545e-05,7.128545e-05,0.0001454352,0.00016923520000000002,2.5009299999999994e-05,1.5604299999999992e-05,3.6617900000000014e-05,6.07279e-05,1.8424600000000017e-05,1.8424600000000017e-05,,,4.4395000000000004e-05,0.0,6.076655000000001e-05,6.076655000000001e-05,5.024175e-05,4.950550000000001e-05,-0.0003991987375
2025-06-13 00:00:00+00:00,6.545025e-05,0.00019653025000000002,8.35e-05,4.260000000000013e-06,0.00011904719999999999,8.14222e-05,0.000130355,0.000111715,2.7812450000000015e-05,4.558745000000001e-05,0.0001119793,0.0001168843,,,8.858115e-05,0.00015139114999999998,0.00010506000000000001,0.00010460999999999999,9.147316875e-05,0.00010155004375,-0.00028145558125
2025-06-14 00:00:00+00:00,8.013340000000004e-05,2.973400000000001e-06,0.00017900664999999998,7.132665e-05,8.316279999999999e-05,4.301279999999998e-05,0.000145435,0.00016471999999999998,7.542925e-05,9.502924999999999e-05,0.00020396555000000001,0.00017461555,,,0.0001939144,0.00022136940000000002,0.000199565,0.00015638999999999998,0.00014507650625000001,0.00011617963124999999,3.369006249999993e-06
2025-06-15 00:00:00+00:00,-4.179895000000001e-05,-1.6143949999999996e-05,7.778975000000001e-05,6.0154750000000005e-05,-3.0491449999999994e-05,2.177855e-05,2.288240000000002e-05,0.00015108240000000003,4.1623100000000005e-05,6.78381e-05,0.00020378585,0.00018779085,,,9.72384999999998e-06,5.689885e-05,-0.0001480506,-0.0001833406,1.6932993750000003e-05,4.325736875e-05,-4.5649437499999996e-05
2025-06-16 00:00:00+00:00,0.00011405389999999998,-4.372110000000001e-05,0.00013310975,7.474475e-05,0.00011947825000000001,2.296825e-05,-1.4523500000000135e-06,7.491265e-05,-2.337925e-05,-2.308924999999999e-05,0.00022504224999999998,0.00018682724999999998,,,0.00015313399999999997,0.00011436899999999999,-0.00010842390000000001,-5.354890000000002e-05,7.644533124999998e-05,4.418283124999999e-05,-0.00022833398125000003
2025-06-17 00:00:00+00:00,0.00012712090000000002,0.0001366759,-1.2349199999999992e-05,-8.101919999999999e-05,0.00012670855000000003,7.329355000000002e-05,8.046805000000002e-05,6.907805000000001e-05,5.7042450000000005e-05,9.458244999999999e-05,0.00010063499999999999,8.952500000000001e-05,,,6.726784999999998e-05,-3.200215000000002e-05,5.311999999999999e-05,3.9664999999999994e-05,7.500170000000002e-05,4.8724825e-05,-0.00025344010625
2025-06-18 00:00:00+00:00,-4.5364600000000016e-05,2.53054e-05,-0.00015822314999999998,-0.00022459314999999995,8.500370000000001e-05,7.017370000000002e-05,4.724705e-05,1.3632049999999982e-05,4.6333e-06,5.79383e-05,6.589499999999999e-05,6.7055e-05,,,3.007254999999999e-05,-5.310245000000001e-05,-6.581085e-05,1.5189150000000003e-05,-4.568375e-06,-3.550249999999997e-06,-6.041472500000001e-05
2025-06-19 00:00:00+00:00,-0.00021398320000000001,4.5316800000000006e-05,-8.573245e-05,-0.00013531745,3.406745e-05,6.843745000000001e-05,-3.734719999999999e-05,4.6097800000000004e-05,9.553049999999998e-06,5.008804999999999e-05,0.00020556859999999998,0.00018941359999999997,,,-0.00016660775000000002,-0.00021353274999999999,3.74094e-05,3.286440000000001e-05,-2.7134012500000006e-05,1.04209875e-05,-0.00017303883750000002
2025-06-20 00:00:00+00:00,-4.028375000000001e-05,-1.3773749999999995e-05,4.311319999999998e-05,-5.984680000000001e-05,5.3592849999999996e-05,5.849785e-05,9.329999999998605e-08,2.7818299999999998e-05,-1.1419049999999987e-05,3.101595e-05,8.694105e-05,0.00011711605,,,-6.0602899999999995e-05,-7.53479e-05,7.108735000000002e-05,0.00014312235000000001,1.7815256249999997e-05,2.8575256249999996e-05,-0.00038256510625000003
2025-06-21 00:00:00+00:00,-6.847985e-05,7.217014999999999e-05,-5.630975e-05,-0.00011994474999999999,8.086499999999999e-05,7.615499999999999e-05,9.642054999999999e-05,4.619055e-05,-0.00016673669999999998,-7.672170000000001e-05,0.00010676195000000002,9.482195e-05,,,7.449825000000001e-05,-0.00019448175,1.5508500000000002e-05,1.2968500000000001e-05,1.0315993750000002e-05,-1.1105256249999999e-05,-0.00042745513125000005
2025-06-22 00:00:00+00:00,-0.00017908549999999998,-0.0002447055,-3.681e-05,-5.842e-05,2.7922299999999985e-05,7.52473e-05,4.90903e-05,6.48353e-05,-8.773095e-05,-8.033094999999998e-05,0.0001675792,0.0001636342,,,-0.0001362018,-0.0001599968,-3.033679999999999e-05,-4.948679999999999e-05,-2.819665625e-05,-3.615290625e-05,-0.00018649976875
2025-06-23 00:00:00+00:00,-5.74478e-05,-6.94278e-05,5.02222e-05,3.0992200000000005e-05,5.205115e-05,0.00010153115,-2.73141e-05,5.854589999999999e-05,1.95093e-05,8.086430000000001e-05,4.651299999999999e-05,7.1908e-05,,,0.0001853523,0.0001738873,4.98e-06,5.5299999999999996e-06,3.423325625e-05,5.6728881250000005e-05,-0.00026935428125
2025-06-24 00:00:00+00:00,4.6274100000000005e-05,2.729099999999997e-06,0.00010431665000000001,9.509665000000002e-05,1.0319499999999993e-06,1.7346949999999998e-05,-1.7611e-05,-6.7609999999999985e-06,6.69141e-05,3.1459100000000005e-05,0.00010563029999999998,0.0001374453,,,0.00021119845,0.00013432345,4.06827e-05,8.78827e-05,6.980465625e-05,6.244028125e-05,-0.00031824608750000003
2025-06-25 00:00:00+00:00,1.1881250000000023e-05,8.122125000000003e-05,4.637120000000001e-05,4.4446199999999995e-05,5.846500000000001e-05,2.409000000000001e-05,4.16986e-05,0.0001061436,-1.98397e-05,-1.0219700000000003e-05,3.1228750000000005e-05,6.448375e-05,,,-9.55482e-05,-9.731320000000001e-05,8.366005e-05,0.00010299504999999999,1.973961875000001e-05,3.948086875e-05,-0.00033037586875
2025-06-26 00:00:00+00:00,-1.7842300000000014e-05,-2.813230000000001e-05,4.078600000000004e-06,-4.4764000000000026e-06,0.0001114324,0.0001143874,-4.7414499999999925e-06,1.319355e-05,-5.2715149999999996e-05,5.804849999999997e-06,3.6664999999999995e-05,0.00010336500000000001,,,-4.4674650000000004e-05,-0.00022296465,7.432255e-05,6.597255e-05,1.3315625e-05,5.893749999999996e-06,-0.00042830505000000004
2025-06-27 00:00:00+00:00,0.00010582644999999999,-6.172354999999999e-05,-0.00010395300000000001,-0.000114008,5.228099999999999e-05,0.000110331,5.2428150000000004e-05,4.479815e-05,-9.568880000000001e-05,-7.825379999999999e-05,0.00014951165,0.00012895664999999998,,,-7.183890000000001e-05,5.4781099999999996e-05,-6.986649999999995e-06,6.798835000000001e-05,1.0197487499999994e-05,1.91087375e-05,-0.00038861092500000005
2025-06-28 00:00:00+00:00,-6.5372e-06,3.832799999999996e-06,0.00010780285,5.405785000000001e-05,-3.836985e-05,-2.3259850000000004e-05,-5.0580950000000006e-05,-5.3355950000000005e-05,1.0334299999999999e-05,3.98843e-05,6.026195000000001e-05,8.788195000000002e-05,,,-8.652734999999999e-05,-0.00017046734999999998,9.99876e-05,2.77676e-05,1.2046418750000002e-05,-4.207331249999994e-06,-0.00048506303750000005
2025-06-29 00:00:00+00:00,0.000108015,0.000246995,8.851974999999998e-05,6.832474999999999e-05,8.59311e-05,0.00011968109999999999,2.7442099999999996e-05,6.0807099999999996e-05,3.186335000000001e-05,2.2528350000000013e-05,7.4275e-05,9.530000000000002e-06,,,-0.00012250765,-0.00018292265,9.836149999999994e-06,-1.4188499999999951e-06,3.792185e-05,4.29406e-05,-0.000303349925
2025-06-30 00:00:00+00:00,2.6212099999999986e-05,0.00012444709999999998,5.841780000000001e-05,1.0647800000000003e-05,4.672604999999999e-05,9.781104999999998e-05,0.00013051,3.6435e-05,7.5025e-05,6.6365e-05,7.039e-05,8.85e-05,,,-0.00010859685000000001,-0.00014851185,3.27e-05,8.1685e-05,4.14230125e-05,4.46723875e-05,-0.00019938652500000003
2025-07-01 00:00:00+00:00,6.83978e-05,6.794780000000001e-05,3.5407099999999995e-05,4.74421e-05,9.378684999999999e-05,0.00011335185,-4.7821849999999993e-05,-2.3491850000000004e-05,7.6925e-05,8.284e-05,0.00012911999999999998,0.000108795,,,-0.0001321464,-0.00014647639999999999,9.127e-05,0.00012469,3.9367312499999996e-05,4.68873125e-05,-0.00015498250000000002
2025-07-02 00:00:00+00:00,0.00024731594999999996,0.00011344595000000001,2.70859e-05,-1.3999099999999998e-05,5.231655e-05,8.792655e-05,-6.70836e-05,-7.92686e-05,4.60766e-05,7.67366e-05,6.255435000000001e-05,8.122934999999999e-05,,,-0.00012092879999999999,-7.324379999999998e-05,0.00010466879999999998,0.0001432388,4.400071874999999e-05,4.200821875e-05,-0.00014541941875000002
2025-07-03 00:00:00+00:00,0.0003268206,0.0001255606,0.00012370059999999999,4.5830599999999995e-05,6.555044999999998e-05,2.6190449999999996e-05,6.556315000000002e-05,4.049315000000001e-05,-0.0001262208,-0.0001186508,5.6598550000000014e-05,1.291855000000001e-05,,,0.00012426735,3.808735e-05,-2.430999999999942e-07,2.55169e-05,7.95046e-05,2.449335e-05,-0.0003389098125
2025-07-04 00:00:00+00:00,0.00012277319999999997,1.8208200000000006e-05,-2.3414999999999994e-07,-2.3414999999999994e-07,8.08179e-05,5.72479e-05,0.0,9.089999999999993e-06,2.890999999999999e-05,3.1755e-05,0.0,1.6194999999999993e-05,,,-8.283150000000004e-06,-8.283150000000004e-06,-0.000128948,-0.000110063,1.1879474999999992e-05,1.7394749999999974e-06,-0.0005584326125
2025-07-05 00:00:00+00:00,0.00017091575,0.00020424575000000002,1.5117750000000018e-05,9.517750000000016e-06,6.037115000000001e-05,6.603615000000003e-05,2.209044999999999e-05,3.208045e-05,9.402425000000001e-05,0.00014517925,5.14973e-05,0.0001500473,,,-0.00015502575,-0.00017486575,4.0746149999999996e-05,4.561615e-05,3.746713125e-05,5.973213125000001e-05,-0.00035175120625
2025-07-06 00:00:00+00:00,0.00029735685,8.985185000000001e-05,0.00016828834999999998,4.6818349999999995e-05,0.00010936999999999999,3.6304999999999985e-05,0.00016461625,0.00017882625000000002,9.547e-05,0.000143165,6.600829999999999e-05,9.667829999999999e-05,,,6.68546e-05,-1.98754e-05,0.00026869975,0.00018116974999999997,0.0001545830125,9.411738749999999e-05,-0.00023136068750000005
2025-07-07 00:00:00+00:00,0.0002652072,0.00013140220000000001,4.7626950000000007e-05,-1.8158050000000005e-05,0.00012683,0.00011713,6.485705e-05,5.982205e-05,5.679500000000001e-05,4.4789999999999996e-05,7.838720000000001e-05,2.458719999999999e-05,,,-7.96487e-05,-1.71737e-05,0.0001364624,7.83974e-05,8.70646375e-05,5.2599637499999996e-05,-0.00014075343125
2025-07-08 00:00:00+00:00,3.9689000000000096e-06,-2.383609999999999e-05,-6.755770000000001e-05,-9.68077e-05,9.9655e-05,5.630499999999999e-05,4.4850000000000006e-05,0.0,6.5055e-05,7.919e-05,7.800000000000158e-07,2.943e-05,,,-6.809714999999999e-05,-4.2027150000000006e-05,2.908925000000001e-05,7.51425e-06,1.3467912500000006e-05,1.2210375e-06,-0.00035142501875
2025-07-09 00:00:00+00:00,3.071215000000001e-05,5.314715e-05,-6.840339999999999e-05,-0.0001301934,0.00010381499999999998,0.00013838,8.569e-05,0.000128885,6.578999999999999e-05,7.960500000000001e-05,0.0001020413,0.0001431413,,,3.081780000000001e-05,6.651780000000002e-05,0.00012039585,0.00012030585000000001,5.88573375e-05,7.497358750000001e-05,-0.00034246681250000004
2025-07-10 00:00:00+00:00,2.8765000000000003e-05,1.3150000000000014e-06,0.0,0.0,9.629e-05,7.4825e-05,1.4590000000000018e-05,0.0,6.271995e-05,2.4299500000000003e-06,0.0,5.53e-05,,,9.330000000000012e-06,1.740999999999999e-05,1.8673699999999997e-05,-4.148129999999999e-05,2.8796081250000007e-05,1.3724831249999998e-05,-0.0005156918812499999
2025-07-11 00:00:00+00:00,0.0,3.58e-05,0.0,0.0,4.7845000000000014e-05,3.6279999999999985e-05,0.0,0.0,0.00013132975,7.180475000000002e-05,7.910000000000014e-06,5.3575e-05,,,-6.155490000000001e-05,-6.155490000000001e-05,6.08949e-05,-2.002009999999999e-05,2.3303093750000002e-05,1.448559375e-05,-5.3097543750000006e-05
2025-07-12 00:00:00+00:00,6.598225e-05,6.598225e-05,0.0,0.0,0.00024750145,0.00024750145,0.00037374185000000004,0.00037374185000000004,0.00022210265000000007,0.00022210265000000007,0.0,0.0,,,0.0,0.0,3.4004450000000006e-05,1.5589449999999997e-05,0.00011791658125000001,0.00011561470625000002,-0.000386333975
2025-07-13 00:00:00+00:00,5.609349999999995e-06,5.572934999999999e-05,-1.3611550000000012e-05,4.226844999999999e-05,0.00010244345,0.00010244345,9.525395e-05,9.525395e-05,6.82044e-05,2.7314400000000007e-05,0.0,0.0,,,0.0,0.0,0.00018517655000000003,0.00029817155000000004,5.5384518750000004e-05,7.764764375e-05,-0.00016553966249999998
2025-07-14 00:00:00+00:00,6.77999999999999e-06,2.7205000000000008e-05,1.555820000000002e-05,0.00011374820000000001,0.00010522444999999998,0.00012500445,0.00011806364999999999,9.864865e-05,7.246999999999999e-05,2.481999999999998e-05,0.0,0.0,,,-6.917349999999992e-06,9.477649999999992e-06,7.236364999999999e-05,6.095865e-05,4.794282499999999e-05,5.7482825000000006e-05,-0.00018729375625
2025-07-15 00:00:00+00:00,7.469565000000001e-05,0.00015149564999999998,1.3874999999999988e-05,5.6060000000000016e-05,0.00049692175,0.0005063917500000001,0.00026052185,0.00025772185,0.0004129096499999999,0.00036789964999999993,0.00025119140000000003,0.00025119140000000003,,,-2.041149999999998e-06,5.062385000000001e-05,0.00017603715000000003,0.00020506215000000002,0.00021051391249999997,0.00023080578750000002,-0.00011296281875
2025-07-16 00:00:00+00:00,0.00044658215000000005,0.00049264215,4.628909999999997e-05,4.437409999999998e-05,0.00041374255,0.00041374255,7.632509999999996e-05,5.7460099999999975e-05,0.00038523159999999997,0.00036590159999999995,0.0001356725,0.00013835749999999998,,,-1.1570000000000016e-05,-1.1570000000000016e-05,0.00019423485000000002,0.00017418485000000002,0.00021081348125,0.00020938660624999998,-8.164714375000003e-05
2025-07-17 00:00:00+00:00,0.0008537072499999999,0.0008537072499999999,5.124469999999998e-05,5.124469999999998e-05,0.0004920104999999999,0.0004920104999999999,0.0010357368499999998,0.0010357368499999998,0.0002546965,0.0002546965,0.00034191429999999996,0.00034191429999999996,,,7.789499999999982e-06,7.789499999999982e-06,0.00033119145,0.00034339144999999996,0.00042103638124999995,0.00042256138124999995,0.00027158769374999994
2025-07-18 00:00:00+00:00,0.0006838371999999999,0.0006838371999999999,0.00027351335000000003,0.00027351335000000003,0.0002063108,0.0002063108,0.0009109975499999998,0.0009109975499999998,0.0003195609,0.0003195609,0.0005317638,0.0005317638,,,1.371499999999995e-06,1.371499999999995e-06,0.0006782273,0.0006782273,0.0004506978,0.0004506978,0.0004005263625
2025-07-19 00:00:00+00:00,0.00078448295,0.00078448295,0.00047037005000000003,0.00047037005000000003,0.00020258340000000002,0.00020258340000000002,0.0008272471,0.0006986121000000001,0.0005191472,0.0005191472,0.0010011560999999998,0.0009378211,,,7.834734999999998e-05,0.00012517734999999998,0.0004894174500000001,0.00046201245,0.00054659395,0.000525025825,0.0004524477
2025-07-20 00:00:00+00:00,3.7716350000000014e-05,3.7716350000000014e-05,6.127449999999999e-05,6.127449999999999e-05,0.0,0.0,0.00042852160000000005,0.00042852160000000005,0.0,0.0,0.00019848110000000003,0.00019848110000000003,,,0.0,0.0,0.0,0.0,9.074919375000002e-05,9.074919375000002e-05,-0.00041396535
2025-07-21 00:00:00+00:00,0.0006387767,0.0006387767,0.00036091979999999997,0.00036091979999999997,3.3639449999999985e-05,3.3639449999999985e-05,0.00046072695,0.00046072695,0.00033616905000000006,0.00033616905000000006,0.0005353238,0.0005353238,,,0.0,0.0,0.0001245292,0.0001245292,0.00031126061874999997,0.00031126061874999997,7.05568750000001e-06
2025-07-22 00:00:00+00:00,0.0008433763,0.0008433763,0.0005120521000000001,0.0005120521000000001,6.402380000000002e-05,6.402380000000002e-05,0.0008318828,0.0007524678000000001,0.00072612055,0.00072612055,0.00069394925,0.00069394925,,,3.458644999999999e-05,3.458644999999999e-05,0.0006020846499999999,0.0005227396499999998,0.0005385094875000001,0.0005186644875,0.00043418618124999996
2025-07-23 00:00:00+00:00,0.0005139903,0.0005139903,0.0003109247,0.0003109247,0.00019174739999999998,0.00019174739999999998,0.00026599435000000004,0.00026599435000000004,0.00027236340000000005,0.00027236340000000005,0.00030125385000000004,0.00030125385000000004,,,2.558974999999999e-05,3.220975e-05,0.00025465515000000006,0.00025465515000000006,0.00026706486250000004,0.00026789236250000006,0.00026386614375000005
2025-07-24 00:00:00+00:00,0.0002232887,0.0002232887,0.00027818205000000004,0.00025049205000000007,0.0003316209,0.0003244659,0.00044744920000000006,0.0003809342,0.00029904825000000003,0.00029904825000000003,0.00039880469999999997,0.00037056970000000003,,,0.000134702,0.000134702,0.00063843115,0.00060081615,0.00034394086875,0.00032303961875000003,0.00024394086875
2025-07-25 00:00:00+00:00,4.156249999999986e-06,4.156249999999986e-06,6.0179099999999994e-05,4.5404099999999994e-05,0.00011242459999999998,0.00011242459999999998,0.00020643555000000006,0.00020643555000000006,3.5384000000000005e-05,3.5384000000000005e-05,0.0,0.0,,,4.845500000000001e-05,0.0,0.00014192575,0.00014192575,7.612003125000002e-05,6.821628125000001e-05,-0.00022882249999999998
2025-07-26 00:00:00+00:00,0.0,0.0,4.3515e-05,0.0,0.0002813072,0.0002813072,1.4273549999999993e-05,1.4273549999999993e-05,0.00014093179999999998,0.00014093179999999998,0.0,0.0,,,0.00010234,0.0,7.132055e-05,5.183054999999998e-05,8.171101250000001e-05,6.10428875e-05,-0.00012007318125
2025-07-27 00:00:00+00:00,9.684099999999996e-05,9.684099999999996e-05,0.00013252424999999997,0.00013252424999999997,0.00016035240000000003,0.00016035240000000003,0.00014415589999999999,0.00014415589999999999,0.00042824285,0.00042824285,0.00024681445000000003,0.00024681445000000003,,,0.0,0.0,0.00021562824999999997,0.00021562824999999997,0.0001780698875,0.0001780698875,-0.00022193011250000002
2025-07-28 00:00:00+00:00,4.9928799999999995e-05,4.913799999999994e-06,0.00031122885,0.00031122885,6.826964999999998e-05,6.826964999999998e-05,0.00029330015,0.0002867451500000001,0.00039836225000000006,0.00038936725000000003,6.164720000000002e-05,6.164720000000002e-05,,,1.229500000000001e-05,0.0,0.0003406954,0.0003406954,0.0001919659125,0.00018285841250000002,0.0001904290375
2025-07-29 00:00:00+00:00,9.938454999999998e-05,7.102954999999998e-05,0.0005315913000000001,0.0005315913000000001,0.00015376185000000003,0.00015376185000000003,0.00032040555000000003,0.00032040555000000003,0.00016803915,0.00016803915,0.00016306635,0.00016306635,,,0.000283255,7.029e-05,0.00023268700000000006,0.00023268700000000006,0.00024402384375000002,0.00021385884375000003,0.00014402384375
2025-07-30 00:00:00+00:00,-0.00013778985,-0.00016716485,-4.655849999999999e-05,-5.758849999999999e-05,1.5207650000000015e-05,1.5207650000000015e-05,-3.736254999999999e-05,-0.00013044754999999998,-3.3975300000000007e-05,-6.150530000000001e-05,6.283685000000001e-05,-6.781814999999999e-05,,,0.000296665,8.643e-05,7.738155000000001e-05,4.170655000000001e-05,2.4550606250000007e-05,-4.2647518749999994e-05,-0.00023482403125
2025-07-31 00:00:00+00:00,0.00012675449999999998,-6.33550000000001e-06,0.00013745,7.176999999999999e-05,9.42985000000002e-06,9.42985000000002e-06,1.5419199999999993e-05,-4.32158e-05,0.00010444500000000001,6.067e-05,4.8605000000000006e-05,2.898999999999999e-05,,,0.00015528000000000002,3.816e-05,0.00011917510000000002,0.0001223451,8.956983125000001e-05,3.522670625e-05,-0.0002050187375
2025-08-01 00:00:00+00:00,-2.6405199999999992e-05,-0.0001285752,0.000104175,6.9335e-05,8.157234999999998e-05,6.0042349999999996e-05,-2.2974649999999995e-05,-5.560465e-05,8.009e-05,4.530000000000002e-06,0.00011914,3.824499999999999e-05,,,0.00021135,0.00024476,0.00012753445000000002,2.6599450000000012e-05,8.431024375000001e-05,3.241649375e-05,-0.00018231854375
2025-08-02 00:00:00+00:00,-3.26327e-05,-0.0001518677,0.0001222768,0.00010799179999999999,7.828234999999999e-05,0.00012841235,-9.945160000000001e-05,-9.14016e-05,-9.991905e-05,9.705949999999991e-06,5.6229999999999995e-05,2.1730000000000017e-05,,,0.00014970835,0.00010234335,3.3226400000000004e-05,-3.860360000000001e-05,2.596506875e-05,1.1038818749999998e-05,-0.000138824775
2025-08-03 00:00:00+00:00,-8.446965e-05,2.5349999999997616e-08,-1.1506000000000168e-06,0.0001138494,5.937500000000011e-06,-9.33575e-05,-0.00016278855,-0.00016738354999999998,-0.00012194340000000001,-0.0001783134,2.963000000000001e-05,6.709000000000001e-05,,,0.0001481568,6.51568e-05,2.0268000000000007e-05,-1.3011999999999998e-05,-2.07949875e-05,-2.57431125e-05,-0.00029253328125
2025-08-04 00:00:00+00:00,6.185094999999998e-05,6.153595e-05,1.104490000000001e-05,2.8144900000000002e-05,-1.55971e-05,-6.69871e-05,-6.37913e-05,-5.75513e-05,-0.00013560375000000002,-0.00010826375,0.00011788499999999999,0.00016323500000000002,,,7.968805e-05,-2.9696949999999987e-05,0.00013393430000000002,5.09293e-05,2.3676381249999996e-05,5.168256250000005e-06,-0.000358151575
2025-08-05 00:00:00+00:00,-1.9106299999999997e-05,2.6236999999999923e-06,0.00013141820000000002,5.886820000000001e-05,4.3394500000000006e-05,4.998949999999999e-05,-3.048685e-05,5.377314999999999e-05,-8.717250000000002e-06,-3.279725000000001e-05,9.0925e-05,8.3345e-05,,,0.00012220445000000002,9.504445e-05,0.00017806595,0.00017553095000000002,6.346221250000001e-05,6.07972125e-05,-0.0004178921125
2025-08-06 00:00:00+00:00,-0.00014809215,-2.001715e-05,4.937555000000001e-05,9.986555e-05,-3.927250000000001e-05,-4.780749999999999e-05,-4.950155000000001e-05,-7.309655000000002e-05,8.229955e-05,7.967455e-05,-4.062099999999982e-06,-4.062099999999982e-06,,,-3.917224999999999e-05,-3.917224999999999e-05,0.0001950869,0.00011015689999999999,5.832681250000003e-06,1.3192681250000002e-05,-0.00046921897500000004
2025-08-07 00:00:00+00:00,-0.00017371310000000002,-0.0001815931,6.393824999999999e-05,4.584325e-05,-1.5939950000000007e-05,-4.568994999999999e-05,6.777445000000002e-05,8.023445000000001e-05,-1.5338449999999985e-05,-2.6688450000000007e-05,9.22959e-05,3.383090000000001e-05,,,3.7152799999999994e-05,6.76228e-05,0.0001611355,0.0001258455,2.7163175e-05,1.2425675000000004e-05,-0.00036343625625000003
2025-08-08 00:00:00+00:00,-9.684849999999996e-06,-4.0374849999999975e-05,3.0749999999999862e-06,2.0220000000000016e-05,5.654e-05,5.855499999999999e-05,0.0,0.0,2.0948599999999998e-05,-1.556139999999999e-05,2.6699999999999935e-06,1.0329999999999986e-05,,,-6.604399999999988e-06,7.950600000000012e-06,4.709950000000005e-06,2.7469949999999993e-05,8.956787500000001e-06,8.573662500000005e-06,-0.0006426806250000001
2025-08-09 00:00:00+00:00,1.5931249999999984e-05,1.2036250000000012e-05,1.871674999999998e-05,1.871674999999998e-05,8.9475e-05,0.00010342,2.8699999999999996e-05,0.0,6.622515000000002e-05,5.1510150000000024e-05,0.0001591893,0.00016393430000000001,,,0.0,0.0,5.5956849999999996e-05,5.136185e-05,5.427428749999999e-05,5.0122412500000004e-05,-0.00025130796250000004
2025-08-10 00:00:00+00:00,3.576675e-05,3.576675e-05,0.00033354115,0.00033354115,5.446760000000002e-05,0.00014652760000000002,0.00027098105,0.00024590105000000005,0.000170997,0.000170997,0.00046459425,0.00046459425,,,0.0,0.0,8.261000000000085e-07,-4.418899999999984e-06,0.00016639673750000003,0.0001741136125,-0.00017666986875
2025-08-11 00:00:00+00:00,2.9769499999999983e-05,2.9769499999999983e-05,0.00013417055000000002,0.00013417055000000002,2.526825e-05,7.353325e-05,1.0350000000000104e-06,0.0,5.023795000000002e-05,4.981795000000001e-05,0.0005174067,0.0005174067,,,0.0,0.0,1.292180000000002e-05,1.918000000000106e-07,9.635121875e-05,0.00010061121875000001,-3.0814437499999953e-06
2025-08-12 00:00:00+00:00,6.080459999999996e-05,4.891459999999999e-05,5.8059900000000016e-05,4.86749e-05,2.8511700000000007e-05,2.8511700000000007e-05,8.289400000000002e-06,-4.550599999999995e-06,7.490230000000002e-05,6.756230000000002e-05,0.00012912280000000002,0.00012912280000000002,,,0.0,0.0,5.2822249999999994e-05,6.692250000000001e-06,5.1564118749999996e-05,4.061599375e-05,-0.00025303601875
2025-08-13 00:00:00+00:00,0.00016707990000000003,8.560990000000002e-05,0.00041280025,0.00038860025,2.775335e-05,4.4903350000000004e-05,-2.666385000000001e-05,-2.1938500000000192e-06,7.934949999999998e-05,9.038949999999999e-05,0.00015379389999999998,0.00015379389999999998,,,9.339999999999995e-06,5.0255e-05,0.00021601535,0.00014403534999999997,0.00012993355,0.00011942417499999999,-0.00010809534375000002
2025-08-14 00:00:00+00:00,0.00040132545000000006,0.00040132545000000006,0.00046380235,0.00046380235,0.00033026600000000007,0.00031588100000000006,9.776959999999999e-05,9.776959999999999e-05,0.00032279885000000003,0.00032279885000000003,0.00032825835,0.00028876835,,,0.00010236550000000002,0.00010236550000000002,0.00034129239999999996,0.00034129239999999996,0.0002984848125,0.0002917504375,4.848481250000002e-05
2025-08-15 00:00:00+00:00,0.00017782304999999996,0.00017782304999999996,0.00018404920000000003,0.00018404920000000003,0.00020268644999999998,0.00020268644999999998,0.00026135009999999996,0.00026135009999999996,0.00037154479999999997,0.00037154479999999997,0.0002245426,0.0002245426,,,0.0002411642,0.0002411642,0.00029311295,0.00034841295000000004,0.00024453416875,0.00025144666875,0.00020144666875000002
2025-08-16 00:00:00+00:00,4.996924999999999e-05,-9.360750000000005e-06,-6.758605e-05,-8.161605e-05,8.174500000000001e-05,3.024999999999993e-06,0.00013639725,0.00013262225,1.880500000000001e-05,0.0,1.6628949999999996e-05,-8.241049999999996e-06,,,0.000168765,0.00016956,1.1268800000000006e-05,-6.906200000000006e-06,5.199915e-05,2.4885399999999997e-05,-0.0003839189625
2025-08-17 00:00:00+00:00,0.00019323255,1.872755e-05,0.00017223829999999998,8.225829999999998e-05,1.9294999999999994e-05,8.1125e-05,4.3570000000000005e-05,0.0,6.5375e-05,4.6970000000000006e-05,-1.7401500000000148e-06,-1.7401500000000148e-06,,,0.00020838895,7.885395e-05,0.00010265910000000001,6.14091e-05,0.00010037734375,4.5950468749999996e-05,-0.0002916763875
2025-08-18 00:00:00+00:00,0.00017502000000000001,0.0,7.029999999999993e-06,0.0,7.626e-05,8.8965e-05,6.9705e-05,0.0,0.000103325,0.00010971499999999999,7.713e-05,2.5919999999999996e-05,,,0.00012797999999999998,0.0,2.632499999999999e-05,6.275499999999999e-05,8.2846875e-05,3.5919375e-05,-0.00021109124999999998
2025-08-19 00:00:00+00:00,0.00010044999999999999,5.8835e-05,0.00020432585,0.00017420585000000002,3.9382600000000005e-05,-3.1757399999999995e-05,0.00014862935,0.00017016435,5.441879999999999e-05,0.00013879879999999998,4.963725000000002e-05,6.717225e-05,,,8.95989e-05,6.263899999999999e-06,0.0001539539,0.00016180889999999997,0.00010504958125,9.318645625e-05,-0.00012456761875000004
2025-08-20 00:00:00+00:00,8.5655e-05,9.93e-05,0.00011248640000000002,9.525640000000001e-05,-4.479549999999999e-05,5.134500000000001e-06,4.055045000000001e-05,5.9345450000000006e-05,-2.997499999999999e-05,-3.60499999999998e-06,9.604000000000001e-05,3.306e-05,,,6.123749999999987e-06,-0.00016716625,-5.280175e-05,-7.621174999999999e-05,2.6660418750000003e-05,5.63916875e-06,-0.00026667455
2025-08-21 00:00:00+00:00,0.00012246500000000001,0.00016634,-1.4913100000000003e-05,-4.5193100000000006e-05,8.928125000000002e-05,-6.503749999999983e-06,2.2157799999999996e-05,-2.277200000000005e-06,4.374199999999996e-06,-4.86858e-05,3.4888900000000004e-05,3.4888900000000004e-05,,,9.157180000000001e-05,4.4356799999999995e-05,8.156499999999957e-07,-4.222935000000001e-05,4.38301875e-05,1.2587062500000001e-05,-0.0004381256375
2025-08-22 00:00:00+00:00,6.431115000000001e-05,0.00013560115,-5.66076e-05,-5.66076e-05,5.9711950000000003e-05,-3.383049999999984e-06,-6.389500000000027e-06,3.223549999999999e-05,8.05074e-05,6.73474e-05,0.00011420175,9.059175e-05,,,6.73356e-05,-1.9940000000000254e-07,-6.052719999999999e-05,-3.574219999999999e-05,3.281794375e-05,2.8730443750000003e-05,-0.0002277406125
2025-08-23 00:00:00+00:00,0.00014052449999999995,0.00017230449999999995,-3.186775e-05,-1.8412749999999997e-05,3.180959999999998e-05,2.196959999999998e-05,3.3080499999999945e-06,-1.9366950000000013e-05,0.00024270305,0.00019285804999999998,0.00020826419999999998,0.0001670342,,,0.00019754999999999998,0.00012397,4.423480000000001e-05,4.8369800000000026e-05,0.00010456580624999999,8.609080624999999e-05,-0.00019135105625000002
2025-08-24 00:00:00+00:00,0.00028628445000000003,0.00028628445000000003,0.00016397705,0.00016397705,4.4822950000000004e-05,4.3377949999999994e-05,0.0,0.0,0.0002183839,0.0002183839,0.00042306699999999995,0.000368207,,,3.3549399999999994e-05,3.3549399999999994e-05,0.00030765140000000007,0.00030765140000000007,0.00018471701875000002,0.00017767889375000002,-0.00021947665625
2025-08-25 00:00:00+00:00,0.00017017925000000002,0.00017017925000000002,0.000210206,0.000210206,0.000142618,0.000142618,1.3615000000000003e-05,0.0,0.00015392930000000004,0.00015752430000000003,0.0004361781500000001,0.0004361781500000001,,,8.064969999999999e-05,8.064969999999999e-05,0.0002780983,0.0002780983,0.00018568421250000002,0.0001844317125,3.443171250000003e-05
2025-08-26 00:00:00+00:00,6.325230000000002e-05,7.877300000000002e-06,8.6285e-05,3.299499999999999e-05,7.666975e-05,6.838975e-05,-4.328600000000006e-06,-8.923859999999999e-05,1.8802000000000032e-06,-5.44648e-05,0.00019433339999999998,0.00016342840000000002,,,4.520499999999999e-05,0.0,-1.2528000000000006e-05,4.8671999999999984e-05,5.634613125e-05,2.220738125e-05,-0.00011593386875
2025-08-27 00:00:00+00:00,0.000141335,7.266000000000001e-05,0.00016628000000000001,0.000150745,5.789000000000002e-05,0.0,0.0001956078,0.0001450128,0.00013911005,0.00020075505000000002,0.0001493342,8.338920000000001e-05,,,0.00040883,0.000167305,9.050530000000001e-05,0.0002457303,0.00016861154374999998,0.00013319966875,4.572029374999999e-05
2025-08-28 00:00:00+00:00,0.00010742474999999999,5.8564749999999995e-05,0.0,0.0,9.803910000000002e-05,3.196409999999999e-05,1.4064999999999978e-05,4.189500000000001e-05,0.00010597990000000002,0.0001830649,4.474999999999998e-05,0.0,,,0.000112815,0.00014241000000000001,0.0,0.0,6.0384218749999997e-05,5.723734375e-05,-0.00022280203125
2025-08-29 00:00:00+00:00,6.04106e-05,5.6440600000000017e-05,1.2534999999999991e-05,2.3900000000000025e-06,3.749000000000001e-05,4.817999999999999e-05,0.0,0.0,8.452175000000001e-05,9.785675000000002e-05,-1.3646800000000013e-05,-1.3646800000000013e-05,,,3.9380000000000006e-05,3.761499999999999e-05,-6.711349999999985e-06,-6.711349999999985e-06,2.67474e-05,2.7765525000000002e-05,-0.00032419408125
2025-08-30 00:00:00+00:00,3.5585000000000836e-07,2.5255850000000007e-05,3.7934999999999995e-05,8.353e-05,8.855035000000001e-05,8.322535000000001e-05,1.6270000000000002e-05,4.187500000000001e-05,-7.975199999999996e-06,3.0309800000000002e-05,0.00014790825,3.0082499999999983e-06,,,0.00015415440000000002,9.309440000000001e-05,3.2990000000000014e-05,0.000104585,5.877358125e-05,5.8110456250000004e-05,-0.0006724246249999999
2025-08-31 00:00:00+00:00,3.224815000000002e-05,3.224815000000002e-05,3.869500000000001e-05,4.217999999999999e-05,-4.964825e-05,-8.192825e-05,4.208000000000001e-05,4.625999999999999e-05,5.981005000000001e-05,-1.246495e-05,3.0629450000000005e-05,5.044500000000018e-07,,,0.00017472014999999998,6.865015000000001e-05,0.00012665395,5.902395000000002e-05,5.6898562500000005e-05,1.9309187500000004e-05,-0.00023199783125000002
2025-09-01 00:00:00+00:00,2.212500000000001e-05,7.536000000000001e-05,6.78500000000002e-06,8.759999999999989e-06,8.2415e-05,5.482499999999999e-05,0.0,0.0,4.1437800000000005e-05,4.62228e-05,1.9700349999999975e-05,2.9220349999999995e-05,,,2.158500000000001e-05,1.7009999999999988e-05,4.846500000000001e-05,1.224999999999999e-05,3.0314143750000003e-05,3.0456018749999997e-05,-0.00046844214999999995
2025-09-02 00:00:00+00:00,3.085499999999999e-05,2.4050000000000005e-05,0.00014475500000000002,9.623e-05,5.1884999999999995e-05,2.5355000000000004e-05,1.730500000000001e-05,8.569000000000003e-05,1.49501e-05,-8.007990000000001e-05,7.797000000000007e-06,-5.929999999999881e-07,,,9.794500000000001e-05,8.9845e-05,6.743665000000001e-05,-1.9678350000000015e-05,5.411609375e-05,2.7602343750000006e-05,-0.0004296975
2025-09-03 00:00:00+00:00,5.456499999999999e-05,7.466499999999999e-05,0.00010420499999999998,7.358500000000001e-05,3.88502e-05,-6.14799999999996e-07,4.4890850000000004e-05,0.00010851085000000001,-9.475099999999998e-06,-7.341510000000001e-05,1.732999999999999e-05,0.0,,,0.00014879999999999998,6.752999999999999e-05,-3.497900000000005e-06,2.341709999999999e-05,4.945850624999999e-05,3.420975625e-05,-0.00028630050625
2025-09-04 00:00:00+00:00,1.350074999999999e-05,2.105750000000005e-06,0.0,0.0,0.00010881,0.0,0.0,0.0,8.152745000000001e-05,-3.478255e-05,0.0,4.7049999999999965e-06,,,0.0,0.0,5.2770000000000005e-05,0.0,3.2076025000000004e-05,-3.4964749999999994e-06,-0.00061526375
2025-09-05 00:00:00+00:00,9.014e-05,0.0,0.0,4.3599999999999996e-05,7.933e-05,5.119000000000001e-05,5.7719999999999996e-05,6.894e-05,0.0001592346,0.00010101959999999999,8.0955e-05,3.7020000000000015e-05,,,5.148e-05,0.0,6.766e-05,0.00013415,7.331495e-05,5.448995e-05,-0.0005115213
2025-09-06 00:00:00+00:00,0.0001349158,0.00013803579999999998,6.0095e-05,7.525000000000007e-06,2.2979999999999993e-05,2.375000000000008e-06,4.807500000000001e-05,0.00011369,0.0001560854,0.00013823039999999998,0.00010314999999999999,9.509999999999978e-06,,,6.437999999999999e-05,3.999e-05,0.0001415011,0.00013107109999999997,9.139778749999999e-05,7.255341249999999e-05,-0.0001528828375
2025-09-07 00:00:00+00:00,3.3550000000000153e-06,0.0,2.117e-05,5.492000000000001e-05,7.856209999999999e-05,7.760209999999997e-05,6.676e-05,4.5715e-05,3.092115e-05,-4.362885000000001e-05,0.0,0.0,,,5.424999999999998e-06,5.199999999999992e-06,9.171004999999999e-05,8.065004999999999e-05,3.72379125e-05,2.755728749999999e-05,-0.0005041872312500001
2025-09-08 00:00:00+00:00,0.0,0.0,0.00017966359999999998,0.00017966359999999998,6.647669999999999e-05,2.1791699999999993e-05,5.028e-05,6.136e-05,-0.0001052212,-0.0001641262,0.0,0.0,,,5.9275e-05,0.0,0.00010187500000000001,0.0,4.40436375e-05,1.2336137499999995e-05,-0.0001709029375
2025-09-09 00:00:00+00:00,0.00041268489999999995,0.0004122949,0.00021361325,0.00021361325,1.6070550000000008e-05,2.9030549999999996e-05,5.219859999999998e-05,4.0968599999999986e-05,2.8429899999999994e-05,-1.2215099999999994e-05,0.00017962845,0.00017962845,,,0.0,0.0,7.853200000000006e-06,7.853200000000006e-06,0.00011380985625,0.00010889673124999999,-0.00054273435
2025-09-10 00:00:00+00:00,0.0006331970500000001,0.0006331970500000001,0.00026351494999999996,0.00026351494999999996,3.1005000000000006e-05,0.000122285,0.00018539394999999995,0.00018539394999999995,4.3245e-05,1.4694999999999996e-05,0.00023877859999999997,0.00023877859999999997,,,-1.608465000000002e-05,-1.608465000000002e-05,0.00010375405000000001,0.00011757905000000001,0.00018535049374999998,0.00019491986875,-9.950080000000001e-05
2025-09-11 00:00:00+00:00,8.485765000000002e-05,5.999764999999999e-05,0.00030369800000000003,0.00030369800000000003,4.584499999999999e-05,4.1455e-05,0.00036198869999999996,0.0003110787,2.5120000000000014e-05,1.7550000000000003e-05,6.6122e-05,1.5487000000000006e-05,,,2.3240000000000018e-05,0.0,3.1915000000000015e-05,6.213999999999998e-05,0.00011784829375,0.00010142579375,-3.441858125000002e-05
2025-09-12 00:00:00+00:00,6.985e-05,0.0,0.0003221327499999999,0.00032152775,8.274e-05,7.2095e-05,0.00025731800000000003,0.00020010300000000003,5.0789999999999986e-05,4.1845000000000003e-05,6.722e-05,0.0,,,0.0,0.0,8.775500000000002e-05,0.000161755,0.00011722571874999999,9.966571875e-05,2.6475718749999984e-05
2025-09-13 00:00:00+00:00,0.0,0.0,0.00044565545000000003,0.00034625045000000003,6.602e-05,2.2804999999999982e-05,0.00012559550000000003,0.0001117905,2.5709999999999983e-05,0.0,3.663255e-05,4.9777550000000006e-05,,,0.0,0.0,0.00012172710000000002,7.534710000000002e-05,0.00010266757499999999,7.5746325e-05,-0.00019890305000000002
2025-09-14 00:00:00+00:00,9.755155000000004e-05,9.755155000000004e-05,0.00025998095,0.00024631095,0.00013083000000000002,0.000120075,0.00026620905,0.00026620905,3.1465949999999996e-05,4.142595000000001e-05,6.125610000000002e-05,6.125610000000002e-05,,,0.0,0.0,7.015900000000002e-05,0.000117724,0.000114681575,0.00011881907500000001,-0.00017812780000000004
2025-09-15 00:00:00+00:00,5.98987e-05,2.9787000000000105e-06,0.0003316116,0.00017776659999999998,6.961499999999999e-05,0.000120475,0.00029781140000000007,0.00029781140000000007,0.0001324738,5.3648799999999994e-05,3.502000000000001e-05,0.0,,,3.7651499999999965e-06,3.7651499999999965e-06,9.184469999999999e-05,6.229969999999999e-05,0.00012775504375,8.984316875e-05,-0.00012073560000000002
2025-09-16 00:00:00+00:00,0.000168815,7.0455e-05,0.00013464,2.2710000000000004e-05,3.672500000000001e-05,2.1989999999999984e-05,3.104235e-05,4.1637350000000005e-05,0.00010113355,3.879355e-05,0.000160135,1.0004999999999993e-05,,,7.937499999999999e-05,3.68e-05,0.00012738314999999998,0.00012413314999999998,0.00010490613124999999,4.581550625e-05,-0.00024836011875
2025-09-17 00:00:00+00:00,8.347e-05,7.214000000000001e-05,7.620065000000001e-05,0.00012220565,7.77e-05,3.268e-05,0.00019451245000000006,0.00016278745000000003,9.478544999999999e-05,3.236044999999999e-05,0.00013699,8.655e-05,,,3.3920000000000014e-05,1.5080000000000001e-05,0.00012420095,8.332095000000001e-05,0.00010272243750000001,7.589056250000001e-05,-0.00019576693750000002
2025-09-18 00:00:00+00:00,0.00014089555,5.8625550000000007e-05,0.00017404345000000002,0.00018311345,1.4845000000000012e-06,2.3839500000000008e-05,0.00019270264999999998,0.00012165764999999998,8.9085e-05,5.891e-05,5.2075e-05,3.8684999999999986e-05,,,0.0,0.0,0.00019380910000000003,0.0001950091,0.00010551190625,8.498003125e-05,-4.3389906250000005e-05
2025-09-19 00:00:00+00:00,7.002370000000003e-05,7.002370000000003e-05,0.0006061292,0.0006061292,5.9615e-05,6.6550000000000074e-06,0.00032773609999999995,0.0002799360999999999,9.2935e-05,6.743e-05,0.0,0.0,,,0.0,0.0,7.23508e-05,7.54608e-05,0.000153598725,0.00013820435,-9.6012525e-05
2025-09-20 00:00:00+00:00,2.8969649999999998e-05,2.8969649999999998e-05,0.00029120240000000004,0.00029120240000000004,0.00011428999999999999,6.6565e-05,7.532010000000004e-05,6.853510000000001e-05,0.00015338205000000002,8.023205000000002e-05,5.998125000000001e-05,3.0076250000000002e-05,,,0.0,0.0,0.00027264674999999996,0.00031474175,0.00012447402500000002,0.00011004027500000001,-7.388530625000001e-05
2025-09-21 00:00:00+00:00,0.00016621,0.0,0.00020708624999999997,8.535124999999997e-05,0.00013638000000000002,4.117499999999999e-05,0.00012076,4.952999999999999e-05,0.00015387,0.0,0.000222385,4.991e-05,,,6.969345000000002e-05,-1.2065499999999957e-06,0.00024790045,0.00014865544999999997,0.00016553564375,4.667689374999999e-05,-8.431353750000001e-05
2025-09-22 00:00:00+00:00,0.000132195,0.0,0.00020456695,0.00013184695,0.000145085,2.5120000000000014e-05,8.266e-05,0.0,0.000122525,0.0,0.00012774,0.0,,,-7.460499999999965e-07,-1.0086049999999991e-05,0.00012946,0.00016411000000000003,0.0001179357375,3.88738625e-05,-2.7639756249999998e-05
2025-09-23 00:00:00+00:00,0.0001835165,5.258649999999999e-05,0.0001652677,5.84077e-05,8.377e-05,8.7465e-05,0.0001006177,-4.842300000000006e-06,8.45088e-05,8.50088e-05,0.0002413831,0.00010133309999999998,,,0.00018141705000000003,8.227205000000002e-05,0.00020649999999999998,3.939999999999994e-06,0.00015587260625,5.827135625e-05,-0.00014299773125000002
2025-09-24 00:00:00+00:00,8.224e-05,0.0,0.00040092965,0.00040092965,4.188499999999999e-05,0.000152395,9.417999999999998e-05,1.2739999999999993e-05,8.384e-06,4.4359e-05,0.00012139,8.561e-05,,,0.000192985,0.00014036,9.630355e-05,6.411354999999999e-05,0.00012978715,0.0001125634,9.8097775e-05
2025-09-25 00:00:00+00:00,4.3295000000000005e-05,2.1005000000000006e-05,0.00030922355,0.00025620355,6.526499999999999e-05,0.000122865,6.4825e-05,4.41e-05,6.517219999999999e-05,-5.0157800000000016e-05,0.0,0.0,,,8.047e-05,7.205000000000006e-06,0.0001144331,-7.641899999999994e-06,9.283548124999999e-05,4.9197356249999996e-05,-9.273955625000001e-05
2025-09-26 00:00:00+00:00,3.816365e-05,3.031864999999999e-05,0.000113895,0.000162205,6.029639999999999e-05,0.00011056139999999999,2.2378199999999995e-05,2.9708200000000008e-05,0.00011693835,0.00017038835,-3.2422499999999913e-06,-1.152724999999999e-05,,,-7.888899999999998e-06,6.03211e-05,3.2217300000000014e-05,-1.8707699999999997e-05,4.659471875e-05,6.665846875000001e-05,-0.00027971378125000003
2025-09-27 00:00:00+00:00,-4.4609999999999344e-07,-1.237109999999999e-05,8.10943e-05,0.0001738093,4.730960000000001e-05,4.17596e-05,-0.0002078765,-0.0001512115,-0.00012234519999999998,-0.0001485152,-4.7828849999999995e-05,-2.891885000000001e-05,,,8.050645e-05,1.802145e-05,-3.8314e-06,-0.0001505064,-2.1677212499999997e-05,-3.22415875e-05,-0.0002929559625
2025-09-28 00:00:00+00:00,3.2304999999999996e-05,9.528499999999999e-05,0.0001810929,0.00021139289999999998,5.02452e-05,5.640200000000011e-06,-7.418999999999948e-07,3.133810000000001e-05,8.034885e-05,0.00013982884999999998,1.2714499999999993e-05,7.456949999999999e-05,,,-3.166184999999999e-05,-9.322685e-05,0.00012935085,0.00016113585,5.670669375e-05,7.824544375e-05,-0.00029678948124999997
2025-09-29 00:00:00+00:00,5.481999999999998e-05,0.000115455,3.1884499999999834e-06,3.306844999999999e-05,-4.957149999999999e-06,-2.4337149999999994e-05,9.107499999999999e-05,4.938000000000001e-05,2.249625000000001e-05,8.702625e-05,-1.969499999999994e-07,1.6230499999999806e-06,,,-0.0001075829,-0.00012328289999999998,7.576025e-05,0.00014082525000000003,1.6825368749999996e-05,3.4969743750000006e-05,-0.00033029194999999997
2025-09-30 00:00:00+00:00,9.226165e-05,0.00010656164999999999,4.864499999999999e-05,9.889499999999998e-05,7.89292e-05,-3.576079999999999e-05,5.364520000000001e-05,7.187020000000002e-05,-1.0110999999999999e-05,-4.077599999999999e-05,0.0001451057,0.00017735570000000002,,,-2.0724049999999997e-05,-2.966905e-05,8.844770000000001e-05,0.0001444377,5.9524925e-05,6.16143e-05,-0.00046077371874999993
2025-10-01 00:00:00+00:00,4.671029999999999e-05,3.116030000000001e-05,0.00012078734999999998,0.00022393235,7.449420000000001e-05,4.84592e-05,0.00012662764999999998,8.583764999999999e-05,0.0001243184,0.00015775339999999998,3.7472299999999983e-05,0.00013478229999999998,,,7.45261e-05,3.687110000000001e-05,0.0002569299,0.00033288489999999996,0.00010773327499999999,0.00013146015,-0.0002035361
2025-10-02 00:00:00+00:00,2.6579999999999983e-05,6.2635e-05,0.00012988635000000002,0.00018773135000000002,6.52617e-05,3.5316700000000014e-05,3.2849999999999985e-05,6.5845e-05,0.00014786269999999998,-8.723000000000055e-07,0.0,6.866500000000001e-05,,,6.211760000000002e-05,2.570760000000003e-05,3.9132200000000005e-05,5.471999999999897e-07,6.296131875e-05,5.5696943750000014e-05,-0.00016737616875
2025-10-03 00:00:00+00:00,7.356000000000029e-06,3.2660000000000184e-06,0.00032665525,0.00030044525,-5.59715000000001e-06,3.053285e-05,4.91e-05,4.7224999999999996e-05,0.00010873500000000001,2.138000000000001e-05,8.679e-05,8.0945e-05,,,-5.339700000000012e-06,-5.339700000000012e-06,5.2846050000000005e-05,2.6576050000000005e-05,7.756818125e-05,6.312880625e-05,-0.0005219842125000001
2025-10-04 00:00:00+00:00,3.7462999999999945e-06,2.06213e-05,0.00025613605000000003,0.00024149605000000005,3.7000000000001266e-07,0.00013528000000000002,3.570499999999999e-05,2.657500000000001e-05,7.581e-05,8.2555e-05,5.846500000000001e-05,3.545999999999998e-05,,,0.0,0.0,6.554845000000001e-05,0.00014885345,6.19726e-05,8.635510000000002e-05,-0.00021483881250000002
2025-10-05 00:00:00+00:00,6.552675000000002e-05,4.029175000000001e-05,0.00022422569999999998,0.0001612457,8.440000000000007e-06,9.184e-05,9.224e-05,2.724999999999999e-05,9.452500000000001e-05,1.9305e-05,1.459499999999999e-05,0.0,,,5.426499999999999e-05,0.0,0.00010359000000000002,8.8805e-05,8.217593125e-05,5.3592181250000005e-05,-0.00040922344375
2025-10-06 00:00:00+00:00,9.127395e-05,6.803394999999999e-05,0.00030169485,0.00013935985,0.00011202975,0.00011477975000000002,0.00012583465000000002,0.00010744465,2.2655000000000002e-05,1.684999999999995e-06,0.0,0.0,,,3.4255e-05,0.0,0.000124495,0.0,0.00010152977499999999,5.3912900000000004e-05,-0.00010524022500000001
2025-10-07 00:00:00+00:00,0.00046209735000000003,0.00036723235000000006,0.00036369894999999997,0.00027762394999999995,0.00020598185,0.00018604684999999998,0.00045209289999999995,0.0004218379,3.2954700000000005e-05,3.884969999999998e-05,0.00013161545000000004,2.5175450000000027e-05,,,0.0,0.0,0.000144415,3.098999999999999e-05,0.000224107025,0.000168469525,6.99876875e-05
2025-10-08 00:00:00+00:00,0.00020292715,0.00023523714999999995,0.00014629499999999998,4.945999999999999e-05,6.748804999999999e-05,0.00015470304999999998,4.665275e-05,2.0692749999999993e-05,2.225584999999999e-05,2.225584999999999e-05,6.101499999999999e-05,0.0,,,1.1499999999999905e-06,0.0,0.00024373944999999997,5.938444999999999e-05,9.894040625e-05,6.771665624999998e-05,1.0955299999999976e-05
2025-10-09 00:00:00+00:00,0.0001456831,0.0001341931,0.0002685824,0.00018277239999999996,7.48221e-05,1.4512099999999996e-05,0.0004044987,0.00042713869999999994,0.0001492864,6.606139999999998e-05,0.00020999624999999998,0.00011118124999999998,,,8.119e-05,9.10000000000009e-07,0.00025829864999999996,0.00016029365,0.0001990447,0.00013713282499999997,-0.00014812530000000006
2025-10-10 00:00:00+00:00,2.962245000000001e-05,5.462245000000001e-05,4.810525e-05,3.033525e-05,9.654489999999998e-05,7.530989999999997e-05,9.769274999999998e-05,8.475274999999999e-05,0.00010503925,4.4624250000000016e-05,8.868589999999998e-05,3.10359e-05,,,-8.059449999999996e-06,2.3940550000000013e-05,5.732735e-05,0.00011999235,6.43698e-05,5.8076675000000004e-05,-0.00017366464375000003
2025-10-11 00:00:00+00:00,3.1485499999999995e-05,1.3145500000000007e-05,-0.0006387698999999998,-0.0006387698999999998,0.00013903950000000002,4.453450000000001e-05,-0.00065349925,-0.00065496925,-0.000247854,-0.000375194,0.0008841282999999999,0.0008841282999999999,,,9.646499999999999e-05,0.0,-0.0015494863499999998,-0.0016214463499999996,-0.00024231139999999997,-0.00029357139999999993,0.0001512515374999999
2025-10-12 00:00:00+00:00,0.0001073626,0.0018425475999999997,-0.00022668105000000002,0.00411854395,2.70608e-05,0.00010005079999999998,-0.0001682789,0.0028196511,-0.00015515825,0.0005219167499999999,0.00029570935,0.00423817935,,,-8.930905e-05,0.0005256659499999999,0.0013279745999999998,0.0017007145999999999,0.00013983501249999997,0.0019834087625,0.00161333716875
2025-10-13 00:00:00+00:00,0.0001128342,-1.4800799999999989e-05,1.280165000000005e-05,-0.00036826335000000003,0.0001503599,5.3859899999999996e-05,-0.00021055905,-0.00028761405,6.862544999999999e-05,9.201044999999999e-05,0.00015437169999999998,0.00018196669999999998,,,-0.0001619765,-0.00016870649999999997,0.0005178757499999997,0.00022392074999999983,8.054163749999997e-05,-3.595336250000002e-05,-0.00011159583125000004
2025-10-14 00:00:00+00:00,3.113499999999999e-05,-3.076500000000001e-05,0.00043722345000000003,-0.00011307154999999999,0.00014925260000000001,6.4926000000000156e-06,-0.00036575889999999997,-0.00045446390000000004,8.006475e-05,6.845474999999999e-05,1.842400000000003e-05,-3.1920999999999995e-05,,,7.381499999999995e-06,-5.1773499999999995e-05,0.00044356305,0.00034393305,0.00010016068125,-3.288931875000001e-05,8.112991250000004e-05
2025-10-15 00:00:00+00:00,4.8594649999999994e-05,0.00012420965,-0.00015511245,-0.00042178245,6.992470000000001e-05,3.0596999999999976e-06,-0.00043427984999999994,-0.00037094985,7.532295000000001e-05,0.00011052795,2.4954999999999984e-05,4.698999999999999e-05,,,4.381435000000001e-05,-8.014565e-05,4.142549999999997e-06,2.805755000000001e-05,-4.0329762499999995e-05,-7.00041375e-05,-0.000183540675
2025-10-16 00:00:00+00:00,1.1241549999999996e-05,0.00014090155,-9.268995000000002e-05,-0.00016052995,0.000156135,0.00013485500000000002,-0.00043900265,-0.00039344265000000004,7.454064999999999e-05,6.107065e-05,4.5901300000000014e-05,8.994630000000003e-05,,,-0.00013643035,-0.00022306534999999998,5.2588799999999994e-05,-6.712000000000043e-07,-4.0964456249999996e-05,-4.386695624999999e-05,-3.282731875000003e-05
2025-10-17 00:00:00+00:00,-2.8452199999999995e-05,6.50078e-05,-4.5310349999999955e-05,-0.00013253034999999996,0.00018688975000000002,0.00016667975000000002,-0.00041738095000000007,-0.00035879595,2.5767e-05,7.4232e-05,5.771445000000001e-05,9.266945000000001e-05,,,-0.00025872035,-0.00018555535000000002,0.00010592100000000002,0.000147156,-4.6696456249999994e-05,-1.6392081249999995e-05,-2.462014375e-05
2025-10-18 00:00:00+00:00,1.5571449999999998e-05,-2.6943549999999997e-05,7.385975e-05,3.808475e-05,0.00015605,0.000142975,-0.00013764620000000002,-0.0001113412,3.8958900000000004e-05,5.52289e-05,2.2754800000000018e-05,5.100480000000002e-05,,,-8.464005000000003e-05,-0.00015338505,1.8352900000000012e-05,6.84879e-05,1.2907693749999996e-05,8.013943750000001e-06,-5.772780000000001e-05
2025-10-19 00:00:00+00:00,6.107025e-05,-7.110975000000001e-05,-9.90389e-05,-0.0001188289,0.00022437999999999996,0.00013916999999999998,-7.875734999999998e-05,-0.00015391234999999998,0.00010101089999999999,0.00011068589999999998,8.196939999999999e-05,8.00094e-05,,,-0.00032242535,-0.00045310035,3.545945e-05,3.0439449999999995e-05,4.5854999999999496e-07,-5.4580825000000006e-05,-9.061788750000002e-05
2025-10-20 00:00:00+00:00,-0.00020877915,-0.00022569915,-0.00015482395,-0.00012574895000000002,5.9692700000000005e-05,-1.4442299999999997e-05,1.5040849999999993e-05,-3.045915e-05,-7.05927e-05,-9.79527e-05,4.767645000000001e-05,0.00012811645,,,9.079839999999998e-05,-0.00020311160000000003,-0.00010454075,-0.00014635075,-4.069101875000001e-05,-8.945601875e-05,-0.00030418900000000007
2025-10-21 00:00:00+00:00,6.829859999999999e-05,-5.195639999999998e-05,7.273635e-05,3.2561350000000006e-05,0.00010805215000000001,-3.473285000000002e-05,-2.6934449999999998e-05,-2.032945000000002e-05,3.6371200000000015e-05,-8.673800000000002e-06,7.744535e-05,0.00012710034999999998,,,1.4158849999999997e-05,-6.706115e-05,8.312935e-05,3.058435e-05,5.4157175e-05,9.36549999999997e-07,-0.00021596611875
2025-10-22 00:00:00+00:00,-7.463470000000001e-05,8.777030000000002e-05,-9.644340000000001e-05,-0.00010116840000000002,5.892015e-05,-5.982485e-05,-9.750375e-05,-2.0803749999999995e-05,7.453735e-05,4.2352349999999994e-05,0.00018038749999999996,0.00019060249999999998,,,-0.00018001275000000002,-6.093775000000002e-05,4.5105949999999995e-05,-2.8814049999999992e-05,-1.120545625000001e-05,6.147043749999995e-06,-0.00022513815625000002
2025-10-23 00:00:00+00:00,-0.0001153754,-3.421040000000001e-05,-0.00020993289999999998,-0.0001704679,0.00010489645000000001,6.371145e-05,3.9459500000000004e-05,5.687950000000001e-05,-9.150750000000002e-06,7.262424999999999e-05,0.0001905509,0.00015634590000000002,,,-6.724880000000002e-05,3.748119999999999e-05,-3.7065499999999997e-06,-5.613154999999999e-05,-8.813443749999994e-06,1.5779056249999998e-05,-0.0002849660375
2025-10-24 00:00:00+00:00,-9.96085000000001e-06,2.2699150000000004e-05,2.3778049999999995e-05,-1.5695000000000406e-07,7.2415e-05,3.799499999999999e-05,-9.12712e-05,-8.43512e-05,7.295675000000001e-05,5.576675000000001e-05,7.2425e-05,4.153999999999999e-05,,,-7.769745e-05,-0.00010182244999999999,7.6243e-05,9.6988e-05,1.7361037499999998e-05,8.5822875e-06,-0.0003365152
2025-10-25 00:00:00+00:00,0.00010084500000000001,0.000117525,9.976549999999987e-06,1.6051549999999997e-05,0.00010800999999999999,7.754999999999999e-05,-0.00012667895000000002,-0.00012194895,8.31e-05,6.6355e-05,9.3245e-05,8.125999999999999e-05,,,1.195469999999999e-05,-0.0001714303,-5.189800000000001e-05,6.542000000000001e-06,2.8569287499999997e-05,8.988037499999995e-06,-0.00010370200625
2025-10-26 00:00:00+00:00,6.949e-05,0.0,4.9231600000000005e-05,1.5196600000000015e-05,8.963e-05,3.415999999999999e-05,-7.428875000000002e-05,-4.8483749999999995e-05,0.000103795,1.1984999999999993e-05,2.8859999999999998e-05,5.4855e-05,,,-0.00029678485,-0.00030075985,-5.029155000000001e-05,7.828345e-05,-1.0044818750000004e-05,-1.9345443750000004e-05,-0.00014117184999999999
2025-10-27 00:00:00+00:00,3.2214999999999996e-05,2.0249999999999987e-05,6.4225e-05,4.2725e-05,0.00010328999999999998,2.2564999999999998e-05,2.1002999999999937e-06,1.790300000000005e-06,3.960500000000002e-05,0.0,5.87e-05,7.214e-05,,,0.00011789959999999999,-0.0002174904,5.9586299999999996e-05,4.05063e-05,5.970264999999999e-05,-2.1892250000000027e-06,-0.00032067108750000005
2025-10-28 00:00:00+00:00,5.775e-05,0.00013916000000000002,5.326009999999998e-05,5.03651e-05,5.149904999999999e-05,5.8609050000000004e-05,-1.7317349999999994e-05,-3.6272350000000005e-05,1.0865000000000009e-05,1.0899999999999989e-05,2.95e-05,2.0220000000000016e-05,,,-0.00022834275,-0.00029211275,3.0085000000000014e-05,0.0,-1.587618749999997e-06,-6.141368750000001e-06,-0.00033210726250000003
2025-10-29 00:00:00+00:00,0.0001358811,7.057109999999999e-05,4.907284999999999e-05,0.00010191785000000001,6.5715e-05,8.203e-05,-6.549084999999999e-05,-6.875585e-05,9.724355000000002e-05,0.00013826855,4.188499999999999e-05,1.470999999999999e-05,,,-0.00015900065000000002,-0.00031012065,9.817000000000002e-05,4.5115000000000004e-05,3.29345e-05,9.217000000000003e-06,-0.000377871375
2025-10-30 00:00:00+00:00,0.00015855675,6.722175000000001e-05,0.00015386795000000002,0.00016895295000000002,0.00010969460000000001,0.0001381896,0.00011689124999999999,8.155625000000001e-05,6.40164e-05,7.271640000000001e-05,0.000172125,0.000138695,,,-0.00015314020000000003,-0.0002587752,0.000203975,0.00020903,0.00010324834375000001,7.719834375000001e-05,6.190464375e-05
2025-10-31 00:00:00+00:00,-0.00022454814999999998,-0.00027350314999999997,-3.018514999999998e-05,-5.829515000000001e-05,0.00012162185,0.00014682185,-5.533040000000001e-05,-1.6990400000000013e-05,0.00021013,0.00017634499999999998,0.0001399526,0.0001870676,,,5.757060000000002e-05,-3.853440000000001e-05,0.00022061835000000005,0.00017346335,5.497871250000003e-05,3.70468375e-05,-0.0001940160625
2025-11-01 00:00:00+00:00,9.380195e-05,-0.00010511305,0.00016793465,6.595964999999999e-05,4.893499999999999e-05,5.9925e-05,-6.53254e-05,-1.1885400000000005e-05,7.045820000000001e-05,0.0001433782,0.000205655,0.000215835,,,-4.1506650000000003e-05,-0.00014013164999999997,0.0002919293,0.0003392993,9.648525625e-05,7.090838125e-05,-8.365697500000001e-05
2025-11-02 00:00:00+00:00,-0.00018633514999999998,-0.00020537015000000002,-1.3547700000000004e-05,-7.65627e-05,1.0900000000000141e-06,9.1745e-05,-0.00015325735,-0.00016174734999999997,-6.864805e-05,4.324694999999999e-05,0.0,0.0,,,-0.0002996144,-0.0003869994,8.617375000000001e-05,0.00020090874999999998,-7.92673625e-05,-6.18473625e-05,-0.00014559645625000003
2025-11-03 00:00:00+00:00,-0.000165427,-0.00013384699999999998,-3.272145e-05,-7.376449999999989e-06,4.007499999999999e-05,8.7375e-05,-0.0001161158,-0.00012156080000000001,-2.1066249999999988e-05,6.458875000000001e-05,4.729e-05,5.026499999999999e-05,,,-4.34729e-05,0.00011597710000000001,7.76123e-05,0.0002054173,-2.67282625e-05,3.2604862500000004e-05,-0.0001906062375
2025-11-04 00:00:00+00:00,-0.00027240215,-0.00024195215,1.341670000000001e-05,-4.1008299999999944e-05,5.1612049999999997e-05,0.00012976705000000002,-9.189639999999996e-05,-6.634639999999998e-05,-6.268825000000001e-05,7.575675000000001e-05,0.00018223479999999998,0.00023102979999999997,,,-3.4040950000000005e-05,-1.5094999999999218e-07,8.434594999999998e-05,0.00014610594999999992,-1.617728125e-05,2.9150218750000004e-05,-0.00011699108125000003
2025-11-05 00:00:00+00:00,3.6785499999999912e-06,-6.323145e-05,-3.371999999999998e-05,4.662500000000001e-05,5.847849999999986e-06,8.069785e-05,-0.00012644454999999997,-9.424455e-05,-9.335304999999999e-05,1.682695e-05,4.1548949999999995e-05,5.136395e-05,,,2.8002850000000002e-05,4.5977849999999996e-05,1.697975e-05,1.2669749999999993e-05,-1.968245625e-05,1.2085668750000001e-05,-0.0002297601
2025-11-06 00:00:00+00:00,-3.597040000000001e-05,5.795999999999978e-07,9.088365e-05,7.423864999999998e-05,8.6105e-05,0.000124655,5.7005e-05,7.522500000000001e-05,4.57989e-05,9.117389999999998e-05,2.821770000000001e-05,0.0001013977,,,-7.04367e-05,-0.0001256517,-0.00010163065,-6.088564999999999e-05,1.24965625e-05,3.5091562499999995e-05,-0.0003111728
2025-11-07 00:00:00+00:00,-2.3909499999999966e-06,-4.455595000000001e-05,-0.0001000689,-0.00011996390000000001,5.4293749999999995e-05,8.518374999999999e-05,0.000154305,0.00018623,5.8196899999999985e-05,0.00014754189999999998,6.143905000000001e-05,4.8234049999999996e-05,,,9.904395e-05,-5.612105e-05,-5.156625e-05,-6.763624999999999e-05,3.415656875e-05,2.236406874999999e-05,-0.000191535525
2025-11-08 00:00:00+00:00,-0.00018441175,-0.00010460174999999998,-8.33381e-05,-0.0001468831,4.36839e-05,0.0001157889,3.6574999999999995e-05,5.490500000000001e-05,-2.0869600000000004e-05,6.86004e-05,0.0,2.5765000000000005e-05,,,-0.00015221525,-0.00021543025000000002,-0.000137297,-0.000111567,-6.223410000000001e-05,-3.917785e-05,-0.00018197675000000002
2025-11-09 00:00:00+00:00,-3.6185900000000016e-05,-2.80809e-05,-0.00010765875,-8.196875e-05,2.5440200000000004e-05,5.812020000000002e-05,6.230000000000011e-06,2.1455e-05,3.688500000000001e-05,9.502e-05,2.3014999999999992e-05,4.1280000000000005e-05,,,0.00016297285000000002,0.00012767785,-3.596075e-05,-4.089575e-05,9.34220625e-06,2.4075956250000003e-05,-0.0004918685250000001
2025-11-10 00:00:00+00:00,-2.6787799999999998e-05,-5.0552799999999995e-05,-5.958675000000001e-05,-5.906675000000001e-05,3.295210000000001e-05,3.406210000000001e-05,0.000123535,0.00010664000000000001,8.755e-05,0.00011565499999999999,0.00010032000000000002,8.97e-05,,,0.0001016423,4.3462300000000006e-05,6.60255e-05,3.586050000000001e-05,5.320629375e-05,3.947004375e-05,-0.00037283533125000005
2025-11-11 00:00:00+00:00,8.172395e-05,-8.081049999999996e-06,-2.155385000000001e-05,-0.00010527885,4.398000000000001e-05,3.991499999999999e-05,9.0915e-05,3.620000000000012e-06,4.704500000000001e-05,8.688499999999999e-05,4.9295e-05,3.752e-05,,,0.00016339064999999997,-7.579350000000011e-06,0.00013804555,3.830055e-05,7.41051625e-05,1.0662662499999996e-05,-0.00015310320000000002
2025-11-12 00:00:00+00:00,-5.604735e-05,-4.747734999999998e-05,-4.095084999999998e-05,-6.667584999999999e-05,0.00012067000000000001,0.000139145,0.00013102,0.000170455,4.55077e-05,6.74477e-05,7.216e-05,0.00014746,,,9.076509999999998e-05,2.4280099999999988e-05,0.00015892865000000003,-1.1501350000000001e-05,6.525665625000001e-05,5.2891656250000006e-05,-0.00018644675
2025-11-13 00:00:00+00:00,4.766165e-05,0.00027016165,-6.843325000000002e-05,-6.654825000000003e-05,0.00010532499999999999,5.240000000000001e-05,0.000113075,0.000176605,-6.38091e-05,-5.632409999999999e-05,9.939255000000002e-05,0.00011767255000000002,,,-0.00020176985,-0.00018850484999999997,-6.831625000000002e-05,-6.436125000000003e-05,-4.6092812500000004e-06,3.0137593750000002e-05,-0.00016598841875
2025-11-14 00:00:00+00:00,0.00015399759999999997,3.434759999999997e-05,7.028499999999984e-07,-3.0242150000000013e-05,5.567070000000001e-05,0.0001309157,8.537294999999998e-05,5.699294999999998e-05,3.0618900000000006e-05,0.00014581390000000002,0.0001141502,0.00011663519999999998,,,4.96038e-05,-7.959619999999999e-05,-0.0001424833,-0.0001838283,4.34542125e-05,2.3879837499999997e-05,-0.00028177954375
2025-11-15 00:00:00+00:00,5.2034899999999985e-05,0.0001465249,0.00024273194999999994,3.497695000000001e-05,1.6134999999999997e-05,0.000134855,0.00015737500000000002,0.00023025499999999998,9.423500000000001e-05,0.000194595,0.00015268015,0.00011143515,,,-0.0002344648,-0.0001536148,4.667094999999999e-05,5.388594999999999e-05,6.592476874999999e-05,9.411414374999998e-05,-0.00017625090625000004
2025-11-16 00:00:00+00:00,4.682525000000001e-05,2.8695250000000006e-05,0.0002823020500000001,0.00012305205,2.906530000000001e-05,7.050530000000001e-05,6.796999999999999e-05,9.904000000000001e-05,7.9725e-05,4.243499999999999e-05,5.5146899999999985e-05,9.756899999999998e-06,,,8.23705000000003e-06,-0.00019546294999999998,-8.468200000000003e-06,-8.028820000000002e-05,7.010041875e-05,1.221666875e-05,-8.53084125e-05
2025-11-17 00:00:00+00:00,0.00018167385,0.00025873385,0.0003008644,0.00022700940000000002,2.5974999999999998e-05,0.00010156000000000001,7.244024999999998e-05,6.505249999999973e-06,1.110500000000001e-05,0.00010079499999999999,7.398364999999999e-05,8.365865e-05,,,0.0001417537,9.749369999999999e-05,2.7396549999999998e-05,3.5106550000000004e-05,0.00010439905,0.00011385779999999999,-0.00021752426875000004
2025-11-18 00:00:00+00:00,8.4827e-05,0.000116892,0.00020520375,6.435374999999998e-05,2.3082749999999995e-05,4.1692750000000005e-05,6.479499999999999e-05,0.000115695,2.004000000000001e-05,5.0054999999999994e-05,2.3704999999999987e-05,4.490499999999999e-05,,,-7.914015e-05,-0.00013251515,-5.540580000000002e-05,-2.8795800000000006e-05,3.5888443749999995e-05,3.4035318749999995e-05,-0.00010470444375
2025-11-19 00:00:00+00:00,0.00011657000000000002,0.000100855,0.00021296320000000003,0.00014579820000000003,3.6806799999999995e-05,4.30718e-05,0.00010142430000000003,0.00012669430000000002,3.361905000000002e-05,7.748405000000002e-05,7.0595e-05,8.014500000000001e-05,,,-0.00010766425000000001,-0.00012929925,-1.3613249999999992e-05,2.585175e-05,5.6337606250000016e-05,5.882510625000001e-05,-5.172155e-05
2025-11-20 00:00:00+00:00,0.000160175,0.000130385,0.000256675,0.00012733000000000002,6.755999999999998e-05,0.000132535,1.9200500000000004e-05,1.6550499999999997e-05,5.034500000000001e-05,8.862e-05,6.106409999999999e-05,5.04491e-05,,,-0.0001092806,-0.00011897060000000001,-0.00017475465,-0.00013692965,4.137304374999999e-05,3.624616875000001e-05,-0.00012590070625000002
2025-11-21 00:00:00+00:00,-1.0700399999999997e-05,-1.6445399999999997e-05,5.8623649999999996e-05,5.8623649999999996e-05,3.371e-05,7.0535e-05,7.11e-05,2.466500000000001e-05,4.1384999999999984e-05,2.11e-05,2.692414999999999e-05,2.3254149999999985e-05,,,-0.00018099515,-0.00021480015000000001,3.658365e-05,3.340365000000001e-05,9.578862499999993e-06,4.1987499999998046e-08,-0.000392944525
2025-11-22 00:00:00+00:00,3.114834999999999e-05,-6.757665e-05,0.00046256585000000003,0.00035845585000000006,9.281e-05,0.000128015,0.0002015466,0.0001839016,8.04933e-05,5.57233e-05,8.314015e-05,0.00012682514999999998,,,0.00033751064999999996,8.834564999999999e-05,-0.00016529975,-0.00014014975,0.00014048939374999996,9.169251875e-05,-0.00014987733750000004
2025-11-23 00:00:00+00:00,2.5383150000000015e-05,-4.184999999998636e-08,0.00052747995,0.00043667995,6.215615000000002e-05,6.912115000000001e-05,0.00010598799999999999,0.000172423,6.960970000000001e-05,6.786470000000001e-05,9.421369999999998e-05,0.00016500869999999998,,,0.000269367,3.2187e-05,-0.00015233765,-0.00019346265000000002,0.0001252325,9.372249999999999e-05,-1.669098125000001e-05
2025-11-24 00:00:00+00:00,3.34775000000001e-06,-1.2007250000000001e-05,0.00036667,0.0002327,0.00011367115,7.766615e-05,5.8775000000000006e-05,3.7895e-05,0.00011045139999999999,4.393639999999998e-05,0.0001062558,0.0001654758,,,0.00035063555,7.020555000000002e-05,-0.0001642692,-0.00010336420000000001,0.00011819218125000002,6.406343125000001e-05,1.6243512499999992e-05
2025-11-25 00:00:00+00:00,-3.319765e-05,-6.649764999999999e-05,0.00016481999999999998,8.578e-05,-7.825899999999999e-06,3.99691e-05,5.52323e-05,5.84523e-05,7.196455000000002e-05,8.017455e-05,0.00011104045000000001,0.00018588045,,,0.00024126799999999997,3.2908e-05,-0.00017280195000000004,-9.487195e-05,5.3812474999999985e-05,4.0224350000000004e-05,-0.0001227887625
2025-11-26 00:00:00+00:00,4.1199550000000015e-05,0.00027264955000000005,0.00035295,0.000254855,3.8657550000000004e-05,6.729254999999999e-05,9.168445000000002e-05,8.713445000000003e-05,0.000109,9.048000000000001e-05,0.00011444015,0.00012432015,,,6.398145000000001e-05,-0.00011606854999999998,1.989445000000001e-05,-5.580549999999993e-06,0.00010397595000000002,9.6885325e-05,-0.0002002566625
2025-11-27 00:00:00+00:00,2.5435000000000003e-05,0.0,0.0002565318,0.0001612368,4.269770000000001e-05,9.28977e-05,0.00010456235,6.271234999999999e-05,0.00011554075000000002,9.486575000000003e-05,1.3791100000000026e-05,1.1156100000000013e-05,,,0.00017232275,-7.237249999999989e-06,-1.4476099999999999e-05,-6.23811e-05,8.955066875e-05,4.415629375000001e-05,-0.0001985657875
2025-11-28 00:00:00+00:00,-1.9014600000000006e-05,-1.4209600000000004e-05,-0.0001950812,-0.00024237619999999994,3.1970550000000005e-05,4.260555e-05,8.815035000000001e-05,1.3440350000000014e-05,0.0001193944,0.00011499440000000002,1.6089349999999995e-05,-8.656500000000078e-07,,,0.00017117410000000002,4.7499100000000014e-05,-0.00015228100000000001,-0.000113881,7.550243749999999e-06,-1.9099131249999985e-05,-4.8002300000000006e-05
2025-11-29 00:00:00+00:00,7.023784999999999e-05,9.557285e-05,6.385550000000003e-05,2.3440500000000068e-05,7.056964999999999e-05,0.00010571465,8.30362e-05,-1.5993799999999996e-05,7.642384999999999e-05,3.914884999999999e-05,7.473285e-05,2.7957849999999982e-05,,,0.00010263000000000001,0.00021632,6.6465999999999805e-06,-7.40084e-05,6.851656250000001e-05,5.2269062500000005e-05,-0.0002984619125
2025-11-30 00:00:00+00:00,4.358904999999999e-05,-3.457595000000002e-05,5.150855000000003e-05,4.766355000000003e-05,4.3046149999999984e-05,0.00010339115,9.81221e-05,7.059209999999997e-05,2.46988e-05,9.19588e-05,2.2887099999999996e-05,9.21710000000001e-06,,,0.000283725,0.00021859499999999998,0.00013803445,0.00021618945,8.82014e-05,9.03789e-05,-0.00023461749375
2025-12-01 00:00:00+00:00,7.849550000000001e-05,2.2025499999999988e-05,5.041035000000003e-05,-3.388964999999998e-05,6.20958e-05,5.885079999999999e-05,2.6227800000000003e-05,-1.4121999999999975e-06,6.071660000000002e-05,7.690160000000002e-05,3.473499999999999e-05,0.00011361500000000002,,,0.00039197,0.000138655,3.863349999999998e-06,0.00012052335000000001,8.856430000000001e-05,6.1908675e-05,-0.00023401234375000003
2025-12-02 00:00:00+00:00,-3.833845000000004e-05,5.190654999999998e-05,7.778259999999997e-05,-6.32174e-05,1.1606449999999998e-05,5.260145e-05,0.00016693560000000001,0.0001867556,7.239605e-05,0.00016094605,0.0001428767,0.00017955169999999998,,,0.00023505265,0.00012514265,2.63565e-05,7.41215e-05,8.68335125e-05,9.59760125e-05,-5.996575625e-05
2025-12-03 00:00:00+00:00,4.8500550000000004e-05,-1.5714449999999997e-05,0.00016425905,4.0359050000000015e-05,-0.00013101984999999998,-0.00013137984999999998,0.00020620005,0.00011472005,3.7094199999999995e-05,7.07492e-05,4.960620000000001e-05,4.4426200000000005e-05,,,-0.00015278864999999998,-3.337865e-05,7.180660000000001e-05,9.559659999999999e-05,3.670726875000001e-05,2.317226875e-05,-0.00018315067500000002
2025-12-04 00:00:00+00:00,-2.359720000000002e-05,5.770779999999999e-05,-5.214524999999999e-05,-8.446024999999999e-05,9.639515000000001e-05,7.020015000000001e-05,3.5039999999999997e-05,2.2549999999999986e-05,6.751355e-05,3.5223549999999996e-05,4.903e-05,8.758e-05,,,3.012079999999999e-05,-7.849200000000003e-06,-3.666789999999999e-05,-6.0302899999999995e-05,2.071114375e-05,1.5081143750000002e-05,-0.00044030539375
2025-12-05 00:00:00+00:00,-5.1252699999999984e-05,-3.36927e-05,-1.4049049999999999e-05,5.040949999999995e-06,1.7175949999999996e-05,2.397594999999999e-05,1.5996449999999998e-05,1.532145e-05,-2.9664100000000006e-05,4.512590000000002e-05,6.150969999999999e-05,0.00012205469999999999,,,-7.869500000000077e-07,-7.813195e-05,-6.1728e-05,-7.176299999999998e-05,-7.849837500000003e-06,3.4914124999999993e-06,-0.00035025095625
2025-12-06 00:00:00+00:00,-8.726405e-05,-0.00010503905000000001,-5.486560000000001e-05,-9.602060000000003e-05,3.0285200000000006e-05,5.459020000000001e-05,3.2711049999999996e-05,7.587605e-05,-4.5961299999999996e-05,2.1713700000000005e-05,8.821065e-05,0.00013157065,,,9.882465000000002e-05,-0.00015742035,-8.798350000000001e-05,-3.860850000000001e-05,-3.2553624999999967e-06,-1.4167237500000008e-05,-0.00034062499375
2025-12-07 00:00:00+00:00,4.083395000000001e-05,3.4488950000000005e-05,0.00010888225000000002,-1.8087750000000007e-05,2.292025e-05,8.488525e-05,0.00012388255,7.992755e-05,2.227745e-05,0.00010058745,0.0002264851,0.0001085851,,,-8.813574999999998e-05,-0.00020130575,5.709899999999995e-06,3.425989999999999e-05,5.7856962500000006e-05,2.7917587499999998e-05,-0.0003419854875
2025-12-08 00:00:00+00:00,-3.3102999999999986e-06,-2.3565300000000006e-05,7.325495e-05,1.618995000000001e-05,-0.00010700655000000001,-5.310155000000001e-05,3.122665e-05,3.751165e-05,0.0001229941,0.0001275441,6.940559999999999e-05,5.6200599999999985e-05,,,0.00010659254999999998,-0.00010913245,-0.00011836009999999999,3.20699e-05,2.1849612499999992e-05,1.0464612499999996e-05,-0.00025707922500000003
2025-12-09 00:00:00+00:00,1.57342e-05,1.3959200000000012e-05,9.637599999999999e-06,-5.753740000000001e-05,-1.595045e-05,-4.415045e-05,5.207155000000001e-05,5.6851550000000006e-05,7.907e-05,5.035e-05,0.00014647199999999998,6.714699999999999e-05,,,-4.938499999999999e-05,-7.843999999999999e-05,-6.3454e-05,-2.941400000000001e-05,2.1774487499999995e-05,-2.6542624999999996e-06,-0.000283048375
2025-12-10 00:00:00+00:00,2.18255e-05,0.00013716549999999997,3.781795e-05,-2.6462049999999995e-05,-1.0712849999999992e-05,4.8377150000000005e-05,3.658875e-05,2.4728750000000006e-05,7.315e-05,8.869500000000002e-05,0.0001481035,6.83685e-05,,,-0.0002227481,-0.00024282309999999998,1.31461e-05,0.00018059610000000002,1.2146356249999998e-05,3.483073125000001e-05,-0.00023490585000000003
2025-12-11 00:00:00+00:00,2.9077700000000005e-05,0.00010164270000000001,-3.856584999999999e-05,-3.3060850000000004e-05,9.167255e-05,0.00010051755,7.234540000000001e-05,3.6540400000000014e-05,4.554499999999999e-05,0.00012491,0.00018238795,0.00014606295000000002,,,0.00017353045000000002,-3.362455e-05,-2.8836399999999994e-05,-5.07364e-05,6.589460000000002e-05,4.9031475000000005e-05,-0.000245038125
2025-12-12 00:00:00+00:00,9.303449999999995e-06,-0.00022145655,6.694425000000002e-05,-8.417075e-05,8.895285e-05,0.00010083285,4.833439999999999e-05,2.3104400000000002e-05,0.00010902265,0.00021418265,6.291505e-05,7.770505e-05,,,-9.953140000000002e-05,-0.0001509864,0.00012675050000000003,0.00016499049999999999,5.158646875e-05,1.552521875e-05,-0.00015763664375
2025-12-13 00:00:00+00:00,-4.381005e-05,-5.0605050000000004e-05,-6.094609999999999e-05,-0.0001499311,7.217109999999998e-05,4.238109999999998e-05,-2.6274999999999977e-06,1.2882500000000013e-05,0.00016861685,0.00012038684999999997,3.0904349999999985e-05,4.1674349999999985e-05,,,-0.0003218804,-0.00032075539999999996,2.940000000000001e-06,2.2995000000000006e-05,-1.932896875e-05,-3.512146875e-05,-0.00034939014375
2025-12-14 00:00:00+00:00,5.876220000000002e-05,-5.5842799999999987e-05,7.849705e-05,6.434704999999999e-05,8.621964999999999e-05,0.00013160465,5.8592450000000015e-05,0.00011653745000000002,0.000139775,0.00019184,6.2785e-05,9.027500000000001e-05,,,-0.00018265110000000002,-0.0002074411,0.000208985,0.00024529500000000003,6.387065625e-05,7.207690625e-05,-0.00030298809374999997
2025-12-15 00:00:00+00:00,-0.00015993925,-4.9544249999999996e-05,4.935014999999999e-05,-0.00012632485,1.6279000000000008e-05,7.9324e-05,-9.102105000000001e-05,5.521394999999999e-05,4.3014999999999994e-05,0.00017275000000000002,6.299605000000001e-05,0.00011346105000000001,,,3.6742499999999996e-05,-0.0001440525,0.00017436915,0.00011560415000000001,1.647394375e-05,2.705394375000001e-05,-9.968144375e-05
2025-12-16 00:00:00+00:00,6.189095e-05,0.00011261595,8.498670000000001e-05,-1.3653300000000004e-05,5.330475000000001e-05,2.898475e-05,1.1918699999999995e-05,-1.6856300000000003e-05,9.190000000000001e-05,0.00011757,4.9029599999999996e-05,3.43746e-05,,,-0.0002236509,-0.0003132109,0.00012772460000000003,4.794600000000001e-06,3.2138050000000006e-05,-5.672575e-06,-0.000190988025
2025-12-17 00:00:00+00:00,4.9840100000000004e-05,-8.654490000000003e-05,0.00029895865,0.00019044365000000002,7.36999999999998e-07,4.045700000000001e-05,1.8315449999999998e-05,4.747044999999999e-05,0.00014946695,0.00017015695,5.868549999999999e-05,0.0001289605,,,0.00010093864999999999,5.433650000000017e-06,0.00016276525,0.00016631025,0.00010496344375,8.283594375e-05,-0.00031885244375
2025-12-18 00:00:00+00:00,-1.0611799999999999e-05,0.0004221732,-0.00017653495,-0.00019840495000000003,-7.87907e-05,-4.405570000000001e-05,-5.750545000000001e-05,-4.7810449999999996e-05,0.00011943980000000001,8.446980000000001e-05,6.907050000000015e-06,2.438205000000001e-05,,,-0.0001598569,-0.0002813819,7.4739499999999964e-06,-3.6531049999999996e-05,-4.3684875000000004e-05,-9.644875000000006e-06,-0.0003484609
2025-12-19 00:00:00+00:00,4.9474799999999996e-05,-0.0001467302,6.502999999999998e-05,2.7550000000000006e-05,5.163455000000002e-05,3.171455000000001e-05,-7.728825e-05,-6.571325e-05,0.00010246685,0.00012020685,3.939900000000001e-05,2.6294e-05,,,-0.000213637,-0.000321197,7.674730000000001e-05,-6.43027e-05,1.1728406249999998e-05,-4.902221875e-05,-7.842354375000001e-05
2025-12-20 00:00:00+00:00,1.241605e-05,-3.7843949999999995e-05,4.0815150000000005e-05,-1.9684849999999995e-05,-6.292770000000001e-05,2.288229999999999e-05,5.9187999999999974e-06,1.1263799999999995e-05,1.1435850000000002e-05,0.00012461085,8.166989999999999e-05,0.0001541699,,,-0.00017275205,-0.00013982204999999997,5.47053e-05,0.00011215530000000001,-3.589837500000001e-06,2.8466412500000003e-05,-0.00030496773750000004
2025-12-21 00:00:00+00:00,4.121000000000001e-05,0.0,1.3225999999999987e-05,-7.6674e-05,-0.0001421803,-4.47203e-05,-3.668155e-05,-2.4396550000000003e-05,0.00011189469999999999,0.00013978969999999997,2.1290000000000008e-05,9.3405e-05,,,2.692715e-05,-0.00017636785000000002,3.076e-05,9.476000000000001e-05,8.30575e-06,7.244999999999945e-07,-4.943250000000001e-05
2025-12-22 00:00:00+00:00,-5.5475750000000005e-05,-6.955075000000001e-05,0.0001502914,-2.11136e-05,-1.0091350000000016e-05,0.00010412864999999998,-5.536285e-05,-4.280785e-05,0.0001131228,0.00019811779999999996,7.703755e-05,0.00016759754999999999,,,-0.00022606215000000002,-0.00016986715000000003,4.710695e-05,0.00010813194999999998,5.070824999999993e-06,3.432957499999999e-05,-0.00011119399375000002
2025-12-23 00:00:00+00:00,3.2730000000000032e-06,6.5963e-05,5.8993649999999994e-05,-4.7841349999999996e-05,3.205800000000005e-06,-7.044199999999999e-06,-5.34322e-05,-5.697720000000001e-05,0.0001405164,8.894140000000002e-05,0.0001243759,0.0001989059,,,0.0001156607,3.129569999999999e-05,-1.5130649999999995e-05,1.8509350000000013e-05,4.7182825e-05,3.6469075000000005e-05,-0.000314392725
2025-12-24 00:00:00+00:00,2.0751400000000003e-05,-4.11336e-05,0.00031897555,0.00019231555,3.541040000000001e-05,9.91704e-05,-1.4215699999999998e-05,-3.3456999999999983e-06,3.431659999999999e-05,0.00018393159999999999,0.0001144695,0.00010982449999999999,,,-5.3594749999999994e-05,-0.00020551475000000002,3.972595e-05,1.4885950000000001e-05,6.197986875e-05,4.3766743750000004e-05,-0.00032700665
2025-12-25 00:00:00+00:00,7.668900000000001e-05,7.020899999999999e-05,1.2773550000000004e-05,-9.278645e-05,2.334744999999998e-05,0.00011882745,-7.7803e-05,-6.339799999999999e-05,6.436805000000002e-05,0.00015503305000000002,0.0001123365,0.00012197650000000001,,,-5.781950000000005e-06,-2.5131949999999996e-05,2.1303800000000004e-05,5.9563800000000014e-05,2.8404175000000003e-05,4.3036675e-05,-0.00036056839999999994
2025-12-26 00:00:00+00:00,2.3184999999999996e-05,1.4930000000000004e-05,3.378499999999999e-05,0.0,3.886e-05,3.8995e-05,-3.919225000000001e-05,-6.772225e-05,5.901109999999997e-05,4.068109999999997e-05,3.189514999999999e-05,4.0430149999999994e-05,,,-0.0001310746,-0.00017313959999999998,3.5100000000000006e-05,7.706e-05,6.446174999999991e-06,-3.595700000000002e-06,-0.00055288338125
2025-12-27 00:00:00+00:00,8.125750000000003e-06,-4.720925e-05,-4.7676150000000006e-05,-5.9136150000000015e-05,3.840015e-05,1.8705149999999985e-05,-9.686245e-05,-9.850245e-05,3.6936799999999995e-05,5.087179999999999e-05,1.5133599999999982e-05,4.816359999999998e-05,,,-3.4497349999999996e-05,6.022650000000001e-06,3.2424400000000014e-05,4.7449400000000014e-05,-6.00190625e-06,-4.2044062500000054e-06,-0.00040506769999999997
2025-12-28 00:00:00+00:00,-3.782250000000007e-06,-3.782250000000007e-06,1.1204999999999995e-05,3.9649999999999995e-05,9.7765e-05,9.2055e-05,8.273965e-05,1.806965000000001e-05,-2.4755850000000005e-05,-4.299084999999999e-05,2.837000000000001e-05,0.0,,,0.00032505015,0.00012112015000000002,4.7555e-05,7.834e-05,7.05183375e-05,3.78077125e-05,-0.00052163929375
2025-12-29 00:00:00+00:00,-9.672049999999983e-06,3.840795000000002e-05,1.857645000000001e-05,1.5096450000000012e-05,5.2106900000000014e-05,1.1026899999999998e-05,6.931824999999999e-05,-9.867500000000088e-07,-0.0001028245,-9.65745e-05,0.0,0.0,,,-5.904649999999993e-06,3.3815350000000005e-05,-3.7888999999999854e-06,3.3771100000000006e-05,2.226437500000008e-06,4.319562500000004e-06,-0.00036583545
2025-12-30 00:00:00+00:00,7.244150000000007e-06,9.528915000000001e-05,0.00011220200000000001,5.369999999999976e-07,1.3951500000000007e-05,8.36265e-05,3.7867749999999987e-05,3.259775e-05,1.0874000000000025e-05,7.7964e-05,5.6011149999999986e-05,3.1026149999999994e-05,,,3.753725000000001e-05,5.106724999999999e-05,5.765525000000001e-05,1.589525e-05,4.166788125e-05,4.850038125e-05,-0.0005832730875000001
2025-12-31 00:00:00+00:00,-5.119104999999999e-05,-1.0491049999999993e-05,0.0001843068,0.00013375180000000002,3.170235000000001e-05,0.00010718235000000002,7.45375e-05,6.44675e-05,6.35604e-05,5.86554e-05,6.982495000000003e-05,0.00010091495000000002,,,4.895554999999998e-05,-1.688445000000001e-05,0.00012819,0.00018979499999999998,6.87358125e-05,7.84239375e-05,-0.00024533399375
2026-01-01 00:00:00+00:00,7.349139999999998e-05,-4.2903600000000034e-05,8.44228e-05,5.5352799999999996e-05,0.000109375,3.6394999999999986e-05,2.3587649999999998e-05,-5.2332350000000004e-05,0.000100555,8.525e-05,8.199025e-05,7.638024999999999e-05,,,-9.704154999999999e-05,-0.00012311155,2.5347549999999987e-05,2.4732549999999984e-05,5.02160125e-05,7.47038749999999e-06,-0.0002635288
2026-01-02 00:00:00+00:00,0.0001075258,-1.119200000000005e-06,0.00029439625,0.00015348625000000002,4.1445e-05,8.486000000000001e-05,7.701895e-05,2.763895e-05,5.8805e-05,0.0,0.00016365715000000002,5.921500000000173e-07,,,-0.00039350655,-0.00034814655,0.0001105476,-5.632399999999991e-06,5.7486149999999995e-05,-1.10401e-05,-8.78663875e-05
2026-01-03 00:00:00+00:00,1.4620000000000006e-05,0.0,0.0,0.0,1.3481249999999997e-05,-3.9883749999999996e-05,-1.7809300000000016e-05,7.136569999999999e-05,4.898949999999997e-06,1.5043949999999995e-05,0.0,2.9694999999999996e-05,,,-5.725574999999999e-05,-0.00015524075,-3.1257500000000004e-05,-3.1257500000000004e-05,-9.165293750000001e-06,-1.3784668750000003e-05,-0.0006127774062500001
2026-01-04 00:00:00+00:00,0.0,0.0,4.6860000000000016e-05,3.4805e-05,5.1285599999999996e-05,8.33506e-05,0.0,2.8539999999999998e-05,4.14992e-05,8.950920000000001e-05,0.0,8.742e-05,,,4.65108e-05,8.270079999999999e-05,-1.7027500000000056e-06,-1.1274999999998568e-07,2.305660625e-05,5.0776606250000007e-05,-0.000451269925
2026-01-05 00:00:00+00:00,-2.085650000000015e-06,3.2069349999999964e-05,-4.097119999999999e-05,-0.0001467612,6.557499999999809e-07,1.9475749999999987e-05,-2.1827999999999992e-06,1.693220000000001e-05,3.1273300000000004e-05,4.937329999999999e-05,4.534999999999994e-06,7.303e-05,,,0.00010508000000000002,0.000161345,-4.082e-05,-1.9224999999999996e-05,6.935550000000001e-06,2.3279925e-05,-9.61863125e-05
2026-01-06 00:00:00+00:00,3.8024999999999996e-05,0.0001129,-5.468849999999993e-06,-5.914885e-05,-4.4449999999999914e-07,6.58755e-05,9.161535e-05,4.7110349999999985e-05,3.795000000000501e-08,5.396295000000001e-05,0.0001147121,0.0001753421,,,0.0,1.3549999999999921e-06,6.0944300000000026e-05,0.00016693930000000003,3.7427668750000004e-05,7.054204375e-05,-0.00040922143125
2026-01-07 00:00:00+00:00,5.554500000000001e-05,1.269500000000001e-05,-4.496895e-05,-4.346395000000001e-05,0.00012158265000000001,0.00015324265,7.83031e-05,5.81931e-05,2.60714e-05,3.3711400000000004e-05,8.899655e-05,3.8591549999999995e-05,,,9.619470000000002e-05,-1.862029999999999e-05,3.479450000000002e-06,8.100945000000001e-05,5.31504875e-05,3.9419862500000006e-05,-0.00032288991250000007
2026-01-08 00:00:00+00:00,5.2025000000000004e-05,0.00013601,0.00012194240000000005,2.689740000000001e-05,0.00013819745000000002,0.00013105245000000004,7.964665e-05,0.00011473165000000001,5.5860000000000004e-05,9.5135e-05,7.426015e-05,0.00013207515,,,-3.130145e-05,-6.964145000000001e-05,9.557459999999999e-05,0.0001394996,7.32756e-05,8.821997500000001e-05,-0.0002815959124999999
2026-01-09 00:00:00+00:00,4.13014e-05,0.00010790640000000001,0.0001382896,3.222959999999999e-05,2.435499999999999e-05,8.763e-05,7.582454999999998e-05,0.00010507455000000002,7.602554999999999e-05,0.00022845555000000002,7.864199999999978e-06,7.515419999999999e-05,,,-0.00033978459999999997,-0.0003467246,-3.096049999999999e-06,0.00012725895000000002,2.5974562499999924e-06,5.212308125e-05,5.2448737500000004e-05
2026-01-10 00:00:00+00:00,0.0,0.000137875,6.7175e-05,4.2669999999999996e-05,0.00012668500000000002,0.00011471,0.000112655,5.328499999999999e-05,7.007500000000001e-05,0.00010190000000000001,2.2519999999999998e-05,6.637e-05,,,-0.00012307275000000002,3.832725000000002e-05,2.1549999999999938e-06,8.518499999999999e-05,3.477403125e-05,8.004028125e-05,-9.259437500000001e-05
2026-01-11 00:00:00+00:00,1.528020000000002e-05,6.25202e-05,-6.7439e-05,-0.00010438899999999999,5.2325000000000005e-05,3.0105e-05,0.00011871999999999999,5.173999999999999e-05,2.881999999999999e-05,5.1890000000000006e-05,4.1642850000000004e-05,5.285285e-05,,,-8.403665000000001e-05,3.698335e-05,0.00020799804999999997,5.915804999999999e-05,3.9163806249999995e-05,3.0107556249999995e-05,-3.535612500000008e-06
2026-01-12 00:00:00+00:00,0.00020313965,0.00021471965,-0.00013652065,-0.00017650564999999998,6.67731e-05,4.960309999999999e-05,0.00011631045,8.379045e-05,2.9763199999999993e-05,1.6938200000000007e-05,2.5229999999998994e-07,2.706729999999998e-05,,,0.00022875790000000001,1.0407900000000008e-05,-1.2724699999999985e-05,-1.2769700000000006e-05,6.196890624999998e-05,2.665640625e-05,-0.00024961665625
2026-01-13 00:00:00+00:00,0.00011489984999999999,3.036984999999998e-05,4.047694999999999e-05,-9.123050000000011e-06,5.722374999999999e-05,6.825375e-05,0.00013476,0.00012802,4.054309999999999e-05,6.809310000000001e-05,9.573534999999997e-05,0.00014297534999999998,,,0.0004204053,7.89703e-05,-0.00012925165000000002,-4.242665e-05,9.684908124999998e-05,5.814158125e-05,-0.00030897012500000003
2026-01-14 00:00:00+00:00,3.0025e-05,0.000182275,-1.8122049999999983e-05,1.3022949999999999e-05,2.6828299999999995e-05,7.883000000000006e-07,6.4565e-05,4.973e-05,5.6848150000000006e-05,9.691315000000001e-05,3.471085e-05,0.00011806085,,,1.1059199999999992e-05,2.4329199999999997e-05,3.430500000000001e-05,4.473000000000001e-05,3.0027431250000004e-05,6.623118125e-05,-0.000336682
2026-01-15 00:00:00+00:00,0.0,4.0579999999999994e-05,0.0,0.0,8.183930000000001e-05,-2.3495699999999986e-05,5.574999999999996e-06,0.0,5.365450000000032e-06,4.760450000000029e-06,0.0,0.0,,,-1.0576950000000016e-05,0.00013776305,-3.1224549999999996e-05,-1.3499549999999993e-05,6.372281250000004e-06,1.8263531250000006e-05,-0.0006682906250000001
2026-01-16 00:00:00+00:00,0.0001338983,0.0001111633,1.1176999999999963e-06,9.62477e-05,0.00013546,0.00015508,0.00012067000000000001,0.00016274,7.131e-05,9.942e-05,7.2955999999999975e-06,7.60056e-05,,,0.0001226828,0.0001285928,0.00010159,0.000242125,8.675305e-05,0.0001339218,-0.0005632363250000001
2026-01-17 00:00:00+00:00,9.199000000000002e-05,0.00026918,0.0001498973,7.38873e-05,6.414e-05,0.000141185,0.000154515,0.00010509499999999998,0.000101955,5.219e-05,0.0001594744,0.0002472844,,,3.2372950000000007e-05,-5.523705e-05,0.000173095,0.00016695,0.00011592995625000002,0.00012506683125,-0.00013440978750000002
2026-01-18 00:00:00+00:00,2.5295000000000008e-05,5.263000000000001e-05,7.33679e-05,-2.6120999999999906e-06,0.00012097500000000001,0.000104215,0.000183005,0.00010634000000000002,3.7665000000000006e-05,0.000107675,1.7649999999999992e-05,4.76e-06,,,-6.893875000000001e-05,-0.00012518375,6.933e-05,7.280000000000001e-05,5.729364375e-05,4.007801875000001e-05,-0.00025771890625000005
2026-01-19 00:00:00+00:00,0.00012083499999999999,0.00013962,-3.8112549999999995e-05,-0.00012227255,5.155e-05,0.00011483,0.00014003,5.9935e-05,0.000112055,8.972500000000001e-05,0.00011918054999999999,0.00013164554999999997,,,-0.00011287915,-0.00012246915000000002,0.000204735,0.00015248,7.467423125e-05,5.5436731249999994e-05,-0.00016404284375
2026-01-20 00:00:00+00:00,-1.147579999999998e-05,-4.840079999999999e-05,-3.256084999999998e-05,-0.00018412585,7.140025e-05,0.00011967524999999999,0.00014749725,0.00014211225000000001,0.00011254075,0.00015258075,6.49098e-05,1.6334799999999998e-05,,,2.2317400000000008e-05,8.47424e-05,-4.859445000000001e-05,5.285550000000003e-06,4.075429375000001e-05,3.602554375e-05,-0.0001430234875
2026-01-21 00:00:00+00:00,8.002725e-05,0.00022813224999999998,-0.00019202889999999997,-0.0002522789,-0.00021868594999999998,-0.00010946595000000001,-1.858075e-05,4.631425e-05,-2.1548000000000132e-06,9.79452e-05,2.6167500000000003e-05,1.0922499999999989e-05,,,-7.40489e-05,-0.0001044139,-1.5102099999999997e-05,-8.70171e-05,-5.180083125e-05,-2.1232706250000006e-05,-0.0002680596125
2026-01-22 00:00:00+00:00,2.180939999999999e-05,4.5894400000000006e-05,-1.6386849999999977e-05,-0.00013372685,-6.93622e-05,-1.4677199999999997e-05,7.766390000000001e-05,8.978890000000001e-05,9.619555e-05,5.070555e-05,0.00010409759999999999,6.504259999999999e-05,,,6.902875e-05,5.504875000000001e-05,0.00016067999999999999,8.9925e-05,5.546576875e-05,3.100014375e-05,-0.00020390321875000004
2026-01-23 00:00:00+00:00,0.00014263795,0.00014465795,8.42939e-05,-1.8461000000000057e-06,-0.00010048495000000001,-4.0104950000000006e-05,6.164215e-05,5.633715000000001e-05,0.0001036779,3.441290000000001e-05,4.159319999999999e-05,2.9281999999999955e-06,,,5.1177949999999987e-05,0.00018803795,5.009880000000001e-05,4.3273800000000006e-05,5.432961249999999e-05,5.3462112499999995e-05,-5.29583875e-05
2026-01-24 00:00:00+00:00,0.00012239185,0.00022615185,-0.00022619135,-0.00024174635000000002,-0.00017311575,-0.00011721075,5.4248850000000005e-05,5.020885e-05,-5.910754999999999e-05,-3.770255e-05,7.486654999999998e-05,2.5165499999999865e-06,,,9.067024999999999e-05,-5.040974999999999e-05,-0.00015341600000000002,-0.00018188600000000003,-3.370664375000001e-05,-4.3759768750000004e-05,-5.5974637500000004e-05
2026-01-25 00:00:00+00:00,-3.57873e-05,-0.0001056773,-7.207270000000002e-05,-0.0001559727,-9.273020000000002e-05,7.979799999999998e-06,-1.2962750000000004e-05,-2.6042749999999997e-05,-6.89771e-05,-5.08521e-05,8.421085e-05,1.4945849999999997e-05,,,-0.00024772929999999997,-0.0002219793,-0.00014120924999999997,-0.00015470425,-7.340721874999999e-05,-8.653784374999999e-05,-0.00013525231250000004
2026-01-26 00:00:00+00:00,3.224195e-05,0.00010524194999999999,2.4582949999999998e-05,-3.0417049999999997e-05,-1.0170449999999995e-05,3.302455e-05,-0.0001740311,-0.00012957610000000001,-0.0001220158,-7.54358e-05,2.235150000000005e-06,-6.934985e-05,,,-0.00031014395000000003,-0.00032599895,-0.00014659635,-0.00019044635,-8.79872e-05,-8.536970000000001e-05,-0.00016406073125000003
2026-01-27 00:00:00+00:00,3.7392799999999985e-05,0.00015380779999999997,-4.0641000000000006e-05,-5.958599999999999e-05,1.353105000000001e-05,3.6356050000000006e-05,-0.00014335095,-0.00012305095,6.302225000000001e-05,-5.807749999999996e-06,-0.00013692335,-0.00014462334999999998,,,-0.00021217305,-0.00031248305,9.269884999999999e-05,8.365885e-05,-4.0805424999999996e-05,-4.646605e-05,-0.00017807750000000002
2026-01-28 00:00:00+00:00,0.00010191195000000002,8.783695000000002e-05,-5.250000000000004e-06,-2.4679999999999984e-05,4.0339199999999995e-05,0.00012055419999999998,-0.00010413905,-9.816904999999998e-05,1.8321150000000003e-05,6.628614999999999e-05,-1.1006999999999902e-06,0.0001019193,,,-0.00026359660000000004,-0.00014501160000000003,2.1335499999999916e-06,8.297354999999999e-05,-2.64225625e-05,2.3963687499999998e-05,-0.0003446898125
2026-01-29 00:00:00+00:00,2.0102350000000002e-05,-1.1026499999999714e-06,-0.0001236641,-6.704910000000001e-05,6.423245000000001e-05,5.734744999999999e-05,-0.00011879285000000002,-9.360784999999999e-05,3.332345000000001e-05,5.5393449999999994e-05,5.996395000000002e-05,0.00010082395,,,0.0001324351,-9.072990000000001e-05,4.7595500000000085e-06,9.407455e-05,9.044987500000005e-06,6.893737500000001e-06,-0.00025248170625000003
2026-01-30 00:00:00+00:00,0.00011716845,0.00016891345,-0.00013039190000000003,-0.00019143690000000005,4.7952249999999995e-05,0.00011716224999999999,-0.00017388524999999998,-0.00013678024999999998,0.00010774230000000001,9.33323e-05,9.077735e-05,9.425235e-05,,,-0.00015514415000000001,-0.00029203915,-7.199649999999999e-05,-9.377149999999997e-05,-2.0972181250000003e-05,-3.0045931250000007e-05,-0.00019509960625000003
2026-01-31 00:00:00+00:00,4.5929650000000005e-05,0.00011971465000000003,0.00017071694999999998,7.302195e-05,2.994635e-05,0.00012472634999999998,-6.408900000000005e-06,-1.8143900000000014e-05,6.0343750000000006e-05,0.00012526875,-1.23325000000001e-06,8.849675e-05,,,-0.00020784474999999998,-0.00027231475,0.00010150990000000003,0.00010760489999999998,2.41199625e-05,4.3546837499999994e-05,-0.00017374045625000002
2026-02-01 00:00:00+00:00,6.509915e-05,7.843915e-05,2.063815000000001e-05,-2.3766850000000018e-05,3.241999999999999e-05,5.144499999999999e-05,-0.00010326574999999999,-0.00010883074999999998,1.8746549999999998e-05,1.6386549999999993e-05,-5.46037e-05,-3.55187e-05,,,-0.000328961,-0.000361821,-0.00020329990000000003,-0.00021373490000000007,-6.915331249999999e-05,-7.467518750000002e-05,-0.0002358400625
2026-02-02 00:00:00+00:00,-5.440379999999999e-05,-7.84588e-05,-2.429529999999997e-05,-0.00012687529999999995,0.00010268985,0.00010725484999999999,9.018000000000287e-07,-8.738320000000001e-05,-0.00016348319999999998,-0.0002187832,-5.3841900000000004e-05,-4.4381899999999996e-05,,,-0.0001275693,-0.0002003043,8.142259999999993e-05,-0.00016928739999999995,-2.9822406250000003e-05,-0.00010227740624999999,-0.00015943583125000002
2026-02-03 00:00:00+00:00,-0.00014477455,-0.00014593954999999998,-0.00010549795,-0.00015915795000000002,-8.231174999999999e-05,-0.00014165174999999997,-3.8605350000000005e-05,-9.948535000000002e-05,-0.00015227669999999998,-0.0002706417,-3.356295e-05,-4.836795e-05,,,-0.00018423369999999998,-0.0002847487,-0.00023749305,-0.00031958805,-0.0001223445,-0.000183697625,-1.6302375000000007e-05
2026-02-04 00:00:00+00:00,-0.0002843519,-0.0002594669,-4.501425e-05,-6.0764249999999946e-05,5.325200000000002e-06,2.2320200000000007e-05,-1.9763350000000025e-05,4.431649999999984e-06,-8.138695e-05,-0.00010641694999999998,-8.848609999999999e-05,-5.71711e-05,,,-0.0003064097,-0.0002485497,-0.0001892116,-0.0002092866,-0.00012616233125,-0.00011436295625,-0.0002180355625
2026-02-05 00:00:00+00:00,-6.939309999999998e-05,-3.0518099999999995e-05,0.0001360251,4.661010000000001e-05,9.659759999999998e-05,6.984759999999998e-05,9.156635e-05,2.3616349999999996e-05,0.00015131670000000002,3.194170000000003e-05,1.2795249999999997e-05,-3.644750000000007e-06,,,2.5145e-05,-1.0494999999999997e-05,0.00016768519999999995,0.00025019020000000003,7.646726249999999e-05,4.7193512500000006e-05,-0.00045061386875000004
2026-02-06 00:00:00+00:00,-0.00012105835,-0.00014714335,0.00013171225,-2.317275000000002e-05,0.00012291005,9.908505000000001e-05,0.00010875515000000001,2.5005150000000012e-05,0.00010118695,-2.494305000000002e-05,1.79548e-05,3.79798e-05,,,0.0001172706,-1.0844399999999977e-05,-0.00013004305,-0.00025626805,4.3586049999999996e-05,-3.75377e-05,-0.00016947417500000003
2026-02-07 00:00:00+00:00,-7.26464e-05,-0.0001189014,0.0002543626,7.68176e-05,-4.9375849999999986e-05,-0.00014696585,0.0001055826,-7.91324e-05,0.00014263770000000003,-3.77873e-05,0.00016676900000000002,0.000149229,,,6.75318e-05,0.0001074518,-0.0004799047999999999,-0.0008156597999999998,1.6869581250000026e-05,-0.00010811854374999998,-5.309369375000002e-05
2026-02-08 00:00:00+00:00,-5.235835000000001e-05,-1.6938350000000004e-05,0.00020970210000000004,7.36571e-05,-7.611679999999999e-05,-0.00019529680000000002,-6.45184e-05,-5.45534e-05,-9.29981e-05,-9.80481e-05,9.147349999999999e-05,0.00021906349999999998,,,-2.1265449999999985e-05,0.00010180455,-3.797795000000005e-05,-0.0004381679500000001,-5.507431249999997e-06,-5.105993125000002e-05,-7.497185e-05
2026-02-09 00:00:00+00:00,-3.73863e-05,-1.5381300000000008e-05,0.00019590765000000002,5.465764999999999e-05,2.5687100000000003e-05,-8.977900000000003e-06,-4.885590000000001e-05,-0.0001005809,-1.820615000000001e-05,8.518849999999985e-06,0.00012507575,0.00017062575,,,8.54948e-05,-1.1410199999999996e-05,2.9079399999999985e-05,-0.00020005560000000002,4.459954375e-05,-1.2825456250000003e-05,-0.00035085571250000004
2026-02-10 00:00:00+00:00,6.51145e-05,-1.0700500000000005e-05,0.00018605479999999998,7.42398e-05,2.7331800000000005e-05,2.04518e-05,-1.624114999999999e-05,-7.247615e-05,8.74247e-05,6.072970000000001e-05,9.254875000000002e-05,6.116875000000002e-05,,,-0.00012230240000000002,-8.500240000000001e-05,-0.00013214445,-0.00012427445,2.3473318749999997e-05,-9.48293125e-06,-0.00025390421875
2026-02-11 00:00:00+00:00,-0.00012571025,-4.0900249999999995e-05,0.0001584571,-1.7278999999999992e-06,0.00015370420000000002,6.19742e-05,-7.224869999999997e-05,-9.330869999999999e-05,0.00029392565,0.00011536564999999998,0.0001023678,5.412799999999994e-06,,,-7.236625000000001e-05,-6.909625000000001e-05,6.611574999999998e-05,-9.804425000000003e-05,6.303066250000001e-05,-1.5040587500000006e-05,-0.00010428401875000001
2026-02-12 00:00:00+00:00,-0.00013543415,-0.00014132915,0.00024483634999999997,6.938635e-05,5.8089e-05,6.4269e-05,-1.18708e-05,-2.3120800000000007e-05,0.00021033695,0.00010718695,0.00013862905,9.448904999999999e-05,,,-0.00010492795,-7.344294999999999e-05,-0.00010426459999999998,-0.00015665459999999998,3.692423125e-05,-7.402018750000004e-06,-0.00016737711875
2026-02-13 00:00:00+00:00,-5.085404999999999e-05,-0.00010520405000000001,0.000263475,7.3735e-05,5.821950000000003e-06,-8.277305e-05,-7.787000000000026e-07,4.7886299999999996e-05,9.852435e-05,2.554435000000001e-05,5.6372499999999996e-05,2.5572500000000003e-05,,,-0.0001554141,-0.0002086541,1.1675400000000012e-05,-8.27346e-05,2.860279375e-05,-3.832845625e-05,-0.00012951249999999998
2026-02-14 00:00:00+00:00,-0.00011742365000000001,-3.6638649999999995e-05,0.000155065,9.602e-05,4.68176e-05,3.8562599999999996e-05,-2.776999999999945e-07,6.019229999999999e-05,0.00014511230000000002,8.280230000000002e-05,1.2957349999999995e-05,4.157235e-05,,,-0.00029494035,-0.00029358034999999995,-1.04758e-05,-6.80358e-05,-7.895656249999998e-06,-9.888156249999991e-06,-0.00013382036875
2026-02-15 00:00:00+00:00,5.472500000000001e-05,0.00011860500000000001,7.638999999999999e-05,0.0,0.0001372296,0.00011559459999999999,4.540935e-05,4.381935e-05,8.06929e-05,8.67729e-05,5.487994999999999e-05,8.469495e-05,,,4.6849999999999994e-05,8.3055e-05,-0.00014955535,-0.00016229535000000003,4.332768125e-05,4.628080624999999e-05,-0.00010069348125
2026-02-16 00:00:00+00:00,2.4517649999999997e-05,-3.2307350000000005e-05,0.00011344999999999998,9.811499999999999e-05,0.0001053793,5.345429999999999e-05,3.6567500000000005e-05,6.145750000000001e-05,4.013585000000001e-05,-5.4894150000000004e-05,0.0001407256,0.0001098206,,,0.00020536585,0.00012142584999999999,-0.0002903915,-0.00038304150000000004,4.6968781250000004e-05,-3.2462187500000093e-06,-0.00010484065625
2026-02-17 00:00:00+00:00,-9.970905000000001e-05,9.89595e-06,0.0002342636,0.00014687859999999996,9.048590000000001e-05,2.3270899999999998e-05,8.225265000000002e-05,0.00016571265000000002,0.0001487229,9.26829e-05,7.882255e-05,0.00010671255000000002,,,0.00017186649999999996,0.00024296649999999999,-0.00016258180000000002,-0.00014481180000000004,6.801540625e-05,8.041353125e-05,-9.236863750000001e-05
2026-02-18 00:00:00+00:00,7.218115e-05,1.1756149999999998e-05,8.603420000000001e-05,3.18342e-05,2.0581599999999993e-05,6.932659999999998e-05,0.00015615855,0.00010069355,0.00010233085000000001,0.00011926085000000001,4.7439200000000025e-05,2.5704200000000014e-05,,,-1.208685e-05,-0.00010578685,-5.053299999999987e-06,-0.0001049383,5.844817500000001e-05,1.8481300000000002e-05,-0.0002548592875
2026-02-19 00:00:00+00:00,5.125969999999999e-05,-2.510300000000004e-06,9.785020000000001e-05,4.8730199999999996e-05,5.35384e-05,7.639340000000001e-05,0.0002323026,0.00019751760000000001,0.0001181744,7.213439999999998e-05,0.0001323593,9.281929999999999e-05,,,-0.00030245734999999996,-0.00020274235,7.254399999999973e-06,-4.809560000000002e-05,4.878520625e-05,2.9280831250000007e-05,-6.641784375e-05
2026-02-20 00:00:00+00:00,-8.640095e-05,-0.00017603095,0.0003585243,0.0003009843,0.00014545115,0.00010088115,0.0001252556,0.0001325556,0.00019595695,0.00012158195,0.0001897015,0.0001991265,,,-0.0007192324499999999,-0.00112627745,-6.71198e-05,-7.45848e-05,1.776703750000002e-05,-6.522046249999998e-05,1.0634624999999881e-06
2026-02-21 00:00:00+00:00,5.0794200000000016e-05,4.173919999999997e-05,6.8445e-05,3.5664999999999985e-05,8.421405e-05,-2.308095000000001e-05,9.994775000000001e-05,3.914775000000001e-05,0.00015305509999999998,8.229010000000001e-05,6.801100000000001e-05,2.6986e-05,,,0.0007276116499999996,0.00010842164999999973,4.467445e-05,1.5119450000000005e-05,0.00016209414999999994,4.078602499999997e-05,-0.00013502073125000005
2026-02-22 00:00:00+00:00,-9.892400000000009e-06,2.2447599999999995e-05,-1.851185e-05,-1.851185e-05,-7.72873e-05,-0.0001676473,0.00012647049999999998,9.50905e-05,2.8576499999999993e-05,-2.208350000000001e-05,5.4510000000000005e-05,1.5844999999999985e-05,,,-0.00010601389999999996,-0.00014639389999999996,-1.2111550000000004e-05,-0.00017086155000000001,-1.7825000000000003e-06,-4.901437500000001e-05,-0.0003104320937500001
2026-02-23 00:00:00+00:00,-0.00025853355,-0.00014589355,0.00029762825,0.00028046825,-1.13389e-05,2.4361100000000003e-05,0.00016354255,2.7457549999999996e-05,9.759875e-05,9.908375e-05,0.00017620485,0.00020495985000000002,,,0.00038816335,-0.00011555665000000005,-9.075270000000001e-05,-3.901770000000001e-05,9.531407499999999e-05,4.1982824999999996e-05,-0.00029772241875
2026-02-24 00:00:00+00:00,-0.0002364053,-0.00017008530000000002,0.0002772669,0.0001870819,4.9148500000000006e-05,7.33785e-05,5.4243649999999994e-05,2.1488649999999996e-05,0.00019423030000000004,0.00011846529999999999,0.0001008625,0.00011249750000000001,,,-0.00037102565000000004,-0.00046025565,4.216799999999996e-05,-5.652000000000016e-06,1.3811112499999998e-05,-1.5385137500000005e-05,-6.798777500000002e-05
2026-02-25 00:00:00+00:00,-0.0003007706,-0.0001387656,0.00016219215,8.726214999999999e-05,6.844019999999999e-05,0.0001441402,6.52729e-05,6.23379e-05,0.00012749955,0.00017967454999999997,6.626305e-05,0.00015444805,,,-0.0005014282999999999,-0.00038760330000000003,1.4173250000000004e-05,3.272325e-05,-3.7294724999999996e-05,1.677714999999999e-05,-1.1509156250000027e-05
2026-02-26 00:00:00+00:00,7.633615e-05,8.392115e-05,0.00011887605000000002,6.795105e-05,1.8033149999999995e-05,-5.951185e-05,3.972494999999999e-05,-9.000050000000002e-06,7.14199e-05,1.8709899999999992e-05,6.97239e-05,5.683389999999999e-05,,,-9.993375e-05,-9.723375e-05,-9.792905e-05,-0.00013175905,2.4531412500000005e-05,-8.7610875e-06,-0.00026226202500000004
2026-02-27 00:00:00+00:00,-8.21751e-05,-7.16010000000001e-06,4.574000000000001e-05,4.3185e-05,6.74548e-05,-1.6195199999999994e-05,-4.721685e-05,-7.873185e-05,5.2735800000000004e-05,-4.411919999999999e-05,6.007999999999999e-05,6.548e-05,,,-0.00024032160000000003,-9.379660000000001e-05,-5.000650000000001e-05,-0.0001239615,-2.4213681250000005e-05,-3.191243125e-05,-9.788561875000001e-05
2026-02-28 00:00:00+00:00,-4.62953e-05,-5.6440299999999996e-05,7.26627e-05,6.51927e-05,0.00010947330000000001,4.4843300000000005e-05,-6.403984999999999e-05,-0.00012863985,9.455279999999999e-05,3.0247799999999995e-05,9.607499999999999e-05,0.00011237000000000001,,,-9.381114999999998e-05,-5.943115e-05,0.00014374685,7.832184999999999e-05,3.904554375e-05,1.0808043749999999e-05,-9.853788125e-05
2026-03-01 00:00:00+00:00,3.593730000000002e-05,0.00010096230000000001,7.79609e-05,5.7945900000000004e-05,-9.256235e-05,-7.172235e-05,-3.820905000000002e-05,-0.00010359905000000001,0.00013995204999999998,9.738205e-05,0.000180195,0.000224485,,,4.385969999999998e-05,1.5469999999997644e-07,1.7641499999999977e-05,-5.994350000000001e-05,4.559688125e-05,3.070813124999999e-05,-9.237920625000001e-05
2026-03-02 00:00:00+00:00,-4.743905000000001e-05,-7.667905000000002e-05,-7.722850000000027e-06,-2.0482850000000007e-05,-3.4456e-05,-9.274599999999998e-05,-2.1911999999999978e-06,-8.627620000000001e-05,9.055095e-05,8.07094999999999e-06,4.0306e-05,4.906599999999999e-05,,,-0.0002570653,-0.0002556053,-0.0001711625,-0.00018647749999999998,-4.864749375e-05,-8.264124375e-05,-0.00019514237500000003
2026-03-03 00:00:00+00:00,0.00014632655,-0.00010877845,6.521445e-05,1.801944999999999e-05,-2.84705e-05,-8.00505e-05,-0.0001704789,-0.00016602390000000001,0.0002034126,7.95676e-05,5.603309999999999e-05,1.164309999999998e-05,,,4.754625e-05,-0.00012004875,4.550705e-05,-9.862950000000002e-06,4.5636325e-05,-4.694180000000001e-05,-0.00021834255625000003
2026-03-04 00:00:00+00:00,-3.73217e-05,-0.0001655417,0.00019252229999999998,0.0001360873,5.6731349999999993e-05,5.161635e-05,-0.00023622774999999997,-0.00027374775,0.00012658315000000001,6.934815e-05,7.49169e-05,5.8531899999999994e-05,,,9.17868e-05,-5.9682000000000016e-06,4.31126e-05,-1.94374e-05,3.901295624999999e-05,-1.863891875e-05,-1.8706481250000005e-05
2026-03-05 00:00:00+00:00,0.00031626385,-4.810114999999999e-05,3.325999999999843e-07,2.296260000000001e-05,-0.00011120385,-0.00012837885,2.228699999999983e-06,-6.54063e-05,8.104595e-05,2.1910950000000007e-05,0.00010150060000000002,6.35056e-05,,,7.328640000000002e-05,-6.860859999999999e-05,-3.567495e-05,-8.120995e-05,5.3472412500000004e-05,-3.54157125e-05,-0.00017924620625000003
2026-03-06 00:00:00+00:00,-8.5677e-06,-4.717270000000001e-05,8.365049999999992e-06,1.3230049999999999e-05,-4.706185e-05,6.720315000000001e-05,-0.0001213585,-5.4508499999999995e-05,0.0001229068,0.0001045018,0.00013090244999999998,0.00015978245,,,-0.0001324388,-0.0001531488,3.84776e-05,0.00010560260000000002,-1.0968687500000017e-06,2.443625625e-05,-0.00019697039375
2026-03-07 00:00:00+00:00,4.112099999999994e-06,5.881709999999999e-05,5.440429999999998e-05,2.9054300000000004e-05,0.0001269953,0.00011349530000000002,-7.606635e-05,-5.9576350000000025e-05,8.949855000000001e-05,2.726355e-05,0.00014502365000000002,0.00014712364999999999,,,-0.00038631025,-0.00031095525,-5.7356799999999986e-05,-2.1267999999999895e-06,-1.2462437499999994e-05,3.8693749999999866e-07,-0.0001754284625
2026-03-08 00:00:00+00:00,-5.31097e-05,-8.21497e-05,-2.76208e-05,-3.840800000000005e-06,6.117850000000001e-05,0.0001142135,-7.413285e-05,-8.625284999999999e-05,-1.2178949999999998e-05,-2.5028950000000007e-05,0.00015140795,0.00013673295,,,-0.00020606509999999997,-0.00020511009999999997,-0.00010539135,-6.816635e-05,-3.32390375e-05,-2.7450287499999996e-05,-0.00030681494375
2026-03-09 00:00:00+00:00,-8.90372e-05,1.5067799999999998e-05,0.00016280515000000002,0.00020473014999999997,7.125099999999999e-05,8.4886e-05,-7.098204999999998e-05,-0.00013779705,-0.00010460735000000001,-0.00012722235000000003,0.00010667004999999998,0.00011618505,,,0.00017115965,0.00012980465000000002,-4.2918350000000036e-05,-8.399335e-05,2.5542612499999992e-05,2.5207612499999996e-05,-0.000271240175
2026-03-10 00:00:00+00:00,-1.3381499999999995e-05,-4.35865e-05,0.00012376085,9.372085000000002e-05,4.0040800000000005e-05,2.5640799999999993e-05,4.4941600000000004e-05,-9.133840000000001e-05,0.00011948355,3.6113550000000016e-05,9.804085000000001e-05,0.00020537585,,,-0.00016952175,5.095825000000002e-05,7.430175e-05,7.400675e-05,3.9708268750000004e-05,4.3861393750000005e-05,-0.00028459143750000004
2026-03-11 00:00:00+00:00,-0.00020877849999999997,-0.00022994849999999998,0.0,0.0,-7.683195e-05,-8.731194999999999e-05,6.75008e-05,-7.16542e-05,4.720325000000001e-05,1.6608250000000015e-05,3.174489999999999e-05,9.54149e-05,,,-0.00010157424999999998,9.490575e-05,-1.711685000000001e-05,-7.56685e-06,-3.223157499999999e-05,-2.3694074999999992e-05,-0.00020056080000000002
2026-03-12 00:00:00+00:00,-0.0001205419,-7.44519e-05,4.742499999999999e-05,2.2579999999999994e-05,-1.9170150000000008e-05,-3.572015e-05,1.5089000000000007e-05,9.7504e-05,-1.85966e-05,-5.12666e-05,7.718690000000001e-05,9.20469e-05,,,-3.269439999999999e-05,0.00011640559999999998,-4.6095899999999993e-05,-8.44309e-05,-1.217475625e-05,1.0333368749999996e-05,-0.0003697105875
2026-03-13 00:00:00+00:00,-0.0001191143,0.0001224657,0.00014750465,9.574464999999999e-05,-4.972904999999999e-05,-7.411904999999999e-05,0.00011980625,4.144625e-05,8.031999999999998e-07,-4.3321799999999996e-05,-5.812050000000002e-06,3.000295e-05,,,-4.0390050000000015e-05,2.308994999999997e-05,-4.5335049999999996e-05,-0.00012348005,9.666999999999987e-07,8.978575e-06,-0.000248238125
2026-03-14 00:00:00+00:00,-6.993299999999995e-06,-2.2018300000000012e-05,1.5600499999999997e-05,1.0715500000000015e-05,0.00010841245000000002,0.00010852245,3.763170000000001e-05,-7.703299999999994e-06,5.327045e-05,1.2895450000000002e-05,-6.611199999999983e-06,7.493800000000004e-06,,,-1.4168849999999997e-05,-0.00015172885,-9.535335000000003e-05,-0.00010414835000000002,1.1473550000000006e-05,-1.824645e-05,-0.0003421243625
2026-03-15 00:00:00+00:00,-4.09202e-05,3.0148000000000033e-06,0.00010645465,7.837965e-05,-3.745800000000001e-06,4.180919999999999e-05,-3.3344999999999313e-07,0.00012511655,7.93333e-05,9.28983e-05,4.0090649999999995e-05,0.00011271065000000001,,,-0.00045465485,-0.00057166985,-0.00019190075000000004,-1.0335749999999981e-05,-5.8209556250000005e-05,-1.6009556249999995e-05,-0.00033867822500000005
2026-03-16 00:00:00+00:00,2.5042199999999992e-05,-6.445780000000001e-05,0.000130735,0.00014239,2.7822749999999997e-05,6.6427500000000034e-06,0.0001813349,0.00025388989999999996,0.00010328,8.021e-05,2.8184999999999995e-05,4.7535e-05,,,-0.00021353730000000002,-0.00042050729999999997,2.200699999999999e-05,-6.726800000000001e-05,3.8108693749999994e-05,-2.695681250000004e-06,-0.00020670285000000003
2026-03-17 00:00:00+00:00,5.8393799999999996e-05,9.002880000000003e-05,2.2179800000000004e-05,2.1199800000000017e-05,1.3414999999999974e-06,3.38715e-05,4.991499999999999e-05,2.285e-05,-0.00012474140000000002,-0.0001086914,4.031080000000001e-05,8.55658e-05,,,-0.0001537663,-0.0002330163,-0.00011615194999999999,-0.00012575195,-2.781484375e-05,-2.674296874999999e-05,-0.00021137259375
2026-03-18 00:00:00+00:00,3.1524500000000167e-06,9.917450000000013e-06,0.00019630020000000001,0.0001420052,6.05159e-05,-6.404100000000003e-06,4.0446100000000006e-05,0.0001215711,-6.173875e-05,-8.908875e-05,5.332575e-05,5.953074999999999e-05,,,-0.00013722685,-8.011185e-05,-0.0001207338,-3.1338800000000006e-05,4.255125000000006e-06,1.5760124999999997e-05,-0.00040107856875
2026-03-19 00:00:00+00:00,0.0001178381,9.43131e-05,0.00018495089999999995,0.00011622089999999999,5.941050000000001e-05,2.60705e-05,-9.09173e-05,-7.04123e-05,8.798180000000001e-05,0.00013869179999999998,0.00016867435,5.2214350000000016e-05,,,-7.107505e-05,-0.00016332505,-9.084685e-05,-2.8461849999999972e-05,4.575205625e-05,2.0663931250000004e-05,-0.00022316814375000004
2026-03-20 00:00:00+00:00,-0.00018130225,-6.274225000000001e-05,0.00013234539999999997,7.165539999999999e-05,-2.7047299999999994e-05,-6.072229999999999e-05,-1.4886499999999982e-06,-6.421365e-05,2.3916500000000006e-06,-2.7418349999999998e-05,0.0001991835,0.0001570485,,,-0.00034635044999999987,-0.0003216054499999999,-1.893965e-05,7.015535000000002e-05,-3.0150968749999986e-05,-2.9730343749999983e-05,-0.00021584843125000005
2026-03-21 00:00:00+00:00,-6.06482e-05,-0.00012406319999999998,8.977525e-05,0.00014257025000000002,9.63078e-05,4.807780000000001e-05,4.163484999999999e-05,3.977984999999999e-05,0.0001246435,5.5143500000000005e-05,0.0001626897,0.0001178947,,,-0.0001432748,-8.42798e-05,-8.963335e-05,-7.953835e-05,2.768684375000001e-05,1.4448093750000006e-05,-0.00023439781875000002
2026-03-22 00:00:00+00:00,0.00011014615000000001,-1.91384999999999e-06,0.00010190999999999999,0.000138725,2.2094499999999997e-05,-1.6510500000000004e-05,0.00011043824999999999,5.200325e-05,-2.4815450000000003e-05,-3.0415450000000004e-05,0.0001143734,0.00016929840000000002,,,-0.00011622275,-0.00035038775,-2.562624999999999e-05,-0.00012594625,3.653723125000001e-05,-2.064339375e-05,-0.00027414304375
2026-03-23 00:00:00+00:00,6.829824999999999e-05,-3.913674999999999e-05,-2.1655700000000003e-05,-9.52257e-05,-9.116624999999998e-05,-5.7966249999999984e-05,-3.4699050000000004e-05,-6.955405000000001e-05,-6.483765e-05,-0.00011894264999999998,0.00014924,0.0001309,,,-0.00013982245000000002,-0.00026748245000000003,-0.0001427351,-0.0001549651,-3.467224375e-05,-8.404661875e-05,-0.00021824860000000003
2026-03-24 00:00:00+00:00,-2.877469999999999e-05,0.0001459253,8.491089999999998e-05,0.00021133589999999995,3.40454e-05,-7.2646000000000016e-06,0.00011363615,3.062115e-05,-1.6546999999999996e-05,-3.5402e-05,2.7495000000000004e-05,0.000153955,,,-0.00022412660000000004,-0.00020460660000000001,-0.00012763785,-0.00011992784999999998,-1.7124837500000002e-05,2.182953749999999e-05,-0.00031916231250000006
2026-03-25 00:00:00+00:00,-0.00017459755,-0.00021041754999999999,7.2405e-05,5.748999999999999e-05,1.8647849999999995e-05,1.855285e-05,2.2786550000000003e-05,-2.1493449999999997e-05,4.388140000000001e-05,1.2011400000000012e-05,0.00011987015,0.00010757515000000001,,,1.3691450000000047e-05,-0.00029585855,-4.16241e-05,-9.274910000000001e-05,9.382593750000007e-06,-5.311115624999999e-05,-0.00038835585
2026-03-26 00:00:00+00:00,-9.870559999999999e-05,-7.500060000000001e-05,0.0,0.0,9.162695000000003e-05,5.476195000000002e-05,1.7264799999999994e-05,-3.751999999999941e-07,0.00013704865,4.592865000000001e-05,3.8489049999999994e-05,5.5069049999999974e-05,,,-1.859415000000001e-05,-0.00013860914999999998,-2.3455050000000012e-05,-8.137005e-05,1.7959331250000003e-05,-1.744941875e-05,-0.00037469631875
2026-03-27 00:00:00+00:00,-0.00030782650000000004,-3.2361500000000005e-05,4.989645000000001e-05,-3.2763549999999996e-05,6.92872e-05,7.33472e-05,4.0621449999999994e-05,7.255645e-05,-3.8338999999999964e-06,-4.4439e-06,7.599315e-05,4.3358150000000004e-05,,,-0.00012021984999999993,-0.0002851298499999999,-0.00012436550000000001,-9.185050000000002e-05,-4.00559375e-05,-3.2160937499999985e-05,-0.00032226516875
2026-03-28 00:00:00+00:00,-0.00011416324999999999,-0.00012032325,0.00017137090000000002,0.0001477609,0.00016764535,0.00010585535,9.041494999999999e-05,-3.6900050000000006e-05,6.124555000000001e-05,2.393555000000001e-05,0.00017947064999999997,0.00011741564999999999,,,-0.00026580015,-0.00032273015,-9.457009999999996e-05,-0.00027631009999999997,2.4451737500000008e-05,-4.51620125e-05,-0.00017169863125000002
2026-03-29 00:00:00+00:00,5.993425000000004e-05,-0.00019457075000000001,0.00021495879999999999,0.00015429879999999998,0.00022484035,0.00013924035,6.077649999999998e-05,3.956649999999999e-05,0.00015227650000000003,6.314149999999999e-05,0.00010891889999999997,0.00011423389999999998,,,-8.767935000000001e-05,-0.00039568435,4.378870000000006e-05,-0.00013617629999999997,9.722683125e-05,-2.699379375e-05,-3.449500000000042e-07
2026-03-30 00:00:00+00:00,-0.00030404995000000003,-0.00016905495,8.337614999999999e-05,0.00015337615,0.00010517409999999999,0.0001120191,-4.3797850000000006e-05,4.907150000000006e-06,0.0001820308,0.00018753580000000001,0.00011197270000000001,0.0001399077,,,-0.00025553954999999996,-0.00024086955000000003,-6.081550000000003e-05,-0.00017222549999999998,-2.270613750000001e-05,1.9494875000000014e-06,-0.00017833015625
2026-03-31 00:00:00+00:00,6.318150000000001e-05,4.784650000000001e-05,5.3812749999999984e-05,7.849274999999998e-05,-6.711195e-05,-5.914195e-05,-4.197860000000001e-05,-4.0528600000000004e-05,5.7204300000000004e-05,2.654299999999988e-06,3.2617850000000015e-05,-1.192150000000009e-06,,,-0.00036172575000000006,-0.00010605075000000003,-1.4941599999999982e-05,-8.68816e-05,-3.48676875e-05,-2.060018750000001e-05,-0.00020542794375
2026-04-01 00:00:00+00:00,0.0001134472,9.78672e-05,8.711624999999999e-05,0.00010813124999999999,-4.286194999999999e-05,-7.336695e-05,6.71635e-05,-5.600149999999999e-05,2.337195e-05,-6.689805000000001e-05,3.546180000000001e-05,0.00013156179999999998,,,-0.00023392435000000003,-0.00012800935000000004,2.0281000000000008e-05,-3.1729e-05,8.756925e-06,-2.305575000000008e-06,-0.00018426543125
2026-04-02 00:00:00+00:00,6.8231e-05,-1.7674e-05,5.201000000000001e-05,3.5915000000000004e-05,-3.8097449999999996e-05,-0.00011312745,-2.0430250000000003e-05,-7.154525e-05,-8.03889e-05,-0.00011819889999999999,0.0,2.617499999999999e-05,,,0.00024239175000000002,-5.588250000000004e-06,-5.7382950000000006e-05,-5.0022949999999995e-05,2.0791650000000006e-05,-3.925835e-05,-0.00030673130625
2026-04-03 00:00:00+00:00,-0.00010954965,-0.00011555964999999999,0.00018913225,0.00012582225,-0.00014336455000000002,-0.00010058455,5.856385e-05,5.363385000000001e-05,8.151455e-05,3.741455e-05,0.00015846435000000002,0.00016278435,,,-0.00034328285,-0.00036628284999999997,9.689305000000003e-05,7.575804999999999e-05,-1.4536249999999958e-06,-1.5876749999999993e-05,-0.0002482381125
2026-04-04 00:00:00+00:00,-6.91073e-05,0.00010548269999999999,7.185029999999999e-05,3.677529999999998e-05,-1.1264299999999998e-05,-2.42343e-05,4.0291000000000004e-05,8.4656e-05,1.92361e-05,-1.3863899999999998e-05,6.324079999999999e-05,9.050080000000002e-05,,,-0.00022359245,-0.00024982244999999996,2.4001099999999996e-05,2.4241099999999997e-05,-1.066809375e-05,6.7169062500000055e-06,-0.00031607255625000003
2026-04-05 00:00:00+00:00,7.485205e-05,-3.578794999999999e-05,0.00011229655000000001,5.087654999999999e-05,-0.00014607310000000002,-0.0001442081,1.8262749999999997e-05,1.667750000000002e-06,8.010409999999998e-05,0.00013905409999999998,9.841499999999999e-05,0.00014245500000000002,,,-0.00034864654999999995,-0.00041579655,1.0785100000000013e-05,-8.500489999999998e-05,-1.2500512500000001e-05,-4.334301249999999e-05,-0.0003047368375
2026-04-06 00:00:00+00:00,0.00011290234999999998,6.673734999999999e-05,7.05821e-05,0.00012473210000000002,-0.0002467936,-0.00020084360000000002,-2.4025699999999996e-05,-6.774569999999999e-05,5.129695e-05,0.00012704695000000002,0.000160135,0.00013598999999999998,,,-0.00028143525,-0.00030408525000000003,-5.6345200000000004e-05,-0.0001902952,-2.671041875000001e-05,-3.8557918750000005e-05,-0.00013328298125
2026-04-07 00:00:00+00:00,6.954894999999999e-05,-8.721050000000017e-06,1.2160000000000024e-05,1.539500000000001e-05,-7.338200000000001e-05,-6.085200000000001e-05,-2.0985799999999998e-05,-5.270799999999987e-06,3.3575400000000004e-05,-1.0594600000000004e-05,1.1835000000000013e-05,5.236e-05,,,4.440565e-05,-8.568435000000001e-05,1.2289400000000006e-05,-3.4780600000000004e-05,1.1180825000000001e-05,-1.7268550000000003e-05,-0.00039683225000000004
2026-04-08 00:00:00+00:00,-0.00012277335,-4.483350000000007e-06,0.00038047635,0.00027797135,-1.5796400000000007e-05,8.161360000000001e-05,0.00012060424999999999,8.768925000000001e-05,0.0001088595,0.00016315450000000002,5.577e-05,4.44e-06,,,-0.00037450824999999994,-0.00030365825,0.00010919509999999997,0.0001409001,3.2728399999999997e-05,5.595340000000001e-05,-0.0003180504
2026-04-09 00:00:00+00:00,-0.0001346456,3.433939999999999e-05,1.3175000000000355e-07,1.3175000000000355e-07,6.315834999999999e-05,2.378335e-05,-5.043375e-05,-5.043375e-05,3.239955000000002e-05,3.050455000000001e-05,3.1738950000000006e-05,0.00010131395,,,-0.00025719725000000006,-0.00028289225000000006,-2.6166850000000002e-05,-2.6166850000000002e-05,-4.262685625000001e-05,-2.117748125000001e-05,-0.00046665208750000005
2026-04-10 00:00:00+00:00,-0.00017551795,-0.00016168794999999998,0.0,9.500000000000185e-07,1.709e-05,-1.5635000000000005e-05,3.0177700000000004e-05,4.2847699999999986e-05,6.0809799999999995e-05,2.5124799999999997e-05,0.00013592729999999998,8.41173e-05,,,-0.00015124675,-0.00016399675,1.5260499999999997e-05,2.36205e-05,-8.437425000000003e-06,-2.0582425e-05,-0.0002776125625
2026-04-11 00:00:00+00:00,-0.00015617710000000003,-0.0002595121,4.1515e-05,1.6089999999999997e-05,0.00010069660000000001,-1.670839999999998e-05,4.4336900000000006e-05,-4.718309999999998e-05,0.0001213289,3.6103899999999985e-05,8.398305e-05,5.238305000000001e-05,,,-0.00022497159999999999,-0.0002360766,-6.065910000000001e-05,-0.0001130941,-6.24341875e-06,-7.099966875e-05,-0.00026694565625
2026-04-12 00:00:00+00:00,-0.00039505964999999996,-0.00027799964999999997,0.00020075500000000003,0.00012016,0.00023563465,0.00015953465,0.00013103575,6.772075000000001e-05,0.00019983275000000003,6.677275000000002e-05,0.00011394325,8.459825e-05,,,-0.0003108521,-0.0003799121,4.899180000000001e-05,5.056680000000001e-05,2.8035181250000013e-05,-1.356981874999999e-05,1.3342493750000008e-05
2026-04-13 00:00:00+00:00,-0.00014696095000000001,-0.00018492095,9.764705000000001e-05,4.6577050000000015e-05,9.158130000000001e-05,2.12563e-05,-1.4415899999999997e-05,-5.450899999999996e-06,1.8427850000000003e-05,3.2082849999999994e-05,0.00013292970000000002,5.5134700000000006e-05,,,-0.0003132052,-0.0005135052000000001,-2.3468050000000013e-05,-0.00011078305000000002,-1.9683025e-05,-8.245115000000002e-05,-0.00015857909374999998
2026-04-14 00:00:00+00:00,-3.6448599999999995e-05,-5.62236e-05,6.50128e-05,0.00010677779999999999,4.10252e-05,4.46202e-05,9.76451e-05,9.850509999999999e-05,4.937204999999999e-05,7.747205e-05,0.00013252225,6.148725e-05,,,5.9584400000000005e-05,-0.0001018456,-5.761964999999999e-05,-7.114650000000001e-06,4.388669375e-05,2.795981875e-05,-0.00030810366875000004
2026-04-15 00:00:00+00:00,-4.532630000000001e-05,-6.470630000000001e-05,5.946435e-05,5.5024350000000005e-05,-5.338505e-05,-0.00012264005,1.7208849999999997e-05,-1.0516150000000004e-05,-0.000213163,-0.00020802300000000002,6.687350000000013e-06,-2.9726499999999825e-06,,,-0.0002462364,-0.0002462364,-0.00010796125000000001,-0.00010796125000000001,-7.283893125e-05,-8.850393125000001e-05,-0.00029822858125
2026-04-16 00:00:00+00:00,-9.55117e-05,-9.55117e-05,9.368e-05,0.00012680000000000002,1.1581499999999989e-05,5.88565e-05,0.00015148670000000001,0.0001245067,-0.00019399605,-0.00013967105,0.0001522851,0.0001756351,,,-0.00037980625,-0.00033930125,3.769095e-05,2.9790950000000003e-05,-2.7823718750000002e-05,-7.361843749999998e-06,-0.0003022384625
2026-04-17 00:00:00+00:00,-5.40335e-05,1.8464999999999973e-06,2.4142999999999986e-05,1.8017999999999992e-05,2.4635149999999997e-05,4.797015e-05,0.0,0.0,-0.00017108584999999998,-0.00022607085,0.0,0.0,,,-0.00044928005000000005,-0.00044238505,-0.00017339455,-0.00015890455,-9.9876975e-05,-9.494072499999999e-05,-0.00038092555000000003
2026-04-18 00:00:00+00:00,-0.00010419650000000001,-0.0001070365,4.196499999999999e-05,4.4625e-05,-3.9852600000000005e-05,-6.374260000000002e-05,5.568e-05,7.889e-05,-0.00015617359999999997,-0.0001494636,3.087999999999999e-05,0.00012144500000000001,,,-0.00015865895,-0.00019093394999999998,-2.804749999999996e-06,3.455250000000012e-06,-4.1645175000000004e-05,-3.2845175e-05,-0.00050464416875
2026-04-19 00:00:00+00:00,-0.00033776225,-0.00025591725,0.00012329755,0.00012607255000000002,-2.3673999999999994e-05,6.76100000000001e-06,5.21673e-05,7.48523e-05,-0.0001114925,-1.3025000000000223e-06,8.970999999999999e-05,0.00011589,,,-0.00040144450000000005,-0.0003178195,5.257205e-05,2.2747049999999994e-05,-6.957829375000001e-05,-2.8589543749999996e-05,-0.00014748923125
2026-04-20 00:00:00+00:00,-0.00023121055,-0.00032680055000000005,9.321555e-05,3.486054999999999e-05,6.516490000000001e-05,-5.326509999999999e-05,0.00015772290000000001,8.24029e-05,2.489299999999996e-06,-7.73257e-05,0.00010293835000000001,0.00016022834999999998,,,-0.0003229956,-0.00041227060000000005,7.482330000000002e-05,3.1983000000000126e-06,-7.2314812499999954e-06,-7.362148125000002e-05,-0.00017208671875
2026-04-21 00:00:00+00:00,-0.00015779844999999997,-0.00010922344999999997,0.00011268599999999998,0.000116341,6.077595e-05,1.4635949999999998e-05,9.711490000000001e-05,1.1689900000000003e-05,-1.1514499999999996e-05,-1.0449999999999606e-07,0.0001045224,0.0001340374,,,-0.00010411524999999997,-0.00020758524999999996,-1.3058849999999994e-05,-0.00010648384999999998,1.107652500000001e-05,-1.833659999999999e-05,-0.00018998290000000003
2026-04-22 00:00:00+00:00,-0.0002425642,-0.00020198919999999998,2.0115000000000003e-05,6.036e-05,7.971545000000001e-05,8.477545e-05,0.0001362457,3.1035700000000005e-05,-2.305899999999993e-06,5.41591e-05,5.876635000000001e-05,0.00017200135,,,0.00011935270000000001,9.431270000000001e-05,-7.033849999999998e-05,-0.00011784350000000001,1.2373325000000007e-05,2.210145e-05,-7.62990125e-05
2026-04-23 00:00:00+00:00,-3.319245e-05,1.0532549999999996e-05,2.7339999999999992e-05,2.2470000000000007e-05,-6.589899999999999e-05,-5.6844e-05,4.8929999999999994e-05,0.000119895,-6.21829999999999e-06,4.501170000000001e-05,1.3352749999999983e-05,4.777749999999992e-06,,,-9.565115e-05,-9.150114999999999e-05,-2.086344999999999e-05,1.6386550000000003e-05,-1.6525200000000002e-05,8.841050000000002e-06,-0.00045294998125
2026-04-24 00:00:00+00:00,-0.00014910965,-0.00011861965,0.00016261190000000001,0.0001668019,0.00015480219999999999,0.0001212372,1.654150000000017e-06,0.00021799415,-4.11838e-05,4.6812e-06,1.891195e-05,1.2061949999999994e-05,,,-4.382005e-05,-3.7030050000000006e-05,2.6441600000000004e-05,6.96466e-05,1.6288537500000004e-05,5.45966625e-05,-0.00019399505625000002
2026-04-25 00:00:00+00:00,-9.883445e-05,-0.00014413445,4.624900000000002e-05,7.0559e-05,0.00020212369999999998,0.0001511987,0.0,0.00010332999999999999,8.994779999999997e-05,4.24478e-05,1.0557900000000025e-05,0.00017581790000000002,,,-3.00133e-05,-3.00133e-05,-3.6292999999999934e-06,-6.73293e-05,2.705016875e-05,3.773454375e-05,-0.00024334473125000003
2026-04-26 00:00:00+00:00,7.4046e-05,0.000245066,-3.624105e-05,5.0013949999999996e-05,0.00016037514999999998,0.00011489014999999999,1.9084700000000007e-05,9.88197e-05,0.00011663479999999998,2.9289799999999992e-05,5.449899999999971e-06,0.0001554749,,,-6.574610000000001e-05,1.5193900000000002e-05,-0.00012503655,-0.00014904155,1.8570856249999994e-05,6.996335625e-05,-6.34241125e-05
2026-04-27 00:00:00+00:00,-7.799250000000002e-06,0.00011790575,0.000123405,0.000107115,3.658515e-05,1.1700149999999997e-05,7.688499999999999e-05,0.000117685,-1.59557e-05,-5.04007e-05,7.897e-05,0.00012895500000000001,,,-3.164949999999996e-06,4.625005e-05,-6.161525e-05,-6.675249999999995e-06,2.8413749999999995e-05,5.9066875e-05,-0.00021785238125000004
2026-04-28 00:00:00+00:00,5.147819999999998e-05,-6.569180000000002e-05,0.0002175082,0.00024201820000000003,0.000124644,4.5059000000000003e-05,0.0001015261,0.0001864161,0.00012191075000000002,6.410575e-05,0.00010781,0.00018437,,,0.00020933355000000002,0.00016676855,3.709939999999999e-05,7.396440000000001e-05,0.000121413775,0.000112126275,-0.00019252162499999996
2026-04-29 00:00:00+00:00,-0.00017904879999999999,-0.0001807588,7.721565e-05,-9.159350000000009e-06,-2.0288250000000003e-05,3.146749999999999e-06,-3.962550000000006e-06,2.8727449999999995e-05,0.000142781,7.765100000000002e-05,5.789500000000001e-05,3.1929999999999994e-05,,,0.00022609495000000003,0.00013556495,4.196645e-05,-9.771354999999999e-05,4.2831681250000006e-05,-1.326443750000001e-06,-0.00029580190625
2026-04-30 00:00:00+00:00,-3.887235e-05,-7.904735e-05,9.102140000000001e-05,6.57064e-05,-4.4347e-05,2.3978e-05,5.073695e-05,6.321694999999997e-05,5.032740000000001e-05,9.650739999999999e-05,3.74339e-05,6.14289e-05,,,3.5986e-05,0.00018660099999999997,6.88816e-05,7.55316e-05,3.13959875e-05,6.174036249999999e-05,-0.00035979005000000004
2026-05-01 00:00:00+00:00,1.03552e-05,-7.24248e-05,0.0001857866,9.192159999999999e-05,-9.9963e-06,-1.5521299999999993e-05,0.00018102399999999998,0.000237014,0.00013066990000000001,3.85549e-05,0.00020990785000000003,0.00012720785,,,2.2087e-05,5.7067e-05,2.573435e-05,-6.812065000000001e-05,9.444607500000001e-05,4.9462325e-05,-0.00017536495625
2026-05-02 00:00:00+00:00,-0.00024100175,-8.212175000000002e-05,8.96814e-05,5.311399999999984e-06,-3.609349999999999e-05,-2.8723499999999994e-05,0.00012779,8.579e-05,0.00014986235,9.900734999999999e-05,6.739e-05,3.751e-05,,,2.0502700000000003e-05,0.0001295677,-5.150614999999999e-05,-7.826615000000001e-05,1.5828131250000002e-05,2.1009381249999996e-05,-3.955508125000001e-05
2026-05-03 00:00:00+00:00,-1.0544150000000005e-05,-7.189915e-05,0.00022940329999999998,0.00017815829999999998,3.419085e-05,7.151085e-05,0.0001341,0.000160045,0.0001398639,0.0001401889,0.00014465325000000002,8.984825e-05,,,-1.7812899999999993e-05,7.078709999999999e-05,4.5632650000000004e-05,-2.169735e-05,8.74358625e-05,7.71177375e-05,-0.00022829619375000002
2026-05-04 00:00:00+00:00,-0.00015354349999999997,-0.00023530849999999997,0.000195,0.000171345,7.193950000000001e-05,5.280950000000001e-05,0.00010330999999999998,0.000195085,7.481850000000001e-05,0.00011347350000000001,0.000147745,0.00010034500000000002,,,9.123349999999998e-05,0.00019795849999999999,-3.17743e-05,5.61207e-05,6.23410875e-05,8.14785875e-05,5.550624999999989e-06
2026-05-05 00:00:00+00:00,-0.0002951107,-0.0002836207,5.5970000000000015e-05,4.9465e-05,-4.3765899999999994e-05,-7.18109e-05,9.659000000000001e-05,0.0001662,1.465639999999998e-05,9.44964e-05,7.879e-05,0.000153875,,,-6.988249999999992e-06,7.943675000000001e-05,-6.753775e-05,-4.7557750000000004e-05,-2.0924524999999994e-05,1.7560474999999997e-05,-0.00012607178125000003
2026-05-06 00:00:00+00:00,-0.00015133025,-0.00015582025,6.026680000000001e-05,4.001799999999992e-06,0.00010386415,8.218915000000002e-05,8.769999999999999e-05,2.6635000000000005e-05,0.000135781,5.8775999999999994e-05,5.6529999999999996e-05,7.986e-05,,,-0.00016941925,-0.00019261925,-7.17811e-05,-9.976109999999999e-05,6.4514187499999985e-06,-2.4592331250000002e-05,-0.00018554093125000004
2026-05-07 00:00:00+00:00,-5.59235e-05,-1.6683500000000007e-05,2.1164949999999995e-05,5.244994999999999e-05,0.00020204504999999997,0.00015782005,0.00011989035000000002,3.6880350000000003e-05,0.00014866865,0.00010669865,0.0,7.960999999999999e-05,,,-0.0001077706,-0.0001037106,-6.379110000000002e-05,-8.540610000000001e-05,3.3035475e-05,2.8457349999999996e-05,-4.352947500000001e-05
2026-05-08 00:00:00+00:00,-0.0001651365,-8.415649999999999e-05,7.091e-05,8.927e-05,0.00015011465,7.177465e-05,0.00013920205,2.892705e-05,0.0001943972,8.05772e-05,0.0,3.4855e-05,,,0.00013876,0.0,-1.4056650000000005e-05,-4.7346650000000015e-05,6.427384375e-05,2.1737593749999998e-05,-3.447161875000002e-05
2026-05-09 00:00:00+00:00,5.998650000000001e-06,-2.2371349999999973e-05,3.845719999999999e-05,1.593719999999999e-05,0.00016075925000000001,7.423925000000001e-05,0.00016355999999999999,0.0,0.00017128190000000002,7.949190000000002e-05,0.0,4.3849999999999995e-05,,,-0.00010992430000000001,-5.4009300000000005e-05,-0.00010527305000000001,-5.057305e-05,4.060745624999999e-05,1.0820581250000003e-05,-0.0003056689375
2026-05-10 00:00:00+00:00,9.107500000000002e-05,0.0,0.00010053969999999998,0.00021210469999999998,2.06914e-05,1.1546400000000003e-05,8.1945e-05,7.704000000000001e-05,4.628299999999999e-05,6.217299999999999e-05,4.5793300000000014e-05,0.00011033830000000001,,,3.377500000000001e-05,0.0,9.706439999999999e-05,0.00021596440000000002,6.464585e-05,8.614585e-05,-0.00040329995
2026-05-11 00:00:00+00:00,2.427e-05,0.000107695,0.00012816,0.000123405,3.7201999999999974e-06,5.141019999999999e-05,0.000170755,0.00010662,2.5090000000000005e-05,5.7335000000000006e-05,9.18505e-05,0.00020925050000000003,,,4.082264999999999e-05,8.470764999999999e-05,0.0001871165,0.00020561650000000003,8.397310625e-05,0.00011825498124999999,-0.00017313376875000006
2026-05-12 00:00:00+00:00,7.657e-05,7.644e-05,0.00010979500000000002,5.516000000000001e-05,-2.127335e-05,-5.543350000000002e-06,-1.6212950000000012e-05,8.031705e-05,8.198654999999997e-05,8.809654999999999e-05,0.0001271521,0.00013303210000000003,,,2.618885e-05,7.902385e-05,5.707114999999999e-05,1.4111150000000001e-05,5.515966875e-05,6.507966875e-05,-0.00016998516875
2026-05-13 00:00:00+00:00,,,,,5.7905149999999985e-05,0.00010043015,,,,,,,,,,,,,5.7905149999999985e-05,0.00010043015,-0.00011487248125
2026-05-14 00:00:00+00:00,,,,,,,,,,,,,,,,,,,,,-0.00022061375000000002
2026-05-15 00:00:00+00:00,,,,,,,,,,,,,,,,,,,,,0.00012938625
2026-05-16 00:00:00+00:00,,,,,,,,,,,,,,,,,,,,,0.00012938625
2026-05-17 00:00:00+00:00,,,,,,,,,,,,,,,,,,,,,-0.00023258265000000004
2026-05-18 00:00:00+00:00,,,,,,,,,,,,,,,,,,,,,-0.0008
2026-05-19 00:00:00+00:00,,,,,,,,,,,,,,,,,,,,,0.0
2026-05-20 00:00:00+00:00,,,,,,,,,,,,,,,,,,,,,0.0
2026-05-21 00:00:00+00:00,,,,,,,,,,,,,,,,,,,,,0.0
2026-05-22 00:00:00+00:00,,,,,,,,,,,,,,,,,,,,,0.0
2026-05-23 00:00:00+00:00,,,,,,,,,,,,,,,,,,,,,0.0
2026-05-24 00:00:00+00:00,,,,,,,,,,,,,,,,,,,,,0.0
2026-05-25 00:00:00+00:00,,,,,,,,,,,,,,,,,,,,,0.0
2026-05-26 00:00:00+00:00,,,,,,,,,,,,,,,,,,,,,0.0
2026-05-27 00:00:00+00:00,,,,,,,,,,,,,,,,,,,,,0.0
2026-05-28 00:00:00+00:00,,,,,,,,,,,,,,,,,,,,,0.0
2026-05-29 00:00:00+00:00,,,,,,,,,,,,,,,,,,,,,0.0
2026-05-30 00:00:00+00:00,,,,,,,,,,,,,,,,,,,,,0.0
2026-05-31 00:00:00+00:00,,,,,,,,,,,,,,,,,,,,,0.0
2026-06-01 00:00:00+00:00,,,,,,,,,,,,,,,,,,,,,0.0
