time,fundingRate
2023-06-01 00:00:03+00:00,-2.8108463977473506e-06
2023-06-01 01:00:03+00:00,-3.4649549908809713e-06
2023-06-01 02:00:05+00:00,-2.340866195195973e-06
2023-06-01 03:00:00+00:00,-2.434660578557149e-06
2023-06-01 04:00:05+00:00,-1.4831502299811655e-06
2023-06-01 05:00:05+00:00,-1.0059466059313569e-07
2023-06-01 06:00:06+00:00,-5.360627075750901e-08
2023-06-01 07:00:10+00:00,-2.1006254216344404e-06
2023-06-01 08:00:05+00:00,-1.966691648077326e-06
2023-06-01 09:00:04+00:00,-1.182762400380696e-06
2023-06-01 10:00:05+00:00,-9.550519749212828e-07
2023-06-01 11:00:07+00:00,-3.9650198407777036e-07
2023-06-01 12:00:05+00:00,4.046412719597011e-07
2023-06-01 13:00:05+00:00,-7.475261867568823e-07
2023-06-01 14:00:39+00:00,-1.440701271385056e-06
2023-06-01 15:00:05+00:00,-7.983220464118578e-07
2023-06-01 16:00:07+00:00,1.0819428174159617e-05
2023-06-01 17:00:05+00:00,6.461544616243587e-05
2023-06-01 18:00:05+00:00,-1.985834673452919e-09
2023-06-01 19:00:04+00:00,6.762328230252984e-07
2023-06-01 20:00:08+00:00,-3.628855500538963e-05
2023-06-01 21:00:05+00:00,-1.19636320237801e-05
2023-06-01 22:00:05+00:00,-2.2215206510798874e-06
2023-06-01 23:00:04+00:00,2.891051370202246e-09
2023-06-02 00:00:04+00:00,-6.211620640804526e-07
2023-06-02 01:00:05+00:00,-4.354155624457761e-06
2023-06-02 02:00:06+00:00,-1.763160120425134e-06
2023-06-02 03:00:05+00:00,-7.831523102710896e-07
2023-06-02 04:00:04+00:00,-1.7624660576961342e-07
2023-06-02 05:00:08+00:00,-1.1714352546345409e-06
2023-06-02 06:00:03+00:00,-2.4274174614182026e-06
2023-06-02 07:00:06+00:00,-2.926969117207884e-06
2023-06-02 08:00:04+00:00,-8.67656168906563e-07
2023-06-02 09:00:03+00:00,3.1915365753294324e-06
2023-06-02 10:00:06+00:00,-2.169537906093689e-07
2023-06-02 11:00:04+00:00,1.4294518262262457e-06
2023-06-02 12:00:07+00:00,3.2200039160393e-06
2023-06-02 13:00:02+00:00,-1.1571009306920781e-06
2023-06-02 14:00:05+00:00,-1.5617307898809418e-06
2023-06-02 15:00:04+00:00,-1.7023295950436698e-07
2023-06-02 16:00:06+00:00,-1.1800539809540398e-06
2023-06-02 17:00:07+00:00,-3.4457473814818674e-06
2023-06-02 18:00:05+00:00,-3.6558750836013603e-06
2023-06-02 19:00:03+00:00,-2.3154907529177276e-06
2023-06-02 20:00:05+00:00,-3.7251353356074676e-06
2023-06-02 21:00:06+00:00,-2.8280692036751215e-06
2023-06-02 22:00:05+00:00,-3.059050888897522e-06
2023-06-02 23:00:04+00:00,-3.6294273318960157e-06
2023-06-03 00:00:04+00:00,-4.154127147156154e-06
2023-06-03 01:00:06+00:00,-4.3491375980810964e-06
2023-06-03 02:00:06+00:00,-2.8714042774485936e-06
2023-06-03 03:00:01+00:00,-3.5918620722045215e-06
2023-06-03 04:00:05+00:00,-3.5847530862594333e-06
2023-06-03 05:00:03+00:00,-2.9296723626504315e-06
2023-06-03 06:00:03+00:00,-2.5674601287224867e-06
2023-06-03 07:00:05+00:00,-3.3813651067626784e-06
2023-06-03 08:00:04+00:00,-2.037424413128745e-06
2023-06-03 09:00:05+00:00,-2.5810827711413393e-06
2023-06-03 10:00:06+00:00,-2.8011788550120427e-06
2023-06-03 11:00:05+00:00,-3.1293019282225436e-06
2023-06-03 12:00:11+00:00,-3.110220433190385e-06
2023-06-03 13:00:04+00:00,-3.3236240558653483e-06
2023-06-03 14:00:04+00:00,-3.1972245215267664e-06
2023-06-03 15:00:04+00:00,-3.7962619240329952e-06
2023-06-03 16:00:04+00:00,-4.693713296382043e-06
2023-06-03 17:00:04+00:00,-6.0452665117920475e-06
2023-06-03 18:00:06+00:00,-5.013380237932048e-06
2023-06-03 19:00:08+00:00,-3.7843593832603744e-06
2023-06-03 20:00:05+00:00,-3.1554798044788672e-06
2023-06-03 21:00:04+00:00,3.6827378606626743e-07
2023-06-03 22:00:05+00:00,6.292400018016036e-07
2023-06-03 23:00:05+00:00,-4.478898000732696e-07
2023-06-04 00:00:09+00:00,4.559168884840008e-07
2023-06-04 01:00:05+00:00,-1.147112830534882e-06
2023-06-04 02:00:07+00:00,-1.9012938692177806e-06
2023-06-04 03:00:03+00:00,-9.499587886283616e-07
2023-06-04 04:00:05+00:00,-1.3432683434073303e-06
2023-06-04 05:00:05+00:00,-1.3728449038228622e-06
2023-06-04 06:00:04+00:00,-1.2184385068832216e-06
2023-06-04 07:00:05+00:00,-7.379414506292155e-07
2023-06-04 08:00:00+00:00,-2.3046476389040177e-06
2023-06-04 09:00:03+00:00,-1.3045412494066023e-06
2023-06-04 10:00:04+00:00,-1.4987457768688544e-06
2023-06-04 11:00:02+00:00,-1.2659917022971485e-06
2023-06-04 12:00:03+00:00,-2.0470606761274775e-06
2023-06-04 13:00:05+00:00,-1.6130914436663344e-06
2023-06-04 14:00:04+00:00,-2.0698173894391205e-06
2023-06-04 15:00:01+00:00,-1.2749434871683651e-06
2023-06-04 16:00:05+00:00,-1.0448828487726418e-06
2023-06-04 17:00:05+00:00,-3.2087030680850006e-06
2023-06-04 18:00:05+00:00,-2.354020466412387e-06
2023-06-04 19:00:05+00:00,-2.2773399171199516e-07
2023-06-04 20:00:04+00:00,1.99622023804531e-07
2023-06-04 21:00:04+00:00,-9.038499891958575e-07
2023-06-04 22:00:04+00:00,-1.816663215165817e-06
2023-06-04 23:00:04+00:00,-2.377985291187018e-06
2023-06-05 00:00:04+00:00,-1.3896761488837432e-06
2023-06-05 01:00:05+00:00,-4.941828151248853e-07
2023-06-05 02:00:05+00:00,5.2214643213003246e-08
2023-06-05 03:00:03+00:00,-2.6828705538682223e-06
2023-06-05 04:00:00+00:00,-2.109135982875569e-06
2023-06-05 05:00:04+00:00,-1.1871531688970771e-06
2023-06-05 06:00:05+00:00,-1.0679787579151132e-07
2023-06-05 07:00:00+00:00,-1.3870288649942355e-06
2023-06-05 08:00:05+00:00,-7.100348634307735e-07
2023-06-05 09:00:00+00:00,-1.421927188863077e-06
2023-06-05 10:00:04+00:00,5.57933801303385e-07
2023-06-05 11:00:05+00:00,5.306562673549203e-08
2023-06-05 12:00:07+00:00,1.6688759357135642e-07
2023-06-05 13:00:10+00:00,-6.660086350554782e-07
2023-06-05 14:00:02+00:00,-8.331437885728808e-07
2023-06-05 15:00:03+00:00,-1.2264827309310667e-06
2023-06-05 16:00:05+00:00,-1.3390599275044945e-05
2023-06-05 17:00:14+00:00,-7.886533994232815e-06
2023-06-05 18:00:08+00:00,-2.6040437153016075e-06
2023-06-05 19:00:00+00:00,-3.9702665466865547e-07
2023-06-05 20:00:07+00:00,5.0275254051941556e-08
2023-06-05 21:00:07+00:00,-6.324355496354624e-08
2023-06-05 22:00:06+00:00,1.32069886962066e-06
2023-06-05 23:00:12+00:00,1.0008948671650094e-06
2023-06-06 00:00:03+00:00,1.6387485532868974e-07
2023-06-06 01:00:07+00:00,4.88019918914397e-07
2023-06-06 02:00:08+00:00,1.2464149725167207e-06
2023-06-06 03:00:10+00:00,1.865703999536846e-06
2023-06-06 04:00:04+00:00,1.8644781475321444e-06
2023-06-06 05:00:06+00:00,2.351735830689599e-06
2023-06-06 06:00:05+00:00,2.382774734939186e-06
2023-06-06 07:00:05+00:00,2.0380626459013086e-06
2023-06-06 08:00:00+00:00,2.149883997118365e-06
2023-06-06 09:00:00+00:00,2.2694345541865904e-06
2023-06-06 10:00:01+00:00,1.7704935575793204e-06
2023-06-06 11:00:06+00:00,1.0527425879959264e-06
2023-06-06 12:00:05+00:00,6.803786596113125e-07
2023-06-06 13:00:04+00:00,-2.348651758976154e-06
2023-06-06 14:00:07+00:00,-3.1737514063434517e-06
2023-06-06 15:00:04+00:00,-4.654876524644135e-06
2023-06-06 16:00:08+00:00,-3.875418249752988e-06
2023-06-06 17:00:05+00:00,-1.035977029751517e-05
2023-06-06 18:00:06+00:00,-7.870181431167337e-06
2023-06-06 19:00:28+00:00,-5.616470004678741e-06
2023-06-06 20:00:10+00:00,-4.615851584399315e-06
2023-06-06 21:00:06+00:00,-4.306742157388952e-06
2023-06-06 22:00:03+00:00,-4.275272005932628e-06
2023-06-06 23:00:08+00:00,-3.6019411948851443e-06
2023-06-07 00:00:15+00:00,-3.3779357009871413e-06
2023-06-07 01:00:00+00:00,-3.702436382038781e-06
2023-06-07 02:00:05+00:00,-3.3758469988669708e-06
2023-06-07 03:00:07+00:00,-3.958704337598751e-06
2023-06-07 04:00:05+00:00,-3.8471809297209057e-07
2023-06-07 05:00:06+00:00,-2.140487237134927e-06
2023-06-07 06:00:04+00:00,-3.201642679362624e-06
2023-06-07 07:00:03+00:00,-5.283463503732713e-06
2023-06-07 08:00:04+00:00,-5.0396424990983e-06
2023-06-07 09:00:00+00:00,-3.2061954096818993e-06
2023-06-07 10:00:09+00:00,-6.430686694397084e-06
2023-06-07 11:00:05+00:00,-2.696530991426914e-06
2023-06-07 12:00:05+00:00,-3.6287368733810677e-06
2023-06-07 13:00:10+00:00,-4.602207204664986e-06
2023-06-07 14:00:04+00:00,-3.824249463545902e-06
2023-06-07 15:00:06+00:00,-8.872237466434192e-06
2023-06-07 16:00:03+00:00,-7.677371001279338e-06
2023-06-07 17:00:31+00:00,-3.2145924121851573e-06
2023-06-07 18:00:02+00:00,-9.629064279546945e-07
2023-06-07 19:00:31+00:00,-1.7286244579134274e-06
2023-06-07 20:00:04+00:00,-1.716959443971601e-06
2023-06-07 21:00:07+00:00,-3.345888002254944e-06
2023-06-07 22:00:05+00:00,-6.948188400360026e-06
2023-06-07 23:00:06+00:00,-5.776875880613287e-06
2023-06-08 00:00:05+00:00,-4.622711085414502e-06
2023-06-08 01:00:03+00:00,-4.4071181733921384e-06
2023-06-08 02:00:05+00:00,-4.337900724760173e-06
2023-06-08 03:00:02+00:00,-3.912411989114251e-06
2023-06-08 04:00:03+00:00,-3.2971650029675334e-06
2023-06-08 05:00:07+00:00,-3.3247428562086773e-06
2023-06-08 06:00:02+00:00,-4.568630200388078e-06
2023-06-08 07:00:07+00:00,-4.295555276602864e-06
2023-06-08 08:00:14+00:00,-4.542113554377077e-06
2023-06-08 09:00:10+00:00,-4.445605210604088e-06
2023-06-08 10:00:06+00:00,-5.103902038171664e-06
2023-06-08 11:00:06+00:00,-4.8476956476265886e-06
2023-06-08 12:00:09+00:00,-5.148051303349091e-06
2023-06-08 13:00:03+00:00,-6.370376423170978e-06
2023-06-08 14:00:06+00:00,-6.409631299415068e-06
2023-06-08 15:00:06+00:00,-4.776455134239396e-06
2023-06-08 16:00:05+00:00,-5.548849424698405e-06
2023-06-08 17:00:06+00:00,-6.943174625146779e-06
2023-06-08 18:00:05+00:00,-5.325900832659983e-06
2023-06-08 19:00:03+00:00,-3.7819045090486514e-06
2023-06-08 20:00:03+00:00,-4.182834790659587e-06
2023-06-08 21:00:05+00:00,-6.013101203400295e-06
2023-06-08 22:00:08+00:00,-9.892539420267195e-06
2023-06-08 23:00:03+00:00,-9.961135473222758e-06
2023-06-09 00:00:08+00:00,-7.34886513866225e-06
2023-06-09 01:00:05+00:00,-6.0213201977482585e-06
2023-06-09 02:00:03+00:00,-5.768633826142114e-06
2023-06-09 03:00:05+00:00,-6.807452758044278e-06
2023-06-09 04:00:07+00:00,-6.1554556930197146e-06
2023-06-09 05:00:06+00:00,-4.49981761201912e-06
2023-06-09 06:00:06+00:00,-5.664481780573306e-06
2023-06-09 07:00:04+00:00,-7.078745293698056e-06
2023-06-09 08:00:03+00:00,-8.671610130897166e-06
2023-06-09 09:00:06+00:00,-8.138755046618245e-06
2023-06-09 10:00:04+00:00,-7.365406987945801e-06
2023-06-09 11:00:07+00:00,-8.482324798377798e-06
2023-06-09 12:00:03+00:00,-8.091442303039986e-06
2023-06-09 13:00:02+00:00,-7.556074194334191e-06
2023-06-09 14:01:05+00:00,-7.85306438229464e-06
2023-06-09 15:00:05+00:00,-1.0015436901322139e-05
2023-06-09 16:02:08+00:00,-9.573158081553291e-06
2023-06-09 17:00:03+00:00,-8.894666959785847e-06
2023-06-09 18:00:42+00:00,-1.0903504873270575e-05
2023-06-09 19:00:14+00:00,-1.5333881548362022e-05
2023-06-09 20:00:27+00:00,-1.8952371608230662e-05
2023-06-09 21:00:08+00:00,-2.1783938507646975e-05
2023-06-09 22:00:28+00:00,-2.4232415507680533e-05
2023-06-09 23:00:58+00:00,-2.3215530074979967e-05
2023-06-10 00:01:51+00:00,-2.291100021757164e-05
2023-06-10 01:00:03+00:00,-2.2411270614327533e-05
2023-06-10 02:00:39+00:00,-1.7677679996653922e-05
2023-06-10 03:00:02+00:00,-1.766278620449152e-05
2023-06-10 04:00:05+00:00,-1.297540444272192e-05
2023-06-10 05:00:13+00:00,-2.4231653233923644e-05
2023-06-10 06:00:10+00:00,-2.0969105551138337e-05
2023-06-10 07:00:20+00:00,-2.3916675165571105e-05
2023-06-10 08:00:08+00:00,-3.089267114082996e-05
2023-06-10 09:00:14+00:00,-2.1238804795556866e-05
2023-06-10 10:00:09+00:00,-1.8207350872771776e-05
2023-06-10 11:03:07+00:00,-1.8947852036425277e-05
2023-06-10 12:00:25+00:00,-1.7951406438684657e-05
2023-06-10 13:00:04+00:00,-1.5605430190545645e-05
2023-06-10 14:00:03+00:00,-1.3832060170413872e-05
2023-06-10 15:00:02+00:00,-1.6726868867043494e-05
2023-06-10 16:00:20+00:00,-1.3873598928449243e-05
2023-06-10 17:00:07+00:00,-1.6317925245487512e-05
2023-06-10 18:02:04+00:00,-2.4691086278958737e-05
2023-06-10 19:00:13+00:00,-4.179036443823999e-05
2023-06-10 20:03:03+00:00,-2.834834727724856e-05
2023-06-10 21:00:13+00:00,-2.9383053899054385e-05
2023-06-10 22:00:20+00:00,-2.4604352509864855e-05
2023-06-10 23:00:40+00:00,-2.0539144242336145e-05
2023-06-11 00:00:07+00:00,-1.843824108901642e-05
2023-06-11 01:00:59+00:00,-1.8371456609786752e-05
2023-06-11 02:00:06+00:00,-1.6948024330676015e-05
2023-06-11 03:00:08+00:00,-1.5234211251569132e-05
2023-06-11 04:00:04+00:00,-1.852119477629703e-05
2023-06-11 05:00:05+00:00,-2.0746344917677764e-05
2023-06-11 06:00:01+00:00,-1.9947188942064635e-05
2023-06-11 07:00:05+00:00,-1.9361983242324944e-05
2023-06-11 08:00:05+00:00,-1.8429186957972716e-05
2023-06-11 09:00:06+00:00,-1.8567095783159284e-05
2023-06-11 10:00:07+00:00,-1.802022727527962e-05
2023-06-11 11:02:13+00:00,-1.8671284034022533e-05
2023-06-11 12:00:07+00:00,-1.7760696308007915e-05
2023-06-11 13:00:17+00:00,-1.6613226798404775e-05
2023-06-11 14:00:26+00:00,-1.4855494615311191e-05
2023-06-11 15:00:00+00:00,-1.3965614882895794e-05
2023-06-11 16:00:07+00:00,-1.2867671381504957e-05
2023-06-11 17:00:33+00:00,-1.5809555824720645e-05
2023-06-11 18:00:05+00:00,-1.7025783940409835e-05
2023-06-11 19:00:02+00:00,-1.6359592326678957e-05
2023-06-11 20:00:04+00:00,-1.3747556517391214e-05
2023-06-11 21:00:05+00:00,-1.4709815641276612e-05
2023-06-11 22:00:04+00:00,-1.380191517225642e-05
2023-06-11 23:00:16+00:00,-1.3736278046767671e-05
2023-06-12 00:00:00+00:00,-1.0743061131751181e-05
2023-06-12 01:00:01+00:00,-1.0831604771314064e-05
2023-06-12 02:00:00+00:00,-1.0775832634734075e-05
2023-06-12 03:00:06+00:00,-1.1947753588067016e-05
2023-06-12 04:00:02+00:00,-1.1322977447332135e-05
2023-06-12 05:00:06+00:00,-9.34994072140497e-06
2023-06-12 06:00:25+00:00,-8.144417132252258e-06
2023-06-12 07:00:05+00:00,-1.0536648340742201e-05
2023-06-12 08:00:57+00:00,-9.409556911766854e-06
2023-06-12 09:00:08+00:00,-8.443023359640796e-06
2023-06-12 10:00:01+00:00,-6.665641425742061e-06
2023-06-12 11:00:02+00:00,-7.248934491033957e-06
2023-06-12 12:00:08+00:00,-8.00390709037039e-06
2023-06-12 13:00:14+00:00,-9.260831356240993e-06
2023-06-12 14:00:01+00:00,-9.824785761847598e-06
2023-06-12 15:00:06+00:00,-9.609406618801307e-06
2023-06-12 16:00:06+00:00,-8.943604190585782e-06
2023-06-12 17:00:04+00:00,-1.2301024672612773e-05
2023-06-12 18:00:22+00:00,-1.3934377061177477e-05
2023-06-12 19:00:08+00:00,-1.520027507516767e-06
2023-06-12 20:00:03+00:00,-7.006169830131674e-06
2023-06-12 21:00:06+00:00,-9.788047695821627e-06
2023-06-12 22:00:07+00:00,-1.4233733170388088e-05
2023-06-12 23:00:05+00:00,-1.189521798550022e-05
2023-06-13 00:00:04+00:00,-1.2122092580845837e-05
2023-06-13 01:00:05+00:00,-1.7708259787302124e-05
2023-06-13 02:00:05+00:00,-1.653800588118518e-05
2023-06-13 03:00:06+00:00,-1.3418386471233804e-05
2023-06-13 04:00:06+00:00,-1.6504087620843445e-05
2023-06-13 05:00:05+00:00,-1.6786642833462295e-05
2023-06-13 06:00:05+00:00,-1.4022188449319174e-05
2023-06-13 07:00:11+00:00,-1.4916344079695152e-05
2023-06-13 08:00:05+00:00,-1.4787600577241338e-05
2023-06-13 09:00:06+00:00,-1.5404454661037115e-05
2023-06-13 10:00:01+00:00,-1.4473687594555444e-05
2023-06-13 11:00:04+00:00,-1.3514930995694155e-05
2023-06-13 12:00:06+00:00,-1.370010705928744e-05
2023-06-13 13:00:28+00:00,-1.1285549368323119e-05
2023-06-13 14:00:06+00:00,-1.550199669020919e-05
2023-06-13 15:00:05+00:00,-1.8429970133833428e-05
2023-06-13 16:00:06+00:00,-1.3687338270341872e-05
2023-06-13 17:00:06+00:00,-1.5408343662755025e-05
2023-06-13 18:00:05+00:00,-1.3975880634504298e-05
2023-06-13 19:00:04+00:00,-1.0212278222463487e-05
2023-06-13 20:00:04+00:00,-9.59544450696957e-06
2023-06-13 21:00:07+00:00,-1.0488150731952119e-05
2023-06-13 22:00:07+00:00,-1.25601346712601e-05
2023-06-13 23:00:10+00:00,-1.256738494657373e-05
2023-06-14 00:00:06+00:00,-1.273491826652983e-05
2023-06-14 01:00:01+00:00,-1.1497347653590157e-05
2023-06-14 02:00:05+00:00,-1.281054843903594e-05
2023-06-14 03:00:33+00:00,-1.2391888299106602e-05
2023-06-14 04:00:00+00:00,-1.344238955823053e-05
2023-06-14 05:00:04+00:00,-1.3238604756194149e-05
2023-06-14 06:00:05+00:00,-1.2407145743365554e-05
2023-06-14 07:00:04+00:00,-1.0637277341844101e-05
2023-06-14 08:00:11+00:00,-8.691858599269824e-06
2023-06-14 09:00:01+00:00,-9.314428410447867e-06
2023-06-14 10:00:05+00:00,-9.161305725875804e-06
2023-06-14 11:00:05+00:00,-1.0866054196096598e-05
2023-06-14 12:00:06+00:00,-9.500234784388798e-06
2023-06-14 13:00:06+00:00,-8.971865689894065e-06
2023-06-14 14:00:07+00:00,-1.023639278500305e-05
2023-06-14 15:00:05+00:00,-9.232353895179452e-06
2023-06-14 16:00:04+00:00,-6.5771500603305665e-06
2023-06-14 17:00:05+00:00,-7.020281801762048e-06
2023-06-14 18:00:07+00:00,-4.475358608973712e-06
2023-06-14 19:00:07+00:00,-5.928662049602442e-06
2023-06-14 20:00:04+00:00,-6.324661180918469e-06
2023-06-14 21:00:04+00:00,-2.0289796677790044e-05
2023-06-14 22:00:04+00:00,-1.5995820122075217e-05
2023-06-14 23:00:03+00:00,-1.0608341051285114e-05
2023-06-15 00:00:06+00:00,-8.165871190946205e-06
2023-06-15 01:00:06+00:00,-6.7395791045938584e-06
2023-06-15 02:00:05+00:00,-7.103428305481519e-06
2023-06-15 03:00:07+00:00,-8.116221535206185e-06
2023-06-15 04:00:04+00:00,-7.852384297127366e-06
2023-06-15 05:00:05+00:00,-1.0415454505927141e-05
2023-06-15 06:00:34+00:00,-1.270098596358863e-05
2023-06-15 07:00:05+00:00,-1.5078705986407618e-05
2023-06-15 08:00:04+00:00,-1.616046609563095e-05
2023-06-15 09:00:05+00:00,-1.3619003494006706e-05
2023-06-15 10:00:04+00:00,-1.3469094032535686e-05
2023-06-15 11:00:08+00:00,-9.193553887921346e-06
2023-06-15 12:00:05+00:00,-9.508588712473003e-06
2023-06-15 13:00:09+00:00,-1.0289511851760957e-05
2023-06-15 14:00:04+00:00,-1.799565953337876e-05
2023-06-15 15:01:06+00:00,-1.2487183563413355e-05
2023-06-15 16:00:06+00:00,-1.1318067254687041e-05
2023-06-15 17:00:06+00:00,-1.0371930831683789e-05
2023-06-15 18:00:30+00:00,-1.2172707813602804e-05
2023-06-15 19:00:08+00:00,-1.3989820896290736e-05
2023-06-15 20:00:04+00:00,-1.4783470501515326e-05
2023-06-15 21:00:10+00:00,-1.587070444543091e-05
2023-06-15 22:00:04+00:00,-1.6257426831426774e-05
2023-06-15 23:00:08+00:00,-1.4304343648001264e-05
2023-06-16 00:00:04+00:00,-1.1757534046859462e-05
2023-06-16 01:00:05+00:00,-1.2538847533232837e-05
2023-06-16 02:00:03+00:00,-1.275625321268431e-05
2023-06-16 03:00:09+00:00,-1.3665923829433187e-05
2023-06-16 04:00:45+00:00,-1.234406536178404e-05
2023-06-16 05:00:03+00:00,-8.840201976418646e-06
2023-06-16 06:00:04+00:00,-7.481828503594629e-06
2023-06-16 07:00:04+00:00,-3.8464159419463605e-06
2023-06-16 08:00:05+00:00,-3.431283607122234e-06
2023-06-16 09:00:06+00:00,-3.303773357823276e-06
2023-06-16 10:00:03+00:00,-3.8245088318656295e-06
2023-06-16 11:00:06+00:00,3.179724516589156e-06
2023-06-16 12:00:04+00:00,9.120263775902287e-06
2023-06-16 13:00:04+00:00,1.116623409357851e-05
2023-06-16 14:00:07+00:00,1.1564431632093348e-05
2023-06-16 15:00:14+00:00,1.289922098478211e-05
2023-06-16 16:01:02+00:00,8.675766420149117e-06
2023-06-16 17:00:13+00:00,1.7833736239411606e-06
2023-06-16 18:00:07+00:00,1.4900016468276134e-06
2023-06-16 19:00:04+00:00,-5.258687259293246e-06
2023-06-16 20:00:06+00:00,-8.679375289265809e-06
2023-06-16 21:00:08+00:00,-1.1036066180247598e-05
2023-06-16 22:00:07+00:00,-1.7775642125699636e-05
2023-06-16 23:00:04+00:00,-2.0683659499791954e-05
2023-06-17 00:00:02+00:00,-1.7099402386046612e-05
2023-06-17 01:00:06+00:00,-1.331137649388971e-05
2023-06-17 02:00:05+00:00,-1.0607155479294966e-05
2023-06-17 03:00:05+00:00,-7.828025426759944e-06
2023-06-17 04:00:07+00:00,-7.698109775103971e-06
2023-06-17 05:00:06+00:00,-6.823522865796195e-06
2023-06-17 06:01:26+00:00,-2.0867096625308863e-06
2023-06-17 07:00:06+00:00,-4.619040748863386e-06
2023-06-17 08:00:08+00:00,-6.530842829595818e-06
2023-06-17 09:00:05+00:00,-6.101031564292843e-06
2023-06-17 10:00:05+00:00,-6.102192434743787e-06
2023-06-17 11:00:05+00:00,-6.7533484959561685e-06
2023-06-17 12:00:03+00:00,-6.0904053317486316e-06
2023-06-17 13:00:05+00:00,-5.706447097120983e-06
2023-06-17 14:00:04+00:00,-4.99027630645609e-06
2023-06-17 15:00:06+00:00,-6.271909012288216e-06
2023-06-17 16:00:05+00:00,-6.011805283950578e-06
2023-06-17 17:00:06+00:00,-6.367300823752254e-06
2023-06-17 18:00:02+00:00,-5.791863456774063e-06
2023-06-17 19:00:06+00:00,-6.161780913848708e-06
2023-06-17 20:00:05+00:00,-4.326442242477531e-06
2023-06-17 21:00:05+00:00,1.4435192489740123e-06
2023-06-17 22:00:06+00:00,4.914371583908513e-06
2023-06-17 23:00:03+00:00,5.431829990853773e-06
2023-06-18 00:00:25+00:00,5.29766369919099e-06
2023-06-18 01:00:06+00:00,3.2495304681809978e-06
2023-06-18 02:00:03+00:00,5.543980342844862e-06
2023-06-18 03:00:04+00:00,5.59957315288652e-06
2023-06-18 04:00:06+00:00,3.960933632886571e-06
2023-06-18 05:00:06+00:00,-4.944286569440637e-07
2023-06-18 06:00:03+00:00,-3.7810210134250197e-06
2023-06-18 07:00:04+00:00,-3.826522001046294e-06
2023-06-18 08:00:03+00:00,-5.004889823718874e-06
2023-06-18 09:00:04+00:00,-5.517442021750159e-06
2023-06-18 10:00:03+00:00,-3.919877097044003e-06
2023-06-18 11:00:04+00:00,-4.3391703898792345e-06
2023-06-18 12:00:04+00:00,-3.867846738521588e-06
2023-06-18 13:00:06+00:00,-4.353780117962709e-06
2023-06-18 14:00:04+00:00,-4.4387519159295805e-06
2023-06-18 15:00:04+00:00,-4.368456302496587e-06
2023-06-18 16:00:05+00:00,-4.265183199623177e-06
2023-06-18 17:00:02+00:00,-3.838788474779745e-06
2023-06-18 18:00:05+00:00,-8.188111065630276e-07
2023-06-18 19:00:06+00:00,2.404076111750502e-06
2023-06-18 20:00:02+00:00,4.2712890295391255e-06
2023-06-18 21:00:12+00:00,2.4777736942980653e-06
2023-06-18 22:00:06+00:00,-3.407246460661948e-07
2023-06-18 23:00:10+00:00,-2.628639320594896e-06
2023-06-19 00:00:04+00:00,-3.659395512856144e-06
2023-06-19 01:00:08+00:00,-4.0520581080204345e-06
2023-06-19 02:00:01+00:00,-3.881471711215895e-06
2023-06-19 03:00:01+00:00,-3.7897076158975852e-06
2023-06-19 04:00:04+00:00,-4.7238585010532935e-06
2023-06-19 05:00:06+00:00,-3.083477846704339e-06
2023-06-19 06:00:07+00:00,-3.2390105201388586e-06
2023-06-19 07:00:01+00:00,-3.977417468729906e-06
2023-06-19 08:00:06+00:00,-4.054861601879999e-06
2023-06-19 09:01:01+00:00,-4.071160642003619e-06
2023-06-19 10:00:02+00:00,-3.852520370119619e-06
2023-06-19 11:00:03+00:00,-4.669811453843895e-06
2023-06-19 12:00:06+00:00,-4.283489121746238e-06
2023-06-19 13:00:03+00:00,-4.53818533202851e-06
2023-06-19 14:00:07+00:00,-5.712880296862459e-06
2023-06-19 15:00:04+00:00,-5.642365608668818e-06
2023-06-19 16:00:04+00:00,-4.8857281501126e-06
2023-06-19 17:00:06+00:00,-4.471519009207126e-06
2023-06-19 18:00:04+00:00,-1.2114939287948061e-06
2023-06-19 19:00:00+00:00,-8.870718730111147e-06
2023-06-19 20:00:04+00:00,-5.056955639705886e-06
2023-06-19 21:00:07+00:00,-6.6674862261454465e-06
2023-06-19 22:00:01+00:00,-5.62186451330555e-06
2023-06-19 23:00:04+00:00,-5.525127796876989e-06
2023-06-20 00:00:04+00:00,-6.520019606647017e-06
2023-06-20 01:00:04+00:00,-5.77987034941239e-06
2023-06-20 02:00:01+00:00,-8.467821953729147e-07
2023-06-20 03:00:14+00:00,4.11973947999884e-06
2023-06-20 04:00:05+00:00,5.02919767690782e-06
2023-06-20 05:00:05+00:00,4.79493516003837e-06
2023-06-20 06:00:00+00:00,3.1162327911937164e-06
2023-06-20 07:00:05+00:00,4.605771092962791e-06
2023-06-20 08:00:06+00:00,5.90909746555142e-06
2023-06-20 09:00:02+00:00,7.295470673503942e-06
2023-06-20 10:00:06+00:00,8.82410552425959e-06
2023-06-20 11:00:05+00:00,7.285985094199095e-06
2023-06-20 12:00:08+00:00,8.626877717863539e-06
2023-06-20 13:00:01+00:00,9.741985900933448e-06
2023-06-20 14:00:09+00:00,8.590023728062583e-06
2023-06-20 15:00:09+00:00,1.6171524662830886e-05
2023-06-20 16:00:03+00:00,1.7088190559990984e-05
2023-06-20 17:00:21+00:00,9.484027424563193e-06
2023-06-20 18:00:05+00:00,1.2504141600336824e-05
2023-06-20 19:00:05+00:00,1.0872764220022004e-05
2023-06-20 20:00:04+00:00,1.0346010045637406e-05
2023-06-20 21:00:07+00:00,7.92609748971732e-06
2023-06-20 22:00:07+00:00,6.505672645239989e-06
2023-06-20 23:00:02+00:00,6.742205080173432e-06
2023-06-21 00:00:09+00:00,7.4255683149812535e-06
2023-06-21 01:00:07+00:00,8.037443039728037e-06
2023-06-21 02:00:04+00:00,7.912850451953082e-06
2023-06-21 03:00:07+00:00,6.5859277000581454e-06
2023-06-21 04:00:17+00:00,5.680831803574889e-06
2023-06-21 05:00:05+00:00,4.439216574113136e-06
2023-06-21 06:00:07+00:00,3.0960634713518465e-06
2023-06-21 07:00:05+00:00,4.994484568222251e-06
2023-06-21 08:00:06+00:00,1.748911785906906e-06
2023-06-21 09:00:06+00:00,4.233994421421955e-06
2023-06-21 10:00:00+00:00,6.955739686575143e-06
2023-06-21 11:00:02+00:00,1.1855305957162846e-05
2023-06-21 12:00:11+00:00,7.569567382388868e-06
2023-06-21 13:00:06+00:00,8.594754938094819e-06
2023-06-21 14:00:06+00:00,4.371059200422407e-06
2023-06-21 15:00:06+00:00,4.444719687210111e-06
2023-06-21 16:00:05+00:00,6.393338311742653e-06
2023-06-21 17:00:21+00:00,2.1697881985074756e-05
2023-06-21 18:00:07+00:00,1.1597804927644546e-05
2023-06-21 19:00:08+00:00,6.85648140842182e-06
2023-06-21 20:00:08+00:00,1.2403195223779577e-05
2023-06-21 21:00:00+00:00,1.0670230270427449e-05
2023-06-21 22:00:07+00:00,6.53378901276369e-06
2023-06-21 23:00:05+00:00,2.726868294483503e-05
2023-06-22 00:00:10+00:00,-1.7635143495247206e-05
2023-06-22 01:03:04+00:00,2.0369288706518447e-05
2023-06-22 02:00:08+00:00,1.3813906680036263e-05
2023-06-22 03:00:05+00:00,3.2833505125832474e-05
2023-06-22 04:00:13+00:00,-8.299527968361931e-06
2023-06-22 05:00:04+00:00,-1.2124690021793368e-06
2023-06-22 06:00:07+00:00,-5.943482263027085e-06
2023-06-22 07:03:04+00:00,1.530119506717961e-05
2023-06-22 08:00:11+00:00,8.65176661857901e-06
2023-06-22 09:00:06+00:00,1.4098666697453659e-05
2023-06-22 10:00:06+00:00,6.572896390910268e-06
2023-06-22 11:00:07+00:00,4.1282507659216174e-07
2023-06-22 12:00:06+00:00,-9.024315279068376e-06
2023-06-22 13:00:08+00:00,3.782423338064202e-06
2023-06-22 14:00:08+00:00,-1.8146180134353338e-06
2023-06-22 15:00:08+00:00,-4.221460472863466e-06
2023-06-22 16:00:04+00:00,1.845544973084806e-05
2023-06-22 17:00:06+00:00,7.518014722459992e-07
2023-06-22 18:00:05+00:00,1.8617971226934168e-05
2023-06-22 19:00:06+00:00,9.794778221899245e-06
2023-06-22 20:00:01+00:00,2.0665749461370466e-05
2023-06-22 21:00:05+00:00,3.44589885478213e-06
2023-06-22 22:00:07+00:00,4.574673012576159e-06
2023-06-22 23:00:05+00:00,-1.3932701221266421e-05
2023-06-23 00:02:29+00:00,-4.0798558193841934e-06
2023-06-23 01:00:04+00:00,-5.553750016735269e-06
2023-06-23 02:00:06+00:00,-1.624347508292439e-05
2023-06-23 03:00:07+00:00,4.3276739293368615e-06
2023-06-23 04:00:05+00:00,3.5774143574101907e-06
2023-06-23 05:00:05+00:00,-7.604007043644982e-06
2023-06-23 06:00:09+00:00,1.0293942127930396e-07
2023-06-23 07:00:04+00:00,-1.8102194135724571e-06
2023-06-23 08:03:03+00:00,-6.651730485500855e-06
2023-06-23 09:00:04+00:00,1.9773852310336e-06
2023-06-23 10:00:04+00:00,1.1463890292343333e-05
2023-06-23 11:03:08+00:00,5.763131935727277e-06
2023-06-23 12:03:05+00:00,1.3542315266253306e-05
2023-06-23 13:00:03+00:00,5.954974797674479e-06
2023-06-23 14:00:23+00:00,-3.2101761249436485e-06
2023-06-23 15:00:05+00:00,1.9290390328891083e-05
2023-06-23 16:00:25+00:00,2.9746223996446818e-05
2023-06-23 17:00:04+00:00,3.514339014557939e-05
2023-06-23 18:00:05+00:00,4.689508716235932e-05
2023-06-23 19:00:05+00:00,3.811886525213719e-05
2023-06-23 20:00:05+00:00,4.5993789352643035e-05
2023-06-23 21:00:06+00:00,3.672619712497922e-05
2023-06-23 22:00:05+00:00,2.274892764483222e-05
2023-06-23 23:00:06+00:00,3.2927508137815115e-05
2023-06-24 00:00:07+00:00,3.5412965973240164e-05
2023-06-24 01:00:13+00:00,2.9898366492139084e-05
2023-06-24 02:03:12+00:00,3.965726217229487e-05
2023-06-24 03:00:07+00:00,3.659687056053717e-05
2023-06-24 04:00:03+00:00,2.6712324093882717e-05
2023-06-24 05:00:03+00:00,2.7055081592149067e-05
2023-06-24 06:00:07+00:00,3.0100634028915517e-05
2023-06-24 07:00:09+00:00,3.1498444290940784e-05
2023-06-24 08:00:04+00:00,2.5876732140007317e-06
2023-06-24 09:00:03+00:00,1.642430639985532e-05
2023-06-24 10:00:04+00:00,3.052822178737618e-05
2023-06-24 11:00:04+00:00,3.0099167793316562e-05
2023-06-24 12:00:05+00:00,3.0454313302659952e-05
2023-06-24 13:00:05+00:00,1.4869316610348346e-05
2023-06-24 14:00:04+00:00,2.1325867865234586e-05
2023-06-24 15:00:05+00:00,2.5563413997059893e-05
2023-06-24 16:00:00+00:00,-3.7048739477432963e-06
2023-06-24 17:00:07+00:00,2.6781996220451693e-05
2023-06-24 18:00:05+00:00,3.550468994280808e-05
2023-06-24 19:00:06+00:00,3.613999040454038e-05
2023-06-24 20:00:04+00:00,2.228228955679055e-05
2023-06-24 21:00:05+00:00,3.218909933318238e-05
2023-06-24 22:00:04+00:00,4.086434075829555e-05
2023-06-24 23:00:07+00:00,3.648649673184027e-05
2023-06-25 00:00:04+00:00,2.5061593878621843e-05
2023-06-25 01:00:08+00:00,2.2449800366347445e-05
2023-06-25 02:00:04+00:00,3.3034724930681655e-05
2023-06-25 03:00:06+00:00,2.974899460501573e-05
2023-06-25 04:00:05+00:00,4.125501717096067e-05
2023-06-25 05:00:06+00:00,2.729722484127664e-05
2023-06-25 06:00:06+00:00,1.218655858508465e-05
2023-06-25 07:00:05+00:00,1.418800195056071e-05
2023-06-25 08:00:12+00:00,7.80991300394947e-06
2023-06-25 09:03:03+00:00,2.374406544515926e-05
2023-06-25 10:00:05+00:00,1.9760181724730096e-05
2023-06-25 11:00:06+00:00,1.8941930648439416e-05
2023-06-25 12:03:04+00:00,2.3825493160224354e-05
2023-06-25 13:00:04+00:00,2.3538306172981144e-05
2023-06-25 14:00:21+00:00,2.3914787783194657e-05
2023-06-25 15:00:06+00:00,1.8700833123177038e-05
2023-06-25 16:00:04+00:00,2.70337680979915e-05
2023-06-25 17:00:04+00:00,2.5187994669970885e-05
2023-06-25 18:00:22+00:00,3.2977549464276764e-05
2023-06-25 19:00:04+00:00,3.731926268604627e-05
2023-06-25 20:00:06+00:00,4.059950010786898e-05
2023-06-25 21:00:04+00:00,3.6595429879273825e-05
2023-06-25 22:00:07+00:00,3.4118274037641145e-05
2023-06-25 23:00:05+00:00,4.360921755726795e-05
2023-06-26 00:00:05+00:00,5.0681792012023475e-05
2023-06-26 01:01:56+00:00,2.8110649015710376e-05
2023-06-26 02:00:04+00:00,6.30390957903113e-05
2023-06-26 03:00:03+00:00,6.149570853939437e-05
2023-06-26 04:00:05+00:00,8.074886864655958e-05
2023-06-26 05:00:07+00:00,6.232980060632884e-05
2023-06-26 06:00:05+00:00,5.943789109989481e-05
2023-06-26 07:00:04+00:00,7.854435237235783e-05
2023-06-26 08:00:04+00:00,0.00010782575102231918
2023-06-26 09:00:06+00:00,8.896982153366215e-05
2023-06-26 10:03:29+00:00,6.284853765676428e-05
2023-06-26 11:00:04+00:00,1.557233764350675e-05
2023-06-26 12:00:06+00:00,7.382854615131994e-05
2023-06-26 13:00:05+00:00,6.400527929465104e-05
2023-06-26 14:00:05+00:00,7.879562092804113e-05
2023-06-26 15:00:05+00:00,5.203214852134984e-05
2023-06-26 16:02:43+00:00,5.1493808068971115e-05
2023-06-26 17:00:50+00:00,3.8798875820678144e-05
2023-06-26 18:00:09+00:00,5.267619811785882e-05
2023-06-26 19:00:05+00:00,8.04368579482492e-05
2023-06-26 20:00:02+00:00,6.288648788653836e-05
2023-06-26 21:03:05+00:00,4.9333457249525e-05
2023-06-26 22:03:06+00:00,6.778157980531687e-05
2023-06-26 23:00:05+00:00,4.9160359083690534e-05
2023-06-27 00:00:04+00:00,6.584145155688047e-05
2023-06-27 01:00:04+00:00,7.79175131912084e-05
2023-06-27 02:00:05+00:00,4.524543919837598e-05
2023-06-27 03:00:01+00:00,1.7101042218980888e-06
2023-06-27 04:00:06+00:00,4.9715796764992316e-05
2023-06-27 05:00:10+00:00,4.427285540745856e-05
2023-06-27 06:00:04+00:00,2.0817467714860254e-05
2023-06-27 07:00:03+00:00,4.779041575534459e-05
2023-06-27 08:00:10+00:00,9.091873795593189e-05
2023-06-27 09:00:07+00:00,2.4529112327378285e-07
2023-06-27 10:00:06+00:00,6.110431267946603e-08
2023-06-27 11:00:05+00:00,9.671978987225492e-05
2023-06-27 12:00:06+00:00,0.00010712727029925778
2023-06-27 13:00:07+00:00,6.833917557358651e-05
2023-06-27 14:00:07+00:00,3.1973288644013943e-08
2023-06-27 15:00:04+00:00,5.785068995469566e-05
2023-06-27 16:00:06+00:00,4.553331873051638e-05
2023-06-27 17:06:03+00:00,7.818732177338797e-05
2023-06-27 18:00:05+00:00,7.389475654962452e-05
2023-06-27 19:00:04+00:00,6.582956155654428e-05
2023-06-27 20:00:06+00:00,5.145792301095097e-05
2023-06-27 21:00:03+00:00,2.2160018197979755e-07
2023-06-27 22:00:05+00:00,7.273641807971743e-05
2023-06-27 23:00:08+00:00,6.817887815994164e-05
2023-06-28 00:00:04+00:00,9.816570957970888e-05
2023-06-28 01:00:04+00:00,9.911287075785843e-05
2023-06-28 02:00:04+00:00,3.800335026261871e-08
2023-06-28 03:00:10+00:00,2.7515929075153494e-05
2023-06-28 04:00:06+00:00,3.017525751433323e-07
2023-06-28 05:00:06+00:00,6.953453160550657e-05
2023-06-28 06:00:04+00:00,1.6089087870085985e-05
2023-06-28 07:00:05+00:00,1.2020301061359923e-08
2023-06-28 08:03:04+00:00,4.737633658046448e-05
2023-06-28 09:00:08+00:00,1.6957680141937074e-05
2023-06-28 10:03:06+00:00,-2.3246448533903315e-10
2023-06-28 11:00:05+00:00,5.153094944209657e-05
2023-06-28 12:00:04+00:00,5.155150529502364e-05
2023-06-28 13:00:07+00:00,8.17826965264466e-05
2023-06-28 14:00:11+00:00,8.383819608366752e-05
2023-06-28 15:00:05+00:00,9.257246039455838e-05
2023-06-28 16:00:06+00:00,5.8856913169241036e-05
2023-06-28 17:00:06+00:00,3.982141304536372e-05
2023-06-28 18:00:04+00:00,3.5873904989012576e-05
2023-06-28 19:00:06+00:00,5.726423015703893e-05
2023-06-28 20:03:04+00:00,7.536639586452029e-05
2023-06-28 21:00:05+00:00,8.45132865245135e-05
2023-06-28 22:00:06+00:00,9.756008196456264e-05
2023-06-28 23:00:05+00:00,8.192757316270223e-06
2023-06-29 00:00:05+00:00,7.064484373804685e-05
2023-06-29 01:00:04+00:00,5.785763513890795e-05
2023-06-29 02:03:02+00:00,7.743709757090521e-05
2023-06-29 03:00:04+00:00,1.2276034645699687e-05
2023-06-29 04:00:05+00:00,5.317228688719491e-05
2023-06-29 05:00:05+00:00,8.579097583035253e-05
2023-06-29 06:00:05+00:00,4.704673830015357e-05
2023-06-29 07:00:04+00:00,4.334701483025146e-05
2023-06-29 08:00:04+00:00,5.198180822570722e-05
2023-06-29 09:00:04+00:00,9.131948697753409e-05
2023-06-29 10:00:04+00:00,5.515472871686883e-05
2023-06-29 11:00:04+00:00,-3.938392853543318e-08
2023-06-29 12:00:04+00:00,4.9060029476033425e-05
2023-06-29 13:00:03+00:00,5.718961501538541e-05
2023-06-29 14:00:11+00:00,8.429184237991403e-05
2023-06-29 15:00:05+00:00,6.148116160334838e-05
2023-06-29 16:00:08+00:00,5.9149666511445115e-05
2023-06-29 17:00:05+00:00,1.1296708737603223e-05
2023-06-29 18:00:06+00:00,4.668039174862289e-05
2023-06-29 19:00:04+00:00,5.003779551577989e-05
2023-06-29 20:00:06+00:00,8.068393967537048e-06
2023-06-29 21:00:06+00:00,7.469010335866701e-05
2023-06-29 22:00:06+00:00,9.837088364678016e-05
2023-06-29 23:00:04+00:00,1.8484945225646477e-05
2023-06-30 00:00:04+00:00,7.130698811284561e-05
2023-06-30 01:00:09+00:00,1.7292164368545176e-08
2023-06-30 02:00:12+00:00,3.4555401370727294e-05
2023-06-30 03:00:33+00:00,5.429963245007449e-05
2023-06-30 04:00:06+00:00,6.657390128783561e-05
2023-06-30 05:00:13+00:00,9.861398236624115e-05
2023-06-30 06:00:04+00:00,4.6156946923177846e-05
2023-06-30 07:00:06+00:00,7.284904923759894e-05
2023-06-30 08:00:06+00:00,0.00011425196108071844
2023-06-30 09:00:04+00:00,0.00011336204752279092
2023-06-30 10:00:05+00:00,8.9030413310693e-05
2023-06-30 11:00:00+00:00,5.4991842990184855e-05
2023-06-30 12:00:06+00:00,0.00011847265665996548
2023-06-30 13:00:07+00:00,0.00012346221089255355
2023-06-30 14:00:40+00:00,3.515200587719691e-05
2023-06-30 15:00:16+00:00,7.780651584251963e-05
2023-06-30 16:00:24+00:00,8.172938671113594e-05
2023-06-30 17:00:05+00:00,4.829984580893849e-05
2023-06-30 18:00:01+00:00,2.1493928814626755e-05
2023-06-30 19:06:05+00:00,1.630104279101834e-05
2023-06-30 20:00:15+00:00,5.360919654331344e-05
2023-06-30 21:00:13+00:00,6.107329255745798e-05
2023-06-30 22:00:25+00:00,7.106200894750138e-05
2023-06-30 23:00:07+00:00,4.849101916619131e-05
2023-07-01 00:00:04+00:00,2.3999509956605926e-05
2023-07-01 01:00:22+00:00,1.7785369336270863e-05
2023-07-01 02:00:05+00:00,2.0570103185545477e-05
2023-07-01 03:00:04+00:00,3.0084061059291436e-08
2023-07-01 04:00:05+00:00,1.5706215975671126e-05
2023-07-01 05:00:03+00:00,2.4341704763227316e-05
2023-07-01 06:00:12+00:00,4.3520462175751544e-05
2023-07-01 07:00:08+00:00,5.040293614115497e-05
2023-07-01 08:00:06+00:00,2.769987129432582e-05
2023-07-01 09:00:06+00:00,3.126855034921246e-05
2023-07-01 10:00:05+00:00,2.9343218613540658e-05
2023-07-01 11:00:09+00:00,4.775442154083534e-05
2023-07-01 12:00:10+00:00,6.289350071805783e-05
2023-07-01 13:00:11+00:00,8.692016796031685e-05
2023-07-01 14:00:04+00:00,4.540331761376995e-05
2023-07-01 15:00:03+00:00,2.151000452089825e-05
2023-07-01 16:00:08+00:00,5.855839820141732e-06
2023-07-01 17:00:10+00:00,5.489038713944927e-09
2023-07-01 18:00:15+00:00,-2.9570710501095e-09
2023-07-01 19:00:08+00:00,3.2351866773174447e-07
2023-07-01 20:00:04+00:00,4.277068968398026e-05
2023-07-01 21:00:03+00:00,4.569017931708236e-05
2023-07-01 22:00:05+00:00,1.538697969364362e-08
2023-07-01 23:00:04+00:00,1.116500669473436e-06
2023-07-02 00:00:05+00:00,5.1886115584564495e-06
2023-07-02 01:00:12+00:00,4.832952120050855e-05
2023-07-02 02:00:04+00:00,3.8301763766466967e-07
2023-07-02 03:00:06+00:00,2.8807403367122914e-05
2023-07-02 04:00:04+00:00,4.7217796068147896e-05
2023-07-02 05:00:06+00:00,5.789574604172709e-05
2023-07-02 06:00:05+00:00,4.3123232970718647e-08
2023-07-02 07:00:06+00:00,3.347420012205813e-05
2023-07-02 08:00:03+00:00,5.1995494880731446e-05
2023-07-02 09:00:06+00:00,1.221070898075415e-08
2023-07-02 10:00:03+00:00,1.0731652793056421e-07
2023-07-02 11:00:05+00:00,-3.084991276322543e-10
2023-07-02 12:00:07+00:00,-1.8371716776987807e-09
2023-07-02 13:00:02+00:00,6.533990102927267e-06
2023-07-02 14:00:05+00:00,7.244334463249546e-09
2023-07-02 15:00:03+00:00,2.529020338070299e-05
2023-07-02 16:00:07+00:00,3.5391064944161655e-05
2023-07-02 17:00:03+00:00,4.64270694005453e-05
2023-07-02 18:00:09+00:00,1.5021825552674316e-05
2023-07-02 19:00:07+00:00,6.943749940602823e-05
2023-07-02 20:00:05+00:00,6.455524570423275e-05
2023-07-02 21:00:03+00:00,4.9800387912172264e-05
2023-07-02 22:00:03+00:00,4.806721425937592e-05
2023-07-02 23:00:07+00:00,4.137160892377701e-05
2023-07-03 00:00:05+00:00,6.587471912653581e-05
2023-07-03 01:00:12+00:00,7.962279378024416e-05
2023-07-03 02:00:06+00:00,6.769430686076551e-05
2023-07-03 03:00:08+00:00,7.328754087712532e-05
2023-07-03 04:00:08+00:00,5.094884503977137e-05
2023-07-03 05:00:07+00:00,6.788415224470391e-05
2023-07-03 06:00:03+00:00,6.705916080083486e-05
2023-07-03 07:00:05+00:00,9.64278124002913e-05
2023-07-03 08:00:01+00:00,8.556254082577341e-05
2023-07-03 09:00:04+00:00,9.928407049709104e-05
2023-07-03 10:03:04+00:00,9.184975751659155e-05
2023-07-03 11:00:04+00:00,9.097481996354188e-05
2023-07-03 12:00:07+00:00,7.162923924087042e-05
2023-07-03 13:00:10+00:00,1.2473411938140406e-05
2023-07-03 14:00:06+00:00,4.6485185347088487e-05
2023-07-03 15:00:05+00:00,6.879468987615011e-05
2023-07-03 16:00:05+00:00,6.016651313644791e-05
2023-07-03 17:00:05+00:00,4.249935826363864e-05
2023-07-03 18:00:05+00:00,5.127024707170485e-05
2023-07-03 19:00:05+00:00,8.585471044939039e-05
2023-07-03 20:00:03+00:00,4.875251863361823e-05
2023-07-03 21:00:04+00:00,9.588774950954748e-05
2023-07-03 22:00:04+00:00,0.00011073565143700359
2023-07-03 23:00:08+00:00,0.00010418687162865003
2023-07-04 00:00:04+00:00,6.377482362816663e-05
2023-07-04 01:00:10+00:00,0.00010023129987358645
2023-07-04 02:00:04+00:00,0.00012187304911251797
2023-07-04 03:00:09+00:00,0.00012308368880260627
2023-07-04 04:00:04+00:00,9.765840935929454e-05
2023-07-04 05:00:05+00:00,9.801287538722664e-05
2023-07-04 06:00:08+00:00,7.2777776546704e-05
2023-07-04 07:00:10+00:00,6.683190413551718e-06
2023-07-04 08:00:04+00:00,3.072315256619192e-05
2023-07-04 09:00:04+00:00,4.291946752935076e-05
2023-07-04 10:00:04+00:00,5.630500063527925e-05
2023-07-04 11:00:04+00:00,6.489368900162744e-09
2023-07-04 12:00:04+00:00,-6.029405658427654e-09
2023-07-04 13:00:08+00:00,-5.476251130496063e-09
2023-07-04 14:00:05+00:00,9.706648629825898e-08
2023-07-04 15:00:09+00:00,6.440642141214797e-09
2023-07-04 16:00:04+00:00,4.4284756498550636e-05
2023-07-04 17:00:06+00:00,2.9878116061095993e-05
2023-07-04 18:00:07+00:00,4.313902382567464e-05
2023-07-04 19:00:02+00:00,4.388961524053209e-05
2023-07-04 20:00:05+00:00,2.2507289128585602e-05
2023-07-04 21:00:04+00:00,4.797456950793904e-05
2023-07-04 22:00:05+00:00,9.219732831968871e-09
2023-07-04 23:00:04+00:00,4.099356944443832e-05
2023-07-05 00:00:06+00:00,9.014403138314472e-09
2023-07-05 01:00:03+00:00,2.6496601969979054e-05
2023-07-05 02:00:05+00:00,4.360190735916221e-05
2023-07-05 03:00:05+00:00,5.0589187003065986e-05
2023-07-05 04:00:04+00:00,4.1865811529977414e-05
2023-07-05 05:00:12+00:00,3.8074326240189955e-05
2023-07-05 06:00:07+00:00,1.797603047035894e-07
2023-07-05 07:00:08+00:00,3.007227516592627e-05
2023-07-05 08:00:04+00:00,1.642269994377713e-07
2023-07-05 09:00:05+00:00,3.257065839433081e-05
2023-07-05 10:00:04+00:00,2.9495148443164066e-08
2023-07-05 11:00:07+00:00,-3.287538792542313e-06
2023-07-05 12:00:19+00:00,4.922113142809227e-08
2023-07-05 13:00:11+00:00,2.8562505294660624e-05
2023-07-05 14:00:05+00:00,3.436404415638246e-05
2023-07-05 15:00:11+00:00,2.7849466262250652e-05
2023-07-05 16:00:06+00:00,1.975317736353947e-05
2023-07-05 17:00:04+00:00,9.519709185062433e-08
2023-07-05 18:00:05+00:00,2.83722972234268e-05
2023-07-05 19:00:10+00:00,3.1989102293128715e-05
2023-07-05 20:00:13+00:00,1.3709663836593064e-05
2023-07-05 21:00:08+00:00,2.123736314211505e-05
2023-07-05 22:00:07+00:00,2.7224669887460338e-05
2023-07-05 23:00:14+00:00,3.596496835750441e-05
2023-07-06 00:00:09+00:00,3.844039508762382e-05
2023-07-06 01:00:07+00:00,4.0518051515268885e-05
2023-07-06 02:00:06+00:00,5.069417412544271e-05
2023-07-06 03:00:17+00:00,-5.906863904574243e-10
2023-07-06 04:00:06+00:00,1.193781527683857e-07
2023-07-06 05:00:05+00:00,8.225907741231068e-09
2023-07-06 06:00:12+00:00,3.9852039674049166e-05
2023-07-06 07:00:05+00:00,3.594383051512996e-05
2023-07-06 08:00:06+00:00,3.440261876220362e-05
2023-07-06 09:00:12+00:00,4.452282512676087e-05
2023-07-06 10:00:04+00:00,3.180461283720651e-06
2023-07-06 11:00:09+00:00,3.907261533009767e-05
2023-07-06 12:00:04+00:00,5.919160564390486e-05
2023-07-06 13:00:04+00:00,6.301227893670034e-05
2023-07-06 14:00:03+00:00,3.2920290877918814e-05
2023-07-06 15:00:16+00:00,5.031769993902069e-05
2023-07-06 16:00:03+00:00,4.8104026971624375e-05
2023-07-06 17:00:04+00:00,3.387801277275853e-05
2023-07-06 18:00:05+00:00,4.2762036413580045e-05
2023-07-06 19:00:13+00:00,6.947697115349132e-05
2023-07-06 20:00:12+00:00,8.051570813542775e-05
2023-07-06 21:00:03+00:00,6.558340162002784e-05
2023-07-06 22:00:04+00:00,6.864537479251421e-05
2023-07-06 23:00:05+00:00,6.617555310042948e-05
2023-07-07 00:00:09+00:00,3.989176923667064e-05
2023-07-07 01:00:06+00:00,5.479060659732644e-05
2023-07-07 02:00:04+00:00,5.391735602398522e-05
2023-07-07 03:00:08+00:00,4.8444457782503717e-05
2023-07-07 04:00:08+00:00,5.158735924457255e-05
2023-07-07 05:00:14+00:00,3.894453610337059e-05
2023-07-07 06:00:04+00:00,5.866195837603912e-05
2023-07-07 07:00:05+00:00,5.6124388912628136e-05
2023-07-07 08:00:07+00:00,5.050515848079624e-05
2023-07-07 09:00:10+00:00,4.8084773541746285e-05
2023-07-07 10:00:14+00:00,4.689702515650477e-05
2023-07-07 11:00:10+00:00,5.50369101316314e-05
2023-07-07 12:00:06+00:00,5.092849236909289e-05
2023-07-07 13:00:13+00:00,6.174638761677599e-05
2023-07-07 14:00:05+00:00,7.48966645622644e-05
2023-07-07 15:00:13+00:00,8.344289655983933e-05
2023-07-07 16:00:09+00:00,6.935211908993622e-05
2023-07-07 17:00:05+00:00,6.553800630687872e-05
2023-07-07 18:00:16+00:00,5.5048860877943095e-05
2023-07-07 19:00:07+00:00,5.420120313376568e-05
2023-07-07 20:00:24+00:00,6.185350607807363e-05
2023-07-07 21:00:13+00:00,5.139426631867182e-05
2023-07-07 22:00:04+00:00,4.5763204313117574e-05
2023-07-07 23:00:10+00:00,6.23237323041518e-05
2023-07-08 00:00:06+00:00,5.8519216021740094e-05
2023-07-08 01:00:04+00:00,6.98363857226496e-05
2023-07-08 02:00:07+00:00,6.618629212878929e-05
2023-07-08 03:00:06+00:00,5.8387094742064e-05
2023-07-08 04:00:05+00:00,4.903484829897854e-05
2023-07-08 05:00:07+00:00,4.200073519495543e-05
2023-07-08 06:00:05+00:00,4.5953880495025197e-05
2023-07-08 07:00:11+00:00,4.54502539191087e-05
2023-07-08 08:00:44+00:00,4.8131828094297104e-05
2023-07-08 09:00:04+00:00,5.3261888362143854e-05
2023-07-08 10:00:05+00:00,4.734373218121223e-05
2023-07-08 11:00:11+00:00,4.585369062358601e-05
2023-07-08 12:00:03+00:00,4.873025758560027e-05
2023-07-08 13:00:05+00:00,4.087420500478902e-05
2023-07-08 14:00:05+00:00,3.573473306916259e-05
2023-07-08 15:00:11+00:00,3.5440987113623106e-05
2023-07-08 16:00:05+00:00,3.720791637396126e-05
2023-07-08 17:00:07+00:00,3.36821512889123e-05
2023-07-08 18:00:04+00:00,3.11172961228571e-05
2023-07-08 19:00:03+00:00,1.974410684468798e-05
2023-07-08 20:00:03+00:00,1.7118045753948117e-05
2023-07-08 21:00:06+00:00,4.02085257236346e-05
2023-07-08 22:00:06+00:00,4.001581122089145e-05
2023-07-08 23:00:03+00:00,5.4882869904616515e-05
2023-07-09 00:00:07+00:00,4.1386965156332615e-05
2023-07-09 01:00:04+00:00,5.815996342562395e-05
2023-07-09 02:00:04+00:00,5.18875048846498e-05
2023-07-09 03:00:02+00:00,5.9090759531784775e-05
2023-07-09 04:00:01+00:00,5.90481768811692e-05
2023-07-09 05:00:04+00:00,6.574051271571846e-05
2023-07-09 06:00:05+00:00,5.793174184360632e-05
2023-07-09 07:00:03+00:00,6.096737424374961e-05
2023-07-09 08:00:00+00:00,5.623139867317871e-05
2023-07-09 09:00:04+00:00,4.05049595717057e-05
2023-07-09 10:00:04+00:00,4.593579621194107e-05
2023-07-09 11:00:06+00:00,5.143444812935315e-05
2023-07-09 12:00:11+00:00,5.327767926042849e-05
2023-07-09 13:00:14+00:00,6.392600982326048e-05
2023-07-09 14:00:11+00:00,5.8236129085931244e-05
2023-07-09 15:00:04+00:00,5.4052790258050727e-05
2023-07-09 16:00:07+00:00,3.183534177999381e-05
2023-07-09 17:00:12+00:00,3.893211255065132e-05
2023-07-09 18:00:05+00:00,4.558554279355507e-05
2023-07-09 19:00:03+00:00,4.730273268397235e-05
2023-07-09 20:00:04+00:00,3.5745537231156186e-05
2023-07-09 21:00:04+00:00,2.142981561616321e-08
2023-07-09 22:00:03+00:00,3.378673129404455e-05
2023-07-09 23:00:04+00:00,4.9042402057173174e-05
2023-07-10 00:00:05+00:00,3.678192421698573e-05
2023-07-10 01:00:11+00:00,3.797096876132541e-05
2023-07-10 02:00:05+00:00,3.640762781995154e-05
2023-07-10 03:00:07+00:00,5.366776069002345e-05
2023-07-10 04:00:05+00:00,4.619782577960794e-08
2023-07-10 05:00:05+00:00,5.446280953136591e-09
2023-07-10 06:00:04+00:00,1.7732128475652914e-08
2023-07-10 07:00:05+00:00,9.945003997012793e-09
2023-07-10 08:00:05+00:00,3.275514638027536e-05
2023-07-10 09:00:08+00:00,4.320635342724812e-05
2023-07-10 10:00:03+00:00,5.2370192200578087e-05
2023-07-10 11:00:04+00:00,4.18838688866378e-05
2023-07-10 12:00:04+00:00,4.707610642582964e-06
2023-07-10 13:00:04+00:00,2.2573113116793376e-05
2023-07-10 14:00:04+00:00,2.037679135269001e-05
2023-07-10 15:00:04+00:00,3.0902872213887314e-05
2023-07-10 16:00:05+00:00,3.7591369138061765e-05
2023-07-10 17:00:07+00:00,5.409839900392022e-05
2023-07-10 18:00:04+00:00,6.194603604837147e-05
2023-07-10 19:00:14+00:00,6.229302764154896e-05
2023-07-10 20:00:32+00:00,5.5859303769045794e-05
2023-07-10 21:00:11+00:00,1.8402897364954054e-05
2023-07-10 22:00:04+00:00,5.611841373510395e-06
2023-07-10 23:00:17+00:00,6.212064910863732e-05
2023-07-11 00:00:04+00:00,4.64935394787099e-05
2023-07-11 01:00:09+00:00,4.853186640881603e-05
2023-07-11 02:00:04+00:00,5.791022513739641e-05
2023-07-11 03:00:05+00:00,2.99470078996164e-06
2023-07-11 04:00:04+00:00,3.265398640194721e-05
2023-07-11 05:00:08+00:00,3.422881582163391e-05
2023-07-11 06:00:08+00:00,3.8419182491282745e-05
2023-07-11 07:00:03+00:00,5.142564679859468e-05
2023-07-11 08:00:08+00:00,3.712131355271571e-05
2023-07-11 09:00:04+00:00,3.888354552174001e-05
2023-07-11 10:00:03+00:00,4.7596958371932726e-05
2023-07-11 11:00:07+00:00,4.293772374328084e-05
2023-07-11 12:00:03+00:00,4.193615083172012e-05
2023-07-11 13:00:06+00:00,4.874744800919475e-05
2023-07-11 14:00:05+00:00,5.792367160129499e-05
2023-07-11 15:00:04+00:00,3.053427400570096e-05
2023-07-11 16:00:07+00:00,5.000804130259674e-05
2023-07-11 17:00:04+00:00,5.056087512695414e-05
2023-07-11 18:00:04+00:00,2.9110559841616043e-05
2023-07-11 19:00:02+00:00,3.698693423693453e-05
2023-07-11 20:00:04+00:00,5.060251554976624e-05
2023-07-11 21:00:08+00:00,3.3558799390681043e-05
2023-07-11 22:00:11+00:00,4.454679324217628e-05
2023-07-11 23:00:07+00:00,4.900205155797581e-05
2023-07-12 00:00:07+00:00,3.259834407905293e-05
2023-07-12 01:00:05+00:00,3.358614812732468e-05
2023-07-12 02:00:05+00:00,2.7912800024920263e-05
2023-07-12 03:00:05+00:00,3.455234998901781e-05
2023-07-12 04:00:05+00:00,2.5365798205026464e-05
2023-07-12 05:00:05+00:00,1.5836121272047436e-05
2023-07-12 06:00:06+00:00,5.527839797940619e-05
2023-07-12 07:00:06+00:00,-3.1602580940589107e-09
2023-07-12 08:00:04+00:00,5.6943782965041204e-05
2023-07-12 09:00:06+00:00,2.7211203140936483e-05
2023-07-12 10:00:08+00:00,9.126755398739378e-09
2023-07-12 11:00:06+00:00,3.3950179210249984e-05
2023-07-12 12:00:04+00:00,6.345261308422323e-05
2023-07-12 13:00:07+00:00,6.372470182018033e-05
2023-07-12 14:00:06+00:00,7.39188123311014e-05
2023-07-12 15:00:12+00:00,6.285886440003835e-05
2023-07-12 16:00:05+00:00,3.755829892485744e-05
2023-07-12 17:00:15+00:00,5.570427574224514e-08
2023-07-12 18:00:05+00:00,4.0380243319533416e-05
2023-07-12 19:00:10+00:00,2.0540580472478227e-05
2023-07-12 20:00:04+00:00,3.1264334518170384e-06
2023-07-12 21:00:06+00:00,2.213001845741037e-08
2023-07-12 22:00:06+00:00,9.976847516150798e-06
2023-07-12 23:00:04+00:00,1.0420845999394603e-05
2023-07-13 00:00:07+00:00,7.100808023283609e-06
2023-07-13 01:00:07+00:00,4.3747518505597775e-06
2023-07-13 02:00:10+00:00,3.897926440707419e-06
2023-07-13 03:00:05+00:00,1.3035726890997556e-05
2023-07-13 04:00:05+00:00,1.9633012612399884e-05
2023-07-13 05:00:05+00:00,1.0275057934494722e-05
2023-07-13 06:00:01+00:00,1.352461320344694e-05
2023-07-13 07:00:04+00:00,6.756229901878189e-06
2023-07-13 08:00:13+00:00,-8.36202828467217e-07
2023-07-13 09:00:06+00:00,1.2260557859418685e-05
2023-07-13 10:00:06+00:00,9.810863391161316e-06
2023-07-13 11:00:06+00:00,-2.27021893557143e-08
2023-07-13 12:00:08+00:00,-5.027443870816803e-09
2023-07-13 13:00:17+00:00,1.2581434673505198e-05
2023-07-13 14:00:04+00:00,2.9252603675896635e-05
2023-07-13 15:00:05+00:00,2.6468663472527635e-05
2023-07-13 16:01:14+00:00,7.315072424717718e-05
2023-07-13 17:00:36+00:00,3.831635009766269e-05
2023-07-13 18:00:01+00:00,0.00013092452638001025
2023-07-13 19:00:06+00:00,0.00014857468720268162
2023-07-13 20:00:10+00:00,0.0001351177886058373
2023-07-13 21:00:07+00:00,6.128331117267979e-05
2023-07-13 22:00:04+00:00,5.214265675203147e-05
2023-07-13 23:00:06+00:00,8.912216673025137e-05
2023-07-14 00:00:06+00:00,0.00010750231965737152
2023-07-14 01:00:07+00:00,9.075743266401911e-05
2023-07-14 02:00:25+00:00,8.162372507781531e-05
2023-07-14 03:00:13+00:00,7.060810513513573e-05
2023-07-14 04:00:10+00:00,7.115918066373244e-05
2023-07-14 05:00:18+00:00,7.759616740559315e-05
2023-07-14 06:00:09+00:00,2.7344418407076087e-05
2023-07-14 07:00:11+00:00,4.09014855479917e-05
2023-07-14 08:00:14+00:00,4.2898897978766725e-05
2023-07-14 09:00:02+00:00,7.817235683142046e-05
2023-07-14 10:00:07+00:00,3.1940630434324934e-08
2023-07-14 11:00:03+00:00,6.363050368973213e-05
2023-07-14 12:00:14+00:00,4.9408027527695366e-05
2023-07-14 13:00:04+00:00,4.866090495994382e-07
2023-07-14 14:00:09+00:00,3.0862772809867373e-10
2023-07-14 15:00:11+00:00,-1.3855596020100595e-08
2023-07-14 16:00:13+00:00,6.249490780495765e-05
2023-07-14 17:03:06+00:00,2.6271654910940942e-08
2023-07-14 18:00:11+00:00,7.806317777515073e-05
2023-07-14 19:00:20+00:00,6.55573492384209e-05
2023-07-14 20:00:04+00:00,8.45654283880316e-05
2023-07-14 21:00:18+00:00,6.962207111121614e-05
2023-07-14 22:00:03+00:00,0.00012679635923457043
2023-07-14 23:00:07+00:00,0.0001587564065734252
2023-07-15 00:00:03+00:00,0.00015250226429252406
2023-07-15 01:00:08+00:00,8.789585924401884e-05
2023-07-15 02:00:04+00:00,0.00010979788776640681
2023-07-15 03:00:05+00:00,3.145837258046235e-08
2023-07-15 04:00:05+00:00,5.794698342553445e-05
2023-07-15 05:00:04+00:00,1.0637199183939275e-07
2023-07-15 06:00:05+00:00,4.547765566980212e-09
2023-07-15 07:00:03+00:00,2.0590969435463914e-07
2023-07-15 08:00:04+00:00,9.847580727281548e-05
2023-07-15 09:00:06+00:00,2.8555838852237017e-08
2023-07-15 10:00:05+00:00,1.0224019814080146e-07
2023-07-15 11:00:05+00:00,-3.496943875185642e-09
2023-07-15 12:00:04+00:00,8.087934873879726e-05
2023-07-15 13:00:06+00:00,1.8576260904594828e-06
2023-07-15 14:00:05+00:00,2.9103603079094324e-06
2023-07-15 15:00:05+00:00,3.6768329418009314e-05
2023-07-15 16:00:05+00:00,2.7945355344146504e-05
2023-07-15 17:00:02+00:00,2.722734103822786e-05
2023-07-15 18:00:04+00:00,4.084677334007516e-05
2023-07-15 19:00:07+00:00,4.76519081354495e-05
2023-07-15 20:00:06+00:00,5.159954961252853e-05
2023-07-15 21:00:04+00:00,4.8228063384797566e-05
2023-07-15 22:00:01+00:00,4.69138774655259e-05
2023-07-15 23:00:04+00:00,4.282753067877236e-05
2023-07-16 00:00:04+00:00,7.640158519155545e-05
2023-07-16 01:00:07+00:00,1.1828995847187093e-06
2023-07-16 02:00:03+00:00,3.380442346176111e-05
2023-07-16 03:00:08+00:00,4.953263828720672e-05
2023-07-16 04:00:06+00:00,3.6008178195132415e-05
2023-07-16 05:00:05+00:00,7.896808375314821e-07
2023-07-16 06:00:04+00:00,1.0828919788445824e-07
2023-07-16 07:00:05+00:00,6.544866136443025e-05
2023-07-16 08:00:03+00:00,8.555179022320909e-05
2023-07-16 09:00:04+00:00,1.720699304034177e-08
2023-07-16 10:00:05+00:00,-4.9503297008142134e-09
2023-07-16 11:00:04+00:00,6.256438609582285e-05
2023-07-16 12:00:03+00:00,3.665806068937519e-05
2023-07-16 13:00:13+00:00,7.61290394110803e-05
2023-07-16 14:00:08+00:00,3.762093332825715e-05
2023-07-16 15:00:09+00:00,0.00010622897607240328
2023-07-16 16:00:05+00:00,5.417361110112842e-05
2023-07-16 17:00:03+00:00,8.067501823685735e-05
2023-07-16 18:00:05+00:00,8.54486409989872e-05
2023-07-16 19:00:05+00:00,9.047306140686534e-05
2023-07-16 20:00:12+00:00,7.883100436276477e-05
2023-07-16 21:00:07+00:00,4.935253963313442e-05
2023-07-16 22:00:06+00:00,7.730755070754429e-05
2023-07-16 23:00:09+00:00,0.00010330269025482858
2023-07-17 00:00:06+00:00,7.670587330582943e-05
2023-07-17 01:00:06+00:00,6.968153363265305e-05
2023-07-17 02:03:06+00:00,9.872179714694812e-05
2023-07-17 03:00:12+00:00,9.901609571617842e-05
2023-07-17 04:00:05+00:00,0.00010015323038553495
2023-07-17 05:00:07+00:00,7.906956884784708e-05
2023-07-17 06:00:04+00:00,6.085464035529809e-05
2023-07-17 07:00:07+00:00,0.000101403294510219
2023-07-17 08:00:17+00:00,0.00010053573184062506
2023-07-17 09:00:06+00:00,9.969112337765246e-07
2023-07-17 10:00:06+00:00,5.859745411857213e-05
2023-07-17 11:00:10+00:00,9.60521384107576e-05
2023-07-17 12:00:06+00:00,8.411296502367823e-05
2023-07-17 13:00:12+00:00,5.004962578080501e-05
2023-07-17 14:00:08+00:00,6.71677657275747e-05
2023-07-17 15:03:06+00:00,7.494639883462301e-05
2023-07-17 16:00:18+00:00,1.1627834203325524e-05
2023-07-17 17:03:08+00:00,4.796771252936221e-05
2023-07-17 18:00:13+00:00,4.5225876488797436e-05
2023-07-17 19:00:06+00:00,2.257326890001638e-05
2023-07-17 20:00:06+00:00,6.412439034928348e-05
2023-07-17 21:00:06+00:00,6.185076707802625e-05
2023-07-17 22:00:23+00:00,2.4604179312442563e-05
2023-07-17 23:00:06+00:00,2.163550607121217e-05
2023-07-18 00:00:11+00:00,2.750315002305212e-09
2023-07-18 01:00:03+00:00,4.125849385053294e-05
2023-07-18 02:00:04+00:00,1.0009401556060445e-09
2023-07-18 03:03:08+00:00,6.366947029550596e-09
2023-07-18 04:00:07+00:00,5.170330214307789e-06
2023-07-18 05:00:04+00:00,5.7032662219413005e-05
2023-07-18 06:00:05+00:00,2.3397654311931206e-08
2023-07-18 07:00:04+00:00,1.792057137617556e-07
2023-07-18 08:00:04+00:00,1.0378215785564882e-08
2023-07-18 09:00:04+00:00,2.0261901669906773e-05
2023-07-18 10:00:04+00:00,1.0423168007313965e-08
2023-07-18 11:00:03+00:00,4.926127476367381e-08
2023-07-18 12:00:03+00:00,-3.4059100092635037e-07
2023-07-18 13:00:09+00:00,1.8271467305717449e-06
2023-07-18 14:03:04+00:00,4.7438770232320065e-05
2023-07-18 15:00:04+00:00,4.053639658022727e-05
2023-07-18 16:00:14+00:00,2.1676750906237476e-05
2023-07-18 17:00:34+00:00,-1.6782201644325545e-05
2023-07-18 18:00:07+00:00,2.0942064007720264e-05
2023-07-18 19:00:33+00:00,3.082663753738941e-05
2023-07-18 20:00:07+00:00,-5.637127234560717e-09
2023-07-18 21:00:10+00:00,1.3574833488561598e-05
2023-07-18 22:00:08+00:00,1.0916755868025995e-05
2023-07-18 23:00:15+00:00,1.838680023874991e-09
2023-07-19 00:00:04+00:00,3.304139923822138e-07
2023-07-19 01:03:10+00:00,0.00010390189311008288
2023-07-19 02:00:05+00:00,0.00010950356753922643
2023-07-19 03:00:04+00:00,5.994197161047113e-05
2023-07-19 04:00:06+00:00,7.085491475123649e-05
2023-07-19 05:00:07+00:00,4.7917994481415534e-05
2023-07-19 06:00:10+00:00,3.123795580444563e-05
2023-07-19 07:00:08+00:00,8.677749607584736e-06
2023-07-19 08:00:06+00:00,1.5662415987227812e-05
2023-07-19 09:00:07+00:00,-8.039586249906851e-06
2023-07-19 10:00:04+00:00,3.296994444230485e-05
2023-07-19 11:00:03+00:00,1.0911634727397531e-05
2023-07-19 12:00:04+00:00,2.2506829796020485e-05
2023-07-19 13:00:10+00:00,3.064079137600542e-06
2023-07-19 14:01:43+00:00,3.3763935102062035e-05
2023-07-19 15:00:06+00:00,-1.2005122222437537e-05
2023-07-19 16:00:09+00:00,2.7072465467463148e-05
2023-07-19 17:00:03+00:00,2.585745507703954e-05
2023-07-19 18:03:18+00:00,4.733397504115425e-05
2023-07-19 19:00:09+00:00,5.9602983209043996e-05
2023-07-19 20:00:05+00:00,2.578742996934256e-05
2023-07-19 21:00:14+00:00,-1.8931257379366354e-05
2023-07-19 22:00:04+00:00,-1.7328528694853687e-06
2023-07-19 23:00:05+00:00,3.6380911919085642e-06
2023-07-20 00:00:03+00:00,2.2702057053785514e-05
2023-07-20 01:00:10+00:00,0.00012546041636503957
2023-07-20 02:00:04+00:00,4.2292034390450646e-05
2023-07-20 03:00:05+00:00,2.3636694143506447e-05
2023-07-20 04:00:03+00:00,1.0741744843901005e-05
2023-07-20 05:00:04+00:00,2.0639722308550425e-05
2023-07-20 06:00:11+00:00,7.762551261875672e-05
2023-07-20 07:00:03+00:00,4.964592734994206e-05
2023-07-20 08:00:05+00:00,5.8158018856500435e-05
2023-07-20 09:00:14+00:00,5.9733158461759446e-05
2023-07-20 10:00:05+00:00,6.13632701778655e-05
2023-07-20 11:00:05+00:00,4.2863953922266196e-05
2023-07-20 12:00:07+00:00,4.9152324812071635e-05
2023-07-20 13:00:07+00:00,1.9734825625029577e-05
2023-07-20 14:00:05+00:00,3.4703199486095614e-05
2023-07-20 15:00:05+00:00,3.0044535671393306e-06
2023-07-20 16:03:14+00:00,4.310626356767725e-06
2023-07-20 17:00:06+00:00,-2.963509153354472e-05
2023-07-20 18:00:06+00:00,3.3289723680789935e-05
2023-07-20 19:09:47+00:00,3.8109373573298866e-05
2023-07-20 20:38:00+00:00,2.9481179142579586e-05
2023-07-20 22:00:10+00:00,4.445855565432096e-05
2023-07-20 23:00:08+00:00,2.566127363189662e-05
2023-07-21 00:00:08+00:00,4.927586109583799e-05
2023-07-21 01:00:04+00:00,2.6767002721731057e-05
2023-07-21 02:03:18+00:00,3.797386307254549e-05
2023-07-21 03:00:04+00:00,8.745723914947456e-05
2023-07-21 04:00:04+00:00,5.099761887753517e-05
2023-07-21 05:00:07+00:00,1.10194036001041e-05
2023-07-21 06:00:07+00:00,-6.113223600665139e-07
2023-07-21 07:00:03+00:00,6.704763126300329e-05
2023-07-21 08:00:08+00:00,-2.210637636938853e-05
2023-07-21 09:00:05+00:00,2.8258147724053953e-05
2023-07-21 10:00:05+00:00,-3.635096458141388e-08
2023-07-21 11:00:08+00:00,1.6860014101224235e-05
2023-07-21 12:00:05+00:00,1.6682495950767e-05
2023-07-21 13:00:05+00:00,0.00012414500946010288
2023-07-21 14:00:12+00:00,-5.16697220334086e-06
2023-07-21 15:00:10+00:00,0.00010548347873862037
2023-07-21 16:00:08+00:00,2.1968843654916825e-05
2023-07-21 17:00:05+00:00,1.3816135003400934e-05
2023-07-21 18:00:04+00:00,0.00014688582732486056
2023-07-21 19:00:07+00:00,4.26560346267956e-05
2023-07-21 20:00:07+00:00,2.311353308568049e-06
2023-07-21 21:03:08+00:00,2.13931006359681e-05
2023-07-21 22:00:03+00:00,3.075650270337181e-05
2023-07-21 23:00:10+00:00,5.665242910009117e-05
2023-07-22 00:00:13+00:00,1.828339467205702e-05
2023-07-22 01:00:06+00:00,0.00012218194033835513
2023-07-22 02:00:03+00:00,2.36121614348099e-05
2023-07-22 03:00:04+00:00,2.0956379722148484e-05
2023-07-22 04:00:15+00:00,4.477219521245558e-06
2023-07-22 05:00:05+00:00,2.293462843815811e-06
2023-07-22 06:00:03+00:00,1.809488572400441e-05
2023-07-22 07:00:05+00:00,5.467045103519949e-05
2023-07-22 08:00:04+00:00,9.954168722379895e-05
2023-07-22 09:00:07+00:00,4.8030385877307334e-05
2023-07-22 10:00:05+00:00,3.2316497918027705e-05
2023-07-22 11:00:03+00:00,2.00756950271283e-05
2023-07-22 12:00:06+00:00,2.4200527167078943e-05
2023-07-22 13:00:05+00:00,1.5257563419620623e-05
2023-07-22 14:00:08+00:00,2.713159739407384e-05
2023-07-22 15:00:04+00:00,7.581979426463334e-05
2023-07-22 16:00:04+00:00,7.959389285675642e-05
2023-07-22 17:00:04+00:00,4.030833533069946e-05
2023-07-22 18:00:06+00:00,3.4120170791555003e-06
2023-07-22 19:00:14+00:00,1.3055836363285782e-05
2023-07-22 20:00:04+00:00,4.902569484576077e-05
2023-07-22 21:00:07+00:00,4.3418158256741225e-05
2023-07-22 22:00:10+00:00,3.030896432318287e-05
2023-07-22 23:00:03+00:00,1.8767312838360362e-05
2023-07-23 00:00:08+00:00,4.7330533400930185e-05
2023-07-23 01:00:08+00:00,5.821820925035746e-05
2023-07-23 02:00:03+00:00,6.935836789045924e-05
2023-07-23 03:00:13+00:00,0.00010380785022990053
2023-07-23 04:00:04+00:00,7.784705949123456e-06
2023-07-23 05:00:04+00:00,0.0001027201373175862
2023-07-23 06:00:13+00:00,3.852660181655708e-05
2023-07-23 07:00:07+00:00,4.723481816054689e-05
2023-07-23 08:00:06+00:00,1.2867125937334228e-05
2023-07-23 09:00:06+00:00,5.35456272909032e-05
2023-07-23 10:00:04+00:00,1.8224433156310686e-05
2023-07-23 11:00:04+00:00,8.685973334684766e-06
2023-07-23 12:00:10+00:00,2.5828742967871003e-05
2023-07-23 13:00:03+00:00,6.131973244061251e-05
2023-07-23 14:00:06+00:00,3.4205946493139326e-05
2023-07-23 15:00:05+00:00,4.0284053508506344e-05
2023-07-23 16:00:10+00:00,3.5272827125050346e-05
2023-07-23 17:00:04+00:00,3.934524968749653e-05
2023-07-23 18:00:14+00:00,0.0003717493711191792
2023-07-23 19:00:04+00:00,0.00010175810758935646
2023-07-23 20:00:13+00:00,-9.368396079453468e-06
2023-07-23 21:00:04+00:00,2.161920111005616e-05
2023-07-23 22:00:05+00:00,-7.388617294266399e-05
2023-07-23 23:00:05+00:00,1.3466809164180853e-06
2023-07-24 00:00:05+00:00,1.8938069963696685e-05
2023-07-24 01:00:04+00:00,-1.3829302247970137e-05
2023-07-24 02:00:04+00:00,-3.93719930338717e-05
2023-07-24 03:00:08+00:00,-2.732697361467252e-05
2023-07-24 04:00:04+00:00,-1.8316748568421705e-05
2023-07-24 05:00:05+00:00,4.8709800344115814e-05
2023-07-24 06:00:09+00:00,3.0011458500542208e-05
2023-07-24 07:00:04+00:00,2.629942033533918e-05
2023-07-24 08:00:08+00:00,3.977525762597329e-05
2023-07-24 09:00:05+00:00,8.62145282515141e-06
2023-07-24 10:00:32+00:00,-0.00010424634644853546
2023-07-24 11:00:10+00:00,-5.760259211957433e-06
2023-07-24 12:00:05+00:00,-5.672791641891626e-05
2023-07-24 13:00:12+00:00,-4.497707671972801e-06
2023-07-24 14:00:06+00:00,-5.2973317698674376e-06
2023-07-24 15:00:04+00:00,6.344193161121879e-06
2023-07-24 16:00:09+00:00,2.3149704166855127e-05
2023-07-24 17:00:12+00:00,3.884131944683124e-05
2023-07-24 18:00:12+00:00,-1.005355092998387e-06
2023-07-24 19:00:08+00:00,2.9742968211917075e-05
2023-07-24 20:00:07+00:00,3.8072534338200794e-06
2023-07-24 21:00:10+00:00,4.342383713924918e-06
2023-07-24 22:00:04+00:00,2.0400984994123166e-05
2023-07-24 23:00:04+00:00,2.632931757314537e-05
2023-07-25 00:00:04+00:00,2.8221914177064597e-05
2023-07-25 01:00:04+00:00,4.216930884758522e-06
2023-07-25 02:00:07+00:00,1.0681409943225006e-05
2023-07-25 03:00:46+00:00,3.17117150562398e-05
2023-07-25 04:00:05+00:00,1.1176209944249029e-05
2023-07-25 05:00:11+00:00,2.0581186833630654e-05
2023-07-25 06:00:08+00:00,5.2746314360119824e-05
2023-07-25 07:03:11+00:00,4.746881976060301e-05
2023-07-25 08:00:13+00:00,3.6597442284920556e-05
2023-07-25 09:00:05+00:00,9.020782250213124e-05
2023-07-25 10:00:08+00:00,7.622663451940158e-06
2023-07-25 11:00:08+00:00,3.966572626008998e-06
2023-07-25 12:00:05+00:00,-8.28984267087609e-06
2023-07-25 13:00:09+00:00,-1.151459063919685e-05
2023-07-25 14:00:06+00:00,5.340679492187379e-05
2023-07-25 15:00:03+00:00,-4.488636682657287e-06
2023-07-25 16:00:06+00:00,4.788621515686987e-06
2023-07-25 17:02:32+00:00,3.252657719721683e-06
2023-07-25 18:00:03+00:00,2.8510820209040165e-05
2023-07-25 19:00:05+00:00,2.986509173931055e-05
2023-07-25 20:00:03+00:00,1.875204948305513e-05
2023-07-25 21:00:06+00:00,1.5784966578216253e-05
2023-07-25 22:00:09+00:00,5.5894006102458925e-06
2023-07-25 23:00:10+00:00,3.515502710891113e-06
2023-07-26 00:00:05+00:00,3.077571528650861e-05
2023-07-26 01:00:06+00:00,-4.076482781449734e-06
2023-07-26 02:00:07+00:00,7.549748270592235e-06
2023-07-26 03:00:06+00:00,0.00021619990501237622
2023-07-26 04:00:05+00:00,4.355037451237186e-05
2023-07-26 05:00:05+00:00,2.3826468518111814e-07
2023-07-26 06:00:04+00:00,2.78695652335371e-05
2023-07-26 07:00:05+00:00,-1.3224931980922885e-05
2023-07-26 08:00:03+00:00,1.7588330450456063e-05
2023-07-26 09:00:58+00:00,2.2277576560372172e-05
2023-07-26 10:00:03+00:00,-1.7119523395867903e-05
2023-07-26 11:00:03+00:00,1.6617105609836523e-05
2023-07-26 12:00:06+00:00,1.4712937126590423e-06
2023-07-26 13:00:07+00:00,2.479498872381266e-05
2023-07-26 14:03:57+00:00,1.8344532508450305e-05
2023-07-26 15:03:49+00:00,5.235933078718285e-05
2023-07-26 16:00:22+00:00,3.9943932393852746e-05
2023-07-26 17:00:03+00:00,2.3447620426466873e-05
2023-07-26 18:03:33+00:00,1.3539283154814219e-05
2023-07-26 19:00:07+00:00,2.4237225722482645e-05
2023-07-26 20:00:11+00:00,5.2780450124466915e-05
2023-07-26 21:00:06+00:00,7.594260337194034e-05
2023-07-26 22:00:02+00:00,4.2007464640601594e-05
2023-07-26 23:00:03+00:00,2.90231365308659e-05
2023-07-27 00:00:06+00:00,1.0174587164626201e-06
2023-07-27 01:00:04+00:00,1.850565669788528e-05
2023-07-27 02:00:07+00:00,7.732507652105486e-05
2023-07-27 03:00:06+00:00,9.707897788004519e-05
2023-07-27 04:00:02+00:00,4.846052731749349e-05
2023-07-27 05:03:40+00:00,0.00013283554866066338
2023-07-27 06:00:04+00:00,5.0015946114251676e-05
2023-07-27 07:00:04+00:00,-2.808181986291079e-05
2023-07-27 08:00:09+00:00,1.7676247773757954e-05
2023-07-27 09:00:05+00:00,8.40139546797493e-05
2023-07-27 10:00:05+00:00,7.781198259620735e-05
2023-07-27 11:00:04+00:00,3.18505787435128e-05
2023-07-27 12:00:10+00:00,2.937808240130537e-05
2023-07-27 13:00:06+00:00,1.1654652246103233e-05
2023-07-27 14:00:15+00:00,-3.9394462297203986e-05
2023-07-27 15:00:05+00:00,-3.853165790958485e-05
2023-07-27 16:00:04+00:00,-8.180815187862906e-06
2023-07-27 17:00:08+00:00,-3.2425664763796754e-06
2023-07-27 18:00:05+00:00,-2.517452334318072e-05
2023-07-27 19:00:04+00:00,-3.859634931993954e-05
2023-07-27 20:00:13+00:00,-9.629130802624938e-07
2023-07-27 21:00:05+00:00,3.730686296584923e-06
2023-07-27 22:00:03+00:00,2.263877224400369e-05
2023-07-27 23:00:04+00:00,1.0123620319615872e-05
2023-07-28 00:00:09+00:00,4.84768429652126e-06
2023-07-28 01:00:03+00:00,2.105739355875993e-05
2023-07-28 02:00:04+00:00,-7.267142500990752e-06
2023-07-28 03:00:04+00:00,-2.4682164840323888e-05
2023-07-28 04:00:03+00:00,-3.1550854181098266e-06
2023-07-28 05:00:05+00:00,2.7781993003893953e-05
2023-07-28 06:00:03+00:00,-6.159138764813335e-06
2023-07-28 07:00:12+00:00,1.545679960583011e-05
2023-07-28 08:00:03+00:00,5.8418705230992834e-05
2023-07-28 09:00:06+00:00,5.433404580668158e-05
2023-07-28 10:00:07+00:00,7.500451921893694e-05
2023-07-28 11:00:03+00:00,8.605296742472748e-05
2023-07-28 12:00:13+00:00,5.500253591043579e-05
2023-07-28 13:00:06+00:00,9.081568337374394e-05
2023-07-28 14:00:04+00:00,6.587376779552655e-05
2023-07-28 15:00:15+00:00,0.0001075237334205923
2023-07-28 16:00:05+00:00,6.784091138652301e-05
2023-07-28 17:00:09+00:00,4.674634379443226e-05
2023-07-28 18:00:07+00:00,-4.429121567402821e-07
2023-07-28 19:00:06+00:00,6.9165724795145e-05
2023-07-28 20:00:04+00:00,5.968469452960236e-05
2023-07-28 21:00:07+00:00,0.0001394218291926413
2023-07-28 22:03:05+00:00,6.378818703688403e-05
2023-07-28 23:00:09+00:00,5.093244703448238e-05
2023-07-29 00:00:03+00:00,9.519028137164553e-05
2023-07-29 01:00:14+00:00,9.125170966684006e-05
2023-07-29 02:00:08+00:00,7.853745158185966e-05
2023-07-29 03:00:14+00:00,6.405334041309286e-05
2023-07-29 04:00:05+00:00,6.611570174241748e-05
2023-07-29 05:00:03+00:00,6.165845146331167e-05
2023-07-29 06:00:05+00:00,5.779053980376575e-05
2023-07-29 07:00:06+00:00,4.3207259754556604e-05
2023-07-29 08:00:04+00:00,2.2871642739413452e-05
2023-07-29 09:00:03+00:00,6.393506620320372e-06
2023-07-29 10:00:02+00:00,6.243780947341144e-05
2023-07-29 11:00:07+00:00,5.4964093075350566e-05
2023-07-29 12:00:13+00:00,4.4198400015550454e-05
2023-07-29 13:00:07+00:00,9.328117421818581e-05
2023-07-29 14:00:05+00:00,5.367651582166426e-05
2023-07-29 15:00:04+00:00,5.731700159879977e-05
2023-07-29 16:00:02+00:00,4.8218334046356357e-05
2023-07-29 17:00:05+00:00,4.932751207514699e-05
2023-07-29 18:00:03+00:00,6.472562501388039e-05
2023-07-29 19:00:03+00:00,4.526793003120439e-05
2023-07-29 20:00:04+00:00,0.00012454399044012557
2023-07-29 21:00:12+00:00,0.0001308652156590674
2023-07-29 22:00:09+00:00,0.00010649137826931997
2023-07-29 23:00:02+00:00,9.876926606281448e-05
2023-07-30 00:00:03+00:00,4.1524710528875134e-05
2023-07-30 01:00:05+00:00,8.615162858096708e-05
2023-07-30 02:00:02+00:00,8.322762575343864e-05
2023-07-30 03:00:03+00:00,4.993002327698627e-05
2023-07-30 04:00:09+00:00,3.733119582877892e-05
2023-07-30 05:00:10+00:00,6.037564712260101e-05
2023-07-30 06:00:03+00:00,8.722937118437394e-05
2023-07-30 07:00:06+00:00,8.133358868247319e-05
2023-07-30 08:00:08+00:00,3.4855393125919626e-05
2023-07-30 09:00:07+00:00,3.835574662106427e-05
2023-07-30 10:00:02+00:00,2.074108865962985e-05
2023-07-30 11:00:03+00:00,9.544919788812426e-05
2023-07-30 12:00:03+00:00,2.9674473990709062e-05
2023-07-30 13:00:05+00:00,3.358544290740705e-05
2023-07-30 14:00:02+00:00,6.487582451286357e-05
2023-07-30 15:00:02+00:00,6.274608004913785e-05
2023-07-30 16:00:04+00:00,5.562797100327214e-05
2023-07-30 17:00:02+00:00,3.0758641605776916e-05
2023-07-30 18:00:03+00:00,5.356302802615122e-05
2023-07-30 19:00:05+00:00,3.12298518542645e-05
2023-07-30 20:00:04+00:00,-5.229812068420082e-06
2023-07-30 21:00:12+00:00,6.902241006326327e-05
2023-07-30 22:00:03+00:00,8.713616614653731e-05
2023-07-30 23:00:03+00:00,4.852203340747909e-05
2023-07-31 00:00:05+00:00,7.639440473826772e-05
2023-07-31 01:00:03+00:00,6.387707174244117e-05
2023-07-31 02:00:03+00:00,6.684567044473707e-05
2023-07-31 03:00:03+00:00,4.6675225082813895e-05
2023-07-31 04:00:05+00:00,3.439997075672995e-05
2023-07-31 05:00:02+00:00,2.9002461593178547e-06
2023-07-31 06:00:06+00:00,1.776994349675169e-05
2023-07-31 07:00:10+00:00,5.1544424718382886e-05
2023-07-31 08:00:02+00:00,8.802547554939788e-06
2023-07-31 09:00:03+00:00,1.283965174252281e-06
2023-07-31 10:00:01+00:00,-5.801753847217775e-07
2023-07-31 11:00:03+00:00,4.304988512867091e-06
2023-07-31 12:00:04+00:00,9.30590046644233e-06
2023-07-31 13:00:08+00:00,3.83688751027284e-05
2023-07-31 14:00:05+00:00,9.999666252477492e-07
2023-07-31 15:00:03+00:00,2.400311036177784e-05
2023-07-31 16:00:03+00:00,3.0200923840885786e-05
2023-07-31 17:00:12+00:00,3.547251102120016e-05
2023-07-31 18:00:08+00:00,3.408672133680995e-05
2023-07-31 19:00:03+00:00,4.9022300595452486e-05
2023-07-31 20:00:34+00:00,1.4206731434472695e-05
2023-07-31 21:00:03+00:00,8.665524303833017e-05
2023-07-31 22:00:11+00:00,8.894253303763191e-05
2023-07-31 23:00:03+00:00,6.31338851879414e-05
2023-08-01 00:00:04+00:00,8.109835288539166e-05
2023-08-01 01:00:07+00:00,9.701270758588585e-05
2023-08-01 02:00:11+00:00,1.0767466251985463e-05
2023-08-01 03:00:05+00:00,8.003455387948177e-06
2023-08-01 04:00:04+00:00,7.2315571605499e-06
2023-08-01 05:00:12+00:00,2.5186576172339253e-05
2023-08-01 06:00:02+00:00,6.326614719259028e-05
2023-08-01 07:00:04+00:00,3.135628962376498e-05
2023-08-01 08:00:07+00:00,9.123067637551525e-05
2023-08-01 09:00:10+00:00,6.693202455840299e-05
2023-08-01 10:00:03+00:00,2.1218236098807286e-05
2023-08-01 11:00:03+00:00,3.614343348090885e-05
2023-08-01 12:00:04+00:00,2.198898442079254e-05
2023-08-01 13:00:03+00:00,3.214100381987638e-05
2023-08-01 14:00:06+00:00,3.2846115996701546e-05
2023-08-01 15:00:05+00:00,1.4834311939637417e-05
2023-08-01 16:00:07+00:00,1.8395701093738317e-05
2023-08-01 17:00:05+00:00,1.791925364505766e-05
2023-08-01 18:00:04+00:00,2.7663400341969505e-05
2023-08-01 19:00:06+00:00,7.9287062114605e-05
2023-08-01 20:00:12+00:00,0.0001938239069243036
2023-08-01 21:00:06+00:00,7.297829594309249e-05
2023-08-01 22:00:12+00:00,4.857413280109013e-05
2023-08-01 23:00:05+00:00,8.918967856500879e-05
2023-08-02 00:00:06+00:00,7.67621902137757e-05
2023-08-02 01:00:05+00:00,0.00012132373080265903
2023-08-02 02:00:15+00:00,6.978554949275552e-05
2023-08-02 03:00:11+00:00,2.6009527873004945e-05
2023-08-02 04:00:12+00:00,-6.0865276212858205e-06
2023-08-02 05:00:04+00:00,-2.064059539985319e-06
2023-08-02 06:00:04+00:00,3.131505065074396e-05
2023-08-02 07:00:04+00:00,-7.906389071992089e-06
2023-08-02 08:00:04+00:00,3.657655125433982e-06
2023-08-02 09:00:04+00:00,-3.004205467467913e-05
2023-08-02 10:00:03+00:00,-7.304718645007087e-06
2023-08-02 11:00:04+00:00,4.683240896854759e-05
2023-08-02 12:00:05+00:00,4.81860860757347e-05
2023-08-02 13:00:12+00:00,-1.2514059931646344e-05
2023-08-02 14:00:50+00:00,-1.200877529373179e-05
2023-08-02 15:00:05+00:00,-0.0001044392223990413
2023-08-02 16:00:08+00:00,1.0117948772249155e-05
2023-08-02 17:00:00+00:00,-0.00018510906367147104
2023-08-02 18:00:05+00:00,-1.6446613802024536e-06
2023-08-02 19:00:13+00:00,5.458661901766654e-05
2023-08-02 20:00:06+00:00,2.145420013670512e-05
2023-08-02 21:00:06+00:00,1.4207615379848109e-05
2023-08-02 22:00:10+00:00,8.03930435309054e-05
2023-08-02 23:00:03+00:00,3.194205778597347e-05
2023-08-03 00:00:08+00:00,5.774268571176839e-05
2023-08-03 01:00:07+00:00,1.500002928403984e-05
2023-08-03 02:00:10+00:00,0.0001222400453017942
2023-08-03 03:00:08+00:00,4.146314360337449e-06
2023-08-03 04:00:10+00:00,5.029428655336068e-05
2023-08-03 05:00:00+00:00,1.0832858476784088e-05
2023-08-03 06:00:14+00:00,4.0178662690648214e-05
2023-08-03 07:00:06+00:00,-2.0599002376131674e-06
2023-08-03 08:00:04+00:00,-9.22289497901206e-06
2023-08-03 09:00:05+00:00,2.0203442388884748e-05
2023-08-03 10:00:04+00:00,3.628863797658655e-05
2023-08-03 11:00:04+00:00,2.865626664464592e-05
2023-08-03 12:00:10+00:00,2.1131263782611044e-05
2023-08-03 13:00:11+00:00,7.682744543513275e-06
2023-08-03 14:00:06+00:00,3.096065279982821e-05
2023-08-03 15:00:04+00:00,9.489222871392365e-05
2023-08-03 16:00:03+00:00,1.7414823344066502e-05
2023-08-03 17:00:07+00:00,3.9480691236084533e-05
2023-08-03 18:00:07+00:00,-8.607618303625582e-06
2023-08-03 19:00:02+00:00,3.5855229656806594e-05
2023-08-03 20:00:04+00:00,4.071956115477931e-05
2023-08-03 21:00:06+00:00,3.1883096501148604e-05
2023-08-03 22:00:05+00:00,1.7763071583048668e-05
2023-08-03 23:00:05+00:00,2.9240561578344727e-05
2023-08-04 00:00:06+00:00,-6.568448193103966e-07
2023-08-04 01:00:04+00:00,6.18111030954245e-05
2023-08-04 02:00:04+00:00,2.156594462772268e-05
2023-08-04 03:00:05+00:00,1.4334676259176674e-05
2023-08-04 04:00:04+00:00,1.7029869962571192e-05
2023-08-04 05:00:03+00:00,7.12217822517603e-05
2023-08-04 06:00:05+00:00,4.386063374997026e-05
2023-08-04 07:00:04+00:00,1.5274883980196185e-05
2023-08-04 08:00:04+00:00,5.76585575938653e-05
2023-08-04 09:00:02+00:00,5.2972051148247776e-06
2023-08-04 10:00:02+00:00,2.28008929236702e-05
2023-08-04 11:00:04+00:00,5.7690391774332144e-06
2023-08-04 12:00:02+00:00,9.151048909207202e-06
2023-08-04 13:00:03+00:00,2.2217513058723982e-05
2023-08-04 14:00:04+00:00,2.7183561344011825e-05
2023-08-04 15:00:05+00:00,2.0804707990362665e-05
2023-08-04 16:00:06+00:00,2.5036855175479834e-05
2023-08-04 17:00:41+00:00,1.0669238305602803e-05
2023-08-04 18:00:08+00:00,-2.421562382384047e-06
2023-08-04 19:00:05+00:00,-5.8274172446646445e-05
2023-08-04 20:00:07+00:00,-4.015153518185423e-05
2023-08-04 21:00:03+00:00,-3.489314989110961e-05
2023-08-04 22:00:08+00:00,3.1274880224855514e-05
2023-08-04 23:00:05+00:00,2.951020331154784e-05
2023-08-05 00:00:02+00:00,9.888908180371974e-05
2023-08-05 01:00:02+00:00,2.9842787689662645e-05
2023-08-05 02:00:03+00:00,9.483723843955348e-06
2023-08-05 03:00:12+00:00,1.1937428677417778e-05
2023-08-05 04:00:07+00:00,3.0258299895527906e-05
2023-08-05 05:00:05+00:00,2.027887563685344e-05
2023-08-05 06:00:08+00:00,6.417950686421237e-05
2023-08-05 07:00:03+00:00,2.2976085261432956e-05
2023-08-05 08:00:03+00:00,1.7970593123156782e-05
2023-08-05 09:00:05+00:00,3.6141957796217275e-05
2023-08-05 10:00:05+00:00,2.280099303514411e-05
2023-08-05 11:00:03+00:00,2.9448160965555538e-05
2023-08-05 12:00:06+00:00,1.7907079717294384e-05
2023-08-05 13:00:09+00:00,1.1387715094218816e-05
2023-08-05 14:00:03+00:00,1.5866087368256388e-05
2023-08-05 15:00:04+00:00,2.5259663885325267e-05
2023-08-05 16:00:03+00:00,1.5485464606476953e-05
2023-08-05 17:00:11+00:00,2.5092427753428533e-05
2023-08-05 18:00:06+00:00,2.7826382813141386e-05
2023-08-05 19:00:07+00:00,4.9084252840046595e-05
2023-08-05 20:00:07+00:00,2.906103522256612e-05
2023-08-05 21:00:26+00:00,1.4961943027172081e-05
2023-08-05 22:00:16+00:00,1.3729026726319017e-05
2023-08-05 23:00:21+00:00,1.3324482983294141e-05
2023-08-06 00:00:30+00:00,1.2449477700884579e-05
2023-08-06 01:00:22+00:00,1.3242652940787934e-05
2023-08-06 02:00:07+00:00,1.3111555276323496e-05
2023-08-06 03:00:17+00:00,1.4656003727599887e-05
2023-08-06 04:00:26+00:00,1.4191065635592547e-05
2023-08-06 05:00:28+00:00,1.4138990209215538e-05
2023-08-06 06:00:32+00:00,1.535177888672548e-05
2023-08-06 07:00:30+00:00,1.4342300361511261e-05
2023-08-06 08:00:19+00:00,1.6227657176757978e-05
2023-08-06 09:00:24+00:00,1.5609525725061123e-05
2023-08-06 10:00:15+00:00,1.4379870656824676e-05
2023-08-06 11:00:23+00:00,1.3337661734841307e-05
2023-08-06 12:00:21+00:00,1.3207914353573202e-05
2023-08-06 13:00:11+00:00,1.269472056771217e-05
2023-08-06 14:00:23+00:00,1.1927140324476786e-05
2023-08-06 15:00:21+00:00,9.147542677325551e-06
2023-08-06 16:00:31+00:00,8.078043851127478e-06
2023-08-06 17:00:16+00:00,1.3551573057607307e-05
2023-08-06 18:00:27+00:00,1.1008973877949543e-05
2023-08-06 19:00:24+00:00,9.469950271444163e-06
2023-08-06 20:00:22+00:00,9.282678560714849e-06
2023-08-06 21:00:12+00:00,1.10372766427747e-05
2023-08-06 22:00:07+00:00,4.612521641645575e-06
2023-08-06 23:00:27+00:00,7.056820114526948e-06
2023-08-07 00:00:14+00:00,6.714911924209825e-06
2023-08-07 01:00:19+00:00,8.631979683290395e-06
2023-08-07 02:00:27+00:00,1.4975500074161586e-05
2023-08-07 03:00:20+00:00,1.2037557476505346e-05
2023-08-07 04:00:13+00:00,9.755717724642325e-06
2023-08-07 05:00:08+00:00,1.0573558100225009e-05
2023-08-07 06:00:08+00:00,8.186320431506269e-06
2023-08-07 07:00:09+00:00,4.696737664524816e-06
2023-08-07 08:00:20+00:00,7.3317389474799996e-06
2023-08-07 09:00:20+00:00,8.25454156167614e-06
2023-08-07 10:00:38+00:00,9.618028000564258e-06
2023-08-07 11:00:27+00:00,1.1903124749263075e-05
2023-08-07 12:00:15+00:00,1.0756436458664788e-05
2023-08-07 13:00:20+00:00,1.2363273629169987e-05
2023-08-07 14:00:19+00:00,1.2354663249931046e-05
2023-08-07 15:00:07+00:00,1.496536378371118e-05
2023-08-07 16:00:31+00:00,1.0621632716292683e-05
2023-08-07 17:00:27+00:00,-7.945091656387493e-06
2023-08-07 18:00:13+00:00,-3.5795319939742858e-06
2023-08-07 19:00:08+00:00,2.1923364975005087e-06
2023-08-07 20:00:17+00:00,6.89431480247185e-06
2023-08-07 21:00:13+00:00,6.413738966411916e-06
2023-08-07 22:00:20+00:00,6.361282828276992e-06
2023-08-07 23:00:08+00:00,7.972663794126276e-06
2023-08-08 00:00:08+00:00,8.989954344950777e-06
2023-08-08 01:00:19+00:00,9.12170485600504e-06
2023-08-08 02:00:13+00:00,1.0009625746499325e-05
2023-08-08 03:00:09+00:00,1.0647596554350548e-05
2023-08-08 04:00:18+00:00,1.0323080772882856e-05
2023-08-08 05:00:21+00:00,1.0415499714056309e-05
2023-08-08 06:00:14+00:00,1.022215408544496e-05
2023-08-08 07:00:06+00:00,1.0901047526175647e-05
2023-08-08 08:00:21+00:00,9.692992197465789e-06
2023-08-08 09:00:43+00:00,1.0610399817378071e-05
2023-08-08 10:00:02+00:00,1.1562594285783555e-05
2023-08-08 11:00:08+00:00,1.1237953289468258e-05
2023-08-08 12:00:16+00:00,1.0916017118054797e-05
2023-08-08 13:00:16+00:00,1.0161457733123645e-05
2023-08-08 14:00:22+00:00,3.110051468667892e-06
2023-08-08 15:00:26+00:00,4.634584067608861e-06
2023-08-08 16:00:36+00:00,6.899285896295047e-06
2023-08-08 17:00:15+00:00,1.0043434278739643e-05
2023-08-08 18:00:16+00:00,2.5840654986961417e-05
2023-08-08 19:00:31+00:00,4.306147590166781e-05
2023-08-08 20:00:15+00:00,5.9625953545454326e-05
2023-08-08 21:00:15+00:00,5.920561625861285e-05
2023-08-08 22:00:12+00:00,1.4257729388621838e-05
2023-08-08 23:00:24+00:00,-5.8380845521620416e-06
2023-08-09 00:00:09+00:00,-1.075400747606592e-05
2023-08-09 01:00:08+00:00,-1.2443270585807391e-05
2023-08-09 02:00:17+00:00,-9.191938963394027e-06
2023-08-09 03:00:08+00:00,3.1236226286963794e-05
2023-08-09 04:00:18+00:00,5.082861966164283e-05
2023-08-09 05:00:08+00:00,5.094664408612345e-05
2023-08-09 06:00:24+00:00,4.740498702002803e-05
2023-08-09 07:00:04+00:00,4.986962527395822e-05
2023-08-09 08:00:23+00:00,5.499523042989141e-05
2023-08-09 09:00:17+00:00,5.3464668832551715e-05
2023-08-09 10:00:25+00:00,4.5030657385936466e-05
2023-08-09 11:00:08+00:00,4.6280278525082905e-05
2023-08-09 12:00:06+00:00,4.747156516843673e-05
2023-08-09 13:00:08+00:00,4.995060974851446e-05
2023-08-09 14:00:32+00:00,5.782542021865334e-05
2023-08-09 15:00:16+00:00,4.4680675766590234e-05
2023-08-09 16:00:12+00:00,3.935597252909316e-05
2023-08-09 17:00:26+00:00,3.66007104049297e-05
2023-08-09 18:00:08+00:00,2.9214282278363063e-05
2023-08-09 19:00:17+00:00,3.2062363730137554e-05
2023-08-09 20:00:12+00:00,3.218987796107043e-05
2023-08-09 21:00:19+00:00,3.643749591569445e-05
2023-08-09 22:00:28+00:00,3.517035576379845e-05
2023-08-09 23:00:13+00:00,3.780328971946284e-05
2023-08-10 00:00:20+00:00,3.8256941921226964e-05
2023-08-10 01:00:13+00:00,3.747393109694619e-05
2023-08-10 02:00:24+00:00,3.734385927556092e-05
2023-08-10 03:00:25+00:00,3.792484169215061e-05
2023-08-10 04:00:11+00:00,3.794444719786703e-05
2023-08-10 05:00:13+00:00,3.376091190374784e-05
2023-08-10 06:00:21+00:00,3.225377049012571e-05
2023-08-10 07:00:17+00:00,2.8571781318372747e-05
2023-08-10 08:00:15+00:00,2.7305999138649695e-05
2023-08-10 09:00:19+00:00,3.158068777827619e-05
2023-08-10 10:00:20+00:00,2.7173192515926898e-05
2023-08-10 11:00:29+00:00,2.855839285178483e-05
2023-08-10 12:00:19+00:00,2.8057363958167165e-05
2023-08-10 13:00:27+00:00,2.830342239701682e-05
2023-08-10 14:00:15+00:00,2.986156546002483e-05
2023-08-10 15:00:21+00:00,2.954825067212762e-05
2023-08-10 16:00:23+00:00,2.9981132864819607e-05
2023-08-10 17:00:17+00:00,3.046028782393069e-05
2023-08-10 18:00:13+00:00,3.310058640104201e-05
2023-08-10 19:00:21+00:00,3.364275163730656e-05
2023-08-10 20:00:15+00:00,3.4297891684329124e-05
2023-08-10 21:00:30+00:00,3.2488182438945974e-05
2023-08-10 22:00:31+00:00,3.742134773631614e-05
2023-08-10 23:00:23+00:00,3.6038699515391266e-05
2023-08-11 00:00:16+00:00,3.4720036263716307e-05
2023-08-11 01:00:15+00:00,3.591849001054884e-05
2023-08-11 02:00:15+00:00,3.362011786923008e-05
2023-08-11 03:00:13+00:00,3.1113562036556616e-05
2023-08-11 04:00:25+00:00,3.1653546652601064e-05
2023-08-11 05:00:25+00:00,2.5238987230793796e-05
2023-08-11 06:00:22+00:00,2.6764202959790413e-05
2023-08-11 07:00:23+00:00,2.8006909971512773e-05
2023-08-11 08:00:06+00:00,2.6800341082643192e-05
2023-08-11 09:00:25+00:00,2.9535772686192242e-05
2023-08-11 10:00:11+00:00,2.892688060900417e-05
2023-08-11 11:00:20+00:00,2.970981370710936e-05
2023-08-11 12:00:13+00:00,3.144619391271968e-05
2023-08-11 13:00:19+00:00,3.0560496072083834e-05
2023-08-11 14:00:11+00:00,3.068632880267832e-05
2023-08-11 15:00:07+00:00,3.3297758914232086e-05
2023-08-11 16:00:18+00:00,3.263336868275903e-05
2023-08-11 17:00:12+00:00,3.338364694423924e-05
2023-08-11 18:00:12+00:00,3.168228799345955e-05
2023-08-11 19:00:20+00:00,3.2304239799430924e-05
2023-08-11 20:00:17+00:00,3.155650975023525e-05
2023-08-11 21:00:16+00:00,3.120864394791549e-05
2023-08-11 22:00:14+00:00,2.8433864626208053e-05
2023-08-11 23:00:16+00:00,2.3803967070130216e-05
2023-08-12 00:00:13+00:00,2.1674450695838922e-05
2023-08-12 01:00:31+00:00,2.452540555368015e-05
2023-08-12 02:00:08+00:00,2.3125402359308963e-05
2023-08-12 03:00:27+00:00,2.3324807442062104e-05
2023-08-12 04:00:18+00:00,2.3233606078912392e-05
2023-08-12 05:00:24+00:00,2.327357361580839e-05
2023-08-12 06:00:15+00:00,2.2005063020042025e-05
2023-08-12 07:00:15+00:00,2.4411933687550578e-05
2023-08-12 08:00:13+00:00,2.509872367453529e-05
2023-08-12 09:00:16+00:00,2.514441137732224e-05
2023-08-12 10:00:14+00:00,2.4471754570372796e-05
2023-08-12 11:00:16+00:00,2.730574401847272e-05
2023-08-12 12:00:14+00:00,2.6703437307275717e-05
2023-08-12 13:00:16+00:00,2.5924798262201564e-05
2023-08-12 14:00:15+00:00,2.6401878129024326e-05
2023-08-12 15:00:17+00:00,2.5402747129189704e-05
2023-08-12 16:00:23+00:00,2.4692775180682838e-05
2023-08-12 17:00:26+00:00,2.281694945523765e-05
2023-08-12 18:00:20+00:00,2.2101966804530196e-05
2023-08-12 19:00:15+00:00,2.4158594524715382e-05
2023-08-12 20:00:14+00:00,2.3725167673178545e-05
2023-08-12 21:00:30+00:00,2.2504729239091246e-05
2023-08-12 22:00:14+00:00,2.0621430248018424e-05
2023-08-12 23:00:22+00:00,2.316508248318017e-05
2023-08-13 00:00:28+00:00,2.3401330786698117e-05
2023-08-13 01:00:17+00:00,3.0461842783708946e-05
2023-08-13 02:00:02+00:00,6.136311610727339e-05
2023-08-13 03:00:21+00:00,6.942849046608692e-05
2023-08-13 04:00:11+00:00,8.70159876898711e-05
2023-08-13 05:00:08+00:00,8.975180808332613e-05
2023-08-13 06:00:21+00:00,6.763174493137507e-05
2023-08-13 07:00:19+00:00,6.924146613577208e-05
2023-08-13 08:00:09+00:00,6.92633101454968e-05
2023-08-13 09:00:14+00:00,3.448182197813116e-05
2023-08-13 10:00:08+00:00,2.4890593812044987e-05
2023-08-13 11:00:08+00:00,2.380965353617175e-05
2023-08-13 12:00:09+00:00,2.189837501934194e-05
2023-08-13 13:00:07+00:00,2.523560232323613e-05
2023-08-13 14:00:10+00:00,2.936650287285679e-05
2023-08-13 15:00:09+00:00,3.195188707728922e-05
2023-08-13 16:00:08+00:00,2.72880038681254e-05
2023-08-13 17:00:26+00:00,2.7207431397868083e-05
2023-08-13 18:00:08+00:00,3.0617452527857616e-05
2023-08-13 19:00:17+00:00,3.087668196711657e-05
2023-08-13 20:00:07+00:00,3.0418455181737906e-05
2023-08-13 21:00:08+00:00,2.9573057058550887e-05
2023-08-13 22:00:09+00:00,2.817371661285289e-05
2023-08-13 23:00:12+00:00,2.863552981186671e-05
2023-08-14 00:00:09+00:00,2.910373953907397e-05
2023-08-14 01:00:10+00:00,3.055230292744734e-05
2023-08-14 02:00:09+00:00,2.585433101911144e-05
2023-08-14 03:00:10+00:00,2.3325943029507068e-05
2023-08-14 04:00:09+00:00,2.300984874299071e-05
2023-08-14 05:00:08+00:00,2.33385113840994e-05
2023-08-14 06:00:08+00:00,2.2061907569675843e-05
2023-08-14 07:00:06+00:00,2.280418872397348e-05
2023-08-14 08:00:11+00:00,2.154297600433796e-05
2023-08-14 09:00:12+00:00,2.041863089518351e-05
2023-08-14 10:00:20+00:00,2.0220436518990946e-05
2023-08-14 11:00:17+00:00,2.0306677481730412e-05
2023-08-14 12:00:15+00:00,1.915554423845345e-05
2023-08-14 13:00:10+00:00,1.8968694350672745e-05
2023-08-14 14:00:13+00:00,2.165692813088184e-05
2023-08-14 15:00:08+00:00,2.2032149789035923e-05
2023-08-14 16:00:18+00:00,1.9587078003073965e-05
2023-08-14 17:00:20+00:00,1.8956831511685583e-05
2023-08-14 18:00:30+00:00,1.0091380813955098e-05
2023-08-14 19:00:15+00:00,1.2891903289436441e-05
2023-08-14 20:00:24+00:00,1.616165421408691e-05
2023-08-14 21:00:10+00:00,1.8797532730577286e-05
2023-08-14 22:00:18+00:00,1.876289750964501e-05
2023-08-14 23:00:13+00:00,1.7988708701866165e-05
2023-08-15 00:00:18+00:00,1.6371025460954996e-05
2023-08-15 01:00:18+00:00,1.406351312785477e-05
2023-08-15 02:00:15+00:00,7.4825396565572314e-06
2023-08-15 03:00:18+00:00,9.40880937096058e-06
2023-08-15 04:00:01+00:00,1.0736742622348523e-05
2023-08-15 05:00:02+00:00,1.1546185037485332e-05
2023-08-15 06:00:24+00:00,1.0442947901887792e-05
2023-08-15 07:00:23+00:00,1.4443136101016464e-05
2023-08-15 08:00:16+00:00,1.5526140185911843e-05
2023-08-15 09:00:15+00:00,1.650920198005601e-05
2023-08-15 10:00:22+00:00,1.6037741035028745e-05
2023-08-15 11:00:21+00:00,1.647338977676674e-05
2023-08-15 12:00:18+00:00,1.4587565730561179e-05
2023-08-15 13:00:27+00:00,1.3781690422500564e-05
2023-08-15 14:00:10+00:00,1.2688165550784606e-05
2023-08-15 15:00:00+00:00,2.1568810265620005e-05
2023-08-15 16:00:24+00:00,2.2101691588549935e-05
2023-08-15 17:00:17+00:00,2.0530214097211634e-05
2023-08-15 18:00:09+00:00,2.147368538433772e-05
2023-08-15 19:00:27+00:00,2.99941036291901e-05
2023-08-15 20:00:10+00:00,2.1155851149393543e-05
2023-08-15 21:00:18+00:00,1.6329192791624224e-05
2023-08-15 22:00:16+00:00,2.351539887900271e-05
2023-08-15 23:00:11+00:00,1.9498350532061868e-05
2023-08-16 00:00:18+00:00,3.5913785829744836e-05
2023-08-16 01:00:24+00:00,3.601010784298226e-05
2023-08-16 02:00:17+00:00,2.1018817294988103e-05
2023-08-16 03:00:23+00:00,2.7544772197273707e-05
2023-08-16 04:00:10+00:00,2.619800845772218e-05
2023-08-16 05:00:07+00:00,2.0078783415432386e-05
2023-08-16 06:00:09+00:00,4.732868740200571e-06
2023-08-16 07:00:08+00:00,4.961759395265576e-05
2023-08-16 08:00:27+00:00,3.081272121318474e-05
2023-08-16 09:00:26+00:00,2.1111159118280087e-05
2023-08-16 10:00:30+00:00,2.4644057081679484e-05
2023-08-16 11:00:17+00:00,2.3220795284472572e-05
2023-08-16 12:00:20+00:00,1.7783767455033655e-05
2023-08-16 13:00:18+00:00,2.6203240437037023e-05
2023-08-16 14:00:12+00:00,1.3611035549045325e-06
2023-08-16 15:00:14+00:00,2.377215143817407e-05
2023-08-16 16:00:13+00:00,1.8095043586124475e-05
2023-08-16 17:00:15+00:00,1.4376949779505189e-05
2023-08-16 18:00:23+00:00,4.520516126619863e-05
2023-08-16 19:00:10+00:00,2.2848069508243513e-05
2023-08-16 20:00:20+00:00,-1.2551088869388574e-05
2023-08-16 21:00:20+00:00,-1.576208612972661e-05
2023-08-16 22:00:09+00:00,-1.1659202414707315e-05
2023-08-16 23:00:09+00:00,1.0002218687895492e-05
2023-08-17 00:00:09+00:00,-1.5224414951782635e-05
2023-08-17 01:00:09+00:00,-1.3550488266870123e-05
2023-08-17 02:00:10+00:00,1.2879103200660482e-05
2023-08-17 03:00:10+00:00,1.9145668361284083e-05
2023-08-17 04:00:18+00:00,3.7189813781503155e-05
2023-08-17 05:00:07+00:00,1.2149901367895674e-05
2023-08-17 06:00:10+00:00,1.20448739691024e-05
2023-08-17 07:00:12+00:00,1.7722014497148386e-05
2023-08-17 08:00:12+00:00,8.431026542287188e-06
2023-08-17 09:00:14+00:00,2.6923479947155386e-06
2023-08-17 10:00:13+00:00,1.3243572272906977e-05
2023-08-17 11:00:13+00:00,-1.0292396015729138e-05
2023-08-17 12:00:08+00:00,4.694657549622157e-06
2023-08-17 13:00:15+00:00,1.5721016717593998e-05
2023-08-17 14:00:06+00:00,2.8255533441003343e-06
2023-08-17 15:00:10+00:00,5.0251516320400635e-06
2023-08-17 16:00:10+00:00,1.893487228075643e-06
2023-08-17 17:00:14+00:00,-1.3476149214883394e-05
2023-08-17 18:00:09+00:00,-1.6565779329378041e-06
2023-08-17 19:00:10+00:00,-3.3185181882799395e-07
2023-08-17 20:00:09+00:00,-2.7147940616877962e-05
2023-08-17 21:00:08+00:00,-1.9651948758983248e-05
2023-08-17 22:00:05+00:00,-1.968708334411596e-05
2023-08-17 23:00:01+00:00,1.330695381360636e-05
2023-08-18 00:00:14+00:00,8.117147760839833e-06
2023-08-18 01:00:07+00:00,7.533078563880627e-06
2023-08-18 02:00:09+00:00,1.1000489479107345e-05
2023-08-18 03:00:10+00:00,1.738809014272038e-05
2023-08-18 04:00:10+00:00,9.577902061860956e-06
2023-08-18 05:00:07+00:00,9.056223120778131e-06
2023-08-18 06:00:08+00:00,1.229252210162615e-05
2023-08-18 07:00:00+00:00,2.596029432196023e-05
2023-08-18 08:00:19+00:00,3.30285128387885e-05
2023-08-18 09:00:18+00:00,3.33437357273851e-05
2023-08-18 10:00:13+00:00,2.7668731093482777e-05
2023-08-18 11:00:09+00:00,3.2261564537640744e-05
2023-08-18 12:00:15+00:00,3.081661575270929e-05
2023-08-18 13:00:20+00:00,3.0193692169485445e-05
2023-08-18 14:00:17+00:00,2.43521360872206e-05
2023-08-18 15:00:08+00:00,1.0687470663012536e-05
2023-08-18 16:00:01+00:00,1.8803875530785603e-05
2023-08-18 17:00:22+00:00,2.4564843837600155e-05
2023-08-18 18:00:17+00:00,2.8416238424228166e-05
2023-08-18 19:00:15+00:00,3.127240419524138e-05
2023-08-18 20:00:09+00:00,3.330333747001204e-05
2023-08-18 21:00:13+00:00,3.978032850712829e-05
2023-08-18 22:00:15+00:00,3.3882133640993954e-05
2023-08-18 23:00:11+00:00,2.6408060057674842e-05
2023-08-19 00:00:11+00:00,2.48039487795032e-05
2023-08-19 01:00:15+00:00,2.5758171183313204e-05
2023-08-19 02:00:16+00:00,2.145409986616151e-05
2023-08-19 03:00:14+00:00,2.400487132236425e-05
2023-08-19 04:00:05+00:00,2.647595837573745e-05
2023-08-19 05:00:09+00:00,2.7809108894966914e-05
2023-08-19 06:00:09+00:00,2.337646036179972e-05
2023-08-19 07:00:14+00:00,1.8891825638482888e-05
2023-08-19 08:00:11+00:00,2.223855443700708e-05
2023-08-19 09:00:10+00:00,2.045577218392973e-05
2023-08-19 10:00:15+00:00,2.0236482335662087e-05
2023-08-19 11:00:10+00:00,1.967085269972322e-05
2023-08-19 12:00:13+00:00,2.1494506664752035e-05
2023-08-19 13:00:08+00:00,1.9750560012568506e-05
2023-08-19 14:00:12+00:00,2.0007573159771408e-05
2023-08-19 15:00:10+00:00,2.978879366929894e-05
2023-08-19 16:00:02+00:00,3.6505528581465175e-05
2023-08-19 17:00:15+00:00,4.023422103608278e-05
2023-08-19 18:00:13+00:00,3.435742552555219e-05
2023-08-19 19:00:14+00:00,3.611332488561367e-05
2023-08-19 20:00:14+00:00,3.568101429515365e-05
2023-08-19 21:00:13+00:00,3.821957443189098e-05
2023-08-19 22:00:10+00:00,3.465013510906907e-05
2023-08-19 23:00:20+00:00,3.0467894064336215e-05
2023-08-20 00:00:10+00:00,3.2678525857356365e-05
2023-08-20 01:00:12+00:00,3.656572334576345e-05
2023-08-20 02:01:16+00:00,3.357251608495814e-05
2023-08-20 03:00:20+00:00,3.0487765182946744e-05
2023-08-20 04:00:09+00:00,3.301055594394072e-05
2023-08-20 05:00:12+00:00,3.047414600997784e-05
2023-08-20 06:00:10+00:00,3.100045778834163e-05
2023-08-20 07:00:21+00:00,3.186390638661295e-05
2023-08-20 08:00:12+00:00,3.054607968879004e-05
2023-08-20 09:00:11+00:00,3.1000317835805514e-05
2023-08-20 10:00:13+00:00,3.404588399487595e-05
2023-08-20 11:00:09+00:00,3.429481944551119e-05
2023-08-20 12:00:14+00:00,3.579362580531939e-05
2023-08-20 13:00:08+00:00,3.479793736037189e-05
2023-08-20 14:00:15+00:00,3.479552935288446e-05
2023-08-20 15:00:15+00:00,3.7519737632902226e-05
2023-08-20 16:00:12+00:00,3.6756430049155255e-05
2023-08-20 17:00:17+00:00,3.527887549090048e-05
2023-08-20 18:00:16+00:00,3.6613534669501764e-05
2023-08-20 19:00:25+00:00,3.3323841141943016e-05
2023-08-20 20:00:21+00:00,2.0344239872885637e-05
2023-08-20 21:00:14+00:00,1.8595106834192396e-05
2023-08-20 22:00:26+00:00,1.7845299111005393e-05
2023-08-20 23:00:16+00:00,1.8141975818009924e-05
2023-08-21 00:00:23+00:00,1.8023718321298548e-05
2023-08-21 01:00:21+00:00,1.5065898052405809e-05
2023-08-21 02:00:15+00:00,1.7362868277595423e-05
2023-08-21 03:00:25+00:00,1.166115696456462e-05
2023-08-21 04:00:18+00:00,1.2968663709019097e-05
2023-08-21 05:00:20+00:00,1.3427636328415772e-05
2023-08-21 06:00:22+00:00,1.5022385418043642e-05
2023-08-21 07:00:12+00:00,1.4675519718116837e-05
2023-08-21 08:00:06+00:00,1.633802000288174e-05
2023-08-21 09:00:14+00:00,1.7240181410725208e-05
2023-08-21 10:00:18+00:00,1.6668802905957415e-05
2023-08-21 11:00:14+00:00,1.8277453496842077e-05
2023-08-21 12:00:14+00:00,2.1645892556595338e-05
2023-08-21 13:00:17+00:00,1.9487627973233724e-05
2023-08-21 14:00:16+00:00,1.9979431384303204e-05
2023-08-21 15:00:11+00:00,1.8798308793591587e-05
2023-08-21 16:00:18+00:00,-3.7890049053692885e-06
2023-08-21 17:00:18+00:00,1.2685125879591665e-05
2023-08-21 18:00:14+00:00,1.747792857976518e-05
2023-08-21 19:00:15+00:00,1.9960619060509678e-05
2023-08-21 20:00:19+00:00,1.7875269388814652e-05
2023-08-21 21:00:11+00:00,1.730129505860703e-05
2023-08-21 22:00:10+00:00,1.8365280825042336e-05
2023-08-21 23:00:15+00:00,1.894364176246005e-05
2023-08-22 00:00:17+00:00,1.968472753116531e-05
2023-08-22 01:00:19+00:00,2.0367068647042237e-05
2023-08-22 02:00:13+00:00,1.8851355898974204e-05
2023-08-22 03:00:15+00:00,2.092248210210713e-05
2023-08-22 04:00:10+00:00,1.8560947787796686e-05
2023-08-22 05:00:10+00:00,1.7253609506777913e-05
2023-08-22 06:00:17+00:00,1.8439200432183946e-05
2023-08-22 07:00:17+00:00,1.8436670801929948e-05
2023-08-22 08:00:11+00:00,1.8588030874932428e-05
2023-08-22 09:00:13+00:00,1.876286752015388e-05
2023-08-22 10:00:17+00:00,1.894731851856558e-05
2023-08-22 11:00:18+00:00,1.7374486637802964e-05
2023-08-22 12:00:14+00:00,1.787922743514185e-05
2023-08-22 13:00:19+00:00,2.933093923346273e-06
2023-08-22 14:00:12+00:00,1.022458850115693e-05
2023-08-22 15:00:15+00:00,1.3020134524829917e-05
2023-08-22 16:00:15+00:00,-9.336141283237723e-06
2023-08-22 17:00:15+00:00,5.749438597829278e-05
2023-08-22 18:00:12+00:00,-6.775422452447638e-05
2023-08-22 19:00:10+00:00,2.539349745541939e-05
2023-08-22 20:00:10+00:00,-4.012843822549712e-05
2023-08-22 21:00:10+00:00,6.487113224779747e-05
2023-08-22 22:00:11+00:00,-0.00010360368376789169
2023-08-22 23:00:14+00:00,6.514642212305163e-05
2023-08-23 00:00:27+00:00,9.457262277208554e-05
2023-08-23 01:00:18+00:00,4.754774519104432e-05
2023-08-23 02:00:17+00:00,5.790199303517345e-05
2023-08-23 03:00:27+00:00,3.768742274656069e-05
2023-08-23 04:00:32+00:00,-7.257709181334277e-06
2023-08-23 05:00:21+00:00,7.002579094580173e-05
2023-08-23 06:00:13+00:00,2.176637478421917e-05
2023-08-23 07:00:12+00:00,1.79340025452724e-05
2023-08-23 08:00:13+00:00,1.9136697975255187e-05
2023-08-23 09:00:44+00:00,1.1443965570736592e-05
2023-08-23 10:00:11+00:00,1.223257832025074e-05
2023-08-23 11:00:14+00:00,-2.1056621720393812e-05
2023-08-23 12:00:10+00:00,-8.950861730144519e-06
2023-08-23 13:00:13+00:00,-1.2333294042374668e-06
2023-08-23 14:00:10+00:00,9.210863787113478e-06
2023-08-23 15:00:10+00:00,1.86328117046861e-05
2023-08-23 16:00:11+00:00,3.0375896902344393e-05
2023-08-23 17:00:11+00:00,3.962163737313097e-05
2023-08-23 18:00:24+00:00,4.812493974705262e-05
2023-08-23 19:00:16+00:00,3.7849919068733305e-05
2023-08-23 20:00:19+00:00,4.443317937096283e-05
2023-08-23 21:00:19+00:00,3.5152984670176456e-05
2023-08-23 22:00:14+00:00,2.4526013337930412e-05
2023-08-23 23:00:14+00:00,3.1417157658114646e-05
2023-08-24 00:00:05+00:00,3.530585639717612e-05
2023-08-24 01:00:14+00:00,2.9744747980564898e-05
2023-08-24 02:00:18+00:00,1.8349250922594545e-05
2023-08-24 03:00:48+00:00,1.843925373886122e-05
2023-08-24 04:00:08+00:00,1.7643152896383034e-05
2023-08-24 05:00:08+00:00,1.8822544203580234e-05
2023-08-24 06:01:51+00:00,1.783898029572969e-05
2023-08-24 07:00:45+00:00,2.2445386400909698e-05
2023-08-24 08:00:52+00:00,1.750188268660584e-05
2023-08-24 09:00:19+00:00,1.716076382722844e-05
2023-08-24 10:00:17+00:00,1.773041856521852e-05
2023-08-24 11:00:11+00:00,2.2192345166090138e-05
2023-08-24 12:00:08+00:00,1.7480003561724082e-05
2023-08-24 13:00:10+00:00,1.8529183673999216e-05
2023-08-24 14:00:18+00:00,1.6991474289170113e-05
2023-08-24 15:00:09+00:00,1.1043183043293895e-05
2023-08-24 16:00:17+00:00,9.485182971544677e-06
2023-08-24 17:00:53+00:00,1.7972482886403467e-05
2023-08-24 18:00:25+00:00,1.902032816412492e-05
2023-08-24 19:00:18+00:00,1.9524655416801325e-05
2023-08-24 20:00:53+00:00,1.9664499595494555e-05
2023-08-24 21:00:56+00:00,1.6760747744443866e-05
2023-08-24 22:00:10+00:00,1.8861915965986284e-05
2023-08-24 23:00:24+00:00,1.9308864956024287e-05
2023-08-25 00:00:09+00:00,1.958287585324163e-05
2023-08-25 01:00:54+00:00,1.868149850847025e-05
2023-08-25 02:00:18+00:00,2.3353411662301623e-05
2023-08-25 03:00:19+00:00,1.912356568591986e-05
2023-08-25 04:00:15+00:00,2.4698562132136447e-06
2023-08-25 05:00:12+00:00,1.2270348556584534e-05
2023-08-25 06:00:18+00:00,1.7912128899893482e-05
2023-08-25 07:00:18+00:00,1.7473031749353716e-05
2023-08-25 08:00:18+00:00,1.3298606862292036e-05
2023-08-25 09:01:08+00:00,2.4971792091918198e-05
2023-08-25 10:00:09+00:00,1.985541804220092e-05
2023-08-25 11:00:09+00:00,2.6532298262177678e-05
2023-08-25 12:00:11+00:00,1.6104875117101475e-05
2023-08-25 13:00:13+00:00,4.5742194850530456e-05
2023-08-25 14:00:09+00:00,2.34762946829072e-05
2023-08-25 15:00:00+00:00,-4.709501318635962e-05
2023-08-25 16:00:09+00:00,-1.444997879630198e-05
2023-08-25 17:00:11+00:00,-5.356997987715023e-07
2023-08-25 18:00:11+00:00,6.87359945274935e-06
2023-08-25 19:00:10+00:00,1.1766351015107357e-05
2023-08-25 20:00:09+00:00,1.1847170822029504e-05
2023-08-25 21:00:09+00:00,1.3047220261133757e-05
2023-08-25 22:00:09+00:00,1.2682293182340772e-05
2023-08-25 23:00:15+00:00,1.058849490684599e-05
2023-08-26 00:00:15+00:00,1.0693603011762505e-05
2023-08-26 01:01:15+00:00,1.0904593798628145e-05
2023-08-26 02:00:18+00:00,1.1725436225359312e-05
2023-08-26 03:00:14+00:00,1.1784621245623268e-05
2023-08-26 04:00:14+00:00,1.176617940890248e-05
2023-08-26 05:00:15+00:00,1.1731558097467873e-05
2023-08-26 06:00:18+00:00,1.2249415931984632e-05
2023-08-26 07:00:27+00:00,1.1697087942559354e-05
2023-08-26 08:00:21+00:00,9.22877425949901e-06
2023-08-26 09:00:20+00:00,9.657484871622051e-06
2023-08-26 10:00:08+00:00,1.2232030357243582e-05
2023-08-26 11:00:09+00:00,1.4012980188346173e-05
2023-08-26 12:00:09+00:00,1.4079806451259928e-05
2023-08-26 13:00:08+00:00,1.274405622127633e-05
2023-08-26 14:00:09+00:00,1.3048902841241715e-05
2023-08-26 15:00:11+00:00,1.265569529784883e-05
2023-08-26 16:00:10+00:00,1.3626648075697807e-05
2023-08-26 17:00:09+00:00,1.2411860433022144e-05
2023-08-26 18:00:09+00:00,1.2752194593070245e-05
2023-08-26 19:00:11+00:00,1.2559867792493845e-05
2023-08-26 20:00:08+00:00,1.3929496179863757e-05
2023-08-26 21:00:09+00:00,1.5050554789243718e-05
2023-08-26 22:00:11+00:00,1.53750302479777e-05
2023-08-26 23:00:11+00:00,1.48281034618667e-05
2023-08-27 00:00:08+00:00,1.434507345973561e-05
2023-08-27 01:00:12+00:00,1.376271697737258e-05
2023-08-27 02:00:11+00:00,1.3197431665193276e-05
2023-08-27 03:00:10+00:00,1.4168607764774717e-05
2023-08-27 04:00:10+00:00,1.4950488835310209e-05
2023-08-27 05:00:11+00:00,1.4793740279234001e-05
2023-08-27 06:00:11+00:00,1.5490442367563745e-05
2023-08-27 07:00:10+00:00,1.5444760480514763e-05
2023-08-27 08:00:11+00:00,1.6291015918871568e-05
2023-08-27 09:00:10+00:00,1.7266632690587574e-05
2023-08-27 10:00:10+00:00,1.7158207114901886e-05
2023-08-27 11:00:09+00:00,1.720115917934211e-05
2023-08-27 12:00:11+00:00,1.732125255171733e-05
2023-08-27 13:00:10+00:00,1.7717538743431465e-05
2023-08-27 14:00:11+00:00,1.8610538734773836e-05
2023-08-27 15:00:11+00:00,1.9668967271766934e-05
2023-08-27 16:00:11+00:00,1.7784309205895627e-05
2023-08-27 17:00:13+00:00,1.6999392660698218e-05
2023-08-27 18:00:18+00:00,1.861638531868416e-05
2023-08-27 19:00:10+00:00,2.354886620812346e-05
2023-08-27 20:00:10+00:00,2.155846830660142e-05
2023-08-27 21:00:12+00:00,1.6958639672138537e-05
2023-08-27 22:00:10+00:00,1.3883820529747874e-06
2023-08-27 23:00:10+00:00,4.578620199010392e-05
2023-08-28 00:00:10+00:00,3.093416816564505e-05
2023-08-28 01:00:10+00:00,6.777609982755062e-06
2023-08-28 02:00:11+00:00,-9.020371295727908e-08
2023-08-28 03:00:12+00:00,-9.325065631884131e-07
2023-08-28 04:00:10+00:00,-3.245195310977849e-06
2023-08-28 05:00:10+00:00,2.9700489101385942e-05
2023-08-28 06:00:10+00:00,1.0970655606607248e-05
2023-08-28 07:00:11+00:00,1.169778875007066e-05
2023-08-28 08:00:10+00:00,1.817417698218833e-05
2023-08-28 09:00:11+00:00,3.0071757594078255e-05
2023-08-28 10:00:10+00:00,1.7410937422798567e-05
2023-08-28 11:00:12+00:00,2.1421485690055747e-05
2023-08-28 12:00:14+00:00,4.52178181153687e-05
2023-08-28 13:00:12+00:00,9.21377868575406e-05
2023-08-28 14:00:09+00:00,2.426461224640646e-05
2023-08-28 15:00:10+00:00,4.0783534388181125e-05
2023-08-28 16:00:15+00:00,1.0118006728997084e-07
2023-08-28 17:01:12+00:00,6.232449236651738e-05
2023-08-28 18:00:10+00:00,1.3864995233138646e-05
2023-08-28 19:00:16+00:00,5.0289892127272e-05
2023-08-28 20:00:19+00:00,-3.7516759915243854e-05
2023-08-28 21:00:17+00:00,-2.219653335239464e-05
2023-08-28 22:00:16+00:00,-5.958260486162774e-06
2023-08-28 23:00:21+00:00,6.43558567671975e-05
2023-08-29 00:00:17+00:00,9.904006001459358e-05
2023-08-29 01:00:16+00:00,6.219829360611651e-05
2023-08-29 02:00:20+00:00,1.2236041647915849e-05
2023-08-29 03:00:22+00:00,1.1906396566085306e-05
2023-08-29 04:00:15+00:00,8.283076698540562e-06
2023-08-29 05:00:18+00:00,5.003263710050256e-06
2023-08-29 06:00:17+00:00,8.799539821053575e-06
2023-08-29 07:00:24+00:00,-9.457966607205536e-06
2023-08-29 08:00:15+00:00,4.730318221942063e-06
2023-08-29 09:00:17+00:00,2.4460287120869743e-05
2023-08-29 10:00:11+00:00,2.786156212385865e-05
2023-08-29 11:01:23+00:00,2.5831791054031e-05
2023-08-29 12:00:15+00:00,2.873563307900661e-05
2023-08-29 13:00:18+00:00,3.203520600340367e-05
2023-08-29 14:00:19+00:00,3.184148876998829e-05
2023-08-29 15:00:23+00:00,3.8938772468506646e-05
2023-08-29 16:00:12+00:00,3.011070657341621e-05
2023-08-29 17:00:10+00:00,-9.338186879593027e-06
2023-08-29 18:00:13+00:00,-1.1424906536286648e-05
2023-08-29 19:00:12+00:00,8.80572302834877e-06
2023-08-29 20:00:11+00:00,8.205340147876213e-07
2023-08-29 21:00:07+00:00,1.377129329030785e-06
2023-08-29 22:00:09+00:00,5.315023829425619e-06
2023-08-29 23:00:11+00:00,8.782038291251624e-06
2023-08-30 00:00:10+00:00,8.926526520757677e-06
2023-08-30 01:00:10+00:00,9.962481055299355e-06
2023-08-30 02:00:09+00:00,1.0933433657054734e-05
2023-08-30 03:00:12+00:00,1.0836634447940518e-05
2023-08-30 04:00:12+00:00,8.30644152067999e-06
2023-08-30 05:00:12+00:00,9.02460840500926e-06
2023-08-30 06:00:10+00:00,1.0416497234265052e-05
2023-08-30 07:00:19+00:00,8.405483499130549e-06
2023-08-30 08:00:15+00:00,9.433020958781261e-06
2023-08-30 09:00:19+00:00,9.084058731337081e-06
2023-08-30 10:00:14+00:00,9.08366906924612e-06
2023-08-30 11:00:02+00:00,9.219718324416194e-06
2023-08-30 12:00:03+00:00,8.812797265266143e-06
2023-08-30 13:00:14+00:00,9.08862987205411e-06
2023-08-30 14:00:18+00:00,1.3604505517807467e-05
2023-08-30 15:00:11+00:00,1.220304987901504e-05
2023-08-30 16:00:12+00:00,1.3589565682576229e-05
2023-08-30 17:00:12+00:00,1.4954856422726374e-05
2023-08-30 18:00:16+00:00,1.6925190404862956e-05
2023-08-30 19:00:14+00:00,2.2466040007288065e-05
2023-08-30 20:00:16+00:00,1.966694565737044e-05
2023-08-30 21:00:09+00:00,2.2651573446810816e-05
2023-08-30 22:00:14+00:00,1.582790799233883e-05
2023-08-30 23:00:21+00:00,1.3934110218695404e-05
2023-08-31 00:00:14+00:00,3.072699776613469e-05
2023-08-31 01:00:12+00:00,-1.193333941979798e-05
2023-08-31 02:00:21+00:00,1.0880652341599029e-05
2023-08-31 03:00:21+00:00,1.4563679975802926e-05
2023-08-31 04:00:23+00:00,1.778790701055496e-05
2023-08-31 05:00:19+00:00,2.4783314943919092e-05
2023-08-31 06:00:19+00:00,2.0759297528079724e-05
2023-08-31 07:00:23+00:00,1.5929346021035934e-05
2023-08-31 08:00:14+00:00,1.8370086660815943e-05
2023-08-31 09:00:09+00:00,1.83383130473351e-05
2023-08-31 10:00:14+00:00,1.6402580261193028e-05
2023-08-31 11:00:14+00:00,1.81421331689762e-05
2023-08-31 12:00:15+00:00,4.317934178280279e-05
2023-08-31 13:00:16+00:00,0.0001445583857199542
2023-08-31 14:00:12+00:00,6.0953263485334534e-05
2023-08-31 15:00:15+00:00,3.08989533007166e-05
2023-08-31 16:00:03+00:00,1.77849383133619e-05
2023-08-31 17:00:14+00:00,-1.905133342715567e-05
2023-08-31 18:00:09+00:00,2.3984200831340574e-05
2023-08-31 19:00:13+00:00,5.891475971705572e-05
2023-08-31 20:00:15+00:00,6.599208236863508e-05
2023-08-31 21:00:06+00:00,6.381610499714272e-05
2023-08-31 22:00:13+00:00,3.9667674039362484e-05
2023-08-31 23:00:15+00:00,2.6829583870651758e-05
2023-09-01 00:00:11+00:00,2.536562708872477e-05
2023-09-01 01:00:10+00:00,2.4660436549551653e-05
2023-09-01 02:00:11+00:00,2.0272103488101042e-05
2023-09-01 03:00:14+00:00,2.3401769910090314e-05
2023-09-01 04:00:11+00:00,2.3835242695003578e-05
2023-09-01 05:00:14+00:00,2.8506367031228473e-05
2023-09-01 06:00:11+00:00,3.105394503219859e-05
2023-09-01 07:00:14+00:00,3.244672602105617e-05
2023-09-01 08:00:23+00:00,3.132561664335464e-05
2023-09-01 09:00:21+00:00,2.825730153401113e-05
2023-09-01 10:00:23+00:00,2.725142244864243e-05
2023-09-01 11:00:21+00:00,2.613440995373893e-05
2023-09-01 12:00:22+00:00,2.865701218154785e-05
2023-09-01 13:00:14+00:00,2.6723645918677073e-05
2023-09-01 14:00:20+00:00,2.6043403909269784e-05
2023-09-01 15:00:21+00:00,2.895451541373635e-05
2023-09-01 16:00:17+00:00,9.544025599995431e-06
2023-09-01 17:00:43+00:00,2.8671265802595935e-06
2023-09-01 18:00:26+00:00,5.152163405873236e-06
2023-09-01 19:00:23+00:00,1.1628770207321931e-05
2023-09-01 20:00:19+00:00,1.1415607965488222e-05
2023-09-01 21:00:23+00:00,2.6402348118884717e-05
2023-09-01 22:00:25+00:00,2.9646490994903125e-05
2023-09-01 23:00:16+00:00,2.633271489248161e-05
2023-09-02 00:00:09+00:00,2.6200533685338807e-05
2023-09-02 01:00:23+00:00,2.4417308806336e-05
2023-09-02 02:00:24+00:00,2.2910450682128067e-05
2023-09-02 03:00:14+00:00,2.47054094859868e-05
2023-09-02 04:00:14+00:00,2.619152340133414e-05
2023-09-02 05:00:23+00:00,2.5250465357832978e-05
2023-09-02 06:00:22+00:00,2.7001885840933885e-05
2023-09-02 07:00:23+00:00,2.3713717593955464e-05
2023-09-02 08:00:14+00:00,2.2905102766403353e-05
2023-09-02 09:00:13+00:00,2.2033266459185754e-05
2023-09-02 10:00:12+00:00,2.3319675921358108e-05
2023-09-02 11:00:11+00:00,2.4822741981184983e-05
2023-09-02 12:00:12+00:00,2.2809488652047267e-05
2023-09-02 13:00:13+00:00,2.1885242203187263e-05
2023-09-02 14:00:14+00:00,2.3709294064422267e-05
2023-09-02 15:00:11+00:00,2.539040517314936e-05
2023-09-02 16:00:12+00:00,1.663902165039373e-05
2023-09-02 17:00:12+00:00,1.2644517466396443e-05
2023-09-02 18:00:11+00:00,1.2772061214649846e-05
2023-09-02 19:00:16+00:00,1.2924149526262984e-05
2023-09-02 20:00:32+00:00,1.4036909934762822e-05
2023-09-02 21:00:12+00:00,1.5557867253047426e-05
2023-09-02 22:00:14+00:00,1.4776257258214501e-05
2023-09-02 23:00:12+00:00,1.4640667601899847e-05
2023-09-03 00:00:12+00:00,1.3467565544353771e-05
2023-09-03 01:00:12+00:00,1.3712820850444693e-05
2023-09-03 02:00:11+00:00,1.3887858854656582e-05
2023-09-03 03:00:14+00:00,1.4233413960127193e-05
2023-09-03 04:00:10+00:00,1.349623002518507e-05
2023-09-03 05:00:11+00:00,1.367801409101792e-05
2023-09-03 06:00:11+00:00,1.3812717904731873e-05
2023-09-03 07:00:11+00:00,1.3279322633657843e-05
2023-09-03 08:00:11+00:00,1.3227039949639854e-05
2023-09-03 09:00:14+00:00,1.2070071662679286e-05
2023-09-03 10:00:11+00:00,1.3453679185806691e-05
2023-09-03 11:00:14+00:00,1.4210641026392096e-05
2023-09-03 12:00:14+00:00,1.4549902504484117e-05
2023-09-03 13:00:14+00:00,5.322664251527243e-06
2023-09-03 14:00:13+00:00,-7.094059362231314e-07
2023-09-03 15:00:10+00:00,-1.3470158139197317e-06
2023-09-03 16:00:12+00:00,-1.9237928911323708e-06
2023-09-03 17:00:11+00:00,-1.3141228344989228e-06
2023-09-03 18:00:13+00:00,-1.1170873926123606e-06
2023-09-03 19:00:12+00:00,1.4648480330199412e-07
2023-09-03 20:00:12+00:00,1.6329758936728762e-06
2023-09-03 21:00:09+00:00,1.2474032391604269e-06
2023-09-03 22:00:14+00:00,-1.1375798892313386e-06
2023-09-03 23:00:14+00:00,-1.0866220484870823e-06
2023-09-04 00:00:12+00:00,4.216249855799239e-07
2023-09-04 01:00:10+00:00,-8.901837307352447e-07
2023-09-04 02:00:14+00:00,1.8667245254076703e-07
2023-09-04 03:00:12+00:00,4.519374436944219e-06
2023-09-04 04:00:10+00:00,4.643525081481038e-06
2023-09-04 05:00:13+00:00,3.899519188180325e-06
2023-09-04 06:00:13+00:00,2.6425950079919125e-06
2023-09-04 07:00:12+00:00,4.572350034008394e-06
2023-09-04 08:00:19+00:00,3.5201675671588665e-06
2023-09-04 09:00:30+00:00,5.101521956387621e-06
2023-09-04 10:00:24+00:00,5.580421912220935e-06
2023-09-04 11:00:20+00:00,6.881058383281126e-07
2023-09-04 12:00:19+00:00,-3.4968341810055446e-06
2023-09-04 13:00:15+00:00,-2.1106662470631315e-06
2023-09-04 14:00:26+00:00,4.0236342800429435e-06
2023-09-04 15:00:21+00:00,2.026365208505367e-06
2023-09-04 16:00:28+00:00,1.064197441652932e-05
2023-09-04 17:02:17+00:00,1.588365677931252e-05
2023-09-04 18:00:24+00:00,1.704974050346781e-05
2023-09-04 19:00:23+00:00,1.7083483167645195e-05
2023-09-04 20:00:25+00:00,1.5552353216264132e-05
2023-09-04 21:00:30+00:00,6.0352094872334165e-06
2023-09-04 22:00:21+00:00,5.28076455401131e-06
2023-09-04 23:00:23+00:00,1.7274355260891632e-05
2023-09-05 00:00:21+00:00,2.2941480895848248e-05
2023-09-05 01:00:20+00:00,1.0008150392152395e-05
2023-09-05 02:00:28+00:00,1.2090628392164365e-05
2023-09-05 03:00:23+00:00,-2.9479620865771586e-05
2023-09-05 04:00:31+00:00,1.2321107468418268e-05
2023-09-05 05:00:31+00:00,2.023485633452265e-05
2023-09-05 06:00:21+00:00,5.580441236093012e-05
2023-09-05 07:00:29+00:00,2.1217168541035137e-06
2023-09-05 08:00:28+00:00,1.7717579129164736e-05
2023-09-05 09:00:17+00:00,1.339906066927268e-05
2023-09-05 10:00:13+00:00,1.56496370107748e-05
2023-09-05 11:00:14+00:00,1.5664392349388487e-05
2023-09-05 12:00:19+00:00,1.6014925930968396e-05
2023-09-05 13:00:12+00:00,1.5037736415663587e-05
2023-09-05 14:00:20+00:00,1.3098586817594577e-05
2023-09-05 15:00:14+00:00,1.1899316686608705e-05
2023-09-05 16:00:14+00:00,1.4590775158432697e-05
2023-09-05 17:00:15+00:00,1.1653999087659534e-05
2023-09-05 18:00:21+00:00,1.2258430379471446e-05
2023-09-05 19:00:14+00:00,1.3426503766590603e-05
2023-09-05 20:00:13+00:00,1.1886186830565983e-05
2023-09-05 21:00:27+00:00,1.3215979572374108e-05
2023-09-05 22:00:18+00:00,1.6194046469247166e-05
2023-09-05 23:00:17+00:00,1.608954795101179e-05
2023-09-06 00:00:20+00:00,1.439957062504486e-05
2023-09-06 01:00:27+00:00,1.4892857176701873e-05
2023-09-06 02:00:11+00:00,1.3771255055150876e-05
2023-09-06 03:00:18+00:00,1.6107007520673717e-05
2023-09-06 04:00:18+00:00,1.1052936220168714e-05
2023-09-06 05:00:33+00:00,1.1390451269165522e-05
2023-09-06 06:00:24+00:00,1.0984455177232518e-05
2023-09-06 07:00:16+00:00,1.198038222899029e-05
2023-09-06 08:00:11+00:00,1.1040646796286722e-05
2023-09-06 09:00:14+00:00,1.2069600985106745e-05
2023-09-06 10:00:14+00:00,1.2237964125570573e-05
2023-09-06 11:00:13+00:00,1.1432866304976297e-05
2023-09-06 12:00:13+00:00,1.1895530373277767e-05
2023-09-06 13:00:16+00:00,1.1201104238968856e-05
2023-09-06 14:00:12+00:00,1.1457530597677693e-05
2023-09-06 15:00:11+00:00,7.155195573760245e-06
2023-09-06 16:00:17+00:00,7.956674614725036e-06
2023-09-06 17:00:13+00:00,9.055712207581124e-06
2023-09-06 18:00:07+00:00,1.2769121030958275e-05
2023-09-06 19:00:15+00:00,8.408834267309656e-06
2023-09-06 20:00:15+00:00,1.0762937282150611e-05
2023-09-06 21:00:13+00:00,8.832862533469018e-06
2023-09-06 22:00:11+00:00,9.619860799314287e-06
2023-09-06 23:00:11+00:00,1.0064167206331394e-05
2023-09-07 00:00:12+00:00,9.712601785145127e-06
2023-09-07 01:00:11+00:00,9.52245266808721e-06
2023-09-07 02:00:11+00:00,9.499000043590265e-06
2023-09-07 03:00:13+00:00,9.524805650184817e-06
2023-09-07 04:00:17+00:00,1.146216589520804e-05
2023-09-07 05:00:12+00:00,9.887975630867707e-06
2023-09-07 06:00:15+00:00,9.326175006042413e-06
2023-09-07 07:00:13+00:00,9.377230338527506e-06
2023-09-07 08:00:11+00:00,9.509929947098404e-06
2023-09-07 09:00:13+00:00,9.443822855867534e-06
2023-09-07 10:00:14+00:00,9.297684926343682e-06
2023-09-07 11:00:13+00:00,8.715809536267215e-06
2023-09-07 12:00:12+00:00,7.696195086386497e-06
2023-09-07 13:00:14+00:00,6.01727385875187e-06
2023-09-07 14:00:11+00:00,6.67200746852957e-06
2023-09-07 15:00:14+00:00,1.0102885917719593e-05
2023-09-07 16:00:15+00:00,8.784714494907779e-06
2023-09-07 17:00:13+00:00,1.0224396530229454e-05
2023-09-07 18:00:10+00:00,1.2864754503209365e-05
2023-09-07 19:00:08+00:00,7.964009943661556e-06
2023-09-07 20:00:25+00:00,1.0695823478769127e-05
2023-09-07 21:00:13+00:00,1.204683310269751e-05
2023-09-07 22:00:21+00:00,1.8398445544167365e-05
2023-09-07 23:00:10+00:00,1.6859790438291744e-05
2023-09-08 00:00:14+00:00,9.355859756835762e-06
2023-09-08 01:00:13+00:00,1.2186859572573249e-05
2023-09-08 02:00:11+00:00,8.374602076324965e-06
2023-09-08 03:00:12+00:00,6.958099382025502e-06
2023-09-08 04:00:13+00:00,7.820557979004668e-06
2023-09-08 05:00:14+00:00,1.1159355388354016e-05
2023-09-08 06:00:11+00:00,6.907476869965157e-06
2023-09-08 07:00:12+00:00,7.243207937505262e-06
2023-09-08 08:00:14+00:00,1.0899972836017078e-05
2023-09-08 09:00:12+00:00,9.543048179913577e-06
2023-09-08 10:00:14+00:00,7.911396100602782e-06
2023-09-08 11:00:15+00:00,1.2951531257080506e-05
2023-09-08 12:00:13+00:00,1.2777305438223907e-05
2023-09-08 13:00:13+00:00,1.1360447620638905e-05
2023-09-08 14:00:13+00:00,1.3744799862624257e-05
2023-09-08 15:00:14+00:00,1.173624035044507e-05
2023-09-08 16:00:13+00:00,1.0727045581432664e-05
2023-09-08 17:00:14+00:00,1.0202117551071282e-05
2023-09-08 18:00:13+00:00,1.2024039853234233e-05
2023-09-08 19:00:16+00:00,1.171804202987925e-05
2023-09-08 20:00:15+00:00,1.83174909866884e-05
2023-09-08 21:00:12+00:00,1.628692884434165e-05
2023-09-08 22:00:16+00:00,1.4444354790830825e-05
2023-09-08 23:00:13+00:00,1.4839000877963827e-05
2023-09-09 00:00:15+00:00,1.4486509040181966e-05
2023-09-09 01:00:15+00:00,1.2954510323646024e-05
2023-09-09 02:00:12+00:00,1.3799195713060524e-05
2023-09-09 03:00:12+00:00,1.5077021095937214e-05
2023-09-09 04:00:10+00:00,1.4686966377069734e-05
2023-09-09 05:00:12+00:00,1.492266489890516e-05
2023-09-09 06:00:11+00:00,1.3816806203115449e-05
2023-09-09 07:00:15+00:00,1.3469404719413628e-05
2023-09-09 08:00:24+00:00,1.3299288516876449e-05
2023-09-09 09:00:19+00:00,1.293124830976852e-05
2023-09-09 10:00:16+00:00,1.3456712637425428e-05
2023-09-09 11:00:18+00:00,1.229317905351697e-05
2023-09-09 12:00:15+00:00,1.301160773337042e-05
2023-09-09 13:00:25+00:00,1.2421587195256582e-05
2023-09-09 14:00:16+00:00,1.1621315599542613e-05
2023-09-09 15:00:19+00:00,1.2459593951741469e-05
2023-09-09 16:00:24+00:00,1.5181430104902105e-05
2023-09-09 17:07:03+00:00,1.645309137257345e-05
2023-09-09 18:03:08+00:00,1.1391699338832693e-05
2023-09-09 19:00:12+00:00,7.106394155113293e-06
2023-09-09 20:00:12+00:00,1.176955220198493e-05
2023-09-09 21:00:08+00:00,1.2216411457813738e-05
2023-09-09 22:00:10+00:00,1.2566700877830633e-05
2023-09-09 23:00:11+00:00,1.2274266661918763e-05
2023-09-10 00:01:09+00:00,1.27838778975638e-05
2023-09-10 01:02:23+00:00,8.170368026753061e-06
2023-09-10 02:04:24+00:00,1.293025533113061e-05
2023-09-10 03:01:06+00:00,1.1500231676138399e-05
2023-09-10 04:00:37+00:00,1.1661564958919296e-05
2023-09-10 05:00:49+00:00,1.071445714128868e-05
2023-09-10 06:00:41+00:00,1.2187734111799868e-05
2023-09-10 07:00:13+00:00,1.2700163816085712e-05
2023-09-10 08:00:44+00:00,1.2621834915870117e-05
2023-09-10 09:00:44+00:00,1.2568156979230376e-05
2023-09-10 10:00:15+00:00,1.2309667391981691e-05
2023-09-10 11:00:16+00:00,1.1257971212166199e-05
2023-09-10 12:00:52+00:00,1.174439774832472e-05
2023-09-10 13:00:21+00:00,1.2488754819860366e-05
2023-09-10 14:00:42+00:00,1.255928098083844e-05
2023-09-10 15:00:44+00:00,1.0153122822694939e-05
2023-09-10 16:00:20+00:00,1.1676870529225677e-05
2023-09-10 17:00:18+00:00,1.22288052886219e-05
2023-09-10 18:00:15+00:00,9.986349446821505e-06
2023-09-10 19:00:11+00:00,1.2591398862731968e-05
2023-09-10 20:00:14+00:00,1.2544961363001051e-05
2023-09-10 21:00:11+00:00,1.5588472834156317e-05
2023-09-10 22:00:14+00:00,1.850895651275581e-05
2023-09-10 23:00:14+00:00,1.424659530400969e-05
2023-09-11 00:00:27+00:00,1.3598859548837565e-05
2023-09-11 01:00:14+00:00,1.2974400424059654e-05
2023-09-11 02:00:19+00:00,1.2450045228040882e-05
2023-09-11 03:00:19+00:00,1.50367303093304e-05
2023-09-11 04:00:19+00:00,1.4498119172470716e-05
2023-09-11 05:00:20+00:00,1.662702443945041e-05
2023-09-11 06:00:20+00:00,1.973433860920417e-05
2023-09-11 07:00:18+00:00,1.542825994060725e-05
2023-09-11 08:00:47+00:00,1.369925405104583e-05
2023-09-11 09:00:13+00:00,1.4539956355015192e-05
2023-09-11 10:00:14+00:00,1.3194550036735205e-05
2023-09-11 11:00:12+00:00,1.2338024641179028e-05
2023-09-11 12:00:14+00:00,9.640615016909559e-06
2023-09-11 13:00:13+00:00,1.1927568587569413e-05
2023-09-11 14:00:13+00:00,6.829416514722068e-06
2023-09-11 15:00:05+00:00,1.0615168023562023e-05
2023-09-11 16:00:12+00:00,1.8442730687828274e-05
2023-09-11 17:00:21+00:00,2.080444541050859e-05
2023-09-11 18:00:12+00:00,1.9571668371135536e-05
2023-09-11 19:00:14+00:00,1.9241927374022177e-05
2023-09-11 20:00:24+00:00,1.6159663120233175e-05
2023-09-11 21:00:12+00:00,2.3194693029555013e-05
2023-09-11 22:00:14+00:00,2.5143320055341956e-05
2023-09-11 23:00:13+00:00,2.2431122645115112e-05
2023-09-12 00:00:12+00:00,2.1818318203454e-05
2023-09-12 01:00:18+00:00,2.3107036728061487e-05
2023-09-12 02:00:17+00:00,2.045507916433691e-05
2023-09-12 03:00:12+00:00,2.363725434357469e-05
2023-09-12 04:00:16+00:00,4.544145415885849e-05
2023-09-12 05:00:22+00:00,2.655297653385864e-05
2023-09-12 06:00:13+00:00,2.0798608270009133e-05
2023-09-12 07:00:18+00:00,2.12558016279735e-05
2023-09-12 08:00:19+00:00,2.3252087392414642e-05
2023-09-12 09:00:24+00:00,2.2146001959307914e-05
2023-09-12 10:00:18+00:00,2.41946026128713e-05
2023-09-12 11:00:24+00:00,2.1663653398761782e-05
2023-09-12 12:00:24+00:00,1.3695812272184002e-05
2023-09-12 13:00:11+00:00,1.0727285463073062e-05
2023-09-12 14:00:01+00:00,1.3462809556729097e-05
2023-09-12 15:00:09+00:00,7.982777824123423e-06
2023-09-12 16:00:14+00:00,1.3524238950519249e-05
2023-09-12 17:00:14+00:00,8.57126803834475e-06
2023-09-12 18:00:17+00:00,2.2742276240184043e-06
2023-09-12 19:00:18+00:00,7.5342388122646076e-06
2023-09-12 20:00:14+00:00,1.274963303652143e-05
2023-09-12 21:00:15+00:00,1.0818582599422908e-05
2023-09-12 22:00:16+00:00,1.2500949316267793e-05
2023-09-12 23:00:12+00:00,1.0103037479686953e-05
2023-09-13 00:00:15+00:00,1.3214330194248997e-05
2023-09-13 01:00:15+00:00,8.058930990568471e-06
2023-09-13 02:00:14+00:00,7.406009984365421e-06
2023-09-13 03:00:15+00:00,6.701110353671561e-06
2023-09-13 04:00:11+00:00,5.008951742732483e-06
2023-09-13 05:00:12+00:00,8.784991377624696e-06
2023-09-13 06:00:13+00:00,8.964194321315687e-06
2023-09-13 07:00:14+00:00,1.211827878200352e-05
2023-09-13 08:00:18+00:00,8.88665625811701e-06
2023-09-13 09:00:15+00:00,1.1372934724465827e-05
2023-09-13 10:00:13+00:00,1.3907582756361654e-05
2023-09-13 11:00:16+00:00,1.3325521270858994e-05
2023-09-13 12:00:14+00:00,1.32608997970518e-05
2023-09-13 13:00:17+00:00,9.232926456985312e-06
2023-09-13 14:00:16+00:00,8.703342810387873e-06
2023-09-13 15:00:12+00:00,1.2156300216317455e-05
2023-09-13 16:00:16+00:00,1.1154024009964929e-05
2023-09-13 17:00:15+00:00,9.947935672817217e-06
2023-09-13 18:00:17+00:00,6.265085592791111e-06
2023-09-13 19:00:14+00:00,5.014788780734907e-06
2023-09-13 20:00:14+00:00,8.253620158452534e-06
2023-09-13 21:00:13+00:00,1.0839368111103088e-05
2023-09-13 22:00:16+00:00,5.009810473409139e-06
2023-09-13 23:00:13+00:00,4.4910230403705214e-06
2023-09-14 00:00:45+00:00,3.886284087608384e-06
2023-09-14 01:00:07+00:00,6.104357546480647e-06
2023-09-14 02:00:14+00:00,-9.877143428298693e-07
2023-09-14 03:00:17+00:00,1.180760708219394e-07
2023-09-14 04:00:13+00:00,7.253165407270887e-07
2023-09-14 05:00:11+00:00,-2.0714581359855934e-06
2023-09-14 06:00:14+00:00,-1.6091831527748544e-06
2023-09-14 07:00:16+00:00,1.9594466011166904e-06
2023-09-14 08:00:20+00:00,1.949916921789356e-06
2023-09-14 09:00:18+00:00,1.6530407369452632e-07
2023-09-14 10:00:12+00:00,9.758396740243866e-08
2023-09-14 11:01:08+00:00,6.054109686504787e-07
2023-09-14 12:00:19+00:00,5.966979699010454e-06
2023-09-14 13:00:23+00:00,2.5302023820693516e-06
2023-09-14 14:00:19+00:00,4.8043680511596085e-06
2023-09-14 15:00:16+00:00,5.084810499584241e-06
2023-09-14 16:00:14+00:00,2.744499353739175e-06
2023-09-14 17:00:12+00:00,3.3278486384421675e-06
2023-09-14 18:00:13+00:00,1.4830247667136584e-06
2023-09-14 19:00:48+00:00,1.05315839800741e-06
2023-09-14 20:00:13+00:00,4.644559181705986e-06
2023-09-14 21:00:12+00:00,6.349079877348022e-09
2023-09-14 22:00:15+00:00,-9.843761762996165e-07
2023-09-14 23:00:13+00:00,2.0488981780250077e-06
2023-09-15 00:00:13+00:00,1.1272137910426038e-06
2023-09-15 01:00:13+00:00,6.163302314484826e-07
2023-09-15 02:00:13+00:00,1.936775955192944e-06
2023-09-15 03:00:10+00:00,4.75720955231862e-06
2023-09-15 04:00:14+00:00,4.317411335937247e-06
2023-09-15 05:00:13+00:00,4.616794327851519e-06
2023-09-15 06:00:13+00:00,2.580427319143565e-06
2023-09-15 07:00:11+00:00,2.5335236062405335e-06
2023-09-15 08:00:17+00:00,3.2483839584203076e-06
2023-09-15 09:00:14+00:00,4.227609428902019e-06
2023-09-15 10:00:13+00:00,3.8223279412502265e-06
2023-09-15 11:00:13+00:00,4.285143084324838e-06
2023-09-15 12:00:15+00:00,-3.1870725465075044e-07
2023-09-15 13:00:16+00:00,-2.6647187489753397e-06
2023-09-15 14:00:14+00:00,-4.755145294196777e-07
2023-09-15 15:00:13+00:00,-4.8173856653011175e-06
2023-09-15 16:00:22+00:00,-1.8621912914879435e-06
2023-09-15 17:00:16+00:00,2.795178884040158e-06
2023-09-15 18:00:21+00:00,3.173462642798133e-06
2023-09-15 19:00:12+00:00,3.0623336443411056e-06
2023-09-15 20:00:42+00:00,3.7908478339414106e-06
2023-09-15 21:00:12+00:00,3.5319910963499865e-06
2023-09-15 22:00:17+00:00,3.4218505153014853e-06
2023-09-15 23:00:13+00:00,4.129606199924903e-06
2023-09-16 00:00:43+00:00,3.237691905935547e-06
2023-09-16 01:00:11+00:00,3.5511797951621023e-06
2023-09-16 02:00:31+00:00,3.646635853357527e-06
2023-09-16 03:00:36+00:00,6.107019553398302e-06
2023-09-16 04:00:45+00:00,3.6696222032903978e-06
2023-09-16 05:01:02+00:00,2.4958328264207197e-06
2023-09-16 06:02:09+00:00,2.491853309713059e-06
2023-09-16 07:00:43+00:00,2.5652416901146546e-06
2023-09-16 08:00:45+00:00,3.7097498919282957e-06
2023-09-16 09:00:10+00:00,4.515048262989638e-06
2023-09-16 10:00:45+00:00,4.912135424811761e-06
2023-09-16 11:00:39+00:00,5.704680651786223e-06
2023-09-16 12:00:49+00:00,5.782683997093463e-06
2023-09-16 13:00:25+00:00,6.9694485606470465e-06
2023-09-16 14:00:13+00:00,6.139247300344541e-06
2023-09-16 15:00:13+00:00,4.624412950133022e-06
2023-09-16 16:00:43+00:00,5.41698750727705e-06
2023-09-16 17:00:13+00:00,6.249408715302391e-06
2023-09-16 18:00:50+00:00,6.969969816724529e-06
2023-09-16 19:00:52+00:00,6.345066104646897e-06
2023-09-16 20:00:15+00:00,4.907296837064585e-06
2023-09-16 21:01:13+00:00,5.066325079630677e-06
2023-09-16 22:01:12+00:00,5.946333428701684e-06
2023-09-16 23:01:03+00:00,5.922877800794654e-06
2023-09-17 00:00:14+00:00,5.48545071810528e-06
2023-09-17 01:00:50+00:00,2.7795704506705615e-06
2023-09-17 02:00:12+00:00,4.7966797458905915e-06
2023-09-17 03:00:55+00:00,5.46333150528342e-06
2023-09-17 04:00:50+00:00,6.23925621583443e-06
2023-09-17 05:00:25+00:00,6.675770843214733e-06
2023-09-17 06:00:32+00:00,6.408422172183162e-06
2023-09-17 07:00:48+00:00,5.520314873142567e-06
2023-09-17 08:00:12+00:00,3.5895315797057906e-06
2023-09-17 09:00:16+00:00,5.211576558118906e-06
2023-09-17 10:00:21+00:00,5.603333982051348e-06
2023-09-17 11:00:17+00:00,5.118816120537968e-06
2023-09-17 12:00:21+00:00,3.7039833078403835e-06
2023-09-17 13:00:12+00:00,3.939539548942558e-06
2023-09-17 14:00:15+00:00,3.92082400768712e-06
2023-09-17 15:00:18+00:00,5.234941778154306e-06
2023-09-17 16:00:16+00:00,5.538705765169993e-06
2023-09-17 17:00:32+00:00,4.232778748454043e-06
2023-09-17 18:00:14+00:00,4.084414856612503e-06
2023-09-17 19:00:14+00:00,4.932566634571264e-06
2023-09-17 20:00:14+00:00,4.8458793991498714e-06
2023-09-17 21:00:14+00:00,3.4133446980796293e-06
2023-09-17 22:00:41+00:00,4.091809627049877e-06
2023-09-17 23:00:12+00:00,4.763172225727288e-06
2023-09-18 00:00:14+00:00,5.159367930493256e-06
2023-09-18 01:00:11+00:00,3.577020118956397e-06
2023-09-18 02:00:25+00:00,4.0939184643750534e-06
2023-09-18 03:00:14+00:00,1.113828458841651e-05
2023-09-18 04:00:11+00:00,9.514688101506593e-06
2023-09-18 05:00:13+00:00,7.591245814343992e-06
2023-09-18 06:00:13+00:00,8.549230463533525e-06
2023-09-18 07:00:14+00:00,7.201378014503532e-06
2023-09-18 08:00:22+00:00,8.331528183044314e-06
2023-09-18 09:00:21+00:00,7.606115321409257e-06
2023-09-18 10:00:18+00:00,9.306807943010365e-06
2023-09-18 11:00:23+00:00,5.986149848008381e-06
2023-09-18 12:00:21+00:00,1.8768479796266607e-06
2023-09-18 13:00:19+00:00,4.76010861424013e-06
2023-09-18 14:00:16+00:00,-2.0730996361019993e-06
2023-09-18 15:00:54+00:00,-2.6568962142473742e-06
2023-09-18 16:00:58+00:00,-3.6730792291330866e-06
2023-09-18 17:00:31+00:00,-4.190603105253123e-06
2023-09-18 18:00:46+00:00,-9.041202170976515e-06
2023-09-18 19:01:01+00:00,-3.5863927476141287e-06
2023-09-18 20:00:31+00:00,-2.9992634892612777e-06
2023-09-18 21:00:56+00:00,-2.7350352129043787e-06
2023-09-18 22:00:52+00:00,4.581888820354075e-06
2023-09-18 23:00:58+00:00,7.43951571424285e-06
2023-09-19 00:00:26+00:00,5.871552862929314e-06
2023-09-19 01:00:19+00:00,7.680032613264319e-07
2023-09-19 02:00:11+00:00,3.0796411767756975e-06
2023-09-19 03:00:28+00:00,4.226263346295724e-06
2023-09-19 04:00:37+00:00,-3.0153569536964993e-07
2023-09-19 05:00:15+00:00,8.169487320096225e-07
2023-09-19 06:00:37+00:00,-1.342446768024463e-06
2023-09-19 07:00:16+00:00,-3.431499342219223e-07
2023-09-19 08:00:32+00:00,-1.7041985339431508e-07
2023-09-19 09:00:17+00:00,4.161593853792843e-06
2023-09-19 10:00:18+00:00,9.000943058835921e-06
2023-09-19 11:00:18+00:00,-6.409472077094958e-07
2023-09-19 12:00:18+00:00,-2.233483748808552e-07
2023-09-19 13:00:18+00:00,-6.025633330351197e-07
2023-09-19 14:00:31+00:00,-2.850687540323887e-06
2023-09-19 15:00:47+00:00,3.783088981948808e-06
2023-09-19 16:00:10+00:00,8.579611842189733e-06
2023-09-19 17:00:17+00:00,-4.264009629227942e-07
2023-09-19 18:00:41+00:00,-4.342136387999709e-06
2023-09-19 19:00:13+00:00,-2.6263313776465466e-06
2023-09-19 20:00:23+00:00,1.1340363884569155e-06
2023-09-19 21:00:13+00:00,1.7088786811273689e-06
2023-09-19 22:00:10+00:00,6.952250797707938e-07
2023-09-19 23:00:13+00:00,1.8145084213684162e-06
2023-09-20 00:00:14+00:00,2.0332469993387473e-06
2023-09-20 01:00:13+00:00,9.493552802462872e-07
2023-09-20 02:00:09+00:00,4.978395997869338e-06
2023-09-20 03:00:14+00:00,-1.5317106735211632e-06
2023-09-20 04:00:10+00:00,-1.28982805130554e-06
2023-09-20 05:00:08+00:00,-1.391095034251382e-06
2023-09-20 06:00:10+00:00,-2.0959875747709524e-06
2023-09-20 07:00:10+00:00,1.2476828890452112e-08
2023-09-20 08:00:17+00:00,1.858225367633092e-06
2023-09-20 09:00:13+00:00,2.8453620664621303e-06
2023-09-20 10:00:14+00:00,-8.238724976575913e-08
2023-09-20 11:00:14+00:00,1.0914815987267822e-06
2023-09-20 12:00:09+00:00,4.0386375317490495e-06
2023-09-20 13:00:10+00:00,2.9466444875940526e-06
2023-09-20 14:00:09+00:00,7.335775744863576e-06
2023-09-20 15:00:13+00:00,6.949809717416752e-06
2023-09-20 16:00:13+00:00,6.5935750626671e-06
2023-09-20 17:00:09+00:00,6.742354437099461e-06
2023-09-20 18:02:07+00:00,7.3898024742294445e-06
2023-09-20 19:00:14+00:00,8.746462776709102e-06
2023-09-20 20:00:14+00:00,7.259646882664913e-06
2023-09-20 21:01:46+00:00,7.206978035304617e-06
2023-09-20 22:00:13+00:00,7.063884679392734e-06
2023-09-20 23:00:07+00:00,4.7840174798899706e-06
2023-09-21 00:00:10+00:00,4.721925974228812e-06
2023-09-21 01:00:08+00:00,3.88251496442793e-06
2023-09-21 02:00:09+00:00,2.8432079393488364e-06
2023-09-21 03:00:17+00:00,3.5328999867070195e-06
2023-09-21 04:00:11+00:00,6.125506594420531e-06
2023-09-21 05:00:14+00:00,7.444251357924013e-06
2023-09-21 06:00:08+00:00,5.148982589120911e-06
2023-09-21 07:00:11+00:00,5.626199567019657e-06
2023-09-21 08:00:17+00:00,4.218548594806363e-06
2023-09-21 09:01:39+00:00,3.6441782744948218e-06
2023-09-21 10:00:11+00:00,5.865553261978821e-07
2023-09-21 11:00:09+00:00,1.5989323579008676e-06
2023-09-21 12:00:15+00:00,3.923179572168589e-06
2023-09-21 13:00:16+00:00,3.1181890248774855e-06
2023-09-21 14:00:14+00:00,2.1075168684378355e-06
2023-09-21 15:00:15+00:00,1.0997340952608487e-05
2023-09-21 16:00:08+00:00,9.241142676539147e-06
2023-09-21 17:00:15+00:00,2.6905775244402567e-06
2023-09-21 18:00:09+00:00,3.5955111251236174e-06
2023-09-21 19:00:08+00:00,6.412852579420888e-07
2023-09-21 20:00:10+00:00,1.6736150296806549e-06
2023-09-21 21:00:09+00:00,2.452083199030637e-06
2023-09-21 22:00:16+00:00,3.826362121805636e-06
2023-09-21 23:00:15+00:00,3.372994069283842e-06
2023-09-22 00:00:15+00:00,3.2180536446865686e-06
2023-09-22 01:00:36+00:00,4.753423373392827e-06
2023-09-22 02:00:10+00:00,4.153830342579815e-06
2023-09-22 03:00:15+00:00,2.9952688008475914e-06
2023-09-22 04:00:09+00:00,4.53777872486293e-06
2023-09-22 05:00:15+00:00,4.506559715173718e-06
2023-09-22 06:00:10+00:00,4.311672179721549e-06
2023-09-22 07:00:09+00:00,2.6628734092448954e-06
2023-09-22 08:00:10+00:00,4.995947744797761e-06
2023-09-22 09:00:10+00:00,5.268680206342735e-06
2023-09-22 10:00:09+00:00,4.287023332454039e-06
2023-09-22 11:00:11+00:00,3.215617776042611e-06
2023-09-22 12:00:15+00:00,5.08856694537214e-06
2023-09-22 13:00:12+00:00,3.079323625965096e-06
2023-09-22 14:00:15+00:00,3.21772925178517e-06
2023-09-22 15:00:15+00:00,6.25821284110123e-06
2023-09-22 16:00:10+00:00,5.13565851340666e-06
2023-09-22 17:00:10+00:00,3.5943452313795228e-06
2023-09-22 18:00:08+00:00,2.448028092347852e-06
2023-09-22 19:00:10+00:00,4.591223570894102e-06
2023-09-22 20:00:10+00:00,3.7259833935201115e-06
2023-09-22 21:00:10+00:00,3.518817615861078e-06
2023-09-22 22:00:11+00:00,5.0046643501796855e-06
2023-09-22 23:00:10+00:00,5.09042406904703e-06
2023-09-23 00:00:13+00:00,5.146502219017276e-06
2023-09-23 01:00:10+00:00,5.011927086956377e-06
2023-09-23 02:00:10+00:00,4.58870219259232e-06
2023-09-23 03:00:09+00:00,3.9781251117884905e-06
2023-09-23 04:00:10+00:00,3.414383870100622e-06
2023-09-23 05:00:09+00:00,4.6447604390859765e-06
2023-09-23 06:00:10+00:00,4.478568880463243e-06
2023-09-23 07:00:11+00:00,5.16855613024337e-06
2023-09-23 08:00:11+00:00,5.122760211314018e-06
2023-09-23 09:00:10+00:00,4.50554750880882e-06
2023-09-23 10:00:09+00:00,4.612740502730482e-06
2023-09-23 11:00:11+00:00,4.38320240543916e-06
2023-09-23 12:00:10+00:00,4.451445803953614e-06
2023-09-23 13:00:11+00:00,4.4296910234422675e-06
2023-09-23 14:00:10+00:00,4.380873823437331e-06
2023-09-23 15:00:11+00:00,4.206662826846772e-06
2023-09-23 16:00:11+00:00,4.267596426237178e-06
2023-09-23 17:00:10+00:00,5.2334000090900134e-06
2023-09-23 18:00:11+00:00,4.767143561781923e-06
2023-09-23 19:00:10+00:00,5.1991219772897966e-06
2023-09-23 20:00:12+00:00,4.53586625890812e-06
2023-09-23 21:00:10+00:00,3.623979101999701e-06
2023-09-23 22:00:11+00:00,3.6147745247387017e-06
2023-09-23 23:00:11+00:00,3.903988519220104e-06
2023-09-24 00:00:12+00:00,4.356257201146242e-06
2023-09-24 01:00:11+00:00,4.052977177425535e-06
2023-09-24 02:00:09+00:00,4.634197327271968e-06
2023-09-24 03:00:07+00:00,4.6412096222646174e-06
2023-09-24 04:00:10+00:00,4.281449332891987e-06
2023-09-24 05:00:08+00:00,4.2853118846613665e-06
2023-09-24 06:00:08+00:00,4.063451448252444e-06
2023-09-24 07:00:10+00:00,4.064024267987039e-06
2023-09-24 08:00:14+00:00,4.341938997901152e-06
2023-09-24 09:00:15+00:00,4.7279390828896186e-06
2023-09-24 10:00:09+00:00,4.39289709655188e-06
2023-09-24 11:00:12+00:00,4.035074564261325e-06
2023-09-24 12:00:13+00:00,4.388988895018377e-06
2023-09-24 13:00:13+00:00,4.416661945623523e-06
2023-09-24 14:00:14+00:00,4.274010816988734e-06
2023-09-24 15:00:18+00:00,4.532228757312747e-06
2023-09-24 16:00:24+00:00,4.243915980477267e-06
2023-09-24 17:00:16+00:00,4.262841102612038e-06
2023-09-24 18:00:14+00:00,8.223504816969584e-06
2023-09-24 19:00:16+00:00,2.4501907568431575e-06
2023-09-24 20:00:22+00:00,1.0845894302204244e-06
2023-09-24 21:00:17+00:00,3.996238975521091e-06
2023-09-24 22:00:13+00:00,4.854486716145913e-06
2023-09-24 23:00:11+00:00,4.5264266738942034e-06
2023-09-25 00:00:19+00:00,3.79586952588007e-06
2023-09-25 01:00:14+00:00,7.733559272044914e-06
2023-09-25 02:00:16+00:00,8.83265962476652e-06
2023-09-25 03:00:17+00:00,1.0565138657294666e-05
2023-09-25 04:00:13+00:00,8.5589991997156e-06
2023-09-25 05:00:17+00:00,8.175991788639002e-06
2023-09-25 06:00:16+00:00,8.207066559631394e-06
2023-09-25 07:00:23+00:00,7.717537648079819e-06
2023-09-25 08:00:16+00:00,9.670044573828087e-06
2023-09-25 09:00:28+00:00,7.79107885122838e-06
2023-09-25 10:00:15+00:00,5.750476539623513e-06
2023-09-25 11:00:16+00:00,8.082098000576426e-06
2023-09-25 12:00:20+00:00,6.79436843745212e-06
2023-09-25 13:00:19+00:00,8.756237639048056e-06
2023-09-25 14:00:14+00:00,8.972385505113859e-06
2023-09-25 15:00:09+00:00,9.040838639369804e-06
2023-09-25 16:00:18+00:00,1.1282568379973173e-05
2023-09-25 17:00:24+00:00,8.464623366700224e-06
2023-09-25 18:00:16+00:00,6.796283002538227e-06
2023-09-25 19:00:24+00:00,5.7984534491597585e-06
2023-09-25 20:00:14+00:00,6.7096850209649905e-06
2023-09-25 21:00:16+00:00,4.9225836848918535e-06
2023-09-25 22:00:23+00:00,4.6649709478388735e-06
2023-09-25 23:00:14+00:00,5.506631222287601e-06
2023-09-26 00:00:29+00:00,6.408891816727037e-06
2023-09-26 01:00:16+00:00,5.738597871539765e-06
2023-09-26 02:00:17+00:00,6.5480346022602845e-06
2023-09-26 03:00:09+00:00,8.336361922655094e-06
2023-09-26 04:00:16+00:00,6.8819727386628816e-06
2023-09-26 05:00:24+00:00,6.2568971442164804e-06
2023-09-26 06:00:18+00:00,5.526905980328415e-06
2023-09-26 07:00:15+00:00,5.008956519229929e-06
2023-09-26 08:00:17+00:00,5.309265063672105e-06
2023-09-26 09:00:11+00:00,6.105493746859497e-06
2023-09-26 10:00:20+00:00,7.314177291220232e-06
2023-09-26 11:00:16+00:00,7.409965249140916e-06
2023-09-26 12:00:15+00:00,7.165867143628013e-06
2023-09-26 13:00:24+00:00,3.69526498942138e-06
2023-09-26 14:00:27+00:00,2.2715567223614763e-06
2023-09-26 15:00:25+00:00,3.0982450585283936e-06
2023-09-26 16:00:12+00:00,1.564672478242402e-06
2023-09-26 17:00:11+00:00,1.1044829824216438e-05
2023-09-26 18:00:16+00:00,1.2556334658792231e-05
2023-09-26 19:00:13+00:00,1.3132674150746455e-05
2023-09-26 20:00:26+00:00,1.624071788614504e-05
2023-09-26 21:00:22+00:00,1.2930557095093484e-05
2023-09-26 22:00:16+00:00,1.1883699087326173e-05
2023-09-26 23:00:22+00:00,1.1552443588535423e-05
2023-09-27 00:00:20+00:00,1.3918443755793865e-05
2023-09-27 01:00:16+00:00,1.3841283186227194e-05
2023-09-27 02:00:25+00:00,1.4007040016409387e-05
2023-09-27 03:00:16+00:00,1.1787820866832497e-05
2023-09-27 04:00:24+00:00,1.3350132565204481e-05
2023-09-27 05:00:27+00:00,1.1332962308767884e-05
2023-09-27 06:00:14+00:00,1.1485828385119572e-05
2023-09-27 07:00:17+00:00,1.0976281712739792e-05
2023-09-27 08:00:12+00:00,1.0815003233976836e-05
2023-09-27 09:00:21+00:00,1.103057451737678e-05
2023-09-27 10:00:16+00:00,1.3460595999727559e-05
2023-09-27 11:00:09+00:00,1.1951357232895286e-05
2023-09-27 12:00:11+00:00,7.1101548698909234e-06
2023-09-27 13:00:16+00:00,4.075173338509606e-06
2023-09-27 14:00:11+00:00,2.274270112729932e-06
2023-09-27 15:00:09+00:00,-5.848377855491721e-08
2023-09-27 16:00:10+00:00,3.359875472112587e-06
2023-09-27 17:00:15+00:00,1.8939300404124e-06
2023-09-27 18:00:09+00:00,3.3817154398137873e-06
2023-09-27 19:00:15+00:00,5.715051350626265e-06
2023-09-27 20:00:17+00:00,5.673994601566721e-06
2023-09-27 21:00:15+00:00,3.442887911411461e-06
2023-09-27 22:00:08+00:00,4.0470248495391096e-06
2023-09-27 23:00:15+00:00,4.899305177568565e-06
2023-09-28 00:00:10+00:00,4.933133860714685e-06
2023-09-28 01:00:11+00:00,6.1311144500587e-06
2023-09-28 02:00:10+00:00,6.279707549862177e-06
2023-09-28 03:00:14+00:00,4.256042184276294e-06
2023-09-28 04:00:11+00:00,3.5652583348169796e-06
2023-09-28 05:00:15+00:00,5.252241460784433e-06
2023-09-28 06:00:11+00:00,5.743974144093734e-06
2023-09-28 07:00:16+00:00,5.310030002412586e-06
2023-09-28 08:00:16+00:00,4.542784502583314e-06
2023-09-28 09:00:16+00:00,2.409225706977639e-06
2023-09-28 10:00:11+00:00,3.75928629213276e-06
2023-09-28 11:00:16+00:00,6.871595638772041e-06
2023-09-28 12:00:11+00:00,3.6994995493834885e-06
2023-09-28 13:00:16+00:00,2.6919098678591564e-06
2023-09-28 14:00:11+00:00,6.613852116126602e-06
2023-09-28 15:00:16+00:00,6.402248760513705e-06
2023-09-28 16:00:14+00:00,1.114156632248218e-06
2023-09-28 17:00:16+00:00,1.1831587690267084e-06
2023-09-28 18:00:15+00:00,2.555686372957724e-06
2023-09-28 19:00:11+00:00,-4.177360457183947e-06
2023-09-28 20:00:15+00:00,4.44504936893164e-07
2023-09-28 21:00:15+00:00,-5.715349021133509e-07
2023-09-28 22:00:16+00:00,-2.2520524831629074e-06
2023-09-28 23:00:11+00:00,6.360196439722818e-09
2023-09-29 00:00:16+00:00,4.764417429977044e-07
2023-09-29 01:00:20+00:00,1.4914134667058107e-06
2023-09-29 02:00:11+00:00,-4.5764036916311306e-07
2023-09-29 03:00:11+00:00,-1.6957131236719828e-06
2023-09-29 04:00:10+00:00,3.0469778735171454e-07
2023-09-29 05:00:09+00:00,1.1032113436450855e-06
2023-09-29 06:00:16+00:00,1.4680304540590493e-06
2023-09-29 07:00:11+00:00,5.2340394644649e-06
2023-09-29 08:00:11+00:00,6.956270203076562e-06
2023-09-29 09:00:18+00:00,-9.311708374188993e-07
2023-09-29 10:00:10+00:00,-1.7985170086012597e-06
2023-09-29 11:00:11+00:00,9.512098269471552e-07
2023-09-29 12:00:15+00:00,2.0570715048403578e-07
2023-09-29 13:00:11+00:00,1.7686766046884438e-06
2023-09-29 14:00:12+00:00,4.950626955370668e-07
2023-09-29 15:00:11+00:00,3.7573589627695953e-06
2023-09-29 16:00:17+00:00,3.7246366976903652e-06
2023-09-29 17:00:16+00:00,2.4765545490802567e-06
2023-09-29 18:00:08+00:00,2.0408458893223163e-06
2023-09-29 19:00:10+00:00,4.016992156310765e-06
2023-09-29 20:00:10+00:00,4.54686221794546e-06
2023-09-29 21:00:15+00:00,3.7824524678010863e-06
2023-09-29 22:00:09+00:00,2.6887793535992317e-06
2023-09-29 23:00:21+00:00,2.640515117214221e-06
2023-09-30 00:00:12+00:00,3.667220064189999e-06
2023-09-30 01:00:11+00:00,4.0087660866423945e-06
2023-09-30 02:00:11+00:00,2.44107973171093e-06
2023-09-30 03:00:11+00:00,2.8813499038921867e-06
2023-09-30 04:00:11+00:00,3.414081773617229e-06
2023-09-30 05:00:10+00:00,4.06069680508561e-06
2023-09-30 06:00:11+00:00,3.898065434619494e-06
2023-09-30 07:00:11+00:00,3.5731591814883704e-06
2023-09-30 08:00:14+00:00,3.42912338266053e-06
2023-09-30 09:00:11+00:00,3.4383356407109146e-06
2023-09-30 10:00:11+00:00,3.951140557625797e-06
2023-09-30 11:00:12+00:00,4.345038135403191e-06
2023-09-30 12:00:10+00:00,2.7138622946806505e-06
2023-09-30 13:00:09+00:00,2.3594730799316175e-06
2023-09-30 14:00:08+00:00,4.215708983665081e-06
2023-09-30 15:00:08+00:00,4.244956306088333e-06
2023-09-30 16:00:17+00:00,4.733495836809594e-06
2023-09-30 17:00:12+00:00,4.003897257447537e-06
2023-09-30 18:00:30+00:00,4.327678159551936e-06
2023-09-30 19:00:11+00:00,3.6130601634074785e-06
2023-09-30 20:00:11+00:00,3.4772149404083037e-06
2023-09-30 21:00:08+00:00,3.46419957890775e-06
2023-09-30 22:00:11+00:00,4.4225011265301636e-07
2023-09-30 23:00:17+00:00,2.593324334711655e-06
2023-10-01 00:00:11+00:00,1.922860814632048e-06
2023-10-01 01:00:11+00:00,3.351135300705961e-06
2023-10-01 02:00:10+00:00,4.112767848631227e-06
2023-10-01 03:00:12+00:00,3.917012150350023e-06
2023-10-01 04:00:11+00:00,4.608512572693414e-06
2023-10-01 05:00:09+00:00,4.332413976142948e-06
2023-10-01 06:00:11+00:00,5.107709759032592e-06
2023-10-01 07:00:10+00:00,5.941053384809582e-06
2023-10-01 08:00:10+00:00,4.6028538611744835e-06
2023-10-01 09:00:18+00:00,4.777640710154684e-06
2023-10-01 10:00:13+00:00,6.69147877376421e-06
2023-10-01 11:00:11+00:00,5.116467234671105e-06
2023-10-01 12:00:12+00:00,4.272730685411929e-06
2023-10-01 13:00:11+00:00,3.994236285329727e-06
2023-10-01 14:00:11+00:00,3.6482667440711062e-06
2023-10-01 15:00:13+00:00,3.0240753944539426e-06
2023-10-01 16:00:11+00:00,3.2100370455277e-06
2023-10-01 17:00:12+00:00,2.467004735277512e-06
2023-10-01 18:00:08+00:00,1.7378877050871996e-06
2023-10-01 19:00:11+00:00,3.4671788231849564e-06
2023-10-01 20:00:12+00:00,4.459934191378266e-06
2023-10-01 21:00:10+00:00,5.00637658452835e-06
2023-10-01 22:00:17+00:00,8.022218082138133e-06
2023-10-01 23:00:12+00:00,1.0231633048990741e-05
2023-10-02 00:00:08+00:00,-2.451292126966875e-06
2023-10-02 01:00:18+00:00,-7.351147891770549e-07
2023-10-02 02:00:09+00:00,-6.548194098656775e-07
2023-10-02 03:00:11+00:00,1.2682442513435353e-06
2023-10-02 04:00:12+00:00,2.3502009097622333e-06
2023-10-02 05:00:12+00:00,1.552531514182741e-06
2023-10-02 06:00:17+00:00,-4.890241803888391e-07
2023-10-02 07:00:18+00:00,1.5767263760408533e-06
2023-10-02 08:00:01+00:00,-3.3861880783859783e-07
2023-10-02 09:00:18+00:00,1.4423329118767274e-06
2023-10-02 10:00:19+00:00,-6.2767294432125e-07
2023-10-02 11:00:20+00:00,5.803690015111052e-08
2023-10-02 12:00:13+00:00,-3.075184203626563e-07
2023-10-02 13:00:18+00:00,7.012064616936519e-07
2023-10-02 14:00:03+00:00,3.5145991078777616e-06
2023-10-02 15:00:13+00:00,-5.98980354750514e-06
2023-10-02 16:00:12+00:00,-1.1094203759920169e-05
2023-10-02 17:00:18+00:00,-9.668233298583268e-06
2023-10-02 18:00:12+00:00,-4.951081967589128e-06
2023-10-02 19:00:07+00:00,-1.2670209333933807e-05
2023-10-02 20:00:10+00:00,-6.869795165924871e-06
2023-10-02 21:00:19+00:00,-6.706865322929466e-06
2023-10-02 22:00:07+00:00,-1.0922443854914782e-05
2023-10-02 23:00:10+00:00,-1.865539136782032e-05
2023-10-03 00:00:10+00:00,-1.8581150896019655e-05
2023-10-03 01:00:09+00:00,-1.6386876783585502e-05
2023-10-03 02:00:08+00:00,-7.720486160168121e-06
2023-10-03 03:00:08+00:00,-6.009152573646591e-06
2023-10-03 04:00:09+00:00,-6.551576989759685e-06
2023-10-03 05:00:08+00:00,-5.114208341052522e-06
2023-10-03 06:00:09+00:00,-6.6564814203878095e-06
2023-10-03 07:00:18+00:00,-4.829565237418872e-06
2023-10-03 08:00:16+00:00,-7.657207498891126e-06
2023-10-03 09:00:11+00:00,-5.690425031550409e-06
2023-10-03 10:00:10+00:00,-7.570489943860561e-06
2023-10-03 11:00:12+00:00,-4.590456838589094e-06
2023-10-03 12:00:10+00:00,-7.098358598028559e-06
2023-10-03 13:00:18+00:00,-6.730542720933813e-06
2023-10-03 14:00:10+00:00,-4.908236372570014e-06
2023-10-03 15:00:29+00:00,-9.516550872524613e-06
2023-10-03 16:00:12+00:00,-8.384215048792858e-06
2023-10-03 17:00:20+00:00,-3.979101021628592e-06
2023-10-03 18:00:11+00:00,-3.401866024218245e-06
2023-10-03 19:00:13+00:00,-7.488714316229661e-06
2023-10-03 20:00:11+00:00,-6.969851752355896e-06
2023-10-03 21:00:11+00:00,-4.614062401945887e-06
2023-10-03 22:00:10+00:00,-3.043102731670563e-06
2023-10-03 23:00:11+00:00,-3.681585234253314e-06
2023-10-04 00:00:11+00:00,-1.5977435012375376e-06
2023-10-04 01:00:12+00:00,-4.708051349536801e-06
2023-10-04 02:00:12+00:00,-1.974635094854477e-06
2023-10-04 03:00:10+00:00,1.4093786224277917e-07
2023-10-04 04:00:11+00:00,-9.298286320628411e-07
2023-10-04 05:00:13+00:00,-2.3050080487589614e-06
2023-10-04 06:00:11+00:00,-2.0082365431096965e-06
2023-10-04 07:00:12+00:00,-1.1957278914565663e-06
2023-10-04 08:00:12+00:00,-5.571935390432967e-07
2023-10-04 09:00:14+00:00,8.202445259630157e-07
2023-10-04 10:00:11+00:00,1.212727800600268e-06
2023-10-04 11:00:13+00:00,-2.1593501900019596e-06
2023-10-04 12:00:19+00:00,-1.146546447387297e-06
2023-10-04 13:00:12+00:00,9.739727418363402e-07
2023-10-04 14:00:37+00:00,3.05183703435537e-07
2023-10-04 15:00:14+00:00,-1.009211596076294e-06
2023-10-04 16:00:15+00:00,-1.653235209904588e-06
2023-10-04 17:00:21+00:00,-5.492396882806934e-08
2023-10-04 18:00:14+00:00,-6.223021004809759e-07
2023-10-04 19:00:24+00:00,1.0028316924604725e-06
2023-10-04 20:00:12+00:00,-4.11797437479485e-06
2023-10-04 21:00:12+00:00,-3.846505703021182e-06
2023-10-04 22:00:12+00:00,-3.1200272621685763e-06
2023-10-04 23:00:16+00:00,-1.8306304980933466e-06
2023-10-05 00:00:17+00:00,5.795150346515943e-07
2023-10-05 01:00:12+00:00,6.926424378228335e-07
2023-10-05 02:00:13+00:00,-1.0066152701992613e-06
2023-10-05 03:00:16+00:00,-9.60451946029897e-07
2023-10-05 04:00:20+00:00,-5.812118741170899e-07
2023-10-05 05:00:13+00:00,-1.1646142420021213e-07
2023-10-05 06:00:00+00:00,-2.8313018127613045e-07
2023-10-05 07:00:14+00:00,-3.997061255918098e-07
2023-10-05 08:00:17+00:00,-1.549520647129084e-06
2023-10-05 09:00:20+00:00,2.608377967263909e-07
2023-10-05 10:00:21+00:00,7.289238479236261e-07
2023-10-05 11:00:12+00:00,3.3636497440166495e-07
2023-10-05 12:00:23+00:00,-1.4838903907039109e-08
2023-10-05 13:00:20+00:00,-6.933985122782419e-07
2023-10-05 14:00:12+00:00,3.6207873796019725e-06
2023-10-05 15:00:12+00:00,-2.0652853572525366e-06
2023-10-05 16:00:10+00:00,-1.1820450166806904e-05
2023-10-05 17:00:20+00:00,-7.388669106750715e-06
2023-10-05 18:00:31+00:00,-2.855704976909014e-06
2023-10-05 19:00:24+00:00,-2.593872920403948e-06
2023-10-05 20:00:11+00:00,-2.9565146848924118e-06
2023-10-05 21:00:09+00:00,-3.64315818773284e-06
2023-10-05 22:00:28+00:00,5.6785897452281004e-08
2023-10-05 23:00:15+00:00,3.37666850267793e-07
2023-10-06 00:00:26+00:00,-9.07134648797426e-08
2023-10-06 01:00:24+00:00,-1.6759058691485923e-07
2023-10-06 02:00:29+00:00,2.2702488312580862e-07
2023-10-06 03:00:24+00:00,-6.499008844201946e-07
2023-10-06 04:00:25+00:00,-1.649860079050356e-06
2023-10-06 05:00:23+00:00,-2.625399520996784e-06
2023-10-06 06:00:30+00:00,-2.5208892413908935e-06
2023-10-06 07:00:30+00:00,-2.110494361677435e-06
2023-10-06 08:00:17+00:00,1.764199532031675e-06
2023-10-06 09:00:13+00:00,-4.1658371979154274e-07
2023-10-06 10:00:12+00:00,-5.403171220311179e-07
2023-10-06 11:00:31+00:00,-2.7594229191091995e-06
2023-10-06 12:00:16+00:00,-1.7249677007815475e-06
2023-10-06 13:00:35+00:00,-9.45301113626692e-06
2023-10-06 14:00:16+00:00,-7.0146407152321244e-06
2023-10-06 15:00:15+00:00,-1.9032724308331674e-06
2023-10-06 16:00:10+00:00,4.4858623963682595e-06
2023-10-06 17:00:10+00:00,1.55116373330316e-06
2023-10-06 18:00:09+00:00,1.847814228438839e-06
2023-10-06 19:00:20+00:00,-6.843925506918732e-07
2023-10-06 20:00:15+00:00,-7.467671311670271e-08
2023-10-06 21:00:29+00:00,-1.0060605579916104e-06
2023-10-06 22:00:12+00:00,-5.060473863622087e-07
2023-10-06 23:00:12+00:00,-6.216011615919407e-07
2023-10-07 00:00:19+00:00,1.629810400793896e-07
2023-10-07 01:00:15+00:00,-3.237617338208587e-07
2023-10-07 02:00:16+00:00,-1.5538783623570463e-06
2023-10-07 03:00:11+00:00,9.154815834210904e-07
2023-10-07 05:00:14+00:00,2.603272834743889e-06
2023-10-07 06:00:16+00:00,1.8110930317676557e-06
2023-10-07 07:00:13+00:00,1.6829479948461165e-06
2023-10-07 08:00:12+00:00,2.165794191770798e-06
2023-10-07 09:00:15+00:00,5.092437301310061e-06
2023-10-07 10:00:11+00:00,2.7544268987374813e-06
2023-10-07 11:00:13+00:00,2.1274503511106377e-06
2023-10-07 14:00:12+00:00,1.454750255119752e-06
2023-10-07 16:00:16+00:00,1.3701013755056696e-06
2023-10-07 17:00:13+00:00,5.077488685096094e-07
2023-10-07 18:00:24+00:00,-4.5590533083428464e-07
2023-10-07 19:00:19+00:00,-1.2121844635706587e-06
2023-10-07 20:00:20+00:00,-1.9885318808169787e-06
2023-10-07 21:00:13+00:00,-4.3132356570134597e-07
2023-10-07 22:00:19+00:00,-4.1725715206036784e-07
2023-10-08 01:00:25+00:00,-4.283656359556279e-07
2023-10-08 03:00:26+00:00,5.792454765031762e-07
2023-10-08 04:00:27+00:00,1.1959936485944544e-06
2023-10-08 05:00:27+00:00,-2.2124988836422944e-06
2023-10-08 06:00:25+00:00,-1.682314979276983e-06
2023-10-08 07:00:16+00:00,-2.085967400594596e-06
2023-10-08 08:00:23+00:00,-1.3072574495373718e-06
2023-10-08 09:00:19+00:00,-7.721123500787982e-07
2023-10-08 10:00:27+00:00,-6.67026616971818e-07
2023-10-08 11:00:10+00:00,-1.707088194018512e-06
2023-10-08 12:00:19+00:00,-1.525008429541611e-06
2023-10-08 13:00:24+00:00,-6.846598965781547e-07
2023-10-08 14:00:16+00:00,1.088109013138428e-06
2023-10-08 15:00:17+00:00,2.7182329124233352e-06
2023-10-08 16:00:22+00:00,1.8010815836009125e-06
2023-10-08 17:00:18+00:00,2.002919360314724e-06
2023-10-08 18:00:13+00:00,9.604526128249375e-07
2023-10-08 19:00:37+00:00,1.038083502194728e-06
2023-10-08 20:00:27+00:00,1.8082880229723687e-06
2023-10-08 21:00:16+00:00,1.776388552434946e-06
2023-10-08 22:00:24+00:00,1.763721135215944e-06
2023-10-08 23:00:26+00:00,1.4258814065522135e-06
2023-10-09 00:00:24+00:00,1.4991928615662047e-06
2023-10-09 01:00:24+00:00,-1.4968787002891042e-06
2023-10-09 02:00:24+00:00,3.4225519610266982e-06
2023-10-09 03:00:24+00:00,2.456525939581117e-06
2023-10-09 04:00:56+00:00,1.935385483892969e-06
2023-10-09 05:00:26+00:00,1.45235343131657e-06
2023-10-09 06:00:21+00:00,1.8248528478236697e-07
2023-10-09 07:00:17+00:00,1.1518480090034564e-06
2023-10-09 08:00:11+00:00,-8.013516283661607e-07
2023-10-09 09:00:19+00:00,-9.784056052035587e-07
2023-10-09 10:00:09+00:00,-7.521995897494773e-06
2023-10-09 11:00:14+00:00,-7.3411353828667524e-06
2023-10-09 12:00:11+00:00,-4.73058264075945e-06
2023-10-09 13:00:12+00:00,-3.617364310102548e-06
2023-10-09 14:00:12+00:00,-2.5151239820015706e-06
2023-10-09 15:00:14+00:00,-1.0171229441495096e-06
2023-10-09 16:00:13+00:00,-2.0140008332799614e-06
2023-10-09 17:00:14+00:00,-6.037821938021682e-06
2023-10-09 18:00:28+00:00,-1.0656092920489408e-07
2023-10-09 19:00:25+00:00,-4.35240228122737e-07
2023-10-09 20:00:26+00:00,-8.690302562881636e-07
2023-10-09 21:00:21+00:00,-2.8272645478998707e-06
2023-10-09 22:00:24+00:00,-1.543267855919035e-06
2023-10-09 23:00:24+00:00,-2.47524781830515e-06
2023-10-10 00:00:23+00:00,-2.576686846085284e-06
2023-10-10 01:00:15+00:00,-2.862009942958549e-06
2023-10-10 02:00:10+00:00,-2.260818656667431e-06
2023-10-10 03:00:15+00:00,-6.94688995516682e-07
2023-10-10 04:00:12+00:00,-1.5024641259702847e-06
2023-10-10 05:00:11+00:00,-2.7596526894253925e-06
2023-10-10 06:00:11+00:00,-1.9841936329709854e-06
2023-10-10 07:00:25+00:00,-1.2229801946037328e-06
2023-10-10 08:00:11+00:00,-2.0376023285662353e-06
2023-10-10 09:00:13+00:00,-6.851402108826695e-07
2023-10-10 10:00:19+00:00,-1.2467777132474867e-06
2023-10-10 11:00:13+00:00,-8.68483791391893e-07
2023-10-10 12:00:14+00:00,-2.2850687409734675e-06
2023-10-10 13:00:08+00:00,-3.847490547816309e-06
2023-10-10 14:00:11+00:00,-2.1678590489980417e-06
2023-10-10 15:00:18+00:00,7.357953389974996e-07
2023-10-10 16:00:21+00:00,-1.3524750207224295e-06
2023-10-10 17:00:22+00:00,-5.344584898144986e-07
2023-10-10 18:00:20+00:00,-1.3207201548646479e-08
2023-10-10 19:00:10+00:00,1.8633315367412962e-06
2023-10-10 20:00:09+00:00,2.998201440437908e-06
2023-10-10 21:00:10+00:00,2.908354786358186e-06
2023-10-10 22:00:10+00:00,3.4036100518415256e-06
2023-10-10 23:00:10+00:00,2.7627751000726385e-06
2023-10-11 00:00:11+00:00,3.819413436934397e-06
2023-10-11 01:00:15+00:00,7.214128271476903e-06
2023-10-11 02:00:26+00:00,6.168922261083702e-06
2023-10-11 03:00:24+00:00,7.745669458811115e-07
2023-10-11 04:00:25+00:00,-8.434714746524217e-06
2023-10-11 05:00:26+00:00,-2.0723325998532805e-06
2023-10-11 06:00:25+00:00,-8.923112793270446e-08
2023-10-11 07:00:16+00:00,-7.942143012225192e-07
2023-10-11 08:00:17+00:00,-1.0418152360899713e-06
2023-10-11 09:00:16+00:00,1.3586842708824327e-06
2023-10-11 10:00:17+00:00,5.112361380527837e-06
2023-10-11 11:00:17+00:00,4.340153840316215e-06
2023-10-11 12:00:13+00:00,1.8157492158154733e-06
2023-10-11 13:00:18+00:00,1.2818853072523893e-06
2023-10-11 14:00:19+00:00,-2.3246784582054046e-07
2023-10-11 15:00:16+00:00,1.763659123258637e-06
2023-10-11 16:00:11+00:00,-6.145008527697941e-06
2023-10-11 17:00:10+00:00,-6.999897933003891e-06
2023-10-11 18:00:10+00:00,-5.550504847695392e-06
2023-10-11 19:00:10+00:00,-2.3454972189784443e-06
2023-10-11 20:00:17+00:00,6.803059043488675e-07
2023-10-11 21:00:24+00:00,-9.075609427428714e-07
2023-10-11 22:00:10+00:00,-1.2263346604698754e-06
2023-10-11 23:00:28+00:00,-1.721883288632882e-07
2023-10-12 00:00:10+00:00,7.732879570232619e-09
2023-10-12 01:00:11+00:00,-1.755450284918104e-06
2023-10-12 02:00:12+00:00,-4.809933623377742e-06
2023-10-12 03:00:11+00:00,4.516708406352735e-07
2023-10-12 04:00:12+00:00,-1.7885926039076103e-06
2023-10-12 05:00:12+00:00,-1.974570885666504e-06
2023-10-12 06:00:11+00:00,-1.2264907219328826e-06
2023-10-12 07:00:12+00:00,-7.934969863210149e-07
2023-10-12 08:00:10+00:00,-2.5690708529759254e-06
2023-10-12 09:00:16+00:00,-3.0087049741574407e-06
2023-10-12 10:00:16+00:00,-2.7759238800362147e-06
2023-10-12 11:00:20+00:00,1.3958791175866135e-06
2023-10-12 12:00:16+00:00,2.427961498166494e-06
2023-10-12 13:00:17+00:00,8.359278574089466e-07
2023-10-12 14:00:17+00:00,-1.1479987325377345e-06
2023-10-12 15:00:10+00:00,-1.1449179063942525e-06
2023-10-12 16:00:13+00:00,1.234611921997627e-06
2023-10-12 17:00:09+00:00,1.454464957375785e-06
2023-10-12 18:00:12+00:00,-1.432883243749216e-06
2023-10-12 19:00:15+00:00,-1.0207336920148784e-06
2023-10-12 20:00:22+00:00,-3.0781930237044646e-09
2023-10-12 21:00:10+00:00,9.957351368161735e-07
2023-10-12 22:00:12+00:00,-1.2995590083475922e-06
2023-10-12 23:00:17+00:00,-2.6541877171358837e-06
2023-10-13 00:00:25+00:00,-2.2402179948408123e-06
2023-10-13 01:00:10+00:00,2.9186816146549503e-07
2023-10-13 02:00:14+00:00,-2.2024791639985455e-06
2023-10-13 03:00:15+00:00,-2.1746435667509457e-06
2023-10-13 04:00:10+00:00,-2.873127857541638e-06
2023-10-13 05:00:10+00:00,-2.4182891232322855e-06
2023-10-13 06:00:16+00:00,-1.5302391288758124e-06
2023-10-13 07:00:10+00:00,-1.8945195126078265e-06
2023-10-13 08:00:16+00:00,-1.2744712162828339e-07
2023-10-13 09:00:18+00:00,-2.034723674261232e-06
2023-10-13 10:00:12+00:00,-2.789503096920237e-06
2023-10-13 11:00:09+00:00,-1.3653939971232704e-06
2023-10-13 12:00:14+00:00,-6.447293482272412e-08
2023-10-13 13:00:12+00:00,3.235393379239071e-06
2023-10-13 14:00:12+00:00,8.227940750265031e-07
2023-10-13 15:00:12+00:00,-1.4473720274766277e-06
2023-10-13 16:00:17+00:00,-1.277121079626424e-06
2023-10-13 17:00:12+00:00,2.2025089879969296e-06
2023-10-13 18:00:12+00:00,1.5244454722465045e-06
2023-10-13 19:00:18+00:00,9.015156839170744e-07
2023-10-13 20:00:12+00:00,1.613477643746878e-06
2023-10-13 21:00:08+00:00,2.636989552124269e-06
2023-10-13 22:00:14+00:00,-1.8090314857965944e-06
2023-10-13 23:00:12+00:00,-5.638273423611679e-06
2023-10-14 00:00:11+00:00,-3.1032158894321055e-06
2023-10-14 01:00:12+00:00,-7.759328503523047e-07
2023-10-14 02:00:12+00:00,-7.62138443395348e-07
2023-10-14 03:00:12+00:00,-8.192904517704451e-07
2023-10-14 04:00:12+00:00,-4.629769899068633e-07
2023-10-14 05:00:12+00:00,-1.0997376422131004e-06
2023-10-14 06:00:12+00:00,-1.284224371104536e-06
2023-10-14 07:00:11+00:00,-2.7718090593716266e-06
2023-10-14 08:00:09+00:00,-2.3597892187410707e-06
2023-10-14 09:00:11+00:00,-2.321229622389676e-06
2023-10-14 10:00:10+00:00,-1.6084838359176971e-06
2023-10-14 11:00:10+00:00,-2.0272479467765855e-06
2023-10-14 12:00:10+00:00,-2.1585041823466778e-06
2023-10-14 13:00:11+00:00,-1.7263918270673071e-06
2023-10-14 14:00:09+00:00,-1.2793097159109727e-06
2023-10-14 15:00:12+00:00,-2.460052684840349e-06
2023-10-14 16:00:10+00:00,-2.0436782161209315e-06
2023-10-14 17:00:16+00:00,-2.432130987463439e-06
2023-10-14 18:00:17+00:00,-3.116297272601655e-06
2023-10-14 19:00:11+00:00,-3.0254070279538303e-06
2023-10-14 20:00:17+00:00,-3.2150040540163543e-06
2023-10-14 21:00:18+00:00,-2.709829693346756e-06
2023-10-14 22:00:18+00:00,-2.172788905793091e-06
2023-10-14 23:00:15+00:00,-1.2775911693083845e-06
2023-10-15 00:00:17+00:00,-1.0261432722756096e-06
2023-10-15 01:00:16+00:00,-1.943965692734187e-06
2023-10-15 02:00:08+00:00,-6.589860573192828e-07
2023-10-15 03:00:09+00:00,-8.317829926667433e-07
2023-10-15 04:00:09+00:00,-1.2055882855602931e-06
2023-10-15 05:00:10+00:00,-1.2262565268897006e-06
2023-10-15 06:00:10+00:00,-1.3206636113009126e-06
2023-10-15 07:00:11+00:00,-1.148284882796513e-06
2023-10-15 08:00:12+00:00,-1.1431652611244967e-06
2023-10-15 09:00:10+00:00,-7.256964363407811e-07
2023-10-15 10:00:08+00:00,-1.0870862041838753e-06
2023-10-15 11:00:09+00:00,-1.1811115781005459e-06
2023-10-15 12:00:10+00:00,-1.7060311043357465e-06
2023-10-15 13:00:10+00:00,-1.9968319969773673e-06
2023-10-15 14:00:08+00:00,-9.079285501251528e-07
2023-10-15 15:00:09+00:00,-1.3941199091377632e-06
2023-10-15 16:00:12+00:00,-1.127274919626998e-06
2023-10-15 17:00:10+00:00,2.1939266329744563e-06
2023-10-15 18:00:06+00:00,4.988750040324228e-06
2023-10-15 19:00:06+00:00,5.464875260801586e-06
2023-10-15 20:00:07+00:00,3.6462358911052415e-06
2023-10-15 21:00:08+00:00,8.571871638100665e-06
2023-10-15 22:00:10+00:00,5.5008453338422785e-06
2023-10-15 23:00:10+00:00,3.317106086903746e-06
2023-10-16 00:00:09+00:00,3.457001806563568e-06
2023-10-16 01:00:14+00:00,3.370209529490745e-06
2023-10-16 02:00:10+00:00,4.345679812948118e-06
2023-10-16 03:00:09+00:00,3.635126433157168e-06
2023-10-16 04:00:10+00:00,6.187863780820821e-06
2023-10-16 05:00:10+00:00,6.796386898925814e-06
2023-10-16 06:00:10+00:00,6.634060828275751e-07
2023-10-16 07:00:06+00:00,-3.073204083528141e-06
2023-10-16 08:00:18+00:00,-2.153997661713967e-06
2023-10-16 09:00:10+00:00,-2.6867575712825166e-06
2023-10-16 10:00:10+00:00,-4.439100292545481e-06
2023-10-16 11:00:08+00:00,-3.436211602500755e-06
2023-10-16 12:00:13+00:00,-2.8798117440821433e-06
2023-10-16 13:00:09+00:00,6.27009136291491e-07
2023-10-16 14:00:07+00:00,-1.2279200137108508e-05
2023-10-16 15:00:13+00:00,-1.4792766551351217e-05
2023-10-16 16:00:08+00:00,-1.4813054129854511e-05
2023-10-16 17:00:10+00:00,-1.1305393267999665e-05
2023-10-16 18:00:03+00:00,-1.4747552343211209e-05
2023-10-16 19:00:13+00:00,-2.8240597079385544e-05
2023-10-16 20:00:07+00:00,-1.275003684723621e-05
2023-10-16 21:00:11+00:00,-1.0510968692575623e-05
2023-10-16 22:00:09+00:00,-1.2131809426206573e-05
2023-10-16 23:00:06+00:00,-9.672048630693578e-06
2023-10-17 00:00:07+00:00,-1.0155895261083686e-05
2023-10-17 01:00:09+00:00,-1.2739080765077866e-05
2023-10-17 02:00:07+00:00,-1.2680003628872289e-05
2023-10-17 03:00:10+00:00,-1.4325606303167717e-05
2023-10-17 04:00:11+00:00,-1.4268808284535484e-05
2023-10-17 05:00:09+00:00,-1.5943687455436103e-05
2023-10-17 06:00:10+00:00,-1.4748806759941094e-05
2023-10-17 07:00:10+00:00,-1.3911400875463598e-05
2023-10-17 08:00:06+00:00,-1.3235662163604655e-05
2023-10-17 09:00:14+00:00,-1.2857903826574876e-05
2023-10-17 10:00:14+00:00,-6.964658033085964e-06
2023-10-17 11:00:08+00:00,-5.675034119857754e-06
2023-10-17 12:00:09+00:00,-4.340431021876577e-06
2023-10-17 13:00:15+00:00,-8.014268438372659e-06
2023-10-17 14:00:09+00:00,-9.922139535730017e-06
2023-10-17 15:00:13+00:00,-7.041765862000067e-06
2023-10-17 16:00:14+00:00,-4.8403937589167885e-06
2023-10-17 17:00:11+00:00,-4.764183856197842e-06
2023-10-17 18:00:13+00:00,-9.124973749297057e-06
2023-10-17 19:00:13+00:00,-7.1992242308788e-06
2023-10-17 20:00:01+00:00,-6.092283780547631e-06
2023-10-17 21:00:08+00:00,-1.0927009976480963e-05
2023-10-17 22:00:10+00:00,-1.1383148187167667e-05
2023-10-17 23:00:10+00:00,-1.2217282780201495e-05
2023-10-18 00:00:10+00:00,-1.2600228981709604e-05
2023-10-18 01:00:09+00:00,-1.4286262305428543e-05
2023-10-18 02:00:10+00:00,-1.426513090441665e-05
2023-10-18 03:00:09+00:00,-1.2503913787096616e-05
2023-10-18 04:00:09+00:00,-1.4749339448363145e-05
2023-10-18 05:00:15+00:00,-1.0039099876103945e-05
2023-10-18 06:00:10+00:00,-5.476332973234393e-06
2023-10-18 07:00:09+00:00,-6.446012869583532e-06
2023-10-18 08:00:10+00:00,-1.0577901669996072e-05
2023-10-18 09:00:10+00:00,-6.908327802402642e-06
2023-10-18 10:00:12+00:00,-8.610440490255842e-06
2023-10-18 11:00:10+00:00,-7.152956213955626e-06
2023-10-18 12:00:23+00:00,-6.085789713383829e-06
2023-10-18 13:00:09+00:00,-6.7456271724120054e-06
2023-10-18 14:00:11+00:00,-7.74721397680655e-06
2023-10-18 15:00:11+00:00,-7.811384590816977e-06
2023-10-18 16:00:47+00:00,-5.7579364357084724e-06
2023-10-18 17:00:08+00:00,-1.3212598130246394e-07
2023-10-18 18:00:07+00:00,-2.5924173905971025e-06
2023-10-18 19:00:11+00:00,-3.9078424837083255e-06
2023-10-18 20:00:09+00:00,-5.332662746055995e-06
2023-10-18 21:00:16+00:00,-4.289897700922234e-06
2023-10-18 22:00:07+00:00,-3.68622393612746e-06
2023-10-18 23:00:04+00:00,-1.6942313990748687e-06
2023-10-19 00:00:11+00:00,-1.702308821013244e-06
2023-10-19 01:00:11+00:00,1.8783023565962748e-07
2023-10-19 02:00:11+00:00,-4.8156273885572e-06
2023-10-19 03:00:09+00:00,-3.942886995555038e-06
2023-10-19 04:00:10+00:00,-2.8357438409355483e-06
2023-10-19 05:00:08+00:00,-2.7780780054608586e-06
2023-10-19 06:00:11+00:00,-2.002013774250649e-06
2023-10-19 07:00:07+00:00,-3.200373027232489e-06
2023-10-19 08:00:09+00:00,-2.5295718871755485e-06
2023-10-19 09:00:11+00:00,-2.40951495979186e-06
2023-10-19 10:00:10+00:00,-1.1884860313540157e-06
2023-10-19 11:00:10+00:00,8.278814313900847e-07
2023-10-19 12:00:08+00:00,-6.957801032920192e-07
2023-10-19 13:00:10+00:00,-2.3010800753721394e-06
2023-10-19 14:00:11+00:00,-4.824331533636904e-07
2023-10-19 15:00:01+00:00,3.683007571779734e-06
2023-10-19 16:00:08+00:00,-3.4970830964398476e-08
2023-10-19 17:00:08+00:00,-1.5681149922509077e-06
2023-10-19 18:00:09+00:00,-3.606686385534948e-06
2023-10-19 19:00:10+00:00,-2.839617038019756e-07
2023-10-19 20:00:10+00:00,2.605281315648083e-06
2023-10-19 21:00:13+00:00,-3.7425465091641234e-07
2023-10-19 22:00:09+00:00,-3.7784943519801377e-06
2023-10-19 23:00:10+00:00,-7.802374937763204e-06
2023-10-20 00:00:10+00:00,-6.936123435360669e-06
2023-10-20 01:00:09+00:00,-1.1200388606225586e-05
2023-10-20 02:00:10+00:00,-7.316775966573869e-06
2023-10-20 03:00:07+00:00,-1.0123543344633425e-06
2023-10-20 04:00:09+00:00,1.0088079882848122e-06
2023-10-20 05:00:10+00:00,1.945042351639538e-06
2023-10-20 06:00:10+00:00,-2.0494505191265986e-06
2023-10-20 07:00:10+00:00,-9.722723916313833e-07
2023-10-20 08:00:09+00:00,-2.9489735167296047e-06
2023-10-20 09:00:09+00:00,5.529301692819398e-07
2023-10-20 10:00:10+00:00,-1.0144007486485737e-06
2023-10-20 11:00:44+00:00,-8.064499732383288e-06
2023-10-20 12:00:13+00:00,-1.2816854171713848e-05
2023-10-20 13:00:10+00:00,-1.9866424904517888e-05
2023-10-20 14:00:30+00:00,-1.0801990495481857e-05
2023-10-20 15:00:10+00:00,-1.1995429253658854e-05
2023-10-20 16:00:09+00:00,-1.3576854931226478e-05
2023-10-20 17:00:09+00:00,-1.3686614577870429e-05
2023-10-20 18:00:11+00:00,-1.0996122260276923e-05
2023-10-20 19:00:10+00:00,-8.85434275060647e-06
2023-10-20 20:00:16+00:00,-6.4555252580777544e-06
2023-10-20 21:00:15+00:00,-4.218001630962026e-06
2023-10-20 22:00:17+00:00,-4.3151960967966e-06
2023-10-20 23:00:14+00:00,-4.357969376569169e-06
2023-10-21 00:00:17+00:00,-6.697850142655017e-06
2023-10-21 01:00:15+00:00,-8.721475019088856e-06
2023-10-21 02:00:15+00:00,-1.3236494521661735e-05
2023-10-21 03:00:15+00:00,-9.224970782672628e-06
2023-10-21 04:00:41+00:00,-1.843522068870428e-06
2023-10-21 05:00:15+00:00,-2.856118347488162e-06
2023-10-21 06:00:13+00:00,-2.3212612422010373e-06
2023-10-21 07:00:13+00:00,-2.7180414861501866e-07
2023-10-21 08:00:14+00:00,-1.2229116684675892e-06
2023-10-21 09:00:11+00:00,-2.1450322433326993e-06
2023-10-21 10:00:12+00:00,7.02665465714935e-07
2023-10-21 11:00:09+00:00,-8.957387138964546e-07
2023-10-21 12:00:11+00:00,-1.3657060763832618e-06
2023-10-21 13:00:10+00:00,-3.943799154604425e-06
2023-10-21 14:00:11+00:00,-3.852248821526958e-06
2023-10-21 15:00:11+00:00,1.0243754564306485e-06
2023-10-21 16:00:10+00:00,4.1976672058726e-07
2023-10-21 17:00:11+00:00,-1.9443561103675464e-06
2023-10-21 18:00:11+00:00,3.5797616247554498e-06
2023-10-21 19:00:10+00:00,4.3150726870418515e-05
2023-10-21 20:00:11+00:00,4.060107437842328e-05
2023-10-21 21:00:09+00:00,3.1410240152723546e-05
2023-10-21 22:00:10+00:00,2.6273406622613063e-05
2023-10-21 23:00:10+00:00,2.506655810526554e-05
2023-10-22 00:00:08+00:00,2.4797950126589886e-05
2023-10-22 01:00:10+00:00,1.4451031070480518e-05
2023-10-22 02:00:11+00:00,1.0531594581586126e-05
2023-10-22 03:00:09+00:00,4.184863379346187e-05
2023-10-22 04:00:11+00:00,4.542701230927541e-05
2023-10-22 05:00:09+00:00,5.050352083106644e-05
2023-10-22 06:00:11+00:00,5.221637130547401e-05
2023-10-22 07:00:10+00:00,5.329277764773614e-05
2023-10-22 08:00:20+00:00,4.623321113817556e-05
2023-10-22 09:00:10+00:00,4.8109060393740664e-05
2023-10-22 10:00:10+00:00,4.690309458735688e-05
2023-10-22 11:00:00+00:00,4.738345791411236e-05
2023-10-22 12:00:13+00:00,3.2793083440165194e-05
2023-10-22 13:00:11+00:00,3.482079432115331e-05
2023-10-22 14:00:11+00:00,3.73455409808917e-05
2023-10-22 15:00:09+00:00,3.3292905448204714e-05
2023-10-22 16:00:09+00:00,3.700499805183251e-05
2023-10-22 17:00:11+00:00,1.586524800836504e-05
2023-10-22 18:00:09+00:00,1.7158350985954853e-05
2023-10-22 19:00:10+00:00,1.951711694259603e-05
2023-10-22 20:00:10+00:00,2.182555513286856e-05
2023-10-22 21:00:11+00:00,2.2886167598750847e-05
2023-10-22 22:00:09+00:00,2.0776053926958743e-05
2023-10-22 23:00:10+00:00,2.020372761535435e-05
2023-10-23 00:00:12+00:00,1.7359536226989028e-05
2023-10-23 01:00:09+00:00,2.2650795266742872e-05
2023-10-23 02:00:12+00:00,3.4826695602890475e-05
2023-10-23 03:00:13+00:00,2.16012354565041e-05
2023-10-23 04:00:13+00:00,3.969558616039675e-05
2023-10-23 05:00:01+00:00,3.3249558787718116e-05
2023-10-23 06:00:09+00:00,4.6266172000540256e-05
2023-10-23 07:00:10+00:00,2.9883046620360348e-05
2023-10-23 08:00:16+00:00,3.085429775944909e-05
2023-10-23 09:00:14+00:00,3.439939091350748e-05
2023-10-23 10:00:11+00:00,3.241533319380627e-05
2023-10-23 11:00:14+00:00,3.059534195379169e-05
2023-10-23 12:00:11+00:00,2.8263294868625892e-05
2023-10-23 13:00:11+00:00,1.8318248628652947e-05
2023-10-23 14:00:10+00:00,1.6799885320951315e-05
2023-10-23 15:00:09+00:00,3.06639036687833e-05
2023-10-23 16:00:02+00:00,2.3292592689382158e-05
2023-10-23 17:00:02+00:00,3.608149982373648e-05
2023-10-23 18:00:09+00:00,4.813646886623414e-05
2023-10-23 19:00:10+00:00,2.8606189705746524e-05
2023-10-23 20:00:11+00:00,1.3889391000065091e-05
2023-10-23 21:00:10+00:00,2.0009215912978026e-05
2023-10-23 22:00:09+00:00,1.7057877580548988e-05
2023-10-23 23:00:09+00:00,2.8494262954889886e-05
2023-10-24 00:00:19+00:00,4.620509675092375e-05
2023-10-24 01:00:20+00:00,5.913825674870011e-05
2023-10-24 02:00:12+00:00,6.131923139048635e-05
2023-10-24 03:00:09+00:00,3.894576610766582e-05
2023-10-24 04:00:24+00:00,1.7941463379651205e-05
2023-10-24 05:00:07+00:00,1.5012450402800993e-05
2023-10-24 06:00:07+00:00,2.1093847446032605e-05
2023-10-24 07:00:11+00:00,2.6648985770662425e-05
2023-10-24 08:00:13+00:00,3.298517428371138e-05
2023-10-24 09:00:12+00:00,4.803899774066929e-05
2023-10-24 10:00:12+00:00,5.1065621581292595e-05
2023-10-24 11:00:10+00:00,4.432865090501075e-05
2023-10-24 12:00:12+00:00,3.8518162964035285e-05
2023-10-24 13:00:11+00:00,3.8374442876484416e-05
2023-10-24 14:00:10+00:00,2.6569114548588547e-05
2023-10-24 15:02:07+00:00,2.0798301639050058e-05
2023-10-24 16:00:12+00:00,2.303958036931598e-05
2023-10-24 17:00:21+00:00,5.3621077215166356e-05
2023-10-24 18:00:03+00:00,7.805368640122996e-05
2023-10-24 19:00:19+00:00,7.468299714940814e-05
2023-10-24 20:00:41+00:00,7.433346514242963e-05
2023-10-24 21:00:49+00:00,6.301140351390532e-05
2023-10-24 22:00:36+00:00,5.885212624169395e-05
2023-10-24 23:02:11+00:00,6.666272340157472e-05
2023-10-25 00:00:25+00:00,4.50949039445554e-05
2023-10-25 01:00:02+00:00,3.930182324528592e-05
2023-10-25 02:02:27+00:00,5.043139493631004e-05
2023-10-25 03:00:16+00:00,1.813269454423798e-05
2023-10-25 04:01:42+00:00,1.7161723138186322e-05
2023-10-25 05:00:36+00:00,2.5514565740905745e-05
2023-10-25 06:01:44+00:00,2.978144486353326e-05
2023-10-25 07:01:02+00:00,3.869993327036311e-05
2023-10-25 08:00:42+00:00,4.354710621398964e-05
2023-10-25 09:02:21+00:00,4.1544621755232085e-05
2023-10-25 10:02:22+00:00,5.2068628713887616e-05
2023-10-25 11:01:43+00:00,7.10005288405942e-05
2023-10-25 12:00:15+00:00,8.538016164037959e-05
2023-10-25 13:00:52+00:00,7.114966403835122e-05
2023-10-25 14:00:02+00:00,5.7695316352769985e-05
2023-10-25 15:00:08+00:00,7.128628653643256e-05
2023-10-25 16:01:21+00:00,7.681428911433298e-05
2023-10-25 17:00:15+00:00,3.732342427030348e-05
2023-10-25 18:00:16+00:00,4.538103186797636e-05
2023-10-25 19:00:11+00:00,4.176741913301868e-05
2023-10-25 20:01:11+00:00,3.83860277084119e-05
2023-10-25 21:01:53+00:00,4.265333857039293e-05
2023-10-25 22:00:12+00:00,3.826905629243334e-05
2023-10-25 23:03:31+00:00,9.043629643109378e-06
2023-10-26 00:01:54+00:00,2.8873300320693613e-05
2023-10-26 01:01:21+00:00,4.020857635597222e-05
2023-10-26 02:03:37+00:00,4.386787575961415e-05
2023-10-26 03:00:31+00:00,4.991216808604113e-05
2023-10-26 04:00:02+00:00,4.579431662434797e-05
2023-10-26 05:02:23+00:00,5.044099650295178e-05
2023-10-26 06:02:01+00:00,4.307575012276591e-05
2023-10-26 07:03:54+00:00,4.201501536578106e-05
2023-10-26 08:01:25+00:00,4.7262260529695754e-05
2023-10-26 09:00:31+00:00,4.556761179584367e-05
2023-10-26 10:02:48+00:00,3.1101829328439695e-05
2023-10-26 11:00:06+00:00,3.082070673955898e-05
2023-10-26 12:01:11+00:00,2.3366048185704826e-05
2023-10-26 13:03:44+00:00,2.620500096728073e-05
2023-10-26 14:00:57+00:00,3.231113691416324e-05
2023-10-26 15:00:01+00:00,2.2928164802438387e-05
2023-10-26 16:02:12+00:00,3.503868251958149e-05
2023-10-26 17:01:33+00:00,2.6030405354316028e-05
2023-10-26 18:06:00+00:00,4.017382077883084e-05
2023-10-26 19:01:13+00:00,4.164567137341106e-05
2023-10-26 20:00:33+00:00,4.5669547257031954e-05
2023-10-26 21:05:02+00:00,4.994962652287943e-05
2023-10-26 22:00:04+00:00,6.041603908717588e-05
2023-10-26 23:01:23+00:00,6.820580932038767e-05
2023-10-27 00:03:15+00:00,7.159197041079026e-05
2023-10-27 01:00:52+00:00,6.869906554231192e-05
2023-10-27 02:00:23+00:00,5.410776603041939e-05
2023-10-27 03:02:54+00:00,4.108382540053923e-05
2023-10-27 04:00:06+00:00,2.364731084961989e-05
2023-10-27 05:06:52+00:00,1.7246194310430983e-05
2023-10-27 06:02:14+00:00,1.7635684847583093e-05
2023-10-27 07:00:59+00:00,3.1044199383529966e-05
2023-10-27 08:05:48+00:00,3.5555061774689606e-05
2023-10-27 09:00:52+00:00,3.7086836070040155e-05
2023-10-27 10:00:08+00:00,6.797090370033492e-05
2023-10-27 11:04:41+00:00,7.195792982641975e-05
2023-10-27 12:00:08+00:00,8.056330465004214e-05
2023-10-27 13:00:42+00:00,8.517545856952202e-05
2023-10-27 14:03:45+00:00,7.194607271935303e-05
2023-10-27 15:00:52+00:00,7.216722689549535e-05
2023-10-27 16:00:13+00:00,8.214809346371971e-05
2023-10-27 17:02:27+00:00,7.20056906663724e-05
2023-10-27 18:01:33+00:00,7.787875052936574e-05
2023-10-27 19:03:21+00:00,6.612991171165856e-05
2023-10-27 20:00:47+00:00,6.090287319762081e-05
2023-10-27 21:00:13+00:00,7.021545315867087e-05
2023-10-27 22:00:18+00:00,6.853220559341923e-05
2023-10-27 23:02:10+00:00,5.6015786037803556e-05
2023-10-28 00:00:06+00:00,5.760943933734141e-05
2023-10-28 01:00:23+00:00,7.731627245724545e-05
2023-10-28 02:00:12+00:00,7.730445019350501e-05
2023-10-28 03:02:00+00:00,8.885086168997051e-05
2023-10-28 04:06:35+00:00,8.571058145754859e-05
2023-10-28 05:01:27+00:00,8.365999881550684e-05
2023-10-28 06:00:28+00:00,8.157833243714998e-05
2023-10-28 07:03:09+00:00,6.798201270800576e-05
2023-10-28 08:01:13+00:00,6.454679240391424e-05
2023-10-28 09:00:23+00:00,3.933555150750462e-05
2023-10-28 10:02:35+00:00,3.070507797041321e-05
2023-10-28 11:01:44+00:00,2.6436149759215532e-05
2023-10-28 12:05:55+00:00,2.925353481963419e-05
2023-10-28 13:01:15+00:00,1.0245544265743625e-05
2023-10-28 14:00:23+00:00,1.0474407548449891e-05
2023-10-28 15:04:55+00:00,1.2211487679971932e-05
2023-10-28 16:01:54+00:00,1.2875606289637105e-05
2023-10-28 17:01:13+00:00,1.2138560783759649e-05
2023-10-28 18:03:25+00:00,1.1545789805685683e-05
2023-10-28 19:00:18+00:00,1.3761113551607903e-05
2023-10-28 20:07:07+00:00,1.599447848897744e-05
2023-10-28 21:02:08+00:00,1.4388647056310591e-05
2023-10-28 22:01:32+00:00,1.581742556542469e-05
2023-10-28 23:06:01+00:00,1.5854603787819683e-05
2023-10-29 00:00:57+00:00,1.5292873434250827e-05
2023-10-29 01:00:05+00:00,1.9428829389946656e-05
2023-10-29 02:04:39+00:00,2.0216845234207607e-05
2023-10-29 03:01:50+00:00,2.392492619234258e-05
2023-10-29 04:01:02+00:00,2.326795281560849e-05
2023-10-29 05:03:43+00:00,2.5722837994166617e-05
2023-10-29 06:00:49+00:00,2.555331081418969e-05
2023-10-29 07:00:07+00:00,2.655118230810863e-05
2023-10-29 08:02:44+00:00,2.9922325558911476e-05
2023-10-29 09:02:13+00:00,3.462242995699872e-05
2023-10-29 10:02:32+00:00,3.0644921337079e-05
2023-10-29 11:01:49+00:00,2.7152365535554482e-05
2023-10-29 12:00:53+00:00,2.8613970523986455e-05
2023-10-29 13:00:13+00:00,6.854589064275253e-05
2023-10-29 14:00:49+00:00,8.230519991297882e-05
2023-10-29 15:01:12+00:00,8.880662074349383e-05
2023-10-29 16:04:12+00:00,7.856419539427876e-05
2023-10-29 17:00:08+00:00,7.796461776008012e-05
2023-10-29 18:00:35+00:00,7.459693356496646e-05
2023-10-29 19:02:03+00:00,4.3249356586615655e-05
2023-10-29 20:00:09+00:00,1.981020605737616e-05
2023-10-29 21:06:49+00:00,1.8158454728265443e-05
2023-10-29 22:00:00+00:00,4.4428020838811625e-06
2023-10-29 23:01:13+00:00,1.4420403128726455e-05
2023-10-30 00:05:36+00:00,1.642946411216473e-05
2023-10-30 01:00:00+00:00,1.916342553518896e-05
2023-10-30 02:00:59+00:00,2.6448835994304983e-05
2023-10-30 03:02:55+00:00,3.170223440964133e-05
2023-10-30 04:00:04+00:00,2.583984726102044e-05
2023-10-30 05:00:23+00:00,2.6634558166453832e-05
2023-10-30 06:02:34+00:00,2.9541053067616308e-05
2023-10-30 07:00:36+00:00,2.762146491584095e-05
2023-10-30 08:06:07+00:00,2.345934688215947e-05
2023-10-30 09:00:47+00:00,2.7654719440192126e-05
2023-10-30 10:00:02+00:00,3.6420441288943274e-05
2023-10-30 11:02:41+00:00,3.787987160510162e-05
2023-10-30 12:00:54+00:00,4.154740885407969e-05
2023-10-30 13:00:07+00:00,4.255198289366297e-05
2023-10-30 14:02:02+00:00,4.670607760530682e-05
2023-10-30 15:01:11+00:00,3.431542750580755e-05
2023-10-30 16:01:41+00:00,4.778944069675144e-05
2023-10-30 17:01:37+00:00,6.593567403341572e-05
2023-10-30 18:01:02+00:00,7.64005749216855e-05
2023-10-30 19:04:14+00:00,7.718510307722765e-05
2023-10-30 20:00:20+00:00,7.772032067785918e-05
2023-10-30 21:01:32+00:00,8.453546929858943e-05
2023-10-30 22:03:57+00:00,8.176406337392981e-05
2023-10-30 23:00:54+00:00,7.894741682142156e-05
2023-10-31 00:00:13+00:00,7.877179636215395e-05
2023-10-31 01:02:53+00:00,8.077170420965693e-05
2023-10-31 02:00:42+00:00,4.407597457942832e-05
2023-10-31 03:01:03+00:00,2.267427124970002e-05
2023-10-31 04:01:38+00:00,1.827199254423238e-05
2023-10-31 05:00:00+00:00,2.0459933445003068e-05
2023-10-31 06:03:55+00:00,3.1095952466989705e-05
2023-10-31 07:00:41+00:00,3.2205236986345994e-05
2023-10-31 08:00:00+00:00,3.1543107336896986e-05
2023-10-31 09:02:25+00:00,6.40939180672948e-05
2023-10-31 10:01:57+00:00,7.165090011332386e-05
2023-10-31 11:01:13+00:00,7.749745709519883e-05
2023-10-31 12:02:02+00:00,4.398461230719018e-05
2023-10-31 13:00:26+00:00,2.5767190258133188e-05
2023-10-31 14:07:10+00:00,1.6129400722553817e-05
2023-10-31 15:01:16+00:00,2.7267702944010876e-05
2023-10-31 16:01:48+00:00,3.7950298295920226e-05
2023-10-31 17:05:22+00:00,3.95727316770494e-05
2023-10-31 18:00:02+00:00,4.0109340148364626e-05
2023-10-31 19:00:07+00:00,4.525209862977164e-05
2023-10-31 20:00:27+00:00,5.788882313016974e-05
2023-10-31 21:00:05+00:00,5.594500781541104e-05
2023-10-31 22:01:34+00:00,4.8618960677563366e-05
2023-10-31 23:00:34+00:00,5.4125190114754845e-05
2023-11-01 00:00:36+00:00,9.980936256254438e-05
2023-11-01 01:00:27+00:00,0.0001005639617800816
2023-11-01 02:00:37+00:00,9.322098435970354e-05
2023-11-01 03:00:36+00:00,9.350337617153197e-05
2023-11-01 04:00:21+00:00,9.725255744024434e-05
2023-11-01 05:00:16+00:00,9.82360701485307e-05
2023-11-01 06:00:02+00:00,0.00010750941538248361
2023-11-01 07:00:36+00:00,0.00012017257563791146
2023-11-01 08:00:11+00:00,0.00012608801651166067
2023-11-01 09:00:40+00:00,0.000131282557122098
2023-11-01 10:00:40+00:00,0.00013200101371647617
2023-11-01 11:00:40+00:00,0.00013106483177838355
2023-11-01 12:00:25+00:00,0.0001303624776904855
2023-11-01 13:00:05+00:00,0.00012882296031756094
2023-11-01 14:00:40+00:00,0.00013561089029674408
2023-11-01 15:00:18+00:00,0.00013922563780092138
2023-11-01 16:00:40+00:00,0.0001296562653901514
2023-11-01 17:00:42+00:00,0.00012364340181506082
2023-11-01 18:00:04+00:00,0.00011575811894732955
2023-11-01 19:00:42+00:00,0.00011497952058476748
2023-11-01 20:00:02+00:00,0.00011497278813074748
2023-11-01 21:00:00+00:00,0.00011251517850980159
2023-11-01 22:00:51+00:00,0.00012796967696368657
2023-11-01 23:00:30+00:00,0.00012017210362372715
2023-11-02 00:00:49+00:00,0.00012680782873541902
2023-11-02 01:00:33+00:00,0.00013373651801366185
2023-11-02 02:00:44+00:00,0.00013192944411870186
2023-11-02 03:00:43+00:00,0.00013776908007922655
2023-11-02 04:00:44+00:00,0.00013342143132153735
2023-11-02 05:00:47+00:00,0.00013769500766085366
2023-11-02 06:00:07+00:00,0.00012469764282990598
2023-11-02 07:00:45+00:00,0.00012019610552170456
2023-11-02 08:00:44+00:00,0.000113593035067657
2023-11-02 09:00:47+00:00,0.00010807092881453402
2023-11-02 10:00:56+00:00,0.00010395478749175465
2023-11-02 11:00:51+00:00,0.00010536930491843504
2023-11-02 12:00:58+00:00,0.00010430873275774984
2023-11-02 13:00:47+00:00,0.00010255558167829334
2023-11-02 14:00:48+00:00,0.00010208658109916938
2023-11-02 15:00:51+00:00,0.0001102288453175481
2023-11-02 16:01:19+00:00,0.00011167773708866736
2023-11-02 17:01:05+00:00,7.794084193180573e-05
2023-11-02 18:00:56+00:00,5.2024689215959005e-05
2023-11-02 19:00:37+00:00,4.0496375150270596e-05
2023-11-02 20:00:56+00:00,4.790005232589132e-05
2023-11-02 21:01:03+00:00,6.69409257772447e-05
2023-11-02 22:00:58+00:00,8.156962850067241e-05
2023-11-02 23:00:58+00:00,9.38630786177964e-05
2023-11-03 00:00:59+00:00,8.966831074190617e-05
2023-11-03 01:01:04+00:00,9.038053604594803e-05
2023-11-03 02:01:02+00:00,7.868734378945278e-05
2023-11-03 03:01:02+00:00,7.596873309102367e-05
2023-11-03 04:01:07+00:00,7.843793173289126e-05
2023-11-03 05:00:58+00:00,0.0001035223118723155
2023-11-03 06:00:50+00:00,0.00010896501724633789
2023-11-03 07:01:09+00:00,0.00010363800395703756
2023-11-03 08:01:09+00:00,0.00010093676742119621
2023-11-03 09:01:08+00:00,9.878172667416065e-05
2023-11-03 10:01:14+00:00,0.0001012336532627007
2023-11-03 11:01:13+00:00,8.505735222691025e-05
2023-11-03 12:00:25+00:00,6.693650754219912e-05
2023-11-03 13:01:15+00:00,7.06121573234342e-05
2023-11-03 14:01:11+00:00,7.141771990074535e-05
2023-11-03 15:01:16+00:00,5.488449846183107e-05
2023-11-03 16:01:17+00:00,5.231413883258498e-05
2023-11-03 17:01:18+00:00,5.182659403539808e-05
2023-11-03 18:01:19+00:00,4.2202979812693044e-05
2023-11-03 19:01:19+00:00,5.6029291246073965e-05
2023-11-03 20:01:18+00:00,8.765446570932006e-05
2023-11-03 21:01:25+00:00,0.00010270882317581445
2023-11-03 22:01:23+00:00,0.0001084134594197892
2023-11-03 23:01:27+00:00,0.00010207896667862827
2023-11-04 00:01:26+00:00,0.00010113821513373554
2023-11-04 01:01:29+00:00,0.00010139700208590756
2023-11-04 02:01:28+00:00,9.92678216986877e-05
2023-11-04 03:01:29+00:00,9.695763063612841e-05
2023-11-04 04:01:29+00:00,9.069696827526064e-05
2023-11-04 05:01:29+00:00,0.00010076056362251207
2023-11-04 06:00:36+00:00,0.00010773878946667358
2023-11-04 07:01:29+00:00,0.00011128035775965791
2023-11-04 08:01:35+00:00,0.00011201037421871432
2023-11-04 09:01:45+00:00,0.000113263599729925
2023-11-04 10:01:44+00:00,0.00011467012199844617
2023-11-04 11:01:44+00:00,0.0001143089986266191
2023-11-04 12:01:32+00:00,0.00011277461549499407
2023-11-04 13:01:32+00:00,0.00011352722949150864
2023-11-04 14:01:49+00:00,0.00011308561755002166
2023-11-04 15:01:32+00:00,0.00011140173316549182
2023-11-04 16:01:48+00:00,0.00010915205230679556
2023-11-04 17:01:56+00:00,0.00010821870630759252
2023-11-04 18:01:51+00:00,9.086861403049126e-05
2023-11-04 19:01:56+00:00,5.146629469035527e-05
2023-11-04 20:01:56+00:00,3.7316299673662065e-05
2023-11-04 21:01:55+00:00,3.0569447852215286e-05
2023-11-04 22:01:59+00:00,2.7910382414942146e-05
2023-11-04 23:00:03+00:00,3.215075286787883e-05
2023-11-05 00:00:04+00:00,2.4906607288524113e-05
2023-11-05 01:00:04+00:00,2.471278143615223e-05
2023-11-05 02:00:04+00:00,2.6661616307662813e-05
2023-11-05 03:00:06+00:00,2.837109215704465e-05
2023-11-05 04:00:10+00:00,2.972285723725684e-05
2023-11-05 05:00:09+00:00,3.2916760336731355e-05
2023-11-05 06:00:11+00:00,5.277297849023362e-05
2023-11-05 07:00:11+00:00,5.508270814551089e-05
2023-11-05 08:00:09+00:00,5.138488490846933e-05
2023-11-05 09:00:09+00:00,4.889392914277021e-05
2023-11-05 10:00:08+00:00,4.7164445305221e-05
2023-11-05 11:00:12+00:00,4.652338921619459e-05
2023-11-05 12:00:12+00:00,4.579460569835738e-05
2023-11-05 13:00:13+00:00,5.4387388015385114e-05
2023-11-05 14:00:12+00:00,5.239311768361972e-05
2023-11-05 15:00:11+00:00,4.264062669107744e-05
2023-11-05 16:00:12+00:00,3.3265126284332974e-05
2023-11-05 17:00:12+00:00,2.970548164415498e-05
2023-11-05 18:00:17+00:00,3.628829911764564e-05
2023-11-05 19:00:19+00:00,3.625554057793327e-05
2023-11-05 20:00:54+00:00,3.66238622446112e-05
2023-11-05 21:00:20+00:00,3.6580261875133204e-05
2023-11-05 22:00:24+00:00,3.590799957382111e-05
2023-11-05 23:00:27+00:00,5.130304423459736e-05
2023-11-06 00:00:28+00:00,5.044440947769175e-05
2023-11-06 01:00:25+00:00,4.667628094039177e-05
2023-11-06 02:00:24+00:00,4.467306943592131e-05
2023-11-06 03:00:24+00:00,4.429025770688821e-05
2023-11-06 04:00:25+00:00,4.2361514533277106e-05
2023-11-06 05:00:24+00:00,3.9878635344923434e-05
2023-11-06 06:00:25+00:00,4.2256744003366595e-05
2023-11-06 07:00:28+00:00,4.802324148714193e-05
2023-11-06 08:00:26+00:00,5.024073425404866e-05
2023-11-06 09:00:13+00:00,4.6343004273913004e-05
2023-11-06 10:00:29+00:00,3.381599707415932e-05
2023-11-06 11:00:29+00:00,2.53205931199583e-05
2023-11-06 12:00:29+00:00,2.2334198668167336e-05
2023-11-06 13:00:33+00:00,2.1197332610807932e-05
2023-11-06 14:00:30+00:00,2.1414750882010746e-05
2023-11-06 15:00:10+00:00,2.2755471018902248e-05
2023-11-06 16:00:31+00:00,2.2870890798635e-05
2023-11-06 17:00:30+00:00,2.319117604795891e-05
2023-11-06 18:00:33+00:00,2.409887137103529e-05
2023-11-06 19:00:32+00:00,2.5459774870447196e-05
2023-11-06 20:00:33+00:00,2.8186061544328723e-05
2023-11-06 21:00:30+00:00,2.872414499629839e-05
2023-11-06 22:00:30+00:00,2.8608697024379093e-05
2023-11-06 23:00:30+00:00,2.9140373621147596e-05
2023-11-07 00:00:34+00:00,2.772882569525188e-05
2023-11-07 01:00:37+00:00,2.796938204605001e-05
2023-11-07 02:00:39+00:00,2.9119510220676483e-05
2023-11-07 03:00:39+00:00,2.9547414235857794e-05
2023-11-07 04:00:41+00:00,3.383557712829951e-05
2023-11-07 05:00:01+00:00,4.419204033457305e-05
2023-11-07 06:00:42+00:00,5.669720654756846e-05
2023-11-07 07:00:42+00:00,6.262437445439078e-05
2023-11-07 08:00:42+00:00,6.152195851785668e-05
2023-11-07 09:00:46+00:00,6.036295510715182e-05
2023-11-07 10:00:45+00:00,5.776813021315598e-05
2023-11-07 11:00:45+00:00,5.525275169321328e-05
2023-11-07 12:00:46+00:00,5.740035321238853e-05
2023-11-07 13:00:45+00:00,6.133893257905936e-05
2023-11-07 14:00:44+00:00,5.980565392952356e-05
2023-11-07 15:00:46+00:00,5.9065925626480816e-05
2023-11-07 16:00:48+00:00,6.142940303637898e-05
2023-11-07 17:00:47+00:00,6.321113858702119e-05
2023-11-07 18:00:48+00:00,6.741524839259256e-05
2023-11-07 19:00:48+00:00,6.302566273498797e-05
2023-11-07 20:00:49+00:00,6.207592005954269e-05
2023-11-07 21:00:52+00:00,5.8609676196499416e-05
2023-11-07 22:00:56+00:00,5.721258058104381e-05
2023-11-07 23:00:52+00:00,5.591528191886285e-05
2023-11-08 00:00:52+00:00,5.38922890033159e-05
2023-11-08 01:00:56+00:00,4.540645261225649e-05
2023-11-08 02:00:53+00:00,3.945790605601374e-05
2023-11-08 03:00:52+00:00,3.871487515637537e-05
2023-11-08 04:00:54+00:00,3.4877143071503936e-05
2023-11-08 05:00:54+00:00,3.135251094580073e-05
2023-11-08 06:00:55+00:00,3.109571254104778e-05
2023-11-08 07:00:55+00:00,3.921646931751709e-05
2023-11-08 08:00:54+00:00,4.780809228628314e-05
2023-11-08 09:00:55+00:00,5.86499313104125e-05
2023-11-08 10:00:55+00:00,5.730360014458504e-05
2023-11-08 11:00:54+00:00,5.8221337399869955e-05
2023-11-08 12:00:55+00:00,5.3115275287245e-05
2023-11-08 13:00:55+00:00,5.4008557216527404e-05
2023-11-08 14:00:55+00:00,4.544211221075485e-05
2023-11-08 15:00:55+00:00,3.204865415616722e-05
2023-11-08 16:00:54+00:00,3.237133316820797e-05
2023-11-08 17:00:54+00:00,3.734046706066392e-05
2023-11-08 18:00:55+00:00,4.4258447623887536e-05
2023-11-08 19:00:56+00:00,5.294502496962897e-05
2023-11-08 20:00:54+00:00,5.449742244590931e-05
2023-11-08 21:00:54+00:00,5.51223593004057e-05
2023-11-08 22:01:01+00:00,6.068828658867826e-05
2023-11-08 23:00:55+00:00,6.517285338750807e-05
2023-11-09 00:00:54+00:00,6.291878669864038e-05
2023-11-09 01:00:57+00:00,7.469177176307156e-05
2023-11-09 02:00:23+00:00,7.854955202848152e-05
2023-11-09 03:00:56+00:00,9.020578642223523e-05
2023-11-09 04:00:56+00:00,9.538047184804413e-05
2023-11-09 05:00:58+00:00,8.740452770528227e-05
2023-11-09 06:01:05+00:00,6.1640636547549e-05
2023-11-09 07:01:13+00:00,6.441929050614157e-05
2023-11-09 08:01:18+00:00,6.985689216608442e-05
2023-11-09 09:01:23+00:00,7.642771793607881e-05
2023-11-09 10:01:19+00:00,7.704268325348889e-05
2023-11-09 11:01:19+00:00,8.102304936968206e-05
2023-11-09 12:00:36+00:00,8.365150909820187e-05
2023-11-09 13:01:24+00:00,7.34586609060692e-05
2023-11-09 14:00:21+00:00,6.993702212217358e-05
2023-11-09 15:01:59+00:00,4.660002173140804e-05
2023-11-09 16:00:03+00:00,3.393617728093825e-05
2023-11-09 17:00:02+00:00,-4.182594577130661e-06
2023-11-09 18:01:22+00:00,-1.0994040602363323e-06
2023-11-09 19:01:37+00:00,6.753551938655689e-06
2023-11-09 20:01:22+00:00,9.921465566940835e-06
2023-11-09 21:00:28+00:00,9.184393748489265e-06
2023-11-09 22:00:28+00:00,1.1345972067451046e-05
2023-11-09 23:00:28+00:00,1.3312452027758678e-05
2023-11-10 00:00:34+00:00,1.4032416956524063e-05
2023-11-10 01:00:28+00:00,1.3192006656363252e-05
2023-11-10 02:00:29+00:00,1.6041082999156977e-05
2023-11-10 03:00:32+00:00,1.7485522908639297e-05
2023-11-10 04:00:30+00:00,1.8052170142586617e-05
2023-11-10 05:00:30+00:00,1.727161742311436e-05
2023-11-10 06:00:34+00:00,1.697990910670654e-05
2023-11-10 07:00:43+00:00,1.7329564662781854e-05
2023-11-10 08:00:30+00:00,1.694447448105521e-05
2023-11-10 09:00:27+00:00,1.5012067671411297e-05
2023-11-10 10:00:47+00:00,1.3104733240562609e-05
2023-11-10 11:00:26+00:00,1.2046668666913592e-05
2023-11-10 12:00:35+00:00,4.921905825241426e-05
2023-11-10 13:00:28+00:00,9.686758268313334e-05
2023-11-10 14:00:45+00:00,0.00010993716669888906
2023-11-10 15:00:27+00:00,0.00010821342862356949
2023-11-10 16:00:27+00:00,0.00010570787919706272
2023-11-10 17:00:29+00:00,0.00010966053319018218
2023-11-10 18:00:27+00:00,7.087388242479136e-05
2023-11-10 19:00:35+00:00,4.8339154878950504e-05
2023-11-10 20:00:29+00:00,4.3391382637340465e-05
2023-11-10 21:00:17+00:00,3.534807352603944e-05
2023-11-10 22:00:37+00:00,6.79365971562308e-05
2023-11-10 23:00:32+00:00,8.645998536244357e-05
2023-11-11 00:00:35+00:00,9.074731687426922e-05
2023-11-11 01:00:28+00:00,9.801841670571144e-05
2023-11-11 02:00:33+00:00,9.85714964423348e-05
2023-11-11 03:00:30+00:00,8.519958147885948e-05
2023-11-11 04:00:29+00:00,7.282748616684268e-05
2023-11-11 05:00:29+00:00,6.762816485220683e-05
2023-11-11 06:00:29+00:00,5.9019643084884625e-05
2023-11-11 07:00:30+00:00,5.726306897814005e-05
2023-11-11 08:00:30+00:00,5.62240479886785e-05
2023-11-11 09:00:30+00:00,5.850310770738832e-05
2023-11-11 10:00:30+00:00,5.4137589210581896e-05
2023-11-11 11:00:30+00:00,4.997026857925943e-05
2023-11-11 12:00:33+00:00,5.017609673782647e-05
2023-11-11 13:00:30+00:00,8.085411203558446e-05
2023-11-11 14:00:35+00:00,9.972956695308e-05
2023-11-11 15:00:39+00:00,8.718727730331038e-05
2023-11-11 16:00:31+00:00,9.49608555505045e-05
2023-11-11 17:00:30+00:00,0.0001030394552043744
2023-11-11 18:00:30+00:00,8.697971609685516e-05
2023-11-11 19:00:34+00:00,0.00010535452990295163
2023-11-11 20:00:30+00:00,0.000114854569425891
2023-11-11 21:00:30+00:00,0.00011178463804170364
2023-11-11 22:00:37+00:00,0.00011113430578447315
2023-11-11 23:00:37+00:00,0.00010942651233118772
2023-11-12 00:00:50+00:00,0.00010374168550857228
2023-11-12 01:00:33+00:00,5.7170609981004756e-05
2023-11-12 02:00:31+00:00,6.618163431131351e-05
2023-11-12 03:00:30+00:00,7.858567659643206e-05
2023-11-12 04:00:30+00:00,8.321644092410353e-05
2023-11-12 05:00:31+00:00,8.534618101287058e-05
2023-11-12 06:00:31+00:00,8.895414099938468e-05
2023-11-12 07:00:42+00:00,9.621525373737624e-05
2023-11-12 08:00:31+00:00,9.52467737573007e-05
2023-11-12 09:00:32+00:00,9.379574430072746e-05
2023-11-12 10:00:32+00:00,9.295622262248907e-05
2023-11-12 11:00:31+00:00,9.444195975177496e-05
2023-11-12 12:00:34+00:00,8.919199297152455e-05
2023-11-12 13:00:32+00:00,9.362967608631467e-05
2023-11-12 14:00:31+00:00,9.216225362185034e-05
2023-11-12 15:00:47+00:00,9.345070854334437e-05
2023-11-12 16:00:32+00:00,9.432650466306828e-05
2023-11-12 17:00:34+00:00,9.228830332600049e-05
2023-11-12 18:00:32+00:00,9.49023796776415e-05
2023-11-12 19:00:35+00:00,7.106832756712661e-05
2023-11-12 20:00:32+00:00,5.181071419305301e-05
2023-11-12 21:00:35+00:00,4.725520872785321e-05
2023-11-12 22:00:31+00:00,4.929444439152997e-05
2023-11-12 23:00:32+00:00,5.019022142905399e-05
2023-11-13 00:00:33+00:00,6.563954155790273e-05
2023-11-13 01:00:34+00:00,7.028657574618324e-05
2023-11-13 02:00:32+00:00,7.601707195711315e-05
2023-11-13 03:00:32+00:00,7.506151329108224e-05
2023-11-13 04:00:35+00:00,7.344850456802308e-05
2023-11-13 05:00:33+00:00,9.350029623319715e-05
2023-11-13 06:00:37+00:00,0.00010414166875513294
2023-11-13 07:00:32+00:00,6.444811850394607e-05
2023-11-13 08:00:31+00:00,4.412382408851875e-05
2023-11-13 09:00:32+00:00,4.208342307084424e-05
2023-11-13 10:00:31+00:00,4.0140085479747316e-05
2023-11-13 11:00:31+00:00,3.9229040690040855e-05
2023-11-13 12:00:32+00:00,3.888937348721807e-05
2023-11-13 13:00:32+00:00,3.810161530084244e-05
2023-11-13 14:00:32+00:00,4.4475653930051415e-05
2023-11-13 15:00:35+00:00,5.3616714446435006e-05
2023-11-13 16:00:49+00:00,6.080380406345832e-05
2023-11-13 17:01:08+00:00,6.208709575727008e-05
2023-11-13 18:00:33+00:00,4.7038344024887834e-05
2023-11-13 19:00:37+00:00,3.88588187898944e-05
2023-11-13 20:00:33+00:00,3.5934561038873845e-05
2023-11-13 21:00:35+00:00,3.491397141069515e-05
2023-11-13 22:00:37+00:00,2.465794718719307e-05
2023-11-13 23:00:34+00:00,2.2815959557710536e-05
2023-11-14 00:00:43+00:00,2.4661976905691873e-05
2023-11-14 01:00:42+00:00,2.408762719358409e-05
2023-11-14 02:00:34+00:00,2.4226235770573744e-05
2023-11-14 03:00:36+00:00,2.939478293899523e-05
2023-11-14 04:00:07+00:00,3.20578425404735e-05
2023-11-14 05:00:34+00:00,4.075230795164123e-05
2023-11-14 06:00:35+00:00,7.242593429618528e-05
2023-11-14 07:00:42+00:00,7.86143581325188e-05
2023-11-14 08:00:34+00:00,8.266074668371498e-05
2023-11-14 09:00:38+00:00,8.465853920268726e-05
2023-11-14 10:00:35+00:00,7.592168387325289e-05
2023-11-14 11:00:34+00:00,5.9172780283732736e-05
2023-11-14 12:00:20+00:00,5.058529820682583e-05
2023-11-14 13:00:35+00:00,4.064328599704085e-05
2023-11-14 14:00:45+00:00,4.624320067286378e-05
2023-11-14 15:00:39+00:00,5.559463777699929e-05
2023-11-14 16:00:40+00:00,1.785446536537721e-05
2023-11-14 17:00:13+00:00,1.1826428727975427e-05
2023-11-14 18:00:01+00:00,7.429241645403661e-06
2023-11-14 19:00:02+00:00,-1.1211653877079718e-06
2023-11-14 20:00:35+00:00,-5.679578295892093e-06
2023-11-14 21:00:42+00:00,1.755641331434045e-06
2023-11-14 22:00:36+00:00,1.9681776587139574e-06
2023-11-14 23:00:35+00:00,1.589486026862808e-06
2023-11-15 00:00:37+00:00,1.237874006079417e-06
2023-11-15 01:00:39+00:00,1.6411768562211336e-06
2023-11-15 02:00:09+00:00,1.928197514296116e-06
2023-11-15 03:00:36+00:00,1.2508390926834572e-05
2023-11-15 04:00:40+00:00,2.0308252607325776e-05
2023-11-15 05:00:25+00:00,2.5092636568715644e-05
2023-11-15 06:00:36+00:00,2.775231172723221e-05
2023-11-15 07:00:36+00:00,2.8295747679143254e-05
2023-11-15 08:00:36+00:00,2.942379708073447e-05
2023-11-15 09:00:36+00:00,3.474664273166383e-05
2023-11-15 10:00:36+00:00,3.241797612805349e-05
2023-11-15 11:00:36+00:00,3.1367803403549776e-05
2023-11-15 12:00:36+00:00,3.071850164076615e-05
2023-11-15 13:00:36+00:00,3.250854515502928e-05
2023-11-15 14:00:36+00:00,3.098732284201403e-05
2023-11-15 15:00:39+00:00,2.5112993264307906e-05
2023-11-15 16:00:43+00:00,2.664998382081223e-05
2023-11-15 17:00:36+00:00,2.5297150719385006e-05
2023-11-15 18:00:37+00:00,2.509494586685325e-05
2023-11-15 19:00:25+00:00,2.732468123615157e-05
2023-11-15 20:00:36+00:00,4.673096354394132e-05
2023-11-15 21:00:41+00:00,4.999675554522817e-05
2023-11-15 22:00:16+00:00,3.914263396617192e-05
2023-11-15 23:00:38+00:00,3.6049231340036096e-05
2023-11-16 00:00:50+00:00,3.542325683071588e-05
2023-11-16 01:00:36+00:00,3.7425819009065863e-05
2023-11-16 02:00:10+00:00,3.6119207332980114e-05
2023-11-16 03:00:03+00:00,3.0184564994560727e-05
2023-11-16 04:00:38+00:00,2.6234632675331497e-05
2023-11-16 05:00:37+00:00,2.5112097384494114e-05
2023-11-16 06:00:36+00:00,2.4345267245411393e-05
2023-11-16 07:00:38+00:00,2.5752543938822508e-05
2023-11-16 08:00:40+00:00,2.5395389377485014e-05
2023-11-16 09:00:37+00:00,2.2912551909802386e-05
2023-11-16 10:00:38+00:00,1.4885504174753664e-05
2023-11-16 11:00:37+00:00,1.1972367780597999e-05
2023-11-16 12:00:42+00:00,7.344933220241707e-06
2023-11-16 13:00:13+00:00,-1.4967046711493442e-05
2023-11-16 14:00:38+00:00,-1.2437293498107828e-05
2023-11-16 15:00:38+00:00,-8.895449580563941e-06
2023-11-16 16:00:08+00:00,-1.0054367794132622e-05
2023-11-16 17:00:37+00:00,-1.3630343198113244e-05
2023-11-16 18:00:38+00:00,-1.553660605775219e-05
2023-11-16 19:00:38+00:00,-2.1988491052548013e-05
2023-11-16 20:00:40+00:00,-2.844577949518866e-05
2023-11-16 21:00:38+00:00,-2.300150408348959e-05
2023-11-16 22:00:49+00:00,-1.6763966156154425e-05
2023-11-16 23:00:40+00:00,-1.360754432282656e-05
2023-11-17 00:00:44+00:00,-1.108339970972513e-05
2023-11-17 01:00:38+00:00,-2.6833834317029604e-06
2023-11-17 02:00:19+00:00,-4.8516307522104665e-06
2023-11-17 03:00:38+00:00,5.354137118995866e-06
2023-11-17 04:00:38+00:00,7.882628361578832e-06
2023-11-17 05:00:40+00:00,8.826768988958834e-06
2023-11-17 06:00:38+00:00,6.560882805259963e-06
2023-11-17 07:00:39+00:00,5.043477259494368e-06
2023-11-17 08:00:38+00:00,3.8127871792169352e-06
2023-11-17 09:00:01+00:00,4.0205566523807404e-06
2023-11-17 10:00:38+00:00,3.704769424631515e-06
2023-11-17 11:00:38+00:00,-1.1482801722710537e-05
2023-11-17 12:00:02+00:00,-2.8160945307551148e-05
2023-11-17 13:00:59+00:00,-2.8615958872868523e-05
2023-11-17 14:00:39+00:00,-1.723140728330434e-05
2023-11-17 15:00:44+00:00,-1.3629374590117432e-05
2023-11-17 16:00:39+00:00,-1.1015037142530176e-05
2023-11-17 17:00:18+00:00,-4.6115914319766035e-06
2023-11-17 18:00:39+00:00,-2.667568930169124e-06
2023-11-17 19:00:39+00:00,-8.676450224405777e-07
2023-11-17 20:00:12+00:00,-2.0229265180713956e-06
2023-11-17 21:00:15+00:00,-2.081874185464917e-07
2023-11-17 22:00:16+00:00,-1.3126837816498317e-06
2023-11-17 23:00:19+00:00,3.860704663731131e-07
2023-11-18 00:00:19+00:00,6.993328152050314e-07
2023-11-18 01:00:21+00:00,-2.7343657800808505e-09
2023-11-18 02:00:21+00:00,7.254119713520448e-07
2023-11-18 03:00:23+00:00,1.3713237580988112e-06
2023-11-18 04:00:23+00:00,1.5336613433697927e-06
2023-11-18 05:00:32+00:00,1.776043573650293e-06
2023-11-18 06:00:22+00:00,1.7260308948135092e-06
2023-11-18 07:00:25+00:00,1.25462692503551e-06
2023-11-18 08:00:21+00:00,1.1410956166648029e-06
2023-11-18 09:00:21+00:00,1.6329292238520744e-06
2023-11-18 10:00:23+00:00,-5.539301509061151e-08
2023-11-18 11:00:29+00:00,8.459009618416823e-08
2023-11-18 12:00:22+00:00,3.4769485546527195e-08
2023-11-18 13:00:22+00:00,9.345149481043699e-07
2023-11-18 14:00:22+00:00,1.4645146087202209e-06
2023-11-18 15:00:23+00:00,1.7924245433015371e-06
2023-11-18 16:00:25+00:00,3.0585883001802306e-06
2023-11-18 17:00:23+00:00,4.541692857115732e-06
2023-11-18 18:00:23+00:00,4.3078976955302745e-06
2023-11-18 19:00:22+00:00,4.71262515121587e-06
2023-11-18 20:01:42+00:00,4.4086166473491186e-06
2023-11-18 21:00:24+00:00,5.246712494762026e-06
2023-11-18 22:00:27+00:00,5.9108907570613225e-06
2023-11-18 23:00:28+00:00,6.216110985490766e-06
2023-11-19 00:00:29+00:00,6.4795617257709115e-06
2023-11-19 01:00:34+00:00,6.383182619784695e-06
2023-11-19 02:00:28+00:00,3.4113205066567677e-06
2023-11-19 03:00:29+00:00,1.4475090905377847e-06
2023-11-19 04:00:28+00:00,1.4061144399667627e-06
2023-11-19 05:00:30+00:00,1.2742185312214722e-06
2023-11-19 06:00:35+00:00,1.2296890665711261e-06
2023-11-19 07:00:34+00:00,1.3388005570069355e-06
2023-11-19 08:00:36+00:00,1.3399814007792504e-06
2023-11-19 09:00:36+00:00,1.6296400404866596e-06
2023-11-19 10:00:37+00:00,1.6649552671603893e-06
2023-11-19 11:00:36+00:00,1.0582970683545359e-06
2023-11-19 12:00:36+00:00,8.798182026229458e-07
2023-11-19 13:00:37+00:00,1.5408973109097955e-06
2023-11-19 14:00:37+00:00,3.25013467217774e-06
2023-11-19 15:00:37+00:00,3.2294038276303767e-06
2023-11-19 16:00:19+00:00,3.2232955914062e-06
2023-11-19 17:00:39+00:00,1.7707793029806479e-06
2023-11-19 18:00:42+00:00,-8.395176987176369e-07
2023-11-19 19:00:41+00:00,4.027514919889888e-06
2023-11-19 20:00:03+00:00,5.515238571567977e-06
2023-11-19 21:00:50+00:00,4.890888731339986e-06
2023-11-19 22:00:55+00:00,4.34142176964396e-06
2023-11-19 23:00:57+00:00,5.291082636921936e-06
2023-11-20 00:01:02+00:00,1.9220414029025335e-06
2023-11-20 01:00:58+00:00,9.644671144368754e-07
2023-11-20 02:01:00+00:00,-2.6094859110284184e-06
2023-11-20 03:01:01+00:00,-6.029995644199075e-06
2023-11-20 04:01:05+00:00,-1.1655216227259127e-06
2023-11-20 05:01:10+00:00,6.136724715828071e-06
2023-11-20 06:01:11+00:00,8.53943837118547e-06
2023-11-20 07:01:14+00:00,9.028053762337547e-06
2023-11-20 08:01:13+00:00,1.0286073881257965e-05
2023-11-20 09:01:18+00:00,1.1371248982471215e-05
2023-11-20 10:01:20+00:00,1.5146966101232995e-05
2023-11-20 11:00:39+00:00,1.1690399060299194e-05
2023-11-20 12:01:30+00:00,1.0738970691409335e-05
2023-11-20 13:01:33+00:00,1.1215310409642336e-05
2023-11-20 14:01:37+00:00,1.158608501295461e-05
2023-11-20 15:01:04+00:00,6.817646793380539e-06
2023-11-20 16:00:34+00:00,3.584464716027739e-06
2023-11-20 17:00:42+00:00,3.0822606814354377e-06
2023-11-20 18:00:32+00:00,3.8343325202852994e-06
2023-11-20 19:00:53+00:00,3.3664973903859895e-06
2023-11-20 20:00:55+00:00,7.461823098850495e-06
2023-11-20 21:00:00+00:00,8.30159434440255e-06
2023-11-20 22:00:13+00:00,4.20264024724399e-06
2023-11-20 23:00:35+00:00,4.090604937775722e-06
2023-11-21 00:01:15+00:00,3.629126398053001e-06
2023-11-21 01:01:20+00:00,2.766895163155026e-06
2023-11-21 02:01:20+00:00,2.6057634085091828e-06
2023-11-21 03:01:42+00:00,2.8752959284907737e-06
2023-11-21 04:01:39+00:00,4.5316000841883274e-06
2023-11-21 05:01:44+00:00,5.2952076895658205e-06
2023-11-21 06:00:46+00:00,-7.355367310384814e-06
2023-11-21 07:01:32+00:00,-1.5142098525322332e-05
2023-11-21 08:01:45+00:00,-1.6864448832551806e-05
2023-11-21 09:01:44+00:00,-1.3267302812396887e-05
2023-11-21 10:01:46+00:00,-1.342849203238066e-05
2023-11-21 11:01:45+00:00,-1.253774536463918e-05
2023-11-21 12:01:43+00:00,-1.4877434435228382e-05
2023-11-21 13:01:45+00:00,-1.2677363196591667e-05
2023-11-21 14:01:40+00:00,-1.3678828622576426e-05
2023-11-21 15:01:14+00:00,-1.1192970337102447e-05
2023-11-21 16:01:49+00:00,-9.558324369658858e-06
2023-11-21 17:00:54+00:00,-8.227266212941016e-07
2023-11-21 18:00:03+00:00,3.85731234189521e-06
2023-11-21 19:01:46+00:00,9.568001310290544e-06
2023-11-21 20:01:37+00:00,9.579269995468558e-06
2023-11-21 21:00:04+00:00,1.7598402878227954e-05
2023-11-21 22:00:12+00:00,1.2285549563127854e-05
2023-11-21 23:00:05+00:00,8.234257847813436e-06
2023-11-22 00:00:22+00:00,3.928582333854851e-06
2023-11-22 01:01:25+00:00,6.3816192324824805e-06
2023-11-22 02:01:45+00:00,7.82385838031725e-06
2023-11-22 03:01:45+00:00,9.713301514838723e-06
2023-11-22 04:01:45+00:00,1.151931358156506e-05
2023-11-22 05:01:45+00:00,1.540511832114414e-05
2023-11-22 06:00:28+00:00,1.8595178375379575e-05
2023-11-22 07:01:45+00:00,2.287665475835321e-05
2023-11-22 08:01:44+00:00,2.348148773881027e-05
2023-11-22 09:01:46+00:00,2.4507285113279243e-05
2023-11-22 10:00:59+00:00,2.481431233221571e-05
2023-11-22 11:01:45+00:00,2.531969516667051e-05
2023-11-22 12:01:45+00:00,2.4733405289971826e-05
2023-11-22 13:01:11+00:00,2.4928487403809037e-05
2023-11-22 14:00:46+00:00,2.1915216341266187e-05
2023-11-22 15:01:10+00:00,1.7398576205269772e-05
2023-11-22 16:00:34+00:00,8.612194221663998e-06
2023-11-22 17:01:00+00:00,6.261995825244508e-06
2023-11-22 18:01:55+00:00,2.080104319997736e-06
2023-11-22 19:01:49+00:00,2.5213576179573952e-05
2023-11-22 20:01:37+00:00,2.8093436500151186e-05
2023-11-22 21:00:05+00:00,2.665242521039971e-05
2023-11-22 22:01:45+00:00,2.197175874023088e-05
2023-11-22 23:02:14+00:00,-1.1634661417799883e-05
2023-11-23 00:01:21+00:00,6.9911169395246365e-06
2023-11-23 01:07:06+00:00,5.70013819638794e-06
2023-11-23 02:02:38+00:00,3.0784118206078384e-05
2023-11-23 03:05:08+00:00,-3.516459354614923e-08
2023-11-23 04:13:19+00:00,-1.40699809340986e-06
2023-11-23 05:51:21+00:00,-1.7989090314027368e-05
2023-11-23 07:00:36+00:00,7.969661874405755e-06
2023-11-23 08:01:31+00:00,1.666072033540677e-05
2023-11-23 09:01:35+00:00,1.968072553466498e-05
2023-11-23 10:00:55+00:00,2.0423421230570258e-05
2023-11-23 11:01:50+00:00,2.0359443237211876e-05
2023-11-23 12:01:50+00:00,1.9501318360766482e-05
2023-11-23 13:01:58+00:00,1.973450276016578e-05
2023-11-23 14:00:18+00:00,1.9752733141246103e-05
2023-11-23 15:00:00+00:00,1.9591061186024583e-05
2023-11-23 16:00:49+00:00,2.326660722143285e-05
2023-11-23 17:00:48+00:00,2.1674172320975864e-05
2023-11-23 18:01:06+00:00,2.081279720383787e-05
2023-11-23 19:01:15+00:00,2.1585174703292086e-05
2023-11-23 20:00:51+00:00,2.1353991557979764e-05
2023-11-23 21:00:10+00:00,2.0751327326471234e-05
2023-11-23 22:01:38+00:00,2.092000454147643e-05
2023-11-23 23:00:05+00:00,2.1087986722564217e-05
2023-11-24 00:01:37+00:00,2.2485631678312405e-05
2023-11-24 01:01:36+00:00,2.364269636853627e-05
2023-11-24 02:00:46+00:00,2.422455256244858e-05
2023-11-24 03:01:37+00:00,2.2467031998010554e-05
2023-11-24 04:01:37+00:00,2.1722674972520113e-05
2023-11-24 05:01:38+00:00,2.188690224486151e-05
2023-11-24 06:01:28+00:00,2.2157458595848485e-05
2023-11-24 07:00:52+00:00,2.164185286078507e-05
2023-11-24 08:01:37+00:00,1.8355042218250776e-05
2023-11-24 09:01:38+00:00,1.2287825424934164e-05
2023-11-24 10:01:28+00:00,1.0069195534489819e-05
2023-11-24 11:01:41+00:00,9.380133413639162e-06
2023-11-24 12:01:37+00:00,9.592731221758733e-06
2023-11-24 13:01:36+00:00,9.861549673746372e-06
2023-11-24 14:01:41+00:00,1.105693658454062e-05
2023-11-24 15:01:41+00:00,1.1632438603320794e-05
2023-11-24 16:00:34+00:00,2.8980977522232868e-05
2023-11-24 17:00:03+00:00,3.970421735186209e-05
2023-11-24 18:01:37+00:00,4.345205178568126e-05
2023-11-24 19:01:38+00:00,5.142547329851714e-05
2023-11-24 20:01:41+00:00,4.73697559559922e-05
2023-11-24 21:01:38+00:00,4.695797793947929e-05
2023-11-24 22:05:16+00:00,4.598637793328383e-05
2023-11-24 23:00:46+00:00,3.0830830482042295e-05
2023-11-25 00:00:47+00:00,2.3069736600428163e-05
2023-11-25 01:00:46+00:00,2.9472922691602734e-05
2023-11-25 02:00:46+00:00,3.5711898881122636e-05
2023-11-25 03:00:47+00:00,4.314123671222817e-05
2023-11-25 04:00:36+00:00,5.1366541158964526e-05
2023-11-25 05:00:48+00:00,2.779047702143691e-05
2023-11-25 06:00:48+00:00,2.149592618137118e-05
2023-11-25 07:00:48+00:00,1.9093948563215722e-05
2023-11-25 08:00:48+00:00,2.1101470978478687e-05
2023-11-25 09:00:51+00:00,3.171697861038118e-05
2023-11-25 10:00:50+00:00,3.550422932667316e-05
2023-11-25 11:00:49+00:00,3.6363903522566766e-05
2023-11-25 12:00:38+00:00,3.7823583535346956e-05
2023-11-25 13:00:50+00:00,3.951203700361771e-05
2023-11-25 14:00:51+00:00,3.9988526373918245e-05
2023-11-25 15:00:50+00:00,4.1117567722209074e-05
2023-11-25 16:00:55+00:00,3.914701091883291e-05
2023-11-25 17:00:50+00:00,3.8254796051249424e-05
2023-11-25 18:00:54+00:00,3.757115037165457e-05
2023-11-25 19:00:51+00:00,3.65139519631789e-05
2023-11-25 20:00:50+00:00,3.887478005719092e-05
2023-11-25 21:00:56+00:00,4.2365407538235504e-05
2023-11-25 22:00:51+00:00,4.818316513225015e-05
2023-11-25 23:00:51+00:00,5.2025051232814057e-05
2023-11-26 00:00:51+00:00,4.583983481623105e-05
2023-11-26 01:00:59+00:00,4.419503966551748e-05
2023-11-26 02:00:55+00:00,4.3578606427632586e-05
2023-11-26 03:00:53+00:00,4.256810373701733e-05
2023-11-26 04:00:52+00:00,4.471157853444539e-05
2023-11-26 05:00:52+00:00,4.467379304622769e-05
2023-11-26 06:00:53+00:00,4.3213104268553936e-05
2023-11-26 07:00:52+00:00,4.703784629645288e-05
2023-11-26 08:00:53+00:00,5.105912077521662e-05
2023-11-26 09:00:42+00:00,4.939795482248199e-05
2023-11-26 10:00:02+00:00,5.428286798282442e-05
2023-11-26 11:00:52+00:00,5.617956805030471e-05
2023-11-26 12:00:53+00:00,5.587592312670543e-05
2023-11-26 13:00:31+00:00,5.1527695420719345e-05
2023-11-26 14:00:53+00:00,3.0213451392661605e-05
2023-11-26 15:00:53+00:00,2.9324186375340873e-05
2023-11-26 16:00:56+00:00,3.682305551654776e-05
2023-11-26 17:00:53+00:00,3.7801773012128964e-05
2023-11-26 18:00:12+00:00,4.78534654677526e-05
2023-11-26 19:00:55+00:00,5.0898948709175116e-05
2023-11-26 20:00:56+00:00,4.8537453463653305e-05
2023-11-26 21:00:54+00:00,4.0426387400347575e-05
2023-11-26 22:00:17+00:00,3.888169908247103e-05
2023-11-26 23:00:56+00:00,3.936232163563291e-05
2023-11-27 00:00:54+00:00,3.905467365443365e-05
2023-11-27 01:00:55+00:00,3.814706915980418e-05
2023-11-27 02:00:55+00:00,3.913367420707615e-05
2023-11-27 03:00:55+00:00,3.878396182547574e-05
2023-11-27 04:00:56+00:00,3.6882492333749666e-05
2023-11-27 05:00:56+00:00,3.678494358120937e-05
2023-11-27 06:01:00+00:00,3.763034525712377e-05
2023-11-27 07:00:43+00:00,3.712924105801312e-05
2023-11-27 08:00:59+00:00,3.55915597214743e-05
2023-11-27 09:00:57+00:00,3.553221313833059e-05
2023-11-27 10:00:10+00:00,3.3809679695063654e-05
2023-11-27 11:07:20+00:00,4.971367257464526e-06
2023-11-27 12:01:17+00:00,2.209846912506913e-05
2023-11-27 13:01:25+00:00,2.6231444863252644e-05
2023-11-27 14:01:21+00:00,2.5725254441869936e-05
2023-11-27 15:01:23+00:00,2.5046052943535227e-05
2023-11-27 16:01:35+00:00,2.4822548394408176e-05
2023-11-27 17:00:01+00:00,3.16632574010662e-05
2023-11-27 18:01:21+00:00,2.817080553508291e-05
2023-11-27 19:01:22+00:00,2.4105055249146462e-05
2023-11-27 20:01:22+00:00,2.2374626866346114e-05
2023-11-27 21:01:25+00:00,3.133582584951024e-05
2023-11-27 22:15:13+00:00,3.397954681579405e-05
2023-11-27 23:01:13+00:00,5.548192420988353e-05
2023-11-28 00:00:19+00:00,6.23717379927868e-05
2023-11-28 01:01:04+00:00,6.009428173036069e-05
2023-11-28 02:01:03+00:00,5.556239590932619e-05
2023-11-28 03:00:01+00:00,3.7656977685462774e-05
2023-11-28 04:01:05+00:00,4.2078538581067405e-05
2023-11-28 05:01:05+00:00,4.267836155590412e-05
2023-11-28 06:01:12+00:00,3.9419383154724504e-05
2023-11-28 07:01:05+00:00,3.868009715168773e-05
2023-11-28 08:01:06+00:00,3.6909053448793706e-05
2023-11-28 09:01:06+00:00,3.721037090636621e-05
2023-11-28 10:01:41+00:00,3.6174425820347986e-05
2023-11-28 11:01:33+00:00,3.54015586152831e-05
2023-11-28 12:01:41+00:00,3.6511862550583526e-05
2023-11-28 13:01:44+00:00,3.383685508087942e-05
2023-11-28 14:00:00+00:00,3.250373461481822e-05
2023-11-28 15:00:01+00:00,3.541627415114976e-05
2023-11-28 16:01:28+00:00,3.5006734806357434e-05
2023-11-28 17:00:13+00:00,3.6508010285988014e-05
2023-11-28 18:02:06+00:00,3.509184055147297e-05
2023-11-28 19:01:15+00:00,3.4708770383632816e-05
2023-11-28 20:01:23+00:00,4.0065417288344046e-05
2023-11-28 21:01:40+00:00,3.862835469213098e-05
2023-11-28 22:01:41+00:00,4.6769917133722244e-05
2023-11-28 23:00:18+00:00,4.686424711370221e-05
2023-11-29 00:01:41+00:00,4.833485390786296e-05
2023-11-29 01:00:04+00:00,5.095181177254876e-05
2023-11-29 02:01:40+00:00,4.498921693973145e-05
2023-11-29 03:00:09+00:00,4.040972394023559e-05
2023-11-29 04:00:09+00:00,3.7917577085370975e-05
2023-11-29 05:00:19+00:00,3.7407519889385214e-05
2023-11-29 06:00:19+00:00,3.623105459381925e-05
2023-11-29 07:00:20+00:00,3.6344635928622786e-05
2023-11-29 08:00:20+00:00,3.897781583265509e-05
2023-11-29 09:00:41+00:00,3.783655509702921e-05
2023-11-29 10:02:03+00:00,3.7841271838593545e-05
2023-11-29 11:00:22+00:00,3.2819925512944866e-05
2023-11-29 12:00:27+00:00,3.4050724634124184e-05
2023-11-29 13:00:17+00:00,3.286033860775836e-05
2023-11-29 14:01:30+00:00,3.390797393892988e-05
2023-11-29 15:00:32+00:00,3.3166370861335186e-05
2023-11-29 16:00:17+00:00,3.4741410824224295e-05
2023-11-29 17:00:57+00:00,3.690293693092635e-05
2023-11-29 18:00:04+00:00,2.8756803203073937e-05
2023-11-29 19:00:40+00:00,2.629779275139257e-05
2023-11-29 20:00:50+00:00,3.634853455705228e-05
2023-11-29 21:00:00+00:00,4.5824658986511674e-05
2023-11-29 22:01:53+00:00,3.356245135423275e-05
2023-11-29 23:01:22+00:00,3.569453790538345e-05
2023-11-30 00:00:31+00:00,3.93170767840385e-05
2023-11-30 01:00:15+00:00,4.1773819410782047e-05
2023-11-30 02:00:57+00:00,4.8078366398058855e-05
2023-11-30 03:00:34+00:00,4.893123646041845e-05
2023-11-30 04:00:32+00:00,5.295706829120827e-05
2023-11-30 05:00:34+00:00,5.6214319864063615e-05
2023-11-30 06:00:32+00:00,5.455077883405125e-05
2023-11-30 07:00:31+00:00,5.1957548768913894e-05
2023-11-30 08:02:29+00:00,3.924225890730696e-05
2023-11-30 09:02:16+00:00,2.468248350573831e-05
2023-11-30 10:05:56+00:00,2.6014634426144678e-05
2023-11-30 11:00:07+00:00,3.742843390967381e-05
2023-11-30 12:00:07+00:00,4.587131382163792e-05
2023-11-30 13:00:10+00:00,4.9691134596245244e-05
2023-11-30 14:00:08+00:00,3.5039558457329704e-05
2023-11-30 15:00:29+00:00,2.8785559781071797e-05
2023-11-30 16:02:19+00:00,2.889947449112981e-05
2023-11-30 17:05:28+00:00,3.485802312901709e-05
2023-11-30 18:00:30+00:00,4.119819833914116e-05
2023-11-30 19:00:37+00:00,4.8514115342567796e-05
2023-11-30 20:00:37+00:00,5.1264811978815534e-05
2023-11-30 21:00:16+00:00,3.667770445662606e-05
2023-11-30 22:00:16+00:00,3.0347957496273386e-05
2023-11-30 23:00:04+00:00,2.366882892630856e-05
2023-12-01 00:12:20+00:00,-2.1509828978005553e-06
2023-12-01 01:00:09+00:00,1.7270783579632345e-05
2023-12-01 02:09:57+00:00,2.82292567253814e-05
2023-12-01 03:00:41+00:00,3.7026680739276724e-05
2023-12-01 04:01:04+00:00,4.58348285501959e-05
2023-12-01 05:01:16+00:00,4.7985163354551324e-05
2023-12-01 06:01:35+00:00,4.379531468411759e-05
2023-12-01 07:01:18+00:00,4.141217550506174e-05
2023-12-01 08:00:43+00:00,5.014496210296251e-05
2023-12-01 09:00:09+00:00,5.2933995635688264e-05
2023-12-01 10:00:22+00:00,4.809424361362281e-05
2023-12-01 11:01:10+00:00,5.35137580095783e-05
2023-12-01 12:01:12+00:00,5.2621328471710596e-05
2023-12-01 13:01:10+00:00,5.510377130728012e-05
2023-12-01 14:00:50+00:00,5.22120117857543e-05
2023-12-01 15:01:11+00:00,4.9017817109077376e-05
2023-12-01 16:05:38+00:00,4.870614290801429e-05
2023-12-01 17:00:18+00:00,4.362499741649057e-05
2023-12-01 18:00:12+00:00,3.8386225428302376e-05
2023-12-01 19:01:00+00:00,4.320679112064038e-05
2023-12-01 20:11:38+00:00,2.9524234027994345e-05
2023-12-01 21:09:15+00:00,3.0090470309653267e-05
2023-12-01 22:06:20+00:00,1.7162492025729875e-05
2023-12-01 23:06:48+00:00,1.1029534551735864e-05
2023-12-02 00:07:34+00:00,1.3083548861561823e-05
2023-12-02 01:00:15+00:00,1.9980439694534927e-05
2023-12-02 02:01:34+00:00,2.4321106530496e-05
2023-12-02 03:12:17+00:00,2.546744286328931e-05
2023-12-02 04:00:38+00:00,2.9961437722430618e-05
2023-12-02 05:06:41+00:00,2.7838334180554648e-05
2023-12-02 06:03:30+00:00,2.4647595146728452e-05
2023-12-02 07:06:52+00:00,2.2592924417732354e-05
2023-12-02 08:04:03+00:00,1.6850011794062495e-05
2023-12-02 09:03:42+00:00,1.776298776007519e-05
2023-12-02 10:01:30+00:00,2.3297634692828544e-05
2023-12-02 11:00:30+00:00,2.0441796223394515e-05
2023-12-02 12:04:20+00:00,2.1776720954091917e-05
2023-12-02 13:00:10+00:00,1.8142173171998178e-05
2023-12-02 14:06:56+00:00,2.2163932515027325e-05
2023-12-02 15:03:12+00:00,1.5284907804973126e-05
2023-12-02 16:18:27+00:00,1.7178320639198922e-05
2023-12-02 17:03:05+00:00,1.58737419649209e-05
2023-12-02 18:00:04+00:00,1.8201583374640107e-05
2023-12-02 19:03:35+00:00,2.657311291480755e-05
2023-12-02 20:00:32+00:00,2.8596198634691247e-05
2023-12-02 21:00:12+00:00,3.785784120145698e-05
2023-12-02 22:01:32+00:00,3.91715338596823e-05
2023-12-02 23:12:28+00:00,3.043437370942211e-05
2023-12-03 00:00:35+00:00,3.670495506942139e-05
2023-12-03 01:06:21+00:00,3.856221518658762e-05
2023-12-03 02:06:11+00:00,1.513515823104727e-05
2023-12-03 03:09:04+00:00,-1.4542340987264734e-05
2023-12-03 04:00:37+00:00,1.3049752367955438e-05
2023-12-03 05:02:46+00:00,1.4425349032052877e-05
2023-12-03 06:08:45+00:00,2.0316998826075594e-05
2023-12-03 07:15:25+00:00,3.908858944855572e-06
2023-12-03 08:01:16+00:00,2.175433342776366e-05
2023-12-03 09:03:55+00:00,2.147378432242756e-05
2023-12-03 10:03:33+00:00,2.3506463203301217e-05
2023-12-03 11:01:14+00:00,3.105618408266038e-05
2023-12-03 12:04:28+00:00,2.54611019761499e-05
2023-12-03 13:11:00+00:00,3.153735219826941e-05
2023-12-03 14:02:16+00:00,2.272485498429688e-05
2023-12-03 15:00:06+00:00,1.599239747486211e-05
2023-12-03 16:01:42+00:00,3.394881107389619e-05
2023-12-03 17:00:23+00:00,2.6106099201117617e-05
2023-12-03 18:00:44+00:00,1.5530485260433292e-05
2023-12-03 19:00:05+00:00,2.3028792734448815e-05
2023-12-03 20:00:05+00:00,1.8759846145988977e-05
2023-12-03 21:04:00+00:00,3.110933806220764e-05
2023-12-03 22:02:14+00:00,2.4504606713477805e-05
2023-12-03 23:00:23+00:00,2.04832701575768e-05
2023-12-04 00:00:51+00:00,2.0768604788416848e-05
2023-12-04 01:03:52+00:00,2.813801287809774e-05
2023-12-04 02:00:28+00:00,2.742752365686146e-05
2023-12-04 03:03:25+00:00,4.375026355507282e-05
2023-12-04 04:02:10+00:00,2.8064158686317356e-05
2023-12-04 05:00:48+00:00,1.7019671178301943e-05
2023-12-04 06:02:15+00:00,6.192330679331522e-05
2023-12-04 07:00:06+00:00,4.3492231714216834e-05
2023-12-04 08:00:34+00:00,3.105374735627903e-05
2023-12-04 09:03:24+00:00,3.330274525921334e-05
2023-12-04 10:01:17+00:00,1.8528103661711078e-05
2023-12-04 11:01:05+00:00,1.4567784260829072e-05
2023-12-04 12:01:18+00:00,4.363795553922448e-06
2023-12-04 13:00:47+00:00,9.992083335881908e-06
2023-12-04 14:02:53+00:00,9.140904763517948e-06
2023-12-04 15:02:37+00:00,4.626837348929922e-06
2023-12-04 16:00:43+00:00,6.019373832390671e-06
2023-12-04 17:00:30+00:00,1.656789257096534e-05
2023-12-04 18:00:55+00:00,2.830279580425576e-05
2023-12-04 19:03:07+00:00,4.149599245127405e-05
2023-12-04 20:01:11+00:00,3.3885136038919914e-05
2023-12-04 21:03:10+00:00,1.344370548737959e-05
2023-12-04 22:00:47+00:00,2.2663670470972303e-05
2023-12-04 23:00:13+00:00,1.7148601449377968e-05
2023-12-05 00:00:14+00:00,1.831109616087851e-05
2023-12-05 01:01:11+00:00,2.5358311498343782e-05
2023-12-05 02:03:53+00:00,1.6528136063873186e-05
2023-12-05 03:13:38+00:00,1.8520227559404092e-05
2023-12-05 04:11:39+00:00,1.5795749218706214e-05
2023-12-05 05:04:00+00:00,1.7500741530904753e-05
2023-12-05 06:02:21+00:00,2.6051975936917264e-05
2023-12-05 07:00:16+00:00,1.1091929847067365e-05
2023-12-05 08:00:34+00:00,6.826883678543462e-06
2023-12-05 09:06:15+00:00,1.845060092996056e-05
2023-12-05 10:03:43+00:00,3.459184449094485e-05
2023-12-05 11:00:42+00:00,1.0046154604297558e-05
2023-12-05 12:03:39+00:00,1.3138986617151955e-05
2023-12-05 13:01:15+00:00,3.478099569579754e-05
2023-12-05 14:01:10+00:00,2.199540248161202e-05
2023-12-05 15:00:33+00:00,2.31149154219571e-05
2023-12-05 16:02:10+00:00,2.1456205625159484e-05
2023-12-05 17:01:50+00:00,3.0293514651537698e-05
2023-12-05 18:02:32+00:00,2.4538920812748738e-05
2023-12-05 19:00:25+00:00,3.3963088057980124e-05
2023-12-05 20:00:03+00:00,1.984174785976121e-05
2023-12-05 21:01:23+00:00,1.687208052817863e-05
2023-12-05 22:00:32+00:00,2.6086787417198757e-05
2023-12-05 23:02:23+00:00,2.1158318664061945e-05
2023-12-06 00:01:41+00:00,1.4941873634060168e-05
2023-12-06 01:01:29+00:00,1.6326878583269047e-05
2023-12-06 02:06:01+00:00,-1.7318552270386878e-06
2023-12-06 03:02:36+00:00,9.39725763140363e-06
2023-12-06 04:01:22+00:00,4.306841786863216e-07
2023-12-06 05:00:26+00:00,1.3281733546828149e-05
2023-12-06 06:02:40+00:00,6.814191973229121e-06
2023-12-06 07:01:39+00:00,8.129697312878022e-06
2023-12-06 08:01:01+00:00,1.5073761509980814e-05
2023-12-06 09:01:21+00:00,1.6599930104107338e-05
2023-12-06 10:01:04+00:00,2.1197809587418233e-05
2023-12-06 11:01:37+00:00,1.3023993495667484e-05
2023-12-06 12:00:17+00:00,5.282128311659813e-06
2023-12-06 13:01:01+00:00,1.937816059918836e-05
2023-12-06 14:01:27+00:00,2.272221388236336e-05
2023-12-06 15:00:40+00:00,1.442259540879623e-05
2023-12-06 16:01:00+00:00,3.5134999618055335e-06
2023-12-06 17:00:46+00:00,2.4253837649739546e-05
2023-12-06 18:00:16+00:00,3.4581245039282905e-05
2023-12-06 19:00:31+00:00,3.8342952686759125e-05
2023-12-06 20:00:06+00:00,4.021085388427462e-05
2023-12-06 21:00:33+00:00,4.096312908206471e-05
2023-12-06 22:01:15+00:00,4.1980120081031186e-05
2023-12-06 23:00:12+00:00,4.134274898728795e-05
2023-12-07 00:01:15+00:00,4.0152205388611986e-05
2023-12-07 01:00:33+00:00,3.857947175600326e-05
2023-12-07 02:00:16+00:00,3.839533727779287e-05
2023-12-07 03:00:30+00:00,4.014922236062647e-05
2023-12-07 04:01:16+00:00,4.068060961262966e-05
2023-12-07 05:01:16+00:00,4.220981183639125e-05
2023-12-07 06:01:18+00:00,4.160295688385416e-05
2023-12-07 07:01:21+00:00,4.4929139282064645e-05
2023-12-07 08:01:22+00:00,4.37455110743776e-05
2023-12-07 09:01:21+00:00,5.904964035313969e-05
2023-12-07 10:01:17+00:00,6.407224217098175e-05
2023-12-07 11:01:05+00:00,6.899952541768472e-05
2023-12-07 12:01:33+00:00,6.923202068769517e-05
2023-12-07 13:00:04+00:00,7.084867204554464e-05
2023-12-07 14:01:21+00:00,0.0002638160375136052
2023-12-07 15:00:13+00:00,0.0003777435020504994
2023-12-07 16:00:03+00:00,0.00038718341460798524
2023-12-07 17:00:06+00:00,0.00037271868740301506
2023-12-07 18:01:39+00:00,0.00025917982093791054
2023-12-07 19:00:40+00:00,0.00026433626055391617
2023-12-07 20:00:30+00:00,0.00028304501652622575
2023-12-07 21:00:38+00:00,0.0002791797464903309
2023-12-07 22:00:52+00:00,0.0002731412707138344
2023-12-07 23:00:23+00:00,0.000246891953118939
2023-12-08 00:00:01+00:00,0.00021927425308908307
2023-12-08 01:00:48+00:00,0.00020920827235221658
2023-12-08 02:01:02+00:00,0.00027478745248816285
2023-12-08 03:00:59+00:00,0.00027111127690897946
2023-12-08 04:00:44+00:00,0.0002779296899747666
2023-12-08 05:00:59+00:00,0.0003004202070971784
2023-12-08 06:00:57+00:00,0.0003344270348126494
2023-12-08 07:00:57+00:00,0.0003436693095424992
2023-12-08 08:00:57+00:00,0.00034378145406666413
2023-12-08 09:00:34+00:00,0.00029933697880987043
2023-12-08 10:00:03+00:00,0.0002368576522358767
2023-12-08 11:01:16+00:00,0.00022778896744314288
2023-12-08 12:01:13+00:00,0.0003000214180013044
2023-12-08 13:00:33+00:00,0.00028676566540934034
2023-12-08 14:00:59+00:00,0.0002898450826265351
2023-12-08 15:01:08+00:00,0.00030079830295755267
2023-12-08 16:00:17+00:00,0.0003821008727040083
2023-12-08 17:00:08+00:00,0.00044224666481691157
2023-12-08 18:00:03+00:00,0.00048762640060291397
2023-12-08 19:00:12+00:00,0.0004156925552143899
2023-12-08 20:00:12+00:00,0.00041095075075471066
2023-12-08 21:00:03+00:00,0.0004138930823118241
2023-12-08 22:00:50+00:00,0.0004003233418331373
2023-12-08 23:00:59+00:00,0.0002967448609355935
2023-12-09 00:00:31+00:00,0.0002341619544573011
2023-12-09 01:00:33+00:00,0.0003047548664909864
2023-12-09 02:00:25+00:00,0.000321298254347285
2023-12-09 03:00:26+00:00,0.0003331207767501075
2023-12-09 04:00:27+00:00,0.00030879551993514507
2023-12-09 05:00:26+00:00,0.00028728443513748074
2023-12-09 06:00:40+00:00,0.0002531801798525486
2023-12-09 07:00:05+00:00,0.00017371950336216718
2023-12-09 08:00:32+00:00,0.0001479493519559635
2023-12-09 09:00:08+00:00,0.00015243302471501361
2023-12-09 10:00:33+00:00,0.00016035887401160299
2023-12-09 11:00:37+00:00,0.0001410216708993729
2023-12-09 12:00:00+00:00,0.00014219640923985612
2023-12-09 13:00:41+00:00,0.00014851004419279005
2023-12-09 14:00:42+00:00,0.0001998451495926588
2023-12-09 15:00:02+00:00,0.0001782812626274985
2023-12-09 16:01:01+00:00,0.00015228783563428472
2023-12-09 17:01:00+00:00,0.00013984643743840327
2023-12-09 18:00:39+00:00,0.0001336206602838537
2023-12-09 19:01:05+00:00,0.00016200015723492049
2023-12-09 20:00:25+00:00,0.00015834851231849974
2023-12-09 21:00:38+00:00,0.00015538355830120294
2023-12-09 22:00:30+00:00,0.00014947842088976752
2023-12-09 23:00:33+00:00,0.0001476677155068849
2023-12-10 00:00:20+00:00,0.00014409041447937588
2023-12-10 01:00:14+00:00,0.00014021759516774803
2023-12-10 02:00:28+00:00,0.0001244977648495467
2023-12-10 03:00:14+00:00,0.00011269282260062855
2023-12-10 04:00:13+00:00,0.00010317635497868641
2023-12-10 05:00:13+00:00,8.364051007705504e-05
2023-12-10 06:00:10+00:00,7.138205682078774e-05
2023-12-10 07:00:13+00:00,7.52270674490511e-05
2023-12-10 08:00:16+00:00,8.950366508325014e-05
2023-12-10 09:00:41+00:00,0.00011041162947191364
2023-12-10 10:00:26+00:00,0.0001298813198465452
2023-12-10 11:00:23+00:00,0.00015070024126034192
2023-12-10 12:01:41+00:00,0.00013832788178271647
2023-12-10 13:00:13+00:00,0.00013814237179187022
2023-12-10 14:00:07+00:00,0.0001314171042470063
2023-12-10 15:00:16+00:00,0.0001355215769999011
2023-12-10 16:00:03+00:00,0.0001330910760163983
2023-12-10 17:00:51+00:00,0.00013784546907009827
2023-12-10 18:00:15+00:00,0.00013536095196377658
2023-12-10 19:00:18+00:00,0.0001252919057089361
2023-12-10 20:00:18+00:00,0.00012326110742989408
2023-12-10 21:00:13+00:00,0.00012010134260749917
2023-12-10 22:00:22+00:00,0.00012557409179374983
2023-12-10 23:00:25+00:00,0.00012988510105484057
2023-12-11 00:00:24+00:00,0.0001280663247133216
2023-12-11 01:00:16+00:00,0.0001288355357646283
2023-12-11 02:00:02+00:00,0.0001272670308634367
2023-12-11 03:00:42+00:00,2.88414965325089e-05
2023-12-11 04:00:11+00:00,6.205197481067488e-05
2023-12-11 05:01:20+00:00,0.00010297318639792524
2023-12-11 06:00:15+00:00,0.00010941466889718534
2023-12-11 07:01:25+00:00,0.00010653070955755587
2023-12-11 08:00:01+00:00,0.0001211520846018776
2023-12-11 09:00:41+00:00,0.0001270564452549941
2023-12-11 10:01:36+00:00,0.00013647613157904287
2023-12-11 11:01:08+00:00,0.00013716021145647694
2023-12-11 12:00:07+00:00,0.00013027250986635138
2023-12-11 13:01:24+00:00,0.00012776802608585822
2023-12-11 14:00:03+00:00,0.000120044018181029
2023-12-11 15:01:32+00:00,8.445099915118748e-05
2023-12-11 16:01:27+00:00,5.084886410525405e-05
2023-12-11 17:01:25+00:00,4.713049138613819e-05
2023-12-11 18:00:18+00:00,9.405824399415948e-05
2023-12-11 19:00:13+00:00,9.8216987615174e-05
2023-12-11 20:00:13+00:00,0.00011244135264818473
2023-12-11 21:01:41+00:00,0.00012225811905982437
2023-12-11 22:01:09+00:00,0.00012414557002010201
2023-12-11 23:01:24+00:00,0.0001267921492385616
2023-12-12 00:00:24+00:00,0.0001281840558663321
2023-12-12 01:01:06+00:00,0.00013247097755720092
2023-12-12 02:00:07+00:00,0.00010500927587609065
2023-12-12 03:00:22+00:00,0.00010372719156978468
2023-12-12 04:00:20+00:00,0.00010748600780067793
2023-12-12 05:00:04+00:00,0.0001008172876455192
2023-12-12 06:00:45+00:00,0.00010122275914745187
2023-12-12 07:00:49+00:00,7.809609872374724e-05
2023-12-12 08:00:45+00:00,9.749603491730634e-05
2023-12-12 09:01:01+00:00,0.00011936904832623092
2023-12-12 10:00:07+00:00,0.00010173406455200477
2023-12-12 11:00:43+00:00,7.040644172739102e-05
2023-12-12 12:01:06+00:00,5.623465264948589e-05
2023-12-12 13:00:57+00:00,4.9476838144656576e-05
2023-12-12 14:00:58+00:00,5.2955160005077415e-05
2023-12-12 15:01:08+00:00,5.706140742249198e-05
2023-12-12 16:00:28+00:00,5.751755800347106e-05
2023-12-12 17:02:05+00:00,4.9368921976157785e-05
2023-12-12 18:00:30+00:00,3.935336121334448e-05
2023-12-12 19:00:33+00:00,3.4678442920223226e-05
2023-12-12 20:01:38+00:00,4.2450835144019195e-05
2023-12-12 21:00:12+00:00,4.508525877467663e-05
2023-12-12 22:01:36+00:00,4.567584062363811e-05
2023-12-12 23:00:51+00:00,4.377144330206986e-05
2023-12-13 00:00:35+00:00,4.3828735434792215e-05
2023-12-13 01:00:08+00:00,4.124579396958745e-05
2023-12-13 02:01:43+00:00,4.399494856148593e-05
2023-12-13 03:01:27+00:00,4.4907893493549e-05
2023-12-13 04:00:33+00:00,4.414696766020804e-05
2023-12-13 05:01:40+00:00,4.172125476858112e-05
2023-12-13 06:00:35+00:00,2.5887283273767996e-05
2023-12-13 07:01:04+00:00,1.3507109577715648e-05
2023-12-13 08:00:04+00:00,3.099035715571587e-05
2023-12-13 09:01:39+00:00,3.4114343836430186e-05
2023-12-13 10:01:37+00:00,3.338523035861414e-05
2023-12-13 11:00:57+00:00,3.776481672595566e-05
2023-12-13 12:01:37+00:00,3.857997366331222e-05
2023-12-13 13:01:36+00:00,4.466805901315871e-05
2023-12-13 14:01:04+00:00,6.704351643276479e-05
2023-12-13 15:01:36+00:00,0.00010552020825607331
2023-12-13 16:00:14+00:00,0.00012064954119074123
2023-12-13 17:00:07+00:00,0.00012178100060028853
2023-12-13 18:01:30+00:00,9.691173583851368e-05
2023-12-13 19:00:07+00:00,6.864363938359618e-05
2023-12-13 20:02:01+00:00,7.837740111626049e-05
2023-12-13 21:00:04+00:00,8.127928647472971e-05
2023-12-13 22:00:03+00:00,0.00010646582158838793
2023-12-13 23:00:02+00:00,8.957061102830395e-05
2023-12-14 00:02:15+00:00,0.00010748638526347394
2023-12-14 01:00:09+00:00,5.678333688024548e-05
2023-12-14 02:00:14+00:00,2.110486762235981e-05
2023-12-14 03:00:09+00:00,2.4291051503954298e-05
2023-12-14 04:00:01+00:00,2.7900316272320413e-05
2023-12-14 05:00:09+00:00,2.506144150041607e-05
2023-12-14 06:00:04+00:00,2.7104601035565996e-05
2023-12-14 07:00:04+00:00,3.859205261122526e-05
2023-12-14 08:00:14+00:00,3.606475995505577e-05
2023-12-14 09:00:24+00:00,3.6390531926638555e-05
2023-12-14 10:00:11+00:00,5.590776089841662e-05
2023-12-14 11:00:07+00:00,6.130505941943087e-05
2023-12-14 12:00:05+00:00,5.3582138473400345e-05
2023-12-14 13:00:09+00:00,4.696927308862425e-05
2023-12-14 14:00:15+00:00,3.822709987478833e-05
2023-12-14 15:00:26+00:00,3.5395008107025104e-05
2023-12-14 16:00:02+00:00,7.912091285063592e-05
2023-12-14 17:00:07+00:00,0.00011449376751519595
2023-12-14 18:00:15+00:00,0.00012276943546115642
2023-12-14 19:00:08+00:00,0.000126300062594161
2023-12-14 20:00:47+00:00,0.00013052977899318742
2023-12-14 21:00:08+00:00,0.00013230565507772903
2023-12-14 22:01:40+00:00,0.00013045340197356158
2023-12-14 23:00:42+00:00,0.00013020672294977156
2023-12-15 00:00:27+00:00,0.00013087802848291757
2023-12-15 01:00:06+00:00,0.00012940730391968456
2023-12-15 02:00:07+00:00,0.00012992998803089387
2023-12-15 03:00:34+00:00,0.00013171909076311857
2023-12-15 04:00:25+00:00,0.00013130534599129753
2023-12-15 05:00:04+00:00,9.895878043397249e-05
2023-12-15 06:00:04+00:00,7.627368720442944e-05
2023-12-15 07:00:10+00:00,6.641178513164043e-05
2023-12-15 08:00:13+00:00,7.617757878379018e-05
2023-12-15 09:00:12+00:00,8.495415591593821e-05
2023-12-15 10:00:23+00:00,8.64841894174183e-05
2023-12-15 11:00:14+00:00,9.576467745524507e-05
2023-12-15 12:00:47+00:00,9.504125978553693e-05
2023-12-15 13:00:42+00:00,9.643638073749396e-05
2023-12-15 14:00:55+00:00,9.665608567998282e-05
2023-12-15 15:00:19+00:00,0.0001101713710933831
2023-12-15 16:00:15+00:00,0.00019557735617874392
2023-12-15 17:00:33+00:00,0.0002622885807588278
2023-12-15 18:02:16+00:00,0.0002820880894917386
2023-12-15 19:00:53+00:00,0.0002784156975758031
2023-12-15 20:01:07+00:00,0.00037100285385648004
2023-12-15 21:00:20+00:00,0.000515150916568284
2023-12-15 22:00:39+00:00,0.0004992228532492704
2023-12-15 23:01:02+00:00,0.0004152780187546349
2023-12-16 00:00:39+00:00,0.0002731881796954027
2023-12-16 01:01:06+00:00,0.00021266265948667116
2023-12-16 02:01:07+00:00,0.0002083456230602422
2023-12-16 03:00:02+00:00,0.00020498468239495008
2023-12-16 04:00:12+00:00,0.00016864336096875584
2023-12-16 05:01:00+00:00,0.0001465851396928341
2023-12-16 06:01:02+00:00,0.00013127537743678685
2023-12-16 07:01:02+00:00,0.00013055441487885405
2023-12-16 08:01:00+00:00,0.00013783424903117365
2023-12-16 09:00:01+00:00,0.00012912522867118917
2023-12-16 10:01:03+00:00,0.00013168710777038172
2023-12-16 11:01:00+00:00,0.00013393694939927586
2023-12-16 12:01:20+00:00,0.000142416518634474
2023-12-16 13:01:05+00:00,0.0001420294013144167
2023-12-16 14:01:10+00:00,0.00012858498935870748
2023-12-16 15:01:04+00:00,0.00011971364471778304
2023-12-16 16:00:28+00:00,0.00011380906118159582
2023-12-16 17:00:56+00:00,0.0001146692058567212
2023-12-16 18:01:15+00:00,0.00012625609114047585
2023-12-16 19:01:13+00:00,0.00012787351917069117
2023-12-16 20:01:27+00:00,0.0001264925878225124
2023-12-16 21:00:41+00:00,0.0001207760165239051
2023-12-16 22:00:39+00:00,0.00011448269572323298
2023-12-16 23:00:48+00:00,9.773123759407921e-05
2023-12-17 00:00:41+00:00,0.0001174019890306701
2023-12-17 01:00:53+00:00,0.00010437593951451708
2023-12-17 02:00:59+00:00,9.73704714931479e-05
2023-12-17 03:00:34+00:00,9.406373308381609e-05
2023-12-17 04:00:41+00:00,9.281770930901067e-05
2023-12-17 05:00:40+00:00,8.989881544310258e-05
2023-12-17 06:00:26+00:00,7.627557850880946e-05
2023-12-17 07:00:36+00:00,5.865537906737707e-05
2023-12-17 08:00:31+00:00,2.6017482838156564e-05
2023-12-17 09:02:15+00:00,3.392648085677997e-05
2023-12-17 10:00:43+00:00,5.135920067843612e-05
2023-12-17 11:00:42+00:00,6.553927455951737e-05
2023-12-17 12:00:24+00:00,8.013391512933237e-05
2023-12-17 13:00:40+00:00,9.133959179372098e-05
2023-12-17 14:00:54+00:00,9.381521649548226e-05
2023-12-17 15:00:44+00:00,9.431360337127786e-05
2023-12-17 16:01:30+00:00,9.275616163248648e-05
2023-12-17 17:00:07+00:00,8.225723670488247e-05
2023-12-17 18:00:44+00:00,4.845083271244177e-05
2023-12-17 19:00:12+00:00,3.392763331975504e-05
2023-12-17 20:00:20+00:00,2.519449798867911e-05
2023-12-17 21:00:42+00:00,2.3954567151342872e-05
2023-12-17 22:00:41+00:00,3.8280622626051925e-05
2023-12-17 23:01:05+00:00,4.891272360230477e-05
2023-12-18 00:00:42+00:00,2.8734604341602365e-05
2023-12-18 01:00:43+00:00,2.300233755359629e-06
2023-12-18 02:00:16+00:00,-4.943455852919502e-06
2023-12-18 03:01:00+00:00,1.1326349962798063e-05
2023-12-18 04:00:51+00:00,7.17376134834842e-05
2023-12-18 05:00:38+00:00,9.191912811029975e-05
2023-12-18 06:01:23+00:00,7.137136839233386e-05
2023-12-18 07:00:43+00:00,6.253071048292377e-05
2023-12-18 08:02:04+00:00,5.062305398387234e-05
2023-12-18 09:01:25+00:00,3.66594875593486e-05
2023-12-18 10:01:29+00:00,2.1100762088419204e-05
2023-12-18 11:00:05+00:00,-5.6726202926433665e-06
2023-12-18 12:01:28+00:00,-5.099704929259084e-06
2023-12-18 13:01:23+00:00,1.1812847410182437e-05
2023-12-18 14:01:25+00:00,1.7443764139085902e-05
2023-12-18 15:01:23+00:00,2.3356610203543047e-05
2023-12-18 16:00:08+00:00,3.9994925057740665e-05
2023-12-18 17:00:00+00:00,2.7723537986858006e-05
2023-12-18 18:00:32+00:00,2.0590404474147102e-05
2023-12-18 19:00:34+00:00,2.4114426524736808e-05
2023-12-18 20:01:20+00:00,3.014789727176223e-05
2023-12-18 21:01:25+00:00,3.210266488731878e-05
2023-12-18 22:00:48+00:00,7.143550147330535e-05
2023-12-18 23:01:15+00:00,0.0001323401402415246
2023-12-19 00:01:29+00:00,0.00013902519895142638
2023-12-19 01:00:20+00:00,0.00016297643301156563
2023-12-19 02:00:36+00:00,0.00016614888335659246
2023-12-19 03:01:34+00:00,0.00016104550140320356
2023-12-19 04:01:33+00:00,0.00016080700145608312
2023-12-19 05:01:44+00:00,0.00015670504638252985
2023-12-19 06:01:30+00:00,0.00014917060249538514
2023-12-19 07:00:58+00:00,0.00015064725231126068
2023-12-19 08:01:25+00:00,0.00010404580323949519
2023-12-19 09:01:15+00:00,6.601098609466515e-05
2023-12-19 10:00:20+00:00,3.2495084766952924e-05
2023-12-19 11:01:26+00:00,5.034050120567819e-06
2023-12-19 12:01:25+00:00,2.3741411788784964e-05
2023-12-19 13:01:27+00:00,3.619399999162308e-05
2023-12-19 14:00:53+00:00,4.680520256949084e-05
2023-12-19 15:01:34+00:00,8.341696642267991e-05
2023-12-19 16:01:20+00:00,8.351866076905049e-05
2023-12-19 17:00:07+00:00,5.447843692236695e-05
2023-12-19 18:00:21+00:00,2.1080262795160783e-05
2023-12-19 19:01:22+00:00,-1.3585508816356683e-05
2023-12-19 20:00:51+00:00,-1.4715798858960513e-05
2023-12-19 21:00:56+00:00,-1.149043833585986e-05
2023-12-19 22:00:11+00:00,2.7568111520644615e-05
2023-12-19 23:01:28+00:00,0.0001329602632089333
2023-12-20 00:01:18+00:00,0.00019187880743838008
2023-12-20 01:01:52+00:00,0.0002059655059902207
2023-12-20 02:01:46+00:00,0.00021246036225331427
2023-12-20 03:00:18+00:00,0.00021123995705250997
2023-12-20 04:01:57+00:00,0.00016796244053986724
2023-12-20 05:00:32+00:00,0.00015603318259053183
2023-12-20 06:00:22+00:00,0.0001602059002723774
2023-12-20 07:00:03+00:00,0.00015214677311653027
2023-12-20 08:00:15+00:00,0.00017834631912914676
2023-12-20 09:00:29+00:00,0.00011193846057208447
2023-12-20 10:00:15+00:00,6.689260075056246e-05
2023-12-20 11:00:11+00:00,5.1447652612281893e-05
2023-12-20 12:00:17+00:00,4.6638382957295e-05
2023-12-20 13:00:31+00:00,5.2841886955584e-05
2023-12-20 14:00:10+00:00,3.567742721083744e-05
2023-12-20 15:00:00+00:00,5.975045043480274e-05
2023-12-20 16:00:41+00:00,7.599060602226476e-05
2023-12-20 17:01:23+00:00,6.863004964375582e-05
2023-12-20 18:00:05+00:00,4.9723779934892946e-05
2023-12-20 19:01:17+00:00,-2.375139636421097e-05
2023-12-20 20:01:28+00:00,-6.068541981535492e-05
2023-12-20 21:00:43+00:00,-5.4778350327231176e-05
2023-12-20 22:00:51+00:00,-4.875074724830687e-05
2023-12-20 23:01:35+00:00,-4.392490054240069e-05
2023-12-21 00:04:42+00:00,-3.880796343503949e-05
2023-12-21 01:01:40+00:00,-2.4632431702310293e-05
2023-12-21 02:01:42+00:00,-3.958377977892069e-06
2023-12-21 03:01:34+00:00,6.528983722418667e-06
2023-12-21 04:00:21+00:00,1.6143925884231373e-05
2023-12-21 05:01:26+00:00,1.725700361345689e-05
2023-12-21 06:01:22+00:00,1.3709286511431193e-05
2023-12-21 07:01:32+00:00,1.0246352750844749e-05
2023-12-21 08:00:26+00:00,2.2370010919880124e-05
2023-12-21 09:01:16+00:00,3.975797619866633e-05
2023-12-21 10:00:05+00:00,4.6601501368946126e-05
2023-12-21 11:01:38+00:00,5.4610812085089205e-05
2023-12-21 12:00:19+00:00,5.51248669145289e-05
2023-12-21 13:00:23+00:00,6.20768758071662e-05
2023-12-21 14:03:33+00:00,6.473455638650437e-05
2023-12-21 15:00:30+00:00,7.192340724486422e-05
2023-12-21 16:00:22+00:00,7.936871202183025e-05
2023-12-21 17:00:37+00:00,7.965334707422712e-05
2023-12-21 18:00:37+00:00,0.00010963711689711136
2023-12-21 19:00:20+00:00,0.00013981412791475142
2023-12-21 20:00:27+00:00,0.00015124150410499292
2023-12-21 21:00:15+00:00,0.00015488491843158641
2023-12-21 22:00:18+00:00,0.00014813962051892876
2023-12-21 23:00:10+00:00,6.367455292108195e-05
2023-12-22 00:01:24+00:00,3.590481803857421e-05
2023-12-22 01:01:50+00:00,2.3766927920282132e-05
2023-12-22 02:03:59+00:00,1.4747535886344493e-05
2023-12-22 03:00:56+00:00,-3.873852225922787e-06
2023-12-22 04:00:22+00:00,-1.263333755917632e-05
2023-12-22 05:01:38+00:00,-1.4629161154047294e-05
2023-12-22 06:01:40+00:00,-1.846539301082723e-05
2023-12-22 07:02:00+00:00,-7.870322514710558e-06
2023-12-22 08:01:34+00:00,-2.877558200232249e-06
2023-12-22 09:01:28+00:00,8.144144297605283e-06
2023-12-22 10:01:50+00:00,-3.694375084604448e-05
2023-12-22 11:00:08+00:00,-7.18937156961701e-05
2023-12-22 12:00:47+00:00,-8.587398412101617e-05
2023-12-22 13:00:33+00:00,-8.709434035154024e-05
2023-12-22 14:01:40+00:00,-6.890863158195058e-05
2023-12-22 15:01:46+00:00,-5.022636871546946e-05
2023-12-22 16:00:37+00:00,-1.7864280422071798e-05
2023-12-22 17:01:04+00:00,-1.675772634957226e-05
2023-12-22 18:01:37+00:00,-1.6377907460330386e-05
2023-12-22 19:01:04+00:00,2.402354583883229e-05
2023-12-22 20:01:46+00:00,6.538571010631149e-05
2023-12-22 21:01:11+00:00,8.1322664496421e-05
2023-12-22 22:01:35+00:00,8.552579240059034e-05
2023-12-22 23:00:04+00:00,0.00010055089437574009
2023-12-23 00:01:42+00:00,8.875564895294891e-05
2023-12-23 01:00:33+00:00,8.169603156104497e-05
2023-12-23 02:00:01+00:00,8.361645027841275e-05
2023-12-23 03:00:12+00:00,7.040089900679113e-05
2023-12-23 04:01:57+00:00,3.0495188497500458e-05
2023-12-23 05:02:23+00:00,5.076065040211387e-05
2023-12-23 06:01:46+00:00,2.737680566699206e-05
2023-12-23 07:01:46+00:00,-1.1864751302317583e-05
2023-12-23 08:01:33+00:00,-2.7664394363841596e-05
2023-12-23 09:01:36+00:00,-1.6286953488697045e-05
2023-12-23 10:00:41+00:00,-8.414802530587491e-06
2023-12-23 11:00:31+00:00,-1.5305898637021475e-06
2023-12-23 12:00:34+00:00,-5.591911890355998e-07
2023-12-23 13:00:13+00:00,8.540603308957826e-06
2023-12-23 14:00:17+00:00,1.8472177981250406e-05
2023-12-23 15:00:10+00:00,1.928808164923846e-05
2023-12-23 16:00:59+00:00,1.3329595794026223e-05
2023-12-23 17:00:57+00:00,-4.877060515292366e-06
2023-12-23 18:00:26+00:00,4.378007537732826e-05
2023-12-23 19:01:01+00:00,5.79216090220657e-05
2023-12-23 20:00:51+00:00,6.340222518529676e-05
2023-12-23 21:00:45+00:00,6.304198098263442e-05
2023-12-23 22:00:47+00:00,6.228687663514499e-05
2023-12-23 23:00:44+00:00,6.653575309577422e-05
2023-12-24 00:00:15+00:00,0.00010840739397757609
2023-12-24 01:01:01+00:00,0.00012675969760251658
2023-12-24 02:00:05+00:00,0.00013844017379415166
2023-12-24 03:00:00+00:00,0.00017670387023336644
2023-12-24 04:00:52+00:00,0.0001534128333079464
2023-12-24 05:00:46+00:00,0.00016083926980121376
2023-12-24 06:00:43+00:00,0.00010955624929861935
2023-12-24 07:00:34+00:00,5.937957726626186e-05
2023-12-24 08:00:39+00:00,4.82839617767195e-05
2023-12-24 09:00:52+00:00,4.569469087813404e-05
2023-12-24 10:00:09+00:00,4.943824036201161e-05
2023-12-24 11:00:33+00:00,4.9875430006111765e-05
2023-12-24 12:00:46+00:00,5.506541143192722e-05
2023-12-24 13:00:57+00:00,9.184048348501755e-05
2023-12-24 14:00:07+00:00,0.0001464160044721816
2023-12-24 15:00:49+00:00,0.0001548261663313413
2023-12-24 16:00:47+00:00,0.00016886660657755787
2023-12-24 17:01:04+00:00,0.0001821994422879323
2023-12-24 18:00:54+00:00,0.00017754612877785787
2023-12-24 19:00:50+00:00,0.00017437049981793706
2023-12-24 20:00:49+00:00,0.0001833044145278204
2023-12-24 21:00:33+00:00,0.0001763117299731975
2023-12-24 22:00:37+00:00,0.00015407569774509523
2023-12-24 23:00:47+00:00,0.00019662504165723332
2023-12-25 00:00:36+00:00,0.00021843747592173275
2023-12-25 01:00:42+00:00,0.0001926811953747185
2023-12-25 02:00:51+00:00,0.00019346453680037142
2023-12-25 03:00:46+00:00,0.00015814441907798361
2023-12-25 04:00:35+00:00,0.0001526905732142686
2023-12-25 05:00:47+00:00,0.00016043355712594978
2023-12-25 06:00:34+00:00,0.00016632720911589744
2023-12-25 07:00:41+00:00,0.0001500639352708715
2023-12-25 08:00:39+00:00,0.00013642363997405437
2023-12-25 09:00:36+00:00,0.00012499244946404683
2023-12-25 10:00:51+00:00,0.00011368828729197759
2023-12-25 11:00:37+00:00,0.0001110699175735652
2023-12-25 12:00:18+00:00,0.00011241346073356183
2023-12-25 13:00:21+00:00,0.00011013055470373244
2023-12-25 14:01:05+00:00,9.664818759010172e-05
2023-12-25 15:01:02+00:00,9.71978597286116e-05
2023-12-25 16:00:42+00:00,0.00011900064316567991
2023-12-25 17:00:51+00:00,0.00012046061610757622
2023-12-25 18:00:39+00:00,0.0001217050200561163
2023-12-25 19:01:02+00:00,0.00012220402665598837
2023-12-25 20:00:43+00:00,0.000139885319116877
2023-12-25 21:00:37+00:00,0.0001480836680727074
2023-12-25 22:00:06+00:00,0.0001581597572744939
2023-12-25 23:00:37+00:00,0.00013243270193221654
2023-12-26 00:00:52+00:00,0.00013929204752116306
2023-12-26 01:00:42+00:00,0.00014379608839743037
2023-12-26 02:00:34+00:00,0.0001462100955887571
2023-12-26 03:00:47+00:00,0.00016266276990073214
2023-12-26 04:00:47+00:00,0.00017465384112823142
2023-12-26 05:00:47+00:00,0.00018365983490519345
2023-12-26 06:00:26+00:00,0.00017178065385589723
2023-12-26 07:00:54+00:00,0.00017803242653296862
2023-12-26 08:00:47+00:00,0.000106810051590043
2023-12-26 09:00:45+00:00,8.611732562573727e-05
2023-12-26 10:00:30+00:00,0.00010831913092767868
2023-12-26 11:00:42+00:00,0.00011786915698709117
2023-12-26 12:00:39+00:00,0.00012036131514850619
2023-12-26 13:00:46+00:00,0.00012297257890491026
2023-12-26 14:00:46+00:00,0.0001243096921330013
2023-12-26 15:00:34+00:00,0.0001200584682403959
2023-12-26 16:01:03+00:00,0.0001277504766554393
2023-12-26 17:00:52+00:00,0.0001368048112289811
2023-12-26 18:00:13+00:00,0.0001137012124255641
2023-12-26 19:00:50+00:00,0.00013272570057318745
2023-12-26 20:01:03+00:00,0.00013716896170506108
2023-12-26 21:00:24+00:00,0.00014692806828558853
2023-12-26 22:00:34+00:00,0.00013833457577818294
2023-12-26 23:01:42+00:00,0.00015249365323744628
2023-12-27 00:01:33+00:00,0.0001487396409723197
2023-12-27 01:01:42+00:00,0.0001514251411146899
2023-12-27 02:01:54+00:00,0.00014494459618667684
2023-12-27 03:00:39+00:00,0.0001514185257295835
2023-12-27 04:00:34+00:00,0.00014236586503251825
2023-12-27 05:00:54+00:00,0.000141181621716527
2023-12-27 06:00:34+00:00,0.00016158273711284698
2023-12-27 07:00:43+00:00,0.00015128372924046006
2023-12-27 08:00:38+00:00,0.0001452953053112648
2023-12-27 09:00:56+00:00,0.00014234447726382599
2023-12-27 10:00:38+00:00,0.00014356928632799492
2023-12-27 11:00:54+00:00,0.00013611569124665838
2023-12-27 12:00:31+00:00,0.00013967320405954253
2023-12-27 13:01:41+00:00,0.0001369574663755426
2023-12-27 14:02:33+00:00,0.00013499686322591883
2023-12-27 15:01:59+00:00,0.00015195817288485517
2023-12-27 16:01:50+00:00,0.00013803667123796893
2023-12-27 17:01:11+00:00,0.00013647480825407463
2023-12-27 18:00:34+00:00,0.00013505441451052384
2023-12-27 19:02:39+00:00,0.0001298217766379291
2023-12-27 20:01:57+00:00,0.00013024297099995354
2023-12-27 21:00:07+00:00,0.00015016325380014006
2023-12-27 22:01:35+00:00,0.00011145205166501764
2023-12-27 23:02:06+00:00,9.933472623521348e-05
2023-12-28 00:00:35+00:00,9.778515572016333e-05
2023-12-28 01:00:33+00:00,0.00010769557717990458
2023-12-28 02:00:36+00:00,0.00010767769949643923
2023-12-28 03:00:27+00:00,9.952278684306053e-05
2023-12-28 04:00:40+00:00,9.465307503355561e-05
2023-12-28 05:00:12+00:00,9.316580073775892e-05
2023-12-28 06:00:29+00:00,7.642570241472533e-05
2023-12-28 07:00:33+00:00,9.862539495756155e-05
2023-12-28 08:00:20+00:00,0.00012470361650331765
2023-12-28 09:00:26+00:00,0.00014253800702472422
2023-12-28 10:00:32+00:00,0.00016615749714220344
2023-12-28 11:00:30+00:00,0.00014987125689566776
2023-12-28 12:00:37+00:00,0.0001476922706686591
2023-12-28 13:00:45+00:00,0.00014802293623157018
2023-12-28 14:00:52+00:00,0.00011778794991230511
2023-12-28 15:00:59+00:00,9.642772513823775e-05
2023-12-28 16:01:06+00:00,5.355208812220918e-05
2023-12-28 17:00:10+00:00,4.893244420500864e-05
2023-12-28 18:02:07+00:00,5.96573051539767e-05
2023-12-28 19:02:03+00:00,6.7658605882965e-05
2023-12-28 20:00:54+00:00,7.266781749006726e-05
2023-12-28 21:01:09+00:00,6.962457253129058e-05
2023-12-28 22:01:49+00:00,3.553360939285643e-05
2023-12-28 23:00:00+00:00,4.338896194853551e-05
2023-12-29 00:01:33+00:00,5.212947823565934e-05
2023-12-29 01:00:31+00:00,5.621940195454462e-05
2023-12-29 02:00:21+00:00,5.238324811777826e-05
2023-12-29 03:01:23+00:00,0.00011768830305561419
2023-12-29 04:00:25+00:00,0.00014226442233235758
2023-12-29 05:01:35+00:00,0.00017378021854174325
2023-12-29 06:01:19+00:00,0.00017588637452333546
2023-12-29 07:01:22+00:00,0.0001810236126619081
2023-12-29 08:01:03+00:00,0.0001824435760787863
2023-12-29 09:01:28+00:00,0.00016058110351855592
2023-12-29 10:00:17+00:00,0.00014504852166506235
2023-12-29 11:01:24+00:00,0.00014012240534647252
2023-12-29 12:01:02+00:00,0.00014375586905337914
2023-12-29 13:00:16+00:00,0.00014048395074156564
2023-12-29 14:00:45+00:00,0.0001449073963278162
2023-12-29 15:01:36+00:00,0.00013448622281037926
2023-12-29 16:00:31+00:00,0.00013003018211170275
2023-12-29 17:00:52+00:00,0.00011920086852633462
2023-12-29 18:01:43+00:00,0.00016176353601957187
2023-12-29 19:01:21+00:00,0.00016704776170799445
2023-12-29 20:00:13+00:00,0.00015194382750738093
2023-12-29 21:01:24+00:00,0.00015329918589182661
2023-12-29 22:01:36+00:00,0.00016487246123748426
2023-12-29 23:00:42+00:00,0.0001660531172992428
2023-12-30 00:00:55+00:00,0.00014411806271423286
2023-12-30 01:01:23+00:00,0.0001652092289880658
2023-12-30 02:01:21+00:00,0.00017648600062045232
2023-12-30 03:01:26+00:00,0.00017068249891658132
2023-12-30 04:01:23+00:00,0.00016300971360247123
2023-12-30 05:01:23+00:00,0.00015734473806996565
2023-12-30 06:01:11+00:00,0.00016064124772598854
2023-12-30 07:01:23+00:00,0.00015375508090727024
2023-12-30 08:01:25+00:00,0.0001761389013332854
2023-12-30 09:00:02+00:00,0.0002098145666914257
2023-12-30 10:00:22+00:00,0.0002300740761497902
2023-12-30 11:01:23+00:00,0.00024259070728453527
2023-12-30 12:01:24+00:00,0.00024387693706331485
2023-12-30 13:00:15+00:00,0.0002198474473259544
2023-12-30 14:01:05+00:00,0.00021551454270643238
2023-12-30 15:01:23+00:00,0.0002382314917709546
2023-12-30 16:01:30+00:00,0.00023969944627081865
2023-12-30 17:01:00+00:00,0.0002482456623976987
2023-12-30 18:00:23+00:00,0.0002919863541504186
2023-12-30 19:01:23+00:00,0.00029941408839329156
2023-12-30 20:00:35+00:00,0.000299850496858213
2023-12-30 21:01:24+00:00,0.0002916823426024412
2023-12-30 22:01:23+00:00,0.0002798311601107327
2023-12-30 23:01:40+00:00,0.00019907370483523482
2023-12-31 00:01:13+00:00,0.0001447730139510595
2023-12-31 01:00:57+00:00,0.00015351308627754889
2023-12-31 02:01:40+00:00,0.00013331425532050746
2023-12-31 03:01:25+00:00,8.209628556043699e-05
2023-12-31 04:01:27+00:00,5.056101306719105e-05
2023-12-31 05:01:25+00:00,6.02134086761253e-05
2023-12-31 06:01:18+00:00,6.544721589238902e-05
2023-12-31 07:01:25+00:00,7.169370203252493e-05
2023-12-31 08:01:29+00:00,8.48314101247722e-05
2023-12-31 09:01:25+00:00,8.416899489832938e-05
2023-12-31 10:01:24+00:00,9.2103458282151e-05
2023-12-31 11:00:28+00:00,0.00010471964392595758
2023-12-31 12:01:25+00:00,0.0001086005390700111
2023-12-31 13:01:23+00:00,0.00011179487488806208
2023-12-31 14:00:11+00:00,0.00012067147653493811
2023-12-31 15:01:33+00:00,0.00013440805625682155
2023-12-31 16:00:18+00:00,0.00014758665254253482
2023-12-31 17:01:26+00:00,0.00014893913374400004
2023-12-31 18:01:41+00:00,0.00014294672672085761
2023-12-31 19:01:02+00:00,0.000140525329312697
2023-12-31 20:01:32+00:00,0.00013640859376191865
2023-12-31 21:01:27+00:00,0.00013809528276932868
2023-12-31 22:01:27+00:00,4.273649323538837e-05
2023-12-31 23:01:30+00:00,2.9179247069110298e-05
2024-01-01 00:01:28+00:00,8.489282505889729e-05
2024-01-01 01:00:27+00:00,0.00010204004043926986
2024-01-01 02:01:28+00:00,0.00010833072139438184
2024-01-01 03:01:28+00:00,0.0001174971991968695
2024-01-01 04:01:27+00:00,0.0001203026103149177
2024-01-01 05:01:27+00:00,0.0001294879378248593
2024-01-01 06:01:28+00:00,0.00012153544277494729
2024-01-01 07:01:28+00:00,0.00010361512211326864
2024-01-01 08:01:31+00:00,9.662079474137631e-05
2024-01-01 09:01:28+00:00,9.58539608066125e-05
2024-01-01 10:00:04+00:00,9.524195773249157e-05
2024-01-01 11:01:33+00:00,9.629385400851422e-05
2024-01-01 12:01:30+00:00,9.873183093763967e-05
2024-01-01 13:00:22+00:00,9.839518703205812e-05
2024-01-01 14:01:29+00:00,9.666306102890681e-05
2024-01-01 15:01:28+00:00,9.815952884520375e-05
2024-01-01 16:01:59+00:00,9.672238137831589e-05
2024-01-01 17:01:32+00:00,9.792497950801412e-05
2024-01-01 18:01:40+00:00,0.00011947680386171266
2024-01-01 19:01:41+00:00,0.0001171657115002829
2024-01-01 20:00:04+00:00,0.0001130781703731633
2024-01-01 21:01:50+00:00,0.00010606770311290113
2024-01-01 22:01:25+00:00,9.362406946008171e-05
2024-01-01 23:01:41+00:00,9.331005297397738e-05
2024-01-02 00:01:03+00:00,7.538813349537478e-05
2024-01-02 01:00:34+00:00,7.470064614340975e-05
2024-01-02 02:01:54+00:00,5.954076931657942e-05
2024-01-02 03:00:21+00:00,8.152858221608644e-05
2024-01-02 04:01:46+00:00,0.00012366558663700787
2024-01-02 05:02:00+00:00,0.0001657861735249821
2024-01-02 06:01:48+00:00,0.00015166686703339458
2024-01-02 07:01:58+00:00,0.00010583219656805866
2024-01-02 08:01:46+00:00,8.286213435759998e-05
2024-01-02 09:00:34+00:00,8.251253165663629e-05
2024-01-02 10:00:23+00:00,0.0001002588545007701
2024-01-02 11:00:53+00:00,9.424521098668317e-05
2024-01-02 12:02:01+00:00,8.380561208910434e-05
2024-01-02 13:00:42+00:00,8.619826788529868e-05
2024-01-02 14:00:48+00:00,9.300881529830551e-05
2024-01-02 15:00:43+00:00,8.300305440330326e-05
2024-01-02 16:00:32+00:00,4.858948628904038e-05
2024-01-02 17:00:01+00:00,4.419969718637868e-05
2024-01-02 18:01:35+00:00,5.0516761161620877e-05
2024-01-02 19:01:21+00:00,4.664429875463857e-05
2024-01-02 20:00:27+00:00,5.5487089457519936e-05
2024-01-02 21:00:00+00:00,5.9508914475789825e-05
2024-01-02 22:00:03+00:00,4.6206454591306876e-05
2024-01-02 23:01:41+00:00,4.485232853521427e-05
2024-01-03 00:00:22+00:00,3.9684013713250995e-05
2024-01-03 01:01:36+00:00,2.3151850517126016e-05
2024-01-03 02:00:34+00:00,2.6754591458334662e-05
2024-01-03 03:01:22+00:00,4.218680408997034e-05
2024-01-03 04:00:27+00:00,5.400631379793371e-05
2024-01-03 05:01:17+00:00,5.435713568464281e-05
2024-01-03 06:01:10+00:00,5.854495538942322e-05
2024-01-03 07:00:30+00:00,6.379294277608797e-05
2024-01-03 08:00:20+00:00,8.332038144405966e-05
2024-01-03 09:01:24+00:00,8.086246885673593e-05
2024-01-03 10:01:07+00:00,8.513761368293975e-05
2024-01-03 11:00:38+00:00,8.66465772695822e-05
2024-01-03 12:00:37+00:00,7.865755747919534e-05
2024-01-03 13:00:03+00:00,5.646635143327269e-05
2024-01-03 14:00:07+00:00,0.0001203949100058024
2024-01-03 15:00:26+00:00,0.00015374927930043717
2024-01-03 16:00:14+00:00,0.0001818250931141396
2024-01-03 17:00:46+00:00,0.00020041961231728134
2024-01-03 18:00:23+00:00,0.0002042282697825903
2024-01-03 19:00:23+00:00,0.00019695395273600596
2024-01-03 20:00:22+00:00,0.00019876121292429743
2024-01-03 21:01:01+00:00,0.00020451705000891656
2024-01-03 22:01:17+00:00,0.0002164365510285304
2024-01-03 23:00:53+00:00,0.00019649016375578179
2024-01-04 00:01:11+00:00,0.00017587525624262497
2024-01-04 01:00:28+00:00,0.00015457186405309055
2024-01-04 02:01:07+00:00,0.00013031167061948405
2024-01-04 03:00:54+00:00,0.00012503649641403529
2024-01-04 04:01:24+00:00,0.00012759660185701334
2024-01-04 05:01:11+00:00,0.0001190763051255984
2024-01-04 06:00:19+00:00,0.00011720835406494961
2024-01-04 07:00:47+00:00,0.00011095418753787605
2024-01-04 08:00:02+00:00,9.700821998321708e-05
2024-01-04 09:01:00+00:00,7.371422616028667e-05
2024-01-04 10:01:04+00:00,6.800715890739992e-05
2024-01-04 11:00:21+00:00,8.92709099293552e-05
2024-01-04 12:00:04+00:00,9.343396468779534e-05
2024-01-04 13:01:09+00:00,0.00010493301064048663
2024-01-04 14:01:09+00:00,0.00011436582173159165
2024-01-04 15:00:01+00:00,0.00010948896226498421
2024-01-04 16:00:17+00:00,7.56142235817673e-05
2024-01-04 17:03:10+00:00,6.28397341696438e-05
2024-01-04 18:01:03+00:00,4.9056276464857164e-05
2024-01-04 19:01:16+00:00,3.703410578075323e-05
2024-01-04 20:00:43+00:00,3.1715544320093614e-05
2024-01-04 21:00:31+00:00,4.830005208161232e-05
2024-01-04 22:01:11+00:00,0.00011660529074974912
2024-01-04 23:00:15+00:00,0.00017105996405926692
2024-01-05 00:01:06+00:00,0.0002000236200236243
2024-01-05 01:00:43+00:00,0.00017853040519906437
2024-01-05 02:00:47+00:00,0.00013184246133078387
2024-01-05 03:01:00+00:00,8.050240471799174e-05
2024-01-05 04:01:07+00:00,4.18458702620876e-05
2024-01-05 05:00:51+00:00,4.881284117062935e-05
2024-01-05 06:00:49+00:00,7.366559418404006e-05
2024-01-05 07:00:07+00:00,8.369595408236269e-05
2024-01-05 08:00:48+00:00,8.77718153207414e-05
2024-01-05 09:01:16+00:00,0.00012456072214273134
2024-01-05 10:01:12+00:00,0.00012102271558421853
2024-01-05 11:00:37+00:00,0.00012755671476705272
2024-01-05 12:00:07+00:00,0.00012773749506314106
2024-01-05 13:01:00+00:00,0.0001018039676641224
2024-01-05 14:01:05+00:00,0.00010637172430795282
2024-01-05 15:00:39+00:00,9.781146382942066e-05
2024-01-05 16:00:00+00:00,5.888145119518703e-05
2024-01-05 17:01:03+00:00,6.492062592391164e-05
2024-01-05 18:01:12+00:00,6.187435937715702e-05
2024-01-05 19:01:01+00:00,6.957868560872025e-05
2024-01-05 20:01:03+00:00,7.765937669800282e-05
2024-01-05 21:01:07+00:00,8.540100903022273e-05
2024-01-05 22:01:17+00:00,0.00010835131998561847
2024-01-05 23:00:26+00:00,0.00011080468290648908
2024-01-06 00:00:17+00:00,9.655258628602009e-05
2024-01-06 01:00:10+00:00,9.968326130225494e-05
2024-01-06 02:00:14+00:00,9.089569856973002e-05
2024-01-06 03:00:07+00:00,7.740260736972426e-05
2024-01-06 04:00:13+00:00,7.581725688209167e-05
2024-01-06 05:00:07+00:00,0.00013035004232542753
2024-01-06 06:00:52+00:00,0.00014744654428057577
2024-01-06 07:00:27+00:00,0.000113445544380352
2024-01-06 08:00:21+00:00,0.00011210599589438811
2024-01-06 09:00:21+00:00,0.00011336241390538912
2024-01-06 10:00:17+00:00,0.00011085300027253962
2024-01-06 11:00:25+00:00,0.00010139063395609856
2024-01-06 12:00:31+00:00,0.00010360853176196075
2024-01-06 13:00:20+00:00,9.310858572561127e-05
2024-01-06 14:00:11+00:00,4.5885166825342845e-05
2024-01-06 15:00:27+00:00,4.072059453625464e-05
2024-01-06 16:00:14+00:00,4.489886346655051e-05
2024-01-06 17:00:29+00:00,5.6119397670625734e-05
2024-01-06 18:00:11+00:00,8.006938046610573e-05
2024-01-06 19:00:14+00:00,8.116273680282625e-05
2024-01-06 20:00:38+00:00,9.697369878055535e-05
2024-01-06 21:00:13+00:00,0.00011598393495782182
2024-01-06 22:00:11+00:00,0.00012275703561801231
2024-01-06 23:00:18+00:00,0.00010854383114625799
2024-01-07 00:00:26+00:00,9.081431795460827e-05
2024-01-07 01:00:28+00:00,7.181229399350263e-05
2024-01-07 02:00:15+00:00,7.399184538579376e-05
2024-01-07 03:00:22+00:00,8.599520076572827e-05
2024-01-07 04:00:20+00:00,8.644641258688662e-05
2024-01-07 05:00:13+00:00,6.593959984721706e-05
2024-01-07 06:00:32+00:00,4.3201564517073395e-05
2024-01-07 07:00:16+00:00,4.929808607843295e-05
2024-01-07 08:00:25+00:00,4.951776930895051e-05
2024-01-07 09:00:17+00:00,4.814771163481944e-05
2024-01-07 10:00:26+00:00,5.233182823993667e-05
2024-01-07 11:00:13+00:00,5.520341939791027e-05
2024-01-07 12:00:17+00:00,5.5757865559067544e-05
2024-01-07 13:00:18+00:00,5.471045049390244e-05
2024-01-07 14:00:13+00:00,6.20350551914599e-05
2024-01-07 15:00:17+00:00,6.345320307349617e-05
2024-01-07 16:00:08+00:00,6.0264393802957404e-05
2024-01-07 17:00:38+00:00,8.479876745192388e-05
2024-01-07 18:00:31+00:00,0.0001100523585814999
2024-01-07 19:00:24+00:00,0.00011530495258486095
2024-01-07 20:00:24+00:00,0.00012200065110426179
2024-01-07 21:00:34+00:00,0.00014082306907742365
2024-01-07 22:00:22+00:00,0.00012904488340858894
2024-01-07 23:00:23+00:00,0.00011428941734312912
2024-01-08 00:00:27+00:00,9.085794252577283e-05
2024-01-08 01:00:21+00:00,6.593135083407833e-05
2024-01-08 02:00:25+00:00,3.624420110971386e-05
2024-01-08 03:00:33+00:00,8.232800075529143e-05
2024-01-08 04:00:37+00:00,4.9416543903719036e-05
2024-01-08 05:00:22+00:00,3.9732550728527234e-05
2024-01-08 06:00:29+00:00,4.483314390529689e-05
2024-01-08 07:00:15+00:00,6.499689145867782e-05
2024-01-08 08:00:15+00:00,9.439167885080945e-05
2024-01-08 09:00:16+00:00,9.519922796827175e-05
2024-01-08 10:00:28+00:00,8.764299608360104e-05
2024-01-08 11:00:19+00:00,8.706047205231003e-05
2024-01-08 12:00:01+00:00,8.282550426948826e-05
2024-01-08 13:00:23+00:00,0.00011949522327751505
2024-01-08 14:00:30+00:00,0.00015014658926202896
2024-01-08 15:00:24+00:00,0.0001454781905176531
2024-01-08 16:00:29+00:00,0.0001349995000051139
2024-01-08 17:00:19+00:00,0.00011729163832964515
2024-01-08 18:00:29+00:00,9.841556965748264e-05
2024-01-08 19:00:07+00:00,7.2315196069221e-05
2024-01-08 20:00:22+00:00,8.45766328777396e-06
2024-01-08 21:00:15+00:00,-5.223643880314928e-06
2024-01-08 22:00:16+00:00,-1.268236401541767e-05
2024-01-08 23:00:30+00:00,1.9360874916678756e-05
2024-01-09 00:00:33+00:00,3.506573255841696e-05
2024-01-09 01:00:19+00:00,2.1215633036539085e-05
2024-01-09 02:00:23+00:00,1.328421303387687e-05
2024-01-09 03:00:21+00:00,2.4819158576343257e-05
2024-01-09 04:00:17+00:00,4.1943730676465325e-05
2024-01-09 05:00:16+00:00,5.7177026726596534e-05
2024-01-09 06:00:17+00:00,6.377439732137806e-05
2024-01-09 07:00:19+00:00,4.989112571860802e-05
2024-01-09 08:00:33+00:00,4.562443037628212e-05
2024-01-09 09:00:08+00:00,5.607180336606442e-05
2024-01-09 10:00:16+00:00,5.682263144167467e-05
2024-01-09 11:00:20+00:00,5.6889675258932344e-05
2024-01-09 12:00:18+00:00,5.544611537550088e-05
2024-01-09 13:00:05+00:00,6.34997808659344e-05
2024-01-09 14:00:21+00:00,6.35577478809072e-05
2024-01-09 15:00:23+00:00,9.088806118554178e-05
2024-01-09 16:00:18+00:00,9.60088793742363e-05
2024-01-09 17:00:56+00:00,9.896978639671734e-05
2024-01-09 18:00:26+00:00,7.44126470655084e-05
2024-01-09 19:00:32+00:00,6.793089506642097e-05
2024-01-09 20:00:32+00:00,7.15238600035155e-05
2024-01-09 21:00:22+00:00,8.969636500271314e-05
2024-01-09 22:00:02+00:00,0.00010965857556886755
2024-01-09 23:00:27+00:00,0.00013124684782502154
2024-01-10 00:00:34+00:00,0.00014846641657951734
2024-01-10 01:00:03+00:00,0.00013736779999598133
2024-01-10 02:00:37+00:00,0.00012706673981618933
2024-01-10 03:00:19+00:00,0.00010408629271994013
2024-01-10 04:00:31+00:00,9.344633365788821e-05
2024-01-10 05:01:19+00:00,9.801482441141178e-05
2024-01-10 06:01:19+00:00,9.945494149391016e-05
2024-01-10 07:01:16+00:00,0.00017592538416867173
2024-01-10 08:01:01+00:00,0.00020382651535428195
2024-01-10 09:00:00+00:00,0.00020046818379374005
2024-01-10 10:00:49+00:00,0.000209517164555279
2024-01-10 11:00:07+00:00,0.00020058505056812201
2024-01-10 12:00:07+00:00,0.0001899349096785683
2024-01-10 13:00:08+00:00,0.00014588477627440152
2024-01-10 14:01:22+00:00,8.861840586657864e-05
2024-01-10 15:00:29+00:00,8.116066189171559e-05
2024-01-10 16:00:02+00:00,7.823996774648101e-05
2024-01-10 17:01:24+00:00,0.00010157219666788598
2024-01-10 18:00:02+00:00,0.00015069959888039592
2024-01-10 19:01:30+00:00,0.00017971488314268787
2024-01-10 20:01:17+00:00,0.00019294872680529436
2024-01-10 21:00:23+00:00,0.00019911232710693837
2024-01-10 22:00:06+00:00,0.00015111467332836254
2024-01-10 23:00:34+00:00,0.0001392941648762633
2024-01-11 00:00:17+00:00,0.00012803433961522008
2024-01-11 01:01:22+00:00,0.00014402478246703634
2024-01-11 02:00:39+00:00,0.0001435658366136464
2024-01-11 03:01:19+00:00,0.00011749562251093543
2024-01-11 04:00:31+00:00,0.00012047920135829901
2024-01-11 05:00:00+00:00,8.68600579877849e-05
2024-01-11 06:00:11+00:00,8.657714147397507e-05
2024-01-11 07:01:07+00:00,0.00011497788684163306
2024-01-11 08:00:51+00:00,0.0001190725277689025
2024-01-11 09:00:32+00:00,7.231000829457061e-05
2024-01-11 10:01:12+00:00,6.775305680349022e-05
2024-01-11 11:00:07+00:00,0.00010165232449689232
2024-01-11 12:00:36+00:00,0.00012692233643780325
2024-01-11 13:00:20+00:00,0.00014694812348742058
2024-01-11 14:00:20+00:00,0.0001758852299024853
2024-01-11 15:00:54+00:00,0.00016818154150065415
2024-01-11 16:00:45+00:00,8.755797005890064e-05
2024-01-11 17:00:14+00:00,8.482241459876424e-05
2024-01-11 18:01:00+00:00,0.00012118602277714658
2024-01-11 19:00:53+00:00,0.0001567353604066968
2024-01-11 20:00:28+00:00,0.00011897867635105585
2024-01-11 21:00:15+00:00,0.00012047484746252446
2024-01-11 22:00:24+00:00,0.00010518211550138864
2024-01-11 23:00:20+00:00,7.203590199239234e-05
2024-01-12 00:02:03+00:00,5.741136322212808e-05
2024-01-12 01:01:14+00:00,4.602130456618618e-05
2024-01-12 02:01:34+00:00,4.102895335846533e-05
2024-01-12 03:01:44+00:00,2.7992027475718802e-05
2024-01-12 04:02:05+00:00,3.246010376195665e-05
2024-01-12 05:01:51+00:00,3.1913749692641656e-05
2024-01-12 06:00:24+00:00,4.8186508857478204e-05
2024-01-12 07:00:04+00:00,5.657241513778689e-05
2024-01-12 08:01:43+00:00,5.7902230897841864e-05
2024-01-12 09:00:57+00:00,5.236847151762978e-05
2024-01-12 10:01:52+00:00,5.070333173899779e-05
2024-01-12 11:01:57+00:00,2.990062569331871e-05
2024-01-12 12:00:24+00:00,1.4118382907282202e-05
2024-01-12 13:00:33+00:00,-4.30049686271628e-06
2024-01-12 14:00:29+00:00,4.566068338806576e-06
2024-01-12 15:00:04+00:00,1.406984082090429e-05
2024-01-12 16:00:40+00:00,7.045984252802579e-06
2024-01-12 17:00:19+00:00,4.979919867766033e-07
2024-01-12 18:00:02+00:00,-1.274015691433146e-06
2024-01-12 19:00:03+00:00,4.418939069967427e-05
2024-01-12 20:00:28+00:00,7.091330105649679e-05
2024-01-12 21:00:02+00:00,3.6337679061816666e-05
2024-01-12 22:00:21+00:00,2.400321347736003e-05
2024-01-12 23:00:13+00:00,3.2247529830099354e-05
2024-01-13 00:00:21+00:00,5.728084181973035e-05
2024-01-13 01:00:33+00:00,3.694027649726774e-05
2024-01-13 02:00:35+00:00,1.9881723655249962e-05
2024-01-13 03:00:05+00:00,1.20687280916144e-05
2024-01-13 04:00:39+00:00,1.0947467778750963e-05
2024-01-13 05:00:17+00:00,2.2852366418483108e-05
2024-01-13 06:00:36+00:00,4.395876170265246e-05
2024-01-13 07:00:03+00:00,3.921727066196186e-05
2024-01-13 08:00:47+00:00,3.621447946038838e-05
2024-01-13 09:00:35+00:00,3.7890379226354385e-05
2024-01-13 10:00:44+00:00,3.80049955357645e-05
2024-01-13 11:00:27+00:00,3.531326871485067e-05
2024-01-13 12:00:33+00:00,1.2713094895208247e-05
2024-01-13 13:00:37+00:00,9.962988364968281e-07
2024-01-13 14:00:48+00:00,9.672211733031918e-06
2024-01-13 15:00:26+00:00,1.6085124260425177e-05
2024-01-13 16:00:58+00:00,1.9828276322854498e-05
2024-01-13 17:00:23+00:00,1.7552453052599702e-05
2024-01-13 18:00:34+00:00,1.4639271262406123e-05
2024-01-13 19:01:10+00:00,1.3605251935241131e-05
2024-01-13 20:01:06+00:00,1.3816740441829364e-05
2024-01-13 21:00:31+00:00,1.3685984532856164e-05
2024-01-13 22:00:43+00:00,1.3687729986645699e-05
2024-01-13 23:00:19+00:00,1.2278177829241397e-05
2024-01-14 00:00:50+00:00,1.4175141667337128e-05
2024-01-14 01:00:39+00:00,7.824987789359153e-06
2024-01-14 02:00:40+00:00,7.144982193727032e-06
2024-01-14 03:00:39+00:00,3.2753199014298183e-06
2024-01-14 04:00:44+00:00,-4.850726592914697e-06
2024-01-14 05:01:41+00:00,-8.639680904662441e-06
2024-01-14 06:01:44+00:00,-1.1632973550512431e-05
2024-01-14 07:01:11+00:00,-9.076319865333384e-06
2024-01-14 08:01:46+00:00,-8.303869644593183e-06
2024-01-14 09:01:42+00:00,-3.5087956601645625e-06
2024-01-14 10:01:17+00:00,5.705686687349368e-06
2024-01-14 11:00:42+00:00,1.08401293044048e-05
2024-01-14 12:01:42+00:00,1.376243738438754e-05
2024-01-14 13:00:41+00:00,1.3893659110527227e-05
2024-01-14 14:00:41+00:00,6.290096708260472e-06
2024-01-14 15:01:47+00:00,1.6171011738343195e-06
2024-01-14 16:02:13+00:00,4.708922181061404e-06
2024-01-14 17:02:03+00:00,3.3534329697650366e-07
2024-01-14 18:00:19+00:00,-4.348520045699376e-06
2024-01-14 19:01:52+00:00,-1.1750480083136942e-05
2024-01-14 20:00:57+00:00,-1.205748168363163e-06
2024-01-14 21:00:28+00:00,6.895395280270149e-06
2024-01-14 22:00:29+00:00,2.0242017712011186e-05
2024-01-14 23:00:28+00:00,3.5736816684949524e-05
2024-01-15 00:00:29+00:00,3.510018995987384e-05
2024-01-15 01:01:48+00:00,2.6144054751416575e-05
2024-01-15 02:00:38+00:00,7.477456184864558e-06
2024-01-15 03:01:09+00:00,6.554348192984817e-06
2024-01-15 04:01:51+00:00,9.91433140222385e-06
2024-01-15 05:01:55+00:00,5.242546810895715e-06
2024-01-15 06:01:48+00:00,1.9704441254196537e-06
2024-01-15 07:00:46+00:00,3.428551210935078e-07
2024-01-15 08:01:01+00:00,-4.5809574727771525e-07
2024-01-15 09:00:44+00:00,7.805087976138054e-07
2024-01-15 10:01:46+00:00,6.366497720506719e-06
2024-01-15 11:01:09+00:00,9.57982366361481e-06
2024-01-15 12:01:57+00:00,1.2934841953686197e-05
2024-01-15 13:00:03+00:00,1.5216981720346788e-05
2024-01-15 14:00:07+00:00,2.054252131277521e-05
2024-01-15 15:00:01+00:00,3.160081799283281e-05
2024-01-15 16:00:29+00:00,3.896955549249058e-05
2024-01-15 17:00:38+00:00,3.2686219704631785e-05
2024-01-15 18:01:50+00:00,2.6972078211970343e-05
2024-01-15 19:00:29+00:00,2.3393881122768936e-05
2024-01-15 20:00:41+00:00,1.7767643575025e-05
2024-01-15 21:00:01+00:00,1.8029497826898994e-05
2024-01-15 22:00:07+00:00,2.1843188593299097e-05
2024-01-15 23:00:06+00:00,2.5926227374172518e-05
2024-01-16 00:00:15+00:00,2.457575310685818e-05
2024-01-16 01:01:53+00:00,3.444594664576781e-05
2024-01-16 02:01:59+00:00,1.4379494006037074e-05
2024-01-16 03:00:14+00:00,-2.937332408379212e-06
2024-01-16 04:00:03+00:00,-6.777751734589897e-06
2024-01-16 05:01:28+00:00,-3.3701137054941253e-06
2024-01-16 06:00:38+00:00,4.065424749730962e-06
2024-01-16 07:00:02+00:00,1.4043493913629384e-05
2024-01-16 08:02:14+00:00,2.365457090047309e-05
2024-01-16 09:00:38+00:00,2.389562279389088e-05
2024-01-16 10:01:57+00:00,2.0243565620580256e-05
2024-01-16 11:01:51+00:00,2.1969894192032637e-05
2024-01-16 12:01:53+00:00,2.1739374921353593e-05
2024-01-16 13:00:15+00:00,2.1323397850162424e-05
2024-01-16 14:00:16+00:00,2.038210455379339e-05
2024-01-16 15:00:55+00:00,2.9758332236266644e-05
2024-01-16 16:00:06+00:00,5.932918457007941e-05
2024-01-16 17:00:04+00:00,2.884601501546791e-05
2024-01-16 18:01:53+00:00,1.7301998742574096e-05
2024-01-16 19:01:52+00:00,1.682376154514891e-05
2024-01-16 20:02:06+00:00,3.257101908983027e-05
2024-01-16 21:00:12+00:00,3.3533008033615716e-05
2024-01-16 22:02:09+00:00,2.1252631907248945e-05
2024-01-16 23:02:17+00:00,1.8469687476705672e-05
2024-01-17 00:02:01+00:00,2.1955667326582935e-05
2024-01-17 01:00:24+00:00,1.9636686883577316e-05
2024-01-17 02:02:17+00:00,2.044012835715319e-05
2024-01-17 03:00:27+00:00,1.8571963164724103e-05
2024-01-17 04:00:05+00:00,3.110104287767406e-05
2024-01-17 05:01:58+00:00,3.6805672915145464e-05
2024-01-17 06:02:02+00:00,4.505438555478488e-05
2024-01-17 07:01:27+00:00,4.039090259513749e-05
2024-01-17 08:01:58+00:00,4.900477656806767e-05
2024-01-17 09:00:45+00:00,4.466593923927327e-05
2024-01-17 10:00:43+00:00,4.876258022531535e-05
2024-01-17 11:01:57+00:00,5.600143186909087e-05
2024-01-17 12:02:07+00:00,5.0748523781193584e-05
2024-01-17 13:01:37+00:00,5.064429462996697e-05
2024-01-17 14:00:34+00:00,7.485973049517612e-05
2024-01-17 15:02:09+00:00,8.32241736493081e-05
2024-01-17 16:00:19+00:00,7.089998596857659e-05
2024-01-17 17:00:36+00:00,5.913071015686015e-05
2024-01-17 18:02:20+00:00,6.491849048718813e-05
2024-01-17 19:01:09+00:00,6.626819601708232e-05
2024-01-17 20:02:02+00:00,8.03482108981091e-05
2024-01-17 21:00:25+00:00,9.24038826996946e-05
2024-01-17 22:02:01+00:00,8.032969248547618e-05
2024-01-17 23:02:05+00:00,7.764070866601844e-05
2024-01-18 00:02:10+00:00,8.96811542878883e-05
2024-01-18 01:02:10+00:00,8.402774965766845e-05
2024-01-18 02:02:25+00:00,6.262534244204418e-05
2024-01-18 03:00:34+00:00,2.690315721405323e-05
2024-01-18 04:01:15+00:00,1.2991539825044401e-05
2024-01-18 05:00:32+00:00,1.3835764228258312e-05
2024-01-18 06:01:39+00:00,3.341419097549432e-05
2024-01-18 07:00:00+00:00,4.939316635152967e-05
2024-01-18 08:00:35+00:00,3.336858025817293e-05
2024-01-18 09:00:38+00:00,2.4996868368102528e-05
2024-01-18 10:00:42+00:00,2.109541821172874e-05
2024-01-18 11:00:15+00:00,3.974871963877468e-05
2024-01-18 12:00:39+00:00,5.411163474261547e-05
2024-01-18 13:00:50+00:00,6.372856776235183e-05
2024-01-18 14:00:39+00:00,7.129738247195734e-05
2024-01-18 15:00:37+00:00,6.744832205568179e-05
2024-01-18 16:01:13+00:00,4.78585421456754e-05
2024-01-18 17:00:06+00:00,2.7755500391352138e-05
2024-01-18 18:00:16+00:00,1.8373588766241014e-05
2024-01-18 19:01:01+00:00,1.5302286868940203e-05
2024-01-18 20:00:06+00:00,1.3416494504512562e-05
2024-01-18 21:00:50+00:00,6.0341318948484333e-05
2024-01-18 22:00:56+00:00,8.855096426641393e-05
2024-01-18 23:00:03+00:00,8.389980664936742e-05
2024-01-19 00:01:08+00:00,9.41082519339693e-05
2024-01-19 01:00:39+00:00,0.00010317036917797355
2024-01-19 02:01:00+00:00,5.3698105160274484e-05
2024-01-19 03:00:37+00:00,2.2192830086176957e-05
2024-01-19 04:00:23+00:00,1.663301313819306e-05
2024-01-19 05:00:37+00:00,2.2680717798553594e-05
2024-01-19 06:00:40+00:00,2.8712441249793488e-05
2024-01-19 07:00:29+00:00,3.0988028213534626e-05
2024-01-19 08:00:31+00:00,5.422997880501908e-05
2024-01-19 09:00:24+00:00,6.107139229588397e-05
2024-01-19 10:00:24+00:00,6.170353140137932e-05
2024-01-19 11:00:32+00:00,4.75149669773869e-05
2024-01-19 12:00:33+00:00,3.488822115691457e-05
2024-01-19 13:00:30+00:00,4.940718356311792e-05
2024-01-19 14:00:09+00:00,5.346131766335562e-05
2024-01-19 15:00:10+00:00,4.345334976545423e-05
2024-01-19 16:00:41+00:00,2.938822025734628e-05
2024-01-19 17:00:04+00:00,1.2579093411807004e-05
2024-01-19 18:00:07+00:00,2.039210738025382e-05
2024-01-19 19:00:15+00:00,6.688184384508067e-05
2024-01-19 20:00:45+00:00,8.58996022266992e-05
2024-01-19 21:00:00+00:00,7.348793767784011e-05
2024-01-19 22:00:54+00:00,5.579449941597445e-05
2024-01-19 23:01:55+00:00,3.602167452321364e-05
2024-01-20 00:01:46+00:00,3.261741022664872e-05
2024-01-20 01:01:53+00:00,3.244098049705496e-05
2024-01-20 02:01:32+00:00,3.2362766315226735e-05
2024-01-20 03:01:01+00:00,3.1191013259978287e-05
2024-01-20 04:01:26+00:00,2.684295199659092e-05
2024-01-20 05:01:23+00:00,2.7357747262122483e-05
2024-01-20 06:00:28+00:00,4.456069330689739e-05
2024-01-20 07:01:30+00:00,5.372956727207732e-05
2024-01-20 08:00:16+00:00,4.0917932761531704e-05
2024-01-20 09:01:17+00:00,3.985861385091406e-05
2024-01-20 10:01:17+00:00,3.0902094721131204e-05
2024-01-20 11:01:27+00:00,3.4511381248301824e-05
2024-01-20 12:01:15+00:00,3.230210298778117e-05
2024-01-20 13:00:48+00:00,3.262757462132942e-05
2024-01-20 14:00:54+00:00,3.148325307270034e-05
2024-01-20 15:01:30+00:00,3.0418705874937727e-05
2024-01-20 16:00:25+00:00,3.299932376396572e-05
2024-01-20 17:01:26+00:00,3.721341636174996e-05
2024-01-20 18:01:40+00:00,3.65111664696262e-05
2024-01-20 19:01:20+00:00,3.5503686252597055e-05
2024-01-20 20:01:37+00:00,3.308242495893368e-05
2024-01-20 21:00:22+00:00,3.137482684860517e-05
2024-01-20 22:01:17+00:00,4.4046939886029294e-05
2024-01-20 23:01:29+00:00,5.438910013424392e-05
2024-01-21 00:01:30+00:00,5.578604800276864e-05
2024-01-21 01:01:31+00:00,5.614943657745593e-05
2024-01-21 02:01:26+00:00,6.348864793266481e-05
2024-01-21 03:00:21+00:00,4.903074127262275e-05
2024-01-21 04:01:24+00:00,5.5892321675095706e-05
2024-01-21 05:01:19+00:00,5.455965218333901e-05
2024-01-21 06:01:32+00:00,5.705549820503916e-05
2024-01-21 07:01:15+00:00,5.1905076338300466e-05
2024-01-21 08:01:32+00:00,4.988518743890862e-05
2024-01-21 09:01:23+00:00,4.8868807176991805e-05
2024-01-21 10:01:40+00:00,5.1628720051943486e-05
2024-01-21 11:01:17+00:00,4.905291037044008e-05
2024-01-21 12:00:56+00:00,4.498751577015453e-05
2024-01-21 13:00:12+00:00,5.142823630459508e-05
2024-01-21 14:01:19+00:00,4.537600563245793e-05
2024-01-21 15:01:32+00:00,3.464023352886532e-05
2024-01-21 16:00:37+00:00,2.597598521007827e-05
2024-01-21 17:00:02+00:00,1.8684908457883897e-05
2024-01-21 18:00:52+00:00,6.783813837806307e-06
2024-01-21 19:00:15+00:00,1.394852119664828e-05
2024-01-21 20:00:24+00:00,1.95205646358089e-05
2024-01-21 21:01:24+00:00,2.0761874209214235e-05
2024-01-21 22:00:26+00:00,1.896468270248592e-05
2024-01-21 23:00:31+00:00,2.7138093175485106e-05
2024-01-22 00:00:33+00:00,4.007510402014686e-05
2024-01-22 01:00:22+00:00,2.9885899732443513e-05
2024-01-22 02:00:18+00:00,1.5960691607192963e-05
2024-01-22 03:00:16+00:00,1.5357064507222998e-05
2024-01-22 04:00:31+00:00,3.0294316683133203e-05
2024-01-22 05:01:00+00:00,3.893510679475002e-05
2024-01-22 06:00:25+00:00,4.188398306356055e-05
2024-01-22 07:00:31+00:00,3.741616487431042e-05
2024-01-22 08:01:21+00:00,2.8314892092042805e-05
2024-01-22 09:00:08+00:00,1.865261574648207e-05
2024-01-22 10:00:31+00:00,2.9458616864363648e-05
2024-01-22 11:00:59+00:00,4.294215067562366e-05
2024-01-22 12:00:03+00:00,4.817778063819855e-05
2024-01-22 13:00:20+00:00,3.9433566172725734e-05
2024-01-22 14:00:01+00:00,3.804264884687765e-05
2024-01-22 15:01:03+00:00,2.7244394507741967e-05
2024-01-22 16:00:40+00:00,2.1103592137872966e-05
2024-01-22 17:00:56+00:00,2.8325883188137594e-05
2024-01-22 18:00:38+00:00,3.205786914938177e-05
2024-01-22 19:00:06+00:00,2.5494446900304456e-05
2024-01-22 20:00:03+00:00,9.649474923744839e-06
2024-01-22 21:01:08+00:00,3.068531663733087e-06
2024-01-22 22:00:44+00:00,2.0685399955782348e-06
2024-01-22 23:00:54+00:00,-1.5839850489861516e-05
2024-01-23 00:00:06+00:00,-2.2180054344627778e-05
2024-01-23 01:00:16+00:00,4.293966293194446e-05
2024-01-23 02:01:18+00:00,4.428751870141629e-05
2024-01-23 03:01:16+00:00,5.900151741001717e-05
2024-01-23 04:01:26+00:00,4.0185953302809856e-05
2024-01-23 05:01:02+00:00,1.6441255132091086e-05
2024-01-23 06:01:15+00:00,2.34284283808402e-05
2024-01-23 07:01:11+00:00,3.562321436774294e-05
2024-01-23 08:01:14+00:00,3.219813345209337e-05
2024-01-23 09:00:53+00:00,2.439025833900784e-05
2024-01-23 10:00:43+00:00,-7.946020242313688e-06
2024-01-23 11:00:30+00:00,-4.056029328859746e-05
2024-01-23 12:00:19+00:00,-4.4118125499332016e-05
2024-01-23 13:00:44+00:00,-5.4079948551250545e-06
2024-01-23 14:00:24+00:00,1.1848827795267716e-05
2024-01-23 15:00:09+00:00,4.943169580096767e-06
2024-01-23 16:00:21+00:00,8.62624139688156e-06
2024-01-23 17:00:44+00:00,-8.284547220401756e-06
2024-01-23 18:00:37+00:00,5.733782761165496e-06
2024-01-23 19:00:09+00:00,3.3530197179382325e-05
2024-01-23 20:00:24+00:00,6.407672894883802e-05
2024-01-23 21:01:25+00:00,1.9849024088928463e-05
2024-01-23 22:00:36+00:00,-4.2851181058163015e-06
2024-01-23 23:00:29+00:00,-7.895881463317118e-06
2024-01-24 00:00:47+00:00,5.422951582570379e-06
2024-01-24 01:00:17+00:00,3.517720188170133e-05
2024-01-24 02:00:36+00:00,4.6588313779520044e-07
2024-01-24 03:00:28+00:00,-9.216321078390586e-06
2024-01-24 04:00:27+00:00,-1.0030132360240182e-05
2024-01-24 05:00:18+00:00,2.9547430755049163e-06
2024-01-24 06:00:16+00:00,2.1639143363066815e-06
2024-01-24 07:00:25+00:00,-8.94991646126365e-07
2024-01-24 08:00:25+00:00,9.650305647827154e-06
2024-01-24 09:00:03+00:00,1.2918537446185357e-05
2024-01-24 10:00:14+00:00,9.011147915807448e-06
2024-01-24 11:00:11+00:00,5.423330460403976e-06
2024-01-24 12:00:47+00:00,-1.0850393192649168e-06
2024-01-24 13:00:13+00:00,9.74682984540738e-06
2024-01-24 14:00:30+00:00,5.250341902729608e-06
2024-01-24 15:00:00+00:00,4.131243797786342e-06
2024-01-24 16:00:23+00:00,7.720877895833924e-07
2024-01-24 17:00:33+00:00,8.032325013818744e-06
2024-01-24 18:00:06+00:00,-1.4792902833164018e-05
2024-01-24 19:00:17+00:00,-2.65332685141629e-05
2024-01-24 20:00:23+00:00,-1.839450161103859e-05
2024-01-24 21:00:09+00:00,5.307295998694231e-06
2024-01-24 22:00:38+00:00,1.637058738995862e-05
2024-01-24 23:00:31+00:00,1.1187959794277543e-05
2024-01-25 00:01:00+00:00,9.64591571935434e-06
2024-01-25 01:00:36+00:00,6.8165442238226146e-06
2024-01-25 02:00:31+00:00,2.681008883190502e-06
2024-01-25 03:00:02+00:00,2.6474477360790356e-06
2024-01-25 04:00:19+00:00,2.156226541377719e-06
2024-01-25 05:00:20+00:00,7.081835490772124e-06
2024-01-25 06:00:08+00:00,-3.8925920590122234e-06
2024-01-25 07:00:33+00:00,-1.078950233258204e-05
2024-01-25 08:00:25+00:00,-6.102579341420281e-06
2024-01-25 09:00:28+00:00,-3.679849906217914e-06
2024-01-25 10:00:04+00:00,1.1339000595784879e-06
2024-01-25 11:00:21+00:00,1.3669659395427564e-05
2024-01-25 12:00:20+00:00,-1.7136812088276156e-06
2024-01-25 13:00:08+00:00,-1.1844752438040953e-05
2024-01-25 14:00:17+00:00,-1.0374000927048957e-05
2024-01-25 15:00:31+00:00,-8.796037462050052e-06
2024-01-25 16:00:41+00:00,1.5517969999927895e-05
2024-01-25 17:00:20+00:00,3.8716755256776126e-05
2024-01-25 18:00:11+00:00,5.1853140225105236e-05
2024-01-25 19:00:05+00:00,5.571832458445932e-05
2024-01-25 20:00:05+00:00,4.461557636184533e-05
2024-01-25 21:00:46+00:00,3.75240183689693e-05
2024-01-25 22:00:18+00:00,2.947224539413378e-05
2024-01-25 23:00:35+00:00,2.591385143204895e-05
2024-01-26 00:00:27+00:00,2.7691965940931817e-05
2024-01-26 01:00:30+00:00,2.8454516125534193e-05
2024-01-26 02:00:22+00:00,1.9301237128134755e-05
2024-01-26 03:00:27+00:00,1.575130827467341e-05
2024-01-26 04:00:29+00:00,9.320014613966562e-06
2024-01-26 05:00:29+00:00,2.5789245988435452e-05
2024-01-26 06:00:04+00:00,3.942505076085064e-05
2024-01-26 07:00:14+00:00,3.3503395635415136e-05
2024-01-26 08:00:20+00:00,1.9399539252440026e-05
2024-01-26 09:00:20+00:00,1.8303530332512315e-05
2024-01-26 10:00:12+00:00,2.0277845060956422e-05
2024-01-26 11:00:42+00:00,2.6229625954512537e-05
2024-01-26 12:00:16+00:00,1.9051437238899978e-05
2024-01-26 13:00:17+00:00,1.295312153555077e-05
2024-01-26 14:00:13+00:00,3.173398917053064e-05
2024-01-26 15:00:06+00:00,6.077435345131945e-05
2024-01-26 16:00:15+00:00,6.603699118385261e-05
2024-01-26 17:00:01+00:00,5.3124012090132804e-05
2024-01-26 18:00:09+00:00,4.5212059483418516e-05
2024-01-26 19:00:47+00:00,3.454183547342425e-05
2024-01-26 20:00:09+00:00,2.289108099144733e-05
2024-01-26 21:01:04+00:00,9.37293415826324e-06
2024-01-26 22:00:22+00:00,9.547104004831125e-06
2024-01-26 23:00:16+00:00,1.0619697586182456e-05
2024-01-27 00:00:22+00:00,1.0682449514309692e-05
2024-01-27 01:00:25+00:00,1.4288825633567088e-05
2024-01-27 02:00:00+00:00,2.1339557011287548e-05
2024-01-27 03:00:21+00:00,4.7923769084870233e-05
2024-01-27 04:00:32+00:00,4.8378579729078846e-05
2024-01-27 05:00:07+00:00,3.5926963964004405e-05
2024-01-27 06:00:33+00:00,2.8340944780235074e-05
2024-01-27 07:00:05+00:00,2.7632940159965866e-05
2024-01-27 08:00:14+00:00,7.05395576037639e-05
2024-01-27 09:00:22+00:00,8.281726499800351e-05
2024-01-27 10:00:18+00:00,7.63878235145705e-05
2024-01-27 11:00:44+00:00,7.405306650539129e-05
2024-01-27 12:00:09+00:00,7.029301914778928e-05
2024-01-27 13:00:19+00:00,6.680429410742467e-05
2024-01-27 14:00:18+00:00,6.333032657312982e-05
2024-01-27 15:00:19+00:00,5.4508367455616404e-05
2024-01-27 16:00:22+00:00,5.207125395568152e-05
2024-01-27 17:00:28+00:00,5.3023388568957965e-05
2024-01-27 18:00:05+00:00,6.09367998984897e-05
2024-01-27 19:00:23+00:00,6.874428279426101e-05
2024-01-27 20:00:04+00:00,5.005591599783713e-05
2024-01-27 21:00:22+00:00,3.45873516341942e-05
2024-01-27 22:00:07+00:00,3.609484495073552e-05
2024-01-27 23:00:22+00:00,3.8134928141018846e-05
2024-01-28 00:00:35+00:00,3.644598477973412e-05
2024-01-28 01:00:19+00:00,2.833656020088113e-05
2024-01-28 02:00:25+00:00,2.7267706991062937e-05
2024-01-28 03:00:00+00:00,3.0319353559230665e-05
2024-01-28 04:00:40+00:00,2.785071117936807e-05
2024-01-28 05:00:25+00:00,3.542155916761562e-05
2024-01-28 06:00:32+00:00,2.7154815028420155e-05
2024-01-28 07:00:19+00:00,2.592777918256969e-05
2024-01-28 08:00:25+00:00,2.798822013359054e-05
2024-01-28 09:00:22+00:00,2.9477423206494994e-05
2024-01-28 10:00:00+00:00,2.7307944807242972e-05
2024-01-28 11:00:35+00:00,5.356427767454612e-05
2024-01-28 12:00:00+00:00,5.8858713632082624e-05
2024-01-28 13:00:33+00:00,2.2842781218892127e-05
2024-01-28 14:00:21+00:00,1.7704449833213412e-05
2024-01-28 15:00:12+00:00,1.818678938065778e-05
2024-01-28 16:00:18+00:00,1.5992331306572158e-05
2024-01-28 17:00:30+00:00,2.1688378393186857e-05
2024-01-28 18:00:02+00:00,2.509907602969298e-05
2024-01-28 19:00:37+00:00,3.126488615219296e-05
2024-01-28 20:00:12+00:00,3.6187342238274115e-05
2024-01-28 21:00:05+00:00,3.7124014957689505e-05
2024-01-28 22:00:01+00:00,9.196737044786609e-06
2024-01-28 23:00:06+00:00,-1.0685403614859701e-05
2024-01-29 00:00:21+00:00,-1.3814740180131954e-05
2024-01-29 01:00:30+00:00,-1.225172926793244e-05
2024-01-29 02:01:35+00:00,-1.2655657476121771e-06
2024-01-29 03:00:29+00:00,1.18779150759672e-05
2024-01-29 04:00:01+00:00,1.3177631920151893e-05
2024-01-29 05:00:16+00:00,1.3063073388957716e-05
2024-01-29 06:00:34+00:00,2.224492355927715e-05
2024-01-29 07:00:11+00:00,1.8400330352068868e-05
2024-01-29 08:00:05+00:00,1.5979206438189887e-05
2024-01-29 09:00:21+00:00,1.778988916107888e-05
2024-01-29 10:00:05+00:00,1.637236582672647e-05
2024-01-29 11:00:38+00:00,1.946417989552589e-05
2024-01-29 12:00:03+00:00,2.0358052613157033e-05
2024-01-29 13:00:32+00:00,3.65814751962948e-05
2024-01-29 14:00:29+00:00,3.78247964745264e-05
2024-01-29 15:00:32+00:00,4.3046916901420506e-05
2024-01-29 16:00:39+00:00,2.6919292670091786e-05
2024-01-29 17:00:25+00:00,3.387962524557402e-06
2024-01-29 18:01:16+00:00,-1.5862563727146406e-05
2024-01-29 19:00:19+00:00,-6.365527765286953e-05
2024-01-29 20:00:04+00:00,-3.8253834308272406e-05
2024-01-29 21:00:00+00:00,-1.4086878955026713e-05
2024-01-29 22:00:04+00:00,7.170497746991579e-06
2024-01-29 23:00:03+00:00,1.6915379794889538e-05
2024-01-30 00:00:21+00:00,1.9304812351774668e-05
2024-01-30 01:00:12+00:00,1.6399029793786436e-05
2024-01-30 02:00:05+00:00,1.8108737490396155e-05
2024-01-30 03:00:11+00:00,2.710338724947752e-05
2024-01-30 04:00:23+00:00,3.279654985036553e-05
2024-01-30 05:00:31+00:00,4.204178545029452e-05
2024-01-30 06:00:19+00:00,4.824698988352605e-05
2024-01-30 07:00:39+00:00,3.696109752317862e-05
2024-01-30 08:00:05+00:00,2.8253944819113658e-05
2024-01-30 09:00:19+00:00,2.671791097256223e-05
2024-01-30 10:00:20+00:00,3.2896464465829944e-05
2024-01-30 11:00:20+00:00,3.495024166070843e-05
2024-01-30 12:00:20+00:00,3.782325581009992e-05
2024-01-30 13:00:00+00:00,2.8552704350958987e-05
2024-01-30 14:00:00+00:00,-3.6297635339102677e-07
2024-01-30 15:00:16+00:00,4.795712872981394e-06
2024-01-30 16:00:06+00:00,1.1603467111131512e-05
2024-01-30 17:00:16+00:00,2.440426932266544e-05
2024-01-30 18:00:36+00:00,3.0801789832387995e-05
2024-01-30 19:00:12+00:00,4.019425684337677e-05
2024-01-30 20:00:22+00:00,3.06173196161212e-05
2024-01-30 21:00:04+00:00,2.725295826631258e-05
2024-01-30 22:00:04+00:00,3.194382101419622e-05
2024-01-30 23:00:48+00:00,1.8861015259110166e-05
2024-01-31 00:00:06+00:00,9.150146893596566e-06
2024-01-31 01:00:42+00:00,6.354547230679958e-06
2024-01-31 02:00:05+00:00,8.68295523877263e-06
2024-01-31 03:00:05+00:00,1.835278056790242e-05
2024-01-31 04:00:28+00:00,2.4725162682857512e-05
2024-01-31 05:00:17+00:00,2.457002969778876e-05
2024-01-31 06:00:25+00:00,2.866972416990432e-05
2024-01-31 07:00:14+00:00,2.0186701744641884e-05
2024-01-31 08:00:27+00:00,9.001222050937134e-06
2024-01-31 09:00:44+00:00,1.0357647193107636e-05
2024-01-31 10:00:04+00:00,1.7876307916631896e-05
2024-01-31 11:00:02+00:00,1.3349304672368659e-05
2024-01-31 12:01:09+00:00,-5.048207536578984e-06
2024-01-31 13:00:10+00:00,-5.2110476932973414e-06
2024-01-31 14:00:45+00:00,-3.6003792000229277e-06
2024-01-31 15:00:01+00:00,-2.943432649800573e-06
2024-01-31 16:00:36+00:00,4.2281129881525143e-07
2024-01-31 17:00:11+00:00,2.0063566008098034e-06
2024-01-31 18:00:03+00:00,1.2012620901204621e-05
2024-01-31 19:00:40+00:00,4.490052311311139e-06
2024-01-31 20:00:07+00:00,7.661349658329519e-06
2024-01-31 21:00:07+00:00,2.434268271180622e-05
2024-01-31 22:00:05+00:00,2.1445676784899135e-05
2024-01-31 23:00:14+00:00,2.0933163028826947e-05
2024-02-01 00:00:04+00:00,2.1470612360102238e-05
2024-02-01 01:01:35+00:00,2.205423031400608e-05
2024-02-01 02:00:35+00:00,1.7895451656566833e-05
2024-02-01 03:00:07+00:00,3.5514573036998575e-05
2024-02-01 04:01:47+00:00,3.0057258604305705e-05
2024-02-01 05:00:59+00:00,3.78340571219288e-05
2024-02-01 06:00:27+00:00,5.466081699865294e-05
2024-02-01 07:00:18+00:00,5.6962963182877024e-05
2024-02-01 08:00:20+00:00,6.302969786970649e-05
2024-02-01 09:00:09+00:00,5.781230339335795e-05
2024-02-01 10:01:18+00:00,5.168903539499867e-05
2024-02-01 11:00:24+00:00,3.795884275299538e-05
2024-02-01 12:00:01+00:00,3.0290822476714058e-05
2024-02-01 13:00:19+00:00,3.1571500406246225e-05
2024-02-01 14:00:28+00:00,2.6523348970162703e-05
2024-02-01 15:00:50+00:00,2.5469627974660807e-05
2024-02-01 16:00:18+00:00,2.646636301301676e-05
2024-02-01 17:00:28+00:00,8.958357695238324e-06
2024-02-01 18:00:16+00:00,1.748363379819118e-05
2024-02-01 19:00:16+00:00,2.815746341133567e-05
2024-02-01 20:00:17+00:00,2.6412057940678294e-05
2024-02-01 21:00:16+00:00,7.711722172780921e-06
2024-02-01 22:00:36+00:00,1.651431834017735e-05
2024-02-01 23:00:31+00:00,2.970786548775174e-05
2024-02-02 00:00:36+00:00,3.054942234414896e-05
2024-02-02 01:00:51+00:00,2.3624873497584474e-05
2024-02-02 02:00:38+00:00,1.744329444667729e-05
2024-02-02 03:00:01+00:00,1.3922646393205532e-05
2024-02-02 04:00:18+00:00,1.2795501425357651e-05
2024-02-02 05:01:28+00:00,1.830052585690087e-05
2024-02-02 06:00:26+00:00,2.251789469822425e-05
2024-02-02 07:00:21+00:00,2.0930996761222576e-05
2024-02-02 08:00:00+00:00,2.4077544790703398e-05
2024-02-02 09:00:51+00:00,2.8201421713291532e-05
2024-02-02 10:00:05+00:00,2.802031631736074e-05
2024-02-02 11:00:01+00:00,3.365053231318138e-05
2024-02-02 12:00:09+00:00,3.467691279307685e-05
2024-02-02 13:00:12+00:00,2.7805226220841656e-05
2024-02-02 14:00:04+00:00,2.6690672397533347e-05
2024-02-02 15:00:13+00:00,2.1556972748544544e-05
2024-02-02 16:00:00+00:00,2.274920554179617e-05
2024-02-02 17:00:06+00:00,1.9496969688937173e-05
2024-02-02 18:00:18+00:00,1.8962654688806157e-05
2024-02-02 19:00:51+00:00,1.1383816040645679e-05
2024-02-02 20:00:04+00:00,9.34338921467477e-06
2024-02-02 21:00:23+00:00,9.43470871685645e-06
2024-02-02 22:00:42+00:00,7.918782169498266e-06
2024-02-02 23:00:24+00:00,5.375184324839037e-06
2024-02-03 00:00:16+00:00,6.3794580972753175e-06
2024-02-03 01:00:18+00:00,9.166559015970777e-06
2024-02-03 02:00:14+00:00,8.226864259686065e-06
2024-02-03 03:00:02+00:00,6.832721991995717e-06
2024-02-03 04:00:50+00:00,6.309682362434914e-06
2024-02-03 05:00:19+00:00,7.80944327529872e-06
2024-02-03 06:00:21+00:00,1.0697586383639344e-05
2024-02-03 07:00:11+00:00,1.1275150407379293e-05
2024-02-03 08:00:54+00:00,1.0120553979323582e-05
2024-02-03 09:00:20+00:00,1.082595212756029e-05
2024-02-03 10:00:07+00:00,1.3302843548545833e-05
2024-02-03 11:00:58+00:00,1.7739820301926074e-05
2024-02-03 12:00:26+00:00,2.0118998673568666e-05
2024-02-03 13:00:19+00:00,2.3752398345085706e-05
2024-02-03 14:00:16+00:00,2.4383002211492965e-05
2024-02-03 15:00:36+00:00,2.3080748310461016e-05
2024-02-03 16:00:23+00:00,2.3004811908784567e-05
2024-02-03 17:01:03+00:00,2.5101370966753134e-05
2024-02-03 18:00:29+00:00,2.2954130646097616e-05
2024-02-03 19:00:05+00:00,2.123660942986034e-05
2024-02-03 20:00:14+00:00,2.00473950440282e-05
2024-02-03 21:00:19+00:00,1.9104910381353052e-05
2024-02-03 22:00:19+00:00,1.861830647709433e-05
2024-02-03 23:00:37+00:00,2.105533651757374e-05
2024-02-04 00:00:47+00:00,2.217737023672761e-05
2024-02-04 01:00:33+00:00,2.291738361780209e-05
2024-02-04 02:00:25+00:00,2.4548903564328233e-05
2024-02-04 03:00:18+00:00,2.3354904906925156e-05
2024-02-04 04:01:01+00:00,2.2551254325354672e-05
2024-02-04 05:00:21+00:00,2.2895130643860486e-05
2024-02-04 06:00:31+00:00,2.1573599672857464e-05
2024-02-04 07:00:20+00:00,2.4968756920655686e-05
2024-02-04 08:00:30+00:00,2.8957439101172473e-05
2024-02-04 09:00:15+00:00,3.190029219607283e-05
2024-02-04 10:00:27+00:00,2.283846965051262e-05
2024-02-04 11:00:20+00:00,1.849910170969541e-05
2024-02-04 12:00:17+00:00,1.6707732591321703e-05
2024-02-04 13:00:08+00:00,1.762663756949188e-05
2024-02-04 14:00:10+00:00,1.5939710387571397e-05
2024-02-04 15:00:04+00:00,1.451568653649238e-05
2024-02-04 16:00:00+00:00,1.4633429455776125e-05
2024-02-04 17:00:14+00:00,1.6525701637578216e-05
2024-02-04 18:00:11+00:00,1.800258306797668e-05
2024-02-04 19:00:24+00:00,2.4116577658682275e-05
2024-02-04 20:00:04+00:00,3.0475107543836086e-05
2024-02-04 21:00:24+00:00,2.9844958684616217e-05
2024-02-04 22:00:13+00:00,2.9173571952673967e-05
2024-02-04 23:00:10+00:00,2.8574667258588875e-05
2024-02-05 00:00:12+00:00,2.7550112676700807e-05
2024-02-05 01:00:20+00:00,2.2921143062714744e-05
2024-02-05 02:00:30+00:00,2.1156000132295246e-05
2024-02-05 03:00:29+00:00,2.0798111967819056e-05
2024-02-05 04:00:01+00:00,2.2551205722351922e-05
2024-02-05 05:00:34+00:00,2.4012431044110263e-05
2024-02-05 06:00:53+00:00,3.0077812343477354e-05
2024-02-05 07:00:35+00:00,2.923158369747681e-05
2024-02-05 08:00:21+00:00,2.7260159999962552e-05
2024-02-05 09:00:25+00:00,2.304505940733547e-05
2024-02-05 10:00:32+00:00,2.165317550146091e-05
2024-02-05 11:00:23+00:00,2.9723603231866036e-05
2024-02-05 12:00:26+00:00,2.4156917440520005e-05
2024-02-05 13:00:04+00:00,2.2386463846236687e-05
2024-02-05 14:00:10+00:00,2.6713948578515178e-05
2024-02-05 15:00:01+00:00,2.510196247187218e-05
2024-02-05 16:00:02+00:00,2.846461975177535e-05
2024-02-05 17:00:03+00:00,2.9370287482193268e-05
2024-02-05 18:01:04+00:00,3.207891574547097e-05
2024-02-05 19:00:09+00:00,3.263619349448646e-05
2024-02-05 20:00:31+00:00,3.5199774067780956e-05
2024-02-05 21:00:53+00:00,3.449446290264936e-05
2024-02-05 22:00:28+00:00,3.084125277146367e-05
2024-02-05 23:00:52+00:00,3.180212824840754e-05
2024-02-06 00:00:08+00:00,3.136866586533054e-05
2024-02-06 01:00:09+00:00,2.4712939004546492e-05
2024-02-06 02:00:29+00:00,1.970504764402764e-05
2024-02-06 03:00:21+00:00,2.0174725328668994e-05
2024-02-06 04:00:45+00:00,1.5810887723367427e-05
2024-02-06 05:00:34+00:00,1.3196271121267493e-05
2024-02-06 06:00:34+00:00,9.939536193522814e-06
2024-02-06 07:00:04+00:00,1.0168218774874742e-05
2024-02-06 08:00:34+00:00,1.0089717665030848e-05
2024-02-06 09:00:02+00:00,7.875974397494276e-06
2024-02-06 14:56:42+00:00,3.934720697170646e-06
2024-02-06 16:00:40+00:00,7.64531360828348e-06
2024-02-06 17:00:10+00:00,1.3495208980772971e-05
2024-02-06 18:00:41+00:00,1.4063032278039093e-05
2024-02-06 19:00:36+00:00,2.2275395628716886e-05
2024-02-06 20:00:25+00:00,2.48786951925553e-05
2024-02-06 21:00:48+00:00,2.5399259277491917e-05
2024-02-06 22:00:15+00:00,1.9453964836918197e-05
2024-02-06 23:00:10+00:00,1.28704167407397e-05
2024-02-07 00:00:33+00:00,8.399790884352629e-06
2024-02-07 01:01:25+00:00,7.531038174133895e-06
2024-02-07 02:01:24+00:00,9.429335154460282e-06
2024-02-07 03:01:22+00:00,1.0249537840398806e-05
2024-02-07 04:01:23+00:00,1.1842412172487192e-05
2024-02-07 05:00:29+00:00,1.4543855864868949e-05
2024-02-07 06:00:12+00:00,1.3167857541410757e-05
2024-02-07 07:00:07+00:00,1.2767475034955467e-05
2024-02-07 08:00:02+00:00,1.2286729656727678e-05
2024-02-07 09:00:11+00:00,1.2975671660502415e-05
2024-02-07 10:01:27+00:00,1.1430458422619691e-05
2024-02-07 11:00:05+00:00,1.3294978882116334e-05
2024-02-07 12:00:10+00:00,1.4092028623329899e-05
2024-02-07 13:00:17+00:00,1.5297736319066757e-05
2024-02-07 14:00:19+00:00,1.4244806896562415e-05
2024-02-07 15:01:08+00:00,1.4320517468543977e-05
2024-02-07 16:00:00+00:00,1.4647077836240414e-05
2024-02-07 17:00:09+00:00,1.6546854611046858e-05
2024-02-07 18:00:01+00:00,1.5890269116061008e-05
2024-02-07 19:00:08+00:00,1.7620978363093554e-05
2024-02-07 20:00:25+00:00,2.1834183478078984e-05
2024-02-07 21:00:00+00:00,4.413981067910965e-05
2024-02-07 22:00:18+00:00,3.436667920762228e-05
2024-02-07 23:01:49+00:00,2.927667329230898e-05
2024-02-08 00:00:04+00:00,3.299033312067056e-05
2024-02-08 01:00:32+00:00,4.9665521179564424e-05
2024-02-08 02:00:25+00:00,4.547758080304003e-05
2024-02-08 03:00:02+00:00,4.484869487647854e-05
2024-02-08 04:01:56+00:00,5.111942305202292e-05
2024-02-08 05:00:06+00:00,5.3263213201142045e-05
2024-02-08 06:01:38+00:00,5.1540792801764346e-05
2024-02-08 07:01:43+00:00,4.5411941844784566e-05
2024-02-08 08:00:09+00:00,3.539517631742666e-05
2024-02-08 09:00:01+00:00,4.0398537936128485e-05
2024-02-08 10:00:08+00:00,3.107137537082805e-05
2024-02-08 11:00:10+00:00,2.342939734147728e-05
2024-02-08 12:00:19+00:00,1.9906998871335463e-05
2024-02-08 13:00:04+00:00,1.6881964196151235e-05
2024-02-08 14:00:19+00:00,1.313272321076048e-05
2024-02-08 15:00:08+00:00,1.4022993970623039e-05
2024-02-08 16:00:13+00:00,2.4245929827770165e-05
2024-02-08 17:00:54+00:00,2.8489878328312504e-05
2024-02-08 18:00:03+00:00,1.97283258061926e-05
2024-02-08 19:00:26+00:00,1.497070180379687e-05
2024-02-08 20:00:29+00:00,2.7983666155590887e-05
2024-02-08 21:00:01+00:00,3.5398933503750404e-05
2024-02-08 22:00:06+00:00,2.9968386382669005e-05
2024-02-08 23:00:38+00:00,3.385786406567521e-05
2024-02-09 00:00:03+00:00,3.797718334558119e-05
2024-02-09 01:01:34+00:00,4.378501626179484e-05
2024-02-09 02:00:06+00:00,3.3521510490277356e-05
2024-02-09 03:00:04+00:00,1.7854992242363813e-05
2024-02-09 04:00:08+00:00,6.596961566472607e-06
2024-02-09 05:00:49+00:00,2.388281499223915e-07
2024-02-09 06:00:41+00:00,3.3149291716668464e-06
2024-02-09 07:00:06+00:00,3.3969968263772913e-06
2024-02-09 08:00:22+00:00,1.386846368402456e-06
2024-02-09 09:00:01+00:00,6.1133811403778194e-06
2024-02-09 10:00:15+00:00,1.3468310979005797e-05
2024-02-09 11:00:16+00:00,1.6477095771860418e-05
2024-02-09 12:00:13+00:00,9.475408840700794e-06
2024-02-09 13:00:09+00:00,8.145153594481664e-06
2024-02-09 14:00:03+00:00,7.983989276087907e-06
2024-02-09 15:00:03+00:00,6.871467647829464e-06
2024-02-09 16:00:05+00:00,3.927022853381167e-06
2024-02-09 17:00:00+00:00,4.52658882978725e-06
2024-02-09 18:00:00+00:00,5.371480750242802e-06
2024-02-09 19:00:06+00:00,-5.97391802231218e-06
2024-02-09 20:00:03+00:00,-1.6764156886519608e-05
2024-02-09 21:00:11+00:00,-1.2330546275154693e-05
2024-02-09 22:00:17+00:00,-1.239397001428187e-05
2024-02-09 23:00:08+00:00,-1.2439950200987546e-05
2024-02-10 00:00:01+00:00,-1.4036645099891946e-05
2024-02-10 01:00:21+00:00,-8.692146102005535e-06
2024-02-10 02:00:12+00:00,-5.135345282689778e-06
2024-02-10 03:00:04+00:00,2.8398610508501166e-07
2024-02-10 04:00:04+00:00,3.6841952887963055e-06
2024-02-10 05:00:04+00:00,2.5306977293690115e-06
2024-02-10 06:00:02+00:00,5.552937039371406e-06
2024-02-10 07:00:04+00:00,5.407039848721038e-06
2024-02-10 08:00:03+00:00,5.46551634026608e-06
2024-02-10 09:00:02+00:00,6.796912927935823e-06
2024-02-10 10:00:01+00:00,1.0796494459657643e-05
2024-02-10 11:00:01+00:00,1.331192452948626e-05
2024-02-10 12:00:00+00:00,1.3839506618196734e-05
2024-02-10 13:00:00+00:00,1.1453785741331846e-05
2024-02-10 14:00:10+00:00,1.2690168975006988e-05
2024-02-10 15:00:03+00:00,1.1813029100790844e-05
2024-02-10 16:00:07+00:00,1.2270044254738416e-05
2024-02-10 17:00:01+00:00,1.327692370994147e-05
2024-02-10 18:00:10+00:00,1.4317874452841475e-05
2024-02-10 19:00:10+00:00,1.4666466417741392e-05
2024-02-10 20:00:08+00:00,1.5477208880031552e-05
2024-02-10 21:00:01+00:00,1.4871415571878191e-05
2024-02-10 22:00:18+00:00,1.3338916135824432e-05
2024-02-10 23:00:03+00:00,1.9472014789086875e-05
2024-02-11 00:00:10+00:00,2.386576275185361e-05
2024-02-11 01:00:25+00:00,2.216473590568981e-05
2024-02-11 02:00:14+00:00,2.1869007133231614e-05
2024-02-11 03:00:02+00:00,2.0952366088888823e-05
2024-02-11 04:00:00+00:00,1.5685238887258085e-05
2024-02-11 05:00:09+00:00,1.9403122027429225e-05
2024-02-11 06:00:08+00:00,2.6494017942053504e-05
2024-02-11 07:00:05+00:00,2.703182935053008e-05
2024-02-11 08:00:02+00:00,2.3174947308662732e-05
2024-02-11 09:00:00+00:00,2.203177660830128e-05
2024-02-11 10:00:01+00:00,2.191357744199685e-05
2024-02-11 11:00:05+00:00,2.3123234122101807e-05
2024-02-11 12:00:00+00:00,2.6490172312234738e-05
2024-02-11 13:00:00+00:00,6.602798887552935e-05
2024-02-11 14:00:00+00:00,5.9144965991112006e-05
2024-02-11 15:00:03+00:00,3.971015004981501e-05
2024-02-11 16:00:02+00:00,2.7046096591636272e-05
2024-02-11 17:00:00+00:00,1.7430685968051476e-05
2024-02-11 18:00:01+00:00,2.262125901697917e-05
2024-02-11 19:00:00+00:00,2.9216930262167238e-05
2024-02-11 20:00:01+00:00,2.239981297083027e-05
2024-02-11 21:00:03+00:00,2.55162839133973e-05
2024-02-11 22:00:00+00:00,3.135664980849657e-05
2024-02-11 23:00:03+00:00,2.5725081134843945e-05
2024-02-12 00:00:05+00:00,2.124419400965601e-05
2024-02-12 01:00:00+00:00,2.6050239357395347e-05
2024-02-12 02:00:03+00:00,3.699720773254516e-05
2024-02-12 03:00:02+00:00,3.0432843476779564e-05
2024-02-12 04:00:00+00:00,2.495482297946659e-05
2024-02-12 05:00:02+00:00,1.4707503243798594e-05
2024-02-12 06:00:03+00:00,1.1645943716910671e-05
2024-02-12 07:00:06+00:00,1.3158804938903836e-05
2024-02-12 08:00:01+00:00,2.0216929295635223e-05
2024-02-12 09:00:07+00:00,2.037390103945506e-05
2024-02-12 10:00:00+00:00,1.9721212627731882e-05
2024-02-12 11:00:01+00:00,2.1949102841014465e-05
2024-02-12 12:00:02+00:00,2.064087002116059e-05
2024-02-12 13:00:01+00:00,2.184807624905678e-05
2024-02-12 14:00:01+00:00,2.4145892707791675e-05
2024-02-12 15:00:02+00:00,1.824521143341118e-05
2024-02-12 16:00:02+00:00,1.2101658599486526e-05
2024-02-12 17:00:00+00:00,1.2851376859844425e-05
2024-02-12 18:00:01+00:00,1.4370958039554462e-05
2024-02-12 19:00:01+00:00,1.371081648446629e-05
2024-02-12 20:00:04+00:00,1.4149658031963147e-05
2024-02-12 21:00:00+00:00,1.5086323192371614e-05
2024-02-12 22:00:00+00:00,1.2748733556337575e-05
2024-02-12 23:00:05+00:00,1.3234103268208181e-05
2024-02-13 00:00:15+00:00,1.2593016686506363e-05
2024-02-13 01:00:15+00:00,1.3807502446802243e-05
2024-02-13 02:00:01+00:00,1.8784318041199156e-05
2024-02-13 03:00:02+00:00,1.922687954153214e-05
2024-02-13 04:00:04+00:00,2.01582613644784e-05
2024-02-13 05:00:03+00:00,2.718786003222411e-05
2024-02-13 06:00:03+00:00,2.2885750147528416e-05
2024-02-13 07:00:00+00:00,2.252278164903195e-05
2024-02-13 08:00:03+00:00,2.3371266614518234e-05
2024-02-13 09:00:01+00:00,1.8695142536560452e-05
2024-02-13 10:00:00+00:00,3.124176203595978e-05
2024-02-13 11:00:01+00:00,3.050662669974657e-05
2024-02-13 12:00:02+00:00,2.6471964664168944e-05
2024-02-13 13:00:01+00:00,2.3638780641832172e-05
2024-02-13 14:00:00+00:00,1.8295961112669577e-05
2024-02-13 15:00:00+00:00,1.816408383611843e-05
2024-02-13 16:00:03+00:00,1.9051497589426745e-05
2024-02-13 17:00:01+00:00,2.2306861312160733e-05
2024-02-13 18:00:01+00:00,2.7914613296480045e-05
2024-02-13 19:00:01+00:00,3.627735218099678e-05
2024-02-13 20:00:00+00:00,3.165574081592869e-05
2024-02-13 21:00:03+00:00,2.401229966232246e-05
2024-02-13 22:00:00+00:00,2.6054431658401106e-05
2024-02-13 23:00:00+00:00,2.189721980034421e-05
2024-02-14 00:00:05+00:00,2.4591219573067016e-05
2024-02-14 01:00:00+00:00,2.8772364759179145e-05
2024-02-14 02:00:00+00:00,4.001949797144652e-05
2024-02-14 03:00:10+00:00,3.441769801503895e-05
2024-02-14 04:00:02+00:00,2.9883194243204717e-05
2024-02-14 05:00:00+00:00,2.805038457854508e-05
2024-02-14 06:00:06+00:00,2.5094482346975103e-05
2024-02-14 07:00:01+00:00,2.5151993484513857e-05
2024-02-14 08:00:08+00:00,2.644120890360481e-05
2024-02-14 09:00:03+00:00,2.011586479987087e-05
2024-02-14 10:00:00+00:00,1.9430695596951135e-05
2024-02-14 11:00:01+00:00,1.491553864711068e-05
2024-02-14 12:00:02+00:00,1.4484745481737161e-05
2024-02-14 13:00:00+00:00,2.1882440633511356e-05
2024-02-14 14:00:00+00:00,2.3697335058964484e-05
2024-02-14 15:00:02+00:00,2.3233207259538168e-05
2024-02-14 16:00:00+00:00,2.7151652652626755e-05
2024-02-14 17:00:01+00:00,2.2205236342796897e-05
2024-02-14 18:00:00+00:00,1.8826218567834972e-05
2024-02-14 19:00:04+00:00,1.93491136443784e-05
2024-02-14 20:00:04+00:00,1.9718377257978397e-05
2024-02-14 21:00:02+00:00,1.764717031161841e-05
2024-02-14 22:00:01+00:00,1.9833948871881405e-05
2024-02-14 23:00:08+00:00,6.610155685924849e-05
2024-02-15 00:00:01+00:00,0.00014965514595817394
2024-02-15 01:00:05+00:00,0.00017393693067021493
2024-02-15 02:00:03+00:00,0.0001568493597274419
2024-02-15 03:00:01+00:00,0.0001444390594367949
2024-02-15 04:00:06+00:00,0.00010869920028528025
2024-02-15 05:00:01+00:00,5.228466000833008e-05
2024-02-15 06:00:00+00:00,3.5689072705274625e-05
2024-02-15 07:00:02+00:00,3.500242410570172e-05
2024-02-15 08:00:03+00:00,4.1218952009884713e-05
2024-02-15 09:00:00+00:00,4.676874786148953e-05
2024-02-15 10:00:01+00:00,4.4044519280492684e-05
2024-02-15 11:00:00+00:00,4.1705926659069866e-05
2024-02-15 12:00:01+00:00,4.768140129790453e-05
2024-02-15 13:00:01+00:00,5.019666239065639e-05
2024-02-15 14:00:00+00:00,5.489148217079396e-05
2024-02-15 15:00:04+00:00,5.3075158297266546e-05
2024-02-15 16:00:01+00:00,5.638378296980722e-05
2024-02-15 17:00:00+00:00,5.867741354056215e-05
2024-02-15 18:00:00+00:00,5.631440758465966e-05
2024-02-15 19:00:00+00:00,5.667746390568555e-05
2024-02-15 20:00:02+00:00,6.0092493471898604e-05
2024-02-15 21:00:00+00:00,6.474700936161758e-05
2024-02-15 22:00:02+00:00,5.33954876084427e-05
2024-02-15 23:00:00+00:00,3.9523398178410546e-05
2024-02-16 00:00:03+00:00,5.4255589840616245e-05
2024-02-16 01:00:10+00:00,5.843881321461116e-05
2024-02-16 02:00:17+00:00,6.69037239204637e-05
2024-02-16 03:00:03+00:00,7.229926444999049e-05
2024-02-16 04:00:03+00:00,6.645523710314212e-05
2024-02-16 05:00:00+00:00,6.355522580515841e-05
2024-02-16 06:00:07+00:00,4.463195750212312e-05
2024-02-16 07:00:00+00:00,4.340753046878152e-05
2024-02-16 08:00:00+00:00,4.250607077073879e-05
2024-02-16 09:00:01+00:00,3.94489123991141e-05
2024-02-16 10:00:01+00:00,3.429010848518666e-05
2024-02-16 11:00:05+00:00,3.1678348031692343e-05
2024-02-16 12:00:00+00:00,2.5736287582312587e-05
2024-02-16 13:00:00+00:00,2.6750650294581987e-05
2024-02-16 14:00:02+00:00,2.4713701862367265e-05
2024-02-16 15:00:14+00:00,2.7158034099278946e-05
2024-02-16 16:00:09+00:00,4.230033550848532e-05
2024-02-16 17:00:01+00:00,3.879818099525417e-05
2024-02-16 18:00:02+00:00,4.093811525265924e-05
2024-02-16 19:00:00+00:00,4.051742404438979e-05
2024-02-16 20:00:00+00:00,3.754363433934621e-05
2024-02-16 21:00:02+00:00,3.443123468387066e-05
2024-02-16 22:00:03+00:00,2.9984091619625325e-05
2024-02-16 23:00:01+00:00,3.087035514516085e-05
2024-02-17 00:00:00+00:00,2.3080936061944973e-05
2024-02-17 01:00:00+00:00,1.963339287945453e-05
2024-02-17 02:00:09+00:00,2.195223132009099e-05
2024-02-17 03:00:04+00:00,2.3536205933455797e-05
2024-02-17 04:00:00+00:00,3.16948242735089e-05
2024-02-17 05:00:24+00:00,4.043884645175515e-05
2024-02-17 06:00:06+00:00,4.65172352035238e-05
2024-02-17 07:00:16+00:00,4.081341930479656e-05
2024-02-17 08:00:05+00:00,4.2462952075850146e-05
2024-02-17 09:00:03+00:00,4.8602256397936946e-05
2024-02-17 10:00:01+00:00,6.474978923746192e-05
2024-02-17 11:00:03+00:00,7.764133311010533e-05
2024-02-17 12:00:09+00:00,8.516630481895863e-05
2024-02-17 13:00:03+00:00,6.875714544776457e-05
2024-02-17 14:00:04+00:00,5.3253319520880044e-05
2024-02-17 15:00:00+00:00,3.482236290155467e-05
2024-02-17 16:00:15+00:00,4.302234418923255e-05
2024-02-17 17:00:17+00:00,6.200298155382365e-05
2024-02-17 18:00:07+00:00,7.41050184785623e-05
2024-02-17 19:00:13+00:00,6.81142387539377e-05
2024-02-17 20:00:05+00:00,6.449445986269595e-05
2024-02-17 21:00:00+00:00,5.5919938846220335e-05
2024-02-17 22:00:00+00:00,5.3703173423953906e-05
2024-02-17 23:00:03+00:00,4.955679624119726e-05
2024-02-18 00:00:02+00:00,4.839537588807449e-05
2024-02-18 01:00:03+00:00,4.843122277756011e-05
2024-02-18 02:00:07+00:00,4.1691740998097643e-05
2024-02-18 03:00:01+00:00,4.186940440463102e-05
2024-02-18 04:00:08+00:00,5.137782089743649e-05
2024-02-18 05:01:29+00:00,6.262848556239986e-05
2024-02-18 06:00:36+00:00,7.031769919427385e-05
2024-02-18 07:00:21+00:00,6.76706185868378e-05
2024-02-18 08:00:22+00:00,7.962291309186872e-05
2024-02-18 09:00:01+00:00,9.334661252880059e-05
2024-02-18 10:00:20+00:00,8.199082967585759e-05
2024-02-18 11:00:15+00:00,7.305092856338093e-05
2024-02-18 12:00:02+00:00,6.531782266280977e-05
2024-02-18 13:00:07+00:00,5.075333099811242e-05
2024-02-18 14:00:02+00:00,4.431255391896455e-05
2024-02-18 15:00:02+00:00,4.2204975537805774e-05
2024-02-18 16:00:24+00:00,4.201050664241528e-05
2024-02-18 17:00:04+00:00,3.9123307234771286e-05
2024-02-18 18:00:07+00:00,4.261518036179391e-05
2024-02-18 19:00:04+00:00,4.565082838098365e-05
2024-02-18 20:00:38+00:00,5.390927081400375e-05
2024-02-18 21:00:05+00:00,4.000745105819938e-05
2024-02-18 22:00:07+00:00,2.3059193410476705e-05
2024-02-18 23:00:03+00:00,2.5967692373500818e-05
2024-02-19 00:00:05+00:00,3.063980388346082e-05
2024-02-19 01:00:11+00:00,2.8480333846609152e-05
2024-02-19 02:00:28+00:00,2.4087637871270745e-05
2024-02-19 03:00:07+00:00,2.6720397862966658e-05
2024-02-19 04:00:04+00:00,2.882120991195956e-05
2024-02-19 05:00:00+00:00,4.33797399817988e-05
2024-02-19 06:00:05+00:00,5.426498383120453e-05
2024-02-19 07:00:10+00:00,5.175199191859443e-05
2024-02-19 08:00:01+00:00,4.626454959871905e-05
2024-02-19 09:00:03+00:00,4.554305664055795e-05
2024-02-19 10:00:01+00:00,4.023711516570323e-05
2024-02-19 11:00:00+00:00,3.710813371834066e-05
2024-02-19 12:00:09+00:00,3.447609184199395e-05
2024-02-19 13:00:02+00:00,3.5415569074319784e-05
2024-02-19 14:00:02+00:00,3.972200081397164e-05
2024-02-19 15:00:06+00:00,4.9846633964821554e-05
2024-02-19 16:00:03+00:00,5.394407659571948e-05
2024-02-19 17:00:00+00:00,5.716193443858014e-05
2024-02-19 18:00:00+00:00,6.507254131803683e-05
2024-02-19 19:00:00+00:00,5.5860497551366065e-05
2024-02-19 20:00:06+00:00,5.982431978590266e-05
2024-02-19 21:00:04+00:00,7.29820912525627e-05
2024-02-19 22:00:04+00:00,7.04109102495226e-05
2024-02-19 23:00:06+00:00,6.622554074254374e-05
2024-02-20 00:00:02+00:00,5.752183902663373e-05
2024-02-20 01:00:02+00:00,5.94961989922866e-05
2024-02-20 02:00:04+00:00,5.519512636929124e-05
2024-02-20 03:00:01+00:00,5.287998469010442e-05
2024-02-20 04:00:01+00:00,4.8042560084616244e-05
2024-02-20 05:00:03+00:00,4.59699301635138e-05
2024-02-20 06:00:08+00:00,4.691177779538373e-05
2024-02-20 07:00:05+00:00,4.57711019966472e-05
2024-02-20 08:00:07+00:00,4.6603691251888826e-05
2024-02-20 09:00:01+00:00,4.881380650603035e-05
2024-02-20 10:00:01+00:00,4.206660827938918e-05
2024-02-20 11:00:00+00:00,4.1939773295276906e-05
2024-02-20 12:00:06+00:00,3.152171575879207e-05
2024-02-20 13:00:05+00:00,3.3552054060055206e-05
2024-02-20 14:00:03+00:00,3.517615587083647e-05
2024-02-20 15:00:03+00:00,4.099910532953223e-05
2024-02-20 16:00:00+00:00,5.3932756481277364e-05
2024-02-20 17:00:05+00:00,6.241608457400805e-05
2024-02-20 18:00:00+00:00,6.066070780517863e-05
2024-02-20 19:00:07+00:00,6.731709342950157e-05
2024-02-20 20:00:04+00:00,6.866347388737642e-05
2024-02-20 21:00:00+00:00,5.788610320698606e-05
2024-02-20 22:00:00+00:00,4.961306430516722e-05
2024-02-20 23:00:01+00:00,4.0565419221914746e-05
2024-02-21 00:00:03+00:00,4.1035171273826043e-05
2024-02-21 01:00:00+00:00,4.368536925609268e-05
2024-02-21 02:00:00+00:00,4.512700120301763e-05
2024-02-21 03:00:00+00:00,4.5747450855797846e-05
2024-02-21 04:00:04+00:00,4.277078099463495e-05
2024-02-21 05:00:04+00:00,3.9327744228400916e-05
2024-02-21 06:00:03+00:00,4.113817630486294e-05
2024-02-21 07:00:04+00:00,4.571170462338628e-05
2024-02-21 08:00:02+00:00,4.724054118570972e-05
2024-02-21 09:00:00+00:00,4.0488177574113206e-05
2024-02-21 10:00:00+00:00,3.959625155127092e-05
2024-02-21 11:00:02+00:00,3.672578279842579e-05
2024-02-21 12:00:00+00:00,3.86632974895157e-05
2024-02-21 13:00:07+00:00,3.745596229473864e-05
2024-02-21 14:00:04+00:00,3.3541368340124524e-05
2024-02-21 15:00:04+00:00,2.8103928647064654e-05
2024-02-21 16:00:06+00:00,2.5312001298737177e-05
2024-02-21 17:00:01+00:00,2.4588413754815615e-05
2024-02-21 18:00:01+00:00,3.0335472586302225e-05
2024-02-21 19:00:02+00:00,3.6075796870395756e-05
2024-02-21 20:00:00+00:00,4.130361475973105e-05
2024-02-21 21:00:00+00:00,3.988879579220167e-05
2024-02-21 22:00:01+00:00,3.958077022559555e-05
2024-02-21 23:00:02+00:00,3.5359836081997904e-05
2024-02-22 00:00:14+00:00,4.1689693244462134e-05
2024-02-22 01:00:00+00:00,3.850112021343082e-05
2024-02-22 02:00:03+00:00,3.787262127319849e-05
2024-02-22 03:00:00+00:00,3.962871039733709e-05
2024-02-22 04:00:01+00:00,3.875551170479445e-05
2024-02-22 05:00:00+00:00,3.8788346953676796e-05
2024-02-22 06:00:03+00:00,3.7981206350736006e-05
2024-02-22 07:00:00+00:00,3.805194271599861e-05
2024-02-22 08:00:00+00:00,3.928153856741907e-05
2024-02-22 09:00:00+00:00,4.0769658672056624e-05
2024-02-22 10:00:05+00:00,3.614180867482091e-05
2024-02-22 11:00:00+00:00,3.1039829454579245e-05
2024-02-22 12:00:05+00:00,2.5179936237211653e-05
2024-02-22 13:00:00+00:00,2.2606053138130675e-05
2024-02-22 14:00:03+00:00,2.318366810230594e-05
2024-02-22 15:00:04+00:00,2.715113658460633e-05
2024-02-22 16:00:00+00:00,2.8487203326086826e-05
2024-02-22 17:00:05+00:00,2.1931834227399678e-05
2024-02-22 18:00:01+00:00,1.9716973237037865e-05
2024-02-22 19:00:02+00:00,1.9632349026219738e-05
2024-02-22 20:00:02+00:00,1.836076053356392e-05
2024-02-22 21:00:00+00:00,1.7198911658929097e-05
2024-02-22 22:00:00+00:00,1.9231730999619234e-05
2024-02-22 23:00:01+00:00,2.0770391209368776e-05
2024-02-23 00:00:00+00:00,2.307688855129732e-05
2024-02-23 01:00:00+00:00,2.3101629043230432e-05
2024-02-23 02:00:00+00:00,2.478570332532605e-05
2024-02-23 03:00:04+00:00,2.57729745137405e-05
2024-02-23 04:00:01+00:00,3.3175089378025156e-05
2024-02-23 05:00:03+00:00,3.95060988832976e-05
2024-02-23 06:00:01+00:00,4.4246655404402966e-05
2024-02-23 07:00:00+00:00,4.846561497035903e-05
2024-02-23 08:00:05+00:00,5.294256894546885e-05
2024-02-23 09:00:00+00:00,5.062869055402378e-05
2024-02-23 10:00:00+00:00,4.928344092225159e-05
2024-02-23 11:00:01+00:00,5.142526281303942e-05
2024-02-23 12:00:00+00:00,4.989179182461199e-05
2024-02-23 13:00:03+00:00,4.628893088961587e-05
2024-02-23 14:00:03+00:00,4.4359230040322044e-05
2024-02-23 15:00:00+00:00,4.2914264296264076e-05
2024-02-23 16:00:01+00:00,4.174522791019063e-05
2024-02-23 17:00:01+00:00,3.912793761048786e-05
2024-02-23 18:00:06+00:00,4.272666399538353e-05
2024-02-23 19:00:01+00:00,4.498030277934104e-05
2024-02-23 20:00:04+00:00,4.5482184021409055e-05
2024-02-23 21:00:02+00:00,5.1512480838225706e-05
2024-02-23 22:00:05+00:00,5.132424207452255e-05
2024-02-23 23:00:19+00:00,5.20538492589738e-05
2024-02-24 00:00:03+00:00,5.891633071237296e-05
2024-02-24 01:00:21+00:00,6.182871804238783e-05
2024-02-24 02:00:05+00:00,5.428864907670106e-05
2024-02-24 03:00:21+00:00,5.59626965954068e-05
2024-02-24 04:00:06+00:00,5.728079272382972e-05
2024-02-24 05:00:09+00:00,5.182792930858306e-05
2024-02-24 06:00:06+00:00,4.314665869018865e-05
2024-02-24 07:00:03+00:00,6.097572427099658e-05
2024-02-24 08:00:31+00:00,6.261900638854157e-05
2024-02-24 09:00:09+00:00,5.042653729459746e-05
2024-02-24 10:00:03+00:00,4.313050984315195e-05
2024-02-24 11:00:01+00:00,4.813190011125306e-05
2024-02-24 12:00:20+00:00,5.169767375838987e-05
2024-02-24 13:00:08+00:00,5.5284768628501946e-05
2024-02-24 14:00:06+00:00,5.1771250940328476e-05
2024-02-24 15:00:04+00:00,4.945531877128159e-05
2024-02-24 16:00:03+00:00,4.9871724247946735e-05
2024-02-24 17:00:07+00:00,4.661985644535702e-05
2024-02-24 18:00:00+00:00,3.62830057440202e-05
2024-02-24 19:00:10+00:00,3.0280341792826577e-05
2024-02-24 20:00:02+00:00,3.598387286268782e-05
2024-02-24 21:00:02+00:00,4.51010096007078e-05
2024-02-24 22:00:01+00:00,5.018116243134541e-05
2024-02-24 23:00:03+00:00,4.8967329880454625e-05
2024-02-25 00:00:00+00:00,4.557250660049572e-05
2024-02-25 01:00:10+00:00,4.966338392502133e-05
2024-02-25 02:00:00+00:00,4.8244455205369134e-05
2024-02-25 03:00:05+00:00,3.945739926563176e-05
2024-02-25 04:00:45+00:00,3.45078255694591e-05
2024-02-25 05:00:03+00:00,3.4073706759460205e-05
2024-02-25 06:00:00+00:00,3.2502485310417824e-05
2024-02-25 07:00:04+00:00,3.124473945086238e-05
2024-02-25 08:00:06+00:00,2.8895735070296204e-05
2024-02-25 09:00:06+00:00,2.5361012948998166e-05
2024-02-25 10:00:01+00:00,2.333836963956299e-05
2024-02-25 11:00:03+00:00,2.047639108154619e-05
2024-02-25 12:00:09+00:00,1.921723931524657e-05
2024-02-25 13:00:07+00:00,2.3340348335636103e-05
2024-02-25 14:00:03+00:00,2.803336905721205e-05
2024-02-25 15:00:27+00:00,3.091274619935308e-05
2024-02-25 16:00:02+00:00,4.134242292867947e-05
2024-02-25 17:00:02+00:00,4.6854230210343277e-05
2024-02-25 18:00:04+00:00,4.635125429736797e-05
2024-02-25 19:00:04+00:00,4.153410484410976e-05
2024-02-25 20:00:00+00:00,3.4255185970724494e-05
2024-02-25 21:00:40+00:00,3.326086823607759e-05
2024-02-25 22:00:02+00:00,3.2346481927650305e-05
2024-02-25 23:00:00+00:00,3.451820802190035e-05
2024-02-26 00:00:02+00:00,3.722674887822965e-05
2024-02-26 01:00:37+00:00,4.150079736089003e-05
2024-02-26 02:00:28+00:00,4.1727076922963274e-05
2024-02-26 03:00:04+00:00,4.470334020086423e-05
2024-02-26 04:00:07+00:00,4.816331283573395e-05
2024-02-26 05:00:02+00:00,4.817472309182523e-05
2024-02-26 06:00:06+00:00,4.729841655328993e-05
2024-02-26 07:00:00+00:00,4.909137102956192e-05
2024-02-26 08:00:09+00:00,5.236682629171146e-05
2024-02-26 09:00:00+00:00,5.2524685674068095e-05
2024-02-26 10:00:08+00:00,4.585156564101783e-05
2024-02-26 11:00:06+00:00,5.5348182396376085e-05
2024-02-26 12:00:13+00:00,5.656496412039512e-05
2024-02-26 13:00:10+00:00,6.214207293239506e-05
2024-02-26 14:00:06+00:00,6.38594054456789e-05
2024-02-26 15:00:04+00:00,6.241882551687704e-05
2024-02-26 16:00:01+00:00,3.6583587926336974e-05
2024-02-26 17:00:11+00:00,1.7916799311101014e-05
2024-02-26 18:00:00+00:00,1.2912396710607579e-05
2024-02-26 19:00:01+00:00,-6.86670900849967e-07
2024-02-26 20:00:12+00:00,-3.2694001831564744e-06
2024-02-26 21:00:04+00:00,1.464625263930492e-06
2024-02-26 22:00:00+00:00,5.3918080522958175e-06
2024-02-26 23:00:00+00:00,6.732841199081068e-06
2024-02-27 00:00:06+00:00,7.124979934128015e-06
2024-02-27 01:00:14+00:00,8.042702091019081e-06
2024-02-27 02:00:22+00:00,1.2042533031932174e-05
2024-02-27 03:00:01+00:00,2.3662353577108857e-05
2024-02-27 04:00:17+00:00,3.014270470014545e-05
2024-02-27 05:00:07+00:00,1.529497175872984e-05
2024-02-27 06:00:01+00:00,1.1280136672693766e-05
2024-02-27 07:00:01+00:00,1.1780187364528864e-05
2024-02-27 08:00:03+00:00,1.2191308756781105e-05
2024-02-27 09:00:03+00:00,1.2502708136503884e-05
2024-02-27 10:00:01+00:00,1.4579791454393079e-05
2024-02-27 11:00:05+00:00,1.527333462736232e-05
2024-02-27 12:00:00+00:00,1.6284848273212793e-05
2024-02-27 13:00:00+00:00,2.2110945398952337e-05
2024-02-27 14:00:00+00:00,1.9538018929295602e-05
2024-02-27 15:00:14+00:00,2.2570940547529894e-05
2024-02-27 16:00:04+00:00,1.4648948211456287e-05
2024-02-27 17:00:00+00:00,1.4769789262086833e-05
2024-02-27 18:00:00+00:00,1.5900948312453476e-05
2024-02-27 19:00:00+00:00,1.8020731592739115e-05
2024-02-27 20:00:00+00:00,1.7044134986712114e-05
2024-02-27 21:00:01+00:00,2.8198934277497963e-05
2024-02-27 22:00:13+00:00,3.876880162100807e-05
2024-02-27 23:00:21+00:00,4.5163234153206726e-05
2024-02-28 00:00:26+00:00,4.352751322899656e-05
2024-02-28 01:00:07+00:00,4.068945358744083e-05
2024-02-28 02:00:04+00:00,4.5902435605702376e-05
2024-02-28 03:00:07+00:00,4.454108502009157e-05
2024-02-28 04:00:19+00:00,4.93128515504952e-05
2024-02-28 05:00:02+00:00,5.54637576739895e-05
2024-02-28 06:00:00+00:00,9.952721675846319e-05
2024-02-28 07:00:08+00:00,0.0001079772674756747
2024-02-28 08:00:00+00:00,0.00010345225040051738
2024-02-28 09:00:02+00:00,0.00011604160874834765
2024-02-28 10:00:04+00:00,0.00011556545305764157
2024-02-28 11:00:03+00:00,0.00012385099475918928
2024-02-28 12:00:16+00:00,0.00012546291735352988
2024-02-28 13:00:01+00:00,0.00012972207966114555
2024-02-28 14:00:00+00:00,9.330616114140772e-05
2024-02-28 15:00:02+00:00,6.19886714066832e-05
2024-02-28 16:00:06+00:00,6.887079380404242e-05
2024-02-28 17:00:05+00:00,6.744880323889508e-05
2024-02-28 18:00:10+00:00,5.2135469512735034e-05
2024-02-28 19:00:03+00:00,8.929139651077375e-05
2024-02-28 20:00:05+00:00,0.00014026690754754157
2024-02-28 21:00:02+00:00,0.00015906678650545164
2024-02-28 22:00:16+00:00,0.00017109849813221417
2024-02-28 23:00:07+00:00,0.00015116957434595018
2024-02-29 00:00:41+00:00,0.00012339225430630383
2024-02-29 01:00:15+00:00,0.00010785830519296504
2024-02-29 02:00:00+00:00,0.00012249685523950735
2024-02-29 03:00:02+00:00,0.0001275972878366753
2024-02-29 04:00:00+00:00,0.00012328605815021363
2024-02-29 05:00:02+00:00,0.00011222699451129713
2024-02-29 06:00:14+00:00,0.00010335306086625077
2024-02-29 07:00:05+00:00,9.004000445094669e-05
2024-02-29 08:00:13+00:00,7.436383308238928e-05
2024-02-29 09:00:08+00:00,6.672713539671658e-05
2024-02-29 10:00:07+00:00,7.11363323595337e-05
2024-02-29 11:00:00+00:00,7.390373668554011e-05
2024-02-29 12:00:05+00:00,7.006569713493797e-05
2024-02-29 13:00:06+00:00,8.453172687581339e-05
2024-02-29 14:00:00+00:00,8.585005534267982e-05
2024-02-29 15:00:08+00:00,8.824476306418996e-05
2024-02-29 16:00:07+00:00,9.072706094975696e-05
2024-02-29 17:00:01+00:00,9.065910932465331e-05
2024-02-29 18:00:07+00:00,0.00013511956268493178
2024-02-29 19:00:00+00:00,0.0001888303115562742
2024-02-29 20:00:06+00:00,0.0002110496839523077
2024-02-29 21:00:11+00:00,0.00020216098372570008
2024-02-29 22:00:09+00:00,0.0001959007283089777
2024-02-29 23:00:00+00:00,0.0001952656252494928
2024-03-01 00:00:20+00:00,0.00017766223571860943
2024-03-01 01:00:08+00:00,0.00015649256548269858
2024-03-01 02:00:35+00:00,0.00012151262688024048
2024-03-01 03:01:42+00:00,0.00012193674278971806
2024-03-01 04:00:04+00:00,0.00013241633331407507
2024-03-01 05:00:00+00:00,0.00015277766143440225
2024-03-01 06:00:47+00:00,0.00014162416542756243
2024-03-01 07:00:02+00:00,0.0001549780021437828
2024-03-01 08:00:03+00:00,0.00015181289324094996
2024-03-01 09:00:03+00:00,0.00012925419276407294
2024-03-01 10:00:03+00:00,0.00012055718627419548
2024-03-01 11:00:07+00:00,0.00012044760318482699
2024-03-01 12:00:08+00:00,0.00012172665417522571
2024-03-01 13:00:00+00:00,0.00012499452022192174
2024-03-01 14:00:02+00:00,0.00011706744853435576
2024-03-01 15:00:00+00:00,0.00010530457258264587
2024-03-01 16:00:08+00:00,9.669716290193706e-05
2024-03-01 17:00:04+00:00,0.00011125859476040646
2024-03-01 18:00:04+00:00,0.00012002465862409793
2024-03-01 19:00:02+00:00,0.00012522680489602733
2024-03-01 20:00:21+00:00,0.00018730201834224678
2024-03-01 21:00:11+00:00,0.00018041527984310806
2024-03-01 22:00:07+00:00,0.00014146257648122687
2024-03-01 23:00:11+00:00,0.00012665724775904474
2024-03-02 00:00:14+00:00,0.00012437881937005243
2024-03-02 01:00:04+00:00,0.00010675198604757665
2024-03-02 02:00:01+00:00,0.00010349086450191946
2024-03-02 03:00:07+00:00,0.00012893142303616292
2024-03-02 04:01:23+00:00,0.00014501490722323995
2024-03-02 05:00:01+00:00,0.00013612517470031166
2024-03-02 06:00:33+00:00,0.00013667927981816144
2024-03-02 07:00:31+00:00,0.00014042897097759366
2024-03-02 08:00:36+00:00,0.00013490040954727988
2024-03-02 09:00:06+00:00,0.0001119149298727653
2024-03-02 10:00:00+00:00,0.0001015124867107997
2024-03-02 11:00:01+00:00,0.00010043748455632013
2024-03-02 12:00:01+00:00,0.00010573177200797959
2024-03-02 13:00:41+00:00,0.00011351573918554253
2024-03-02 14:00:03+00:00,0.00011244773715026871
2024-03-02 15:00:07+00:00,0.00010974131866590292
2024-03-02 16:00:33+00:00,0.00011174304085428624
2024-03-02 17:00:09+00:00,0.00010096296637061153
2024-03-02 18:00:04+00:00,9.695242362412265e-05
2024-03-02 19:00:03+00:00,0.00010243403052819709
2024-03-02 20:00:04+00:00,0.0001038072615920476
2024-03-02 21:00:25+00:00,0.00011644433411589882
2024-03-02 22:00:09+00:00,0.00011939342396715477
2024-03-02 23:00:06+00:00,0.0001208080702460172
2024-03-03 00:00:05+00:00,0.00012198979259454638
2024-03-03 01:00:22+00:00,0.00013574261488326497
2024-03-03 02:00:09+00:00,0.0001472736079046216
2024-03-03 03:00:00+00:00,0.00014917545035151808
2024-03-03 04:00:03+00:00,0.00013439201397553524
2024-03-03 05:01:07+00:00,0.00011537924721273732
2024-03-03 06:00:16+00:00,0.00010321543568060059
2024-03-03 07:00:01+00:00,0.00011450746290903522
2024-03-03 08:00:03+00:00,0.00012083191463238404
2024-03-03 09:00:17+00:00,0.00012737821418830223
2024-03-03 10:00:13+00:00,0.00013235518912368312
2024-03-03 11:00:34+00:00,0.00013341948384811532
2024-03-03 12:00:04+00:00,0.00013977270779354833
2024-03-03 13:00:23+00:00,0.00013021799437082715
2024-03-03 14:00:10+00:00,0.00011867002715179802
2024-03-03 15:00:00+00:00,0.0001076250352133639
2024-03-03 16:00:09+00:00,0.00011543688946383219
2024-03-03 17:00:01+00:00,0.00011067151235762938
2024-03-03 18:00:02+00:00,8.177158244813871e-05
2024-03-03 19:00:03+00:00,6.316683809338173e-05
2024-03-03 20:00:06+00:00,5.7191719079098446e-05
2024-03-03 21:00:11+00:00,6.69377861996104e-05
2024-03-03 22:00:07+00:00,6.610851571794556e-05
2024-03-03 23:00:50+00:00,7.352231667285418e-05
2024-03-04 00:00:27+00:00,8.160359517344762e-05
2024-03-04 01:00:16+00:00,0.00011571005321627365
2024-03-04 02:00:47+00:00,0.00015433605322361403
2024-03-04 03:00:12+00:00,0.00016139180932108597
2024-03-04 04:00:16+00:00,0.00015182801529303562
2024-03-04 05:00:17+00:00,0.0001467287069907616
2024-03-04 06:00:11+00:00,0.00015053218452399338
2024-03-04 07:00:10+00:00,0.00015556912722709267
2024-03-04 08:00:07+00:00,0.00015972661961355825
2024-03-04 09:00:00+00:00,0.00013325272030178967
2024-03-04 10:00:11+00:00,0.00012089476573739894
2024-03-04 11:00:14+00:00,0.00012150767272584489
2024-03-04 12:00:03+00:00,0.00012632475532891162
2024-03-04 13:00:01+00:00,0.00012140976144743197
2024-03-04 14:00:20+00:00,0.0001100012107886811
2024-03-04 15:00:01+00:00,9.864403054302734e-05
2024-03-04 16:00:19+00:00,9.252131541735332e-05
2024-03-04 17:00:29+00:00,9.004979683233201e-05
2024-03-04 18:00:01+00:00,7.849430898925336e-05
2024-03-04 19:00:00+00:00,7.20551826614997e-05
2024-03-04 20:00:12+00:00,7.374461180530321e-05
2024-03-04 21:00:03+00:00,9.182844731849296e-05
2024-03-04 22:00:01+00:00,0.00011943479654980762
2024-03-04 23:00:00+00:00,0.00014186167000582831
2024-03-05 00:00:06+00:00,0.0001249937972411597
2024-03-05 01:00:18+00:00,0.00011946068306772663
2024-03-05 02:00:27+00:00,0.00010941903185387296
2024-03-05 03:00:08+00:00,0.00016268171393552108
2024-03-05 04:00:10+00:00,0.00015204992306073662
2024-03-05 05:00:23+00:00,0.0001261239942863961
2024-03-05 06:00:29+00:00,0.0001772316540222769
2024-03-05 07:00:02+00:00,0.00018555819640914164
2024-03-05 08:00:02+00:00,0.0002120250252426147
2024-03-05 09:00:06+00:00,0.00022308819650770573
2024-03-05 10:00:02+00:00,0.00023462150443236227
2024-03-05 11:00:10+00:00,0.00022470989779312117
2024-03-05 12:00:11+00:00,0.00023567852726610658
2024-03-05 13:00:37+00:00,0.00022231490589056722
2024-03-05 14:00:40+00:00,0.00021744314610447736
2024-03-05 15:00:33+00:00,0.00020608623878985558
2024-03-05 16:00:19+00:00,0.00019424850191455668
2024-03-05 17:00:02+00:00,0.00022674890556934784
2024-03-05 18:00:30+00:00,0.00020535543890463
2024-03-05 19:00:14+00:00,0.00027052990783324693
2024-03-05 20:00:54+00:00,0.00025869392394352206
2024-03-05 21:00:25+00:00,0.00027476019882377014
2024-03-05 22:00:05+00:00,0.00032966120292821115
2024-03-05 23:00:10+00:00,0.000315077652052353
2024-03-06 00:00:05+00:00,0.0003079548379416676
2024-03-06 01:00:00+00:00,0.00027532306773812225
2024-03-06 02:00:37+00:00,0.0002503674691511704
2024-03-06 03:00:03+00:00,0.0002549412207880971
2024-03-06 04:00:50+00:00,0.00027309580302807036
2024-03-06 05:00:28+00:00,0.0002531047011994932
2024-03-06 06:00:13+00:00,0.0002552104418366236
2024-03-06 07:00:27+00:00,0.00024540429168918014
2024-03-06 08:00:05+00:00,0.00022322510336037873
2024-03-06 09:00:04+00:00,0.0002358181992626223
2024-03-06 10:00:06+00:00,0.0002627703450023386
2024-03-06 11:00:08+00:00,0.00026182538081337224
2024-03-06 12:00:00+00:00,0.0002361439240520209
2024-03-06 13:00:25+00:00,0.00023140565722975452
2024-03-06 14:00:39+00:00,0.0002144781189792756
2024-03-06 15:00:00+00:00,0.00016412256011547226
2024-03-06 16:00:15+00:00,0.00013552733870185053
2024-03-06 17:00:13+00:00,0.00014379708390842188
2024-03-06 18:00:01+00:00,0.00011865267904315359
2024-03-06 19:00:00+00:00,0.00014852654798053585
2024-03-06 20:00:11+00:00,0.00015283174105439482
2024-03-06 21:00:00+00:00,0.00014363652507301804
2024-03-06 22:01:15+00:00,0.0001345409843926969
2024-03-06 23:00:01+00:00,0.00017720044573966043
2024-03-07 00:00:12+00:00,0.00024162768607171152
2024-03-07 01:00:51+00:00,0.00021660375862957664
2024-03-07 02:00:01+00:00,0.0002155260953897133
2024-03-07 03:00:59+00:00,0.0002136866066991776
2024-03-07 04:00:02+00:00,0.00022683446086910045
2024-03-07 05:00:51+00:00,0.0001870695341311738
2024-03-07 06:00:20+00:00,0.00018769979959674184
2024-03-07 07:00:09+00:00,0.00019547427765732528
2024-03-07 08:00:00+00:00,0.0002012768343999916
2024-03-07 09:00:10+00:00,0.00017365381088202934
2024-03-07 10:00:12+00:00,0.00016050633818647834
2024-03-07 11:00:01+00:00,0.00014961910912420528
2024-03-07 12:00:05+00:00,0.0001338926544199025
2024-03-07 13:00:22+00:00,0.00013894296950338713
2024-03-07 14:00:02+00:00,0.0001762122488021746
2024-03-07 15:00:08+00:00,0.0001714529980083254
2024-03-07 16:00:00+00:00,0.00016808119817092899
2024-03-07 17:00:08+00:00,0.0001437181121802004
2024-03-07 18:00:16+00:00,0.00013602120690053816
2024-03-07 19:00:05+00:00,0.00012730509751976554
2024-03-07 20:00:02+00:00,0.00011543327559919602
2024-03-07 21:00:08+00:00,0.00010815699791291052
2024-03-07 22:00:29+00:00,9.864733588184714e-05
2024-03-07 23:00:02+00:00,0.00010506748901221294
2024-03-08 00:00:24+00:00,0.00012600889746430677
2024-03-08 01:00:29+00:00,0.000148217007910482
2024-03-08 02:00:21+00:00,0.0001505370977758888
2024-03-08 03:00:05+00:00,0.0001697855627325921
2024-03-08 04:00:20+00:00,0.00016457141192203917
2024-03-08 05:00:53+00:00,0.0001727653143301427
2024-03-08 06:00:01+00:00,0.00018647816398526502
2024-03-08 07:00:00+00:00,0.0001773870782086648
2024-03-08 08:00:02+00:00,0.00014969213091732154
2024-03-08 09:00:07+00:00,0.00013940282142617388
2024-03-08 10:00:00+00:00,0.00014002236632111893
2024-03-08 11:00:19+00:00,0.00014550570105509485
2024-03-08 12:00:00+00:00,0.0001437215095690651
2024-03-08 13:00:32+00:00,0.00013597316089676266
2024-03-08 14:00:15+00:00,0.0001272982564989435
2024-03-08 15:00:20+00:00,0.00013608300848900033
2024-03-08 16:00:09+00:00,0.00011997267921605137
2024-03-08 17:00:14+00:00,0.00012336868721362628
2024-03-08 18:00:25+00:00,0.0001448677650026237
2024-03-08 19:00:20+00:00,0.00010785550355590989
2024-03-08 20:00:04+00:00,9.947415008901353e-05
2024-03-08 21:00:03+00:00,0.00010652121830786299
2024-03-08 22:00:12+00:00,8.416684769585948e-05
2024-03-08 23:00:31+00:00,7.39492698743424e-05
2024-03-09 00:00:15+00:00,7.895076964423134e-05
2024-03-09 01:00:06+00:00,8.200204339490824e-05
2024-03-09 02:00:29+00:00,7.897225526480374e-05
2024-03-09 03:00:22+00:00,8.320080994933074e-05
2024-03-09 04:02:10+00:00,8.38836534275484e-05
2024-03-09 05:00:17+00:00,9.900680219038533e-05
2024-03-09 06:01:35+00:00,0.0001058513048438119
2024-03-09 07:00:03+00:00,9.603913359627886e-05
2024-03-09 08:00:06+00:00,9.019293177269548e-05
2024-03-09 09:00:13+00:00,9.570652634423219e-05
2024-03-09 10:00:11+00:00,9.826710483672728e-05
2024-03-09 11:00:11+00:00,9.443365696418045e-05
2024-03-09 12:00:03+00:00,9.823119496979911e-05
2024-03-09 13:00:07+00:00,8.760592515361824e-05
2024-03-09 14:00:09+00:00,7.450505622590732e-05
2024-03-09 15:00:05+00:00,7.641836656138499e-05
2024-03-09 16:00:04+00:00,7.253927625228195e-05
2024-03-09 17:00:03+00:00,7.601915429552279e-05
2024-03-09 18:00:00+00:00,8.867022734547463e-05
2024-03-09 19:00:00+00:00,0.0001013254586530643
2024-03-09 20:00:04+00:00,0.00010433949026406133
2024-03-09 21:00:02+00:00,0.00010128125247117471
2024-03-09 22:00:01+00:00,0.00010231888214533217
2024-03-09 23:00:14+00:00,0.0001033523356177544
2024-03-10 00:00:36+00:00,0.00010908646804027721
2024-03-10 01:00:13+00:00,0.00011871353230522355
2024-03-10 02:00:10+00:00,0.00010649517405296195
2024-03-10 03:00:07+00:00,0.00010000132067763203
2024-03-10 04:00:16+00:00,7.460412157362025e-05
2024-03-10 05:00:01+00:00,7.312416959304696e-05
2024-03-10 06:00:03+00:00,7.098462895540777e-05
2024-03-10 07:00:02+00:00,7.742558740790239e-05
2024-03-10 08:00:06+00:00,8.67891010274565e-05
2024-03-10 09:00:07+00:00,8.964638333803035e-05
2024-03-10 10:00:08+00:00,8.96839284856212e-05
2024-03-10 11:00:02+00:00,9.010303505615235e-05
2024-03-10 12:00:18+00:00,8.042500484717806e-05
2024-03-10 13:00:02+00:00,7.86009641763767e-05
2024-03-10 14:00:07+00:00,8.535622844786313e-05
2024-03-10 15:00:03+00:00,8.40068922687424e-05
2024-03-10 16:00:18+00:00,9.923391037193108e-05
2024-03-10 17:00:04+00:00,0.00010228618261510249
2024-03-10 18:00:14+00:00,0.00010760141181187047
2024-03-10 19:00:08+00:00,0.00012097594119190763
2024-03-10 20:00:10+00:00,0.00011719168231351349
2024-03-10 21:01:01+00:00,0.00011511208074827362
2024-03-10 22:00:13+00:00,0.00012126248191146225
2024-03-10 23:00:17+00:00,0.00011760992053315626
2024-03-11 00:00:04+00:00,0.00014114318102998648
2024-03-11 01:00:00+00:00,0.00015941570381909753
2024-03-11 02:00:05+00:00,0.000142229929212337
2024-03-11 03:00:22+00:00,0.0001708922002391695
2024-03-11 04:00:19+00:00,0.00018509625818482114
2024-03-11 05:00:13+00:00,0.00018169956825172235
2024-03-11 06:00:17+00:00,0.00016183500879599292
2024-03-11 07:00:05+00:00,0.00015610292657293478
2024-03-11 08:00:02+00:00,0.00015028122940844083
2024-03-11 09:00:00+00:00,0.00013696009728719584
2024-03-11 10:00:11+00:00,0.00011671779668227618
2024-03-11 11:00:09+00:00,0.00011421534902202475
2024-03-11 12:00:16+00:00,0.00010522739374960277
2024-03-11 13:00:04+00:00,0.00011670376491823179
2024-03-11 14:00:00+00:00,0.00011598631359144906
2024-03-11 15:00:01+00:00,0.00010417160991970005
2024-03-11 16:00:12+00:00,8.454010970017223e-05
2024-03-11 17:00:04+00:00,7.009254466470233e-05
2024-03-11 18:00:04+00:00,6.691551551460306e-05
2024-03-11 19:00:03+00:00,6.413283960971459e-05
2024-03-11 20:00:18+00:00,4.771495541034167e-05
2024-03-11 21:00:01+00:00,3.2172300964068056e-05
2024-03-11 22:00:03+00:00,2.634823420083e-05
2024-03-11 23:00:05+00:00,3.170433114121932e-05
2024-03-12 00:00:11+00:00,4.719704769776896e-05
2024-03-12 01:00:21+00:00,4.4032526203760166e-05
2024-03-12 02:00:41+00:00,3.245250342324844e-05
2024-03-12 03:00:01+00:00,3.752383040192056e-05
2024-03-12 04:00:12+00:00,6.333081192305345e-05
2024-03-12 05:00:17+00:00,0.00012418907206728972
2024-03-12 06:00:01+00:00,0.0001547433439713301
2024-03-12 07:00:36+00:00,0.00016399334202348527
2024-03-12 08:00:02+00:00,0.0001685967167295977
2024-03-12 09:00:05+00:00,0.00015894815093769096
2024-03-12 10:00:10+00:00,0.00014870706943788641
2024-03-12 11:00:00+00:00,0.00011307556145287112
2024-03-12 12:00:36+00:00,0.00010950400530418496
2024-03-12 13:00:08+00:00,0.00010072185822265156
2024-03-12 14:00:06+00:00,9.153838234850528e-05
2024-03-12 15:00:08+00:00,8.247185363762244e-05
2024-03-12 16:00:26+00:00,8.157481251353824e-05
2024-03-12 17:01:30+00:00,0.0001686867700513488
2024-03-12 18:00:06+00:00,0.00024064124626042814
2024-03-12 19:00:53+00:00,0.00023708611210567317
2024-03-12 20:00:00+00:00,0.0001898665625626765
2024-03-12 21:00:28+00:00,0.00015369073770529185
2024-03-12 22:00:09+00:00,0.00015702545939324066
2024-03-12 23:00:19+00:00,0.0001795564798200801
2024-03-13 00:00:04+00:00,0.0001825819867700734
2024-03-13 01:00:09+00:00,0.0001827797126116648
2024-03-13 02:00:18+00:00,0.0001877750424927095
2024-03-13 03:00:34+00:00,0.00020101716063613558
2024-03-13 04:00:19+00:00,0.00020014756490609702
2024-03-13 05:00:00+00:00,0.0001976102064624581
2024-03-13 06:00:04+00:00,0.00019384220242128116
2024-03-13 07:00:03+00:00,0.00017255051536428523
2024-03-13 08:00:05+00:00,0.00015939041410153445
2024-03-13 09:00:00+00:00,0.0001378587988370214
2024-03-13 10:00:50+00:00,0.00015899647766044983
2024-03-13 11:00:00+00:00,0.00017344230827715461
2024-03-13 12:00:13+00:00,0.00017070726068864515
2024-03-13 13:00:18+00:00,0.00015929669206361964
2024-03-13 14:00:01+00:00,0.00016821205601927163
2024-03-13 15:00:05+00:00,0.00017125132438998135
2024-03-13 16:00:44+00:00,0.00016256760422272035
2024-03-13 17:00:06+00:00,0.00015537525891075202
2024-03-13 18:00:11+00:00,0.00013483410605293623
2024-03-13 19:00:24+00:00,0.00012045306511597627
2024-03-13 20:00:24+00:00,0.00011405561005031993
2024-03-13 21:00:05+00:00,0.00011174613097694191
2024-03-13 22:00:18+00:00,0.00011622268873970059
2024-03-13 23:00:01+00:00,0.00011065966077506753
2024-03-14 00:00:00+00:00,0.00010817188038185156
2024-03-14 01:00:22+00:00,0.00011938136389094633
2024-03-14 02:00:17+00:00,0.00012090260161818947
2024-03-14 03:00:03+00:00,0.00012255541867353122
2024-03-14 04:00:20+00:00,0.00011985877264983367
2024-03-14 05:00:39+00:00,0.00012166192057048475
2024-03-14 06:00:00+00:00,0.00012670376435585973
2024-03-14 07:00:01+00:00,0.0001267633966426697
2024-03-14 08:00:08+00:00,0.00012569280071828842
2024-03-14 09:00:02+00:00,0.0001340336655948352
2024-03-14 10:00:26+00:00,0.00013422266456217504
2024-03-14 11:00:42+00:00,0.00011773124641755552
2024-03-14 12:00:34+00:00,0.00011250573120308524
2024-03-14 13:00:29+00:00,0.00011303800818044264
2024-03-14 14:00:00+00:00,0.0001403905396821606
2024-03-14 15:00:29+00:00,0.0001657580312725248
2024-03-14 16:00:20+00:00,0.00019644713048243875
2024-03-14 17:00:20+00:00,0.00022023819191272504
2024-03-14 18:00:03+00:00,0.00023056631630569244
2024-03-14 19:00:08+00:00,0.00025406089997884976
2024-03-14 20:00:03+00:00,0.0002847816059725598
2024-03-14 21:00:00+00:00,0.00027215535186185074
2024-03-14 22:00:20+00:00,0.0002594350723039244
2024-03-14 23:00:16+00:00,0.00022350737018802326
2024-03-15 00:00:06+00:00,0.00018248154057856652
2024-03-15 01:00:25+00:00,0.00014724565402754835
2024-03-15 02:01:43+00:00,0.000101385625922139
2024-03-15 03:00:35+00:00,0.00019431483253478757
2024-03-15 04:00:19+00:00,0.00025883648815602187
2024-03-15 05:00:28+00:00,0.00019357397134279678
2024-03-15 06:00:33+00:00,0.00022626725323229485
2024-03-15 07:00:04+00:00,0.0002335008880166407
2024-03-15 08:00:05+00:00,0.00020262429049701868
2024-03-15 09:00:06+00:00,0.00017553286088041494
2024-03-15 10:00:11+00:00,0.00014243780484758369
2024-03-15 11:00:53+00:00,0.00015667373795471683
2024-03-15 12:00:18+00:00,0.00016859093947357224
2024-03-15 13:00:26+00:00,0.00016465050076858252
2024-03-15 14:00:27+00:00,0.0001476401937953811
2024-03-15 15:00:30+00:00,0.0001311430974889074
2024-03-15 16:00:23+00:00,0.00011756174939680872
2024-03-15 17:00:35+00:00,0.00013271477319186682
2024-03-15 18:00:41+00:00,0.00018625667090826342
2024-03-15 19:02:28+00:00,0.0001939438409551315
2024-03-15 20:00:04+00:00,0.00022092192013491055
2024-03-15 21:00:03+00:00,0.00024578311277397393
2024-03-15 22:00:37+00:00,0.00018364120707165907
2024-03-15 23:00:28+00:00,0.00016533335903384422
2024-03-16 00:00:13+00:00,0.0001505541847536038
2024-03-16 01:00:03+00:00,0.0001510621345637666
2024-03-16 02:02:26+00:00,0.00014688731582573972
2024-03-16 03:01:29+00:00,0.00014210310818835924
2024-03-16 04:00:26+00:00,0.00013259324621530018
2024-03-16 05:00:05+00:00,0.00012901172859884313
2024-03-16 06:00:00+00:00,0.0001375650218204951
2024-03-16 07:00:12+00:00,9.233522026194383e-05
2024-03-16 08:00:22+00:00,7.625226389934945e-05
2024-03-16 09:00:19+00:00,6.984270359103502e-05
2024-03-16 10:00:09+00:00,7.719233088722227e-05
2024-03-16 11:00:38+00:00,9.346192925950278e-05
2024-03-16 12:00:14+00:00,0.00011532774638432303
2024-03-16 13:00:05+00:00,0.00012983324209676935
2024-03-16 14:00:00+00:00,8.997772076134661e-05
2024-03-16 15:00:13+00:00,9.493473953164031e-05
2024-03-16 16:00:10+00:00,0.00010719016688213795
2024-03-16 17:00:10+00:00,0.00011112676482356541
2024-03-16 18:00:00+00:00,0.00011815490954247848
2024-03-16 19:00:01+00:00,0.00016444386754320628
2024-03-16 20:00:05+00:00,0.00017448436095196486
2024-03-16 21:00:21+00:00,0.00013159319160209367
2024-03-16 22:00:02+00:00,0.00012872687237641285
2024-03-16 23:00:07+00:00,0.0001271311200419934
2024-03-17 00:00:25+00:00,0.00014942678916748174
2024-03-17 01:00:01+00:00,0.0001216273016759027
2024-03-17 02:00:03+00:00,0.00015162175812028387
2024-03-17 03:00:07+00:00,0.00017005450431141616
2024-03-17 04:00:26+00:00,0.0001651940247688857
2024-03-17 05:00:28+00:00,0.00017030182959790663
2024-03-17 06:00:19+00:00,0.00017364895244834468
2024-03-17 07:00:00+00:00,0.00015185089292678381
2024-03-17 08:00:13+00:00,0.00011850362075320544
2024-03-17 09:00:02+00:00,0.00010858287101241891
2024-03-17 10:00:01+00:00,9.295728056591093e-05
2024-03-17 11:00:05+00:00,0.00010807220327063689
2024-03-17 12:00:05+00:00,9.279483965924039e-05
2024-03-17 13:00:00+00:00,8.655051272135115e-05
2024-03-17 14:00:09+00:00,9.992696050860317e-05
2024-03-17 15:00:17+00:00,0.00010059837660579841
2024-03-17 16:00:02+00:00,0.0001039540478468207
2024-03-17 17:00:11+00:00,0.00011483812305033968
2024-03-17 18:00:04+00:00,0.00010582113324269225
2024-03-17 19:00:02+00:00,8.728094548506583e-05
2024-03-17 20:00:11+00:00,8.040297261340637e-05
2024-03-17 21:00:00+00:00,0.00010369103512144593
2024-03-17 22:00:02+00:00,0.00010145728976887064
2024-03-17 23:00:05+00:00,8.767033818316414e-05
2024-03-18 00:00:30+00:00,8.765373140780259e-05
2024-03-18 01:00:14+00:00,0.00010918465895804873
2024-03-18 02:00:30+00:00,0.0001493397516686062
2024-03-18 03:00:29+00:00,0.00013996971448570326
2024-03-18 04:00:00+00:00,0.00012757585522531125
2024-03-18 05:00:02+00:00,0.00011818907794757322
2024-03-18 06:00:23+00:00,0.00010348307100371037
2024-03-18 07:00:04+00:00,9.523110595511054e-05
2024-03-18 08:00:03+00:00,8.743333261321409e-05
2024-03-18 09:00:05+00:00,8.325773208004233e-05
2024-03-18 10:00:28+00:00,7.750654472426691e-05
2024-03-18 11:00:12+00:00,8.653563241923365e-05
2024-03-18 12:00:00+00:00,0.00012195309735997836
2024-03-18 13:00:25+00:00,0.00016772247526413477
2024-03-18 14:00:11+00:00,0.00019124909608184704
2024-03-18 15:00:17+00:00,0.00025433719501239446
2024-03-18 16:00:32+00:00,0.0002140197024048742
2024-03-18 17:00:04+00:00,0.00017932621900101784
2024-03-18 18:00:00+00:00,0.0001215379190581121
2024-03-18 19:00:08+00:00,0.00011695893487044226
2024-03-18 20:00:01+00:00,0.00012384966127508746
2024-03-18 21:00:02+00:00,0.00012931620565411603
2024-03-18 22:00:16+00:00,0.00012109803508331403
2024-03-18 23:00:01+00:00,8.060688657849127e-05
2024-03-19 00:00:00+00:00,4.9587713266588314e-05
2024-03-19 01:00:34+00:00,5.8380123735216395e-05
2024-03-19 02:00:09+00:00,4.083003520614316e-05
2024-03-19 03:00:27+00:00,4.99733461571642e-05
2024-03-19 04:00:04+00:00,4.991870184562006e-05
2024-03-19 05:00:36+00:00,4.6352079122393004e-05
2024-03-19 06:00:11+00:00,3.6361288852130894e-05
2024-03-19 07:00:08+00:00,3.886386720090223e-05
2024-03-19 08:00:06+00:00,5.013019445927031e-05
2024-03-19 09:00:10+00:00,8.205195434920001e-05
2024-03-19 10:00:01+00:00,7.995511346373904e-05
2024-03-19 11:00:24+00:00,6.991255111635634e-05
2024-03-19 12:00:04+00:00,8.342998677020151e-05
2024-03-19 13:00:02+00:00,7.947025001696343e-05
2024-03-19 14:00:06+00:00,8.400983274090167e-05
2024-03-19 15:00:01+00:00,9.235473901551903e-05
2024-03-19 16:00:16+00:00,0.00010691220648005557
2024-03-19 17:00:34+00:00,0.00011652434841731217
2024-03-19 18:00:01+00:00,9.037274052472843e-05
2024-03-19 19:00:10+00:00,7.647229740673778e-05
2024-03-19 20:00:03+00:00,6.086042767651162e-05
2024-03-19 21:00:04+00:00,6.43343235370569e-05
2024-03-19 22:00:07+00:00,5.530693917253644e-05
2024-03-19 23:00:01+00:00,7.230091614946091e-05
2024-03-20 00:00:13+00:00,0.00011577866185871905
2024-03-20 01:00:35+00:00,0.0001424687166510321
2024-03-20 02:00:22+00:00,0.00011788684939591207
2024-03-20 03:00:30+00:00,9.847754558425927e-05
2024-03-20 04:00:02+00:00,9.362303377500906e-05
2024-03-20 05:00:13+00:00,0.0001074267648192761
2024-03-20 06:00:11+00:00,8.384854526628274e-05
2024-03-20 07:00:37+00:00,8.706336296168186e-05
2024-03-20 08:00:37+00:00,9.39955943984849e-05
2024-03-20 09:00:07+00:00,4.7297178067723996e-05
2024-03-20 10:00:05+00:00,2.5967261010553225e-05
2024-03-20 11:00:04+00:00,4.398274077381221e-05
2024-03-20 12:00:12+00:00,6.253048704361109e-05
2024-03-20 13:00:08+00:00,7.500983236503806e-05
2024-03-20 14:00:01+00:00,6.528238299981004e-05
2024-03-20 15:00:41+00:00,4.268587174597393e-05
2024-03-20 16:00:06+00:00,4.446633067517811e-05
2024-03-20 17:00:01+00:00,5.872106394065743e-05
2024-03-20 18:00:06+00:00,5.539649736158879e-05
2024-03-20 19:00:19+00:00,5.1984497547713115e-05
2024-03-20 20:00:08+00:00,4.6672580551550365e-05
2024-03-20 21:00:26+00:00,7.029623803968911e-05
2024-03-20 22:00:04+00:00,7.70954185151398e-05
2024-03-20 23:00:00+00:00,5.915248416116619e-05
2024-03-21 00:00:06+00:00,4.1457109871699907e-05
2024-03-21 01:00:00+00:00,3.9976752660432966e-05
2024-03-21 02:00:01+00:00,4.657192127080465e-05
2024-03-21 03:00:52+00:00,4.850359909808276e-05
2024-03-21 04:00:44+00:00,4.272904271613605e-05
2024-03-21 05:00:04+00:00,3.20865205709289e-05
2024-03-21 06:00:04+00:00,3.01228413720337e-05
2024-03-21 07:00:25+00:00,4.24067876335236e-05
2024-03-21 08:00:04+00:00,7.2180020689818e-05
2024-03-21 09:00:03+00:00,0.00012377353932100047
2024-03-21 10:00:01+00:00,0.00013820352913642664
2024-03-21 11:00:07+00:00,0.00013284238096468277
2024-03-21 12:00:00+00:00,0.00010233282278287751
2024-03-21 13:00:00+00:00,8.887112814079604e-05
2024-03-21 14:00:09+00:00,7.949972389926192e-05
2024-03-21 15:00:44+00:00,7.462509027325642e-05
2024-03-21 16:00:34+00:00,7.125331522484006e-05
2024-03-21 17:00:30+00:00,8.095806948692052e-05
2024-03-21 18:00:08+00:00,7.130657041531234e-05
2024-03-21 19:00:19+00:00,7.543298502726789e-05
2024-03-21 20:00:18+00:00,7.88407301254155e-05
2024-03-21 21:00:36+00:00,8.082223227338501e-05
2024-03-21 22:00:00+00:00,8.3223597277909e-05
2024-03-21 23:00:20+00:00,0.00010046385675032382
2024-03-22 00:00:21+00:00,0.00011776630517159352
2024-03-22 01:01:05+00:00,0.0001135055640922076
2024-03-22 02:00:07+00:00,6.634529324869799e-05
2024-03-22 03:00:09+00:00,4.3575103475732725e-05
2024-03-22 04:00:05+00:00,6.51384413174439e-05
2024-03-22 05:00:41+00:00,9.238968850378084e-05
2024-03-22 06:00:36+00:00,9.202603828014623e-05
2024-03-22 07:00:26+00:00,9.046018460172075e-05
2024-03-22 08:00:11+00:00,8.933942568899307e-05
2024-03-22 09:00:14+00:00,9.53350890394762e-05
2024-03-22 10:00:10+00:00,7.415827471231604e-05
2024-03-22 11:00:06+00:00,4.973344116959545e-05
2024-03-22 12:00:04+00:00,4.6911441193091445e-05
2024-03-22 13:00:41+00:00,5.873715631154282e-05
2024-03-22 14:00:01+00:00,5.443146904326877e-05
2024-03-22 15:00:16+00:00,7.991131459148145e-05
2024-03-22 16:00:42+00:00,0.00011530777402747441
2024-03-22 17:00:00+00:00,9.462848890890604e-05
2024-03-22 18:00:11+00:00,8.60664062607602e-05
2024-03-22 19:00:24+00:00,8.89542032337659e-05
2024-03-22 20:00:05+00:00,8.747881157672438e-05
2024-03-22 21:00:04+00:00,6.585615322039431e-05
2024-03-22 22:01:13+00:00,4.4528350696939355e-05
2024-03-22 23:00:35+00:00,4.939887950347465e-05
2024-03-23 00:00:23+00:00,5.841565865161125e-05
2024-03-23 01:00:37+00:00,5.155770647012037e-05
2024-03-23 02:01:22+00:00,7.453792440741564e-05
2024-03-23 03:00:23+00:00,8.037706191246232e-05
2024-03-23 04:00:06+00:00,7.402689203818419e-05
2024-03-23 05:00:15+00:00,6.788266621002805e-05
2024-03-23 06:00:35+00:00,4.5504729582627816e-05
2024-03-23 07:00:25+00:00,3.243012596792455e-05
2024-03-23 08:00:34+00:00,2.9012505283162343e-05
2024-03-23 09:00:25+00:00,2.650693483036795e-05
2024-03-23 10:00:27+00:00,4.628403905268821e-05
2024-03-23 11:00:43+00:00,6.571248183780929e-05
2024-03-23 12:00:18+00:00,7.661152148381898e-05
2024-03-23 13:00:14+00:00,8.324070555721063e-05
2024-03-23 14:00:39+00:00,6.833368844068701e-05
2024-03-23 15:00:21+00:00,6.102722623039143e-05
2024-03-23 16:00:14+00:00,6.385617517213384e-05
2024-03-23 17:00:16+00:00,6.187979547328466e-05
2024-03-23 18:01:24+00:00,6.580898513675221e-05
2024-03-23 19:00:32+00:00,7.475208842549947e-05
2024-03-23 20:00:05+00:00,7.335469929647576e-05
2024-03-23 21:00:02+00:00,7.638979202604288e-05
2024-03-23 22:00:58+00:00,7.778806741468566e-05
2024-03-23 23:00:35+00:00,7.469997306766031e-05
2024-03-24 00:00:17+00:00,5.7339665951781236e-05
2024-03-24 01:00:45+00:00,6.433586316676534e-05
2024-03-24 02:00:11+00:00,7.759388793681721e-05
2024-03-24 03:00:20+00:00,8.403114498840038e-05
2024-03-24 04:00:47+00:00,9.007397937147231e-05
2024-03-24 05:00:04+00:00,9.322771284111797e-05
2024-03-24 06:00:14+00:00,7.858193578325511e-05
2024-03-24 07:00:29+00:00,7.633497610661591e-05
2024-03-24 08:00:05+00:00,8.7069940312862e-05
2024-03-24 09:00:12+00:00,9.233431153854672e-05
2024-03-24 10:00:13+00:00,0.00010160882884578346
2024-03-24 11:00:00+00:00,9.674710515665704e-05
2024-03-24 12:00:00+00:00,8.966029964969523e-05
2024-03-24 13:00:05+00:00,7.943815548423593e-05
2024-03-24 14:00:20+00:00,4.762236829993142e-05
2024-03-24 15:00:16+00:00,3.189283481366977e-05
2024-03-24 16:00:00+00:00,6.218864112644663e-05
2024-03-24 17:00:34+00:00,8.672177142910347e-05
2024-03-24 18:00:27+00:00,6.861140101765803e-05
2024-03-24 19:00:00+00:00,6.365308082371728e-05
2024-03-24 20:00:02+00:00,7.129003343835978e-05
2024-03-24 21:00:48+00:00,8.489697244526451e-05
2024-03-24 22:00:04+00:00,7.915103083384877e-05
2024-03-24 23:00:58+00:00,5.7929850477775316e-05
2024-03-25 00:00:02+00:00,8.614115636871072e-05
2024-03-25 01:00:10+00:00,9.448553671887728e-05
2024-03-25 02:00:19+00:00,0.00010518022311798952
2024-03-25 03:00:00+00:00,9.424232861513152e-05
2024-03-25 04:00:08+00:00,9.400515547328548e-05
2024-03-25 05:00:04+00:00,7.908725445227499e-05
2024-03-25 06:00:26+00:00,5.955148921415304e-05
2024-03-25 07:00:04+00:00,4.542726334650943e-05
2024-03-25 08:00:03+00:00,3.433877590390692e-05
2024-03-25 09:00:20+00:00,2.5468209219738066e-05
2024-03-25 10:00:03+00:00,2.8455895589714603e-05
2024-03-25 11:00:04+00:00,2.7211508744620942e-05
2024-03-25 12:00:15+00:00,3.455265264362428e-05
2024-03-25 13:00:01+00:00,5.1112342105749865e-05
2024-03-25 14:00:00+00:00,4.187878649445698e-05
2024-03-25 15:00:00+00:00,3.559021685136587e-05
2024-03-25 16:00:01+00:00,2.7109711233453508e-05
2024-03-25 17:00:18+00:00,2.3869466898933166e-05
2024-03-25 18:00:16+00:00,2.1940505384999857e-05
2024-03-25 19:00:09+00:00,1.9393352426984133e-05
2024-03-25 20:00:09+00:00,2.0309525379629194e-05
2024-03-25 21:00:20+00:00,3.0483267587255762e-05
2024-03-25 22:00:10+00:00,4.4671830161305136e-05
2024-03-25 23:00:50+00:00,6.684980398790847e-05
2024-03-26 00:00:24+00:00,6.3579836885777e-05
2024-03-26 01:00:21+00:00,5.97059192105116e-05
2024-03-26 02:00:06+00:00,6.0734115396255795e-05
2024-03-26 03:00:24+00:00,6.139937407933522e-05
2024-03-26 04:00:02+00:00,6.468625562961086e-05
2024-03-26 05:00:18+00:00,7.893480405326807e-05
2024-03-26 06:00:36+00:00,8.980290730637503e-05
2024-03-26 07:00:09+00:00,9.013091716537519e-05
2024-03-26 08:00:24+00:00,7.791788178695833e-05
2024-03-26 09:00:20+00:00,6.48702052957163e-05
2024-03-26 10:00:06+00:00,5.140543384560521e-05
2024-03-26 11:00:01+00:00,3.642098273875404e-05
2024-03-26 12:00:03+00:00,3.565014023600129e-05
2024-03-26 13:00:09+00:00,4.157600450618729e-05
2024-03-26 14:00:00+00:00,5.10084649275414e-05
2024-03-26 15:00:10+00:00,5.9376055362236444e-05
2024-03-26 16:00:02+00:00,4.1995928850169116e-05
2024-03-26 17:00:10+00:00,3.435207067718786e-05
2024-03-26 18:00:05+00:00,3.3310874524982695e-05
2024-03-26 19:00:01+00:00,5.824875497320636e-05
2024-03-26 20:00:00+00:00,8.757762991450483e-05
2024-03-26 21:00:07+00:00,8.476978064169276e-05
2024-03-26 22:00:01+00:00,7.574561882742092e-05
2024-03-26 23:00:07+00:00,0.00010107318456697404
2024-03-27 00:00:51+00:00,0.0001269457303844019
2024-03-27 01:00:05+00:00,0.00013388523245928726
2024-03-27 02:00:06+00:00,0.00013459543237040193
2024-03-27 03:00:33+00:00,0.000140363850375298
2024-03-27 04:00:31+00:00,0.00011202753835414358
2024-03-27 05:00:00+00:00,8.158192749040233e-05
2024-03-27 06:00:00+00:00,8.237541006938483e-05
2024-03-27 07:00:05+00:00,9.006018837023497e-05
2024-03-27 08:00:08+00:00,9.945901700451211e-05
2024-03-27 09:00:15+00:00,8.946650260481469e-05
2024-03-27 10:00:14+00:00,9.71369116165699e-05
2024-03-27 11:00:02+00:00,0.00010864650981406533
2024-03-27 12:00:22+00:00,0.00010544438221798223
2024-03-27 13:00:01+00:00,0.00010692131626505306
2024-03-27 14:00:05+00:00,8.054411329407392e-05
2024-03-27 15:00:05+00:00,9.185030942422437e-05
2024-03-27 16:00:01+00:00,0.00010417931377897113
2024-03-27 17:00:03+00:00,0.00013634015416249816
2024-03-27 18:00:24+00:00,0.0001430079728457839
2024-03-27 19:00:01+00:00,0.00015486443461043244
2024-03-27 20:00:04+00:00,0.0001644394894629328
2024-03-27 21:00:00+00:00,0.00016573716405119646
2024-03-27 22:00:08+00:00,0.00017603812388170903
2024-03-27 23:00:01+00:00,0.00018161179277889313
2024-03-28 00:00:36+00:00,0.00014642259436772436
2024-03-28 01:00:24+00:00,0.00010784919876760221
2024-03-28 02:00:05+00:00,9.268009301897509e-05
2024-03-28 03:00:01+00:00,0.00010987915486262778
2024-03-28 04:00:21+00:00,0.00011671953983164674
2024-03-28 05:00:04+00:00,0.00011073444746684345
2024-03-28 06:00:04+00:00,0.00010279894693220436
2024-03-28 07:00:06+00:00,9.700610327253486e-05
2024-03-28 08:00:01+00:00,8.049944065282779e-05
2024-03-28 09:00:11+00:00,4.778534232737107e-05
2024-03-28 10:00:06+00:00,4.2909029419201604e-05
2024-03-28 11:00:00+00:00,7.368888529324045e-05
2024-03-28 12:00:05+00:00,9.294001370108485e-05
2024-03-28 13:00:17+00:00,9.554494985614855e-05
2024-03-28 14:00:02+00:00,8.014356828807332e-05
2024-03-28 15:00:01+00:00,7.317241890578957e-05
2024-03-28 16:00:01+00:00,7.441250437563373e-05
2024-03-28 17:00:06+00:00,8.142951999740413e-05
2024-03-28 18:00:15+00:00,8.23198942709726e-05
2024-03-28 19:00:01+00:00,7.865234098494787e-05
2024-03-28 20:00:06+00:00,8.581850115350139e-05
2024-03-28 21:00:34+00:00,8.199929856275468e-05
2024-03-28 22:00:15+00:00,8.487576277767021e-05
2024-03-28 23:00:14+00:00,7.891637078932738e-05
2024-03-29 00:00:09+00:00,7.934697820204498e-05
2024-03-29 01:01:10+00:00,8.713799908019901e-05
2024-03-29 02:00:55+00:00,9.477022999024868e-05
2024-03-29 03:00:15+00:00,0.00012932489328451615
2024-03-29 04:00:58+00:00,0.00013834422984486584
2024-03-29 05:00:03+00:00,0.00014194038774609257
2024-03-29 06:00:01+00:00,0.0001353544353072514
2024-03-29 07:00:10+00:00,0.00013158414035473867
2024-03-29 08:00:20+00:00,0.00011511615339194105
2024-03-29 09:00:14+00:00,0.00011067944800139401
2024-03-29 10:00:05+00:00,0.00011220997840789543
2024-03-29 11:00:18+00:00,0.00011811239634676445
2024-03-29 12:00:24+00:00,0.00013998322383227947
2024-03-29 13:00:05+00:00,0.00014240044746181109
2024-03-29 14:00:14+00:00,0.0001337667687845151
2024-03-29 15:00:10+00:00,0.00012965668724734095
2024-03-29 16:00:07+00:00,0.0001312539131578877
2024-03-29 17:00:13+00:00,0.00015410009591050204
2024-03-29 18:00:03+00:00,0.0001623601803124176
2024-03-29 19:00:03+00:00,0.00016188652611352875
2024-03-29 20:00:28+00:00,0.00014165252782826876
2024-03-29 21:00:04+00:00,0.00013394045893248295
2024-03-29 22:00:19+00:00,0.00014010056974500567
2024-03-29 23:00:23+00:00,0.0001347168482076251
2024-03-30 00:00:11+00:00,0.00013473847403033457
2024-03-30 01:00:54+00:00,0.00013038136440538743
2024-03-30 02:00:15+00:00,0.00011274769945191235
2024-03-30 03:00:21+00:00,9.910772764126744e-05
2024-03-30 04:00:27+00:00,0.00010096407430308066
2024-03-30 05:00:00+00:00,0.0001068099536380518
2024-03-30 06:00:17+00:00,8.93919278517398e-05
2024-03-30 07:00:34+00:00,7.822750605595236e-05
2024-03-30 08:00:23+00:00,6.828269625467636e-05
2024-03-30 09:00:01+00:00,7.06479666220317e-05
2024-03-30 10:00:04+00:00,8.388154554979439e-05
2024-03-30 11:00:13+00:00,9.206736429169983e-05
2024-03-30 12:00:08+00:00,9.410055184462415e-05
2024-03-30 13:00:08+00:00,0.00010063828773661625
2024-03-30 14:00:06+00:00,9.698042237009961e-05
2024-03-30 15:00:29+00:00,0.00010016207504050755
2024-03-30 16:00:55+00:00,9.841579762878447e-05
2024-03-30 17:00:21+00:00,8.964285187500159e-05
2024-03-30 18:00:53+00:00,7.32009913802927e-05
2024-03-30 19:00:02+00:00,7.379055492525136e-05
2024-03-30 20:00:28+00:00,7.490927025314455e-05
2024-03-30 21:00:38+00:00,7.988074789890545e-05
2024-03-30 22:00:58+00:00,8.849893547452833e-05
2024-03-30 23:00:28+00:00,0.00010152211387393667
2024-03-31 00:00:20+00:00,0.00010676331349579093
2024-03-31 01:00:19+00:00,0.00010787928688249468
2024-03-31 02:00:18+00:00,8.964178047455536e-05
2024-03-31 03:00:08+00:00,8.146193893715272e-05
2024-03-31 04:01:13+00:00,7.125486097836688e-05
2024-03-31 05:00:01+00:00,7.184398259894631e-05
2024-03-31 06:00:38+00:00,7.795286672861262e-05
2024-03-31 07:00:00+00:00,6.557121771910139e-05
2024-03-31 08:00:48+00:00,8.01178031624245e-05
2024-03-31 09:00:12+00:00,8.733829317523853e-05
2024-03-31 10:00:06+00:00,9.262655179418202e-05
2024-03-31 11:00:18+00:00,8.552281932848566e-05
2024-03-31 12:00:25+00:00,7.822624470822456e-05
2024-03-31 13:00:04+00:00,7.931918637101097e-05
2024-03-31 14:00:03+00:00,8.276252945084946e-05
2024-03-31 15:00:06+00:00,7.983219173613254e-05
2024-03-31 16:00:34+00:00,8.274182060745029e-05
2024-03-31 17:00:12+00:00,8.135748381978839e-05
2024-03-31 18:00:24+00:00,8.693312290912006e-05
2024-03-31 19:00:23+00:00,9.515684569226357e-05
2024-03-31 20:00:41+00:00,8.854597446479e-05
2024-03-31 21:00:05+00:00,9.032473337352331e-05
2024-03-31 22:00:01+00:00,0.00010391483275876004
2024-03-31 23:00:00+00:00,0.00012030122167819205
2024-04-01 00:00:07+00:00,0.00012199388919903207
2024-04-01 01:00:16+00:00,0.0001315073976159882
2024-04-01 02:01:48+00:00,8.341022410783536e-05
2024-04-01 03:00:12+00:00,8.32982538649356e-05
2024-04-01 04:00:04+00:00,0.00010481078204285232
2024-04-01 05:00:39+00:00,0.00010343722405452452
2024-04-01 06:00:01+00:00,8.672635018997963e-05
2024-04-01 07:00:33+00:00,8.773122023979446e-05
2024-04-01 08:00:03+00:00,9.948412559956087e-05
2024-04-01 09:00:40+00:00,0.00010688096268388968
2024-04-01 10:00:04+00:00,0.00010183253821208469
2024-04-01 11:00:03+00:00,0.00010555126979626353
2024-04-01 12:00:00+00:00,9.158543036552035e-05
2024-04-01 13:00:00+00:00,6.96815093385083e-05
2024-04-01 14:00:04+00:00,7.57904381222e-05
2024-04-01 15:00:58+00:00,0.00010402425627120435
2024-04-01 16:00:08+00:00,0.00012388427127801445
2024-04-01 17:00:18+00:00,0.00015674318156652618
2024-04-01 18:00:00+00:00,0.00013267313268461425
2024-04-01 19:00:05+00:00,0.00011280954731527722
2024-04-01 20:00:13+00:00,9.527061758362927e-05
2024-04-01 21:00:14+00:00,8.275722305547213e-05
2024-04-01 22:00:02+00:00,8.292498071225086e-05
2024-04-01 23:01:04+00:00,7.520426123188036e-05
2024-04-02 00:01:11+00:00,7.909105186028296e-05
2024-04-02 01:00:24+00:00,6.724903190452092e-05
2024-04-02 02:02:00+00:00,7.129630971765693e-05
2024-04-02 03:00:08+00:00,0.00014027373725598253
2024-04-02 04:00:02+00:00,9.389746376751855e-05
2024-04-02 05:00:05+00:00,0.0001183240470593883
2024-04-02 06:00:32+00:00,7.766430316229676e-05
2024-04-02 07:00:11+00:00,5.587908888897775e-05
2024-04-02 08:00:25+00:00,6.0275003521852326e-05
2024-04-02 09:00:14+00:00,6.52679363391579e-05
2024-04-02 10:00:10+00:00,4.646259598277633e-05
2024-04-02 11:00:10+00:00,5.119750354670625e-05
2024-04-02 12:00:22+00:00,3.396053254350373e-05
2024-04-02 13:00:03+00:00,3.0649522761143575e-05
2024-04-02 14:00:04+00:00,6.175492637014152e-05
2024-04-02 15:00:11+00:00,0.00011993790135705883
2024-04-02 16:00:24+00:00,0.00015713668270781806
2024-04-02 17:00:17+00:00,0.00012500759184640782
2024-04-02 18:00:11+00:00,9.879520895439757e-05
2024-04-02 19:00:00+00:00,7.572584576176578e-05
2024-04-02 20:00:54+00:00,6.66782094073737e-05
2024-04-02 21:00:04+00:00,7.417577853505964e-05
2024-04-02 22:00:13+00:00,6.521510393148717e-05
2024-04-02 23:00:07+00:00,6.521659149958037e-05
2024-04-03 00:00:48+00:00,6.711499308047776e-05
2024-04-03 01:00:03+00:00,7.627648712146327e-05
2024-04-03 02:00:00+00:00,7.758788554300686e-05
2024-04-03 03:02:04+00:00,7.356283421951321e-05
2024-04-03 04:00:13+00:00,8.1175052775769e-05
2024-04-03 05:00:06+00:00,8.846322578994704e-05
2024-04-03 06:00:28+00:00,8.158545716708464e-05
2024-04-03 07:00:04+00:00,8.839507841066867e-05
2024-04-03 08:00:40+00:00,8.223930672131077e-05
2024-04-03 09:00:28+00:00,7.21266761890707e-05
2024-04-03 10:00:14+00:00,6.217235434770427e-05
2024-04-03 11:00:01+00:00,6.409582373985545e-05
2024-04-03 12:00:11+00:00,6.341369490485988e-05
2024-04-03 13:00:26+00:00,6.640655837816348e-05
2024-04-03 14:00:03+00:00,7.206591602980309e-05
2024-04-03 15:00:12+00:00,5.722717991515123e-05
2024-04-03 16:00:00+00:00,5.059142683897728e-05
2024-04-03 17:01:51+00:00,4.7912258479960876e-05
2024-04-03 18:00:18+00:00,4.8310893227418486e-05
2024-04-03 19:00:04+00:00,6.616765988115051e-05
2024-04-03 20:00:17+00:00,5.99238305514522e-05
2024-04-03 21:02:45+00:00,6.758421890071421e-05
2024-04-03 22:00:13+00:00,7.161154011033267e-05
2024-04-03 23:00:06+00:00,7.841605548707029e-05
2024-04-04 00:00:12+00:00,8.316460886888786e-05
2024-04-04 01:00:24+00:00,8.569121260560213e-05
2024-04-04 02:01:32+00:00,8.255540845440663e-05
2024-04-04 03:00:29+00:00,6.295323967574097e-05
2024-04-04 04:00:07+00:00,6.0137298839811394e-05
2024-04-04 05:01:25+00:00,5.105749727914614e-05
2024-04-04 06:00:05+00:00,5.1698774869231895e-05
2024-04-04 07:00:28+00:00,7.027378938555868e-05
2024-04-04 08:00:52+00:00,8.648242184920023e-05
2024-04-04 09:00:57+00:00,9.151431741364628e-05
2024-04-04 10:00:15+00:00,8.507728768632975e-05
2024-04-04 11:00:06+00:00,8.261143244276093e-05
2024-04-04 12:00:01+00:00,7.895197875224525e-05
2024-04-04 13:03:58+00:00,6.079071874119958e-05
2024-04-04 14:00:10+00:00,4.8923253432736364e-05
2024-04-04 15:01:33+00:00,4.7827014991979244e-05
2024-04-04 16:00:57+00:00,3.303845033656507e-05
2024-04-04 17:00:29+00:00,3.26387681878258e-05
2024-04-04 18:01:41+00:00,4.2957915901877604e-05
2024-04-04 19:00:20+00:00,3.374922373464882e-05
2024-04-04 20:00:16+00:00,2.4859295724191534e-05
2024-04-04 21:01:11+00:00,9.262718067590425e-06
2024-04-04 22:01:18+00:00,2.1120533716795586e-05
2024-04-04 23:03:06+00:00,2.4611706814114777e-05
2024-04-05 00:00:14+00:00,2.6636243787553296e-05
2024-04-05 01:02:22+00:00,1.6683058885804716e-05
2024-04-05 02:00:22+00:00,1.5455111721266048e-05
2024-04-05 03:01:55+00:00,3.0588188962039556e-06
2024-04-05 04:00:37+00:00,1.682503543724968e-05
2024-04-05 05:02:11+00:00,1.3412670919739505e-05
2024-04-05 06:00:21+00:00,8.162160836884568e-06
2024-04-05 07:00:41+00:00,1.5622736904853544e-05
2024-04-05 08:01:41+00:00,2.1020963331159392e-05
2024-04-05 09:00:43+00:00,3.0935941230333956e-05
2024-04-05 10:01:14+00:00,2.3358679581460732e-05
2024-04-05 11:00:25+00:00,3.32058151823918e-05
2024-04-05 12:00:05+00:00,3.978119095140007e-05
2024-04-05 13:01:10+00:00,4.4766088798030924e-05
2024-04-05 14:00:39+00:00,5.966173979412558e-05
2024-04-05 15:00:52+00:00,6.109973071170644e-05
2024-04-05 16:00:19+00:00,3.741838628926038e-05
2024-04-05 17:00:10+00:00,2.948830809875629e-05
2024-04-05 18:01:35+00:00,3.090884749813233e-05
2024-04-05 19:02:52+00:00,3.879287778368056e-05
2024-04-05 20:01:03+00:00,4.7353450030964804e-05
2024-04-05 21:03:15+00:00,4.5243737222871075e-05
2024-04-05 22:00:09+00:00,5.3593340720350195e-05
2024-04-05 23:04:16+00:00,5.316541472954595e-05
2024-04-06 00:04:59+00:00,5.474527996205363e-05
2024-04-06 01:00:32+00:00,5.428970078500424e-05
2024-04-06 02:00:58+00:00,4.852949532838916e-05
2024-04-06 03:00:44+00:00,3.217734009496721e-05
2024-04-06 04:00:03+00:00,3.594859027630598e-05
2024-04-06 05:01:20+00:00,4.0062433754092e-05
2024-04-06 06:01:02+00:00,7.214098400397235e-05
2024-04-06 07:00:45+00:00,7.684939199077648e-05
2024-04-06 08:00:37+00:00,7.755501938953319e-05
2024-04-06 09:01:37+00:00,7.385081691276399e-05
2024-04-06 10:00:26+00:00,6.991160014911194e-05
2024-04-06 11:00:18+00:00,5.999353437863366e-05
2024-04-06 12:00:01+00:00,5.3506172809402536e-05
2024-04-06 13:00:26+00:00,5.713144186355204e-05
2024-04-06 14:00:02+00:00,5.430154086970633e-05
2024-04-06 15:00:32+00:00,5.33589455870265e-05
2024-04-06 16:02:05+00:00,3.1322185038086296e-05
2024-04-06 17:00:14+00:00,3.069734587579266e-05
2024-04-06 18:00:34+00:00,3.813692324681164e-05
2024-04-06 19:00:31+00:00,5.814791145578956e-05
2024-04-06 20:00:01+00:00,6.498239972658658e-05
2024-04-06 21:00:21+00:00,6.651273978248057e-05
2024-04-06 22:01:08+00:00,7.402802360302934e-05
2024-04-06 23:00:14+00:00,7.29976040884986e-05
2024-04-07 00:04:35+00:00,5.287940046842206e-05
2024-04-07 01:01:36+00:00,4.6401488443159954e-05
2024-04-07 02:00:47+00:00,5.311300987403368e-05
2024-04-07 03:02:05+00:00,3.7061187363775546e-05
2024-04-07 04:00:12+00:00,1.9949766993347352e-05
2024-04-07 05:00:29+00:00,2.2782187182255515e-05
2024-04-07 06:00:20+00:00,3.194567884869111e-05
2024-04-07 07:00:03+00:00,3.475319737144532e-05
2024-04-07 08:01:23+00:00,4.3736314861515925e-05
2024-04-07 09:00:03+00:00,4.594628825021034e-05
2024-04-07 10:00:10+00:00,4.866332211685893e-05
2024-04-07 11:00:04+00:00,4.68970330972792e-05
2024-04-07 12:00:09+00:00,5.941352447303631e-05
2024-04-07 13:00:49+00:00,6.253216372003452e-05
2024-04-07 14:00:06+00:00,6.160857271179411e-05
2024-04-07 15:01:20+00:00,5.2238676174482315e-05
2024-04-07 16:00:04+00:00,5.443589755020135e-05
2024-04-07 17:00:03+00:00,4.7800843534239525e-05
2024-04-07 18:02:35+00:00,3.2780057425556634e-05
2024-04-07 19:00:32+00:00,2.556963510278136e-05
2024-04-07 20:00:51+00:00,4.63707298707016e-05
2024-04-07 21:00:46+00:00,4.6959369221650286e-05
2024-04-07 22:02:07+00:00,4.872234909618356e-05
2024-04-07 23:00:36+00:00,5.3563430899235674e-05
2024-04-08 00:02:21+00:00,4.1716094058417296e-05
2024-04-08 01:01:36+00:00,3.1456799190135075e-05
2024-04-08 02:01:47+00:00,4.1555029765184706e-05
2024-04-08 03:00:00+00:00,5.275715986763449e-05
2024-04-08 04:00:07+00:00,5.239153583848993e-05
2024-04-08 05:00:01+00:00,3.673036216629529e-05
2024-04-08 06:00:45+00:00,3.745842082562459e-05
2024-04-08 07:00:31+00:00,3.785411495348674e-05
2024-04-08 08:00:00+00:00,4.535543823566573e-05
2024-04-08 09:00:00+00:00,4.435159937828504e-05
2024-04-08 10:00:13+00:00,2.8522476023664933e-05
2024-04-08 11:00:28+00:00,2.1326372798083594e-05
2024-04-08 12:00:00+00:00,2.5612102238565587e-05
2024-04-08 13:00:17+00:00,3.568323472921947e-05
2024-04-08 14:00:02+00:00,4.9510440497659486e-05
2024-04-08 15:00:15+00:00,5.2896918681840476e-05
2024-04-08 16:01:03+00:00,5.117282665524729e-05
2024-04-08 17:00:20+00:00,4.943764042883988e-05
2024-04-08 18:00:02+00:00,4.7617041641564446e-05
2024-04-08 19:00:54+00:00,4.9143588123058595e-05
2024-04-08 20:00:54+00:00,5.88448591239842e-05
2024-04-08 21:03:47+00:00,5.8910458724341075e-05
2024-04-08 22:01:19+00:00,6.043473289276142e-05
2024-04-08 23:00:42+00:00,5.8398615496123475e-05
2024-04-09 00:02:53+00:00,5.4827252705344005e-05
2024-04-09 01:00:25+00:00,6.384819355534191e-05
2024-04-09 02:01:44+00:00,4.741643675545547e-05
2024-04-09 03:00:23+00:00,5.028311062558181e-05
2024-04-09 04:04:47+00:00,4.263479716364689e-05
2024-04-09 05:00:33+00:00,4.2123906515415606e-05
2024-04-09 06:00:39+00:00,4.633781717106708e-05
2024-04-09 07:00:18+00:00,5.337191737997226e-05
2024-04-09 08:00:23+00:00,6.119884596386707e-05
2024-04-09 09:00:35+00:00,6.867234741312599e-05
2024-04-09 10:00:46+00:00,7.6242027137882e-05
2024-04-09 11:00:31+00:00,7.762380271837353e-05
2024-04-09 12:00:44+00:00,7.293659898798646e-05
2024-04-09 13:00:53+00:00,8.242612541188843e-05
2024-04-09 14:00:00+00:00,8.346986538851288e-05
2024-04-09 15:00:01+00:00,7.227095321225517e-05
2024-04-09 16:01:28+00:00,4.790100906924546e-05
2024-04-09 17:00:37+00:00,6.071566195753893e-05
2024-04-09 18:00:30+00:00,7.328135824136914e-05
2024-04-09 19:00:06+00:00,8.209989827730482e-05
2024-04-09 20:00:42+00:00,6.616148297145568e-05
2024-04-09 21:00:23+00:00,6.890715754627019e-05
2024-04-09 22:00:07+00:00,6.933504106959617e-05
2024-04-09 23:00:09+00:00,6.714012541262873e-05
2024-04-10 00:02:40+00:00,7.838931495538892e-05
2024-04-10 01:00:43+00:00,6.0996798372674174e-05
2024-04-10 02:01:42+00:00,6.18683268010345e-05
2024-04-10 03:00:28+00:00,6.400560958466223e-05
2024-04-10 04:02:01+00:00,6.226036084395017e-05
2024-04-10 05:00:31+00:00,5.0653667185761355e-05
2024-04-10 06:00:17+00:00,4.957013307205644e-05
2024-04-10 07:01:17+00:00,5.96348565784979e-05
2024-04-10 08:00:30+00:00,7.424205568784539e-05
2024-04-10 09:00:05+00:00,7.584206772712333e-05
2024-04-10 10:00:22+00:00,6.963989095622528e-05
2024-04-10 11:00:23+00:00,5.13881136758703e-05
2024-04-10 12:00:37+00:00,5.6779962612554256e-05
2024-04-10 13:01:07+00:00,6.76922068498208e-05
2024-04-10 14:03:35+00:00,5.761050163645569e-05
2024-04-10 15:00:01+00:00,4.955587760081059e-05
2024-04-10 16:01:39+00:00,4.8432294006859e-05
2024-04-10 17:00:05+00:00,4.8943780412097225e-05
2024-04-10 18:00:06+00:00,5.831964625776673e-05
2024-04-10 19:00:05+00:00,6.170971269209765e-05
2024-04-10 20:00:23+00:00,6.0852145987418646e-05
2024-04-10 21:02:39+00:00,6.711099656841296e-05
2024-04-10 22:00:00+00:00,5.8940475863301524e-05
2024-04-10 23:01:19+00:00,3.202347369908196e-05
2024-04-11 00:00:12+00:00,2.887795012644072e-05
2024-04-11 01:00:24+00:00,2.7554565233732744e-05
2024-04-11 02:00:09+00:00,2.3543214751088146e-05
2024-04-11 03:00:36+00:00,1.9098815567969247e-05
2024-04-11 04:00:18+00:00,2.046183090094847e-05
2024-04-11 05:00:26+00:00,2.035348683806098e-05
2024-04-11 06:00:02+00:00,1.7209474609096738e-05
2024-04-11 07:00:03+00:00,2.113490630892511e-05
2024-04-11 08:00:28+00:00,2.1305837434490517e-05
2024-04-11 09:00:15+00:00,2.2455122891255624e-05
2024-04-11 10:00:14+00:00,4.257182305847384e-05
2024-04-11 11:00:19+00:00,4.5261418481263395e-05
2024-04-11 12:00:00+00:00,4.1609949971936226e-05
2024-04-11 13:00:24+00:00,3.785476909459195e-05
2024-04-11 14:00:32+00:00,5.441969556493066e-05
2024-04-11 15:00:01+00:00,5.815305217379115e-05
2024-04-11 16:00:06+00:00,5.64923225655688e-05
2024-04-11 17:00:26+00:00,5.2056446962759363e-05
2024-04-11 18:00:06+00:00,4.1801490303381305e-05
2024-04-11 19:00:02+00:00,3.900773652620441e-05
2024-04-11 20:02:32+00:00,5.489500227312218e-05
2024-04-11 21:00:06+00:00,7.413869361652942e-05
2024-04-11 22:00:09+00:00,7.882477922322264e-05
2024-04-11 23:00:00+00:00,8.74766035163423e-05
2024-04-12 00:00:01+00:00,7.059395677512563e-05
2024-04-12 01:01:36+00:00,7.414885727189592e-05
2024-04-12 02:00:02+00:00,7.99694400577308e-05
2024-04-12 03:00:08+00:00,6.381321200646313e-05
2024-04-12 04:00:03+00:00,5.1527239106046604e-05
2024-04-12 05:00:22+00:00,5.124635675811736e-05
2024-04-12 06:00:05+00:00,4.720647302379655e-05
2024-04-12 07:00:33+00:00,5.0802633580740816e-05
2024-04-12 08:00:06+00:00,4.643046110310235e-05
2024-04-12 09:00:01+00:00,4.309594406748751e-05
2024-04-12 10:00:01+00:00,4.636730036538512e-05
2024-04-12 11:00:05+00:00,4.7222075644869345e-05
2024-04-12 12:00:16+00:00,5.449688486692775e-05
2024-04-12 13:00:19+00:00,6.377776810855198e-05
2024-04-12 14:00:08+00:00,5.462464481968102e-05
2024-04-12 15:00:16+00:00,5.474260392173102e-05
2024-04-12 16:00:47+00:00,4.7600202072276614e-05
2024-04-12 17:00:13+00:00,6.798101905951124e-05
2024-04-12 18:00:00+00:00,7.211780327866257e-05
2024-04-12 19:00:08+00:00,6.895522496306351e-05
2024-04-12 20:01:04+00:00,5.2945142027984e-05
2024-04-12 21:00:57+00:00,3.437815317061163e-05
2024-04-12 22:00:22+00:00,3.420313017723295e-05
2024-04-12 23:00:02+00:00,2.6399554675079067e-05
2024-04-13 00:00:00+00:00,3.674260849613398e-05
2024-04-13 01:00:28+00:00,4.107336245351256e-05
2024-04-13 02:00:04+00:00,2.6543185131704288e-05
2024-04-13 03:00:14+00:00,1.4443662164342503e-05
2024-04-13 04:00:20+00:00,2.63696000687692e-05
2024-04-13 05:00:30+00:00,3.566091355589989e-05
2024-04-13 06:00:09+00:00,3.427594640209114e-05
2024-04-13 07:00:01+00:00,2.2594984997532988e-05
2024-04-13 08:00:03+00:00,1.7501900801059884e-05
2024-04-13 09:00:02+00:00,2.424753038657931e-05
2024-04-13 10:00:24+00:00,1.874680744061686e-05
2024-04-13 11:00:01+00:00,1.6343383803383517e-05
2024-04-13 12:00:05+00:00,1.6597596970573042e-05
2024-04-13 13:00:03+00:00,2.1842880366951806e-05
2024-04-13 14:00:00+00:00,2.1515744116968696e-05
2024-04-13 15:00:13+00:00,1.8096773888219093e-05
2024-04-13 16:00:10+00:00,2.049476930690197e-05
2024-04-13 17:00:08+00:00,3.598513774199009e-05
2024-04-13 18:00:06+00:00,3.312337431596068e-05
2024-04-13 19:00:25+00:00,1.871481200188217e-05
2024-04-13 20:00:22+00:00,2.030960774516649e-05
2024-04-13 21:01:05+00:00,3.5323464078432435e-05
2024-04-13 22:00:03+00:00,-1.304188097049698e-05
2024-04-13 23:00:57+00:00,-7.660759091222381e-05
2024-04-14 00:00:16+00:00,-6.629635107227195e-05
2024-04-14 01:00:24+00:00,-2.9730604336530978e-05
2024-04-14 02:00:31+00:00,-1.1649750638922588e-05
2024-04-14 03:00:29+00:00,-4.813099999238726e-06
2024-04-14 04:00:04+00:00,2.9162361582014983e-06
2024-04-14 05:00:18+00:00,8.742943932779346e-06
2024-04-14 06:00:02+00:00,9.581572867344511e-06
2024-04-14 07:00:00+00:00,9.974986381463011e-06
2024-04-14 08:00:08+00:00,7.406695492847059e-06
2024-04-14 09:00:24+00:00,9.293543775979202e-06
2024-04-14 10:00:00+00:00,1.010671761159212e-05
2024-04-14 11:00:08+00:00,3.388227589200701e-06
2024-04-14 12:00:25+00:00,5.849529311361771e-06
2024-04-14 13:00:03+00:00,2.082754933458255e-06
2024-04-14 14:00:01+00:00,4.941310024256494e-06
2024-04-14 15:00:41+00:00,4.866362023164513e-06
2024-04-14 16:00:09+00:00,3.070086694950401e-06
2024-04-14 17:00:06+00:00,3.2012839784886355e-07
2024-04-14 18:00:03+00:00,3.502231824945365e-08
2024-04-14 19:00:03+00:00,-2.850038054368769e-06
2024-04-14 20:00:01+00:00,7.486090548342292e-06
2024-04-14 21:00:00+00:00,1.2051770343866225e-05
2024-04-14 22:00:37+00:00,3.129841761869964e-06
2024-04-14 23:00:00+00:00,5.686577992677145e-06
2024-04-15 00:00:07+00:00,1.0656589769173422e-05
2024-04-15 01:00:17+00:00,8.57068303823087e-06
2024-04-15 02:00:02+00:00,2.0618294456370384e-05
2024-04-15 03:00:23+00:00,1.799360551897708e-05
2024-04-15 04:00:13+00:00,1.3383158307674528e-05
2024-04-15 05:00:20+00:00,9.870486457367786e-06
2024-04-15 06:00:08+00:00,9.02795936280382e-06
2024-04-15 07:00:33+00:00,9.752841431995695e-06
2024-04-15 08:00:02+00:00,1.728738166656198e-05
2024-04-15 09:00:00+00:00,2.0456537367503904e-05
2024-04-15 10:00:04+00:00,3.5253534122696365e-05
2024-04-15 11:00:00+00:00,3.112181463713171e-05
2024-04-15 12:00:05+00:00,2.4291929775782006e-05
2024-04-15 13:00:03+00:00,2.2720925384049488e-05
2024-04-15 14:00:02+00:00,2.171300051220015e-05
2024-04-15 15:00:06+00:00,2.2643759280836643e-05
2024-04-15 16:00:00+00:00,2.8886593936900917e-05
2024-04-15 17:00:04+00:00,2.696443569776056e-05
2024-04-15 18:00:06+00:00,2.0640097775198266e-05
2024-04-15 19:00:16+00:00,1.90567650585095e-05
2024-04-15 20:00:01+00:00,1.660601896423383e-05
2024-04-15 21:00:09+00:00,1.2930525370413242e-05
2024-04-15 22:00:00+00:00,1.3227603184432273e-05
2024-04-15 23:00:00+00:00,9.172617030811705e-06
2024-04-16 00:00:04+00:00,9.713503554447807e-06
2024-04-16 01:00:11+00:00,1.1688458459633025e-05
2024-04-16 02:00:02+00:00,1.2029732079380049e-05
2024-04-16 03:00:03+00:00,1.2197539716815516e-05
2024-04-16 04:00:21+00:00,1.127544666302027e-05
2024-04-16 05:00:09+00:00,1.7880959353758216e-05
2024-04-16 06:00:08+00:00,1.972150730750714e-05
2024-04-16 07:00:02+00:00,2.0635472353235103e-05
2024-04-16 08:00:07+00:00,2.3777469228038307e-05
2024-04-16 09:00:10+00:00,2.1150819023314368e-05
2024-04-16 10:00:03+00:00,1.749946075742206e-05
2024-04-16 11:00:02+00:00,1.344733107142189e-05
2024-04-16 12:00:02+00:00,1.2796435754309637e-05
2024-04-16 13:00:01+00:00,1.174217573007188e-05
2024-04-16 14:00:01+00:00,1.2273047221554208e-05
2024-04-16 15:00:00+00:00,1.2983528978311699e-05
2024-04-16 16:00:02+00:00,1.1193817168864703e-05
2024-04-16 17:00:03+00:00,1.2784486937059413e-05
2024-04-16 18:00:00+00:00,1.4545782290071081e-05
2024-04-16 19:00:04+00:00,1.410763168569881e-05
2024-04-16 20:00:02+00:00,1.3711166958888754e-05
2024-04-16 21:00:01+00:00,1.4048755616175475e-05
2024-04-16 22:00:00+00:00,1.3135127551123042e-05
2024-04-16 23:00:03+00:00,1.2617750073162352e-05
2024-04-17 00:00:03+00:00,1.0816172038893776e-05
2024-04-17 01:00:01+00:00,1.0768864558354757e-05
2024-04-17 02:00:05+00:00,1.1137270230955272e-05
2024-04-17 03:00:00+00:00,1.1032654327111125e-05
2024-04-17 04:00:02+00:00,1.368793165711835e-05
2024-04-17 05:00:00+00:00,1.3864607766084074e-05
2024-04-17 06:00:00+00:00,1.2037589249297251e-05
2024-04-17 07:00:01+00:00,1.3094115788705959e-05
2024-04-17 08:00:00+00:00,1.2944037606305717e-05
2024-04-17 09:00:01+00:00,1.2691325047862872e-05
2024-04-17 10:00:01+00:00,1.3251752305716714e-05
2024-04-17 11:00:00+00:00,1.595520768166985e-05
2024-04-17 12:00:01+00:00,1.4358340730624004e-05
2024-04-17 13:00:00+00:00,1.6060522289074005e-05
2024-04-17 14:00:00+00:00,1.50348482895668e-05
2024-04-17 15:00:00+00:00,1.5332906885063056e-05
2024-04-17 16:00:00+00:00,1.562567253424843e-05
2024-04-17 17:00:00+00:00,3.1003072796201854e-05
2024-04-17 18:00:00+00:00,3.991377760523441e-05
2024-04-17 19:00:00+00:00,6.058214480850467e-05
2024-04-17 20:00:00+00:00,5.60110157028491e-05
2024-04-17 21:00:01+00:00,4.186199004333946e-05
2024-04-17 22:00:00+00:00,3.136792735375655e-05
2024-04-17 23:00:02+00:00,3.71587685164079e-05
2024-04-18 00:00:00+00:00,3.180562256467489e-05
2024-04-18 01:00:02+00:00,2.773529171300634e-05
2024-04-18 02:00:08+00:00,2.4578312462596078e-05
2024-04-18 03:00:00+00:00,2.0632304247702087e-05
2024-04-18 04:00:03+00:00,3.2553239003203294e-05
2024-04-18 05:00:02+00:00,4.12957038979634e-05
2024-04-18 06:00:06+00:00,3.36037007439398e-05
2024-04-18 07:00:06+00:00,2.981041878190341e-05
2024-04-18 08:00:04+00:00,3.4763535483747756e-05
2024-04-18 09:00:02+00:00,3.170432986214275e-05
2024-04-18 10:00:13+00:00,2.6013122937526488e-05
2024-04-18 11:00:00+00:00,2.3633353566742584e-05
2024-04-18 12:00:08+00:00,3.503180642653021e-05
2024-04-18 13:00:02+00:00,3.480199270596076e-05
2024-04-18 14:00:03+00:00,3.314366155532702e-05
2024-04-18 15:00:14+00:00,2.872324902787246e-05
2024-04-18 16:00:07+00:00,2.33742537653994e-05
2024-04-18 17:00:08+00:00,2.818476949773278e-05
2024-04-18 18:00:00+00:00,2.444461187670923e-05
2024-04-18 19:00:11+00:00,3.278995318050404e-05
2024-04-18 20:00:01+00:00,3.056027215599852e-05
2024-04-18 21:00:27+00:00,2.632551687952862e-05
2024-04-18 22:00:01+00:00,2.380296386606733e-05
2024-04-18 23:00:02+00:00,3.18811028184451e-05
2024-04-19 00:00:06+00:00,2.7872435673752236e-05
2024-04-19 01:00:19+00:00,2.093012651131174e-05
2024-04-19 02:00:20+00:00,2.377016220438296e-05
2024-04-19 03:00:14+00:00,6.0595037424332844e-05
2024-04-19 04:00:33+00:00,5.666848335079153e-05
2024-04-19 05:00:50+00:00,6.084567343296909e-05
2024-04-19 06:00:39+00:00,3.0356467248639576e-05
2024-04-19 07:00:26+00:00,3.3973762513523034e-05
2024-04-19 08:00:13+00:00,3.260539158990328e-05
2024-04-19 09:00:21+00:00,3.3146207377456384e-05
2024-04-19 10:00:09+00:00,3.682020571530706e-05
2024-04-19 11:00:08+00:00,3.451001541911989e-05
2024-04-19 12:00:18+00:00,3.375518091726944e-05
2024-04-19 13:00:08+00:00,3.7908076296502065e-05
2024-04-19 14:00:20+00:00,2.8268428655810755e-05
2024-04-19 15:00:14+00:00,3.1838561224452696e-05
2024-04-19 16:00:07+00:00,3.975535598394517e-05
2024-04-19 17:00:00+00:00,3.7762363632800874e-05
2024-04-19 18:00:42+00:00,3.433648840642603e-05
2024-04-19 19:00:18+00:00,1.9659613403723454e-05
2024-04-19 20:01:41+00:00,1.5255598412942172e-05
2024-04-19 21:00:02+00:00,1.545538645811475e-05
2024-04-19 22:00:11+00:00,1.9451356325911943e-05
2024-04-19 23:00:02+00:00,1.9723174650752015e-05
2024-04-20 00:00:43+00:00,1.3800148116417238e-05
2024-04-20 01:00:40+00:00,1.2786664843679143e-05
2024-04-20 02:00:27+00:00,1.1867123617236427e-05
2024-04-20 03:01:07+00:00,1.3369353679385094e-05
2024-04-20 04:00:51+00:00,1.2363680135131547e-05
2024-04-20 05:01:13+00:00,1.4701462302809709e-05
2024-04-20 06:01:30+00:00,1.396858576832457e-05
2024-04-20 07:01:33+00:00,9.4717400685218e-06
2024-04-20 08:00:30+00:00,8.651917290238015e-06
2024-04-20 09:00:01+00:00,9.400844566554025e-06
2024-04-20 10:00:08+00:00,8.854023495614722e-06
2024-04-20 11:01:36+00:00,1.6934379419431858e-05
2024-04-20 12:00:09+00:00,1.658375497851875e-05
2024-04-20 13:00:05+00:00,2.0244375066145088e-05
2024-04-20 14:00:11+00:00,2.945545030891417e-05
2024-04-20 15:00:06+00:00,3.051197671328728e-05
2024-04-20 16:00:25+00:00,3.3796037151792154e-05
2024-04-20 17:00:11+00:00,1.851438351142984e-05
2024-04-20 18:00:08+00:00,2.17668514626818e-05
2024-04-20 19:00:05+00:00,1.9368100775887043e-05
2024-04-20 20:00:04+00:00,2.2649918030126937e-05
2024-04-20 21:00:00+00:00,2.3939241730705886e-05
2024-04-20 22:00:14+00:00,2.25124342725658e-05
2024-04-20 23:02:33+00:00,1.4335143755897884e-05
2024-04-21 00:00:46+00:00,2.314148660795794e-05
2024-04-21 01:00:18+00:00,1.5067242854012885e-05
2024-04-21 02:00:23+00:00,6.675213277720547e-06
2024-04-21 03:00:02+00:00,1.4233139485551013e-05
2024-04-21 04:00:08+00:00,2.1170697826555715e-05
2024-04-21 05:00:57+00:00,1.6178459873062912e-05
2024-04-21 06:00:32+00:00,1.810370346953826e-05
2024-04-21 07:00:24+00:00,1.8664513115791297e-05
2024-04-21 08:00:09+00:00,1.765028249900872e-05
2024-04-21 09:00:01+00:00,1.44368286030211e-05
2024-04-21 10:00:23+00:00,1.1924104247316018e-05
2024-04-21 11:00:22+00:00,1.52481353337359e-05
2024-04-21 12:00:01+00:00,2.2752238765887014e-05
2024-04-21 13:00:26+00:00,2.5310915381052628e-05
2024-04-21 14:00:25+00:00,2.258993300893134e-05
2024-04-21 15:02:11+00:00,2.3089511402055583e-05
2024-04-21 16:00:16+00:00,2.644256099280423e-05
2024-04-21 17:00:36+00:00,2.3305000571598475e-05
2024-04-21 18:00:01+00:00,1.2176282737255295e-05
2024-04-21 19:00:10+00:00,9.589730831043956e-06
2024-04-21 20:00:06+00:00,1.0436332861849044e-05
2024-04-21 21:01:16+00:00,9.97760074097088e-06
2024-04-21 22:00:38+00:00,1.172441697513222e-05
2024-04-21 23:00:14+00:00,2.0881087624648567e-05
2024-04-22 00:01:45+00:00,1.5868280057244296e-05
2024-04-22 01:00:12+00:00,1.6296965898056864e-05
2024-04-22 02:00:31+00:00,1.0165808188608762e-05
2024-04-22 03:02:03+00:00,1.2237794792491724e-05
2024-04-22 04:00:04+00:00,2.6252843233096492e-05
2024-04-22 05:00:16+00:00,2.1063666902062872e-05
2024-04-22 06:00:07+00:00,2.475861003537636e-05
2024-04-22 07:00:38+00:00,1.6291686692054602e-05
2024-04-22 08:00:21+00:00,1.641002821896048e-05
2024-04-22 09:00:44+00:00,1.3991159293958224e-05
2024-04-22 10:00:41+00:00,1.4037077886395023e-05
2024-04-22 11:01:24+00:00,1.8774227158527665e-05
2024-04-22 12:01:13+00:00,1.7225755136911414e-05
2024-04-22 13:00:05+00:00,1.3525137572434606e-05
2024-04-22 14:00:23+00:00,2.3249160536961932e-05
2024-04-22 15:00:16+00:00,1.5391614003358213e-05
2024-04-22 16:00:38+00:00,1.8379183610224997e-05
2024-04-22 17:00:26+00:00,1.809026986232074e-05
2024-04-22 18:00:04+00:00,2.3966869397383015e-05
2024-04-22 19:00:10+00:00,3.492517053762167e-05
2024-04-22 20:00:01+00:00,2.5783229496563033e-05
2024-04-22 21:00:37+00:00,3.539143301824551e-05
2024-04-22 22:00:21+00:00,3.2897574528323835e-05
2024-04-22 23:00:02+00:00,2.6805494405693508e-05
2024-04-23 00:00:20+00:00,1.466850656534559e-05
2024-04-23 01:00:49+00:00,1.404751432324173e-05
2024-04-23 02:01:55+00:00,1.5150219980118467e-05
2024-04-23 03:00:40+00:00,1.8518071761800656e-05
2024-04-23 04:01:59+00:00,1.0296591947391917e-05
2024-04-23 05:00:44+00:00,9.287917743108718e-06
2024-04-23 06:01:55+00:00,1.331017159288117e-05
2024-04-23 07:02:07+00:00,1.1309375772495502e-05
2024-04-23 08:02:31+00:00,9.335441556426481e-06
2024-04-23 09:01:12+00:00,1.1467356488923312e-05
2024-04-23 10:00:56+00:00,1.3412475973555293e-05
2024-04-23 11:00:03+00:00,1.040636165364522e-05
2024-04-23 12:00:10+00:00,8.714501735949068e-06
2024-04-23 13:00:18+00:00,1.8350042158776533e-05
2024-04-23 14:00:13+00:00,2.8242663165522417e-05
2024-04-23 15:00:02+00:00,3.9389019857777625e-05
2024-04-23 16:00:11+00:00,2.8363182734215864e-05
2024-04-23 17:00:12+00:00,2.9826109965839012e-05
2024-04-23 18:00:06+00:00,3.172308653764289e-05
2024-04-23 19:00:35+00:00,2.6505411384275655e-05
2024-04-23 20:00:24+00:00,3.4915532817569945e-05
2024-04-23 21:00:52+00:00,3.144744170376197e-05
2024-04-23 22:00:00+00:00,2.489430594653395e-05
2024-04-23 23:00:22+00:00,2.4675055652421456e-05
2024-04-24 00:01:02+00:00,1.9759351059696526e-05
2024-04-24 01:00:23+00:00,2.2761254116697687e-05
2024-04-24 02:00:17+00:00,1.9498350360649786e-05
2024-04-24 03:00:49+00:00,1.2459999147821202e-05
2024-04-24 04:00:46+00:00,9.780208303112233e-06
2024-04-24 05:00:10+00:00,8.802369689619481e-06
2024-04-24 06:00:54+00:00,5.06351033811863e-06
2024-04-24 07:00:04+00:00,8.796309115624807e-06
2024-04-24 08:00:21+00:00,7.984805407863319e-06
2024-04-24 09:01:34+00:00,8.862858540203491e-06
2024-04-24 10:00:13+00:00,1.5256611056091403e-05
2024-04-24 11:00:06+00:00,1.1391491865996526e-05
2024-04-24 12:00:00+00:00,1.309991411896474e-05
2024-04-24 13:00:38+00:00,1.412431844217195e-05
2024-04-24 14:00:05+00:00,1.9259933170357657e-05
2024-04-24 15:00:02+00:00,4.5528238348597907e-05
2024-04-24 16:00:01+00:00,3.943953845912363e-05
2024-04-24 17:00:29+00:00,2.3764917242807856e-05
2024-04-24 18:00:13+00:00,3.280065871686579e-05
2024-04-24 19:00:16+00:00,2.9454535469436847e-05
2024-04-24 20:00:08+00:00,3.1855739105295324e-05
2024-04-24 21:00:12+00:00,2.5442784271671028e-05
2024-04-24 22:00:20+00:00,2.6607109863126623e-05
2024-04-24 23:00:01+00:00,2.26857835106803e-05
2024-04-25 00:00:58+00:00,2.1390071275821173e-05
2024-04-25 01:00:26+00:00,3.1695276550824986e-05
2024-04-25 02:00:00+00:00,4.347696961978516e-05
2024-04-25 03:01:39+00:00,2.2293532885967393e-05
2024-04-25 04:00:25+00:00,1.707972138092663e-05
2024-04-25 05:00:35+00:00,1.7851658409267193e-05
2024-04-25 06:01:05+00:00,2.081229899235651e-05
2024-04-25 07:01:17+00:00,2.4835760570707497e-05
2024-04-25 08:00:04+00:00,1.9741918981877164e-05
2024-04-25 09:00:08+00:00,1.7157891885160014e-05
2024-04-25 10:00:12+00:00,1.4481488171149821e-05
2024-04-25 11:00:52+00:00,1.2245123065619172e-05
2024-04-25 12:01:24+00:00,1.7421177312336026e-05
2024-04-25 13:01:13+00:00,1.545012260381817e-05
2024-04-25 14:00:08+00:00,1.283270423623964e-05
2024-04-25 15:00:14+00:00,1.497061061456446e-05
2024-04-25 16:00:34+00:00,1.4684766529804196e-05
2024-04-25 17:00:02+00:00,1.2645695281054092e-05
2024-04-25 18:00:21+00:00,2.1868271469204214e-05
2024-04-25 19:00:39+00:00,3.1007109603811226e-05
2024-04-25 20:00:06+00:00,2.7807711581270588e-05
2024-04-25 21:00:06+00:00,2.1140532404104074e-05
2024-04-25 22:01:06+00:00,1.6533534294955974e-05
2024-04-25 23:00:20+00:00,1.9153101014260532e-05
2024-04-26 00:00:59+00:00,1.6143687542245292e-05
2024-04-26 01:00:16+00:00,1.196117281170641e-05
2024-04-26 02:00:50+00:00,1.2117661694216087e-05
2024-04-26 03:00:09+00:00,2.2871447645651218e-05
2024-04-26 04:00:56+00:00,2.9462295745039806e-05
2024-04-26 05:00:04+00:00,2.5494661849713652e-05
2024-04-26 06:00:15+00:00,2.212221345770051e-05
2024-04-26 07:00:52+00:00,1.629996649161927e-05
2024-04-26 08:00:01+00:00,1.7544732864558587e-05
2024-04-26 09:00:22+00:00,2.3326284126874263e-05
2024-04-26 10:00:33+00:00,2.6096653408557216e-05
2024-04-26 11:00:08+00:00,2.638571840396344e-05
2024-04-26 12:00:01+00:00,3.2983470075062086e-05
2024-04-26 13:00:54+00:00,4.2713886550013254e-05
2024-04-26 14:00:06+00:00,2.8580008683033937e-05
2024-04-26 15:00:18+00:00,2.032921210512405e-05
2024-04-26 16:00:18+00:00,2.3750441479152834e-05
2024-04-26 17:00:11+00:00,3.3471008662949046e-05
2024-04-26 18:00:04+00:00,5.058932943818984e-05
2024-04-26 19:01:12+00:00,3.524575502648114e-05
2024-04-26 20:00:47+00:00,1.7974956477059377e-05
2024-04-26 21:00:09+00:00,1.2689893989652692e-05
2024-04-26 22:00:18+00:00,4.76832952123302e-06
2024-04-26 23:00:30+00:00,6.868056844850089e-06
2024-04-27 00:00:27+00:00,8.95920071200196e-06
2024-04-27 01:00:15+00:00,8.591529312901718e-06
2024-04-27 02:00:28+00:00,6.968370576309874e-06
2024-04-27 03:00:54+00:00,1.212177595343504e-05
2024-04-27 04:00:22+00:00,1.5279264719594214e-05
2024-04-27 05:00:29+00:00,2.3416865360371574e-05
2024-04-27 06:00:10+00:00,2.7345192955955725e-05
2024-04-27 07:00:23+00:00,3.0847053146952596e-05
2024-04-27 08:00:21+00:00,2.9789066258817398e-05
2024-04-27 09:00:14+00:00,2.4322049812950465e-05
2024-04-27 10:00:06+00:00,2.1297572114650278e-05
2024-04-27 11:00:12+00:00,2.492377790033977e-05
2024-04-27 12:00:28+00:00,2.3292093074331015e-05
2024-04-27 13:00:11+00:00,2.5522991342694113e-05
2024-04-27 14:00:41+00:00,3.804576737688503e-05
2024-04-27 15:00:25+00:00,3.253651973918378e-05
2024-04-27 16:01:00+00:00,2.745875743934661e-05
2024-04-27 17:00:09+00:00,2.2035611226418937e-05
2024-04-27 18:00:01+00:00,2.550832761616919e-05
2024-04-27 19:00:52+00:00,1.816500212552135e-05
2024-04-27 20:00:02+00:00,1.6505276684462375e-05
2024-04-27 21:01:42+00:00,1.56849705464658e-05
2024-04-27 22:00:18+00:00,2.315954922319636e-05
2024-04-27 23:00:46+00:00,2.954123035563713e-05
2024-04-28 00:00:41+00:00,3.546472646360092e-05
2024-04-28 01:00:02+00:00,2.9764203432654035e-05
2024-04-28 02:00:31+00:00,2.844682958836232e-05
2024-04-28 03:00:01+00:00,3.3767375790394154e-05
2024-04-28 04:00:49+00:00,3.5965147531746265e-05
2024-04-28 05:00:43+00:00,3.8730715055042186e-05
2024-04-28 06:00:04+00:00,4.013206938222954e-05
2024-04-28 07:00:13+00:00,4.442554542051883e-05
2024-04-28 08:00:33+00:00,4.43600312658238e-05
2024-04-28 09:00:11+00:00,4.181931349145363e-05
2024-04-28 10:00:07+00:00,2.849284992506371e-05
2024-04-28 11:00:23+00:00,1.9381913669976445e-05
2024-04-28 12:00:45+00:00,1.213194181577967e-05
2024-04-28 13:00:44+00:00,1.0435742056430201e-05
2024-04-28 14:00:54+00:00,1.07214621970835e-05
2024-04-28 15:01:18+00:00,9.0329622420153e-06
2024-04-28 16:00:29+00:00,1.1824663563925567e-05
2024-04-28 17:01:20+00:00,1.4752152080477953e-05
2024-04-28 18:00:10+00:00,1.8629018008128646e-05
2024-04-28 19:00:15+00:00,1.9111033065641564e-05
2024-04-28 20:00:18+00:00,1.689034560297526e-05
2024-04-28 21:00:16+00:00,1.6143813248678623e-05
2024-04-28 22:00:22+00:00,1.5769321519860995e-05
2024-04-28 23:00:02+00:00,1.6159706051615742e-05
2024-04-29 00:00:10+00:00,1.7588204555765127e-05
2024-04-29 01:00:12+00:00,1.721834013397785e-05
2024-04-29 02:00:32+00:00,1.6315930593629532e-05
2024-04-29 03:00:17+00:00,1.4923891279884258e-05
2024-04-29 04:00:15+00:00,2.5394735146422616e-05
2024-04-29 05:00:19+00:00,1.9931599111090497e-05
2024-04-29 06:00:27+00:00,1.5969729591851573e-05
2024-04-29 07:00:00+00:00,1.2412281834003666e-05
2024-04-29 08:00:34+00:00,1.3951297990179088e-05
2024-04-29 09:00:30+00:00,1.9428177855332188e-05
2024-04-29 10:00:00+00:00,1.9093043764862738e-05
2024-04-29 11:00:39+00:00,2.1406777029305443e-05
2024-04-29 12:00:25+00:00,1.9393675212853564e-05
2024-04-29 13:00:06+00:00,1.9949024178398356e-05
2024-04-29 14:00:15+00:00,1.990867084622101e-05
2024-04-29 15:00:30+00:00,1.9442714657687976e-05
2024-04-29 16:00:30+00:00,2.0689282375176252e-05
2024-04-29 17:00:21+00:00,1.643337541695126e-05
2024-04-29 18:00:05+00:00,1.3754932916727428e-05
2024-04-29 19:01:07+00:00,1.1352779906798794e-05
2024-04-29 20:00:06+00:00,1.684701340330019e-05
2024-04-29 21:01:31+00:00,1.1669529223642826e-05
2024-04-29 22:00:01+00:00,1.0868503871817828e-05
2024-04-29 23:00:06+00:00,1.6373938749907562e-05
2024-04-30 00:00:04+00:00,1.682411655450943e-05
2024-04-30 01:00:13+00:00,1.2206155765137703e-05
2024-04-30 02:00:00+00:00,1.0738322641645528e-05
2024-04-30 03:00:11+00:00,2.0460289932491847e-05
2024-04-30 04:00:58+00:00,1.690733000240748e-05
2024-04-30 05:01:03+00:00,1.1819315498609935e-05
2024-04-30 06:00:12+00:00,9.437974643827772e-06
2024-04-30 07:00:12+00:00,8.420772069102502e-06
2024-04-30 08:01:12+00:00,7.667419159601728e-06
2024-04-30 09:00:01+00:00,5.528245338325401e-06
2024-04-30 10:00:16+00:00,7.725210982220645e-06
2024-04-30 11:00:19+00:00,1.0631026314934727e-05
2024-04-30 12:00:03+00:00,1.1277800754339366e-05
2024-04-30 13:00:04+00:00,1.1586036533280201e-05
2024-04-30 14:00:04+00:00,1.1781326831298985e-05
2024-04-30 15:00:29+00:00,1.991151141174322e-05
2024-04-30 16:00:49+00:00,1.6326874154584086e-05
2024-04-30 17:00:03+00:00,1.4249038595046657e-05
2024-04-30 18:00:13+00:00,1.4400404267526174e-05
2024-04-30 19:01:34+00:00,1.623125265951193e-05
2024-04-30 20:00:04+00:00,1.1137559202590607e-05
2024-04-30 21:00:15+00:00,1.342304776787609e-05
2024-04-30 22:00:05+00:00,2.516453541988935e-05
2024-04-30 23:00:36+00:00,3.147675660329984e-05
2024-05-01 00:00:31+00:00,1.965272115170197e-05
2024-05-01 01:00:51+00:00,1.4501840200283261e-05
2024-05-01 02:00:03+00:00,1.8200525728731784e-05
2024-05-01 03:01:12+00:00,1.4120930617869655e-05
2024-05-01 04:00:29+00:00,1.504225419875226e-05
2024-05-01 05:00:02+00:00,2.193913941671628e-05
2024-05-01 06:00:00+00:00,1.9350024563219324e-05
2024-05-01 07:00:08+00:00,1.5801527807878492e-05
2024-05-01 08:00:05+00:00,6.71212864867937e-06
2024-05-01 09:00:29+00:00,-9.080940618814443e-07
2024-05-01 10:00:03+00:00,2.8986977638346878e-06
2024-05-01 11:00:11+00:00,7.655341306886632e-06
2024-05-01 12:00:25+00:00,1.0595034256837646e-05
2024-05-01 13:00:24+00:00,1.1204215677345478e-05
2024-05-01 14:00:01+00:00,1.5583464755771523e-05
2024-05-01 15:00:17+00:00,2.812839177248238e-05
2024-05-01 16:00:09+00:00,2.395840486548139e-05
2024-05-01 17:00:11+00:00,2.403745098524121e-05
2024-05-01 18:00:00+00:00,4.3475241933146754e-05
2024-05-01 19:00:16+00:00,4.9645756491835716e-05
2024-05-01 20:00:07+00:00,2.2479867664630783e-05
2024-05-01 21:00:15+00:00,2.657259852414695e-05
2024-05-01 22:00:07+00:00,1.9694424429200988e-05
2024-05-01 23:00:05+00:00,2.301097829170841e-05
2024-05-02 00:00:27+00:00,4.441614582860704e-05
2024-05-02 01:00:04+00:00,1.8863720537972483e-05
2024-05-02 02:00:17+00:00,1.3293410882336718e-05
2024-05-02 03:00:00+00:00,1.649580027871987e-05
2024-05-02 04:00:00+00:00,2.1854385830373077e-05
2024-05-02 05:00:07+00:00,2.3255608082283444e-05
2024-05-02 06:00:03+00:00,5.522960978241627e-05
2024-05-02 07:00:58+00:00,4.14552405522998e-05
2024-05-02 08:00:32+00:00,2.6044374171667232e-05
2024-05-02 09:00:12+00:00,2.1896576749024053e-05
2024-05-02 10:00:03+00:00,2.3721618688151565e-05
2024-05-02 11:00:18+00:00,1.913659020410969e-05
2024-05-02 12:00:20+00:00,2.899209715314768e-05
2024-05-02 13:00:25+00:00,1.894364851193914e-05
2024-05-02 14:00:56+00:00,1.2677921839789386e-05
2024-05-02 15:00:09+00:00,1.0240785004080589e-05
2024-05-02 16:00:15+00:00,6.154083920742049e-06
2024-05-02 17:01:07+00:00,1.7134774921123603e-06
2024-05-02 18:00:02+00:00,3.985857978972661e-06
2024-05-02 19:00:05+00:00,2.375396446228345e-06
2024-05-02 20:00:08+00:00,6.370922803906254e-06
2024-05-02 21:00:32+00:00,-4.910211423337258e-08
2024-05-02 22:00:30+00:00,8.109628779846234e-06
2024-05-02 23:00:02+00:00,1.0631362824504126e-05
2024-05-03 00:00:24+00:00,-4.797995378672389e-06
2024-05-03 01:00:33+00:00,6.577492816227143e-06
2024-05-03 02:00:30+00:00,1.1399010839500093e-05
2024-05-03 03:00:16+00:00,1.6261401275667865e-05
2024-05-03 04:00:17+00:00,9.982903582154461e-06
2024-05-03 05:00:05+00:00,4.7868132889755435e-06
2024-05-03 06:00:36+00:00,4.772678238641737e-06
2024-05-03 07:00:54+00:00,7.537280619839666e-06
2024-05-03 08:00:33+00:00,8.205932785342487e-06
2024-05-03 09:00:31+00:00,8.173948128021194e-06
2024-05-03 10:00:07+00:00,9.480182809883312e-06
2024-05-03 11:00:25+00:00,1.8342515167099143e-05
2024-05-03 12:00:31+00:00,3.1426934064261105e-05
2024-05-03 13:00:15+00:00,3.916743851749905e-05
2024-05-03 14:00:05+00:00,2.975605252545191e-05
2024-05-03 15:00:31+00:00,1.5361455560864295e-05
2024-05-03 16:00:15+00:00,1.5244857477308754e-05
2024-05-03 17:00:38+00:00,1.3302128274768551e-05
2024-05-03 18:00:18+00:00,1.035178635061076e-05
2024-05-03 19:00:51+00:00,9.919420576018767e-06
2024-05-03 20:00:05+00:00,1.2844060956302288e-05
2024-05-03 21:00:49+00:00,1.5991417521782772e-05
2024-05-03 22:00:02+00:00,1.0461254457547617e-05
2024-05-03 23:00:29+00:00,8.533403897420036e-06
2024-05-04 00:00:48+00:00,1.0975488069995871e-05
2024-05-04 01:00:50+00:00,1.8704214308298076e-05
2024-05-04 02:00:36+00:00,2.4772649086589466e-05
2024-05-04 03:00:10+00:00,1.4089806646988075e-05
2024-05-04 04:00:10+00:00,2.710134249376728e-05
2024-05-04 05:00:30+00:00,3.352940942796468e-05
2024-05-04 06:00:15+00:00,3.557180159194984e-05
2024-05-04 07:01:24+00:00,3.411894419806425e-05
2024-05-04 08:00:10+00:00,3.108017222741257e-05
2024-05-04 09:00:08+00:00,4.04054454771977e-05
2024-05-04 10:00:07+00:00,3.9872214688548284e-05
2024-05-04 11:00:09+00:00,3.99992045254689e-05
2024-05-04 12:00:16+00:00,2.1030113151792322e-05
2024-05-04 13:00:24+00:00,1.999858347139761e-05
2024-05-04 14:00:04+00:00,4.018458892324251e-05
2024-05-04 15:00:30+00:00,2.484428500641455e-05
2024-05-04 16:00:24+00:00,1.4551677374355066e-05
2024-05-04 17:00:40+00:00,1.303774365573678e-05
2024-05-04 18:00:47+00:00,1.2416649990531331e-05
2024-05-04 19:00:32+00:00,1.3064110274210503e-05
2024-05-04 20:00:01+00:00,1.471675793070132e-05
2024-05-04 21:00:13+00:00,1.5744992207560437e-05
2024-05-04 22:00:12+00:00,1.4149059735260452e-05
2024-05-04 23:00:10+00:00,1.2840526208915077e-05
2024-05-05 00:00:05+00:00,1.4683221243259596e-05
2024-05-05 01:00:15+00:00,1.1671750501397633e-05
2024-05-05 02:00:21+00:00,1.1356756063241397e-05
2024-05-05 03:00:18+00:00,1.0690887060811784e-05
2024-05-05 04:00:11+00:00,1.5919357768306837e-05
2024-05-05 05:00:22+00:00,1.8756748791144223e-05
2024-05-05 06:00:34+00:00,2.0262773424981374e-05
2024-05-05 07:00:46+00:00,1.6273792557273708e-05
2024-05-05 08:00:31+00:00,2.2729020559615495e-05
2024-05-05 09:00:12+00:00,2.5296987929319873e-05
2024-05-05 10:00:45+00:00,2.842443449954342e-05
2024-05-05 11:00:13+00:00,2.9805226067305077e-05
2024-05-05 12:00:01+00:00,3.431649737626096e-05
2024-05-05 13:00:15+00:00,2.049069978203587e-05
2024-05-05 14:00:24+00:00,1.3562413571518452e-05
2024-05-05 15:00:16+00:00,1.1527351251072627e-05
2024-05-05 16:00:04+00:00,1.2072728813782825e-05
2024-05-05 17:00:29+00:00,1.351049301198978e-05
2024-05-05 18:00:10+00:00,1.2521169522893244e-05
2024-05-05 19:01:02+00:00,9.549250427927838e-06
2024-05-05 20:00:10+00:00,8.550739960427988e-06
2024-05-05 21:00:34+00:00,9.402890449684967e-06
2024-05-05 22:00:04+00:00,1.5374558212570696e-05
2024-05-05 23:00:12+00:00,1.0862275570357217e-05
2024-05-06 00:00:04+00:00,1.2729680738593741e-05
2024-05-06 01:00:35+00:00,1.3189418495099686e-05
2024-05-06 02:00:30+00:00,1.3165365162971457e-05
2024-05-06 03:00:28+00:00,2.836787624640058e-05
2024-05-06 04:00:06+00:00,3.008596348322713e-05
2024-05-06 05:00:04+00:00,3.236301794077803e-05
2024-05-06 06:00:04+00:00,3.129849066219192e-05
2024-05-06 07:00:12+00:00,2.6422344492632244e-05
2024-05-06 08:00:28+00:00,2.1619612353382537e-05
2024-05-06 09:00:00+00:00,2.1778138075062672e-05
2024-05-06 10:01:00+00:00,1.9175764846887927e-05
2024-05-06 11:00:02+00:00,2.252581162233999e-05
2024-05-06 12:00:07+00:00,2.3949148524516427e-05
2024-05-06 13:00:17+00:00,1.790656788643476e-05
2024-05-06 14:00:09+00:00,2.519678115541943e-05
2024-05-06 15:00:21+00:00,1.114123119577761e-05
2024-05-06 16:00:20+00:00,2.183607646963167e-05
2024-05-06 17:00:14+00:00,2.5729039388627424e-05
2024-05-06 18:00:01+00:00,3.551958229834474e-05
2024-05-06 19:00:00+00:00,3.028253531897716e-05
2024-05-06 20:00:23+00:00,3.257511402908809e-05
2024-05-06 21:00:22+00:00,7.09291052722083e-05
2024-05-06 22:00:09+00:00,6.287311584976373e-05
2024-05-06 23:01:03+00:00,6.41672254194701e-05
2024-05-07 00:00:42+00:00,7.01624261553735e-05
2024-05-07 01:00:30+00:00,0.0001026076600812174
2024-05-07 02:00:25+00:00,0.00010587371938370502
2024-05-07 03:01:16+00:00,8.066738730706694e-05
2024-05-07 04:00:07+00:00,7.986627009301016e-05
2024-05-07 05:00:24+00:00,9.206688478689435e-05
2024-05-07 06:00:16+00:00,8.637896636074958e-05
2024-05-07 07:01:31+00:00,5.673511933336736e-05
2024-05-07 08:00:22+00:00,6.230228229459967e-05
2024-05-07 09:00:10+00:00,7.054720019494478e-05
2024-05-07 10:00:15+00:00,6.340678575547545e-05
2024-05-07 11:00:15+00:00,7.439317646557049e-05
2024-05-07 12:00:11+00:00,7.189287231141399e-05
2024-05-07 13:00:02+00:00,5.9505346285067136e-05
2024-05-07 14:00:07+00:00,6.240521717649828e-05
2024-05-07 15:00:04+00:00,6.062384409794202e-05
2024-05-07 16:00:41+00:00,3.9068298427558665e-05
2024-05-07 17:00:13+00:00,4.019423644857476e-05
2024-05-07 18:00:38+00:00,4.503853183450117e-05
2024-05-07 19:00:14+00:00,5.1101616304522116e-05
2024-05-07 20:00:27+00:00,5.5008760112820524e-05
2024-05-07 21:00:15+00:00,6.053626907685279e-05
2024-05-07 22:00:39+00:00,5.347936157154504e-05
2024-05-07 23:00:22+00:00,5.561878050545859e-05
2024-05-08 00:00:04+00:00,4.422030331502632e-05
2024-05-08 01:00:31+00:00,5.07504916890896e-05
2024-05-08 02:00:20+00:00,5.1182433676411635e-05
2024-05-08 03:00:17+00:00,5.821670515747818e-05
2024-05-08 04:00:29+00:00,6.41438153529366e-05
2024-05-08 05:00:37+00:00,5.934560353619327e-05
2024-05-08 06:00:38+00:00,5.492247660164594e-05
2024-05-08 07:00:09+00:00,5.665640101802832e-05
2024-05-08 08:00:04+00:00,5.9936120125617505e-05
2024-05-08 09:00:08+00:00,2.4827665263174154e-05
2024-05-08 10:00:08+00:00,1.470222313581674e-05
2024-05-08 11:00:10+00:00,1.1344386538977565e-05
2024-05-08 12:00:27+00:00,9.241788857019543e-06
2024-05-08 13:00:06+00:00,1.3929360060077063e-05
2024-05-08 14:00:04+00:00,1.0759333435220147e-05
2024-05-08 15:00:14+00:00,1.7539178717347723e-05
2024-05-08 16:00:04+00:00,2.1397527486266416e-05
2024-05-08 17:00:12+00:00,1.9625082699273674e-05
2024-05-08 18:00:13+00:00,2.2758246559453858e-05
2024-05-08 19:00:10+00:00,1.9149469838421626e-05
2024-05-08 20:00:07+00:00,1.3174040309697853e-05
2024-05-08 21:00:15+00:00,1.1369832074404326e-05
2024-05-08 22:00:04+00:00,2.1589087936912366e-05
2024-05-08 23:00:01+00:00,2.811636093494326e-05
2024-05-09 00:00:19+00:00,2.7933331240134115e-05
2024-05-09 01:00:12+00:00,2.6213191475303753e-05
2024-05-09 02:00:06+00:00,3.4822906473571463e-05
2024-05-09 03:00:09+00:00,4.3038498266878126e-05
2024-05-09 04:00:15+00:00,4.385587278244929e-05
2024-05-09 05:00:19+00:00,3.726855296717537e-05
2024-05-09 06:00:12+00:00,2.881737660571701e-05
2024-05-09 07:00:10+00:00,2.1285532061420492e-05
2024-05-09 08:00:07+00:00,2.4950126350614724e-05
2024-05-09 09:00:11+00:00,4.5460713557855586e-05
2024-05-09 10:00:12+00:00,6.0704473139031284e-05
2024-05-09 11:00:01+00:00,5.782006586863254e-05
2024-05-09 12:00:03+00:00,4.869121750793658e-05
2024-05-09 13:00:17+00:00,4.679156923091858e-05
2024-05-09 14:00:35+00:00,2.618418870005918e-05
2024-05-09 15:00:22+00:00,1.5217487442983814e-05
2024-05-09 16:00:38+00:00,1.526506443232413e-05
2024-05-09 17:00:08+00:00,1.6078657747391943e-05
2024-05-09 18:00:05+00:00,1.2972528646796943e-05
2024-05-09 19:00:09+00:00,1.9223967054994435e-05
2024-05-09 20:00:30+00:00,4.066948021059948e-05
2024-05-09 21:00:03+00:00,3.6431095038432816e-05
2024-05-09 22:00:29+00:00,3.004401463461435e-05
2024-05-09 23:00:05+00:00,3.0206917662413985e-05
2024-05-10 00:00:07+00:00,2.702956748317654e-05
2024-05-10 01:00:27+00:00,2.820353901120239e-05
2024-05-10 02:00:09+00:00,2.4873600612370813e-05
2024-05-10 03:00:00+00:00,3.7504233080612725e-05
2024-05-10 04:00:22+00:00,4.995034314284811e-05
2024-05-10 05:00:05+00:00,5.602202101855572e-05
2024-05-10 06:00:06+00:00,6.242678721811776e-05
2024-05-10 07:00:08+00:00,6.942231347169394e-05
2024-05-10 08:00:07+00:00,5.74785266553852e-05
2024-05-10 09:00:12+00:00,5.274474278154733e-05
2024-05-10 10:00:21+00:00,4.750213917815945e-05
2024-05-10 11:00:45+00:00,4.665198818267953e-05
2024-05-10 12:01:13+00:00,5.4549553613957644e-05
2024-05-10 13:00:30+00:00,2.8329159221087327e-05
2024-05-10 14:00:05+00:00,1.7365403627574395e-05
2024-05-10 15:00:15+00:00,1.492565202649604e-05
2024-05-10 16:00:12+00:00,1.8206555280507967e-05
2024-05-10 17:00:09+00:00,4.627087661580665e-05
2024-05-10 18:00:02+00:00,3.285768667005339e-05
2024-05-10 19:00:00+00:00,3.0008749146748262e-05
2024-05-10 20:00:19+00:00,3.050574428675741e-05
2024-05-10 21:01:00+00:00,3.229407439840038e-05
2024-05-10 22:00:06+00:00,2.8740893760488937e-05
2024-05-10 23:00:07+00:00,2.207375477709984e-05
2024-05-11 00:00:22+00:00,2.2963995275095612e-05
2024-05-11 01:00:05+00:00,2.872202874219124e-05
2024-05-11 02:00:26+00:00,3.0017645640860437e-05
2024-05-11 03:00:44+00:00,3.1614236376922416e-05
2024-05-11 04:00:24+00:00,2.9840321325883113e-05
2024-05-11 05:00:26+00:00,2.8554271472244266e-05
2024-05-11 06:00:17+00:00,3.3470658710079e-05
2024-05-11 07:00:04+00:00,3.793107843023627e-05
2024-05-11 08:00:19+00:00,3.41280537700069e-05
2024-05-11 09:00:49+00:00,2.57570167052265e-05
2024-05-11 10:00:18+00:00,1.7294580647833326e-05
2024-05-11 11:00:15+00:00,1.8796946860594445e-05
2024-05-11 12:00:04+00:00,1.7004972190107764e-05
2024-05-11 13:00:37+00:00,1.7177716744756914e-05
2024-05-11 14:00:58+00:00,1.875236455370994e-05
2024-05-11 15:00:31+00:00,2.2337758114547897e-05
2024-05-11 16:00:05+00:00,2.885802031617908e-05
2024-05-11 17:00:38+00:00,4.5875638277494345e-05
2024-05-11 18:00:01+00:00,3.440613951627317e-05
2024-05-11 19:00:15+00:00,3.182649156791997e-05
2024-05-11 20:00:08+00:00,3.538938438568735e-05
2024-05-11 21:00:14+00:00,3.634986330347906e-05
2024-05-11 22:01:14+00:00,3.0083871424401653e-05
2024-05-11 23:00:21+00:00,3.275648492188716e-05
2024-05-12 00:00:06+00:00,3.266785787224261e-05
2024-05-12 01:00:37+00:00,2.5583879176519823e-05
2024-05-12 02:00:16+00:00,2.6416752374841535e-05
2024-05-12 03:00:39+00:00,2.3224796208439817e-05
2024-05-12 04:00:20+00:00,2.0877554538449364e-05
2024-05-12 05:00:04+00:00,2.4500828062343245e-05
2024-05-12 06:00:00+00:00,2.426793047956607e-05
2024-05-12 07:00:32+00:00,2.52474478880269e-05
2024-05-12 08:00:19+00:00,2.1856077802882357e-05
2024-05-12 09:00:38+00:00,2.3115058836491853e-05
2024-05-12 10:00:01+00:00,2.237540523363714e-05
2024-05-12 11:00:26+00:00,2.5819567298909425e-05
2024-05-12 12:00:20+00:00,3.113473902611863e-05
2024-05-12 13:00:18+00:00,2.8102990942392707e-05
2024-05-12 14:00:02+00:00,2.5116939488827193e-05
2024-05-12 15:00:39+00:00,2.1809900888333572e-05
2024-05-12 16:00:07+00:00,2.293627398095352e-05
2024-05-12 17:00:06+00:00,1.9015786000147777e-05
2024-05-12 18:00:04+00:00,2.4151663525318284e-05
2024-05-12 19:00:24+00:00,1.9595438359549826e-05
2024-05-12 20:00:10+00:00,2.435921591007269e-05
2024-05-12 21:00:01+00:00,2.73624742491681e-05
2024-05-12 22:00:05+00:00,2.5371827987745232e-05
2024-05-12 23:00:03+00:00,2.7079276738070867e-05
2024-05-13 00:00:01+00:00,2.6771890455194204e-05
2024-05-13 01:00:08+00:00,2.2266162299579497e-05
2024-05-13 02:00:03+00:00,2.2176426129218977e-05
2024-05-13 03:00:30+00:00,2.048413758924233e-05
2024-05-13 04:00:10+00:00,2.6829525355635327e-05
2024-05-13 05:00:40+00:00,2.9577551379516336e-05
2024-05-13 06:00:09+00:00,2.4625701364175974e-05
2024-05-13 07:00:19+00:00,2.5586927274910582e-05
2024-05-13 08:00:05+00:00,2.39831426005528e-05
2024-05-13 09:00:05+00:00,2.737600106044747e-05
2024-05-13 10:00:32+00:00,3.189782449670421e-05
2024-05-13 11:00:12+00:00,2.7254369058776568e-05
2024-05-13 12:00:07+00:00,2.3085372223227135e-05
2024-05-13 13:00:01+00:00,3.221670791118384e-05
2024-05-13 14:00:26+00:00,3.7051064458443094e-05
2024-05-13 15:00:16+00:00,2.4808084747952305e-05
2024-05-13 16:00:34+00:00,1.478962015414551e-05
2024-05-13 17:00:06+00:00,1.0898842179582235e-05
2024-05-13 18:00:19+00:00,1.120170753463724e-05
2024-05-13 19:00:02+00:00,1.1202854453466173e-05
2024-05-13 20:00:05+00:00,1.2838764841605475e-05
2024-05-13 21:00:44+00:00,1.2540279816329126e-05
2024-05-13 22:00:25+00:00,1.513367281567107e-05
2024-05-13 23:00:19+00:00,2.460151252259913e-05
2024-05-14 00:00:14+00:00,2.286946896652053e-05
2024-05-14 01:00:21+00:00,2.0083649688941653e-05
2024-05-14 02:00:01+00:00,2.674497432007828e-05
2024-05-14 03:00:18+00:00,2.3937311094295227e-05
2024-05-14 04:00:00+00:00,3.499875041678288e-05
2024-05-14 05:00:23+00:00,3.370639132440697e-05
2024-05-14 06:00:14+00:00,4.749057192475189e-05
2024-05-14 07:00:06+00:00,3.685210863037589e-05
2024-05-14 08:00:13+00:00,3.489815333404535e-05
2024-05-14 09:00:10+00:00,3.2297075039368775e-05
2024-05-14 10:00:17+00:00,2.4856734620580534e-05
2024-05-14 11:00:24+00:00,2.804989041709013e-05
2024-05-14 12:00:59+00:00,3.7827801175984275e-05
2024-05-14 13:00:12+00:00,4.156778918720343e-05
2024-05-14 14:00:18+00:00,3.5964093915736465e-05
2024-05-14 15:00:00+00:00,2.6411277875379802e-05
2024-05-14 16:00:10+00:00,1.72206978373313e-05
2024-05-14 17:01:16+00:00,1.4627381405007113e-05
2024-05-14 18:00:11+00:00,1.6180931598070192e-05
2024-05-14 19:00:04+00:00,2.2940269242040342e-05
2024-05-14 20:00:12+00:00,2.6211718468324836e-05
2024-05-14 21:00:46+00:00,2.6084014036365802e-05
2024-05-14 22:00:29+00:00,3.0820650119525495e-05
2024-05-14 23:00:12+00:00,3.2096130551353025e-05
2024-05-15 00:01:06+00:00,3.310351025119292e-05
2024-05-15 01:00:28+00:00,2.6670715478423734e-05
2024-05-15 02:00:29+00:00,3.208072837970255e-05
2024-05-15 03:00:08+00:00,3.0714281766550844e-05
2024-05-15 04:00:34+00:00,3.391818775475379e-05
2024-05-15 05:00:25+00:00,3.192350876822258e-05
2024-05-15 06:00:05+00:00,2.6818397389396952e-05
2024-05-15 07:00:11+00:00,2.133664955243305e-05
2024-05-15 08:00:07+00:00,2.5247887563041147e-05
2024-05-15 09:00:15+00:00,3.0190530654383588e-05
2024-05-15 10:00:11+00:00,3.335224538286608e-05
2024-05-15 11:00:18+00:00,1.2300694497870102e-05
2024-05-15 12:00:27+00:00,7.2615936496101375e-06
2024-05-15 13:00:05+00:00,1.5271601991039306e-05
2024-05-15 14:00:00+00:00,1.6629240080364137e-05
2024-05-15 15:00:06+00:00,1.915033774542532e-05
2024-05-15 16:00:50+00:00,1.4054666177707637e-05
2024-05-15 17:00:21+00:00,9.087995105965243e-06
2024-05-15 18:00:03+00:00,7.806386737688992e-06
2024-05-15 19:00:08+00:00,1.3410516759104529e-05
2024-05-15 20:00:35+00:00,1.712263245248955e-05
2024-05-15 21:01:11+00:00,1.885754331731539e-05
2024-05-15 22:00:44+00:00,1.2242988922558062e-05
2024-05-15 23:00:44+00:00,1.140249464765249e-05
2024-05-16 00:00:12+00:00,1.6347060991459507e-05
2024-05-16 01:00:31+00:00,2.7980814874448568e-05
2024-05-16 02:00:13+00:00,2.676846710117508e-05
2024-05-16 03:00:16+00:00,1.5022409309719381e-05
2024-05-16 04:00:16+00:00,1.0291132088041067e-05
2024-05-16 05:00:15+00:00,1.0132791604276211e-05
2024-05-16 06:00:14+00:00,1.543717596279086e-05
2024-05-16 07:00:10+00:00,1.722513479529542e-05
2024-05-16 08:00:29+00:00,1.696585077411182e-05
2024-05-16 09:00:17+00:00,1.4613368164128799e-05
2024-05-16 10:00:18+00:00,1.1541783496170932e-05
2024-05-16 11:00:24+00:00,9.923631098349633e-06
2024-05-16 12:00:01+00:00,1.0428976685330418e-05
2024-05-16 13:00:20+00:00,1.0184297805394087e-05
2024-05-16 14:00:06+00:00,1.0929377649865794e-05
2024-05-16 15:00:26+00:00,1.0172177884321922e-05
2024-05-16 16:00:08+00:00,4.65148839513254e-06
2024-05-16 17:00:22+00:00,4.462674442329054e-06
2024-05-16 18:00:09+00:00,1.8171358740715676e-06
2024-05-16 19:00:10+00:00,6.381156183408286e-06
2024-05-16 20:00:09+00:00,1.4331437855097374e-05
2024-05-16 21:00:30+00:00,1.5341517016500763e-05
2024-05-16 22:00:21+00:00,1.5421482128236985e-05
2024-05-16 23:00:50+00:00,1.6845670049349767e-05
2024-05-17 00:00:06+00:00,1.4826053011590943e-05
2024-05-17 01:00:25+00:00,1.3942414050030637e-05
2024-05-17 02:01:26+00:00,1.4343535750516928e-05
2024-05-17 03:00:22+00:00,1.7863138487275665e-05
2024-05-17 04:00:15+00:00,1.7102149897593066e-05
2024-05-17 05:00:17+00:00,1.0758326508428888e-05
2024-05-17 06:00:12+00:00,1.0327266749371059e-05
2024-05-17 07:00:09+00:00,1.2506496122929275e-05
2024-05-17 08:00:31+00:00,2.0093483616457687e-05
2024-05-17 09:00:31+00:00,2.799903608268304e-05
2024-05-17 10:00:21+00:00,2.930685836051253e-05
2024-05-17 11:00:16+00:00,2.4971694965416227e-05
2024-05-17 12:01:30+00:00,1.680148098608588e-05
2024-05-17 13:00:39+00:00,1.7640878395550596e-05
2024-05-17 14:00:17+00:00,1.2828268515965271e-05
2024-05-17 15:00:09+00:00,1.5537721607795003e-05
2024-05-17 16:00:27+00:00,1.4427419351355227e-05
2024-05-17 17:00:51+00:00,1.0611774886625628e-05
2024-05-17 18:00:08+00:00,7.493124257315706e-06
2024-05-17 19:00:03+00:00,1.1819955241796087e-05
2024-05-17 20:00:13+00:00,1.8446174619742236e-05
2024-05-17 21:00:38+00:00,1.564405288807417e-05
2024-05-17 22:00:03+00:00,1.609024521466624e-05
2024-05-17 23:00:52+00:00,1.7794890824611352e-05
2024-05-18 00:00:23+00:00,2.871377955877784e-05
2024-05-18 01:00:36+00:00,2.7976367083358076e-05
2024-05-18 02:01:04+00:00,2.406666892743e-05
2024-05-18 03:00:47+00:00,2.2772121456937415e-05
2024-05-18 04:00:27+00:00,2.0522836323086875e-05
2024-05-18 05:00:55+00:00,1.9301795477488483e-05
2024-05-18 06:01:13+00:00,1.6711660607857496e-05
2024-05-18 07:00:13+00:00,1.543007107810607e-05
2024-05-18 08:00:53+00:00,1.3980157366108314e-05
2024-05-18 09:00:12+00:00,1.3546964305456722e-05
2024-05-18 10:00:12+00:00,3.2717394796550336e-05
2024-05-18 11:01:28+00:00,4.674805523485935e-05
2024-05-18 12:00:23+00:00,3.8335511490005005e-05
2024-05-18 13:00:07+00:00,2.182859042827314e-05
2024-05-18 14:00:11+00:00,5.525459321497024e-06
2024-05-18 15:00:36+00:00,3.5158194050796934e-06
2024-05-18 16:00:27+00:00,6.1200743889975066e-06
2024-05-18 17:00:33+00:00,5.788936928774352e-06
2024-05-18 18:00:25+00:00,5.116717510013111e-06
2024-05-18 19:00:30+00:00,4.2830263758227654e-06
2024-05-18 20:00:05+00:00,8.292005116650042e-06
2024-05-18 21:00:00+00:00,8.88019041995799e-06
2024-05-18 22:00:15+00:00,4.689446106184425e-06
2024-05-18 23:00:39+00:00,2.433169528077282e-06
2024-05-19 00:00:24+00:00,6.688108893700211e-06
2024-05-19 01:00:40+00:00,1.1999245986796902e-05
2024-05-19 02:00:40+00:00,1.4851762185675582e-05
2024-05-19 03:00:10+00:00,1.3995902179773207e-05
2024-05-19 04:00:52+00:00,1.0109753573419802e-05
2024-05-19 05:00:33+00:00,5.947178559876546e-06
2024-05-19 06:00:09+00:00,1.8889040078290474e-05
2024-05-19 07:00:16+00:00,1.8002667809198062e-05
2024-05-19 08:00:16+00:00,1.3637653653789944e-05
2024-05-19 09:00:47+00:00,1.675753900357084e-05
2024-05-19 10:00:12+00:00,1.66502431517222e-05
2024-05-19 11:00:24+00:00,1.1721412111344758e-05
2024-05-19 12:01:07+00:00,1.0955101822306836e-05
2024-05-19 13:00:06+00:00,1.0692395631188568e-05
2024-05-19 14:00:42+00:00,9.774752136751901e-06
2024-05-19 15:00:44+00:00,1.3059227306045661e-05
2024-05-19 16:00:18+00:00,1.16478936653176e-05
2024-05-19 17:00:33+00:00,9.258385229596486e-06
2024-05-19 18:00:08+00:00,1.0569392664365443e-05
2024-05-19 19:00:52+00:00,1.3317975678315345e-05
2024-05-19 20:00:05+00:00,9.590697653696198e-06
2024-05-19 21:00:16+00:00,1.2261531248869756e-05
2024-05-19 22:00:11+00:00,2.3339735228921857e-05
2024-05-19 23:00:03+00:00,3.0144822441569788e-05
2024-05-20 00:00:34+00:00,2.6137672567439808e-05
2024-05-20 01:00:17+00:00,2.0946650976018972e-05
2024-05-20 02:00:15+00:00,1.9603458081126632e-05
2024-05-20 03:00:04+00:00,2.6827076662769058e-05
2024-05-20 04:00:04+00:00,3.9002201859777764e-05
2024-05-20 05:00:21+00:00,4.021919640852173e-05
2024-05-20 06:00:13+00:00,4.577562769040866e-05
2024-05-20 07:00:13+00:00,3.680075711749403e-05
2024-05-20 08:00:40+00:00,3.238884341479698e-05
2024-05-20 09:00:24+00:00,4.2753141163082046e-05
2024-05-20 10:00:25+00:00,1.1044306567447187e-05
2024-05-20 11:00:08+00:00,6.4178927269494215e-06
2024-05-20 12:00:47+00:00,6.905913089129021e-06
2024-05-20 13:02:08+00:00,9.069699893318964e-06
2024-05-20 14:01:56+00:00,9.780615269438753e-06
2024-05-20 15:00:07+00:00,8.834546588235827e-06
2024-05-20 16:00:44+00:00,1.4629111213670871e-05
2024-05-20 17:00:12+00:00,2.1691497921708303e-05
2024-05-20 18:00:11+00:00,1.3311978201979886e-05
2024-05-20 19:00:05+00:00,1.6749351673683835e-05
2024-05-20 20:00:11+00:00,2.0387688123502176e-05
2024-05-20 21:01:59+00:00,2.2302961468660978e-05
2024-05-20 22:00:02+00:00,2.552329502185127e-05
2024-05-20 23:00:14+00:00,1.2366807344805689e-05
2024-05-21 00:00:55+00:00,2.7753673183663022e-05
2024-05-21 01:00:05+00:00,2.429823535978634e-05
2024-05-21 02:00:05+00:00,2.6067245804338387e-05
2024-05-21 03:00:48+00:00,3.501064481669261e-05
2024-05-21 04:00:13+00:00,3.631624396641552e-05
2024-05-21 05:01:17+00:00,3.250721283275988e-05
2024-05-21 06:00:50+00:00,3.5376109965937406e-05
2024-05-21 07:00:35+00:00,3.1346945319812366e-05
2024-05-21 08:00:38+00:00,2.7004727376255938e-05
2024-05-21 09:00:23+00:00,2.765383842012239e-05
2024-05-21 10:00:32+00:00,3.2667750190942405e-05
2024-05-21 11:00:30+00:00,3.569343709618383e-05
2024-05-21 12:00:53+00:00,3.771065699173507e-05
2024-05-21 13:00:15+00:00,3.52360656231599e-05
2024-05-21 14:00:29+00:00,2.2176793610147805e-05
2024-05-21 15:00:07+00:00,1.1692145034944316e-05
2024-05-21 16:01:42+00:00,7.030858504229657e-06
2024-05-21 17:00:04+00:00,1.2617970077421742e-05
2024-05-21 18:00:39+00:00,2.4467802493403612e-05
2024-05-21 19:00:14+00:00,3.1161604347019764e-05
2024-05-21 20:00:11+00:00,1.90857265764839e-05
2024-05-21 21:00:13+00:00,2.0904162958102275e-05
2024-05-21 22:00:03+00:00,1.9746721476349218e-05
2024-05-21 23:00:25+00:00,2.3171122744165742e-05
2024-05-22 00:00:23+00:00,2.866623179717279e-05
2024-05-22 01:00:08+00:00,3.117278501659659e-05
2024-05-22 02:00:24+00:00,3.3673460346733485e-05
2024-05-22 03:00:29+00:00,3.4239625789014516e-05
2024-05-22 04:00:15+00:00,3.591315933075173e-05
2024-05-22 05:00:03+00:00,4.165803461977327e-05
2024-05-22 06:00:26+00:00,4.398440966561387e-05
2024-05-22 07:00:56+00:00,4.697387312870315e-05
2024-05-22 08:00:16+00:00,4.5295154830709633e-05
2024-05-22 09:00:37+00:00,4.520753443894157e-05
2024-05-22 10:00:46+00:00,3.186418170603659e-05
2024-05-22 11:01:01+00:00,2.9222950014956845e-05
2024-05-22 12:00:37+00:00,2.634661304742299e-05
2024-05-22 13:00:54+00:00,2.2987199287746023e-05
2024-05-22 14:00:17+00:00,1.4611728277975374e-05
2024-05-22 15:00:22+00:00,1.706849015703664e-05
2024-05-22 16:01:16+00:00,1.8866847929243477e-05
2024-05-22 17:02:11+00:00,1.592585996170137e-05
2024-05-22 18:00:32+00:00,1.843601787268526e-05
2024-05-22 19:00:21+00:00,1.879046087203842e-05
2024-05-22 20:00:35+00:00,2.1597127419718538e-05
2024-05-22 21:00:07+00:00,2.3394320487053915e-05
2024-05-22 22:00:43+00:00,2.3936453839786064e-05
2024-05-22 23:00:39+00:00,2.5082207407995087e-05
2024-05-23 00:00:09+00:00,2.9838027134961024e-05
2024-05-23 01:00:03+00:00,4.369904149052541e-05
2024-05-23 02:01:04+00:00,4.378629095621158e-05
2024-05-23 03:01:05+00:00,3.878211390526311e-05
2024-05-23 04:00:20+00:00,3.074663657565696e-05
2024-05-23 05:00:39+00:00,2.996636946474906e-05
2024-05-23 06:01:43+00:00,3.2126123469660186e-05
2024-05-23 07:01:06+00:00,3.658337486584886e-05
2024-05-23 08:01:43+00:00,4.0750478733584345e-05
2024-05-23 09:00:46+00:00,3.8303594448611845e-05
2024-05-23 10:00:19+00:00,4.046352431023526e-05
2024-05-23 11:00:14+00:00,3.9026398932633464e-05
2024-05-23 12:00:19+00:00,4.2039452441875796e-05
2024-05-23 13:00:04+00:00,3.1373075716386854e-05
2024-05-23 14:00:02+00:00,1.5857373323056582e-05
2024-05-23 15:00:34+00:00,5.029635707619136e-06
2024-05-23 16:00:05+00:00,6.322422962953406e-06
2024-05-23 17:01:35+00:00,5.504652995736834e-06
2024-05-23 18:00:49+00:00,9.297535117345076e-06
2024-05-23 19:00:11+00:00,1.1961448879715061e-05
2024-05-23 20:00:01+00:00,2.1261021912326908e-05
2024-05-23 21:00:16+00:00,2.7167377401065026e-05
2024-05-23 22:00:03+00:00,2.809242126116043e-05
2024-05-23 23:00:03+00:00,3.254895056088031e-05
2024-05-24 00:00:01+00:00,3.2280750783275504e-05
2024-05-24 01:00:04+00:00,3.996971202431348e-05
2024-05-24 02:00:23+00:00,3.952828046524729e-05
2024-05-24 03:00:57+00:00,4.018381196157557e-05
2024-05-24 04:00:07+00:00,3.3740735738561165e-05
2024-05-24 05:00:29+00:00,3.168287901638379e-05
2024-05-24 06:00:26+00:00,2.9035771975065025e-05
2024-05-24 07:00:03+00:00,3.147234510903181e-05
2024-05-24 08:00:10+00:00,3.4416939292054506e-05
2024-05-24 09:00:20+00:00,3.842968734622265e-05
2024-05-24 10:00:16+00:00,4.759882667630983e-05
2024-05-24 11:00:03+00:00,5.21745968621819e-05
2024-05-24 12:00:03+00:00,5.289268248061411e-05
2024-05-24 13:00:09+00:00,5.402106169000538e-05
2024-05-24 14:00:05+00:00,4.970227490367029e-05
2024-05-24 15:00:14+00:00,3.88045850408211e-05
2024-05-24 16:00:04+00:00,3.145871441068182e-05
2024-05-24 17:00:03+00:00,2.5393435584727225e-05
2024-05-24 18:00:06+00:00,3.429221622722006e-05
2024-05-24 19:00:26+00:00,3.579248594422102e-05
2024-05-24 20:00:00+00:00,3.423947563187269e-05
2024-05-24 21:00:30+00:00,2.486908411694666e-05
2024-05-24 22:00:18+00:00,6.643809770226956e-05
2024-05-24 23:00:30+00:00,6.744868688104832e-05
2024-05-25 00:00:29+00:00,6.463456189620345e-05
2024-05-25 01:00:32+00:00,6.553632774436073e-05
2024-05-25 02:00:19+00:00,5.739858503430013e-05
2024-05-25 03:00:25+00:00,5.088631986175577e-05
2024-05-25 04:00:29+00:00,4.019543899905206e-05
2024-05-25 05:00:24+00:00,4.12823771868626e-05
2024-05-25 06:00:33+00:00,4.807645173543006e-05
2024-05-25 07:00:11+00:00,4.9017299233390055e-05
2024-05-25 08:00:01+00:00,4.8000094891278775e-05
2024-05-25 09:00:24+00:00,4.961496436358768e-05
2024-05-25 10:00:27+00:00,5.708978008927698e-05
2024-05-25 11:00:28+00:00,6.078250889316182e-05
2024-05-25 12:00:05+00:00,5.498469976415359e-05
2024-05-25 13:00:18+00:00,3.3115602452424425e-05
2024-05-25 14:00:36+00:00,1.9374787362955906e-05
2024-05-25 15:00:46+00:00,1.6062487539017787e-05
2024-05-25 16:00:21+00:00,1.6332659971213776e-05
2024-05-25 17:00:18+00:00,1.5439855177946638e-05
2024-05-25 18:00:12+00:00,1.8540632097372774e-05
2024-05-25 19:00:44+00:00,2.088235213646653e-05
2024-05-25 20:00:18+00:00,2.141546067178613e-05
2024-05-25 21:00:14+00:00,1.777664550062983e-05
2024-05-25 22:00:30+00:00,2.2247935923579267e-05
2024-05-25 23:00:08+00:00,2.5009748042464533e-05
2024-05-26 00:00:00+00:00,4.3654342289442584e-05
2024-05-26 01:00:11+00:00,4.173410120631864e-05
2024-05-26 02:00:22+00:00,4.396800105865658e-05
2024-05-26 03:01:27+00:00,2.8711832277877974e-05
2024-05-26 04:00:20+00:00,2.3613104807481852e-05
2024-05-26 05:00:25+00:00,2.1523242710761727e-05
2024-05-26 06:00:17+00:00,2.2474911636436796e-05
2024-05-26 07:00:09+00:00,2.7535197384414863e-05
2024-05-26 08:00:09+00:00,3.074134354878832e-05
2024-05-26 09:00:23+00:00,3.124697209080784e-05
2024-05-26 10:00:33+00:00,2.79870198692013e-05
2024-05-26 11:00:20+00:00,2.588040218362019e-05
2024-05-26 12:00:16+00:00,1.8979147577136894e-05
2024-05-26 13:00:10+00:00,1.7732309573399324e-05
2024-05-26 14:00:35+00:00,2.017258270164521e-05
2024-05-26 15:00:09+00:00,2.3076739780851636e-05
2024-05-26 16:00:03+00:00,2.029338923707359e-05
2024-05-26 17:00:06+00:00,2.01457665280407e-05
2024-05-26 18:00:05+00:00,2.228294311743115e-05
2024-05-26 19:00:06+00:00,2.1010442150210332e-05
2024-05-26 20:01:02+00:00,2.1156367944023315e-05
2024-05-26 21:00:22+00:00,1.8791132807687e-05
2024-05-26 22:00:16+00:00,1.5322258995827843e-05
2024-05-26 23:00:09+00:00,1.4204299184431806e-05
2024-05-27 00:00:12+00:00,1.684696716316803e-05
2024-05-27 01:00:16+00:00,2.5318394686956082e-05
2024-05-27 02:00:00+00:00,3.0660007824849785e-05
2024-05-27 03:00:51+00:00,2.5674825773571625e-05
2024-05-27 04:02:03+00:00,1.967616065421209e-05
2024-05-27 05:00:23+00:00,2.27647500311078e-05
2024-05-27 06:01:24+00:00,2.4012066730837686e-05
2024-05-27 07:00:28+00:00,2.256232808191791e-05
2024-05-27 08:00:03+00:00,2.8874192102499904e-05
2024-05-27 09:00:20+00:00,3.0001291965630183e-05
2024-05-27 10:00:51+00:00,3.156222373878104e-05
2024-05-27 11:01:23+00:00,2.8830833678052553e-05
2024-05-27 12:00:33+00:00,2.534383451206065e-05
2024-05-27 13:00:27+00:00,3.0471620209876583e-05
2024-05-27 14:01:30+00:00,3.919904788144382e-05
2024-05-27 15:00:10+00:00,3.809354048405608e-05
2024-05-27 16:01:38+00:00,5.025711712715527e-05
2024-05-27 17:00:05+00:00,4.0418695732336696e-05
2024-05-27 18:00:04+00:00,3.2756230644364965e-05
2024-05-27 19:00:36+00:00,4.31919422966501e-05
2024-05-27 20:00:45+00:00,4.511404877361928e-05
2024-05-27 21:02:33+00:00,4.1066280960796e-05
2024-05-27 22:00:09+00:00,4.0343776170111666e-05
2024-05-27 23:02:09+00:00,3.366693784510533e-05
2024-05-28 00:00:41+00:00,5.775599387686137e-05
2024-05-28 01:00:17+00:00,6.556590173093746e-05
2024-05-28 02:00:16+00:00,7.042542757505008e-05
2024-05-28 03:00:09+00:00,6.218725742977318e-05
2024-05-28 04:00:11+00:00,3.7048030934503035e-05
2024-05-28 05:00:28+00:00,3.356168221504046e-05
2024-05-28 06:00:05+00:00,5.0679172156933376e-05
2024-05-28 07:00:34+00:00,5.266638893788745e-05
2024-05-28 08:00:13+00:00,4.9559582009750226e-05
2024-05-28 09:00:24+00:00,5.477586854299185e-05
2024-05-28 10:02:00+00:00,5.2262322712177214e-05
2024-05-28 11:01:57+00:00,4.636596626072771e-05
2024-05-28 12:00:45+00:00,5.557784875557206e-05
2024-05-28 13:00:37+00:00,6.507415865255918e-05
2024-05-28 14:00:25+00:00,6.574715408385476e-05
2024-05-28 15:00:05+00:00,5.650568040664251e-05
2024-05-28 16:00:09+00:00,4.849743613925041e-05
2024-05-28 17:00:36+00:00,5.02443327963136e-05
2024-05-28 18:00:04+00:00,3.703538606314185e-05
2024-05-28 19:00:01+00:00,2.42119018804861e-05
2024-05-28 20:00:09+00:00,3.884894570877369e-05
2024-05-28 21:01:26+00:00,3.480618441853506e-05
2024-05-28 22:00:24+00:00,3.9828117931382086e-05
2024-05-28 23:00:17+00:00,3.447543628636916e-05
2024-05-29 00:00:52+00:00,4.58325566416686e-05
2024-05-29 01:00:23+00:00,4.720525495957497e-05
2024-05-29 02:00:04+00:00,4.363184258834617e-05
2024-05-29 03:00:37+00:00,4.8576019104399713e-05
2024-05-29 04:00:13+00:00,4.313858139698094e-05
2024-05-29 05:00:35+00:00,5.790663950179474e-05
2024-05-29 06:01:50+00:00,5.095754943588601e-05
2024-05-29 07:01:23+00:00,3.6931259211979425e-05
2024-05-29 08:00:36+00:00,3.843160106314699e-05
2024-05-29 09:00:16+00:00,4.014677599200748e-05
2024-05-29 10:01:02+00:00,3.9894393246313735e-05
2024-05-29 11:00:08+00:00,4.388268818927047e-05
2024-05-29 12:00:03+00:00,4.288925362329976e-05
2024-05-29 13:00:15+00:00,4.2265363906472464e-05
2024-05-29 14:00:55+00:00,3.089631633343173e-05
2024-05-29 15:00:50+00:00,3.152239396722212e-05
2024-05-29 16:00:24+00:00,2.8270697344254656e-05
2024-05-29 17:01:17+00:00,1.6623525094082483e-05
2024-05-29 18:00:25+00:00,1.6370993550661673e-05
2024-05-29 19:00:15+00:00,1.7689742019251977e-05
2024-05-29 20:00:18+00:00,2.0429780527348985e-05
2024-05-29 21:00:47+00:00,2.5701317493755875e-05
2024-05-29 22:00:12+00:00,2.4652097893607263e-05
2024-05-29 23:01:15+00:00,2.316529137973042e-05
2024-05-30 00:00:47+00:00,2.474482328437379e-05
2024-05-30 01:01:31+00:00,2.4559375088616762e-05
2024-05-30 02:01:04+00:00,3.213317887189634e-05
2024-05-30 03:00:47+00:00,3.063451345523585e-05
2024-05-30 04:00:25+00:00,2.559591980664866e-05
2024-05-30 05:01:02+00:00,2.2847108962934775e-05
2024-05-30 06:00:45+00:00,2.1718216417788175e-05
2024-05-30 07:00:06+00:00,1.9375734071995308e-05
2024-05-30 08:00:21+00:00,2.6149275208376985e-05
2024-05-30 09:00:24+00:00,2.516681609395798e-05
2024-05-30 10:00:57+00:00,2.4819159096780466e-05
2024-05-30 11:00:13+00:00,2.796476476335912e-05
2024-05-30 12:01:07+00:00,2.3938257347271802e-05
2024-05-30 13:01:34+00:00,2.6904766582144722e-05
2024-05-30 14:01:40+00:00,2.825092193771895e-05
2024-05-30 15:01:23+00:00,2.4478045112052015e-05
2024-05-30 16:00:13+00:00,2.43985160847287e-05
2024-05-30 17:01:29+00:00,3.089967805891521e-05
2024-05-30 18:00:16+00:00,3.380546846104842e-05
2024-05-30 19:00:12+00:00,2.758643730678276e-05
2024-05-30 20:00:34+00:00,2.8259304428065352e-05
2024-05-30 21:00:33+00:00,2.5359524510804807e-05
2024-05-30 22:00:21+00:00,2.561729265735692e-05
2024-05-30 23:00:56+00:00,2.4379597723057368e-05
2024-05-31 00:00:01+00:00,2.2064777433799277e-05
2024-05-31 01:00:02+00:00,2.3610369200688297e-05
2024-05-31 02:00:32+00:00,2.2713135338304715e-05
2024-05-31 03:00:26+00:00,2.185287406948571e-05
2024-05-31 04:00:06+00:00,2.4236195967700868e-05
2024-05-31 05:00:51+00:00,2.6317532472852078e-05
2024-05-31 06:00:36+00:00,2.391555777245622e-05
2024-05-31 07:00:24+00:00,3.618069998387183e-05
2024-05-31 08:00:00+00:00,4.002069677448819e-05
2024-05-31 09:00:14+00:00,4.329163442667051e-05
2024-05-31 10:00:06+00:00,4.0429858533608154e-05
2024-05-31 11:00:27+00:00,3.638562191997047e-05
2024-05-31 12:00:41+00:00,2.9437354569856826e-05
2024-05-31 13:00:23+00:00,3.3149537022856425e-05
2024-05-31 14:00:04+00:00,2.7130399406167915e-05
2024-05-31 15:00:14+00:00,2.2304048739712114e-05
2024-05-31 16:00:12+00:00,2.7953073808262194e-05
2024-05-31 17:00:09+00:00,1.5793530227525138e-05
2024-05-31 18:01:00+00:00,2.5727015871838223e-05
2024-05-31 19:00:26+00:00,3.030768278906116e-05
2024-05-31 20:00:12+00:00,3.376020920515371e-05
2024-05-31 21:00:11+00:00,3.761657468585809e-05
2024-05-31 22:00:22+00:00,4.4957000586309576e-05
2024-05-31 23:00:41+00:00,4.759038947980605e-05
2024-06-01 00:00:11+00:00,4.287706083318534e-05
2024-06-01 01:00:43+00:00,3.980355956178208e-05
2024-06-01 02:00:31+00:00,3.939974496468797e-05
2024-06-01 03:00:20+00:00,4.377048110997588e-05
2024-06-01 04:00:48+00:00,3.4658041162999854e-05
2024-06-01 05:00:34+00:00,3.1254756944087254e-05
2024-06-01 06:01:36+00:00,3.4682656011465044e-05
2024-06-01 07:00:41+00:00,4.1931310790738375e-05
2024-06-01 08:00:39+00:00,4.136063933083293e-05
2024-06-01 09:00:27+00:00,3.929937939530821e-05
2024-06-01 10:00:04+00:00,3.776714499143025e-05
2024-06-01 11:00:13+00:00,3.836574567012617e-05
2024-06-01 12:00:24+00:00,4.028831418043583e-05
2024-06-01 13:00:13+00:00,3.819766757908098e-05
2024-06-01 14:00:05+00:00,3.6854758248571166e-05
2024-06-01 15:00:11+00:00,3.624565569896121e-05
2024-06-01 16:00:35+00:00,3.0070010439842958e-05
2024-06-01 17:00:40+00:00,2.7023861340294152e-05
2024-06-01 18:00:49+00:00,2.9372584612506767e-05
2024-06-01 19:00:39+00:00,2.8558867432417436e-05
2024-06-01 20:00:03+00:00,3.1592796458467766e-05
2024-06-01 21:00:21+00:00,3.537394583227216e-05
2024-06-01 22:00:50+00:00,3.926818633944562e-05
2024-06-01 23:00:57+00:00,3.9521367216195e-05
2024-06-02 00:00:01+00:00,4.3104020330466924e-05
2024-06-02 01:00:50+00:00,3.8904325625860334e-05
2024-06-02 02:00:16+00:00,3.671439338308718e-05
2024-06-02 03:00:50+00:00,3.5218376985344546e-05
2024-06-02 04:00:32+00:00,3.377103763909375e-05
2024-06-02 05:00:05+00:00,3.224448602366578e-05
2024-06-02 06:00:18+00:00,3.0549443727228316e-05
2024-06-02 07:01:10+00:00,3.211229425181808e-05
2024-06-02 08:00:18+00:00,3.0419069000703735e-05
2024-06-02 09:00:17+00:00,3.272936399586725e-05
2024-06-02 10:00:00+00:00,2.5489976394228625e-05
2024-06-02 11:00:05+00:00,2.242987781933853e-05
2024-06-02 12:00:54+00:00,2.8194021984680232e-05
2024-06-02 13:00:12+00:00,2.5157714999894045e-05
2024-06-02 14:00:11+00:00,2.67677962012298e-05
2024-06-02 15:00:22+00:00,2.852570650940869e-05
2024-06-02 16:00:27+00:00,2.2718129707349887e-05
2024-06-02 17:00:45+00:00,2.245322503888829e-05
2024-06-02 18:00:40+00:00,1.9986761134160447e-05
2024-06-02 19:00:57+00:00,1.6653381313790776e-05
2024-06-02 20:00:11+00:00,1.7926998377361453e-05
2024-06-02 21:00:06+00:00,1.7571290466269094e-05
2024-06-02 22:00:03+00:00,2.0469374460884535e-05
2024-06-02 23:00:18+00:00,2.2432641723313626e-05
2024-06-03 00:00:23+00:00,1.9058546091242982e-05
2024-06-03 01:00:26+00:00,2.0812230166588022e-05
2024-06-03 02:00:15+00:00,3.514692706063189e-05
2024-06-03 03:00:25+00:00,2.7209384172731035e-05
2024-06-03 04:00:24+00:00,3.007056487311696e-05
2024-06-03 05:00:14+00:00,2.7028936517568085e-05
2024-06-03 06:00:23+00:00,3.166861761169676e-05
2024-06-03 07:00:06+00:00,3.2897282786012455e-05
2024-06-03 08:00:25+00:00,2.8605234537907804e-05
2024-06-03 09:00:11+00:00,3.042095573850767e-05
2024-06-03 10:00:08+00:00,2.9673265298778922e-05
2024-06-03 11:00:24+00:00,3.0748529320009364e-05
2024-06-03 12:00:30+00:00,3.833131827013346e-05
2024-06-03 13:00:17+00:00,3.4920086214017395e-05
2024-06-03 14:00:03+00:00,3.231879083001275e-05
2024-06-03 15:00:36+00:00,1.9230034165393747e-05
2024-06-03 16:00:40+00:00,1.9864882667382258e-05
2024-06-03 17:00:33+00:00,1.2862156997471713e-05
2024-06-03 18:00:50+00:00,1.6289181639773158e-05
2024-06-03 19:00:26+00:00,1.9562510885629655e-05
2024-06-03 20:00:13+00:00,2.2874112032543292e-05
2024-06-03 21:00:33+00:00,7.941996407057695e-06
2024-06-03 22:01:30+00:00,2.47471592016974e-05
2024-06-03 23:00:15+00:00,2.868700622993218e-05
2024-06-04 00:00:15+00:00,2.2612241461414624e-05
2024-06-04 01:01:28+00:00,1.974201195256973e-05
2024-06-04 02:00:14+00:00,1.880956874796936e-05
2024-06-04 03:00:30+00:00,1.960253487032864e-05
2024-06-04 04:00:15+00:00,2.0848756110553414e-05
2024-06-04 05:00:38+00:00,2.0654691447737878e-05
2024-06-04 06:00:00+00:00,2.2273822256225336e-05
2024-06-04 07:00:05+00:00,1.6237284086266945e-05
2024-06-04 08:00:08+00:00,2.3347801546039386e-05
2024-06-04 09:00:06+00:00,2.9570400624386367e-05
2024-06-04 10:01:04+00:00,2.8334784220717184e-05
2024-06-04 11:00:42+00:00,3.3477598408552146e-05
2024-06-04 12:01:16+00:00,2.832375861118047e-05
2024-06-04 13:00:41+00:00,2.898936247798029e-05
2024-06-04 14:00:04+00:00,3.571941232641534e-05
2024-06-04 15:00:02+00:00,2.9437423091785903e-05
2024-06-04 16:00:06+00:00,2.810495551200707e-05
2024-06-04 17:00:04+00:00,2.7950115282986694e-05
2024-06-04 18:00:09+00:00,2.779276346347102e-05
2024-06-04 19:00:06+00:00,3.33840873514441e-05
2024-06-04 20:00:00+00:00,2.035204555406222e-05
2024-06-04 21:00:02+00:00,1.8999227449754678e-05
2024-06-04 22:00:06+00:00,2.4335632463475363e-05
2024-06-04 23:00:05+00:00,3.713103498961625e-05
2024-06-05 00:00:05+00:00,3.97500461410808e-05
2024-06-05 01:00:21+00:00,4.115046965655262e-05
2024-06-05 02:00:20+00:00,4.5762186966252335e-05
2024-06-05 03:00:16+00:00,6.131025930963108e-05
2024-06-05 04:00:23+00:00,5.269130260293052e-05
2024-06-05 05:00:22+00:00,5.9727261950453495e-05
2024-06-05 06:00:21+00:00,5.3303525240926904e-05
2024-06-05 07:00:26+00:00,4.7188728858582005e-05
2024-06-05 08:00:24+00:00,6.128725714838777e-05
2024-06-05 09:00:25+00:00,5.398050144752808e-05
2024-06-05 10:00:28+00:00,4.847016863388562e-05
2024-06-05 11:00:09+00:00,4.318998945644417e-05
2024-06-05 12:00:25+00:00,4.228396836399701e-05
2024-06-05 13:00:11+00:00,4.461494138752845e-05
2024-06-05 14:00:03+00:00,4.353107362570745e-05
2024-06-05 15:00:00+00:00,4.3359986483907246e-05
2024-06-05 16:00:03+00:00,5.5747980515889503e-05
2024-06-05 17:00:01+00:00,5.0715072943253886e-05
2024-06-05 18:00:00+00:00,4.697101475926391e-05
2024-06-05 19:00:01+00:00,4.857944287223615e-05
2024-06-05 20:00:04+00:00,4.414451932904013e-05
2024-06-05 21:00:37+00:00,2.9275859033417547e-05
2024-06-05 22:00:15+00:00,3.198227704408811e-05
2024-06-05 23:00:18+00:00,3.835762379206874e-05
2024-06-06 00:00:00+00:00,3.486343006938475e-05
2024-06-06 01:00:26+00:00,2.4546476235235507e-05
2024-06-06 02:00:11+00:00,3.064718821354329e-05
2024-06-06 03:00:22+00:00,2.8175373728605548e-05
2024-06-06 04:01:19+00:00,3.1041164546882816e-05
2024-06-06 05:00:56+00:00,3.2806509298317424e-05
2024-06-06 06:00:26+00:00,3.1777001091334296e-05
2024-06-06 07:00:10+00:00,2.9078613353354917e-05
2024-06-06 08:00:09+00:00,2.4918651913064565e-05
2024-06-06 09:00:44+00:00,2.353784264879668e-05
2024-06-06 10:00:05+00:00,3.088461369189782e-05
2024-06-06 11:00:52+00:00,2.5588446914403776e-05
2024-06-06 12:00:56+00:00,2.9606746733684375e-05
2024-06-06 13:00:46+00:00,2.745741336424715e-05
2024-06-06 14:00:05+00:00,2.492531610630517e-05
2024-06-06 15:01:02+00:00,3.233753601103753e-05
2024-06-06 16:00:45+00:00,3.1036928561850775e-05
2024-06-06 17:01:00+00:00,3.139588021821839e-05
2024-06-06 18:00:14+00:00,2.079478808311138e-05
2024-06-06 19:00:07+00:00,2.0717007299146295e-05
2024-06-06 20:00:00+00:00,2.0496381964182476e-05
2024-06-06 21:01:04+00:00,2.4430625882943886e-05
2024-06-06 22:00:19+00:00,3.199237834778756e-05
2024-06-06 23:00:08+00:00,3.31188700147438e-05
2024-06-07 00:00:03+00:00,3.2518649741170395e-05
2024-06-07 01:00:06+00:00,3.381621320453221e-05
2024-06-07 02:00:11+00:00,2.5625330611997075e-05
2024-06-07 03:00:14+00:00,1.6616748585721952e-05
2024-06-07 04:00:24+00:00,1.5874883726550452e-05
2024-06-07 05:00:16+00:00,2.182813849115949e-05
2024-06-07 06:00:24+00:00,2.1191613030926387e-05
2024-06-07 07:00:47+00:00,1.934667557834753e-05
2024-06-07 08:00:33+00:00,1.7554406989930992e-05
2024-06-07 09:00:28+00:00,1.7573891446441227e-05
2024-06-07 10:00:16+00:00,2.3493988748713337e-05
2024-06-07 11:00:44+00:00,2.4383677521841355e-05
2024-06-07 12:00:15+00:00,3.584029784476161e-05
2024-06-07 13:00:00+00:00,5.279868986504456e-05
2024-06-07 14:00:45+00:00,6.650609577690025e-05
2024-06-07 15:00:21+00:00,4.882038311943949e-05
2024-06-07 16:00:43+00:00,3.225988820628452e-05
2024-06-07 17:00:43+00:00,2.8267947201870722e-05
2024-06-07 18:00:00+00:00,2.589174713413261e-05
2024-06-07 19:00:22+00:00,3.91031244851434e-05
2024-06-07 20:00:10+00:00,5.0660545387385406e-05
2024-06-07 21:00:16+00:00,4.516945588247898e-05
2024-06-07 22:00:10+00:00,4.6306776781950455e-05
2024-06-07 23:00:16+00:00,7.142446016536748e-05
2024-06-08 00:00:30+00:00,6.061276725209474e-05
2024-06-08 01:00:27+00:00,3.6666790234488825e-05
2024-06-08 02:00:23+00:00,3.042432491596121e-05
2024-06-08 03:00:24+00:00,3.084018324687922e-05
2024-06-08 04:00:39+00:00,3.813010578201315e-05
2024-06-08 05:00:43+00:00,3.3150337580709845e-05
2024-06-08 06:00:04+00:00,3.1813613722492994e-05
2024-06-08 07:00:29+00:00,3.450421746370413e-05
2024-06-08 08:00:33+00:00,3.527530680310303e-05
2024-06-08 09:00:37+00:00,3.403610460395396e-05
2024-06-08 10:00:27+00:00,2.9106205753435867e-05
2024-06-08 11:00:37+00:00,3.06219847584742e-05
2024-06-08 12:00:27+00:00,3.467798299143447e-05
2024-06-08 13:00:52+00:00,3.6750855858426236e-05
2024-06-08 14:00:39+00:00,3.426796486011387e-05
2024-06-08 15:00:45+00:00,2.8014550476753613e-05
2024-06-08 16:00:17+00:00,2.3970386212356864e-05
2024-06-08 17:00:34+00:00,2.164933445693136e-05
2024-06-08 18:00:01+00:00,2.269975555776785e-05
2024-06-08 19:00:16+00:00,2.194514238516363e-05
2024-06-08 20:00:23+00:00,2.3711023117422324e-05
2024-06-08 21:00:18+00:00,2.2823083997817086e-05
2024-06-08 22:00:11+00:00,1.7701137655682882e-05
2024-06-08 23:00:17+00:00,1.4952438136278673e-05
2024-06-09 00:00:22+00:00,1.3443864522849777e-05
2024-06-09 01:00:09+00:00,8.186244676292916e-06
2024-06-09 02:00:37+00:00,8.159239189816099e-06
2024-06-09 03:00:26+00:00,9.205099610856865e-06
2024-06-09 04:00:19+00:00,1.0884994987047592e-05
2024-06-09 05:00:06+00:00,1.0494161978484834e-05
2024-06-09 06:00:09+00:00,1.3592754911667645e-05
2024-06-09 07:00:12+00:00,1.601121835656539e-05
2024-06-09 08:00:11+00:00,1.611653041107946e-05
2024-06-09 09:00:11+00:00,1.5949652354074317e-05
2024-06-09 10:00:17+00:00,2.1464849653886036e-05
2024-06-09 11:00:08+00:00,2.478004559330446e-05
2024-06-09 12:00:14+00:00,2.3880345799970776e-05
2024-06-09 13:00:10+00:00,2.5916633853361942e-05
2024-06-09 14:00:12+00:00,2.287367173353875e-05
2024-06-09 15:00:12+00:00,2.282976816345577e-05
2024-06-09 16:00:17+00:00,2.2353727843275417e-05
2024-06-09 17:00:30+00:00,2.460514326265787e-05
2024-06-09 18:00:19+00:00,2.578106805974829e-05
2024-06-09 19:00:22+00:00,2.837684088317568e-05
2024-06-09 20:00:17+00:00,2.2068015755729054e-05
2024-06-09 21:00:08+00:00,1.4308732820706155e-05
2024-06-09 22:00:25+00:00,1.2286562088870627e-05
2024-06-09 23:00:11+00:00,1.0435024925140074e-05
2024-06-10 00:00:12+00:00,1.3318374353330095e-05
2024-06-10 01:00:17+00:00,1.5490140889763956e-05
2024-06-10 02:00:30+00:00,1.6621714977391256e-05
2024-06-10 03:00:19+00:00,1.9666734035672117e-05
2024-06-10 04:00:00+00:00,2.1041174954123905e-05
2024-06-10 05:00:07+00:00,2.211187731196381e-05
2024-06-10 06:00:08+00:00,2.3600241328903653e-05
2024-06-10 07:00:26+00:00,2.9508176569905055e-05
2024-06-10 08:00:31+00:00,2.4316527367106692e-05
2024-06-10 09:00:12+00:00,1.5028307061605647e-05
2024-06-10 10:00:38+00:00,1.2633472476626033e-05
2024-06-10 11:00:29+00:00,1.165644088508069e-05
2024-06-10 12:00:17+00:00,1.3735846775631379e-05
2024-06-10 13:00:29+00:00,1.7761560571272318e-05
2024-06-10 14:00:32+00:00,1.934985619845469e-05
2024-06-10 15:00:37+00:00,1.7682207837112888e-05
2024-06-10 16:00:06+00:00,2.3865732556878994e-05
2024-06-10 17:01:05+00:00,2.2432932065321786e-05
2024-06-10 18:00:04+00:00,2.430548479451412e-05
2024-06-10 19:00:35+00:00,2.081027636599075e-05
2024-06-10 20:00:02+00:00,1.82353611924917e-05
2024-06-10 21:00:51+00:00,1.9421899307205516e-05
2024-06-10 22:00:14+00:00,1.8705879850016793e-05
2024-06-10 23:01:02+00:00,1.4703898248666394e-05
2024-06-11 00:00:04+00:00,9.831510009620044e-06
2024-06-11 01:00:16+00:00,7.18884189156024e-06
2024-06-11 02:00:02+00:00,6.311428558615399e-06
2024-06-11 03:00:02+00:00,1.1036761889464477e-05
2024-06-11 04:00:33+00:00,1.0888203497325664e-05
2024-06-11 05:00:21+00:00,1.0422591680545041e-05
2024-06-11 06:00:07+00:00,1.2759153750560688e-05
2024-06-11 07:00:00+00:00,1.2888423984806554e-05
2024-06-11 08:00:07+00:00,1.43226176137805e-05
2024-06-11 09:00:31+00:00,1.0808733243927795e-05
2024-06-11 10:00:53+00:00,1.3347680782864855e-05
2024-06-11 11:00:02+00:00,8.057259505997496e-06
2024-06-11 12:00:52+00:00,1.3506747215251335e-05
2024-06-11 13:00:03+00:00,2.3760122450643134e-05
2024-06-11 14:00:09+00:00,1.9451904728616e-05
2024-06-11 15:00:45+00:00,1.9961403911721097e-05
2024-06-11 16:00:00+00:00,8.42582799890788e-06
2024-06-11 17:00:25+00:00,1.236723675648663e-05
2024-06-11 18:00:21+00:00,1.7915291016156428e-05
2024-06-11 19:00:04+00:00,3.2577591485780775e-05
2024-06-11 20:00:06+00:00,5.2105399807576074e-05
2024-06-11 21:00:37+00:00,4.883143167095455e-05
2024-06-11 22:00:04+00:00,4.174655843788693e-05
2024-06-11 23:00:04+00:00,3.77410007969232e-05
2024-06-12 00:00:34+00:00,2.9022120092181212e-05
2024-06-12 01:00:08+00:00,2.7199251576033946e-05
2024-06-12 02:00:36+00:00,2.5089946415215413e-05
2024-06-12 03:00:31+00:00,2.6591993497337346e-05
2024-06-12 04:00:40+00:00,2.8426931250944887e-05
2024-06-12 05:00:00+00:00,3.1902165202825954e-05
2024-06-12 06:00:32+00:00,2.2136882787048814e-05
2024-06-12 07:00:00+00:00,1.956452501353068e-05
2024-06-12 08:00:33+00:00,2.4094269143847254e-05
2024-06-12 09:00:34+00:00,2.5828336053521742e-05
2024-06-12 10:00:25+00:00,2.0552091934549274e-05
2024-06-12 11:00:19+00:00,2.36151940790846e-05
2024-06-12 12:00:38+00:00,2.4626202037133894e-05
2024-06-12 13:00:15+00:00,2.9344184455778348e-05
2024-06-12 14:00:37+00:00,2.7245691762407177e-05
2024-06-12 15:00:24+00:00,3.3637529911215795e-05
2024-06-12 16:00:28+00:00,2.08767760257532e-05
2024-06-12 17:00:26+00:00,1.4956844327567767e-05
2024-06-12 18:00:14+00:00,1.4629968730287023e-05
2024-06-12 19:00:12+00:00,4.772506495032569e-05
2024-06-12 20:00:30+00:00,5.200605077062236e-05
2024-06-12 21:00:19+00:00,5.049872300632964e-05
2024-06-12 22:00:18+00:00,4.1310087838405755e-05
2024-06-12 23:00:15+00:00,2.9004595674890126e-05
2024-06-13 00:00:02+00:00,2.923246113084544e-05
2024-06-13 01:00:15+00:00,2.8692511600849252e-05
2024-06-13 02:00:22+00:00,3.3137718665445044e-05
2024-06-13 03:00:13+00:00,1.912755307775102e-05
2024-06-13 04:00:26+00:00,3.647783492549146e-05
2024-06-13 05:00:21+00:00,4.9373086022384585e-05
2024-06-13 06:00:20+00:00,5.049254696735723e-05
2024-06-13 07:00:24+00:00,5.083571364045351e-05
2024-06-13 08:00:25+00:00,4.530863208228589e-05
2024-06-13 09:00:09+00:00,4.5917318351926785e-05
2024-06-13 10:00:13+00:00,4.4935107622348515e-05
2024-06-13 11:00:19+00:00,3.8572084945622974e-05
2024-06-13 12:00:16+00:00,3.5657114889687696e-05
2024-06-13 13:00:10+00:00,3.0874115526262665e-05
2024-06-13 14:00:11+00:00,3.7224845079595116e-05
2024-06-13 15:00:38+00:00,2.3334999769839453e-05
2024-06-13 16:00:22+00:00,2.8305099358621263e-05
2024-06-13 17:00:16+00:00,4.578783197717597e-05
2024-06-13 18:00:15+00:00,3.956560301115342e-05
2024-06-13 19:00:15+00:00,3.3688957965513074e-05
2024-06-13 20:00:12+00:00,3.0248096469054966e-05
2024-06-13 21:00:09+00:00,2.0774553692445827e-05
2024-06-13 22:00:18+00:00,2.611949900042187e-05
2024-06-13 23:00:26+00:00,3.647009526234742e-05
2024-06-14 00:00:23+00:00,4.533812923661383e-05
2024-06-14 01:00:27+00:00,4.576233593982889e-05
2024-06-14 02:00:02+00:00,4.707868292561974e-05
2024-06-14 03:00:00+00:00,4.3806419789957075e-05
2024-06-14 04:00:24+00:00,3.57371125601776e-05
2024-06-14 05:01:35+00:00,2.2468277155294346e-05
2024-06-14 06:00:23+00:00,1.8539668276171895e-05
2024-06-14 07:00:28+00:00,1.465496921928247e-05
2024-06-14 08:00:10+00:00,1.2966870959666785e-05
2024-06-14 09:00:44+00:00,2.3462931473471326e-05
2024-06-14 10:00:05+00:00,1.6156999365818404e-05
2024-06-14 11:00:01+00:00,1.3298144020113794e-05
2024-06-14 12:00:16+00:00,1.2954136866485927e-05
2024-06-14 13:00:09+00:00,1.399057182290818e-05
2024-06-14 14:00:21+00:00,2.0094935974787998e-05
2024-06-14 15:00:16+00:00,2.489519888551727e-05
2024-06-14 16:00:00+00:00,1.6304567508099845e-05
2024-06-14 17:00:02+00:00,1.999247477901928e-06
2024-06-14 18:00:01+00:00,2.9817460302735273e-06
2024-06-14 19:00:02+00:00,8.732899052956056e-06
2024-06-14 20:00:12+00:00,8.563695751802234e-06
2024-06-14 21:00:18+00:00,9.872848189235296e-06
2024-06-14 22:00:17+00:00,2.2200111366301906e-05
2024-06-14 23:00:12+00:00,2.1149728345285735e-05
2024-06-15 00:00:20+00:00,2.0362863277143173e-05
2024-06-15 01:00:15+00:00,1.6946524035026357e-05
2024-06-15 02:00:10+00:00,1.608048186025783e-05
2024-06-15 03:00:16+00:00,1.708838803311355e-05
2024-06-15 04:00:05+00:00,1.8973143594249904e-05
2024-06-15 05:00:17+00:00,2.2095459897579174e-05
2024-06-15 06:00:18+00:00,2.5793634906161115e-05
2024-06-15 07:00:04+00:00,2.174117749578153e-05
2024-06-15 08:00:05+00:00,2.185111438491237e-05
2024-06-15 09:00:03+00:00,2.3172938800795543e-05
2024-06-15 10:00:12+00:00,2.119165761816477e-05
2024-06-15 11:00:04+00:00,1.98594070919481e-05
2024-06-15 12:00:09+00:00,2.2177558386777498e-05
2024-06-15 13:00:13+00:00,2.2090343883626446e-05
2024-06-15 14:00:13+00:00,3.0411749108724197e-05
2024-06-15 15:00:15+00:00,3.397426188744309e-05
2024-06-15 16:00:11+00:00,3.380752912375284e-05
2024-06-15 17:00:15+00:00,3.061857320611477e-05
2024-06-15 18:00:27+00:00,2.6774642988656217e-05
2024-06-15 19:00:04+00:00,2.4847186586241325e-05
2024-06-15 20:00:28+00:00,2.712222350392153e-05
2024-06-15 21:00:23+00:00,2.4402743936049442e-05
2024-06-15 22:00:16+00:00,2.4291647867465457e-05
2024-06-15 23:00:14+00:00,2.6058541404346942e-05
2024-06-16 00:00:07+00:00,3.0661909264421185e-05
2024-06-16 01:00:59+00:00,2.589647480537043e-05
2024-06-16 02:00:03+00:00,1.9530386596247962e-05
2024-06-16 03:00:00+00:00,1.6484041965493977e-05
2024-06-16 04:00:00+00:00,1.521480743984931e-05
2024-06-16 05:00:07+00:00,1.272511214511855e-05
2024-06-16 06:00:04+00:00,1.0630496238117263e-05
2024-06-16 07:00:35+00:00,9.739317548053348e-06
2024-06-16 08:00:15+00:00,1.0534921924423605e-05
2024-06-16 09:00:14+00:00,1.4346947206254713e-05
2024-06-16 10:00:04+00:00,1.4789839441580471e-05
2024-06-16 11:00:20+00:00,1.557737093378105e-05
2024-06-16 12:00:04+00:00,1.1404515274961343e-05
2024-06-16 13:00:20+00:00,1.1117163949494857e-05
2024-06-16 14:00:04+00:00,1.3726740057952578e-05
2024-06-16 15:00:09+00:00,1.1826103900077528e-05
2024-06-16 16:00:27+00:00,9.945017148500897e-06
2024-06-16 17:00:09+00:00,8.471836828226159e-06
2024-06-16 18:00:06+00:00,8.982562991690768e-06
2024-06-16 19:00:00+00:00,1.0458738586120155e-05
2024-06-16 20:00:07+00:00,1.1653473700037016e-05
2024-06-16 21:00:07+00:00,1.046376671965995e-05
2024-06-16 22:00:06+00:00,1.084457830297999e-05
2024-06-16 23:00:11+00:00,1.891742950085308e-05
2024-06-17 00:00:04+00:00,2.101754685741956e-05
2024-06-17 01:00:12+00:00,2.037810025604191e-05
2024-06-17 02:00:00+00:00,1.602236459607359e-05
2024-06-17 03:00:05+00:00,4.0242877409104036e-05
2024-06-17 04:00:02+00:00,4.877571629354035e-05
2024-06-17 05:00:01+00:00,4.9884266057351815e-05
2024-06-17 06:00:01+00:00,5.046847025547499e-05
2024-06-17 07:00:14+00:00,4.2236871867537964e-05
2024-06-17 08:00:05+00:00,4.5560557384751206e-05
2024-06-17 09:00:30+00:00,4.2531480006381603e-05
2024-06-17 10:00:06+00:00,4.117680937188459e-05
2024-06-17 11:00:21+00:00,3.946912819887379e-05
2024-06-17 12:00:09+00:00,3.402836817841092e-05
2024-06-17 13:00:17+00:00,3.108921218508151e-05
2024-06-17 14:00:00+00:00,3.5930964904111e-05
2024-06-17 15:00:25+00:00,4.041747097429785e-05
2024-06-17 16:00:10+00:00,2.4634898048950357e-05
2024-06-17 17:00:19+00:00,1.9748055298931688e-05
2024-06-17 18:00:09+00:00,2.6256471634274628e-05
2024-06-17 19:00:05+00:00,2.6321323329509645e-05
2024-06-17 20:00:11+00:00,3.0559426853294745e-05
2024-06-17 21:00:25+00:00,3.5762271166616675e-05
2024-06-17 22:00:07+00:00,5.35236652172368e-05
2024-06-17 23:00:35+00:00,4.031655426238052e-05
2024-06-18 00:00:42+00:00,4.054737832819478e-05
2024-06-18 01:00:16+00:00,3.8580311230642644e-05
2024-06-18 02:00:02+00:00,1.793150681171342e-05
2024-06-18 03:00:08+00:00,1.1655064241955327e-05
2024-06-18 04:00:01+00:00,9.455121382223302e-06
2024-06-18 05:00:22+00:00,1.1995637462635093e-05
2024-06-18 06:00:33+00:00,1.235749702701665e-05
2024-06-18 07:00:06+00:00,9.990081765441537e-06
2024-06-18 08:00:05+00:00,1.3078509290739753e-05
2024-06-18 09:00:06+00:00,1.9784461471641765e-05
2024-06-18 10:00:37+00:00,2.5921088067776333e-05
2024-06-18 11:00:19+00:00,3.462328917375159e-05
2024-06-18 12:00:53+00:00,3.0489140965252796e-05
2024-06-18 13:00:06+00:00,1.8525160983457562e-05
2024-06-18 14:00:09+00:00,1.2578028758518786e-05
2024-06-18 15:00:10+00:00,8.552981224972106e-06
2024-06-18 16:00:05+00:00,2.098992737921438e-05
2024-06-18 17:00:01+00:00,2.1201086472279877e-05
2024-06-18 18:00:11+00:00,2.8173287244035597e-05
2024-06-18 19:00:22+00:00,2.9343863054378527e-05
2024-06-18 20:00:12+00:00,1.476414269033568e-05
2024-06-18 21:00:06+00:00,1.4569904687455335e-05
2024-06-18 22:00:06+00:00,1.655211861790673e-05
2024-06-18 23:00:34+00:00,1.6095641086239495e-05
2024-06-19 00:00:12+00:00,1.344300242620104e-05
2024-06-19 01:00:00+00:00,1.2584552783117208e-05
2024-06-19 02:00:23+00:00,2.3364787816532275e-05
2024-06-19 03:00:19+00:00,2.911977711385826e-05
2024-06-19 04:00:23+00:00,3.570035073761536e-05
2024-06-19 05:00:24+00:00,4.863837279629246e-05
2024-06-19 06:00:03+00:00,4.732666040020922e-05
2024-06-19 07:00:05+00:00,4.535151463282229e-05
2024-06-19 08:00:27+00:00,2.859383826121181e-05
2024-06-19 09:00:13+00:00,1.54305955092875e-05
2024-06-19 10:00:05+00:00,1.1323357583170095e-05
2024-06-19 11:00:20+00:00,1.0874821508405964e-05
2024-06-19 12:00:00+00:00,8.825373039114086e-06
2024-06-19 13:00:00+00:00,1.392021336448777e-05
2024-06-19 14:00:26+00:00,1.5295828729915677e-05
2024-06-19 15:00:00+00:00,1.211096289871033e-05
2024-06-19 16:00:16+00:00,1.9904338281034764e-05
2024-06-19 17:00:18+00:00,2.5363246399726e-05
2024-06-19 18:00:10+00:00,2.353522336944616e-05
2024-06-19 19:00:41+00:00,1.5832314583293802e-05
2024-06-19 20:00:23+00:00,1.0511198985184009e-05
2024-06-19 21:00:23+00:00,9.71968360199383e-06
2024-06-19 22:00:11+00:00,1.8415458777480323e-05
2024-06-19 23:00:03+00:00,1.661022966339661e-05
2024-06-20 00:00:07+00:00,1.702415141898108e-05
2024-06-20 01:00:03+00:00,1.4985047023684208e-05
2024-06-20 02:00:03+00:00,1.4149366697899496e-05
2024-06-20 03:00:02+00:00,1.2251094858574326e-05
2024-06-20 04:00:03+00:00,2.055909961365383e-05
2024-06-20 05:00:03+00:00,3.826751737108074e-05
2024-06-20 06:00:00+00:00,4.977713250164363e-05
2024-06-20 07:00:03+00:00,4.845633301509008e-05
2024-06-20 08:00:00+00:00,4.3826060171828454e-05
2024-06-20 09:00:06+00:00,3.846502753250747e-05
2024-06-20 10:00:08+00:00,3.443948729433346e-05
2024-06-20 11:00:06+00:00,3.1500897526929195e-05
2024-06-20 12:00:09+00:00,3.944106129425397e-05
2024-06-20 13:00:10+00:00,4.4801686029048836e-05
2024-06-20 14:00:08+00:00,4.22429797983983e-05
2024-06-20 15:00:01+00:00,3.744269028039576e-05
2024-06-20 16:00:13+00:00,2.3572060810068194e-05
2024-06-20 17:00:08+00:00,6.4570070084153775e-06
2024-06-20 18:00:06+00:00,4.196047688023669e-06
2024-06-20 19:00:04+00:00,9.410803793847228e-06
2024-06-20 20:00:08+00:00,1.5237099076491865e-05
2024-06-20 21:00:04+00:00,1.6444017301036916e-05
2024-06-20 22:00:06+00:00,1.841694466885727e-05
2024-06-20 23:00:23+00:00,1.8984156734540643e-05
2024-06-21 00:00:00+00:00,2.2193148469776637e-05
2024-06-21 01:00:09+00:00,2.7801816219844744e-05
2024-06-21 02:00:05+00:00,2.7220579022467594e-05
2024-06-21 03:00:11+00:00,2.722524876259048e-05
2024-06-21 04:00:01+00:00,2.950251513379493e-05
2024-06-21 05:00:17+00:00,2.803105074382184e-05
2024-06-21 06:00:19+00:00,3.001114691725266e-05
2024-06-21 07:00:24+00:00,2.2015019036090946e-05
2024-06-21 08:00:03+00:00,1.0945405761162979e-05
2024-06-21 09:00:16+00:00,3.8468898467431235e-07
2024-06-21 10:00:04+00:00,9.59360082281823e-07
2024-06-21 11:00:01+00:00,4.6803508230466225e-06
2024-06-21 12:00:00+00:00,6.321278420749105e-06
2024-06-21 13:00:17+00:00,7.148772558132524e-06
2024-06-21 14:00:16+00:00,8.224312728939065e-06
2024-06-21 15:00:20+00:00,1.0474032413112418e-05
2024-06-21 16:00:09+00:00,1.1553634570274792e-05
2024-06-21 17:00:02+00:00,1.1715308748022268e-05
2024-06-21 18:00:25+00:00,1.0312009669480678e-05
2024-06-21 19:00:19+00:00,2.0624448708312556e-05
2024-06-21 20:00:15+00:00,2.538871623970072e-05
2024-06-21 21:00:15+00:00,2.0950988230292273e-05
2024-06-21 22:00:10+00:00,1.55430122760813e-05
2024-06-21 23:00:13+00:00,1.1410684780249528e-05
2024-06-22 00:00:01+00:00,9.524538659546635e-06
2024-06-22 01:00:08+00:00,7.874959596687216e-06
2024-06-22 02:00:01+00:00,8.143654010421626e-06
2024-06-22 03:00:10+00:00,8.443836587349336e-06
2024-06-22 04:00:10+00:00,8.51305325360469e-06
2024-06-22 05:00:14+00:00,8.081388148230118e-06
2024-06-22 06:00:06+00:00,8.338123286718718e-06
2024-06-22 07:00:05+00:00,8.386844621004305e-06
2024-06-22 08:00:02+00:00,9.157118546924315e-06
2024-06-22 09:00:07+00:00,8.695103272955135e-06
2024-06-22 10:00:22+00:00,8.493780594882164e-06
2024-06-22 11:00:11+00:00,8.761321375276166e-06
2024-06-22 12:00:05+00:00,8.841031931378418e-06
2024-06-22 13:00:06+00:00,9.77239275836652e-06
2024-06-22 14:00:05+00:00,1.1433134605418244e-05
2024-06-22 15:00:20+00:00,1.3918053407113568e-05
2024-06-22 16:00:07+00:00,1.059846755418864e-05
2024-06-22 17:00:03+00:00,8.745217604339741e-06
2024-06-22 18:00:00+00:00,8.349683742629686e-06
2024-06-22 19:00:04+00:00,8.778655995983918e-06
2024-06-22 20:00:09+00:00,8.875485419842521e-06
2024-06-22 21:00:10+00:00,9.353325983989383e-06
2024-06-22 22:00:23+00:00,2.140734695033966e-05
2024-06-22 23:00:25+00:00,2.7444287661447255e-05
2024-06-23 00:00:12+00:00,2.6166434325285965e-05
2024-06-23 01:00:08+00:00,2.2325566718908344e-05
2024-06-23 02:00:15+00:00,1.8112532614067764e-05
2024-06-23 03:00:03+00:00,1.7072755908094818e-05
2024-06-23 04:00:08+00:00,1.7630677523552838e-05
2024-06-23 05:00:09+00:00,1.8158295789134747e-05
2024-06-23 06:00:00+00:00,1.896434073859487e-05
2024-06-23 07:00:03+00:00,1.9532586626346507e-05
2024-06-23 08:00:02+00:00,2.0224033318078986e-05
2024-06-23 09:00:07+00:00,2.0899962918990225e-05
2024-06-23 10:00:36+00:00,2.2670730261621086e-05
2024-06-23 11:00:12+00:00,1.4135419654911855e-05
2024-06-23 12:00:07+00:00,9.669803100742999e-06
2024-06-23 13:00:04+00:00,8.876001988595443e-06
2024-06-23 14:00:02+00:00,9.988963949612756e-06
2024-06-23 15:00:06+00:00,1.0467266252605155e-05
2024-06-23 16:00:24+00:00,8.318021425616907e-06
2024-06-23 17:00:09+00:00,9.234898941840666e-06
2024-06-23 18:00:02+00:00,9.900589935419265e-06
2024-06-23 19:00:04+00:00,1.0183079599685354e-05
2024-06-23 20:00:04+00:00,1.1086425905736818e-05
2024-06-23 21:00:00+00:00,1.0968304171243828e-05
2024-06-23 22:00:02+00:00,9.56993355361316e-06
2024-06-23 23:00:13+00:00,8.226538819357322e-06
2024-06-24 00:00:02+00:00,4.915804433208898e-07
2024-06-24 01:00:02+00:00,1.5660608703444174e-06
2024-06-24 02:00:00+00:00,9.616167017104876e-06
2024-06-24 03:00:10+00:00,9.259320586039063e-06
2024-06-24 04:00:09+00:00,1.2995928371670873e-05
2024-06-24 05:00:10+00:00,1.5110169973699604e-05
2024-06-24 06:00:05+00:00,1.6762549557328975e-05
2024-06-24 07:00:01+00:00,1.8921138791311608e-05
2024-06-24 08:00:24+00:00,1.3135169655690159e-05
2024-06-24 09:00:01+00:00,1.1660493399175654e-05
2024-06-24 10:00:30+00:00,8.586367706780521e-06
2024-06-24 11:00:14+00:00,2.1752502437756843e-05
2024-06-24 12:00:02+00:00,2.5081361217577953e-05
2024-06-24 13:00:18+00:00,1.903191791030274e-05
2024-06-24 14:00:01+00:00,1.3333724325136078e-05
2024-06-24 15:00:05+00:00,1.2112681878826957e-05
2024-06-24 16:00:00+00:00,1.038537554696391e-05
2024-06-24 17:00:02+00:00,9.74266565258325e-06
2024-06-24 18:00:07+00:00,2.058159725592605e-05
2024-06-24 19:00:12+00:00,2.3814954592661197e-05
2024-06-24 20:00:05+00:00,2.832073039948974e-05
2024-06-24 21:00:02+00:00,3.1448008116660604e-05
2024-06-24 22:00:07+00:00,4.61937807044709e-05
2024-06-24 23:00:05+00:00,4.2576665542339786e-05
2024-06-25 00:00:01+00:00,4.238522741355478e-05
2024-06-25 01:00:00+00:00,4.197675450308765e-05
2024-06-25 02:00:06+00:00,3.622773878029187e-05
2024-06-25 03:00:27+00:00,3.593658759198336e-05
2024-06-25 04:00:18+00:00,4.6546341503439146e-05
2024-06-25 05:00:29+00:00,4.689484127253384e-05
2024-06-25 06:00:05+00:00,5.4268938342726954e-05
2024-06-25 07:00:01+00:00,5.882211445547103e-05
2024-06-25 08:00:11+00:00,5.1452446075562936e-05
2024-06-25 09:00:01+00:00,3.7359272431718846e-05
2024-06-25 10:00:11+00:00,3.2604865275934116e-05
2024-06-25 11:00:02+00:00,3.184390224478643e-05
2024-06-25 12:00:02+00:00,4.2095675699049084e-05
2024-06-25 13:00:06+00:00,4.8192210542675866e-05
2024-06-25 14:00:15+00:00,4.146765322919333e-05
2024-06-25 15:00:00+00:00,2.541856394394624e-05
2024-06-25 16:00:01+00:00,2.976444406190846e-05
2024-06-25 17:00:15+00:00,4.5245115859679135e-05
2024-06-25 18:00:02+00:00,5.822877524099591e-05
2024-06-25 19:00:00+00:00,5.3011678896883214e-05
2024-06-25 20:00:06+00:00,3.2088117882864753e-05
2024-06-25 21:00:03+00:00,2.1222717154489237e-05
2024-06-25 22:00:05+00:00,1.51779407053785e-05
2024-06-25 23:00:16+00:00,1.4495924261353043e-05
2024-06-26 00:00:04+00:00,1.5580941078748874e-05
2024-06-26 01:00:03+00:00,2.0101687016306142e-05
2024-06-26 02:00:05+00:00,2.1158582151906396e-05
2024-06-26 03:00:10+00:00,1.4730363502097708e-05
2024-06-26 04:00:13+00:00,1.1678694639226555e-05
2024-06-26 05:00:15+00:00,2.3141208199107623e-05
2024-06-26 06:00:04+00:00,3.795809271171621e-05
2024-06-26 07:00:09+00:00,4.419873001037122e-05
2024-06-26 08:00:11+00:00,5.0090589527237346e-05
2024-06-26 09:00:03+00:00,4.506780432548672e-05
2024-06-26 10:00:09+00:00,3.904223588037375e-05
2024-06-26 11:00:06+00:00,3.0382896438258116e-05
2024-06-26 12:00:10+00:00,2.5452920638035915e-05
2024-06-26 13:00:01+00:00,1.999556507690164e-05
2024-06-26 14:00:01+00:00,1.6076287720567372e-05
2024-06-26 15:00:27+00:00,1.3702067088038934e-05
2024-06-26 16:00:02+00:00,1.6482513332858977e-05
2024-06-26 17:00:02+00:00,1.815231172488797e-05
2024-06-26 18:00:27+00:00,1.3481383430370952e-05
2024-06-26 19:00:04+00:00,1.5038229074814108e-05
2024-06-26 20:00:02+00:00,2.1852080097176074e-05
2024-06-26 21:00:27+00:00,2.3446226145125337e-05
2024-06-26 22:00:25+00:00,4.087466828796173e-05
2024-06-26 23:00:12+00:00,3.8203210548441915e-05
2024-06-27 00:00:10+00:00,2.4906142756589724e-05
2024-06-27 01:00:27+00:00,1.4828092480524316e-05
2024-06-27 02:00:02+00:00,1.3673889779453096e-05
2024-06-27 03:00:15+00:00,1.278313828735706e-05
2024-06-27 04:00:08+00:00,1.3390443824673084e-05
2024-06-27 05:00:24+00:00,1.668348009699191e-05
2024-06-27 06:00:06+00:00,1.985231615042048e-05
2024-06-27 07:00:02+00:00,1.4801189751990348e-05
2024-06-27 08:00:22+00:00,1.1073378995293767e-05
2024-06-27 09:00:00+00:00,1.0070281940165772e-05
2024-06-27 10:00:06+00:00,1.0415365145141772e-05
2024-06-27 11:00:02+00:00,1.025329290996089e-05
2024-06-27 12:00:10+00:00,1.1302412488889375e-05
2024-06-27 13:00:11+00:00,1.6843550449631034e-05
2024-06-27 14:00:07+00:00,2.9637293387046517e-05
2024-06-27 15:00:20+00:00,3.986712078201995e-05
2024-06-27 16:00:02+00:00,4.9328397605815405e-05
2024-06-27 17:00:01+00:00,4.9779214698954205e-05
2024-06-27 18:00:21+00:00,4.267755419142929e-05
2024-06-27 19:00:02+00:00,3.5488176092940336e-05
2024-06-27 20:00:22+00:00,2.8726779446211326e-05
2024-06-27 21:00:04+00:00,4.3986463302148655e-05
2024-06-27 22:00:27+00:00,5.768483856668304e-05
2024-06-27 23:00:20+00:00,5.762770482396614e-05
2024-06-28 00:00:03+00:00,7.411378310895844e-05
2024-06-28 01:00:18+00:00,7.353860830369631e-05
2024-06-28 02:00:19+00:00,7.310014340678809e-05
2024-06-28 03:00:05+00:00,5.4229788122753174e-05
2024-06-28 04:00:06+00:00,4.290453581590504e-05
2024-06-28 05:00:07+00:00,2.7987894427815085e-05
2024-06-28 06:00:11+00:00,2.07744290816912e-05
2024-06-28 07:00:07+00:00,1.7391844154847234e-05
2024-06-28 08:00:02+00:00,1.4316848738632796e-05
2024-06-28 09:00:07+00:00,1.622973410438019e-05
2024-06-28 10:00:01+00:00,1.8235954096664485e-05
2024-06-28 11:00:13+00:00,1.4344833861114464e-05
2024-06-28 12:00:01+00:00,1.2121530487309065e-05
2024-06-28 13:00:15+00:00,1.3151798520515491e-05
2024-06-28 14:00:21+00:00,1.08491002199859e-05
2024-06-28 15:00:11+00:00,1.052429891627233e-05
2024-06-28 16:00:01+00:00,1.8724371624915654e-05
2024-06-28 17:00:01+00:00,1.852401623914498e-05
2024-06-28 18:00:00+00:00,2.86420449058542e-05
2024-06-28 19:00:11+00:00,3.84140907001357e-05
2024-06-28 20:00:13+00:00,2.4314460486330373e-05
2024-06-28 21:00:00+00:00,2.0569020183021943e-05
2024-06-28 22:00:11+00:00,1.530376223353154e-05
2024-06-28 23:00:14+00:00,1.1422959989506806e-05
2024-06-29 00:00:10+00:00,9.334790042185538e-06
2024-06-29 01:00:09+00:00,1.1013151359034682e-05
2024-06-29 02:00:14+00:00,2.1909389182095415e-05
2024-06-29 03:00:02+00:00,1.9173090242194994e-05
2024-06-29 04:00:16+00:00,1.636100691495661e-05
2024-06-29 05:00:17+00:00,1.5020277452095561e-05
2024-06-29 06:00:02+00:00,1.470364121926334e-05
2024-06-29 07:00:19+00:00,1.5144056251755257e-05
2024-06-29 08:00:04+00:00,1.8050255128641715e-05
2024-06-29 09:00:10+00:00,1.674412585809161e-05
2024-06-29 10:00:10+00:00,1.1872702623726032e-05
2024-06-29 11:00:15+00:00,1.6958621858410515e-05
2024-06-29 12:00:01+00:00,2.494685078155561e-05
2024-06-29 13:00:05+00:00,2.63023803202794e-05
2024-06-29 14:00:10+00:00,2.3384975751514067e-05
2024-06-29 15:00:00+00:00,1.913146360905012e-05
2024-06-29 16:00:19+00:00,1.878563810307215e-05
2024-06-29 17:00:09+00:00,1.7879980224906713e-05
2024-06-29 18:00:04+00:00,1.4786971986514164e-05
2024-06-29 19:00:01+00:00,6.99830330774537e-06
2024-06-29 20:00:07+00:00,8.698548794722255e-06
2024-06-29 21:00:04+00:00,1.2479950661616775e-05
2024-06-29 22:00:08+00:00,2.137450218386187e-05
2024-06-29 23:00:14+00:00,2.1556592266624194e-05
2024-06-30 00:00:09+00:00,1.7314267509331344e-05
2024-06-30 01:00:01+00:00,1.572362884943889e-05
2024-06-30 02:00:11+00:00,1.5376047865759733e-05
2024-06-30 03:00:06+00:00,1.3307802337540841e-05
2024-06-30 04:00:17+00:00,8.791289336967194e-06
2024-06-30 05:00:02+00:00,9.015867777691922e-06
2024-06-30 06:00:10+00:00,7.226861164916236e-06
2024-06-30 07:00:08+00:00,1.3630712944823371e-05
2024-06-30 08:00:43+00:00,1.3723263157858615e-05
2024-06-30 09:00:19+00:00,1.164923873091731e-05
2024-06-30 10:00:00+00:00,1.1182995685697498e-05
2024-06-30 11:00:02+00:00,1.0247462799802118e-05
2024-06-30 12:00:05+00:00,1.0544677572986721e-05
2024-06-30 13:00:07+00:00,1.4491646399556062e-05
2024-06-30 14:00:03+00:00,1.8478584606078297e-05
2024-06-30 15:00:10+00:00,1.7547756329027778e-05
2024-06-30 16:00:11+00:00,1.3641451938260963e-05
2024-06-30 17:00:05+00:00,4.644354256483327e-06
2024-06-30 18:00:04+00:00,6.884272786555693e-06
2024-06-30 19:00:21+00:00,8.689974208271828e-06
2024-06-30 20:00:08+00:00,5.371139525790517e-06
2024-06-30 21:00:12+00:00,7.091551730682496e-06
2024-06-30 22:00:14+00:00,8.315158479304625e-06
2024-06-30 23:00:10+00:00,9.465089502653995e-06
2024-07-01 00:00:03+00:00,7.840787707821487e-06
2024-07-01 01:00:10+00:00,9.481455083079549e-06
2024-07-01 02:00:00+00:00,1.3693635377545334e-05
2024-07-01 03:00:15+00:00,8.293263804763799e-06
2024-07-01 04:00:16+00:00,7.073879027877623e-06
2024-07-01 05:00:07+00:00,7.132635578380207e-06
2024-07-01 06:00:13+00:00,9.357204380759814e-06
2024-07-01 07:00:07+00:00,9.945126705482852e-06
2024-07-01 08:00:00+00:00,9.403361681930956e-06
2024-07-01 09:00:14+00:00,5.765277545384791e-06
2024-07-01 10:00:07+00:00,3.241623105488534e-06
2024-07-01 11:00:00+00:00,5.395630621598277e-06
2024-07-01 12:00:07+00:00,4.902598115443646e-06
2024-07-01 13:00:10+00:00,8.137316843845252e-06
2024-07-01 14:00:01+00:00,7.936362438541054e-06
2024-07-01 15:00:13+00:00,1.9438200235304844e-05
2024-07-01 16:00:18+00:00,2.9838289253053785e-05
2024-07-01 17:00:24+00:00,3.76413771631559e-05
2024-07-01 18:00:09+00:00,4.2337622720302086e-05
2024-07-01 19:00:13+00:00,4.222507723067752e-05
2024-07-01 20:00:00+00:00,6.211952279424418e-05
2024-07-01 21:00:03+00:00,6.449642921806894e-05
2024-07-01 22:00:04+00:00,6.145875402764414e-05
2024-07-01 23:00:07+00:00,4.741706174166636e-05
2024-07-02 00:00:31+00:00,3.83875742487468e-05
2024-07-02 01:00:01+00:00,3.745964912422263e-05
2024-07-02 02:00:03+00:00,3.87491456228653e-05
2024-07-02 03:00:09+00:00,3.268871835260174e-05
2024-07-02 04:00:06+00:00,3.233237546282085e-05
2024-07-02 05:00:06+00:00,3.2971740385708884e-05
2024-07-02 06:00:04+00:00,3.8927914921266185e-05
2024-07-02 07:00:07+00:00,3.510019594472821e-05
2024-07-02 08:00:13+00:00,3.7813206070367684e-05
2024-07-02 09:00:02+00:00,5.170848227620921e-05
2024-07-02 10:00:02+00:00,5.459730010912393e-05
2024-07-02 11:00:01+00:00,6.459619069586032e-05
2024-07-02 12:00:03+00:00,6.277088990222801e-05
2024-07-02 13:00:03+00:00,5.6127769984977043e-05
2024-07-02 14:00:03+00:00,3.223924849376291e-05
2024-07-02 15:00:00+00:00,1.9786210195623267e-05
2024-07-02 16:00:03+00:00,3.469760653055728e-05
2024-07-02 17:00:04+00:00,2.9424473538755806e-05
2024-07-02 18:00:03+00:00,3.9686133924321976e-05
2024-07-02 19:00:06+00:00,5.5772353867944916e-05
2024-07-02 20:00:02+00:00,5.8576987839954384e-05
2024-07-02 21:00:02+00:00,6.551993493634836e-05
2024-07-02 22:00:03+00:00,5.109057510817553e-05
2024-07-02 23:00:03+00:00,0.00010612976502288449
2024-07-03 00:00:01+00:00,0.00016303826757166375
2024-07-03 01:00:08+00:00,0.0001778786569130181
2024-07-03 02:00:00+00:00,0.0001718386227230969
2024-07-03 03:00:06+00:00,0.000124104775033297
2024-07-03 04:00:07+00:00,7.671557268470262e-05
2024-07-03 05:00:07+00:00,5.850407787431156e-05
2024-07-03 06:00:02+00:00,6.017827676571976e-05
2024-07-03 07:00:08+00:00,6.795416086988467e-05
2024-07-03 08:00:07+00:00,6.865614676092718e-05
2024-07-03 09:00:04+00:00,6.747831392420474e-05
2024-07-03 10:00:10+00:00,5.612259649159452e-05
2024-07-03 11:00:08+00:00,4.202902757642621e-05
2024-07-03 12:00:03+00:00,4.322546936745583e-05
2024-07-03 13:00:12+00:00,5.28944104905794e-05
2024-07-03 14:00:03+00:00,7.021945446295325e-05
2024-07-03 15:00:01+00:00,6.17709796989563e-05
2024-07-03 16:00:22+00:00,4.9644266755904e-05
2024-07-03 17:00:02+00:00,4.439042247034572e-05
2024-07-03 18:00:07+00:00,3.555822044217595e-05
2024-07-03 19:00:22+00:00,3.5158074683122064e-05
2024-07-03 20:00:01+00:00,2.78584467092554e-05
2024-07-03 21:00:03+00:00,2.8153314969903992e-05
2024-07-03 22:00:00+00:00,4.3172838570137584e-05
2024-07-03 23:00:09+00:00,4.992522451853762e-05
2024-07-04 00:00:10+00:00,5.0276058846057365e-05
2024-07-04 01:00:25+00:00,5.63625018655271e-05
2024-07-04 02:00:09+00:00,3.8134621131539836e-05
2024-07-04 03:00:02+00:00,5.866050923769424e-05
2024-07-04 04:00:03+00:00,5.2048634617985875e-05
2024-07-04 05:00:58+00:00,3.281930329469642e-05
2024-07-04 06:00:02+00:00,2.963664305058609e-05
2024-07-04 07:00:10+00:00,2.829171018705081e-05
2024-07-04 08:00:19+00:00,2.5906563788282236e-05
2024-07-04 09:00:01+00:00,2.3292719831053556e-05
2024-07-04 10:00:04+00:00,3.102928187522542e-05
2024-07-04 11:00:09+00:00,3.2632597371794455e-05
2024-07-04 12:00:10+00:00,3.697869311121938e-05
2024-07-04 13:00:03+00:00,3.903551188610409e-05
2024-07-04 14:00:11+00:00,2.806235820170202e-05
2024-07-04 15:00:18+00:00,1.8093871543612878e-05
2024-07-04 16:00:03+00:00,2.787694000326436e-05
2024-07-04 17:00:08+00:00,3.18974212245829e-05
2024-07-04 18:00:02+00:00,3.986189105992846e-05
2024-07-04 19:00:06+00:00,3.095831246890411e-05
2024-07-04 20:00:15+00:00,3.037790518639022e-05
2024-07-04 21:00:13+00:00,1.902149451855991e-05
2024-07-04 22:00:03+00:00,2.1446503586937495e-05
2024-07-04 23:00:00+00:00,1.9672145107084427e-05
2024-07-05 00:00:10+00:00,1.2365660937304286e-05
2024-07-05 01:00:01+00:00,8.106139149688147e-06
2024-07-05 02:00:05+00:00,7.699282676992838e-06
2024-07-05 03:00:01+00:00,4.205509901717979e-06
2024-07-05 04:00:05+00:00,-4.287823806818266e-06
2024-07-05 05:00:01+00:00,-1.7770106930345903e-05
2024-07-05 06:00:04+00:00,-8.873661601885765e-06
2024-07-05 07:00:00+00:00,8.530129716613983e-07
2024-07-05 08:00:00+00:00,2.446438094128658e-06
2024-07-05 09:00:19+00:00,4.41200826155862e-06
2024-07-05 10:00:08+00:00,2.717961099473165e-06
2024-07-05 11:00:05+00:00,4.469533972056313e-06
2024-07-05 12:00:03+00:00,7.847186757450202e-06
2024-07-05 13:00:06+00:00,4.312597266018435e-06
2024-07-05 14:00:11+00:00,2.843913728290852e-06
2024-07-05 15:00:01+00:00,2.145470578757038e-06
2024-07-05 16:00:08+00:00,5.293234570031464e-06
2024-07-05 17:00:11+00:00,1.661612205422413e-05
2024-07-05 18:00:12+00:00,1.4079722131671694e-05
2024-07-05 19:00:02+00:00,9.989777519623389e-06
2024-07-05 20:00:04+00:00,7.433265196909998e-06
2024-07-05 21:00:01+00:00,6.472824573511532e-06
2024-07-05 22:00:02+00:00,7.713943523446844e-06
2024-07-05 23:00:03+00:00,9.397614592341176e-06
2024-07-06 00:00:00+00:00,1.661647847426744e-05
2024-07-06 01:00:14+00:00,1.9897174854734454e-05
2024-07-06 02:00:05+00:00,1.8567155253719647e-05
2024-07-06 03:00:08+00:00,1.8855819366725925e-05
2024-07-06 04:00:08+00:00,1.5945896680922768e-05
2024-07-06 05:00:09+00:00,8.56643781227786e-06
2024-07-06 06:00:09+00:00,6.6317876591138895e-06
2024-07-06 07:00:06+00:00,7.275824202340699e-06
2024-07-06 08:00:28+00:00,8.59099368939086e-06
2024-07-06 09:00:06+00:00,1.5021468020358074e-05
2024-07-06 10:00:21+00:00,2.4565741931456057e-05
2024-07-06 11:00:07+00:00,3.579125189290961e-05
2024-07-06 12:00:02+00:00,3.606965596703015e-05
2024-07-06 13:00:05+00:00,1.58265391514189e-05
2024-07-06 14:00:07+00:00,1.3157057498064952e-05
2024-07-06 15:00:21+00:00,8.895125059687797e-06
2024-07-06 16:00:09+00:00,6.954849186091747e-06
2024-07-06 17:00:10+00:00,3.216471650042802e-06
2024-07-06 18:00:00+00:00,-7.489047519519532e-07
2024-07-06 19:00:00+00:00,2.9458791303954885e-06
2024-07-06 20:00:11+00:00,-1.9400323352430718e-08
2024-07-06 21:00:06+00:00,-2.5718116370136265e-06
2024-07-06 22:00:03+00:00,-1.5941312120142933e-06
2024-07-06 23:00:22+00:00,4.865341195772501e-07
2024-07-07 00:00:00+00:00,1.3721998991416386e-05
2024-07-07 01:00:00+00:00,1.3797904128184921e-05
2024-07-07 02:00:00+00:00,1.0565562095577602e-05
2024-07-07 03:00:17+00:00,9.456205201424926e-06
2024-07-07 04:00:01+00:00,9.118412640917307e-06
2024-07-07 05:00:03+00:00,8.969912921749334e-06
2024-07-07 06:00:03+00:00,8.15068351625129e-06
2024-07-07 07:00:01+00:00,8.256121285310346e-06
2024-07-07 08:00:01+00:00,-2.3447963748264824e-07
2024-07-07 09:00:03+00:00,-7.799024226120677e-06
2024-07-07 10:00:06+00:00,-9.29210211903828e-06
2024-07-07 11:00:05+00:00,-1.1086065282798773e-05
2024-07-07 12:00:13+00:00,2.0057293873673435e-06
2024-07-07 13:00:15+00:00,5.750421634860262e-06
2024-07-07 14:00:02+00:00,1.553887678502469e-06
2024-07-07 15:00:06+00:00,2.8629930455772432e-06
2024-07-07 16:00:06+00:00,5.014888472810575e-06
2024-07-07 17:00:14+00:00,1.3788401980457143e-05
2024-07-07 18:00:02+00:00,1.6337758914342996e-05
2024-07-07 19:00:01+00:00,1.1709055178929232e-05
2024-07-07 20:00:05+00:00,9.214705790820787e-06
2024-07-07 21:00:05+00:00,8.85620365079647e-06
2024-07-07 22:00:05+00:00,1.030349428612339e-05
2024-07-07 23:00:02+00:00,1.5946797856046943e-05
2024-07-08 00:00:07+00:00,8.060986441267419e-06
2024-07-08 01:00:04+00:00,2.480162155229647e-06
2024-07-08 02:00:05+00:00,-4.4572813034301e-06
2024-07-08 03:00:17+00:00,-1.0524804177408107e-05
2024-07-08 04:00:09+00:00,-2.295546330764816e-05
2024-07-08 05:00:07+00:00,-2.1867648911529585e-05
2024-07-08 06:00:00+00:00,-2.9727151347346617e-06
2024-07-08 07:00:07+00:00,5.556875510036993e-06
2024-07-08 08:00:06+00:00,8.178607687050578e-06
2024-07-08 09:00:02+00:00,1.3143870614183931e-05
2024-07-08 10:00:06+00:00,1.1107941500032354e-05
2024-07-08 11:00:01+00:00,7.036105408697161e-06
2024-07-08 12:00:07+00:00,1.1825134852648964e-06
2024-07-08 13:00:10+00:00,-2.8735032213706085e-06
2024-07-08 14:00:04+00:00,-2.720696634076744e-06
2024-07-08 15:00:15+00:00,6.0191454027846005e-06
2024-07-08 16:00:08+00:00,1.7847691438815434e-05
2024-07-08 17:00:13+00:00,1.3178659938810708e-05
2024-07-08 18:00:00+00:00,4.526443981037251e-06
2024-07-08 19:00:04+00:00,5.151122368906386e-06
2024-07-08 20:00:21+00:00,6.407797540932143e-06
2024-07-08 21:01:24+00:00,7.329664476957904e-06
2024-07-08 22:00:12+00:00,6.96727680040331e-06
2024-07-08 23:00:03+00:00,8.179184134572647e-06
2024-07-09 00:00:01+00:00,1.0132026613724007e-05
2024-07-09 01:00:07+00:00,1.2385489700227169e-05
2024-07-09 02:00:07+00:00,1.552424617470211e-05
2024-07-09 03:00:27+00:00,1.4327659200384722e-05
2024-07-09 04:00:16+00:00,2.0348416798370278e-05
2024-07-09 05:00:03+00:00,2.2067856004127265e-05
2024-07-09 06:00:03+00:00,2.4467223381062523e-05
2024-07-09 07:00:03+00:00,1.8270579377900524e-05
2024-07-09 08:00:01+00:00,1.2102952844720103e-05
2024-07-09 09:00:13+00:00,1.0759402006471551e-05
2024-07-09 10:00:00+00:00,1.3941633642328719e-05
2024-07-09 11:00:08+00:00,1.3039927717815771e-05
2024-07-09 12:00:09+00:00,1.1094344378008224e-05
2024-07-09 13:00:07+00:00,7.773552011574353e-06
2024-07-09 14:00:10+00:00,8.422778964728594e-06
2024-07-09 15:00:21+00:00,8.730391614007996e-06
2024-07-09 16:00:05+00:00,8.659051039803168e-06
2024-07-09 17:00:28+00:00,9.244017859016512e-06
2024-07-09 18:00:02+00:00,7.578178727883078e-06
2024-07-09 19:00:05+00:00,7.760888784074665e-06
2024-07-09 20:00:06+00:00,6.715869659635072e-06
2024-07-09 21:00:03+00:00,1.3525464735533773e-05
2024-07-09 22:00:01+00:00,1.2953296032273084e-05
2024-07-09 23:00:07+00:00,1.3630295596852686e-05
2024-07-10 00:00:07+00:00,1.3029342005466357e-05
2024-07-10 01:00:07+00:00,1.875270748582216e-05
2024-07-10 02:00:06+00:00,1.2613819030379014e-05
2024-07-10 03:00:01+00:00,1.0654858826678737e-05
2024-07-10 04:00:01+00:00,1.0122294214589893e-05
2024-07-10 05:00:00+00:00,1.2723871364730218e-05
2024-07-10 06:00:10+00:00,8.692862665400834e-06
2024-07-10 07:00:08+00:00,6.207399113946272e-06
2024-07-10 08:00:01+00:00,5.98573150907622e-06
2024-07-10 09:00:03+00:00,-4.73406554990352e-06
2024-07-10 10:00:00+00:00,-7.440143895408727e-06
2024-07-10 11:00:08+00:00,1.4089963006225632e-06
2024-07-10 12:00:09+00:00,4.758857492711393e-06
2024-07-10 13:00:19+00:00,3.6188562847840853e-06
2024-07-10 14:00:01+00:00,2.687352992918754e-06
2024-07-10 15:00:09+00:00,4.166739216834529e-06
2024-07-10 16:00:10+00:00,1.8307870850701815e-06
2024-07-10 17:00:10+00:00,2.831000642405347e-06
2024-07-10 18:00:12+00:00,2.9376665273801336e-06
2024-07-10 19:00:01+00:00,4.430465861058834e-06
2024-07-10 20:00:12+00:00,-1.493573934185528e-06
2024-07-10 21:00:13+00:00,9.245608260775017e-07
2024-07-10 22:00:13+00:00,5.5225226380144405e-06
2024-07-10 23:00:16+00:00,9.765965745461109e-06
2024-07-11 00:00:01+00:00,1.1752930936385029e-05
2024-07-11 01:00:00+00:00,1.0629579375653108e-05
2024-07-11 02:00:00+00:00,1.1190397695205585e-05
2024-07-11 03:00:01+00:00,9.491810151343763e-06
2024-07-11 04:00:09+00:00,8.482024452975109e-06
2024-07-11 05:00:06+00:00,8.901715522036054e-06
2024-07-11 06:00:15+00:00,8.570971457883064e-06
2024-07-11 07:00:12+00:00,9.698704154593034e-06
2024-07-11 08:00:04+00:00,1.2350524434005058e-05
2024-07-11 09:00:11+00:00,1.00478135770779e-05
2024-07-11 10:00:11+00:00,1.6623015384527626e-05
2024-07-11 11:00:00+00:00,2.229466107317032e-05
2024-07-11 12:00:01+00:00,2.2361281505143392e-05
2024-07-11 13:00:10+00:00,2.197463888053003e-05
2024-07-11 14:00:10+00:00,1.4109563477689194e-05
2024-07-11 15:00:05+00:00,9.754073473269966e-06
2024-07-11 16:00:04+00:00,8.489949671749615e-06
2024-07-11 17:00:22+00:00,1.7609459183048983e-05
2024-07-11 18:00:00+00:00,2.1497241416920737e-05
2024-07-11 19:00:07+00:00,1.8569495326046812e-05
2024-07-11 20:00:01+00:00,1.3401693100968514e-05
2024-07-11 21:00:04+00:00,1.2453658724290464e-05
2024-07-11 22:00:04+00:00,1.0598881177503709e-05
2024-07-11 23:00:14+00:00,1.0787171278481109e-05
2024-07-12 00:00:08+00:00,9.873003798530175e-06
2024-07-12 01:00:08+00:00,1.0107709226147303e-05
2024-07-12 02:00:00+00:00,6.974444887147018e-06
2024-07-12 03:00:07+00:00,-2.103542358455617e-06
2024-07-12 04:00:11+00:00,-2.056249880111762e-05
2024-07-12 05:00:11+00:00,-1.6241108656954266e-05
2024-07-12 06:00:02+00:00,-1.436484304776657e-05
2024-07-12 07:00:01+00:00,-9.095911843486514e-06
2024-07-12 08:00:03+00:00,-8.723478241514887e-06
2024-07-12 09:00:03+00:00,-1.1799771334995062e-05
2024-07-12 10:00:04+00:00,-1.102780786600416e-05
2024-07-12 11:00:02+00:00,-5.188348578052939e-06
2024-07-12 12:00:03+00:00,1.6469235012109183e-06
2024-07-12 13:00:03+00:00,2.7495885347456587e-07
2024-07-12 14:00:04+00:00,9.89183641527091e-07
2024-07-12 15:00:04+00:00,4.416770676980355e-06
2024-07-12 16:00:03+00:00,7.558360713834789e-06
2024-07-12 17:00:02+00:00,7.984103393386728e-06
2024-07-12 18:00:02+00:00,8.105217805975193e-06
2024-07-12 19:00:01+00:00,1.8343148328717317e-05
2024-07-12 20:00:01+00:00,1.498394490218147e-05
2024-07-12 21:00:08+00:00,6.463131896638459e-06
2024-07-12 22:00:09+00:00,1.3293160656644885e-05
2024-07-12 23:00:03+00:00,1.9950672412112417e-05
2024-07-13 00:00:08+00:00,2.374943843088691e-05
2024-07-13 01:00:01+00:00,2.165234481364557e-05
2024-07-13 02:00:05+00:00,1.6312201863268155e-05
2024-07-13 03:00:04+00:00,1.3241402023273925e-05
2024-07-13 04:00:04+00:00,1.2584319092302152e-05
2024-07-13 05:00:05+00:00,7.881482934342069e-06
2024-07-13 06:00:05+00:00,5.841182817100325e-06
2024-07-13 07:00:01+00:00,8.152413459276178e-06
2024-07-13 08:00:01+00:00,8.857836731781379e-06
2024-07-13 09:00:02+00:00,8.92591460000977e-06
2024-07-13 10:00:10+00:00,8.333910356873323e-06
2024-07-13 11:00:02+00:00,7.849004681812095e-06
2024-07-13 12:00:02+00:00,8.440527386309415e-06
2024-07-13 13:00:02+00:00,1.647128770992778e-05
2024-07-13 14:00:00+00:00,1.2267635740520048e-05
2024-07-13 15:00:07+00:00,9.745634832686144e-06
2024-07-13 16:00:01+00:00,1.3131705498630136e-05
2024-07-13 17:00:00+00:00,1.2830003053195035e-05
2024-07-13 18:00:02+00:00,1.0438247020722786e-05
2024-07-13 19:00:01+00:00,9.86795529457485e-06
2024-07-13 20:00:04+00:00,9.10838157442098e-06
2024-07-13 21:00:06+00:00,1.0118578245355292e-05
2024-07-13 22:00:04+00:00,7.372102427713516e-06
2024-07-13 23:00:00+00:00,7.596038986709582e-06
2024-07-14 00:00:14+00:00,9.650540837322864e-06
2024-07-14 01:00:02+00:00,8.79347910271552e-06
2024-07-14 02:00:01+00:00,9.005021854319863e-06
2024-07-14 03:00:06+00:00,9.721293099287891e-06
2024-07-14 04:00:00+00:00,9.312670004717175e-06
2024-07-14 05:00:08+00:00,1.556450485378566e-05
2024-07-14 06:00:04+00:00,1.4041591704446592e-05
2024-07-14 07:00:04+00:00,8.693910868027042e-06
2024-07-14 08:00:08+00:00,7.185088562810884e-06
2024-07-14 09:00:28+00:00,7.989311322366488e-06
2024-07-14 10:00:06+00:00,7.965786372973338e-06
2024-07-14 11:00:09+00:00,6.855405750277934e-06
2024-07-14 12:00:09+00:00,6.887816473508802e-06
2024-07-14 13:00:00+00:00,1.0842098759076607e-06
2024-07-14 14:00:02+00:00,-1.0745964467715272e-06
2024-07-14 15:00:00+00:00,-3.275118841338532e-06
2024-07-14 16:00:01+00:00,2.27967988992918e-06
2024-07-14 17:00:07+00:00,3.988457782238007e-06
2024-07-14 18:00:07+00:00,6.233513465010465e-06
2024-07-14 19:00:08+00:00,1.112838320547722e-05
2024-07-14 20:00:08+00:00,1.7768811234657754e-05
2024-07-14 21:00:08+00:00,2.3105225045749373e-05
2024-07-14 22:00:03+00:00,2.475542033044257e-05
2024-07-14 23:00:13+00:00,1.3721998828509658e-05
2024-07-15 00:00:13+00:00,1.2064177439337432e-05
2024-07-15 01:00:14+00:00,1.5452397429711513e-05
2024-07-15 02:00:13+00:00,1.3806731376810492e-05
2024-07-15 03:00:03+00:00,1.8525083110267555e-05
2024-07-15 04:00:08+00:00,1.620681836882957e-05
2024-07-15 05:00:06+00:00,2.122270458336856e-05
2024-07-15 06:00:10+00:00,2.121577161223319e-05
2024-07-15 07:00:25+00:00,2.3862216518562576e-05
2024-07-15 08:00:11+00:00,2.1484885767287168e-05
2024-07-15 09:00:07+00:00,1.5926162987180318e-05
2024-07-15 10:00:08+00:00,1.3201301137944197e-05
2024-07-15 11:00:08+00:00,1.0203898573358074e-05
2024-07-15 12:00:07+00:00,7.430161201136072e-06
2024-07-15 13:00:00+00:00,8.414256212329145e-06
2024-07-15 14:00:00+00:00,9.076074148250746e-06
2024-07-15 15:00:06+00:00,1.3153076933803943e-05
2024-07-15 16:00:09+00:00,1.9560284387135903e-05
2024-07-15 17:00:00+00:00,1.6476998431995436e-05
2024-07-15 18:00:12+00:00,1.1325761018615613e-05
2024-07-15 19:00:02+00:00,1.2133666207803422e-05
2024-07-15 20:00:03+00:00,1.3687703731566911e-05
2024-07-15 21:00:08+00:00,1.1455774724526056e-05
2024-07-15 22:00:08+00:00,1.1531566073177687e-05
2024-07-15 23:00:11+00:00,1.600145699463878e-05
2024-07-16 00:00:09+00:00,2.4164337485656013e-05
2024-07-16 01:00:03+00:00,2.691769322891247e-05
2024-07-16 02:00:07+00:00,2.640841934051218e-05
2024-07-16 03:00:07+00:00,1.894918020043071e-05
2024-07-16 04:00:08+00:00,1.1462968137659111e-05
2024-07-16 05:00:07+00:00,8.77516086066083e-06
2024-07-16 06:00:01+00:00,-8.154210597424697e-07
2024-07-16 07:00:06+00:00,2.065217211406658e-06
2024-07-16 08:00:06+00:00,6.198676528336528e-06
2024-07-16 09:00:08+00:00,7.31768770416669e-06
2024-07-16 10:00:05+00:00,1.0059755271301163e-05
2024-07-16 11:00:09+00:00,1.534956300681792e-05
2024-07-16 12:00:10+00:00,1.7971414674906457e-05
2024-07-16 13:00:18+00:00,6.766436266071337e-06
2024-07-16 14:00:01+00:00,-1.579485796679479e-06
2024-07-16 15:00:10+00:00,-1.0029603702901261e-05
2024-07-16 16:00:07+00:00,-1.046867052117906e-06
2024-07-16 17:00:01+00:00,-6.611959840372311e-06
2024-07-16 18:00:06+00:00,-5.482656091672222e-06
2024-07-16 19:00:00+00:00,2.9284525575273697e-06
2024-07-16 20:00:07+00:00,7.005119387337875e-06
2024-07-16 21:00:08+00:00,-9.308115107530791e-06
2024-07-16 22:00:06+00:00,-1.9013018910918197e-05
2024-07-16 23:00:05+00:00,-1.5122323357915026e-05
2024-07-17 00:00:01+00:00,-8.73441863604613e-06
2024-07-17 01:00:13+00:00,-1.0188997239625912e-05
2024-07-17 02:00:07+00:00,3.269200898500204e-06
2024-07-17 03:00:00+00:00,1.8979401659023725e-05
2024-07-17 04:00:01+00:00,2.1609758286147048e-05
2024-07-17 05:00:07+00:00,2.319498619934096e-05
2024-07-17 06:00:09+00:00,1.8196084588585546e-05
2024-07-17 07:00:03+00:00,1.2215955200203269e-05
2024-07-17 08:00:03+00:00,9.757111971192228e-06
2024-07-17 09:00:03+00:00,8.998149400453772e-06
2024-07-17 10:00:04+00:00,9.155222199208497e-06
2024-07-17 11:00:00+00:00,8.719958163577286e-06
2024-07-17 12:00:10+00:00,6.245015059056551e-06
2024-07-17 13:00:04+00:00,6.140908668087838e-06
2024-07-17 14:00:06+00:00,7.265007139080771e-06
2024-07-17 15:00:02+00:00,8.431262095145837e-06
2024-07-17 16:00:20+00:00,9.043899775267368e-06
2024-07-17 17:00:01+00:00,7.6227650475038855e-06
2024-07-17 18:00:00+00:00,6.505688729728521e-06
2024-07-17 19:00:08+00:00,6.762817672168694e-06
2024-07-17 20:00:01+00:00,9.695866067389787e-06
2024-07-17 21:00:26+00:00,1.5040299202636452e-05
2024-07-17 22:00:08+00:00,8.761723044311747e-06
2024-07-17 23:00:07+00:00,7.437714544802299e-06
2024-07-18 00:00:01+00:00,6.818755015105032e-06
2024-07-18 01:00:02+00:00,-3.747006704034284e-06
2024-07-18 02:00:01+00:00,-3.877071794112878e-07
2024-07-18 03:00:00+00:00,9.727263441862528e-06
2024-07-18 04:00:01+00:00,1.3623390752947236e-05
2024-07-18 05:00:07+00:00,2.2610703010899222e-05
2024-07-18 06:00:05+00:00,1.4631821386075402e-05
2024-07-18 07:00:29+00:00,1.104559148363216e-05
2024-07-18 08:00:04+00:00,9.570241299081322e-06
2024-07-18 09:00:15+00:00,9.122649517050463e-06
2024-07-18 10:00:07+00:00,8.20860925849348e-06
2024-07-18 11:00:06+00:00,8.393501450058301e-06
2024-07-18 12:00:01+00:00,1.2849598516100007e-05
2024-07-18 13:00:06+00:00,1.1874439055838422e-05
2024-07-18 14:00:08+00:00,9.671364747414399e-06
2024-07-18 15:00:00+00:00,9.525177288387702e-06
2024-07-18 16:00:33+00:00,7.471246231990591e-06
2024-07-18 17:00:01+00:00,9.830663978081227e-06
2024-07-18 18:00:02+00:00,1.2929830882813052e-05
2024-07-18 19:00:14+00:00,1.2447668598333524e-05
2024-07-18 20:00:09+00:00,1.0429501172034752e-05
2024-07-18 21:00:09+00:00,1.0597899605733328e-05
2024-07-18 22:00:07+00:00,1.487370810645703e-05
2024-07-18 23:00:03+00:00,1.8838399330951944e-05
2024-07-19 00:00:06+00:00,2.1591422631511883e-05
2024-07-19 01:00:03+00:00,2.113424346242845e-05
2024-07-19 02:00:01+00:00,2.2361372167318513e-05
2024-07-19 03:00:04+00:00,3.0295924817413203e-05
2024-07-19 04:00:02+00:00,3.3045701010020044e-05
2024-07-19 05:00:00+00:00,2.101129194001483e-05
2024-07-19 06:00:07+00:00,1.7716887119802006e-05
2024-07-19 07:00:03+00:00,1.3612557534978679e-05
2024-07-19 08:00:06+00:00,1.2549024951293921e-05
2024-07-19 09:00:10+00:00,1.3984187358699077e-05
2024-07-19 10:00:00+00:00,1.2136395583406064e-05
2024-07-19 11:00:11+00:00,9.961684496687096e-06
2024-07-19 12:00:06+00:00,9.033199496220958e-06
2024-07-19 13:00:10+00:00,1.0991625700934048e-05
2024-07-19 14:00:10+00:00,1.2112634330334822e-05
2024-07-19 15:00:11+00:00,1.2184018820037136e-05
2024-07-19 16:00:02+00:00,1.9353809118557317e-05
2024-07-19 17:00:06+00:00,1.6035554352197997e-05
2024-07-19 18:00:09+00:00,2.336059756335369e-05
2024-07-19 19:00:03+00:00,2.5512613942050863e-05
2024-07-19 20:00:01+00:00,1.6182204882262667e-05
2024-07-19 21:00:01+00:00,9.897612435632952e-06
2024-07-19 22:00:11+00:00,8.802227358906932e-06
2024-07-19 23:00:05+00:00,7.883937902378372e-06
2024-07-20 00:00:06+00:00,7.493839957743505e-06
2024-07-20 01:00:07+00:00,3.700843333154614e-07
2024-07-20 02:00:08+00:00,-1.2843695183217896e-06
2024-07-20 03:00:08+00:00,6.948231421907782e-07
2024-07-20 04:00:00+00:00,4.245974542097923e-06
2024-07-20 05:00:09+00:00,7.2627080555313735e-06
2024-07-20 06:00:00+00:00,6.3231513405461e-06
2024-07-20 07:00:04+00:00,7.584575383431272e-06
2024-07-20 08:00:03+00:00,8.391772339510987e-06
2024-07-20 09:00:00+00:00,1.11060453355351e-05
2024-07-20 10:00:09+00:00,9.096855745174335e-06
2024-07-20 11:00:21+00:00,6.837163119602399e-06
2024-07-20 12:00:01+00:00,7.692363354087438e-06
2024-07-20 13:00:03+00:00,9.480087651269266e-06
2024-07-20 14:00:10+00:00,9.83064812925585e-06
2024-07-20 15:00:04+00:00,9.155754014910303e-06
2024-07-20 16:00:05+00:00,8.99509808996984e-06
2024-07-20 17:00:00+00:00,1.743151076894503e-05
2024-07-20 18:00:10+00:00,2.170259248029749e-05
2024-07-20 19:00:01+00:00,2.4811827859505642e-05
2024-07-20 20:00:02+00:00,2.7636940608938602e-05
2024-07-20 21:00:05+00:00,3.0800450214846696e-05
2024-07-20 22:00:15+00:00,2.8303927212919427e-05
2024-07-20 23:00:07+00:00,2.4634578495980206e-05
2024-07-21 00:01:12+00:00,2.754607698798401e-05
2024-07-21 01:00:07+00:00,2.9766509169315244e-05
2024-07-21 02:00:09+00:00,3.113639840912504e-05
2024-07-21 03:00:08+00:00,2.9044133414893985e-05
2024-07-21 04:00:08+00:00,2.5734991743620594e-05
2024-07-21 05:00:08+00:00,2.396950088817496e-05
2024-07-21 06:00:10+00:00,2.2613366190394937e-05
2024-07-21 07:00:01+00:00,1.6021529667104316e-05
2024-07-21 08:00:05+00:00,1.5816031683276698e-05
2024-07-21 09:00:06+00:00,1.8306517651101614e-05
2024-07-21 10:00:10+00:00,2.3757859112942156e-05
2024-07-21 11:00:02+00:00,3.670071700944275e-05
2024-07-21 12:00:03+00:00,4.05793670265691e-05
2024-07-21 13:00:03+00:00,2.9405610216039222e-05
2024-07-21 14:00:07+00:00,2.408566498780207e-05
2024-07-21 15:00:03+00:00,2.1029398508015905e-05
2024-07-21 16:00:08+00:00,1.4449697270017116e-05
2024-07-21 17:00:04+00:00,1.347862884298918e-05
2024-07-21 18:00:04+00:00,2.113325119796001e-05
2024-07-21 19:00:10+00:00,2.3186837712245452e-05
2024-07-21 20:00:13+00:00,3.997889500201978e-05
2024-07-21 21:00:02+00:00,3.4411115981631755e-05
2024-07-21 22:00:03+00:00,3.463432203069034e-05
2024-07-21 23:00:07+00:00,2.964707973663341e-05
2024-07-22 00:00:00+00:00,3.539384430875419e-05
2024-07-22 01:00:04+00:00,2.284696593033536e-05
2024-07-22 02:00:03+00:00,1.6390395829088908e-05
2024-07-22 03:00:03+00:00,1.687215153026621e-05
2024-07-22 04:00:04+00:00,2.1570666213676563e-05
2024-07-22 05:00:05+00:00,2.6640331595870237e-05
2024-07-22 06:00:06+00:00,2.1879662456947095e-05
2024-07-22 07:00:01+00:00,1.632307779202418e-05
2024-07-22 08:00:05+00:00,1.1997756309753176e-05
2024-07-22 09:00:05+00:00,1.1185616017881872e-05
2024-07-22 10:00:08+00:00,1.1297684689544779e-05
2024-07-22 11:00:08+00:00,1.0606374010856761e-05
2024-07-22 12:00:09+00:00,1.1537619558339616e-05
2024-07-22 13:00:02+00:00,1.0944675934884554e-05
2024-07-22 14:00:06+00:00,1.3514328385270063e-05
2024-07-22 15:00:16+00:00,2.25322035094421e-05
2024-07-22 16:00:23+00:00,2.2173090677865965e-05
2024-07-22 17:00:10+00:00,2.216095927425352e-05
2024-07-22 18:00:03+00:00,2.0756693765645957e-05
2024-07-22 19:00:03+00:00,1.6306358121089823e-05
2024-07-22 20:00:05+00:00,4.2372880266639955e-05
2024-07-22 21:00:07+00:00,4.666394935627316e-05
2024-07-22 22:00:04+00:00,4.286404518498393e-05
2024-07-22 23:00:07+00:00,1.153548823244547e-05
2024-07-23 00:00:09+00:00,7.513093152230071e-07
2024-07-23 01:00:10+00:00,3.6136464123591803e-06
2024-07-23 02:00:09+00:00,6.704304366411986e-06
2024-07-23 03:00:00+00:00,7.943208566070446e-06
2024-07-23 04:00:02+00:00,8.278118281617181e-06
2024-07-23 05:00:00+00:00,8.008525645884577e-06
2024-07-23 06:00:02+00:00,8.607585221651828e-06
2024-07-23 07:00:05+00:00,9.371388989003754e-06
2024-07-23 08:00:05+00:00,9.375694290515456e-06
2024-07-23 09:00:05+00:00,1.40533385499677e-05
2024-07-23 10:00:08+00:00,2.006181568658929e-05
2024-07-23 11:00:09+00:00,2.0713643750503113e-05
2024-07-23 12:00:04+00:00,1.7142990996631428e-05
2024-07-23 13:00:05+00:00,1.5615481243681812e-05
2024-07-23 14:00:23+00:00,2.4118070494512824e-05
2024-07-23 15:00:04+00:00,3.2672603701277426e-05
2024-07-23 16:00:04+00:00,2.3525764783500817e-05
2024-07-23 17:00:06+00:00,2.2452208873560966e-05
2024-07-23 18:00:24+00:00,1.8048698354028205e-05
2024-07-23 19:00:10+00:00,1.9137355781724936e-05
2024-07-23 20:00:01+00:00,1.7469489363307047e-05
2024-07-23 21:00:03+00:00,1.8811820976230357e-05
2024-07-23 22:00:08+00:00,1.27792892517485e-05
2024-07-23 23:00:07+00:00,1.0931908538057866e-05
2024-07-24 00:00:09+00:00,9.388128062324666e-06
2024-07-24 01:00:03+00:00,8.60239148180372e-06
2024-07-24 02:00:02+00:00,9.250590160823146e-06
2024-07-24 03:00:03+00:00,1.0658989831149556e-05
2024-07-24 04:00:11+00:00,1.1257521878581483e-05
2024-07-24 05:00:00+00:00,9.582428512010144e-06
2024-07-24 06:00:03+00:00,1.407800276722431e-05
2024-07-24 07:00:05+00:00,2.0625301872135816e-05
2024-07-24 08:00:06+00:00,2.3105819458845903e-05
2024-07-24 09:00:08+00:00,2.6480545376564348e-05
2024-07-24 10:00:07+00:00,2.9464050948281832e-05
2024-07-24 11:00:10+00:00,3.20669321453419e-05
2024-07-24 12:00:06+00:00,3.075175551781181e-05
2024-07-24 13:00:02+00:00,2.9599792919558397e-05
2024-07-24 14:00:03+00:00,2.8711311334012346e-05
2024-07-24 15:00:07+00:00,2.7813439468873923e-05
2024-07-24 16:00:07+00:00,2.789945086523388e-05
2024-07-24 17:00:08+00:00,2.5392145610751033e-05
2024-07-24 18:00:08+00:00,2.7831578211239374e-05
2024-07-24 19:00:00+00:00,2.123147840283285e-05
2024-07-24 20:00:03+00:00,2.104884123622344e-05
2024-07-24 21:00:03+00:00,1.6375933172116475e-05
2024-07-24 22:00:07+00:00,9.74674099747528e-06
2024-07-24 23:00:02+00:00,8.097090231191841e-06
2024-07-25 00:00:02+00:00,4.568470042113576e-06
2024-07-25 01:00:05+00:00,4.474343668486421e-06
2024-07-25 02:00:14+00:00,6.687961720256747e-06
2024-07-25 03:00:02+00:00,1.1076761728838428e-05
2024-07-25 04:00:04+00:00,3.081684962174934e-05
2024-07-25 05:00:01+00:00,3.2362186169971345e-05
2024-07-25 06:00:13+00:00,1.9998516532940783e-05
2024-07-25 07:00:00+00:00,3.280504990414796e-05
2024-07-25 08:00:08+00:00,4.220790912153358e-05
2024-07-25 09:00:07+00:00,4.388399623146717e-05
2024-07-25 10:00:02+00:00,4.808552689016164e-05
2024-07-25 11:00:00+00:00,3.805017577538626e-05
2024-07-25 12:00:02+00:00,2.532588762850473e-05
2024-07-25 13:00:08+00:00,1.8972975734571205e-05
2024-07-25 14:00:01+00:00,1.3507438723478671e-05
2024-07-25 15:00:08+00:00,3.2430346878191074e-05
2024-07-25 16:00:04+00:00,3.728054372284202e-05
2024-07-25 17:00:02+00:00,3.109623947298931e-05
2024-07-25 18:00:03+00:00,3.218593723730759e-05
2024-07-25 19:00:13+00:00,3.090757785734393e-05
2024-07-25 20:00:03+00:00,2.6572909603650805e-05
2024-07-25 21:00:03+00:00,1.6814655496399597e-05
2024-07-25 22:00:10+00:00,2.7505060254016378e-05
2024-07-25 23:00:09+00:00,3.557417464311919e-05
2024-07-26 00:00:07+00:00,3.632553655747128e-05
2024-07-26 01:00:00+00:00,3.9499331917598816e-05
2024-07-26 02:00:05+00:00,4.7972356515386725e-05
2024-07-26 03:00:09+00:00,3.38005413978909e-05
2024-07-26 04:00:05+00:00,3.3148482431548996e-05
2024-07-26 05:00:02+00:00,4.108222671012918e-05
2024-07-26 06:00:12+00:00,3.263828041617225e-05
2024-07-26 07:00:01+00:00,2.0037253120888858e-05
2024-07-26 08:00:06+00:00,1.1871161653372666e-05
2024-07-26 09:00:06+00:00,1.0384712911767014e-05
2024-07-26 10:00:06+00:00,1.0830108185781973e-05
2024-07-26 11:00:00+00:00,1.0445352731351261e-05
2024-07-26 12:00:03+00:00,1.1346854826643535e-05
2024-07-26 13:00:04+00:00,1.764694466989673e-05
2024-07-26 14:00:01+00:00,1.850554632023097e-05
2024-07-26 15:00:01+00:00,2.0903202143687043e-05
2024-07-26 16:00:04+00:00,2.916233818666645e-05
2024-07-26 17:00:08+00:00,2.9956955160623815e-05
2024-07-26 18:00:02+00:00,2.9370007386101454e-05
2024-07-26 19:00:02+00:00,3.035077941490755e-05
2024-07-26 20:00:06+00:00,2.9789094820992782e-05
2024-07-26 21:00:04+00:00,2.1843085376132603e-05
2024-07-26 22:00:04+00:00,1.9404933388615895e-05
2024-07-26 23:00:05+00:00,2.0532440971653235e-05
2024-07-27 00:00:05+00:00,3.1968768384576645e-05
2024-07-27 01:00:16+00:00,3.2765311589936506e-05
2024-07-27 02:00:07+00:00,2.478592558589003e-05
2024-07-27 03:00:00+00:00,1.8960135332956218e-05
2024-07-27 04:00:10+00:00,1.4791848676954392e-05
2024-07-27 05:00:00+00:00,9.891037019300127e-06
2024-07-27 06:00:03+00:00,9.038578897051562e-06
2024-07-27 07:00:04+00:00,5.168502080324318e-06
2024-07-27 08:00:07+00:00,1.1873712012679001e-05
2024-07-27 09:00:07+00:00,1.6704030720348535e-05
2024-07-27 10:00:05+00:00,2.0380557385947115e-05
2024-07-27 11:00:04+00:00,4.285450783589638e-05
2024-07-27 12:00:07+00:00,5.193964038423651e-05
2024-07-27 13:00:02+00:00,4.7273985118115676e-05
2024-07-27 14:00:04+00:00,3.38310425242763e-05
2024-07-27 15:00:07+00:00,2.259662388367021e-05
2024-07-27 16:00:00+00:00,1.8057269975941295e-05
2024-07-27 17:00:00+00:00,2.1580651250361104e-05
2024-07-27 18:00:03+00:00,1.624391855297571e-05
2024-07-27 19:00:02+00:00,1.9245154369071585e-05
2024-07-27 20:00:06+00:00,4.664834647014985e-05
2024-07-27 21:00:09+00:00,3.8644615778952844e-05
2024-07-27 22:00:12+00:00,2.635940673836405e-05
2024-07-27 23:00:07+00:00,1.5075294643726203e-05
2024-07-28 00:00:02+00:00,1.197522148351676e-05
2024-07-28 01:00:08+00:00,1.2828792190941953e-05
2024-07-28 02:00:01+00:00,1.3044036629620595e-05
2024-07-28 03:00:04+00:00,1.7579624081836985e-05
2024-07-28 04:00:02+00:00,1.4431126505673144e-05
2024-07-28 05:00:01+00:00,1.8431222058563117e-05
2024-07-28 06:00:00+00:00,2.515173934257428e-05
2024-07-28 07:00:05+00:00,2.775462384063452e-05
2024-07-28 08:00:05+00:00,2.437250960815553e-05
2024-07-28 09:00:06+00:00,2.0943600929264783e-05
2024-07-28 10:00:01+00:00,1.575530520668254e-05
2024-07-28 11:00:00+00:00,1.2232937293930855e-05
2024-07-28 12:00:01+00:00,1.06386368258396e-05
2024-07-28 13:00:04+00:00,9.621552126302619e-06
2024-07-28 14:00:00+00:00,8.79166551068542e-06
2024-07-28 15:00:03+00:00,8.828253642639978e-06
2024-07-28 16:00:10+00:00,1.0646848020559918e-05
2024-07-28 17:00:09+00:00,1.678800854837364e-05
2024-07-28 18:00:00+00:00,1.9081569978738926e-05
2024-07-28 19:00:04+00:00,1.664465294212206e-05
2024-07-28 20:00:01+00:00,2.316400159558834e-05
2024-07-28 21:00:02+00:00,3.7411247205896884e-05
2024-07-28 22:00:00+00:00,4.359769957463378e-05
2024-07-28 23:00:19+00:00,4.229180095583351e-05
2024-07-29 00:00:00+00:00,4.197859679867961e-05
2024-07-29 01:00:08+00:00,3.2977003478276084e-05
2024-07-29 02:00:05+00:00,2.7051862510121514e-05
2024-07-29 03:00:00+00:00,2.2931950599824152e-05
2024-07-29 04:00:09+00:00,3.445348243433547e-05
2024-07-29 05:00:03+00:00,4.422861411373429e-05
2024-07-29 06:00:03+00:00,6.0981567535657024e-05
2024-07-29 07:00:06+00:00,4.832472845872976e-05
2024-07-29 08:00:04+00:00,3.698876119627275e-05
2024-07-29 09:00:07+00:00,2.8897259044002294e-05
2024-07-29 10:00:02+00:00,2.356732293697153e-05
2024-07-29 11:00:00+00:00,1.64852775340419e-05
2024-07-29 12:00:14+00:00,2.4283890485164666e-05
2024-07-29 13:00:02+00:00,2.150572479496564e-05
2024-07-29 14:00:03+00:00,1.634707391015802e-05
2024-07-29 15:00:03+00:00,2.271932133052077e-05
2024-07-29 16:00:09+00:00,4.5611276711907864e-05
2024-07-29 17:00:07+00:00,5.7615994580149876e-05
2024-07-29 18:00:05+00:00,6.913309662216149e-05
2024-07-29 19:00:03+00:00,7.861254883629626e-05
2024-07-29 20:00:00+00:00,5.3258437128886044e-05
2024-07-29 21:00:05+00:00,3.573489952084125e-05
2024-07-29 22:00:09+00:00,3.4504106985012206e-05
2024-07-29 23:00:05+00:00,3.620314474141689e-05
2024-07-30 00:00:13+00:00,2.260551491826451e-05
2024-07-30 01:00:01+00:00,2.783062610210723e-05
2024-07-30 02:00:01+00:00,4.2649850223800467e-05
2024-07-30 03:00:08+00:00,2.90195718285667e-05
2024-07-30 04:00:02+00:00,1.7668109140281432e-05
2024-07-30 05:00:07+00:00,1.3414536600908163e-05
2024-07-30 06:00:02+00:00,1.0644161919837586e-05
2024-07-30 07:00:01+00:00,9.841242395287193e-06
2024-07-30 08:00:07+00:00,1.1842658050399288e-05
2024-07-30 09:00:00+00:00,1.4692670951750135e-05
2024-07-30 10:00:00+00:00,2.0289499231013935e-05
2024-07-30 11:00:04+00:00,2.8991094789938022e-05
2024-07-30 12:00:02+00:00,3.462075279230385e-05
2024-07-30 13:00:02+00:00,3.843654083383056e-05
2024-07-30 14:00:02+00:00,3.0106593694086236e-05
2024-07-30 15:00:09+00:00,1.7051707706020665e-05
2024-07-30 16:00:18+00:00,2.827311043203747e-05
2024-07-30 17:00:06+00:00,3.529210917724592e-05
2024-07-30 18:00:33+00:00,3.3146271842554046e-05
2024-07-30 19:00:10+00:00,2.6027079207563878e-05
2024-07-30 20:00:13+00:00,2.204009917040572e-05
2024-07-30 21:00:04+00:00,2.890581001406294e-05
2024-07-30 22:00:00+00:00,3.540147171771194e-05
2024-07-30 23:00:03+00:00,4.989719938609117e-05
2024-07-31 00:00:03+00:00,5.499519875178092e-05
2024-07-31 01:00:05+00:00,5.369139786608253e-05
2024-07-31 02:00:03+00:00,3.841255108911861e-05
2024-07-31 03:00:03+00:00,3.058127240913762e-05
2024-07-31 04:00:00+00:00,2.679941261735863e-05
2024-07-31 05:00:02+00:00,1.6180857662121367e-05
2024-07-31 06:00:03+00:00,1.1699874631938038e-05
2024-07-31 07:00:01+00:00,1.2694675836997506e-05
2024-07-31 08:00:07+00:00,1.2645930094246651e-05
2024-07-31 09:00:06+00:00,1.3517626553948489e-05
2024-07-31 10:00:04+00:00,1.2942079969949637e-05
2024-07-31 11:00:00+00:00,1.3701985445356733e-05
2024-07-31 12:00:05+00:00,1.182044433577584e-05
2024-07-31 13:00:07+00:00,9.968540077086326e-06
2024-07-31 14:00:02+00:00,1.4735776624372588e-05
2024-07-31 15:00:06+00:00,2.5775880072120722e-05
2024-07-31 16:00:07+00:00,3.2326715974215355e-05
2024-07-31 17:00:08+00:00,3.885847279435078e-05
2024-07-31 18:00:00+00:00,2.5240149941677142e-05
2024-07-31 19:00:13+00:00,1.891531132359965e-05
2024-07-31 20:00:00+00:00,1.3772214802113272e-05
2024-07-31 21:00:01+00:00,9.592364128955665e-06
2024-07-31 22:00:02+00:00,1.3805580565053926e-05
2024-07-31 23:00:08+00:00,2.1490857169952465e-05
2024-08-01 00:00:16+00:00,3.149452494735392e-05
2024-08-01 01:00:01+00:00,2.1432123143163968e-05
2024-08-01 02:00:03+00:00,1.3235681625143587e-05
2024-08-01 03:00:00+00:00,1.077231426618175e-05
2024-08-01 04:00:06+00:00,8.448581045482432e-06
2024-08-01 05:00:08+00:00,3.83770177564467e-06
2024-08-01 06:00:26+00:00,9.181733982928856e-06
2024-08-01 07:00:00+00:00,1.1975614037188359e-05
2024-08-01 08:00:09+00:00,1.4746952470056345e-05
2024-08-01 09:00:01+00:00,1.1085954006398444e-05
2024-08-01 10:00:01+00:00,9.368553431837368e-06
2024-08-01 11:00:06+00:00,8.714874030585774e-06
2024-08-01 12:00:03+00:00,8.740371263690224e-06
2024-08-01 13:00:01+00:00,3.2695575665129e-05
2024-08-01 14:00:01+00:00,2.221427415206707e-05
2024-08-01 15:00:36+00:00,1.3871704551622921e-05
2024-08-01 16:00:07+00:00,9.76780776309889e-06
2024-08-01 17:00:07+00:00,2.2748010078515665e-05
2024-08-01 18:00:05+00:00,1.2596704917201345e-05
2024-08-01 19:00:00+00:00,1.1338114383663698e-05
2024-08-01 20:00:00+00:00,4.7599319216634885e-05
2024-08-01 21:00:06+00:00,7.14842694050352e-05
2024-08-01 22:00:02+00:00,4.8374800168697775e-05
2024-08-01 23:00:06+00:00,3.8559417883189615e-05
2024-08-02 00:00:06+00:00,2.3422324025531975e-05
2024-08-02 01:00:02+00:00,1.321793269085942e-05
2024-08-02 02:00:00+00:00,1.6887106702322856e-05
2024-08-02 03:00:04+00:00,2.097712017916048e-05
2024-08-02 04:00:03+00:00,3.0428533497342726e-05
2024-08-02 05:00:08+00:00,2.5594993362142366e-05
2024-08-02 06:00:03+00:00,1.753433338855726e-05
2024-08-02 07:00:03+00:00,1.2068575607187186e-05
2024-08-02 08:00:07+00:00,9.997561121486247e-06
2024-08-02 09:00:05+00:00,1.1519230254617062e-05
2024-08-02 10:00:01+00:00,3.8469114994333494e-05
2024-08-02 11:00:04+00:00,5.949695012009205e-05
2024-08-02 12:00:02+00:00,5.5008795529853214e-05
2024-08-02 13:00:02+00:00,2.8468370676660264e-05
2024-08-02 14:00:01+00:00,1.6713559712925297e-05
2024-08-02 15:00:00+00:00,3.6432275825554325e-06
2024-08-02 16:00:25+00:00,2.6946971791883363e-06
2024-08-02 17:00:08+00:00,5.790738630190011e-06
2024-08-02 18:00:02+00:00,6.8169859657936495e-06
2024-08-02 19:00:02+00:00,-1.2227894927871536e-06
2024-08-02 20:00:03+00:00,-4.162369401245478e-06
2024-08-02 21:00:08+00:00,4.17031595147775e-06
2024-08-02 22:00:09+00:00,6.124688051264961e-06
2024-08-02 23:00:12+00:00,-7.23530832823382e-06
2024-08-03 00:00:03+00:00,-4.678075921816158e-06
2024-08-03 01:00:01+00:00,-6.285068164056563e-06
2024-08-03 02:00:03+00:00,-6.141762985840512e-07
2024-08-03 03:00:08+00:00,1.0683060044929282e-05
2024-08-03 04:00:04+00:00,2.852653200234601e-05
2024-08-03 05:00:07+00:00,3.926688831292571e-05
2024-08-03 06:00:03+00:00,3.874943907547071e-05
2024-08-03 07:00:05+00:00,4.207812617969354e-05
2024-08-03 08:00:03+00:00,4.234293194404932e-05
2024-08-03 09:00:05+00:00,3.0474239483894443e-05
2024-08-03 10:00:02+00:00,1.9124527766192963e-05
2024-08-03 11:00:00+00:00,1.5629234627017958e-05
2024-08-03 12:00:05+00:00,4.363170108911396e-05
2024-08-03 13:00:07+00:00,3.340967992062522e-05
2024-08-03 14:00:01+00:00,2.4646861844640892e-05
2024-08-03 15:00:07+00:00,2.0407507149069677e-05
2024-08-03 16:00:23+00:00,1.2004663799587755e-05
2024-08-03 17:00:07+00:00,8.975385869199687e-06
2024-08-03 18:00:25+00:00,1.4976395263411367e-05
2024-08-03 19:00:02+00:00,1.4078877181689698e-05
2024-08-03 20:00:07+00:00,2.299132228524074e-05
2024-08-03 21:00:04+00:00,2.8078021368021862e-05
2024-08-03 22:00:00+00:00,2.056791882281394e-05
2024-08-03 23:00:04+00:00,1.360436108163306e-05
2024-08-04 00:00:04+00:00,1.2641864935443668e-05
2024-08-04 01:00:08+00:00,1.3858380071852819e-05
2024-08-04 02:00:02+00:00,1.3221488288792305e-05
2024-08-04 03:00:03+00:00,1.370062425637303e-05
2024-08-04 04:00:04+00:00,1.329072512707079e-05
2024-08-04 05:00:02+00:00,1.2740691597637383e-05
2024-08-04 06:00:10+00:00,1.0202364179302681e-05
2024-08-04 07:00:00+00:00,8.637302075868055e-06
2024-08-04 08:00:08+00:00,7.438276681970631e-06
2024-08-04 09:00:04+00:00,8.304382040603709e-06
2024-08-04 10:00:01+00:00,8.227575456637477e-06
2024-08-04 11:00:03+00:00,8.389914147229553e-06
2024-08-04 12:00:07+00:00,8.596700960280705e-06
2024-08-04 13:00:02+00:00,9.39273855720923e-06
2024-08-04 14:00:07+00:00,1.177599464686812e-05
2024-08-04 15:00:09+00:00,9.192804036296799e-06
2024-08-04 16:00:08+00:00,1.1690271998427093e-05
2024-08-04 17:00:05+00:00,8.827857909961786e-06
2024-08-04 18:00:07+00:00,9.931349429411737e-06
2024-08-04 19:00:00+00:00,1.2363510471329178e-05
2024-08-04 20:00:00+00:00,1.290007543116959e-05
2024-08-04 21:00:03+00:00,1.2641640367343938e-05
2024-08-04 22:00:04+00:00,1.23631310188852e-05
2024-08-04 23:00:04+00:00,1.1769539471416336e-05
2024-08-05 00:00:00+00:00,1.1271073474126967e-05
2024-08-05 01:00:02+00:00,8.941181407612219e-06
2024-08-05 02:00:18+00:00,1.5096196613291956e-05
2024-08-05 03:00:08+00:00,2.8043426273927085e-05
2024-08-05 04:00:04+00:00,1.7702972990058153e-05
2024-08-05 05:00:11+00:00,1.532809002229007e-05
2024-08-05 06:00:01+00:00,-1.9185478747206973e-06
2024-08-05 07:00:11+00:00,-1.3719034061070101e-05
2024-08-05 08:00:01+00:00,-1.3068816669559744e-05
2024-08-05 09:00:09+00:00,-3.111298073803903e-05
2024-08-05 10:00:07+00:00,-1.0509617611850143e-05
2024-08-05 11:00:02+00:00,8.885786328082399e-06
2024-08-05 12:00:01+00:00,-4.207851590215803e-05
2024-08-05 13:00:11+00:00,-4.479016973929848e-05
2024-08-05 14:00:00+00:00,-4.942657085602991e-06
2024-08-05 15:00:05+00:00,6.608726856694425e-06
2024-08-05 16:00:09+00:00,5.000093308567409e-06
2024-08-05 17:00:07+00:00,-4.56055408873665e-07
2024-08-05 18:00:01+00:00,-5.414779615845711e-06
2024-08-05 19:00:03+00:00,-2.532523311584253e-05
2024-08-05 20:00:18+00:00,-2.77000717313752e-05
2024-08-05 21:00:04+00:00,-3.2679910576737543e-05
2024-08-05 22:00:02+00:00,-3.0755131701096046e-05
2024-08-05 23:00:08+00:00,-2.741900428211592e-05
2024-08-06 00:00:09+00:00,-2.991418947713863e-05
2024-08-06 01:00:02+00:00,-1.1186565818171763e-05
2024-08-06 02:00:00+00:00,-4.1917110339271315e-06
2024-08-06 03:00:02+00:00,-1.939856070033967e-05
2024-08-06 04:00:07+00:00,-3.237044628254323e-05
2024-08-06 05:00:04+00:00,-3.200475340978071e-05
2024-08-06 06:00:06+00:00,-2.254591107148356e-05
2024-08-06 07:00:03+00:00,-1.6387084984218587e-05
2024-08-06 08:00:05+00:00,-9.65171893798004e-06
2024-08-06 09:00:00+00:00,-1.8526221668938334e-05
2024-08-06 10:00:04+00:00,-1.6558984890649914e-05
2024-08-06 11:00:08+00:00,-1.5453356911156584e-05
2024-08-06 12:00:18+00:00,-2.0326020689448003e-05
2024-08-06 13:00:01+00:00,-1.2798745426506142e-05
2024-08-06 14:00:00+00:00,-7.702552495296473e-06
2024-08-06 15:00:02+00:00,2.9391971170927806e-07
2024-08-06 16:00:09+00:00,-4.42631321119194e-06
2024-08-06 17:00:05+00:00,-2.5884512979442525e-06
2024-08-06 18:00:05+00:00,-2.9270725536271874e-06
2024-08-06 19:00:14+00:00,-7.764528033253356e-06
2024-08-06 20:00:02+00:00,-9.583188795342118e-06
2024-08-06 21:00:00+00:00,-8.775642920114483e-06
2024-08-06 22:00:06+00:00,-5.712364199675086e-06
2024-08-06 23:00:20+00:00,-1.8386735813918737e-05
2024-08-07 00:00:03+00:00,-2.6859146740329094e-05
2024-08-07 01:00:07+00:00,-2.9461143112049844e-05
2024-08-07 02:00:04+00:00,-2.3548313395984554e-05
2024-08-07 03:00:12+00:00,-6.133310878581037e-06
2024-08-07 04:00:02+00:00,-1.326328101686878e-06
2024-08-07 05:00:03+00:00,7.553865751135751e-08
2024-08-07 06:00:07+00:00,-1.4527622241574867e-05
2024-08-07 07:00:03+00:00,-2.0766526576052267e-05
2024-08-07 08:00:07+00:00,-2.04118621385136e-05
2024-08-07 09:00:01+00:00,-1.2717963133314048e-05
2024-08-07 10:00:01+00:00,-3.537902587585324e-06
2024-08-07 11:00:02+00:00,-5.213373232044947e-06
2024-08-07 12:00:03+00:00,-1.5244381152439446e-05
2024-08-07 13:00:03+00:00,-7.05882337460271e-06
2024-08-07 14:00:09+00:00,1.4596387313379121e-06
2024-08-07 15:00:06+00:00,-9.924576908994461e-07
2024-08-07 16:00:05+00:00,1.0265359304369372e-06
2024-08-07 17:00:05+00:00,1.2181365675562773e-06
2024-08-07 18:00:21+00:00,-4.512739006809323e-06
2024-08-07 19:00:08+00:00,-3.0473620976065216e-06
2024-08-07 20:00:00+00:00,-7.856640921488734e-06
2024-08-07 21:00:11+00:00,-9.851314603728684e-07
2024-08-07 22:00:05+00:00,-2.772785052264153e-06
2024-08-07 23:00:04+00:00,-3.4968496815580666e-06
2024-08-08 00:00:00+00:00,1.6215713635006465e-06
2024-08-08 01:00:00+00:00,6.327373030014474e-07
2024-08-08 02:00:05+00:00,5.0795110386873315e-06
2024-08-08 03:00:08+00:00,1.433059425336687e-06
2024-08-08 04:00:01+00:00,-8.402063139031765e-06
2024-08-08 05:00:06+00:00,-2.0979429030464716e-05
2024-08-08 06:00:00+00:00,-2.4044153254058002e-05
2024-08-08 07:00:03+00:00,-6.752369530443421e-06
2024-08-08 08:00:02+00:00,3.147166161138802e-06
2024-08-08 09:00:05+00:00,6.389468800700274e-06
2024-08-08 10:00:11+00:00,8.344957984504277e-06
2024-08-08 11:00:01+00:00,8.338504481371495e-06
2024-08-08 12:00:05+00:00,8.526958819953033e-06
2024-08-08 13:00:00+00:00,1.6161258820505985e-05
2024-08-08 14:00:04+00:00,1.0665642435550755e-05
2024-08-08 15:00:11+00:00,1.2828336791647632e-05
2024-08-08 16:00:01+00:00,1.6398521075572076e-05
2024-08-08 17:00:05+00:00,1.3662406011191873e-05
2024-08-08 18:00:08+00:00,9.83432006887627e-06
2024-08-08 19:00:02+00:00,7.367370037885685e-06
2024-08-08 20:00:12+00:00,6.4529905431101126e-06
2024-08-08 21:00:01+00:00,7.448431867188934e-06
2024-08-08 22:00:01+00:00,1.2117440006979085e-05
2024-08-08 23:00:00+00:00,1.911408957413662e-05
2024-08-09 00:00:04+00:00,7.71458686320212e-06
2024-08-09 01:00:03+00:00,-2.424549563259895e-06
2024-08-09 02:00:11+00:00,3.724096716307616e-06
2024-08-09 03:00:04+00:00,8.586045736191891e-06
2024-08-09 04:00:13+00:00,1.2779326546604722e-05
2024-08-09 05:00:06+00:00,1.0258230634622376e-05
2024-08-09 06:00:03+00:00,9.695077209238532e-06
2024-08-09 07:00:04+00:00,9.24067875836965e-06
2024-08-09 08:00:03+00:00,9.45797022080267e-06
2024-08-09 09:00:08+00:00,8.992516378565936e-06
2024-08-09 10:00:07+00:00,8.798380677755897e-06
2024-08-09 11:00:07+00:00,9.73393582651167e-06
2024-08-09 12:00:03+00:00,1.0621997787778123e-05
2024-08-09 13:00:03+00:00,1.026581392418906e-05
2024-08-09 14:00:09+00:00,1.0996603341380785e-05
2024-08-09 15:00:00+00:00,1.3809056764188645e-05
2024-08-09 16:00:09+00:00,1.1453585036214056e-05
2024-08-09 17:00:02+00:00,1.2238186121107305e-05
2024-08-09 18:00:01+00:00,9.930269304625356e-06
2024-08-09 19:00:02+00:00,1.0216488113809895e-05
2024-08-09 20:00:05+00:00,1.0621080806390976e-05
2024-08-09 21:00:05+00:00,1.1783637813652568e-05
2024-08-09 22:00:03+00:00,1.1352916114128401e-05
2024-08-09 23:00:05+00:00,9.390495407304397e-06
2024-08-10 00:00:06+00:00,9.17568824798424e-06
2024-08-10 01:00:07+00:00,1.1523960032274709e-05
2024-08-10 02:00:04+00:00,9.760150574148412e-06
2024-08-10 03:00:07+00:00,6.802390096507987e-06
2024-08-10 04:00:06+00:00,7.877675561812379e-06
2024-08-10 05:00:06+00:00,8.383936227847663e-06
2024-08-10 06:00:02+00:00,8.052013127493204e-06
2024-08-10 07:00:03+00:00,8.470061619878356e-06
2024-08-10 08:00:10+00:00,8.399159585805544e-06
2024-08-10 09:00:01+00:00,9.70627247843229e-06
2024-08-10 10:00:01+00:00,1.3821837200030114e-05
2024-08-10 11:00:02+00:00,1.1062377881535506e-05
2024-08-10 12:00:00+00:00,1.060835639806159e-05
2024-08-10 13:00:01+00:00,1.2455298124478397e-05
2024-08-10 14:00:02+00:00,1.5154758848327386e-05
2024-08-10 15:00:02+00:00,1.361101752908052e-05
2024-08-10 16:00:02+00:00,1.3011003434383747e-05
2024-08-10 17:00:07+00:00,1.9380296706430998e-05
2024-08-10 18:00:01+00:00,1.7612943873709155e-05
2024-08-10 19:00:09+00:00,1.4370270604794242e-05
2024-08-10 20:00:04+00:00,1.180218268881586e-05
2024-08-10 21:00:07+00:00,1.4965944718738363e-05
2024-08-10 22:00:10+00:00,1.4671641335846018e-05
2024-08-10 23:00:02+00:00,1.1781715880052152e-05
2024-08-11 00:00:07+00:00,9.489573469429797e-06
2024-08-11 01:00:08+00:00,9.584419093891445e-06
2024-08-11 02:00:03+00:00,9.001797987091198e-06
2024-08-11 03:00:10+00:00,8.762203349627036e-06
2024-08-11 04:00:00+00:00,8.769842942171857e-06
2024-08-11 05:00:02+00:00,8.069498095825395e-06
2024-08-11 06:00:05+00:00,7.971583947138991e-06
2024-08-11 07:00:00+00:00,9.934952515875627e-06
2024-08-11 08:00:01+00:00,1.1417867034961449e-05
2024-08-11 09:00:00+00:00,1.0507577152828077e-05
2024-08-11 10:00:02+00:00,1.134879112614759e-05
2024-08-11 11:00:01+00:00,1.6331676683560683e-05
2024-08-11 12:00:08+00:00,9.872050536842802e-06
2024-08-11 13:00:01+00:00,9.078587784024246e-06
2024-08-11 14:00:00+00:00,9.204943514316628e-06
2024-08-11 15:00:03+00:00,9.95490933470638e-06
2024-08-11 16:00:04+00:00,1.3101872060406279e-05
2024-08-11 17:00:03+00:00,1.2562073366690845e-05
2024-08-11 18:00:01+00:00,1.343563659965454e-05
2024-08-11 19:00:04+00:00,1.3270795121878253e-05
2024-08-11 20:00:04+00:00,1.1101866640796415e-05
2024-08-11 21:00:01+00:00,9.270626846231693e-06
2024-08-11 22:00:07+00:00,2.1115795853086714e-05
2024-08-11 23:00:07+00:00,3.0130824679506437e-05
2024-08-12 00:00:10+00:00,3.1584054814080786e-05
2024-08-12 01:00:00+00:00,2.363131229107271e-05
2024-08-12 02:00:16+00:00,1.4893217118444713e-05
2024-08-12 03:00:09+00:00,1.1390702161746648e-05
2024-08-12 04:00:00+00:00,1.0208446397839677e-05
2024-08-12 05:00:01+00:00,1.092067243653142e-05
2024-08-12 06:00:11+00:00,1.655272823266516e-05
2024-08-12 07:00:04+00:00,1.4600841134212958e-05
2024-08-12 08:00:03+00:00,1.1609084595358162e-05
2024-08-12 09:00:05+00:00,1.0171752376840684e-05
2024-08-12 10:00:07+00:00,1.8646716239639454e-05
2024-08-12 11:00:02+00:00,3.337173620601759e-05
2024-08-12 12:00:10+00:00,3.36402164110895e-05
2024-08-12 13:00:02+00:00,8.985329363568623e-06
2024-08-12 14:00:05+00:00,-7.399048697742538e-06
2024-08-12 15:00:04+00:00,8.572756693453483e-06
2024-08-12 16:00:08+00:00,8.396643909660691e-06
2024-08-12 17:00:05+00:00,8.523711706999493e-06
2024-08-12 18:00:00+00:00,8.329554336190007e-06
2024-08-12 19:00:01+00:00,6.502036067430235e-06
2024-08-12 20:00:03+00:00,6.918174668797409e-06
2024-08-12 21:00:01+00:00,7.908360676262109e-06
2024-08-12 22:00:08+00:00,1.0210609723695134e-05
2024-08-12 23:00:03+00:00,9.251387678142245e-06
2024-08-13 00:00:00+00:00,9.19320035035937e-06
2024-08-13 01:00:03+00:00,1.189001412188043e-05
2024-08-13 02:00:11+00:00,1.2862860328293346e-05
2024-08-13 03:00:06+00:00,8.172895786214514e-06
2024-08-13 04:00:05+00:00,9.914334491224427e-06
2024-08-13 05:00:04+00:00,1.0102527201877364e-05
2024-08-13 06:00:06+00:00,1.2158258322035106e-05
2024-08-13 07:00:07+00:00,1.5298538084173675e-05
2024-08-13 08:00:04+00:00,1.4501256471737555e-05
2024-08-13 09:00:10+00:00,1.0611524176444507e-05
2024-08-13 10:00:00+00:00,9.445534774598602e-06
2024-08-13 11:00:02+00:00,5.033900547246478e-06
2024-08-13 12:00:04+00:00,1.302458718331323e-06
2024-08-13 13:00:05+00:00,6.967907273838816e-06
2024-08-13 14:00:00+00:00,9.188546164025893e-06
2024-08-13 15:00:01+00:00,1.0086624555713471e-05
2024-08-13 16:00:00+00:00,9.102527905419218e-06
2024-08-13 17:00:04+00:00,1.0588074072712312e-05
2024-08-13 18:00:13+00:00,9.411365379916735e-06
2024-08-13 19:00:00+00:00,7.751896550299376e-06
2024-08-13 20:00:00+00:00,6.685323125651141e-06
2024-08-13 21:00:05+00:00,6.229402409863968e-06
2024-08-13 22:00:07+00:00,6.613278556330484e-06
2024-08-13 23:00:03+00:00,3.1377272823057265e-06
2024-08-14 00:00:02+00:00,-8.630165644403317e-07
2024-08-14 01:00:07+00:00,5.143266594939571e-06
2024-08-14 02:00:05+00:00,7.659500364218026e-06
2024-08-14 03:00:08+00:00,1.1062099932026975e-05
2024-08-14 04:00:09+00:00,1.0152725339121516e-05
2024-08-14 05:00:13+00:00,8.90115435353156e-06
2024-08-14 06:00:03+00:00,8.497475969042396e-06
2024-08-14 07:00:02+00:00,8.503863290762212e-06
2024-08-14 08:00:03+00:00,1.111866754254427e-05
2024-08-14 09:00:06+00:00,1.2612047863736407e-05
2024-08-14 10:00:08+00:00,1.4289713702774504e-05
2024-08-14 11:00:02+00:00,1.3868907314649246e-05
2024-08-14 12:00:00+00:00,9.403987266892951e-06
2024-08-14 13:00:05+00:00,9.413428524315834e-07
2024-08-14 14:00:14+00:00,1.4927790785696054e-06
2024-08-14 15:00:01+00:00,-1.9969971351817436e-06
2024-08-14 16:00:01+00:00,4.258578382084775e-06
2024-08-14 17:00:09+00:00,7.010138968819299e-06
2024-08-14 18:00:10+00:00,9.529073538784106e-06
2024-08-14 19:00:00+00:00,8.530855778966366e-06
2024-08-14 20:00:05+00:00,9.497927704801224e-06
2024-08-14 21:00:08+00:00,1.0824350983932075e-05
2024-08-14 22:00:02+00:00,1.4878325873288715e-05
2024-08-14 23:00:07+00:00,1.468029216529613e-05
2024-08-15 00:00:06+00:00,1.2467706967854578e-05
2024-08-15 01:00:06+00:00,1.1248914239745611e-05
2024-08-15 02:00:03+00:00,1.3156218724964504e-05
2024-08-15 03:00:05+00:00,1.5530355178924526e-05
2024-08-15 04:00:05+00:00,1.4818485809223464e-05
2024-08-15 05:00:04+00:00,2.0719012966876294e-05
2024-08-15 06:00:04+00:00,2.3859891338699572e-05
2024-08-15 07:00:09+00:00,1.913447039155918e-05
2024-08-15 08:00:10+00:00,1.3371002188383383e-05
2024-08-15 09:00:07+00:00,1.2978786113290511e-05
2024-08-15 10:00:02+00:00,1.533812045726087e-05
2024-08-15 11:00:02+00:00,2.091294555305687e-05
2024-08-15 12:00:08+00:00,2.318879084614598e-05
2024-08-15 13:00:01+00:00,1.6563212283521596e-05
2024-08-15 14:00:02+00:00,1.5659228188765423e-05
2024-08-15 15:00:00+00:00,1.3879341590786153e-05
2024-08-15 16:00:00+00:00,1.3319891882657335e-05
2024-08-15 17:00:01+00:00,1.1836022367632482e-05
2024-08-15 18:00:00+00:00,8.890547792333807e-06
2024-08-15 19:00:01+00:00,1.5117699885192352e-05
2024-08-15 20:00:05+00:00,2.0576441445602787e-05
2024-08-15 21:00:01+00:00,1.9054059733126696e-05
2024-08-15 22:00:02+00:00,3.0067133846219015e-05
2024-08-15 23:00:06+00:00,3.6957070886943334e-05
2024-08-16 00:00:07+00:00,3.415137419984991e-05
2024-08-16 01:00:00+00:00,2.015272452001553e-05
2024-08-16 02:00:00+00:00,1.2080828594426117e-05
2024-08-16 03:00:01+00:00,1.779236422061643e-05
2024-08-16 04:00:06+00:00,3.6175629555705566e-05
2024-08-16 05:00:08+00:00,3.2252935336731355e-05
2024-08-16 06:00:00+00:00,3.339528041586517e-05
2024-08-16 07:00:07+00:00,2.9358002097725604e-05
2024-08-16 08:00:02+00:00,1.6493742511836134e-05
2024-08-16 09:00:06+00:00,1.1550459979457347e-05
2024-08-16 10:00:03+00:00,1.0931557131591094e-05
2024-08-16 11:00:06+00:00,1.0792257533192652e-05
2024-08-16 12:00:03+00:00,9.532968333614722e-06
2024-08-16 13:00:09+00:00,4.675647643237897e-06
2024-08-16 14:00:02+00:00,5.440857725405393e-06
2024-08-16 15:00:04+00:00,5.878420475505478e-06
2024-08-16 16:00:01+00:00,5.221071295993339e-06
2024-08-16 17:00:00+00:00,5.123587016428903e-06
2024-08-16 18:00:04+00:00,2.314112070009907e-06
2024-08-16 19:00:00+00:00,2.0580924210469025e-06
2024-08-16 20:00:02+00:00,-2.23334082256774e-06
2024-08-16 21:00:02+00:00,-1.248559812339852e-05
2024-08-16 22:00:06+00:00,-2.3871641953142173e-05
2024-08-16 23:00:05+00:00,-2.4692763422631162e-05
2024-08-17 00:00:07+00:00,-1.5235947512968114e-05
2024-08-17 01:00:06+00:00,-6.999131190178266e-06
2024-08-17 02:00:06+00:00,-8.118063554426993e-07
2024-08-17 03:00:00+00:00,4.144010548004221e-06
2024-08-17 04:00:03+00:00,5.586800692851689e-06
2024-08-17 05:00:05+00:00,5.8965553580665425e-06
2024-08-17 06:00:06+00:00,7.538730099307325e-06
2024-08-17 07:00:08+00:00,8.096240214425025e-06
2024-08-17 08:00:01+00:00,7.490581420802084e-06
2024-08-17 09:00:01+00:00,-9.929651530703479e-06
2024-08-17 10:00:02+00:00,-1.874769398223411e-05
2024-08-17 11:00:01+00:00,-1.6343233202508156e-05
2024-08-17 12:00:04+00:00,-1.4307895075565385e-07
2024-08-17 13:00:07+00:00,5.997935325716677e-06
2024-08-17 14:00:08+00:00,7.981940181558514e-06
2024-08-17 15:00:00+00:00,8.799837798533304e-06
2024-08-17 16:00:02+00:00,1.402975160604483e-05
2024-08-17 17:00:06+00:00,1.4083744816119827e-05
2024-08-17 18:00:00+00:00,1.2743731980359522e-05
2024-08-17 19:00:04+00:00,1.8276752023399593e-05
2024-08-17 20:00:04+00:00,2.4930186555459306e-05
2024-08-17 21:00:04+00:00,2.6484802124225303e-05
2024-08-17 22:00:04+00:00,2.3613275020800457e-05
2024-08-17 23:00:03+00:00,1.916113911699775e-05
2024-08-18 00:00:04+00:00,1.3940927809988923e-05
2024-08-18 01:00:18+00:00,1.0638706789423396e-05
2024-08-18 02:00:05+00:00,9.181470485553807e-06
2024-08-18 03:00:06+00:00,1.0097122160168005e-05
2024-08-18 04:00:04+00:00,8.029596018847253e-06
2024-08-18 05:00:01+00:00,8.424969092768454e-06
2024-08-18 06:00:01+00:00,8.323106399186407e-06
2024-08-18 07:00:03+00:00,8.746053334961504e-06
2024-08-18 08:00:05+00:00,8.856608624782863e-06
2024-08-18 09:00:08+00:00,8.799167020246368e-06
2024-08-18 10:00:02+00:00,8.840383804373281e-06
2024-08-18 11:00:08+00:00,8.590331320597969e-06
2024-08-18 12:00:17+00:00,8.616466135272947e-06
2024-08-18 13:00:02+00:00,8.677679411576859e-06
2024-08-18 14:00:04+00:00,8.234647109475406e-06
2024-08-18 15:00:07+00:00,8.331095227750773e-06
2024-08-18 16:00:12+00:00,8.478497255541323e-06
2024-08-18 17:00:01+00:00,8.98269494968514e-06
2024-08-18 18:00:04+00:00,7.871742173477939e-06
2024-08-18 19:00:06+00:00,7.999296707889524e-06
2024-08-18 20:00:04+00:00,8.324030980215386e-06
2024-08-18 21:00:06+00:00,7.87108289408781e-06
2024-08-18 22:00:07+00:00,6.6588685608652215e-06
2024-08-18 23:00:10+00:00,6.82907598023674e-06
2024-08-19 00:00:06+00:00,6.003895540574331e-06
2024-08-19 01:00:06+00:00,8.140820166628941e-06
2024-08-19 02:00:03+00:00,8.347939145247694e-06
2024-08-19 03:00:03+00:00,1.0002934699750714e-05
2024-08-19 04:00:04+00:00,9.856377448363602e-06
2024-08-19 05:00:03+00:00,1.0458993711139615e-05
2024-08-19 06:00:07+00:00,1.1304599860643382e-05
2024-08-19 07:00:04+00:00,1.1029908762065923e-05
2024-08-19 08:00:03+00:00,1.2555492127878619e-05
2024-08-19 09:00:07+00:00,1.4348744264892087e-05
2024-08-19 10:00:08+00:00,1.0451550596581095e-05
2024-08-19 11:00:09+00:00,9.393442930085047e-06
2024-08-19 12:00:02+00:00,1.17436029770622e-05
2024-08-19 13:00:08+00:00,1.362610083189967e-05
2024-08-19 14:00:10+00:00,1.0940110500869204e-05
2024-08-19 15:00:00+00:00,1.5909279983914972e-05
2024-08-19 16:00:01+00:00,1.823176811735405e-05
2024-08-19 17:00:04+00:00,1.5115427079339931e-05
2024-08-19 18:00:07+00:00,1.924945472103997e-05
2024-08-19 19:00:00+00:00,1.5040156970491659e-05
2024-08-19 20:00:02+00:00,1.571316447862467e-05
2024-08-19 21:00:09+00:00,1.6800463046765822e-05
2024-08-19 22:00:09+00:00,1.1317925664343418e-05
2024-08-19 23:00:01+00:00,9.942537488431552e-06
2024-08-20 00:00:05+00:00,1.1100428508770895e-05
2024-08-20 01:00:01+00:00,9.76051383400179e-06
2024-08-20 02:00:08+00:00,8.589743824377636e-06
2024-08-20 03:00:00+00:00,8.421841073820228e-06
2024-08-20 04:00:09+00:00,8.74113720606983e-06
2024-08-20 05:00:01+00:00,1.03021199222422e-05
2024-08-20 06:00:02+00:00,9.90978173037724e-06
2024-08-20 07:00:04+00:00,9.294097285044249e-06
2024-08-20 08:00:10+00:00,8.74018752403619e-06
2024-08-20 09:00:03+00:00,7.866969491187406e-06
2024-08-20 10:00:05+00:00,9.679668550237286e-06
2024-08-20 11:00:06+00:00,9.88950386821149e-06
2024-08-20 12:00:02+00:00,9.261548583563126e-06
2024-08-20 13:00:04+00:00,1.0730488847657026e-05
2024-08-20 14:00:05+00:00,1.1816448847999124e-05
2024-08-20 15:00:02+00:00,1.8796274516103318e-05
2024-08-20 16:00:07+00:00,2.74905471336633e-05
2024-08-20 17:00:12+00:00,4.7704133052549206e-05
2024-08-20 18:00:02+00:00,3.966607353430863e-05
2024-08-20 19:00:06+00:00,4.284973954807659e-05
2024-08-20 20:00:00+00:00,3.891452590237425e-05
2024-08-20 21:00:02+00:00,1.896038867708793e-05
2024-08-20 22:00:05+00:00,7.599749059732448e-06
2024-08-20 23:00:07+00:00,9.87372821786485e-06
2024-08-21 00:00:02+00:00,1.224597502828336e-05
2024-08-21 01:00:05+00:00,9.732451807285989e-06
2024-08-21 02:00:07+00:00,9.138918941721657e-06
2024-08-21 03:00:10+00:00,8.43718693324193e-06
2024-08-21 04:00:08+00:00,6.5878502715038234e-06
2024-08-21 05:00:00+00:00,5.517336656767251e-06
2024-08-21 06:00:02+00:00,4.352276238136065e-06
2024-08-21 07:00:00+00:00,6.2842248894155305e-06
2024-08-21 08:00:00+00:00,8.261322125435126e-06
2024-08-21 09:00:02+00:00,1.5473575878918607e-05
2024-08-21 10:00:03+00:00,2.2461673975614434e-05
2024-08-21 11:00:05+00:00,2.297284116172191e-05
2024-08-21 12:00:08+00:00,2.0675290993698106e-05
2024-08-21 13:00:13+00:00,1.5179801737320359e-05
2024-08-21 14:00:00+00:00,8.945051538059578e-06
2024-08-21 15:00:06+00:00,1.046368792309708e-05
2024-08-21 16:00:02+00:00,1.5081407414598755e-05
2024-08-21 17:00:01+00:00,2.1011288078989665e-05
2024-08-21 18:00:02+00:00,2.0090898184204867e-05
2024-08-21 19:00:00+00:00,1.8027729154188422e-05
2024-08-21 20:00:03+00:00,1.3095478549352454e-05
2024-08-21 21:00:00+00:00,8.881422984892763e-06
2024-08-21 22:00:07+00:00,6.506086208443673e-06
2024-08-21 23:00:08+00:00,3.052569595195646e-06
2024-08-22 00:00:03+00:00,5.940795986768759e-06
2024-08-22 01:00:06+00:00,6.97807401838139e-06
2024-08-22 02:00:08+00:00,3.077313311281503e-05
2024-08-22 03:00:05+00:00,1.5609438788393423e-05
2024-08-22 04:00:00+00:00,1.211664668596472e-05
2024-08-22 05:00:08+00:00,1.9342585446968704e-05
2024-08-22 06:00:06+00:00,2.1160152699722967e-05
2024-08-22 07:00:00+00:00,2.3242832111662668e-05
2024-08-22 08:00:03+00:00,1.6002381565984653e-05
2024-08-22 09:00:07+00:00,1.534654639906898e-05
2024-08-22 10:00:00+00:00,3.1316905184261506e-05
2024-08-22 11:00:02+00:00,4.148938562260518e-05
2024-08-22 12:00:04+00:00,1.9323277753969822e-05
2024-08-22 13:00:08+00:00,2.0132743869850736e-05
2024-08-22 14:00:01+00:00,1.368205199985103e-05
2024-08-22 15:00:08+00:00,1.1125127051381244e-05
2024-08-22 16:00:03+00:00,9.653602335044657e-06
2024-08-22 17:00:03+00:00,1.3458392169745912e-05
2024-08-22 18:00:07+00:00,1.1222377799066323e-05
2024-08-22 19:00:02+00:00,1.0235379685691868e-05
2024-08-22 20:00:04+00:00,9.472973014012099e-06
2024-08-22 21:00:08+00:00,1.2444042621246164e-05
2024-08-22 22:00:07+00:00,1.0409434857178236e-05
2024-08-22 23:00:08+00:00,1.2812118009350176e-05
2024-08-23 00:00:03+00:00,1.2093367806668996e-05
2024-08-23 01:00:00+00:00,1.33095117741717e-05
2024-08-23 02:00:03+00:00,2.0706044798389006e-05
2024-08-23 03:00:09+00:00,2.4260023252019364e-05
2024-08-23 04:00:07+00:00,2.2813422558825495e-05
2024-08-23 05:00:00+00:00,2.4676660308382346e-05
2024-08-23 06:00:07+00:00,3.2174085284124917e-05
2024-08-23 07:00:01+00:00,2.246269208722531e-05
2024-08-23 08:00:14+00:00,1.4574621756126866e-05
2024-08-23 09:00:01+00:00,1.249662132089545e-05
2024-08-23 10:00:01+00:00,1.1755491460181279e-05
2024-08-23 11:00:00+00:00,1.3838568985425204e-05
2024-08-23 12:00:01+00:00,2.4301706448585716e-05
2024-08-23 13:00:02+00:00,2.366774257016638e-05
2024-08-23 14:00:02+00:00,1.083956769669781e-05
2024-08-23 15:00:08+00:00,1.3173813275716942e-05
2024-08-23 16:00:07+00:00,1.8964800800153087e-05
2024-08-23 17:00:08+00:00,1.6184634284499973e-05
2024-08-23 18:00:00+00:00,2.5056234240769263e-05
2024-08-23 19:00:03+00:00,1.4028059157837983e-05
2024-08-23 20:00:08+00:00,1.4208080424642107e-05
2024-08-23 21:00:09+00:00,1.0114279778011565e-06
2024-08-23 22:00:04+00:00,3.457359879560443e-06
2024-08-23 23:00:02+00:00,9.916328268392813e-06
2024-08-24 00:00:03+00:00,8.094523801751696e-06
2024-08-24 01:00:08+00:00,8.598211507046237e-06
2024-08-24 02:00:04+00:00,8.454459703377336e-06
2024-08-24 03:00:06+00:00,1.1866370017838087e-05
2024-08-24 04:00:10+00:00,1.2055332915998768e-05
2024-08-24 05:00:04+00:00,1.7665746623716494e-05
2024-08-24 06:00:02+00:00,3.131985158558062e-05
2024-08-24 07:00:00+00:00,3.890445993943592e-05
2024-08-24 08:00:00+00:00,3.422300370626577e-05
2024-08-24 09:00:02+00:00,2.5321876627837212e-05
2024-08-24 10:00:08+00:00,1.6913754912882445e-05
2024-08-24 11:00:01+00:00,1.655846130992427e-05
2024-08-24 12:00:10+00:00,1.5601047819676186e-05
2024-08-24 13:00:17+00:00,1.1422948757607352e-05
2024-08-24 14:00:11+00:00,9.80787725243227e-06
2024-08-24 15:00:06+00:00,9.936939559752004e-06
2024-08-24 16:00:07+00:00,3.225438157659685e-05
2024-08-24 17:00:11+00:00,4.649954246547543e-05
2024-08-24 18:00:09+00:00,4.82860962814698e-05
2024-08-24 19:00:01+00:00,3.225135594434721e-05
2024-08-24 20:00:02+00:00,2.6645821068465333e-05
2024-08-24 21:00:02+00:00,2.5301372963714302e-05
2024-08-24 22:00:08+00:00,1.594042092192472e-05
2024-08-24 23:00:08+00:00,1.4006559967392286e-05
2024-08-25 00:00:01+00:00,1.4589135019430852e-05
2024-08-25 01:00:04+00:00,1.3320424371488931e-05
2024-08-25 02:00:03+00:00,1.0936861346992295e-05
2024-08-25 03:00:02+00:00,9.478044846036782e-06
2024-08-25 04:00:06+00:00,8.977381269591632e-06
2024-08-25 05:00:01+00:00,9.88089540132995e-06
2024-08-25 06:00:10+00:00,1.0888509409293661e-05
2024-08-25 07:00:02+00:00,1.2244483560257613e-05
2024-08-25 08:00:04+00:00,1.2197569986682429e-05
2024-08-25 09:00:02+00:00,1.089648950532135e-05
2024-08-25 10:00:06+00:00,1.2299821963393319e-05
2024-08-25 11:00:01+00:00,1.3752495706901325e-05
2024-08-25 12:00:05+00:00,1.958010102790416e-05
2024-08-25 13:00:08+00:00,1.592749408169495e-05
2024-08-25 14:00:03+00:00,1.2650659010208438e-05
2024-08-25 15:00:05+00:00,1.0754627951383316e-05
2024-08-25 16:00:06+00:00,1.2295204864125269e-05
2024-08-25 17:00:08+00:00,1.1498718599567242e-05
2024-08-25 18:00:09+00:00,1.0458943294792338e-05
2024-08-25 19:00:06+00:00,1.0764208529380892e-05
2024-08-25 20:00:06+00:00,1.4254235933406151e-05
2024-08-25 21:00:02+00:00,2.3153343408749584e-05
2024-08-25 22:00:04+00:00,2.604836446014128e-05
2024-08-25 23:00:03+00:00,4.012334353957143e-05
2024-08-26 00:00:03+00:00,5.3143111497067e-05
2024-08-26 01:00:06+00:00,5.180197935526467e-05
2024-08-26 02:00:07+00:00,4.5598624226864974e-05
2024-08-26 03:00:08+00:00,4.145970940840099e-05
2024-08-26 04:00:05+00:00,3.685024561649727e-05
2024-08-26 05:00:04+00:00,3.437577489567712e-05
2024-08-26 06:00:01+00:00,3.078318565040394e-05
2024-08-26 07:00:08+00:00,3.232531077336931e-05
2024-08-26 08:00:05+00:00,2.9361596103069005e-05
2024-08-26 09:00:05+00:00,3.972660913588162e-05
2024-08-26 10:00:06+00:00,3.196702897275193e-05
2024-08-26 11:00:07+00:00,2.9608703323788053e-05
2024-08-26 12:00:09+00:00,3.191837169137551e-05
2024-08-26 13:00:00+00:00,3.736471195780757e-05
2024-08-26 14:00:02+00:00,5.982210418967982e-05
2024-08-26 15:00:02+00:00,3.94232038997085e-05
2024-08-26 16:00:00+00:00,2.0715901804333883e-05
2024-08-26 17:00:05+00:00,1.896475302544023e-05
2024-08-26 18:00:08+00:00,1.4867235140154069e-05
2024-08-26 19:00:00+00:00,2.0031355260851507e-05
2024-08-26 20:00:05+00:00,1.9473128034061527e-05
2024-08-26 21:00:10+00:00,1.463893675899656e-05
2024-08-26 22:00:03+00:00,1.1963542923986825e-05
2024-08-26 23:00:04+00:00,1.043604729258139e-05
2024-08-27 00:00:09+00:00,1.8952790886061032e-05
2024-08-27 01:00:07+00:00,3.142353709578816e-05
2024-08-27 02:00:09+00:00,3.4441251558033604e-05
2024-08-27 03:00:05+00:00,2.0063455106795468e-05
2024-08-27 04:00:08+00:00,9.791030883784745e-06
2024-08-27 05:00:03+00:00,1.3507660971640948e-05
2024-08-27 06:00:02+00:00,1.823385686938456e-05
2024-08-27 07:00:03+00:00,1.9298213551018032e-05
2024-08-27 08:00:05+00:00,2.3030186941840705e-05
2024-08-27 09:00:02+00:00,2.834298924018144e-05
2024-08-27 10:00:04+00:00,3.48419132533676e-05
2024-08-27 11:00:00+00:00,4.4783287879918574e-05
2024-08-27 12:00:05+00:00,4.7629465560277634e-05
2024-08-27 13:00:00+00:00,4.786834465328002e-05
2024-08-27 14:00:00+00:00,4.4924942127234604e-05
2024-08-27 15:00:06+00:00,3.973585956352962e-05
2024-08-27 16:00:08+00:00,5.453747371258447e-05
2024-08-27 17:00:04+00:00,4.283595344603238e-05
2024-08-27 18:00:09+00:00,3.813073124543666e-05
2024-08-27 19:00:04+00:00,3.802136327561572e-05
2024-08-27 20:00:00+00:00,3.169333957413297e-05
2024-08-27 21:00:01+00:00,2.259514065242396e-05
2024-08-27 22:00:00+00:00,8.800932828352723e-06
2024-08-27 23:00:04+00:00,2.377242034256885e-06
2024-08-28 00:00:04+00:00,5.987517919972575e-06
2024-08-28 01:00:09+00:00,8.646258083808918e-06
2024-08-28 02:00:09+00:00,9.616964823388747e-06
2024-08-28 03:00:01+00:00,1.1081000904749718e-05
2024-08-28 04:00:00+00:00,2.0329524107746116e-05
2024-08-28 05:00:06+00:00,2.5546036081083917e-05
2024-08-28 06:00:05+00:00,1.9903833726689153e-05
2024-08-28 07:00:05+00:00,1.734222284329317e-05
2024-08-28 08:00:04+00:00,1.3898507784425835e-05
2024-08-28 09:00:02+00:00,1.3631823251562412e-05
2024-08-28 10:00:02+00:00,1.4159250994837908e-05
2024-08-28 11:00:04+00:00,1.0419702648859086e-05
2024-08-28 12:00:07+00:00,1.1047715438646981e-05
2024-08-28 13:00:01+00:00,1.6486614464685386e-05
2024-08-28 14:00:00+00:00,1.7663605100924655e-05
2024-08-28 15:00:01+00:00,9.304613613907931e-06
2024-08-28 16:00:07+00:00,8.672949074967793e-06
2024-08-28 17:00:10+00:00,9.20916599938382e-06
2024-08-28 18:00:04+00:00,1.338002045647892e-05
2024-08-28 19:00:05+00:00,1.7297706062545985e-05
2024-08-28 20:00:05+00:00,2.004965745046444e-05
2024-08-28 21:00:02+00:00,2.828521787677498e-05
2024-08-28 22:00:03+00:00,3.880580325117737e-05
2024-08-28 23:00:10+00:00,3.63612230081499e-05
2024-08-29 00:00:02+00:00,2.920747865672474e-05
2024-08-29 01:00:09+00:00,2.207787975992095e-05
2024-08-29 02:00:05+00:00,1.7490530921005907e-05
2024-08-29 03:00:04+00:00,1.5344494172714164e-05
2024-08-29 04:00:05+00:00,1.4392053782324882e-05
2024-08-29 05:00:04+00:00,1.8758238816175405e-05
2024-08-29 06:00:11+00:00,1.7081705473420395e-05
2024-08-29 07:00:00+00:00,1.2844235255267674e-05
2024-08-29 08:00:04+00:00,1.1009186872632929e-05
2024-08-29 09:00:10+00:00,9.898874814819612e-06
2024-08-29 10:00:00+00:00,1.3346667770289938e-05
2024-08-29 11:00:08+00:00,1.9686383342856133e-05
2024-08-29 12:00:07+00:00,1.6879776061332837e-05
2024-08-29 13:00:05+00:00,1.2007525313416736e-05
2024-08-29 14:00:13+00:00,1.1119512350165235e-05
2024-08-29 15:00:04+00:00,1.0076866479332962e-05
2024-08-29 16:00:03+00:00,1.0067804335298583e-05
2024-08-29 17:00:00+00:00,8.50878458882001e-06
2024-08-29 18:00:05+00:00,5.611679341218896e-06
2024-08-29 19:00:07+00:00,2.335502886474754e-06
2024-08-29 20:00:07+00:00,2.058330192060304e-05
2024-08-29 21:00:01+00:00,2.5216040594369504e-05
2024-08-29 22:00:08+00:00,2.446209035198709e-05
2024-08-29 23:00:04+00:00,1.935274216089505e-05
2024-08-30 00:00:10+00:00,1.6816744811533188e-05
2024-08-30 01:00:00+00:00,1.1968643569748315e-05
2024-08-30 02:00:01+00:00,1.2315878108973433e-05
2024-08-30 03:00:09+00:00,1.3538525275351288e-05
2024-08-30 04:00:02+00:00,1.488826680282614e-05
2024-08-30 05:00:07+00:00,1.58609095686829e-05
2024-08-30 06:00:08+00:00,1.8688732557208834e-05
2024-08-30 07:00:02+00:00,2.989551323333284e-05
2024-08-30 08:00:00+00:00,2.1686514791423803e-05
2024-08-30 09:00:05+00:00,1.8791175044463303e-05
2024-08-30 10:00:11+00:00,1.741541784723119e-05
2024-08-30 11:00:04+00:00,1.6155046933366844e-05
2024-08-30 12:00:02+00:00,1.2699840089041414e-05
2024-08-30 13:00:07+00:00,1.1364988557950781e-05
2024-08-30 14:00:02+00:00,9.635416309399278e-06
2024-08-30 15:00:10+00:00,7.580006495944722e-06
2024-08-30 16:00:04+00:00,3.2073739230806167e-06
2024-08-30 17:00:01+00:00,4.838891749790838e-06
2024-08-30 18:00:07+00:00,3.2447835431648982e-06
2024-08-30 19:00:08+00:00,8.901816545534416e-06
2024-08-30 20:00:02+00:00,1.3333789523908061e-05
2024-08-30 21:00:03+00:00,1.4667999669959674e-05
2024-08-30 22:00:02+00:00,1.6555207407560344e-05
2024-08-30 23:00:03+00:00,1.8132790659107263e-05
2024-08-31 00:00:09+00:00,1.6672702645354947e-05
2024-08-31 01:00:09+00:00,1.4166422807104259e-05
2024-08-31 02:00:06+00:00,1.3271647497691908e-05
2024-08-31 03:00:09+00:00,1.2412323973329032e-05
2024-08-31 04:00:02+00:00,1.168141452956705e-05
2024-08-31 05:00:01+00:00,1.1040098506037199e-05
2024-08-31 06:00:04+00:00,9.614603434760574e-06
2024-08-31 07:00:03+00:00,3.5938569312255104e-06
2024-08-31 08:00:04+00:00,1.367844440315008e-06
2024-08-31 09:00:00+00:00,1.8233230752016442e-06
2024-08-31 10:00:09+00:00,1.2904871678620796e-05
2024-08-31 11:00:02+00:00,1.5133160983765778e-05
2024-08-31 12:00:02+00:00,1.3890262154541879e-05
2024-08-31 13:00:02+00:00,1.3277512758674853e-05
2024-08-31 14:00:00+00:00,1.1153795901732408e-05
2024-08-31 15:00:05+00:00,9.534586546574437e-06
2024-08-31 16:00:05+00:00,8.689046372870148e-06
2024-08-31 17:00:00+00:00,8.661375239971803e-06
2024-08-31 18:00:01+00:00,8.72887136542064e-06
2024-08-31 19:00:02+00:00,8.421400401231435e-06
2024-08-31 20:00:07+00:00,4.850824499232161e-06
2024-08-31 21:00:03+00:00,3.0643202444337306e-06
2024-08-31 22:00:00+00:00,5.04946611834815e-06
2024-08-31 23:00:00+00:00,5.5874425950640294e-06
2024-09-01 00:00:03+00:00,6.2398276574298165e-06
2024-09-01 01:00:01+00:00,6.944384792181259e-06
2024-09-01 02:00:09+00:00,1.3739840904064415e-05
2024-09-01 03:00:08+00:00,1.139819595404833e-05
2024-09-01 04:00:08+00:00,1.1009652308351952e-05
2024-09-01 05:00:05+00:00,1.125073818949411e-05
2024-09-01 06:00:04+00:00,1.0706080099591206e-05
2024-09-01 07:00:04+00:00,2.6610294747366028e-05
2024-09-01 08:00:04+00:00,1.4113794048309908e-05
2024-09-01 09:00:08+00:00,-7.770314224000281e-06
2024-09-01 10:00:06+00:00,-2.0163146833642884e-05
2024-09-01 11:00:08+00:00,-2.12348777075925e-05
2024-09-01 12:00:00+00:00,-1.6107158418152047e-05
2024-09-01 13:00:02+00:00,-1.1760359090975345e-05
2024-09-01 14:00:08+00:00,-2.863518913161099e-06
2024-09-01 15:00:02+00:00,-2.2120549875286677e-05
2024-09-01 16:00:02+00:00,-2.3245381004079854e-05
2024-09-01 17:00:05+00:00,-1.7823427896543602e-05
2024-09-01 18:00:09+00:00,-5.261795680206576e-06
2024-09-01 19:00:00+00:00,2.4927596981939902e-06
2024-09-01 20:00:00+00:00,5.162776411244296e-06
2024-09-01 21:00:01+00:00,4.390359506416197e-06
2024-09-01 22:00:06+00:00,3.7388534218202326e-06
2024-09-01 23:00:10+00:00,6.598109943366036e-06
2024-09-02 00:00:00+00:00,8.771226316070666e-06
2024-09-02 01:00:02+00:00,1.2214232374703083e-05
2024-09-02 02:00:01+00:00,1.3802677281331126e-05
2024-09-02 03:00:00+00:00,1.2672628961974223e-05
2024-09-02 04:00:07+00:00,1.0333521605812636e-05
2024-09-02 05:00:01+00:00,8.857138120659609e-06
2024-09-02 06:00:08+00:00,7.396998969772674e-06
2024-09-02 07:00:02+00:00,8.430586471501722e-06
2024-09-02 08:00:05+00:00,7.804495878176815e-06
2024-09-02 09:00:07+00:00,9.772829006181164e-06
2024-09-02 10:00:01+00:00,9.69558025336786e-06
2024-09-02 11:00:00+00:00,8.998629655077058e-06
2024-09-02 12:00:06+00:00,8.43992938803179e-06
2024-09-02 13:00:08+00:00,6.169979437346894e-06
2024-09-02 14:00:02+00:00,6.143969026686058e-06
2024-09-02 15:00:03+00:00,7.063922710174541e-06
2024-09-02 16:00:10+00:00,7.5517896634574526e-06
2024-09-02 17:00:03+00:00,7.932148361819594e-06
2024-09-02 18:00:05+00:00,8.292488698540687e-06
2024-09-02 19:00:02+00:00,8.224887558894557e-06
2024-09-02 20:00:03+00:00,8.31256479336935e-06
2024-09-02 21:00:00+00:00,1.1941539219432551e-05
2024-09-02 22:00:00+00:00,2.1826329743172543e-05
2024-09-02 23:00:04+00:00,2.1872845591160277e-05
2024-09-03 00:00:03+00:00,1.6415390619093743e-05
2024-09-03 01:00:00+00:00,1.2272188412517708e-05
2024-09-03 02:00:03+00:00,1.0226515564969121e-05
2024-09-03 03:00:03+00:00,-1.4659820937808006e-05
2024-09-03 04:00:03+00:00,-2.7459526448569063e-05
2024-09-03 05:00:00+00:00,-2.9804356534285095e-05
2024-09-03 06:00:02+00:00,-2.6314474547375966e-05
2024-09-03 07:00:04+00:00,-1.6099052137477532e-05
2024-09-03 08:00:02+00:00,-3.7896356252022266e-06
2024-09-03 09:00:08+00:00,-7.867130311209239e-07
2024-09-03 10:00:03+00:00,-3.30925683335393e-07
2024-09-03 11:00:04+00:00,8.039993374314053e-07
2024-09-03 12:00:07+00:00,1.1005886514590812e-06
2024-09-03 13:00:00+00:00,7.141548738415207e-06
2024-09-03 14:00:04+00:00,1.7617426519928535e-05
2024-09-03 15:00:10+00:00,2.6605792266881173e-05
2024-09-03 16:00:05+00:00,1.845044997175468e-05
2024-09-03 17:00:02+00:00,1.1577615317364707e-05
2024-09-03 18:00:02+00:00,8.850894023572094e-06
2024-09-03 19:00:09+00:00,8.628263618222367e-06
2024-09-03 20:00:00+00:00,9.10185768949801e-06
2024-09-03 21:00:06+00:00,9.767470532941898e-06
2024-09-03 22:00:04+00:00,9.664377531169042e-06
2024-09-03 23:00:09+00:00,1.099183814997586e-05
2024-09-04 00:00:02+00:00,8.960476112399755e-06
2024-09-04 01:00:01+00:00,8.841138318361533e-06
2024-09-04 02:00:00+00:00,1.0103772651342702e-05
2024-09-04 03:00:06+00:00,3.7425934379348554e-05
2024-09-04 04:00:03+00:00,3.9444534628518475e-05
2024-09-04 05:00:01+00:00,4.066718300741405e-05
2024-09-04 06:00:04+00:00,3.225515199689519e-05
2024-09-04 07:00:06+00:00,2.8296459375370223e-05
2024-09-04 08:00:03+00:00,3.213383020508831e-05
2024-09-04 09:00:00+00:00,4.385870891537593e-05
2024-09-04 10:00:04+00:00,4.431643394198738e-05
2024-09-04 11:00:07+00:00,2.89544228251633e-05
2024-09-04 12:00:00+00:00,2.409745922718132e-05
2024-09-04 13:00:06+00:00,2.4113802556449426e-05
2024-09-04 14:00:05+00:00,1.7782436241638994e-05
2024-09-04 15:00:00+00:00,1.5659713053828308e-05
2024-09-04 16:00:12+00:00,1.47649421641737e-05
2024-09-04 17:00:06+00:00,1.2577293321743456e-05
2024-09-04 18:00:07+00:00,1.1297698440098629e-05
2024-09-04 19:00:01+00:00,1.2860748838975316e-05
2024-09-04 20:00:06+00:00,2.537285761981497e-05
2024-09-04 21:00:00+00:00,2.331251978319127e-05
2024-09-04 22:00:00+00:00,1.9117607947540915e-05
2024-09-04 23:00:02+00:00,2.5005489397625942e-05
2024-09-05 00:00:05+00:00,2.2608706089803686e-05
2024-09-05 01:00:05+00:00,2.075312620307385e-05
2024-09-05 02:00:06+00:00,3.450072733109305e-05
2024-09-05 03:00:06+00:00,2.2191790477420562e-05
2024-09-05 04:00:09+00:00,1.3577043390525889e-05
2024-09-05 05:00:08+00:00,1.7468794725041702e-05
2024-09-05 06:00:01+00:00,2.3310878793260792e-05
2024-09-05 07:00:00+00:00,2.1834864013702904e-05
2024-09-05 08:00:00+00:00,2.3292712448204314e-05
2024-09-05 09:00:01+00:00,2.6166315437868205e-05
2024-09-05 10:00:01+00:00,2.2918224168034443e-05
2024-09-05 11:00:08+00:00,2.8031512371910734e-05
2024-09-05 12:00:08+00:00,3.1616193632013984e-05
2024-09-05 13:00:07+00:00,2.301987185442803e-05
2024-09-05 14:00:08+00:00,2.1182442719509024e-05
2024-09-05 15:00:01+00:00,1.9974428327852565e-05
2024-09-05 16:00:02+00:00,2.553559518177367e-05
2024-09-05 17:00:04+00:00,1.4960108240954749e-05
2024-09-05 18:00:09+00:00,1.0763133390997678e-05
2024-09-05 19:01:02+00:00,1.0932419963970117e-05
2024-09-05 20:01:24+00:00,4.910095650436351e-06
2024-09-05 21:01:24+00:00,1.176601145158705e-05
2024-09-05 22:00:04+00:00,1.2361890724677529e-05
2024-09-05 23:00:09+00:00,1.1455656090876785e-05
2024-09-06 00:00:01+00:00,1.0201976516203914e-05
2024-09-06 01:00:05+00:00,1.1731240349268027e-05
2024-09-06 02:00:04+00:00,1.2916496183111523e-05
2024-09-06 03:00:05+00:00,1.37249121776774e-05
2024-09-06 04:00:06+00:00,1.6690983465434115e-05
2024-09-06 05:00:07+00:00,1.1781713461328294e-05
2024-09-06 06:00:06+00:00,8.050377119197863e-06
2024-09-06 07:00:00+00:00,8.298310844891694e-06
2024-09-06 08:00:01+00:00,1.0127040724576072e-05
2024-09-06 09:00:07+00:00,1.5029528617706367e-05
2024-09-06 10:00:08+00:00,1.555249933165523e-05
2024-09-06 11:00:07+00:00,2.4213658373087124e-05
2024-09-06 12:00:03+00:00,1.5129403526447939e-05
2024-09-06 13:00:07+00:00,9.21657801951009e-06
2024-09-06 14:00:01+00:00,1.2390344251251037e-05
2024-09-06 15:00:12+00:00,2.1378197206619915e-05
2024-09-06 16:00:02+00:00,2.1808598198892424e-05
2024-09-06 17:00:09+00:00,3.992261574993101e-05
2024-09-06 18:00:00+00:00,6.200416488772096e-05
2024-09-06 19:00:01+00:00,3.749255260993256e-05
2024-09-06 20:00:00+00:00,2.7310781229472353e-05
2024-09-06 21:00:17+00:00,2.7011010233877503e-05
2024-09-06 22:00:00+00:00,3.558987348535378e-05
2024-09-06 23:00:01+00:00,5.2268259943244035e-05
2024-09-07 00:00:01+00:00,5.501737080894046e-05
2024-09-07 01:00:02+00:00,3.176622355822961e-05
2024-09-07 02:00:07+00:00,2.3639276381676756e-05
2024-09-07 03:00:03+00:00,1.9188329579392542e-05
2024-09-07 04:00:05+00:00,8.12856965711145e-06
2024-09-07 05:00:07+00:00,4.980103424902948e-06
2024-09-07 06:00:07+00:00,7.217612750391623e-06
2024-09-07 07:00:01+00:00,8.024006888189964e-06
2024-09-07 08:00:00+00:00,5.028324824437087e-06
2024-09-07 09:00:04+00:00,7.286570118307801e-06
2024-09-07 10:00:09+00:00,6.498343355053524e-06
2024-09-07 11:00:03+00:00,7.84004465903161e-06
2024-09-07 12:00:05+00:00,2.412679288055212e-05
2024-09-07 13:00:05+00:00,2.1485088599030763e-05
2024-09-07 14:00:04+00:00,1.2526425695286647e-05
2024-09-07 15:00:09+00:00,9.74705709586772e-06
2024-09-07 16:00:08+00:00,1.5731421205364253e-05
2024-09-07 17:00:02+00:00,1.7342603219686625e-05
2024-09-07 18:00:04+00:00,1.4104617840772795e-05
2024-09-07 19:00:05+00:00,1.2274169879465715e-05
2024-09-07 20:00:05+00:00,1.1324070290900682e-05
2024-09-07 21:00:03+00:00,1.0488260499489674e-05
2024-09-07 22:00:08+00:00,9.8631617868034e-06
2024-09-07 23:00:06+00:00,2.1915593043104983e-05
2024-09-08 00:00:07+00:00,2.6250871397719164e-05
2024-09-08 01:00:07+00:00,2.4964036819240887e-05
2024-09-08 02:00:07+00:00,2.244591065435727e-05
2024-09-08 03:00:00+00:00,1.9934881394815002e-05
2024-09-08 04:00:10+00:00,1.6822611737238135e-05
2024-09-08 05:00:00+00:00,1.3323587872215081e-05
2024-09-08 06:00:01+00:00,1.003351174820126e-05
2024-09-08 07:00:03+00:00,8.317755665638855e-06
2024-09-08 08:00:09+00:00,8.212589926385438e-06
2024-09-08 09:00:02+00:00,8.339228847037577e-06
2024-09-08 10:00:02+00:00,8.438144243586335e-06
2024-09-08 11:00:08+00:00,8.598544308286828e-06
2024-09-08 12:00:08+00:00,9.036692314248152e-06
2024-09-08 13:00:10+00:00,8.449503514297705e-06
2024-09-08 14:00:06+00:00,9.549571700845033e-06
2024-09-08 15:00:03+00:00,8.359015715822389e-06
2024-09-08 16:00:07+00:00,7.907753147230944e-06
2024-09-08 17:00:06+00:00,8.330655704458718e-06
2024-09-08 18:00:08+00:00,9.414618619442576e-06
2024-09-08 19:00:10+00:00,7.430466332565366e-06
2024-09-08 20:00:10+00:00,6.079479761078752e-06
2024-09-08 21:00:02+00:00,5.7809142299516846e-06
2024-09-08 22:00:05+00:00,7.513705655091737e-06
2024-09-08 23:00:00+00:00,7.783714352626212e-06
2024-09-09 00:00:05+00:00,6.6498309376361075e-06
2024-09-09 01:00:06+00:00,7.414982245551262e-06
2024-09-09 02:00:10+00:00,7.572763253686642e-06
2024-09-09 03:00:10+00:00,8.266031380914221e-06
2024-09-09 04:00:10+00:00,8.434181650118444e-06
2024-09-09 05:00:09+00:00,7.340717037958893e-06
2024-09-09 06:00:03+00:00,-4.712946824909956e-06
2024-09-09 07:00:02+00:00,-1.5825332360804516e-06
2024-09-09 08:00:02+00:00,-2.5488122554315728e-06
2024-09-09 09:00:04+00:00,-9.15233332813142e-06
2024-09-09 10:00:08+00:00,-1.1998545600625208e-05
2024-09-09 11:00:13+00:00,-1.2617838623481217e-05
2024-09-09 12:00:04+00:00,-9.418587315327076e-06
2024-09-09 13:00:07+00:00,-4.410056529570923e-06
2024-09-09 14:00:02+00:00,1.7067686555934116e-06
2024-09-09 15:00:04+00:00,9.579426791012363e-06
2024-09-09 16:00:08+00:00,1.6488524801783277e-05
2024-09-09 17:00:01+00:00,-6.295309186453079e-08
2024-09-09 18:00:04+00:00,-5.473936701414864e-06
2024-09-09 19:00:05+00:00,-1.3326901389693918e-05
2024-09-09 20:00:02+00:00,-1.990446314430345e-05
2024-09-09 21:00:05+00:00,-1.7366339026265513e-05
2024-09-09 22:00:06+00:00,-6.5525654168488325e-06
2024-09-09 23:00:00+00:00,-2.87154592300676e-06
2024-09-10 00:00:04+00:00,-5.739142615971202e-06
2024-09-10 01:00:03+00:00,-2.479474583011426e-05
2024-09-10 02:00:03+00:00,-8.215136640876631e-06
2024-09-10 03:00:01+00:00,2.3318151342865024e-06
2024-09-10 04:00:03+00:00,3.278179813874825e-06
2024-09-10 05:00:03+00:00,9.554318503656446e-06
2024-09-10 06:00:06+00:00,1.0393114207608857e-05
2024-09-10 07:03:07+00:00,1.2642196988856396e-05
2024-09-10 08:00:00+00:00,1.3137510862166973e-05
2024-09-10 09:00:06+00:00,8.013066841120295e-06
2024-09-10 10:00:07+00:00,7.373311934563078e-06
2024-09-10 11:00:08+00:00,8.209599837665506e-06
2024-09-10 12:00:03+00:00,8.539808772514388e-06
2024-09-10 13:00:11+00:00,7.576523027225502e-06
2024-09-10 14:00:07+00:00,1.0295686029657475e-05
2024-09-10 15:00:06+00:00,1.0620021302703142e-05
2024-09-10 16:00:04+00:00,9.179762238665886e-06
2024-09-10 17:00:08+00:00,4.875172280107343e-06
2024-09-10 18:00:08+00:00,6.43132259676651e-06
2024-09-10 19:00:04+00:00,-5.156033499775423e-06
2024-09-10 20:00:06+00:00,-1.1240447853057547e-05
2024-09-10 21:00:07+00:00,-2.2481486528292396e-05
2024-09-10 22:00:01+00:00,-2.327862435355555e-05
2024-09-10 23:00:07+00:00,-1.4511141172721966e-05
2024-09-11 00:00:06+00:00,-1.5802306704640948e-05
2024-09-11 01:00:01+00:00,-1.1045262040192288e-05
2024-09-11 02:00:08+00:00,-2.8041089772845234e-08
2024-09-11 03:00:08+00:00,1.3024136339431306e-05
2024-09-11 04:00:00+00:00,2.114527623944588e-05
2024-09-11 05:00:08+00:00,3.606608876209996e-05
2024-09-11 06:00:03+00:00,4.333059318804591e-05
2024-09-11 07:00:05+00:00,4.0971122915303395e-05
2024-09-11 08:00:07+00:00,2.8141232091607503e-05
2024-09-11 09:00:00+00:00,1.2434771989354383e-05
2024-09-11 10:00:00+00:00,7.297491142095305e-06
2024-09-11 11:00:02+00:00,7.4892327325685395e-06
2024-09-11 12:00:07+00:00,5.680902262657336e-06
2024-09-11 13:00:03+00:00,-2.087842850029258e-06
2024-09-11 14:00:04+00:00,1.9946700045120087e-06
2024-09-11 15:00:01+00:00,8.065086062145352e-06
2024-09-11 16:00:01+00:00,9.080086211173147e-06
2024-09-11 17:00:05+00:00,4.815021648467178e-06
2024-09-11 18:00:08+00:00,-5.872316624312353e-07
2024-09-11 19:00:02+00:00,2.673543035737633e-06
2024-09-11 20:00:00+00:00,1.231742411257085e-06
2024-09-11 21:00:01+00:00,-9.47225410389803e-06
2024-09-11 22:00:01+00:00,-2.1682726049516993e-05
2024-09-11 23:00:06+00:00,-1.6969237499459586e-05
2024-09-12 00:00:08+00:00,-9.406499760035043e-06
2024-09-12 01:00:07+00:00,2.336428232786236e-06
2024-09-12 02:00:01+00:00,7.431169051993085e-06
2024-09-12 03:00:02+00:00,8.74953039998569e-06
2024-09-12 04:00:01+00:00,1.2977112971170912e-05
2024-09-12 05:00:04+00:00,1.0501681642875186e-05
2024-09-12 06:00:06+00:00,6.8348766984486365e-06
2024-09-12 07:00:07+00:00,8.625869607398142e-07
2024-09-12 08:00:00+00:00,2.176081185449752e-06
2024-09-12 09:00:05+00:00,4.789686239843772e-06
2024-09-12 10:00:13+00:00,7.070987306816476e-06
2024-09-12 11:00:05+00:00,8.719283332119401e-06
2024-09-12 12:00:06+00:00,8.97992312890665e-06
2024-09-12 13:00:04+00:00,9.08833075482072e-06
2024-09-12 14:00:05+00:00,6.864520771739021e-06
2024-09-12 15:00:02+00:00,2.2465659582743074e-05
2024-09-12 16:00:06+00:00,2.3111758023739074e-05
2024-09-12 17:00:06+00:00,1.664131775844946e-05
2024-09-12 18:00:06+00:00,1.5880195002626494e-05
2024-09-12 19:00:00+00:00,1.9189209402770774e-05
2024-09-12 20:00:06+00:00,2.679269074473255e-05
2024-09-12 21:00:08+00:00,2.3956040375400593e-05
2024-09-12 22:00:11+00:00,1.917144860479293e-05
2024-09-12 23:00:02+00:00,1.3645313570919053e-05
2024-09-13 00:00:06+00:00,1.0155783774671882e-05
2024-09-13 01:00:02+00:00,8.79394793278941e-06
2024-09-13 02:00:04+00:00,7.334017973340461e-06
2024-09-13 03:00:05+00:00,5.316255743387478e-06
2024-09-13 04:00:05+00:00,2.2523082083812895e-06
2024-09-13 05:00:08+00:00,2.3560084902932615e-06
2024-09-13 06:00:09+00:00,-4.629126311908776e-07
2024-09-13 07:00:01+00:00,-4.547849231029244e-06
2024-09-13 08:00:02+00:00,-2.1384294795382463e-06
2024-09-13 09:00:03+00:00,-2.417164088357496e-06
2024-09-13 10:00:02+00:00,2.8426540767472548e-06
2024-09-13 11:00:04+00:00,8.852853786682652e-06
2024-09-13 12:00:04+00:00,1.273311429091759e-05
2024-09-13 13:00:09+00:00,1.0242961523841184e-05
2024-09-13 14:00:00+00:00,8.063835450622595e-06
2024-09-13 15:00:01+00:00,8.002951686333123e-06
2024-09-13 16:00:07+00:00,4.250487057975495e-06
2024-09-13 17:00:09+00:00,6.724928478737209e-06
2024-09-13 18:00:03+00:00,1.526603143702551e-05
2024-09-13 19:00:08+00:00,1.0385367109426494e-05
2024-09-13 20:00:00+00:00,8.06534127213474e-06
2024-09-13 21:00:00+00:00,8.917043139749124e-06
2024-09-13 22:00:13+00:00,1.3567482289574103e-05
2024-09-13 23:00:01+00:00,1.734820391545991e-05
2024-09-14 00:00:00+00:00,1.396787414215807e-05
2024-09-14 01:00:04+00:00,1.1322404515003684e-05
2024-09-14 02:00:06+00:00,1.0495145160109278e-05
2024-09-14 03:00:00+00:00,9.81010713210561e-06
2024-09-14 04:00:01+00:00,8.578609491816204e-06
2024-09-14 05:00:01+00:00,7.079984285098547e-06
2024-09-14 06:00:02+00:00,2.5386929618193317e-06
2024-09-14 07:00:00+00:00,9.167910199287782e-07
2024-09-14 08:00:04+00:00,8.981647706595125e-07
2024-09-14 09:00:02+00:00,-8.964200588438709e-07
2024-09-14 10:00:01+00:00,7.129953021846459e-07
2024-09-14 11:00:04+00:00,-5.698882704925339e-07
2024-09-14 12:00:05+00:00,5.243895529026361e-07
2024-09-14 13:00:00+00:00,1.807543569904771e-06
2024-09-14 14:00:00+00:00,2.3157862949458922e-06
2024-09-14 15:00:03+00:00,1.0456020807079981e-05
2024-09-14 16:00:07+00:00,5.067841574303995e-05
2024-09-14 17:00:09+00:00,7.008772648380915e-05
2024-09-14 18:00:10+00:00,6.084917285985388e-05
2024-09-14 19:00:03+00:00,5.454872126189865e-05
2024-09-14 20:00:09+00:00,4.917798895749793e-05
2024-09-14 21:00:02+00:00,4.5480214298018755e-05
2024-09-14 22:00:01+00:00,4.2969283804278934e-05
2024-09-14 23:00:07+00:00,4.1311686606954755e-05
2024-09-15 00:00:00+00:00,4.148804223555456e-05
2024-09-15 01:00:01+00:00,3.8441591653143884e-05
2024-09-15 02:00:02+00:00,3.5733993808140435e-05
2024-09-15 03:00:05+00:00,2.7989727026431302e-05
2024-09-15 04:00:01+00:00,2.5316333628767136e-05
2024-09-15 05:00:02+00:00,2.2157098277198037e-05
2024-09-15 06:00:01+00:00,2.2314748655460444e-05
2024-09-15 07:00:02+00:00,2.0803667417013214e-05
2024-09-15 08:00:02+00:00,2.069796906799598e-05
2024-09-15 09:00:12+00:00,2.0330419177436563e-05
2024-09-15 10:00:03+00:00,2.0234624115021948e-05
2024-09-15 11:00:02+00:00,1.943114832583179e-05
2024-09-15 12:00:00+00:00,1.9278752196714794e-05
2024-09-15 13:00:08+00:00,2.135887459138548e-05
2024-09-15 14:00:09+00:00,2.534823471439095e-05
2024-09-15 15:00:00+00:00,2.2386817710888034e-05
2024-09-15 16:00:00+00:00,2.0835471596282807e-05
2024-09-15 17:00:10+00:00,2.2531168106049204e-05
2024-09-15 18:00:00+00:00,2.636022160570987e-05
2024-09-15 19:00:07+00:00,4.205788046968601e-05
2024-09-15 20:00:02+00:00,4.9088626509713705e-05
2024-09-15 21:00:05+00:00,5.432216664720167e-05
2024-09-15 22:00:01+00:00,6.092299268293416e-05
2024-09-15 23:00:07+00:00,5.112060812953326e-05
2024-09-16 00:00:05+00:00,4.786040668411411e-05
2024-09-16 01:00:01+00:00,4.8335824790305516e-05
2024-09-16 02:00:00+00:00,4.239731007542499e-05
2024-09-16 03:00:02+00:00,3.574498813863939e-05
2024-09-16 04:00:09+00:00,4.3758955226044073e-05
2024-09-16 05:00:00+00:00,3.7221907003892864e-05
2024-09-16 06:00:00+00:00,3.250890879713775e-05
2024-09-16 07:00:00+00:00,2.9864146786134057e-05
2024-09-16 08:00:00+00:00,4.649018458870846e-05
2024-09-16 09:00:00+00:00,4.570032567328784e-05
2024-09-16 10:00:02+00:00,3.400701642051815e-05
2024-09-16 11:00:10+00:00,3.388830985627389e-05
2024-09-16 12:00:00+00:00,3.153127775802837e-05
2024-09-16 13:00:01+00:00,2.6666849015288553e-05
2024-09-16 14:00:03+00:00,2.2269502050830572e-05
2024-09-16 15:00:02+00:00,1.487813491247932e-05
2024-09-16 16:00:01+00:00,1.3437453975342534e-05
2024-09-16 17:00:02+00:00,1.9395049048139194e-05
2024-09-16 18:00:05+00:00,2.471293389146247e-05
2024-09-16 19:00:01+00:00,2.1923756646407808e-05
2024-09-16 20:00:01+00:00,2.499418766662652e-05
2024-09-16 21:00:04+00:00,2.53555881976827e-05
2024-09-16 22:00:05+00:00,3.078378766515075e-05
2024-09-16 23:00:04+00:00,2.529990848520074e-05
2024-09-17 00:00:04+00:00,2.9267208677964444e-05
2024-09-17 01:00:00+00:00,2.162509313187324e-05
2024-09-17 02:00:05+00:00,2.0348255300112606e-05
2024-09-17 03:00:00+00:00,2.5862451705286247e-05
2024-09-17 04:00:04+00:00,2.1692222551665564e-05
2024-09-17 05:00:07+00:00,2.4741031191403416e-05
2024-09-17 06:00:03+00:00,3.3364034230103535e-05
2024-09-17 07:00:03+00:00,2.9878814924454877e-05
2024-09-17 08:00:01+00:00,3.7811399431312124e-05
2024-09-17 09:00:02+00:00,3.102429056218368e-05
2024-09-17 10:00:03+00:00,2.818551917804661e-05
2024-09-17 11:00:03+00:00,2.826417198703158e-05
2024-09-17 12:00:08+00:00,2.1406668817153906e-05
2024-09-17 13:00:04+00:00,1.5650781158235503e-05
2024-09-17 14:00:03+00:00,1.0856840924714505e-05
2024-09-17 15:00:04+00:00,1.0849333228032194e-05
2024-09-17 16:00:00+00:00,2.9361226044629505e-06
2024-09-17 17:00:06+00:00,3.329650681498646e-06
2024-09-17 18:00:02+00:00,9.806837028594452e-06
2024-09-17 19:00:04+00:00,8.782475385899413e-06
2024-09-17 20:00:01+00:00,5.821798827561409e-06
2024-09-17 21:00:05+00:00,5.387288099092307e-06
2024-09-17 22:00:00+00:00,6.239071889908263e-06
2024-09-17 23:00:06+00:00,7.159875503937651e-06
2024-09-18 00:00:04+00:00,-2.1398262053936292e-06
2024-09-18 01:00:03+00:00,-9.931594918455042e-06
2024-09-18 02:00:04+00:00,-5.0370294571124595e-06
2024-09-18 03:00:00+00:00,5.650862988669061e-06
2024-09-18 04:00:02+00:00,2.9775136394604333e-05
2024-09-18 05:00:03+00:00,2.6229409341221705e-05
2024-09-18 06:00:01+00:00,2.1294505452080327e-05
2024-09-18 07:00:01+00:00,2.10750935598054e-05
2024-09-18 08:00:05+00:00,1.896481020526396e-05
2024-09-18 09:00:03+00:00,1.571553345601425e-05
2024-09-18 10:00:05+00:00,3.3173570862014394e-06
2024-09-18 11:00:08+00:00,-1.6977872758845853e-06
2024-09-18 12:00:02+00:00,-1.2332280888322388e-06
2024-09-18 13:00:01+00:00,-7.119995706207907e-07
2024-09-18 14:00:00+00:00,2.6734931658937616e-06
2024-09-18 15:00:07+00:00,6.161110673449808e-06
2024-09-18 16:00:04+00:00,5.541410241735098e-06
2024-09-18 17:00:09+00:00,2.6472301522641565e-06
2024-09-18 18:00:01+00:00,-1.6559897500607422e-06
2024-09-18 19:00:04+00:00,-2.536027734445579e-06
2024-09-18 20:00:00+00:00,-1.2579776796123693e-05
2024-09-18 21:00:01+00:00,4.800108885625074e-06
2024-09-18 22:00:05+00:00,8.768370473030195e-06
2024-09-18 23:00:04+00:00,1.0531842783949906e-05
2024-09-19 00:00:00+00:00,1.0085649532219598e-05
2024-09-19 01:00:01+00:00,1.61635359456394e-05
2024-09-19 02:00:03+00:00,1.2848260341017458e-05
2024-09-19 03:00:00+00:00,1.1475026194089753e-05
2024-09-19 04:00:08+00:00,1.4138290323659147e-05
2024-09-19 05:00:08+00:00,1.2901435731578678e-05
2024-09-19 06:00:06+00:00,1.3507685927160933e-05
2024-09-19 07:01:11+00:00,1.2365702707906062e-05
2024-09-19 08:00:05+00:00,1.1412687123341578e-05
2024-09-19 09:00:10+00:00,1.0159016258063017e-05
2024-09-19 10:00:04+00:00,2.069314221992058e-05
2024-09-19 11:00:05+00:00,3.553350760247111e-05
2024-09-19 12:00:00+00:00,3.329948171093565e-05
2024-09-19 13:00:03+00:00,2.4177048162521767e-05
2024-09-19 14:00:03+00:00,2.2780935990560325e-05
2024-09-19 15:00:01+00:00,3.2672526135932403e-05
2024-09-19 16:00:02+00:00,3.8193117422515435e-05
2024-09-19 17:00:06+00:00,3.905787168520173e-05
2024-09-19 18:00:08+00:00,4.11696156713672e-05
2024-09-19 19:00:03+00:00,3.038323188994143e-05
2024-09-19 20:00:00+00:00,2.467195333110809e-05
2024-09-19 21:00:03+00:00,2.124683933423543e-05
2024-09-19 22:00:07+00:00,3.292843010502298e-05
2024-09-19 23:00:05+00:00,3.2506300849878115e-05
2024-09-20 00:00:07+00:00,3.203865389182493e-05
2024-09-20 01:00:10+00:00,2.9784910794540822e-05
2024-09-20 02:00:05+00:00,2.7361225678338265e-05
2024-09-20 03:00:06+00:00,2.9988540309684934e-05
2024-09-20 04:00:00+00:00,3.095582053996946e-05
2024-09-20 05:00:08+00:00,2.166745438970702e-05
2024-09-20 06:00:02+00:00,2.3576125998337028e-05
2024-09-20 07:00:00+00:00,2.1860410809216642e-05
2024-09-20 08:00:06+00:00,2.8333698500885758e-05
2024-09-20 09:00:08+00:00,3.0922728480607536e-05
2024-09-20 10:00:09+00:00,4.5767707522491926e-05
2024-09-20 11:00:07+00:00,4.0983756790259444e-05
2024-09-20 12:00:07+00:00,3.0249767535328613e-05
2024-09-20 13:00:08+00:00,2.6823310233256836e-05
2024-09-20 14:00:04+00:00,1.6252737150540444e-05
2024-09-20 15:00:02+00:00,1.0854184962040377e-05
2024-09-20 16:00:04+00:00,9.065363243299013e-06
2024-09-20 17:00:01+00:00,3.70120188511145e-06
2024-09-20 18:00:06+00:00,-5.632531140058881e-07
2024-09-20 19:00:04+00:00,-2.7751686795865683e-06
2024-09-20 20:00:01+00:00,-9.33009867782585e-07
2024-09-20 21:00:01+00:00,2.075709343664114e-06
2024-09-20 22:00:03+00:00,1.233672064482764e-05
2024-09-20 23:00:07+00:00,1.715432604317424e-05
2024-09-21 00:00:07+00:00,1.872040802613952e-05
2024-09-21 01:00:08+00:00,2.0519066030005744e-05
2024-09-21 02:00:05+00:00,2.4736367800912768e-05
2024-09-21 03:00:01+00:00,3.127294462216919e-05
2024-09-21 04:00:00+00:00,1.5232273743548033e-05
2024-09-21 05:00:09+00:00,1.701312939892772e-05
2024-09-21 06:00:09+00:00,1.6536828808861184e-05
2024-09-21 07:00:00+00:00,2.385187942146211e-05
2024-09-21 08:00:06+00:00,3.561951854661952e-05
2024-09-21 09:00:08+00:00,3.5104202986324724e-05
2024-09-21 10:00:07+00:00,3.326199947162021e-05
2024-09-21 11:00:01+00:00,3.0373895745751073e-05
2024-09-21 12:00:05+00:00,2.8767870867201836e-05
2024-09-21 13:00:05+00:00,2.5785449480158173e-05
2024-09-21 14:00:05+00:00,2.4576874841831596e-05
2024-09-21 15:00:00+00:00,1.9472420098124564e-05
2024-09-21 16:00:00+00:00,1.9354671080647803e-05
2024-09-21 17:00:06+00:00,1.9072342259870916e-05
2024-09-21 18:00:05+00:00,2.6230107864905177e-05
2024-09-21 19:00:04+00:00,2.2250100742962816e-05
2024-09-21 20:00:05+00:00,2.180190533176899e-05
2024-09-21 21:00:05+00:00,2.2124146068572528e-05
2024-09-21 22:00:03+00:00,1.684633944264444e-05
2024-09-21 23:00:04+00:00,1.1336762756923049e-05
2024-09-22 00:00:01+00:00,9.76298759982502e-06
2024-09-22 01:00:08+00:00,8.809803694183878e-06
2024-09-22 02:00:07+00:00,7.3542408121951454e-06
2024-09-22 03:00:10+00:00,-1.993758500417973e-06
2024-09-22 04:00:01+00:00,-8.286129028620978e-06
2024-09-22 05:00:03+00:00,-1.0061259460066124e-05
2024-09-22 06:00:08+00:00,-7.5113706735807576e-06
2024-09-22 07:00:00+00:00,-5.2505181741638975e-06
2024-09-22 08:00:03+00:00,-3.053083633272398e-06
2024-09-22 09:00:02+00:00,-1.7245851816865853e-06
2024-09-22 10:00:07+00:00,4.691284818057942e-06
2024-09-22 11:00:05+00:00,6.87029502743728e-06
2024-09-22 12:00:09+00:00,8.159163888085419e-06
2024-09-22 13:00:01+00:00,1.2923032783314207e-05
2024-09-22 14:00:01+00:00,1.4809652546486156e-05
2024-09-22 15:00:02+00:00,1.8824719862409697e-05
2024-09-22 16:00:02+00:00,1.9519707046534694e-05
2024-09-22 17:00:02+00:00,2.093657353616817e-05
2024-09-22 18:00:04+00:00,2.1884062834082134e-05
2024-09-22 19:00:07+00:00,1.5204133919904916e-05
2024-09-22 20:00:00+00:00,1.1744404337296668e-05
2024-09-22 21:00:05+00:00,1.0299981933813674e-05
2024-09-22 22:00:00+00:00,9.050901561809758e-06
2024-09-22 23:00:10+00:00,4.405141930782157e-06
2024-09-23 00:00:00+00:00,-1.7628761133347503e-06
2024-09-23 01:00:03+00:00,1.6520865420053e-06
2024-09-23 02:00:10+00:00,9.098659960697733e-06
2024-09-23 03:00:10+00:00,2.0031375055748572e-05
2024-09-23 04:00:05+00:00,2.7842453775494247e-05
2024-09-23 05:00:06+00:00,1.9027438056332998e-05
2024-09-23 06:00:09+00:00,1.4831814224715926e-05
2024-09-23 07:00:02+00:00,8.126839827658298e-06
2024-09-23 08:00:05+00:00,-1.5005816496301314e-06
2024-09-23 09:00:01+00:00,-7.227186376633434e-06
2024-09-23 10:00:09+00:00,-4.663580801236889e-06
2024-09-23 11:00:01+00:00,-4.675517114755881e-06
2024-09-23 12:00:04+00:00,-3.0556464694250394e-06
2024-09-23 13:00:07+00:00,-6.522851655451766e-06
2024-09-23 14:00:04+00:00,-3.3797345843834744e-06
2024-09-23 15:00:05+00:00,5.280055741767382e-06
2024-09-23 16:00:04+00:00,2.165765522340095e-05
2024-09-23 17:00:05+00:00,1.9202467368537765e-05
2024-09-23 18:00:01+00:00,1.680213634401991e-05
2024-09-23 19:00:05+00:00,2.1032062376081505e-05
2024-09-23 20:00:00+00:00,2.1912934496526138e-05
2024-09-23 21:00:01+00:00,1.8460304815995374e-05
2024-09-23 22:00:08+00:00,1.7092706574828277e-05
2024-09-23 23:00:00+00:00,1.5217132999829259e-05
2024-09-24 00:00:07+00:00,1.8433471687712277e-05
2024-09-24 01:00:02+00:00,2.537910762057596e-05
2024-09-24 02:00:05+00:00,2.7728056809243673e-05
2024-09-24 03:00:09+00:00,3.702705660051006e-05
2024-09-24 04:00:08+00:00,4.163658474790828e-05
2024-09-24 05:00:00+00:00,4.265764039026404e-05
2024-09-24 06:00:01+00:00,5.097814605803419e-05
2024-09-24 07:00:03+00:00,5.9188136674421404e-05
2024-09-24 08:00:01+00:00,5.9984140439791544e-05
2024-09-24 09:00:02+00:00,5.996871031982705e-05
2024-09-24 10:00:11+00:00,4.001874076433251e-05
2024-09-24 11:00:02+00:00,2.858038150319494e-05
2024-09-24 12:00:04+00:00,1.6729032702698702e-05
2024-09-24 13:00:00+00:00,1.773194321622776e-05
2024-09-24 14:00:07+00:00,1.945127628971273e-05
2024-09-24 15:00:14+00:00,1.2504856737891269e-05
2024-09-24 16:00:01+00:00,1.5074308106060325e-05
2024-09-24 17:00:03+00:00,2.3451454970969017e-05
2024-09-24 18:00:01+00:00,3.7796867345592404e-05
2024-09-24 19:00:01+00:00,3.5023936267173315e-05
2024-09-24 20:00:06+00:00,3.296773036552875e-05
2024-09-24 21:00:00+00:00,1.201863727243753e-05
2024-09-24 22:00:02+00:00,4.590121870449463e-06
2024-09-24 23:00:06+00:00,2.8759778806120316e-06
2024-09-25 00:00:03+00:00,3.2295916866138974e-06
2024-09-25 01:00:04+00:00,2.7415385056392377e-06
2024-09-25 02:00:04+00:00,5.872208072618782e-06
2024-09-25 03:00:06+00:00,7.2029015434745946e-06
2024-09-25 04:00:11+00:00,7.801125848293809e-06
2024-09-25 05:00:02+00:00,7.735099987486401e-06
2024-09-25 06:00:06+00:00,8.374845363349655e-06
2024-09-25 07:00:04+00:00,1.0109534153446142e-05
2024-09-25 08:00:04+00:00,1.0132119114337936e-05
2024-09-25 09:00:05+00:00,1.4307593488973241e-05
2024-09-25 10:00:03+00:00,1.7131530123383422e-05
2024-09-25 11:00:05+00:00,2.2601808852577777e-05
2024-09-25 12:00:05+00:00,3.311387999266852e-05
2024-09-25 13:00:03+00:00,2.5103817039796943e-05
2024-09-25 14:00:02+00:00,1.4093455356065253e-05
2024-09-25 15:00:16+00:00,1.0170219718632215e-05
2024-09-25 16:00:06+00:00,1.1287431461629668e-05
2024-09-25 17:00:01+00:00,1.4993754970288966e-05
2024-09-25 18:00:03+00:00,1.0948696890547477e-05
2024-09-25 19:00:04+00:00,1.13027337770735e-05
2024-09-25 20:00:20+00:00,1.2550320610302648e-05
2024-09-25 21:00:05+00:00,2.6063561619809087e-05
2024-09-25 22:00:00+00:00,2.7703786492307298e-05
2024-09-25 23:00:11+00:00,2.7453831760452678e-05
2024-09-26 00:00:16+00:00,2.513489544638145e-05
2024-09-26 01:00:03+00:00,2.0349376468334857e-05
2024-09-26 02:00:07+00:00,1.2713120524975486e-05
2024-09-26 03:00:23+00:00,1.2589388930942312e-05
2024-09-26 04:00:05+00:00,1.2762530664049306e-05
2024-09-26 05:00:03+00:00,1.5840340519492924e-05
2024-09-26 06:00:06+00:00,2.4822672377285292e-05
2024-09-26 07:00:10+00:00,3.348071811940512e-05
2024-09-26 08:00:09+00:00,3.907911499403009e-05
2024-09-26 09:00:05+00:00,3.74797632600023e-05
2024-09-26 10:00:09+00:00,3.837141499832322e-05
2024-09-26 11:00:02+00:00,4.434680604575681e-05
2024-09-26 12:00:06+00:00,3.4919330589396755e-05
2024-09-26 13:00:03+00:00,3.130943051516435e-05
2024-09-26 14:00:02+00:00,2.5050320559278136e-05
2024-09-26 15:00:12+00:00,2.5832645165567247e-05
2024-09-26 16:00:00+00:00,4.5138925495040435e-05
2024-09-26 17:00:03+00:00,5.951615286089192e-05
2024-09-26 18:00:02+00:00,6.491523056876884e-05
2024-09-26 19:00:03+00:00,5.604320302837287e-05
2024-09-26 20:00:00+00:00,5.604930445477682e-05
2024-09-26 21:00:03+00:00,4.545043769649714e-05
2024-09-26 22:00:12+00:00,4.2386327340206594e-05
2024-09-26 23:00:03+00:00,3.609139651711719e-05
2024-09-27 00:00:00+00:00,3.1188469031328174e-05
2024-09-27 01:00:07+00:00,2.6894147748326493e-05
2024-09-27 02:00:02+00:00,2.4343269915543794e-05
2024-09-27 03:00:02+00:00,2.320825855649621e-05
2024-09-27 04:00:02+00:00,2.830819765765494e-05
2024-09-27 05:00:07+00:00,2.7162756384840424e-05
2024-09-27 06:00:13+00:00,1.1051349517162637e-05
2024-09-27 07:00:05+00:00,-1.563790545157418e-06
2024-09-27 08:00:10+00:00,1.064014749178768e-06
2024-09-27 09:00:03+00:00,9.032769646154274e-06
2024-09-27 10:00:01+00:00,1.1670208631483232e-05
2024-09-27 11:00:10+00:00,1.0794061083283505e-05
2024-09-27 12:00:03+00:00,1.0767887794223658e-05
2024-09-27 13:00:03+00:00,2.51732065777627e-05
2024-09-27 14:00:06+00:00,2.471949375696715e-05
2024-09-27 15:00:06+00:00,3.101765473173407e-05
2024-09-27 16:00:02+00:00,1.380307402834201e-05
2024-09-27 17:00:02+00:00,2.8574922719443958e-06
2024-09-27 18:00:06+00:00,-4.666479323857934e-06
2024-09-27 19:00:03+00:00,-1.6868278287738879e-06
2024-09-27 20:00:07+00:00,-4.7082269397824444e-07
2024-09-27 21:00:08+00:00,1.0996431390155504e-06
2024-09-27 22:00:07+00:00,8.190809934668865e-07
2024-09-27 23:00:09+00:00,5.450776304386746e-07
2024-09-28 00:00:00+00:00,-2.855005457754971e-07
2024-09-28 01:00:03+00:00,1.8587090870029156e-06
2024-09-28 02:00:06+00:00,6.043027867508558e-06
2024-09-28 03:00:02+00:00,7.519883374879349e-06
2024-09-28 04:00:02+00:00,8.415662007540344e-06
2024-09-28 05:00:07+00:00,9.181025735320093e-06
2024-09-28 06:00:02+00:00,8.527463306303917e-06
2024-09-28 07:00:02+00:00,8.264444844605222e-06
2024-09-28 08:00:07+00:00,7.985056947705792e-06
2024-09-28 09:00:05+00:00,7.1441280732775486e-06
2024-09-28 10:00:05+00:00,2.1480179174803567e-06
2024-09-28 11:00:00+00:00,5.161364371705949e-06
2024-09-28 12:00:08+00:00,6.960627954987848e-06
2024-09-28 13:00:09+00:00,7.615231275156973e-06
2024-09-28 14:00:07+00:00,2.786002610889642e-05
2024-09-28 15:00:05+00:00,5.0355017465461845e-05
2024-09-28 16:00:03+00:00,3.625274498990327e-05
2024-09-28 17:00:08+00:00,2.6429704393742777e-05
2024-09-28 18:00:08+00:00,3.7589977731217876e-05
2024-09-28 19:00:02+00:00,4.9821315373050154e-05
2024-09-28 20:00:08+00:00,4.547814173108149e-05
2024-09-28 21:00:00+00:00,3.499656602140222e-05
2024-09-28 22:00:05+00:00,3.0852908772151006e-05
2024-09-28 23:00:07+00:00,2.7730385365581887e-05
2024-09-29 00:00:13+00:00,2.6316150881883512e-05
2024-09-29 01:00:04+00:00,2.2482916539199333e-05
2024-09-29 02:00:08+00:00,1.2337844635638471e-05
2024-09-29 03:00:13+00:00,8.401554149795608e-06
2024-09-29 04:00:10+00:00,6.9365222046568225e-06
2024-09-29 05:00:00+00:00,6.640356362002743e-06
2024-09-29 06:00:06+00:00,6.453746571826568e-06
2024-09-29 07:00:07+00:00,7.48779470942085e-06
2024-09-29 08:00:02+00:00,9.048595269316568e-06
2024-09-29 09:00:00+00:00,1.020883547211916e-05
2024-09-29 10:00:01+00:00,9.852973408225337e-06
2024-09-29 11:00:05+00:00,1.1403938727642803e-05
2024-09-29 12:00:04+00:00,1.4323194249432198e-05
2024-09-29 13:00:06+00:00,1.4850375449275187e-05
2024-09-29 14:00:04+00:00,1.808240268433876e-05
2024-09-29 15:00:08+00:00,1.769228937454554e-05
2024-09-29 16:00:00+00:00,1.830272682026399e-05
2024-09-29 17:00:06+00:00,1.9204999735329414e-05
2024-09-29 18:00:00+00:00,2.1980637126752892e-05
2024-09-29 19:00:06+00:00,2.083410267841027e-05
2024-09-29 20:00:02+00:00,2.2739941019317885e-05
2024-09-29 21:00:04+00:00,2.4544250783782766e-05
2024-09-29 22:00:02+00:00,2.6550311176899195e-05
2024-09-29 23:00:04+00:00,2.666790297245119e-05
2024-09-30 00:00:03+00:00,2.8840800226788237e-05
2024-09-30 01:00:01+00:00,3.09403120423125e-05
2024-09-30 02:00:01+00:00,3.6219475812688376e-05
2024-09-30 03:00:00+00:00,4.029644954459633e-05
2024-09-30 04:00:11+00:00,4.577474882669922e-05
2024-09-30 05:00:07+00:00,4.901505098814095e-05
2024-09-30 06:00:09+00:00,5.623803314474229e-05
2024-09-30 07:00:05+00:00,5.6501783204751704e-05
2024-09-30 08:00:00+00:00,6.294471704194462e-05
2024-09-30 09:00:08+00:00,5.8394035915144126e-05
2024-09-30 10:00:01+00:00,4.453076976163136e-05
2024-09-30 11:00:07+00:00,3.562132461500772e-05
2024-09-30 12:00:00+00:00,3.3300176549170163e-05
2024-09-30 13:00:01+00:00,3.407791362959068e-05
2024-09-30 14:00:01+00:00,2.8329925345082866e-05
2024-09-30 15:00:06+00:00,4.999839746409483e-05
2024-09-30 16:00:04+00:00,6.591405906425928e-05
2024-09-30 17:00:02+00:00,6.687564061860565e-05
2024-09-30 18:00:00+00:00,6.801826055434813e-05
2024-09-30 19:00:00+00:00,7.301454300686796e-05
2024-09-30 20:00:00+00:00,8.192293000860086e-05
2024-09-30 21:00:08+00:00,8.783594068739362e-05
2024-09-30 22:00:07+00:00,8.378994028526738e-05
2024-09-30 23:00:04+00:00,8.476133206040459e-05
2024-10-01 00:00:07+00:00,7.800861536006954e-05
2024-10-01 01:00:08+00:00,7.1435497966806e-05
2024-10-01 02:00:05+00:00,5.925062564324599e-05
2024-10-01 03:00:04+00:00,5.795720330873664e-05
2024-10-01 04:00:05+00:00,5.2069316636836805e-05
2024-10-01 05:00:01+00:00,4.2747328074574285e-05
2024-10-01 06:00:01+00:00,1.5921599834938405e-05
2024-10-01 07:00:04+00:00,6.252032415196686e-06
2024-10-01 08:00:12+00:00,3.85771059982543e-06
2024-10-01 09:00:07+00:00,2.835415129002797e-06
2024-10-01 10:00:13+00:00,4.045929236886088e-06
2024-10-01 11:00:10+00:00,1.0435964987082636e-05
2024-10-01 12:00:09+00:00,1.749530443464098e-05
2024-10-01 13:00:04+00:00,2.071364028350362e-05
2024-10-01 14:00:47+00:00,2.7279099993930725e-05
2024-10-01 15:00:00+00:00,4.934464804753846e-05
2024-10-01 16:00:07+00:00,4.1995196597267756e-05
2024-10-01 17:00:06+00:00,3.6427225988559424e-05
2024-10-01 18:00:06+00:00,2.9229066669157795e-05
2024-10-01 19:00:06+00:00,3.905907191907274e-05
2024-10-01 20:00:14+00:00,4.0029784672710074e-05
2024-10-01 21:00:07+00:00,3.796489406770534e-05
2024-10-01 22:00:19+00:00,4.095401647066935e-05
2024-10-01 23:00:17+00:00,4.6878087916713176e-05
2024-10-02 00:00:06+00:00,5.953358596398704e-05
2024-10-02 01:00:04+00:00,6.743312055260832e-05
2024-10-02 02:00:01+00:00,6.678131682082062e-05
2024-10-02 03:00:03+00:00,6.491070165488612e-05
2024-10-02 04:00:04+00:00,4.0813652425902166e-05
2024-10-02 05:00:01+00:00,2.5071085249999996e-05
2024-10-02 06:00:15+00:00,1.563293013791162e-05
2024-10-02 07:00:00+00:00,1.3947574179355814e-05
2024-10-02 08:00:08+00:00,1.9619847730069288e-05
2024-10-02 09:00:18+00:00,1.9683445096876014e-05
2024-10-02 10:00:01+00:00,1.75732013824739e-05
2024-10-02 11:00:06+00:00,1.6369029478423468e-05
2024-10-02 12:00:11+00:00,6.4045103476368415e-06
2024-10-02 13:00:01+00:00,4.117571180675055e-06
2024-10-02 14:00:14+00:00,8.425994605271e-06
2024-10-02 15:00:05+00:00,1.8143853681348297e-05
2024-10-02 16:00:01+00:00,2.1903851202563977e-05
2024-10-02 17:00:11+00:00,2.0114865586333533e-05
2024-10-02 18:00:14+00:00,1.5424422975327764e-05
2024-10-02 19:00:00+00:00,1.2000945462390622e-05
2024-10-02 20:00:00+00:00,1.5712411921129644e-05
2024-10-02 21:00:01+00:00,3.860085771972762e-05
2024-10-02 22:00:07+00:00,3.7527548651716244e-05
2024-10-02 23:00:01+00:00,3.2062552491943314e-05
2024-10-03 00:00:05+00:00,2.8090384280869665e-05
2024-10-03 01:00:01+00:00,3.0680694235514546e-05
2024-10-03 02:00:08+00:00,2.876766778164972e-05
2024-10-03 03:00:01+00:00,2.9159671953025912e-05
2024-10-03 04:00:04+00:00,2.4940033373552516e-05
2024-10-03 05:00:02+00:00,2.096631860972812e-05
2024-10-03 06:00:03+00:00,1.9369683808883344e-05
2024-10-03 07:00:10+00:00,2.099502912951446e-05
2024-10-03 08:00:09+00:00,1.945668981830446e-05
2024-10-03 09:00:05+00:00,1.1498897250149435e-05
2024-10-03 10:00:03+00:00,1.0596862045827997e-05
2024-10-03 11:00:07+00:00,1.0317081716867934e-05
2024-10-03 12:00:02+00:00,9.027108059913977e-06
2024-10-03 13:00:02+00:00,7.883897114546382e-06
2024-10-03 14:00:00+00:00,6.872246551296294e-06
2024-10-03 15:00:00+00:00,8.581065745880126e-06
2024-10-03 16:00:05+00:00,1.0351424510597687e-05
2024-10-03 17:00:04+00:00,8.81063456210555e-06
2024-10-03 18:00:03+00:00,1.408037680051343e-05
2024-10-03 19:00:04+00:00,2.1187601200825128e-05
2024-10-03 20:00:15+00:00,2.616891695313347e-05
2024-10-03 21:00:03+00:00,3.093473640639344e-05
2024-10-03 22:00:08+00:00,3.2601906563542004e-05
2024-10-03 23:00:00+00:00,3.319834568486595e-05
2024-10-04 00:00:07+00:00,3.9144287804716125e-05
2024-10-04 01:00:09+00:00,2.7620216493571537e-05
2024-10-04 02:00:04+00:00,1.730797791258401e-05
2024-10-04 03:00:06+00:00,1.854247695313114e-05
2024-10-04 04:00:00+00:00,1.885762308450547e-05
2024-10-04 05:00:06+00:00,2.0004978074161667e-05
2024-10-04 06:00:02+00:00,2.273739117262883e-05
2024-10-04 07:00:02+00:00,1.8578431495349038e-05
2024-10-04 08:00:02+00:00,2.0813367321149966e-05
2024-10-04 09:00:04+00:00,8.582148576523372e-06
2024-10-04 10:00:05+00:00,4.6788231503057496e-06
2024-10-04 11:00:04+00:00,2.4579225219862865e-06
2024-10-04 12:00:04+00:00,1.1033419985159473e-05
2024-10-04 13:00:06+00:00,2.0085742660237447e-05
2024-10-04 14:00:05+00:00,1.628003599746505e-05
2024-10-04 15:00:08+00:00,1.2245318226686712e-05
2024-10-04 16:00:01+00:00,1.0709370563213937e-05
2024-10-04 17:00:17+00:00,9.22984325098917e-06
2024-10-04 18:00:11+00:00,3.948708049672386e-06
2024-10-04 19:00:04+00:00,2.0192647250420587e-06
2024-10-04 20:00:08+00:00,1.741186119511602e-06
2024-10-04 21:00:06+00:00,3.0356622343193408e-06
2024-10-04 22:00:03+00:00,-2.9647724394118694e-06
2024-10-04 23:00:02+00:00,-3.985859562651261e-06
2024-10-05 00:00:04+00:00,-3.369562502528387e-06
2024-10-05 01:00:01+00:00,-1.2244626179372404e-06
2024-10-05 02:00:01+00:00,-8.863107419824507e-07
2024-10-05 03:00:01+00:00,-6.059877342855953e-07
2024-10-05 04:00:02+00:00,2.085642369769206e-06
2024-10-05 05:00:04+00:00,2.620485954547244e-06
2024-10-05 06:00:02+00:00,2.582526278058851e-06
2024-10-05 07:00:04+00:00,2.4567249745741662e-06
2024-10-05 08:00:05+00:00,1.0772244640022392e-06
2024-10-05 09:00:12+00:00,1.7199441010754143e-06
2024-10-05 10:00:05+00:00,3.2136636274189943e-06
2024-10-05 11:00:14+00:00,3.500879752298806e-06
2024-10-05 12:00:05+00:00,4.178394466642446e-06
2024-10-05 13:00:06+00:00,4.562045819266915e-06
2024-10-05 14:00:08+00:00,2.9422817160121565e-06
2024-10-05 15:00:03+00:00,2.7944054631023986e-06
2024-10-05 16:00:00+00:00,3.0447721277230073e-06
2024-10-05 17:00:18+00:00,2.636689681319137e-06
2024-10-05 18:00:07+00:00,4.094023051600482e-06
2024-10-05 19:00:00+00:00,6.3968457471245405e-06
2024-10-05 20:00:00+00:00,8.286084220221475e-06
2024-10-05 21:00:09+00:00,2.376258064619513e-05
2024-10-05 22:00:03+00:00,3.293171159276784e-05
2024-10-05 23:00:01+00:00,3.847058147730864e-05
2024-10-06 00:00:06+00:00,3.5016853812801695e-05
2024-10-06 01:00:08+00:00,2.9848261832673706e-05
2024-10-06 02:00:03+00:00,2.9679363861243857e-05
2024-10-06 03:00:08+00:00,2.6987334574259578e-05
2024-10-06 04:00:10+00:00,2.6185405034481548e-05
2024-10-06 05:00:01+00:00,2.5389276847389137e-05
2024-10-06 06:00:04+00:00,2.209615771567259e-05
2024-10-06 07:00:06+00:00,2.125564720384344e-05
2024-10-06 08:00:06+00:00,2.1273009558197144e-05
2024-10-06 09:00:08+00:00,2.093745548461912e-05
2024-10-06 10:00:01+00:00,2.191668428760434e-05
2024-10-06 11:00:13+00:00,2.1960551543532308e-05
2024-10-06 12:00:03+00:00,2.2136921363104822e-05
2024-10-06 13:00:07+00:00,2.208936914164148e-05
2024-10-06 14:00:04+00:00,1.8950025388953513e-05
2024-10-06 15:00:00+00:00,1.5491725212049658e-05
2024-10-06 16:00:00+00:00,8.871958381708953e-06
2024-10-06 17:00:09+00:00,6.934823433569913e-06
2024-10-06 18:00:18+00:00,5.87588615013049e-06
2024-10-06 19:00:17+00:00,6.153943818772586e-06
2024-10-06 20:00:02+00:00,2.924427166436064e-06
2024-10-06 21:00:05+00:00,8.646160971972684e-09
2024-10-06 22:00:05+00:00,-5.305760730390521e-07
2024-10-06 23:00:00+00:00,3.3056813527212004e-06
2024-10-07 00:00:05+00:00,6.900311588799681e-06
2024-10-07 01:00:02+00:00,1.2874493956857799e-05
2024-10-07 02:00:00+00:00,1.1524468560452348e-05
2024-10-07 03:00:02+00:00,1.6739820681139217e-05
2024-10-07 04:00:06+00:00,1.7725541617193146e-05
2024-10-07 05:00:07+00:00,4.1955461511797813e-05
2024-10-07 06:00:00+00:00,5.385313773228403e-05
2024-10-07 07:00:16+00:00,5.649313076698311e-05
2024-10-07 08:00:00+00:00,5.6926149506303323e-05
2024-10-07 09:00:03+00:00,6.777719587528893e-05
2024-10-07 10:00:03+00:00,6.360769027928905e-05
2024-10-07 11:00:07+00:00,5.013325462880621e-05
2024-10-07 12:00:01+00:00,4.650175023105735e-05
2024-10-07 13:00:06+00:00,4.035714324860191e-05
2024-10-07 14:00:06+00:00,5.438701214987551e-05
2024-10-07 15:00:00+00:00,4.4768327602866224e-05
2024-10-07 16:00:04+00:00,2.6200801042752468e-05
2024-10-07 17:00:04+00:00,2.9231450444384244e-05
2024-10-07 18:00:03+00:00,3.448098933263888e-05
2024-10-07 19:00:01+00:00,4.0770919148449786e-05
2024-10-07 20:00:00+00:00,5.011812626078661e-05
2024-10-07 21:00:02+00:00,3.153255496109175e-05
2024-10-07 22:00:04+00:00,1.618675762496921e-05
2024-10-07 23:00:03+00:00,2.3145929160600436e-06
2024-10-08 00:00:10+00:00,-6.32264880646173e-07
2024-10-08 01:00:00+00:00,4.115768044907443e-06
2024-10-08 02:00:01+00:00,1.004007873458898e-05
2024-10-08 03:00:11+00:00,1.0844213903906948e-05
2024-10-08 04:00:08+00:00,9.087466422905088e-06
2024-10-08 05:00:10+00:00,8.717408654555839e-06
2024-10-08 06:00:00+00:00,8.70173296090152e-06
2024-10-08 07:00:00+00:00,9.258603406397533e-06
2024-10-08 08:00:06+00:00,6.5960248896458796e-06
2024-10-08 09:00:14+00:00,5.4921854820081995e-06
2024-10-08 10:00:25+00:00,5.147885527884178e-06
2024-10-08 11:00:10+00:00,4.586245467606289e-06
2024-10-08 12:00:06+00:00,3.33702134957436e-05
2024-10-08 13:00:05+00:00,3.714679237058359e-05
2024-10-08 14:00:01+00:00,2.7700477185989645e-05
2024-10-08 15:00:18+00:00,1.247782285087492e-05
2024-10-08 16:00:07+00:00,3.6805359521270343e-06
2024-10-08 17:00:04+00:00,3.3148973764955647e-06
2024-10-08 18:00:00+00:00,-2.09556712480044e-06
2024-10-08 19:00:04+00:00,-3.922795946036974e-06
2024-10-08 20:00:10+00:00,-9.606306511416242e-07
2024-10-08 21:00:04+00:00,2.474178463127088e-06
2024-10-08 22:00:07+00:00,3.881086307536619e-06
2024-10-08 23:00:07+00:00,2.1607029297045674e-06
2024-10-09 00:00:08+00:00,3.382875692185601e-06
2024-10-09 01:00:06+00:00,3.41932128372102e-06
2024-10-09 02:00:08+00:00,6.00641735966866e-06
2024-10-09 03:00:10+00:00,6.881220452149934e-06
2024-10-09 04:00:12+00:00,7.663146549730882e-06
2024-10-09 05:00:05+00:00,7.990047513266812e-06
2024-10-09 06:00:05+00:00,9.495953642353785e-06
2024-10-09 07:00:00+00:00,1.0902047578276571e-05
2024-10-09 08:00:01+00:00,1.11133545128383e-05
2024-10-09 09:00:03+00:00,1.0971405976179456e-05
2024-10-09 10:00:04+00:00,1.1733096980521193e-05
2024-10-09 11:00:08+00:00,1.1877998487277663e-05
2024-10-09 12:00:05+00:00,1.3182416092535647e-05
2024-10-09 13:00:52+00:00,1.2727900200990323e-05
2024-10-09 14:00:07+00:00,1.2322757400433998e-05
2024-10-09 15:00:02+00:00,1.0915477026124686e-05
2024-10-09 16:00:08+00:00,1.1256387094353017e-05
2024-10-09 17:00:04+00:00,1.0298045795458883e-05
2024-10-09 18:00:02+00:00,1.1580077956467817e-05
2024-10-09 19:00:12+00:00,1.048513932844864e-05
2024-10-09 20:00:02+00:00,7.447505402568167e-06
2024-10-09 21:00:04+00:00,5.559566873613285e-06
2024-10-09 22:00:01+00:00,1.3696548172173888e-05
2024-10-09 23:00:04+00:00,2.4013036195660007e-05
2024-10-10 00:00:09+00:00,2.4872703473820545e-05
2024-10-10 01:00:04+00:00,2.3498620389745033e-05
2024-10-10 02:00:07+00:00,3.3789862565050145e-05
2024-10-10 03:00:00+00:00,3.6054378480436225e-05
2024-10-10 04:00:10+00:00,3.2550486145151775e-05
2024-10-10 05:00:00+00:00,2.9535001441573394e-05
2024-10-10 06:00:01+00:00,2.8652619966106328e-05
2024-10-10 07:00:00+00:00,3.2194562966374266e-05
2024-10-10 08:00:06+00:00,2.5549163110093163e-05
2024-10-10 09:00:02+00:00,2.265668982758682e-05
2024-10-10 10:00:09+00:00,2.2684055272944443e-05
2024-10-10 11:00:08+00:00,2.9703176052464992e-05
2024-10-10 12:00:08+00:00,2.753768082300477e-05
2024-10-10 13:00:04+00:00,2.054977727684451e-05
2024-10-10 14:00:05+00:00,1.9251078624804383e-05
2024-10-10 15:00:04+00:00,1.5212515202825337e-05
2024-10-10 16:00:00+00:00,1.2911409677370497e-05
2024-10-10 17:00:11+00:00,1.0025684064305033e-05
2024-10-10 18:00:01+00:00,9.003566386709844e-06
2024-10-10 19:00:07+00:00,1.0941413295180134e-05
2024-10-10 20:00:07+00:00,1.0096361663949734e-05
2024-10-10 21:00:04+00:00,7.224460461103148e-06
2024-10-10 22:00:26+00:00,3.875130676531082e-06
2024-10-10 23:00:05+00:00,3.0791328703259077e-06
2024-10-11 00:00:03+00:00,4.904878787041936e-06
2024-10-11 01:00:00+00:00,6.886492918893455e-06
2024-10-11 02:00:00+00:00,1.3591757553328515e-05
2024-10-11 03:00:08+00:00,1.600496612562132e-05
2024-10-11 04:00:00+00:00,2.1843507850464387e-05
2024-10-11 05:00:07+00:00,1.9020104344117908e-05
2024-10-11 06:00:01+00:00,1.7580004473375613e-05
2024-10-11 07:00:04+00:00,1.8846371304566428e-05
2024-10-11 08:00:09+00:00,1.755848637271979e-05
2024-10-11 09:00:06+00:00,1.7929553713279116e-05
2024-10-11 10:00:03+00:00,2.423468499498714e-05
2024-10-11 11:00:01+00:00,2.1786054834426673e-05
2024-10-11 12:00:00+00:00,1.8319903824338538e-05
2024-10-11 13:00:07+00:00,1.969221336665572e-05
2024-10-11 14:00:08+00:00,2.0102594461738744e-05
2024-10-11 15:00:00+00:00,1.7702074243999587e-05
2024-10-11 16:00:00+00:00,2.6163258182485672e-05
2024-10-11 17:00:06+00:00,2.0759474674524573e-05
2024-10-11 18:00:05+00:00,1.8559290069471053e-05
2024-10-11 19:00:04+00:00,1.4614431865787188e-05
2024-10-11 20:00:03+00:00,2.1911913182130625e-05
2024-10-11 21:00:09+00:00,2.2877701025735374e-05
2024-10-11 22:00:08+00:00,2.4607073228478237e-05
2024-10-11 23:00:09+00:00,1.9229430382322918e-05
2024-10-12 00:00:11+00:00,1.596665742105079e-05
2024-10-12 01:00:03+00:00,1.6205549299619565e-05
2024-10-12 02:00:03+00:00,1.244708910135165e-05
2024-10-12 03:00:01+00:00,9.186689991925695e-06
2024-10-12 04:00:06+00:00,6.9764577850203285e-06
2024-10-12 05:00:05+00:00,5.800685987378899e-06
2024-10-12 06:00:00+00:00,5.14227286819289e-06
2024-10-12 07:00:00+00:00,4.3867736455079835e-06
2024-10-12 08:00:05+00:00,5.385017244658129e-06
2024-10-12 09:00:03+00:00,5.587572892257008e-06
2024-10-12 10:00:05+00:00,5.901086729313331e-06
2024-10-12 11:00:07+00:00,7.0411123291170485e-06
2024-10-12 12:00:05+00:00,7.669136812724416e-06
2024-10-12 13:00:03+00:00,9.60673433211877e-06
2024-10-12 14:00:01+00:00,1.0846327082318863e-05
2024-10-12 15:00:08+00:00,1.4386370866215597e-05
2024-10-12 16:00:17+00:00,1.2536206865131563e-05
2024-10-12 17:00:11+00:00,1.0188830711027156e-05
2024-10-12 18:00:30+00:00,9.798055923471354e-06
2024-10-12 19:00:02+00:00,1.1359192632959394e-05
2024-10-12 20:00:01+00:00,1.312953522202964e-05
2024-10-12 21:00:02+00:00,1.7050841112841253e-05
2024-10-12 22:00:07+00:00,2.168667374442295e-05
2024-10-12 23:00:08+00:00,2.482597299409007e-05
2024-10-13 00:00:01+00:00,2.6032723363872037e-05
2024-10-13 01:00:09+00:00,2.5482243180591174e-05
2024-10-13 02:00:11+00:00,2.5337537499529733e-05
2024-10-13 03:00:01+00:00,1.856977134237979e-05
2024-10-13 04:00:14+00:00,1.8901005708291157e-05
2024-10-13 05:00:02+00:00,1.8078573604264553e-05
2024-10-13 06:00:07+00:00,1.8172585162809312e-05
2024-10-13 07:00:06+00:00,1.7537681933319033e-05
2024-10-13 08:00:07+00:00,1.5546105864061857e-05
2024-10-13 09:00:03+00:00,1.5186978125793495e-05
2024-10-13 10:00:03+00:00,1.4900354242920363e-05
2024-10-13 11:00:04+00:00,1.424184100973022e-05
2024-10-13 12:00:11+00:00,1.3129877889379489e-05
2024-10-13 13:00:05+00:00,1.1704836222661072e-05
2024-10-13 14:00:04+00:00,1.2156105916601793e-05
2024-10-13 15:00:04+00:00,1.1000255028972956e-05
2024-10-13 16:00:01+00:00,1.064008485081739e-05
2024-10-13 17:00:06+00:00,1.2646977674730347e-05
2024-10-13 18:00:06+00:00,1.0902516978951151e-05
2024-10-13 19:00:00+00:00,9.756031823778521e-06
2024-10-13 20:00:03+00:00,9.899287204104767e-06
2024-10-13 21:00:13+00:00,9.376899541908024e-06
2024-10-13 22:00:02+00:00,9.897161497729276e-06
2024-10-13 23:00:07+00:00,1.2130069470001902e-05
2024-10-14 00:00:01+00:00,1.3053673699428948e-05
2024-10-14 01:00:00+00:00,1.2616065275947487e-05
2024-10-14 02:00:50+00:00,1.6109470445191193e-05
2024-10-14 03:00:06+00:00,1.2862900897610765e-05
2024-10-14 04:00:00+00:00,2.2750563008098283e-05
2024-10-14 05:00:02+00:00,1.8397947742252194e-05
2024-10-14 06:00:11+00:00,1.1142377364016847e-05
2024-10-14 07:00:08+00:00,1.2110054124550396e-05
2024-10-14 08:00:11+00:00,1.2551999098767557e-05
2024-10-14 09:00:08+00:00,1.1756298313729126e-05
2024-10-14 10:00:08+00:00,1.2365772323516485e-05
2024-10-14 11:00:01+00:00,1.1815281591023414e-05
2024-10-14 12:00:12+00:00,9.674660703873293e-06
2024-10-14 13:00:02+00:00,4.6210216340988985e-06
2024-10-14 14:00:02+00:00,4.361042322863471e-06
2024-10-14 15:00:02+00:00,7.2861672103304615e-06
2024-10-14 16:00:02+00:00,8.86960784859021e-06
2024-10-14 17:00:07+00:00,8.385193844718924e-06
2024-10-14 18:00:02+00:00,8.557429861224716e-06
2024-10-14 19:00:07+00:00,8.653892716311073e-06
2024-10-14 20:00:01+00:00,9.390108954143723e-06
2024-10-14 21:00:02+00:00,8.775197367359797e-06
2024-10-14 22:00:01+00:00,1.2464615579252231e-05
2024-10-14 23:00:04+00:00,2.7503255178552843e-05
2024-10-15 00:00:05+00:00,2.406203110889091e-05
2024-10-15 01:00:23+00:00,1.7786802309023978e-05
2024-10-15 02:00:07+00:00,5.28010753505768e-06
2024-10-15 03:00:02+00:00,-4.435136188835637e-07
2024-10-15 04:00:03+00:00,3.489308120067036e-06
2024-10-15 05:00:03+00:00,6.2170474320857376e-06
2024-10-15 06:00:13+00:00,5.0773161536850075e-06
2024-10-15 07:00:02+00:00,6.172056512476179e-07
2024-10-15 08:00:06+00:00,-2.009123395498624e-06
2024-10-15 09:00:09+00:00,-2.469677013926818e-06
2024-10-15 10:00:02+00:00,-3.408359710336064e-06
2024-10-15 11:00:04+00:00,-1.3163188873725236e-06
2024-10-15 12:00:06+00:00,1.4178349790896406e-06
2024-10-15 13:00:07+00:00,9.919612487887947e-06
2024-10-15 14:00:00+00:00,1.241950706323181e-05
2024-10-15 15:00:00+00:00,-1.5945637603929212e-05
2024-10-15 16:00:01+00:00,-1.1497400502932132e-06
2024-10-15 17:00:05+00:00,5.8523279383242935e-06
2024-10-15 18:00:08+00:00,6.7598625416231535e-06
2024-10-15 19:00:03+00:00,6.851574172048387e-06
2024-10-15 20:00:06+00:00,-2.9009087656219915e-06
2024-10-15 21:00:01+00:00,-1.3877694905855843e-05
2024-10-15 22:00:06+00:00,-1.4953697725368573e-05
2024-10-15 23:00:07+00:00,-6.80696902591819e-06
2024-10-16 00:00:01+00:00,-1.3639826916071437e-06
2024-10-16 01:00:02+00:00,4.412954379297208e-06
2024-10-16 02:00:04+00:00,8.41176688563659e-06
2024-10-16 03:00:05+00:00,8.778306355138618e-06
2024-10-16 04:00:07+00:00,5.775099359326323e-06
2024-10-16 05:00:05+00:00,9.955022648780504e-06
2024-10-16 06:00:01+00:00,1.2325230808367501e-05
2024-10-16 07:00:05+00:00,1.4556382788166322e-05
2024-10-16 08:00:00+00:00,1.4711503338522317e-05
2024-10-16 09:00:05+00:00,2.030160109472467e-05
2024-10-16 10:00:05+00:00,2.2088095496320784e-05
2024-10-16 11:00:00+00:00,2.4538444596179406e-05
2024-10-16 12:00:03+00:00,2.6977621590871652e-05
2024-10-16 13:00:02+00:00,1.7823994882447142e-05
2024-10-16 14:00:01+00:00,1.332831975268237e-05
2024-10-16 15:00:01+00:00,2.3182574280296554e-05
2024-10-16 16:00:00+00:00,1.83234930598433e-05
2024-10-16 17:00:05+00:00,1.5895297759666397e-05
2024-10-16 18:00:09+00:00,1.8179916953390676e-05
2024-10-16 19:00:15+00:00,1.6032941936146406e-05
2024-10-16 20:00:01+00:00,1.3695315753105566e-05
2024-10-16 21:00:04+00:00,2.0086046139614116e-05
2024-10-16 22:00:04+00:00,2.872397463706267e-05
2024-10-16 23:00:04+00:00,3.250970474393268e-05
2024-10-17 00:00:04+00:00,2.8292924588934274e-05
2024-10-17 01:00:06+00:00,2.5885403413480993e-05
2024-10-17 02:00:08+00:00,2.1078158190987308e-05
2024-10-17 03:00:06+00:00,1.8646503212221388e-05
2024-10-17 04:00:08+00:00,2.3702282167794607e-05
2024-10-17 05:00:08+00:00,2.694416362140843e-05
2024-10-17 06:00:07+00:00,3.945989552127768e-05
2024-10-17 07:00:04+00:00,4.3106473403372096e-05
2024-10-17 08:00:06+00:00,4.5470950287720784e-05
2024-10-17 09:00:19+00:00,4.0963318648095554e-05
2024-10-17 10:00:00+00:00,3.648103588488469e-05
2024-10-17 11:00:01+00:00,3.291424473663916e-05
2024-10-17 12:00:07+00:00,3.116248933184314e-05
2024-10-17 13:00:09+00:00,3.27926850685372e-05
2024-10-17 14:00:04+00:00,2.7184582651728323e-05
2024-10-17 15:00:00+00:00,2.1787890332932237e-05
2024-10-17 16:00:00+00:00,2.9114736283535527e-05
2024-10-17 17:00:07+00:00,2.9180416570763847e-05
2024-10-17 18:00:17+00:00,2.8382010030004757e-05
2024-10-17 19:00:00+00:00,2.0583457741621546e-05
2024-10-17 20:00:04+00:00,1.6576748675622052e-05
2024-10-17 21:00:03+00:00,1.8116205941383803e-05
2024-10-17 22:00:15+00:00,1.4732820460963912e-05
2024-10-17 23:00:11+00:00,1.756902961966623e-05
2024-10-18 00:00:13+00:00,1.860182165024753e-05
2024-10-18 01:00:06+00:00,2.034213267117663e-05
2024-10-18 02:00:01+00:00,2.9613915173303048e-05
2024-10-18 03:00:01+00:00,2.8360965501466987e-05
2024-10-18 04:00:03+00:00,2.4749676739904546e-05
2024-10-18 05:00:02+00:00,3.028723048281195e-05
2024-10-18 06:00:10+00:00,2.939560142855152e-05
2024-10-18 07:00:03+00:00,2.7897973106451004e-05
2024-10-18 08:00:18+00:00,2.1066296978034532e-05
2024-10-18 09:00:10+00:00,1.9003486073727564e-05
2024-10-18 10:00:01+00:00,2.1035201289086945e-05
2024-10-18 11:00:02+00:00,2.8503445444873412e-05
2024-10-18 12:00:01+00:00,2.8812862948880086e-05
2024-10-18 13:00:07+00:00,3.0261473867826716e-05
2024-10-18 14:00:08+00:00,3.083468864842791e-05
2024-10-18 15:00:05+00:00,2.6785870789859967e-05
2024-10-18 16:00:04+00:00,2.4716439175147195e-05
2024-10-18 17:00:07+00:00,2.2375303326353315e-05
2024-10-18 18:00:10+00:00,1.6571305286351304e-05
2024-10-18 19:00:02+00:00,1.992025805722958e-05
2024-10-18 20:00:00+00:00,1.7775834469056854e-05
2024-10-18 21:00:02+00:00,1.2012740225675417e-05
2024-10-18 22:00:09+00:00,-9.472536070014521e-07
2024-10-18 23:00:00+00:00,-2.7013961930589015e-06
2024-10-19 00:00:12+00:00,1.3443785652548725e-06
2024-10-19 01:00:06+00:00,1.3392639494144821e-05
2024-10-19 02:00:06+00:00,2.114835024760352e-05
2024-10-19 03:00:01+00:00,3.271936040501396e-05
2024-10-19 04:00:09+00:00,3.736484998207037e-05
2024-10-19 05:00:01+00:00,3.973267371632025e-05
2024-10-19 06:00:08+00:00,4.454236963097894e-05
2024-10-19 07:00:02+00:00,3.3201887510368165e-05
2024-10-19 08:00:04+00:00,2.8200423874825133e-05
2024-10-19 09:00:06+00:00,2.7703174121173082e-05
2024-10-19 10:00:08+00:00,2.4911226128226108e-05
2024-10-19 11:00:03+00:00,2.1972671519710988e-05
2024-10-19 12:00:01+00:00,1.3682060258103044e-05
2024-10-19 13:00:00+00:00,1.0329642798149824e-05
2024-10-19 14:00:07+00:00,1.1922553930206553e-05
2024-10-19 15:00:14+00:00,1.9232802651663245e-05
2024-10-19 16:00:32+00:00,1.7759168398150276e-05
2024-10-19 17:00:02+00:00,2.0066518633252973e-05
2024-10-19 18:00:15+00:00,3.1203361113043716e-05
2024-10-19 19:00:06+00:00,3.192947458559566e-05
2024-10-19 20:00:12+00:00,2.9882992825313284e-05
2024-10-19 21:00:03+00:00,3.376789230046954e-05
2024-10-19 22:00:36+00:00,4.003048237672077e-05
2024-10-19 23:00:02+00:00,4.053957565772193e-05
2024-10-20 00:00:09+00:00,3.437410869432724e-05
2024-10-20 01:00:02+00:00,5.376742356805656e-05
2024-10-20 02:00:11+00:00,8.040908692146736e-05
2024-10-20 03:00:06+00:00,8.338419842183719e-05
2024-10-20 04:00:11+00:00,7.60629891717206e-05
2024-10-20 05:00:00+00:00,6.300705951682188e-05
2024-10-20 06:00:02+00:00,5.1940434591392964e-05
2024-10-20 07:00:16+00:00,4.9263193436910884e-05
2024-10-20 08:00:14+00:00,3.7937886699056166e-05
2024-10-20 09:00:02+00:00,3.21829457401443e-05
2024-10-20 10:00:03+00:00,3.0198864055168263e-05
2024-10-20 11:00:04+00:00,3.0990692892140866e-05
2024-10-20 12:00:00+00:00,3.138920324073189e-05
2024-10-20 13:00:08+00:00,2.7146894884040968e-05
2024-10-20 14:00:00+00:00,3.267278304781547e-05
2024-10-20 15:00:12+00:00,3.9413270287978966e-05
2024-10-20 16:00:02+00:00,3.285587755157452e-05
2024-10-20 17:00:04+00:00,2.906207828478595e-05
2024-10-20 18:00:05+00:00,2.858600839110137e-05
2024-10-20 19:00:05+00:00,3.0841860246873306e-05
2024-10-20 20:00:07+00:00,2.4534554149099586e-05
2024-10-20 21:00:04+00:00,3.265326165697586e-05
2024-10-20 22:00:02+00:00,2.7963692344837886e-05
2024-10-20 23:00:08+00:00,2.947900920367797e-05
2024-10-21 00:00:03+00:00,2.5530262634439686e-05
2024-10-21 01:00:08+00:00,2.7105500878722042e-05
2024-10-21 02:00:06+00:00,2.959686557182868e-05
2024-10-21 03:00:09+00:00,2.50966027607746e-05
2024-10-21 04:00:04+00:00,2.4867327145193708e-05
2024-10-21 05:00:18+00:00,2.321339663167616e-05
2024-10-21 06:00:25+00:00,-4.609625766355576e-06
2024-10-21 07:00:12+00:00,-6.306055483771779e-06
2024-10-21 08:00:14+00:00,-8.265587702883556e-06
2024-10-21 09:00:07+00:00,-8.162580903496832e-06
2024-10-21 10:00:31+00:00,-9.780239782042767e-06
2024-10-21 11:00:07+00:00,5.5914236635063575e-06
2024-10-21 12:00:01+00:00,1.2323308275070961e-05
2024-10-21 13:00:06+00:00,1.9381401411213374e-05
2024-10-21 14:00:16+00:00,1.6747042147064848e-05
2024-10-21 15:00:03+00:00,2.1785417149414325e-05
2024-10-21 16:00:00+00:00,2.4092237329089218e-05
2024-10-21 17:00:00+00:00,3.323700472845059e-05
2024-10-21 18:00:24+00:00,3.4532712443100426e-05
2024-10-21 19:00:44+00:00,2.883932334691314e-05
2024-10-21 20:00:37+00:00,2.6504559184564093e-05
2024-10-21 21:00:24+00:00,2.9294770872553292e-05
2024-10-21 22:00:17+00:00,3.0508611528893594e-05
2024-10-21 23:00:10+00:00,2.9511366726108176e-05
2024-10-22 00:00:15+00:00,2.534969143544492e-05
2024-10-22 01:00:11+00:00,1.663250158570808e-05
2024-10-22 02:00:03+00:00,1.2471313089393483e-05
2024-10-22 03:00:02+00:00,1.470473580040211e-05
2024-10-22 04:00:06+00:00,1.686420351671936e-05
2024-10-22 05:00:13+00:00,1.680824397363952e-05
2024-10-22 06:00:16+00:00,1.9823633489038095e-05
2024-10-22 07:00:16+00:00,1.4658565682283656e-05
2024-10-22 08:00:10+00:00,1.0809448225714309e-05
2024-10-22 09:00:01+00:00,9.199026530064517e-06
2024-10-22 10:00:07+00:00,8.81298347278218e-06
2024-10-22 11:00:07+00:00,9.14623595160025e-06
2024-10-22 12:00:12+00:00,9.541143780315225e-06
2024-10-22 13:00:05+00:00,8.534811549390657e-06
2024-10-22 14:00:10+00:00,8.338717689283847e-06
2024-10-22 15:00:02+00:00,1.395829936200674e-05
2024-10-22 16:00:01+00:00,1.852727118784698e-05
2024-10-22 17:00:06+00:00,2.1878357826701344e-05
2024-10-22 18:00:06+00:00,3.183555164569608e-05
2024-10-22 19:00:14+00:00,3.821530181336439e-05
2024-10-22 20:00:03+00:00,4.010082898245944e-05
2024-10-22 21:00:09+00:00,3.724684117205223e-05
2024-10-22 22:00:05+00:00,3.337884501830559e-05
2024-10-22 23:00:05+00:00,3.6674112767975176e-05
2024-10-23 00:00:02+00:00,3.1920660046849085e-05
2024-10-23 01:00:16+00:00,2.811270744744947e-05
2024-10-23 02:00:00+00:00,3.1431536871099204e-05
2024-10-23 03:00:05+00:00,3.160162134167788e-05
2024-10-23 04:00:03+00:00,3.0645449097731614e-05
2024-10-23 05:00:02+00:00,3.454858516706183e-05
2024-10-23 06:00:09+00:00,3.204635823040321e-05
2024-10-23 07:00:07+00:00,3.307608097590124e-05
2024-10-23 08:00:15+00:00,2.663532988741302e-05
2024-10-23 09:00:08+00:00,2.118581442081826e-05
2024-10-23 10:00:10+00:00,3.2065290624807035e-05
2024-10-23 11:00:07+00:00,3.945161320368134e-05
2024-10-23 12:00:08+00:00,4.2816207077265936e-05
2024-10-23 13:00:10+00:00,3.313213372055288e-05
2024-10-23 14:00:08+00:00,4.093353257114967e-05
2024-10-23 15:00:04+00:00,4.43237621273741e-05
2024-10-23 16:00:11+00:00,4.5342264444913145e-05
2024-10-23 17:00:23+00:00,5.2165965181673144e-05
2024-10-23 18:00:00+00:00,6.010572241559334e-05
2024-10-23 19:00:00+00:00,6.654970370105121e-05
2024-10-23 20:00:06+00:00,7.156348420633832e-05
2024-10-23 21:00:05+00:00,6.577532949508554e-05
2024-10-23 22:00:05+00:00,4.655252206176575e-05
2024-10-23 23:00:00+00:00,4.475420230734698e-05
2024-10-24 00:00:11+00:00,4.128214156373284e-05
2024-10-24 01:00:00+00:00,3.855142315697292e-05
2024-10-24 02:00:07+00:00,3.289196829981775e-05
2024-10-24 03:00:02+00:00,3.022282378440781e-05
2024-10-24 04:00:14+00:00,2.4673005904655683e-05
2024-10-24 05:00:10+00:00,2.75299440832266e-05
2024-10-24 06:00:00+00:00,2.8967025980859397e-05
2024-10-24 07:00:04+00:00,3.221852370061411e-05
2024-10-24 08:00:16+00:00,2.914516504443282e-05
2024-10-24 09:00:10+00:00,2.621914780269744e-05
2024-10-24 10:00:05+00:00,3.2972819600098546e-05
2024-10-24 11:00:09+00:00,4.24238758816806e-05
2024-10-24 12:00:00+00:00,4.5571356736472015e-05
2024-10-24 13:00:00+00:00,3.941449153935517e-05
2024-10-24 14:00:02+00:00,4.418130952345792e-05
2024-10-24 15:00:05+00:00,3.470562971148599e-05
2024-10-24 16:00:01+00:00,2.783775089486408e-05
2024-10-24 17:00:12+00:00,1.7458479145939943e-05
2024-10-24 18:00:01+00:00,-5.763737513611465e-06
2024-10-24 19:00:08+00:00,-7.987256991756e-06
2024-10-24 20:00:05+00:00,1.7969900113860158e-06
2024-10-24 21:00:03+00:00,6.933634615021071e-06
2024-10-24 22:00:07+00:00,8.525420650051423e-06
2024-10-24 23:00:05+00:00,8.445589715763504e-06
2024-10-25 00:00:07+00:00,9.70925267522957e-06
2024-10-25 01:00:02+00:00,1.0141371893895936e-05
2024-10-25 02:00:01+00:00,8.72461191429829e-06
2024-10-25 03:00:09+00:00,7.511015351675703e-06
2024-10-25 04:00:07+00:00,5.789221435547895e-06
2024-10-25 05:00:04+00:00,3.874871769812351e-06
2024-10-25 06:00:05+00:00,3.7151147906611743e-06
2024-10-25 07:00:08+00:00,-4.1920891342946944e-06
2024-10-25 08:00:00+00:00,-1.0937671586834659e-05
2024-10-25 09:00:00+00:00,-1.0769207673457984e-05
2024-10-25 10:00:02+00:00,-1.0785662013379836e-05
2024-10-25 11:00:16+00:00,-7.172999599123581e-06
2024-10-25 12:00:17+00:00,2.5394109634570643e-06
2024-10-25 13:00:02+00:00,6.165762500080239e-06
2024-10-25 14:00:10+00:00,7.685137905102179e-06
2024-10-25 15:00:06+00:00,4.421906339972871e-06
2024-10-25 16:00:01+00:00,3.5673635276064687e-06
2024-10-25 17:00:08+00:00,2.095502215958179e-06
2024-10-25 18:00:02+00:00,3.7503343311248675e-06
2024-10-25 19:00:06+00:00,1.2359737288647848e-05
2024-10-25 20:00:03+00:00,4.8529707507192885e-06
2024-10-25 21:00:07+00:00,5.344979626313855e-06
2024-10-25 22:00:09+00:00,5.4600979967276415e-06
2024-10-25 23:00:07+00:00,2.5940758690642194e-06
2024-10-26 00:00:04+00:00,8.484387641813407e-06
2024-10-26 01:00:01+00:00,8.54670009082933e-06
2024-10-26 02:00:02+00:00,8.519549936649837e-06
2024-10-26 03:00:00+00:00,8.420962684784524e-06
2024-10-26 04:00:04+00:00,8.994648044217139e-06
2024-10-26 05:00:02+00:00,1.5137200891131114e-05
2024-10-26 06:00:00+00:00,2.3269467977958065e-05
2024-10-26 07:00:02+00:00,2.3049311352680677e-05
2024-10-26 08:00:09+00:00,2.4049124711533495e-05
2024-10-26 09:00:01+00:00,2.684308376114019e-05
2024-10-26 10:00:14+00:00,2.0425122140942632e-05
2024-10-26 11:00:00+00:00,1.8499196432370387e-05
2024-10-26 12:00:05+00:00,1.7398324700820967e-05
2024-10-26 13:00:04+00:00,1.581007940834675e-05
2024-10-26 14:00:08+00:00,1.4769837380846686e-05
2024-10-26 15:00:03+00:00,1.2898324468874516e-05
2024-10-26 16:00:11+00:00,1.4581312148506134e-05
2024-10-26 17:00:04+00:00,1.3720789880673341e-05
2024-10-26 18:00:04+00:00,1.2566303736948646e-05
2024-10-26 19:00:07+00:00,1.1046469635619216e-05
2024-10-26 20:00:05+00:00,1.1017436323783795e-05
2024-10-26 21:00:11+00:00,1.1104554633293935e-05
2024-10-26 22:00:00+00:00,1.0526262462985074e-05
2024-10-26 23:00:02+00:00,1.2756848678870808e-05
2024-10-27 00:00:20+00:00,1.401272906275253e-05
2024-10-27 01:00:07+00:00,1.3385513620548792e-05
2024-10-27 02:00:00+00:00,2.856793726944729e-06
2024-10-27 03:00:17+00:00,-1.3668375586487374e-05
2024-10-27 04:00:06+00:00,-1.1731649734524409e-05
2024-10-27 05:00:04+00:00,-1.0255380225221609e-05
2024-10-27 06:00:05+00:00,-6.1752874850655275e-06
2024-10-27 07:00:07+00:00,-2.8324258059828463e-06
2024-10-27 08:00:09+00:00,-1.2579565997564714e-06
2024-10-27 09:00:02+00:00,-5.622416000393089e-07
2024-10-27 10:00:01+00:00,2.3710767268528926e-07
2024-10-27 11:00:16+00:00,1.0047868570706273e-06
2024-10-27 12:00:01+00:00,5.071981858802498e-07
2024-10-27 13:00:04+00:00,3.282466422898551e-06
2024-10-27 14:00:02+00:00,6.813183083133109e-06
2024-10-27 15:00:07+00:00,9.07225351732182e-06
2024-10-27 16:00:08+00:00,9.456813451677659e-06
2024-10-27 17:00:12+00:00,9.095641986139834e-06
2024-10-27 18:00:01+00:00,1.0595540944819328e-05
2024-10-27 19:00:04+00:00,1.2364764491333518e-05
2024-10-27 20:00:19+00:00,1.2731921214221168e-05
2024-10-27 21:00:07+00:00,1.0604340043192035e-05
2024-10-27 22:00:08+00:00,1.2846595791412235e-05
2024-10-27 23:00:07+00:00,1.0782483455192547e-05
2024-10-28 00:00:51+00:00,1.1958452679894652e-05
2024-10-28 01:00:07+00:00,2.1289538090305378e-05
2024-10-28 02:00:18+00:00,2.316851672111712e-05
2024-10-28 03:00:07+00:00,2.2029817211973465e-05
2024-10-28 04:00:11+00:00,2.007464529967938e-05
2024-10-28 05:00:00+00:00,1.7610523421124913e-05
2024-10-28 06:00:07+00:00,1.5889964240485458e-05
2024-10-28 07:00:04+00:00,1.38357753696205e-05
2024-10-28 08:00:08+00:00,2.3961435993660144e-05
2024-10-28 09:00:17+00:00,1.5867045973950984e-05
2024-10-28 10:00:03+00:00,1.2577548724519439e-05
2024-10-28 11:00:03+00:00,9.629510447855046e-06
2024-10-28 12:00:05+00:00,9.066159982839987e-06
2024-10-28 13:00:11+00:00,1.0794541985602235e-05
2024-10-28 14:00:00+00:00,8.439316994266994e-06
2024-10-28 15:00:11+00:00,2.1201847504440608e-05
2024-10-28 16:00:00+00:00,3.5660991702146584e-05
2024-10-28 17:00:09+00:00,3.958008409145152e-05
2024-10-28 18:00:38+00:00,3.477245386551087e-05
2024-10-28 19:00:01+00:00,3.1516386842303105e-05
2024-10-28 20:00:12+00:00,2.439711745968255e-05
2024-10-28 21:00:05+00:00,1.4765937399102978e-05
2024-10-28 22:00:02+00:00,1.62366089371723e-05
2024-10-28 23:00:01+00:00,2.776916280479568e-05
2024-10-29 00:00:05+00:00,3.316440129047034e-05
2024-10-29 01:00:04+00:00,3.96471467756202e-05
2024-10-29 02:00:00+00:00,4.3804397035017245e-05
2024-10-29 03:00:00+00:00,4.6184437618282165e-05
2024-10-29 04:00:05+00:00,3.588901667726711e-05
2024-10-29 05:00:06+00:00,3.2934034877786836e-05
2024-10-29 06:00:04+00:00,2.8162177064069484e-05
2024-10-29 07:00:07+00:00,2.9290772114746985e-05
2024-10-29 08:00:23+00:00,2.7516641860633497e-05
2024-10-29 09:00:14+00:00,3.3788653760644527e-05
2024-10-29 10:00:03+00:00,4.1891215083749065e-05
2024-10-29 11:00:04+00:00,4.097662793804687e-05
2024-10-29 12:00:19+00:00,4.277969465446403e-05
2024-10-29 13:00:01+00:00,4.062881222117124e-05
2024-10-29 14:00:15+00:00,3.9393675272673574e-05
2024-10-29 15:00:34+00:00,2.332700759650603e-05
2024-10-29 16:00:03+00:00,2.435967919633467e-05
2024-10-29 17:00:04+00:00,5.434867947174807e-05
2024-10-29 18:00:09+00:00,5.47256796874478e-05
2024-10-29 19:00:15+00:00,5.2630405363047114e-05
2024-10-29 20:00:03+00:00,5.2640732386010525e-05
2024-10-29 21:00:13+00:00,3.798578202347198e-05
2024-10-29 22:00:02+00:00,4.69521518537801e-05
2024-10-29 23:00:03+00:00,6.195757249260203e-05
2024-10-30 00:00:08+00:00,6.106890789920027e-05
2024-10-30 01:00:04+00:00,6.737818522914549e-05
2024-10-30 02:00:02+00:00,6.0106425133630316e-05
2024-10-30 03:00:08+00:00,5.945454577679296e-05
2024-10-30 04:00:05+00:00,5.151549365694758e-05
2024-10-30 05:00:11+00:00,4.554494487643482e-05
2024-10-30 06:00:02+00:00,3.955069024501288e-05
2024-10-30 07:00:11+00:00,3.0911105002878926e-05
2024-10-30 08:00:04+00:00,2.877495717985912e-05
2024-10-30 09:00:05+00:00,2.202405597572933e-05
2024-10-30 10:00:28+00:00,2.4685371099574862e-05
2024-10-30 11:00:09+00:00,2.5721080425035013e-05
2024-10-30 12:00:04+00:00,2.561980638119293e-05
2024-10-30 13:00:16+00:00,2.724196346197917e-05
2024-10-30 14:00:10+00:00,2.7961850899029448e-05
2024-10-30 15:00:07+00:00,4.131244916448547e-05
2024-10-30 16:00:00+00:00,6.648345160277229e-05
2024-10-30 17:00:08+00:00,7.216781852394455e-05
2024-10-30 18:00:07+00:00,7.580910936027957e-05
2024-10-30 19:00:09+00:00,6.844808468006135e-05
2024-10-30 20:00:15+00:00,6.491900858508325e-05
2024-10-30 21:00:06+00:00,6.863598812085162e-05
2024-10-30 22:00:02+00:00,5.858526616814637e-05
2024-10-30 23:00:00+00:00,7.446758015085215e-05
2024-10-31 00:00:00+00:00,8.213501226355515e-05
2024-10-31 01:00:03+00:00,8.454259252958989e-05
2024-10-31 02:00:23+00:00,7.524217242399759e-05
2024-10-31 03:00:04+00:00,6.696273941882864e-05
2024-10-31 04:00:11+00:00,6.707167733539698e-05
2024-10-31 05:00:00+00:00,5.779443768627737e-05
2024-10-31 06:00:00+00:00,5.124348137862266e-05
2024-10-31 07:00:09+00:00,4.168687365256564e-05
2024-10-31 08:00:03+00:00,3.406814360168054e-05
2024-10-31 09:00:09+00:00,3.4912912969769724e-05
2024-10-31 10:00:09+00:00,3.337198013035423e-05
2024-10-31 11:00:05+00:00,3.5221476342593354e-05
2024-10-31 12:00:04+00:00,3.105641755299552e-05
2024-10-31 13:00:09+00:00,2.778482123175093e-05
2024-10-31 14:00:05+00:00,2.503201720940042e-05
2024-10-31 15:00:03+00:00,1.813203975876001e-05
2024-10-31 16:00:04+00:00,2.7862489091692173e-05
2024-10-31 17:00:07+00:00,3.528851669135921e-05
2024-10-31 18:00:11+00:00,3.903908550862406e-05
2024-10-31 19:00:14+00:00,3.183241103642856e-05
2024-10-31 20:00:00+00:00,3.794047733093465e-05
2024-10-31 21:00:03+00:00,5.0499380772416275e-05
2024-10-31 22:00:07+00:00,5.9849763427735805e-05
2024-10-31 23:00:25+00:00,6.800019322224632e-05
2024-11-01 00:00:02+00:00,7.071162141700906e-05
2024-11-01 01:00:07+00:00,6.487487059958441e-05
2024-11-01 02:00:09+00:00,4.7597427111936685e-05
2024-11-01 03:00:15+00:00,6.176628277225551e-05
2024-11-01 04:00:06+00:00,7.956250134398856e-05
2024-11-01 05:00:02+00:00,7.350698351933411e-05
2024-11-01 06:00:09+00:00,7.881441349111694e-05
2024-11-01 07:00:09+00:00,7.84083727521031e-05
2024-11-01 08:00:06+00:00,6.688373016577921e-05
2024-11-01 09:00:06+00:00,5.143555932901965e-05
2024-11-01 10:00:04+00:00,5.156112400250036e-05
2024-11-01 11:00:07+00:00,5.3089625920595735e-05
2024-11-01 12:00:08+00:00,5.766793207299473e-05
2024-11-01 13:00:02+00:00,4.9922221710426115e-05
2024-11-01 14:00:07+00:00,5.8470859897041865e-05
2024-11-01 15:00:05+00:00,5.1051115679004105e-05
2024-11-01 16:00:05+00:00,3.4259126330253264e-05
2024-11-01 17:00:00+00:00,3.0433299979259367e-05
2024-11-01 18:00:06+00:00,1.9223916580291082e-05
2024-11-01 19:00:00+00:00,1.5810976628119622e-05
2024-11-01 20:00:12+00:00,1.7377285090341698e-05
2024-11-01 21:00:04+00:00,2.0427597861844127e-05
2024-11-01 22:00:01+00:00,1.915599082701649e-05
2024-11-01 23:00:00+00:00,2.6931299338174927e-05
2024-11-02 00:00:03+00:00,4.0124346208951926e-05
2024-11-02 01:00:04+00:00,4.193971963760563e-05
2024-11-02 02:00:05+00:00,3.530847199859923e-05
2024-11-02 03:00:09+00:00,3.471341712214138e-05
2024-11-02 04:00:06+00:00,3.265943321863707e-05
2024-11-02 05:00:03+00:00,2.792401055466495e-05
2024-11-02 06:00:01+00:00,2.7605397432775025e-05
2024-11-02 07:00:11+00:00,2.5664243809731254e-05
2024-11-02 08:00:01+00:00,2.6863771070261277e-05
2024-11-02 09:00:00+00:00,2.3234406709886355e-05
2024-11-02 10:00:04+00:00,2.091954220540871e-05
2024-11-02 11:00:09+00:00,1.9840310024699848e-05
2024-11-02 12:00:03+00:00,1.7917546396617694e-05
2024-11-02 13:00:08+00:00,1.5967554296227744e-05
2024-11-02 14:00:07+00:00,1.7432603929075628e-05
2024-11-02 15:00:04+00:00,1.8332678634311147e-05
2024-11-02 16:00:00+00:00,1.7743729667250743e-05
2024-11-02 17:00:03+00:00,2.18365553912483e-05
2024-11-02 18:00:07+00:00,2.621505163742685e-05
2024-11-02 19:00:12+00:00,2.8740694301054254e-05
2024-11-02 20:00:04+00:00,3.947974733825885e-05
2024-11-02 21:00:00+00:00,6.07600180207014e-05
2024-11-02 22:00:07+00:00,7.010318252257709e-05
2024-11-02 23:00:07+00:00,7.254974241136021e-05
2024-11-03 00:00:01+00:00,7.44035816167457e-05
2024-11-03 01:00:09+00:00,6.408806536919155e-05
2024-11-03 02:00:04+00:00,4.990834738090743e-05
2024-11-03 03:00:07+00:00,4.235229296034837e-05
2024-11-03 04:00:06+00:00,3.136418599821182e-05
2024-11-03 05:00:10+00:00,3.025265200635132e-05
2024-11-03 06:00:07+00:00,2.3765262974959222e-05
2024-11-03 07:00:03+00:00,2.3817027153533002e-05
2024-11-03 08:00:09+00:00,2.0412131253076635e-05
2024-11-03 09:00:00+00:00,2.5288925285169718e-05
2024-11-03 10:00:06+00:00,2.4150994332853567e-05
2024-11-03 11:00:09+00:00,2.631480555792011e-05
2024-11-03 12:00:04+00:00,2.0772619085659826e-05
2024-11-03 13:00:07+00:00,2.079460211067469e-05
2024-11-03 14:00:04+00:00,1.7321941281972745e-05
2024-11-03 15:00:20+00:00,1.3159941389193013e-05
2024-11-03 16:00:09+00:00,1.2708661273724578e-05
2024-11-03 17:00:15+00:00,1.3613560342695141e-05
2024-11-03 18:00:08+00:00,1.6658012218080818e-05
2024-11-03 19:00:10+00:00,2.4961065808325952e-05
2024-11-03 20:00:05+00:00,3.842179953039019e-05
2024-11-03 21:00:02+00:00,3.887053233024843e-05
2024-11-03 22:00:05+00:00,3.594156508144182e-05
2024-11-03 23:00:04+00:00,2.9135644078133148e-05
2024-11-04 00:00:10+00:00,2.5248089473954412e-05
2024-11-04 01:00:08+00:00,2.1916340160192465e-05
2024-11-04 02:00:00+00:00,2.127856590177057e-05
2024-11-04 03:00:07+00:00,2.1202641047647407e-05
2024-11-04 04:00:02+00:00,1.6881561562680254e-05
2024-11-04 05:00:04+00:00,1.8236832087015155e-05
2024-11-04 06:00:00+00:00,1.483660791109427e-05
2024-11-04 07:00:16+00:00,1.4776915418452335e-05
2024-11-04 08:00:09+00:00,1.1948026615612276e-05
2024-11-04 09:00:00+00:00,1.5556733630486396e-05
2024-11-04 10:00:05+00:00,1.526976530230231e-05
2024-11-04 11:00:11+00:00,1.788593925778415e-05
2024-11-04 12:00:02+00:00,1.504071695180912e-05
2024-11-04 13:00:02+00:00,1.57234361257342e-05
2024-11-04 14:00:08+00:00,1.4708734062000277e-05
2024-11-04 15:00:03+00:00,1.2719154728313495e-05
2024-11-04 16:00:02+00:00,1.1587745593782785e-05
2024-11-04 17:00:03+00:00,1.0322386126081648e-05
2024-11-04 18:00:01+00:00,1.8096452340693515e-05
2024-11-04 19:00:13+00:00,2.3233649575521725e-05
2024-11-04 20:00:04+00:00,2.599287432489443e-05
2024-11-04 21:00:00+00:00,2.1132816020065745e-05
2024-11-04 22:00:08+00:00,1.8028801247388575e-05
2024-11-04 23:00:02+00:00,1.703852644586048e-05
2024-11-05 00:00:14+00:00,1.4733932055298123e-05
2024-11-05 01:00:00+00:00,1.7014205635683557e-05
2024-11-05 02:00:00+00:00,1.4695003306824472e-05
2024-11-05 03:00:06+00:00,1.4809533531022811e-05
2024-11-05 04:00:04+00:00,1.7554595412048934e-05
2024-11-05 05:00:04+00:00,1.932280921632816e-05
2024-11-05 06:00:21+00:00,2.017920811344748e-05
2024-11-05 07:00:00+00:00,1.726576063819939e-05
2024-11-05 08:00:02+00:00,1.9534806263265576e-05
2024-11-05 09:00:02+00:00,2.1320134788823236e-05
2024-11-05 10:00:05+00:00,1.9565845496380956e-05
2024-11-05 11:00:16+00:00,2.0355809423918337e-05
2024-11-05 12:00:08+00:00,2.7121040507871007e-05
2024-11-05 13:00:00+00:00,2.4978450420640175e-05
2024-11-05 14:00:02+00:00,2.4784786832721044e-05
2024-11-05 15:00:10+00:00,3.993060908172505e-05
2024-11-05 16:00:06+00:00,3.088376899369409e-05
2024-11-05 17:00:04+00:00,3.493831981954492e-05
2024-11-05 18:00:00+00:00,2.7769207795633173e-05
2024-11-05 19:00:06+00:00,2.5337649306325996e-05
2024-11-05 20:00:14+00:00,1.6918798465853185e-05
2024-11-05 21:00:04+00:00,1.7754517058535432e-05
2024-11-05 22:00:01+00:00,1.4129842534342854e-05
2024-11-05 23:00:00+00:00,1.5255257999595299e-05
2024-11-06 00:00:12+00:00,1.5134261614345365e-05
2024-11-06 01:00:00+00:00,2.8939481808650223e-05
2024-11-06 02:00:05+00:00,2.0007255959729377e-05
2024-11-06 03:00:02+00:00,2.143311613245416e-05
2024-11-06 04:00:21+00:00,4.324989824607062e-05
2024-11-06 05:00:01+00:00,4.69045582241435e-05
2024-11-06 06:00:00+00:00,7.60484416976812e-05
2024-11-06 07:00:29+00:00,6.842478385059548e-05
2024-11-06 08:00:04+00:00,3.3585298694587555e-05
2024-11-06 09:00:00+00:00,1.0564112637463876e-05
2024-11-06 10:00:06+00:00,9.39498208699022e-06
2024-11-06 11:00:30+00:00,9.881017873578505e-06
2024-11-06 12:00:08+00:00,1.290652624036572e-05
2024-11-06 13:00:08+00:00,1.430763741945243e-05
2024-11-06 14:00:02+00:00,1.790995416842489e-05
2024-11-06 15:00:03+00:00,2.242588284599301e-05
2024-11-06 16:00:05+00:00,2.2604255263293852e-05
2024-11-06 17:00:18+00:00,2.5117591529203035e-05
2024-11-06 18:00:20+00:00,2.7483404617671763e-05
2024-11-06 19:00:12+00:00,2.7372239925535444e-05
2024-11-06 20:00:03+00:00,2.666457329590738e-05
2024-11-06 21:00:00+00:00,2.060299179396345e-05
2024-11-06 22:00:00+00:00,1.5565434862483226e-05
2024-11-06 23:00:14+00:00,1.4280053857776476e-05
2024-11-07 00:00:11+00:00,1.2172685870612181e-05
2024-11-07 01:00:04+00:00,1.300672794555387e-05
2024-11-07 02:00:03+00:00,-8.140220646391976e-06
2024-11-07 03:00:06+00:00,-7.910416838880797e-06
2024-11-07 04:00:02+00:00,1.4997144123643764e-05
2024-11-07 05:00:02+00:00,3.192145182687056e-05
2024-11-07 06:00:05+00:00,4.364483074162398e-05
2024-11-07 07:00:01+00:00,4.292085441830423e-05
2024-11-07 08:00:04+00:00,4.2849252469869124e-05
2024-11-07 09:00:05+00:00,4.070700750585884e-05
2024-11-07 10:00:05+00:00,3.737357829137463e-05
2024-11-07 11:00:05+00:00,3.764577031027794e-05
2024-11-07 12:00:01+00:00,3.6139859000175286e-05
2024-11-07 13:00:03+00:00,4.0145937974909145e-05
2024-11-07 14:00:04+00:00,4.6430137409107626e-05
2024-11-07 15:00:03+00:00,4.3116492000156584e-05
2024-11-07 16:00:08+00:00,4.656116191600646e-05
2024-11-07 17:00:05+00:00,3.752523590892178e-05
2024-11-07 18:00:04+00:00,3.4339203225021214e-05
2024-11-07 19:00:06+00:00,3.236838564997162e-05
2024-11-07 20:00:01+00:00,2.6300314046174983e-05
2024-11-07 21:00:02+00:00,2.2470479824939313e-05
2024-11-07 22:00:20+00:00,1.976132657533346e-05
2024-11-07 23:00:01+00:00,1.2783311867629868e-05
2024-11-08 00:00:02+00:00,1.89386721162548e-05
2024-11-08 01:00:01+00:00,2.181922174946396e-05
2024-11-08 02:00:11+00:00,1.6563866414378705e-05
2024-11-08 03:00:12+00:00,1.3730053123063207e-05
2024-11-08 04:00:04+00:00,3.230401581752498e-05
2024-11-08 05:00:03+00:00,4.468282160401702e-05
2024-11-08 06:00:00+00:00,5.1026112076319886e-05
2024-11-08 07:00:05+00:00,5.037467646465147e-05
2024-11-08 08:00:05+00:00,4.9968858970155604e-05
2024-11-08 09:00:03+00:00,4.3878373587569404e-05
2024-11-08 10:00:06+00:00,4.3968525757329305e-05
2024-11-08 11:00:02+00:00,4.559226396973326e-05
2024-11-08 12:00:03+00:00,4.6824122208593144e-05
2024-11-08 13:00:08+00:00,4.95904225156441e-05
2024-11-08 14:00:00+00:00,4.876806159420175e-05
2024-11-08 15:00:10+00:00,4.8624886433633196e-05
2024-11-08 16:00:08+00:00,5.2149509083564534e-05
2024-11-08 17:00:14+00:00,4.5420811265686074e-05
2024-11-08 18:00:04+00:00,4.3610258991300774e-05
2024-11-08 19:00:00+00:00,4.2845534241114455e-05
2024-11-08 20:00:03+00:00,3.850695470660919e-05
2024-11-08 21:00:00+00:00,2.918812950089937e-05
2024-11-08 22:00:03+00:00,2.147410580101295e-05
2024-11-08 23:00:04+00:00,1.769959190219154e-05
2024-11-09 00:00:09+00:00,1.608497287079862e-05
2024-11-09 01:00:07+00:00,1.8395463119376943e-05
2024-11-09 02:00:03+00:00,1.7689071572184455e-05
2024-11-09 03:00:08+00:00,2.0181741220765276e-05
2024-11-09 04:00:10+00:00,2.1923281205345457e-05
2024-11-09 05:00:00+00:00,2.8021718829365943e-05
2024-11-09 06:00:04+00:00,3.4820371179695014e-05
2024-11-09 07:00:07+00:00,4.064510530119235e-05
2024-11-09 08:00:10+00:00,4.148088863548065e-05
2024-11-09 09:00:03+00:00,4.333814463643669e-05
2024-11-09 10:00:05+00:00,6.172481400559708e-05
2024-11-09 11:00:10+00:00,6.131553337145634e-05
2024-11-09 12:00:05+00:00,5.232962657197551e-05
2024-11-09 13:00:04+00:00,3.9995754162243755e-05
2024-11-09 14:00:05+00:00,3.5884872417042095e-05
2024-11-09 15:00:03+00:00,3.039960851748607e-05
2024-11-09 16:00:06+00:00,2.1190267195994353e-05
2024-11-09 17:00:01+00:00,1.3399462555331177e-05
2024-11-09 18:00:09+00:00,1.4602942294391046e-05
2024-11-09 19:00:03+00:00,2.1218440882548235e-05
2024-11-09 20:00:11+00:00,2.1147339269527734e-05
2024-11-09 21:00:02+00:00,2.5066943476307263e-05
2024-11-09 22:00:00+00:00,2.4667556305302516e-05
2024-11-09 23:00:06+00:00,2.8768226215800157e-05
2024-11-10 00:00:06+00:00,4.514649307779393e-05
2024-11-10 01:00:03+00:00,4.268238602333821e-05
2024-11-10 02:00:04+00:00,1.8765137557238374e-05
2024-11-10 03:00:01+00:00,6.807037879241766e-06
2024-11-10 04:00:01+00:00,6.749148058687845e-06
2024-11-10 05:00:01+00:00,2.609949315118282e-05
2024-11-10 06:00:03+00:00,2.6244622028608697e-05
2024-11-10 07:00:05+00:00,1.8483729059712553e-05
2024-11-10 08:00:00+00:00,2.474117410696802e-05
2024-11-10 09:00:07+00:00,2.831670312852318e-05
2024-11-10 10:00:07+00:00,2.8434038316518177e-05
2024-11-10 11:00:01+00:00,4.168985176751823e-05
2024-11-10 12:00:02+00:00,5.1955180905132555e-05
2024-11-10 13:00:05+00:00,4.8285753456790295e-05
2024-11-10 14:00:00+00:00,4.950048319399236e-05
2024-11-10 15:00:07+00:00,4.7033104250369244e-05
2024-11-10 16:00:06+00:00,5.125511283595545e-05
2024-11-10 17:00:09+00:00,4.228514757992364e-05
2024-11-10 18:00:14+00:00,5.031375182990507e-05
2024-11-10 19:00:05+00:00,5.1108706039033776e-05
2024-11-10 20:00:00+00:00,3.742721129697257e-05
2024-11-10 21:00:02+00:00,3.4452714621245745e-05
2024-11-10 22:00:14+00:00,5.083416281871404e-05
2024-11-10 23:00:05+00:00,7.956807575832918e-05
2024-11-11 00:00:09+00:00,5.977796153192407e-05
2024-11-11 01:00:00+00:00,5.9974029310256234e-05
2024-11-11 02:00:08+00:00,6.765862428455997e-05
2024-11-11 03:00:01+00:00,6.313250676386848e-05
2024-11-11 04:00:02+00:00,5.468968529334275e-05
2024-11-11 05:00:03+00:00,5.1397676372302394e-05
2024-11-11 06:00:02+00:00,6.539498858530265e-05
2024-11-11 07:00:16+00:00,5.905878831665646e-05
2024-11-11 08:00:02+00:00,3.9095360045662925e-05
2024-11-11 09:00:06+00:00,3.1809206245319705e-05
2024-11-11 10:00:08+00:00,3.173798329266272e-05
2024-11-11 11:00:39+00:00,2.5812243706738444e-05
2024-11-11 12:00:09+00:00,1.7692988227946892e-05
2024-11-11 13:00:25+00:00,6.054702310668699e-06
2024-11-11 14:00:00+00:00,1.3977684623801274e-05
2024-11-11 15:00:01+00:00,2.125905791200529e-05
2024-11-11 16:00:06+00:00,4.142911162155945e-05
2024-11-11 17:00:03+00:00,4.254989011013293e-05
2024-11-11 18:00:09+00:00,4.236525103532014e-05
2024-11-11 19:00:00+00:00,4.269346718808234e-05
2024-11-11 20:00:02+00:00,4.7324583043668104e-05
2024-11-11 21:00:02+00:00,5.300251367749742e-05
2024-11-11 22:00:05+00:00,5.441082701752157e-05
2024-11-11 23:00:08+00:00,4.0249688289814785e-05
2024-11-12 00:00:00+00:00,5.12271528734913e-05
2024-11-12 01:00:02+00:00,5.432419283941567e-05
2024-11-12 02:00:00+00:00,7.031660369524819e-05
2024-11-12 03:00:03+00:00,7.611943808527935e-05
2024-11-12 04:00:01+00:00,6.31828451502985e-05
2024-11-12 05:00:06+00:00,7.212825721857585e-05
2024-11-12 06:00:10+00:00,5.7361456141348395e-05
2024-11-12 07:00:02+00:00,0.00010863156314184118
2024-11-12 08:00:09+00:00,9.302037105822886e-05
2024-11-12 09:00:00+00:00,0.00010058399510821974
2024-11-12 10:00:08+00:00,0.00013363382351467632
2024-11-12 11:00:02+00:00,0.00014110542787315947
2024-11-12 12:00:17+00:00,9.646313674230255e-05
2024-11-12 13:00:09+00:00,7.955314262505981e-05
2024-11-12 14:00:10+00:00,9.837303057744333e-05
2024-11-12 15:00:01+00:00,0.00014653269140054123
2024-11-12 16:00:06+00:00,0.00015693989911265576
2024-11-12 17:00:00+00:00,0.00013629899071716074
2024-11-12 18:00:08+00:00,0.0001327405967127654
2024-11-12 19:00:10+00:00,0.0001433612575737927
2024-11-12 20:00:06+00:00,9.704355024193914e-05
2024-11-12 21:00:03+00:00,3.9608321384996596e-05
2024-11-12 22:00:44+00:00,2.0675713583223382e-05
2024-11-12 23:00:00+00:00,2.1907824333871402e-05
2024-11-13 00:00:16+00:00,2.2338788726735296e-05
2024-11-13 01:00:14+00:00,2.3783234660889925e-05
2024-11-13 02:00:05+00:00,2.216637663932563e-05
2024-11-13 03:00:31+00:00,2.043419938819954e-05
2024-11-13 04:00:05+00:00,2.2235035057985177e-05
2024-11-13 05:00:01+00:00,2.544531040279584e-05
2024-11-13 06:00:03+00:00,3.066537405540981e-05
2024-11-13 07:00:04+00:00,3.537468174255524e-05
2024-11-13 08:00:04+00:00,3.687783169048279e-05
2024-11-13 09:00:02+00:00,3.5782750548226993e-05
2024-11-13 10:00:01+00:00,4.1966732122479894e-05
2024-11-13 11:00:01+00:00,5.146499024769007e-05
2024-11-13 12:00:00+00:00,6.496071645005754e-05
2024-11-13 13:00:05+00:00,7.036266290319134e-05
2024-11-13 14:00:00+00:00,8.802348026900562e-05
2024-11-13 15:00:02+00:00,0.000107915787832794
2024-11-13 16:00:03+00:00,0.00010248161362601079
2024-11-13 17:00:04+00:00,8.29636376163768e-05
2024-11-13 18:00:00+00:00,6.81258947354858e-05
2024-11-13 19:00:00+00:00,5.71527915050998e-05
2024-11-13 20:00:00+00:00,4.704101514881348e-05
2024-11-13 21:00:04+00:00,3.2375069531726216e-05
2024-11-13 22:00:07+00:00,2.3860076254166944e-05
2024-11-13 23:00:12+00:00,2.433042174703394e-05
2024-11-14 00:00:24+00:00,3.176546893008896e-05
2024-11-14 01:00:12+00:00,2.9201211774594233e-05
2024-11-14 02:00:23+00:00,3.426477005631434e-05
2024-11-14 03:00:01+00:00,3.607108679076331e-05
2024-11-14 04:00:19+00:00,3.306220379421481e-05
2024-11-14 05:00:10+00:00,3.486851750046415e-05
2024-11-14 06:00:06+00:00,4.2826312682268735e-05
2024-11-14 07:00:03+00:00,5.1162105359573756e-05
2024-11-14 08:00:06+00:00,6.866423721238466e-05
2024-11-14 09:00:01+00:00,7.09684205941942e-05
2024-11-14 10:00:09+00:00,5.82885763803811e-05
2024-11-14 11:00:08+00:00,6.354852797962821e-05
2024-11-14 12:00:03+00:00,6.055101919806162e-05
2024-11-14 13:00:12+00:00,5.5783492545612556e-05
2024-11-14 14:00:01+00:00,5.33332752565765e-05
2024-11-14 15:00:00+00:00,6.837487333369228e-05
2024-11-14 16:00:00+00:00,8.999627953918542e-05
2024-11-14 17:00:03+00:00,8.200982737860861e-05
2024-11-14 18:00:01+00:00,7.954886533063587e-05
2024-11-14 19:00:09+00:00,7.511738349094856e-05
2024-11-14 20:00:02+00:00,7.353735379259457e-05
2024-11-14 21:00:05+00:00,9.44758417069165e-05
2024-11-14 22:00:44+00:00,6.992753298262827e-05
2024-11-14 23:00:30+00:00,6.497697243844014e-05
2024-11-15 00:00:24+00:00,7.822408046207193e-05
2024-11-15 01:00:03+00:00,7.957905910368403e-05
2024-11-15 02:00:04+00:00,8.036525350249721e-05
2024-11-15 03:00:05+00:00,7.92820643807693e-05
2024-11-15 04:00:10+00:00,7.424074019517503e-05
2024-11-15 05:00:10+00:00,8.759146972759159e-05
2024-11-15 06:00:07+00:00,8.17282041829485e-05
2024-11-15 07:00:08+00:00,7.638417561228416e-05
2024-11-15 08:00:06+00:00,6.837783059790325e-05
2024-11-15 09:00:07+00:00,6.79067034316233e-05
2024-11-15 10:00:04+00:00,7.182665318042822e-05
2024-11-15 11:00:01+00:00,5.9549971465181806e-05
2024-11-15 12:00:00+00:00,4.688996813948734e-05
2024-11-15 13:00:04+00:00,5.135100211594711e-05
2024-11-15 14:00:04+00:00,5.01181410142417e-05
2024-11-15 15:00:00+00:00,4.602518255456913e-05
2024-11-15 16:00:25+00:00,5.2723351020986085e-05
2024-11-15 17:00:03+00:00,4.990799329322733e-05
2024-11-15 18:00:00+00:00,4.131451763628521e-05
2024-11-15 19:00:38+00:00,3.213856222798748e-05
2024-11-15 20:00:07+00:00,2.9579911424849285e-05
2024-11-15 21:00:11+00:00,3.5438849927602997e-05
2024-11-15 22:00:46+00:00,2.5812535998372086e-05
2024-11-15 23:00:09+00:00,2.29080970448244e-05
2024-11-16 00:00:02+00:00,3.07767258121581e-05
2024-11-16 01:00:06+00:00,2.973726706771549e-05
2024-11-16 02:00:04+00:00,3.403873910802882e-05
2024-11-16 03:00:01+00:00,3.354470676886505e-05
2024-11-16 04:00:04+00:00,2.6708959928229115e-05
2024-11-16 05:00:02+00:00,2.4991617549437187e-05
2024-11-16 06:00:06+00:00,2.514570219677062e-05
2024-11-16 07:00:00+00:00,2.8578304597545144e-05
2024-11-16 08:00:00+00:00,4.5572512053306444e-05
2024-11-16 09:00:06+00:00,5.542838829320349e-05
2024-11-16 10:00:00+00:00,5.34820498902794e-05
2024-11-16 11:00:00+00:00,5.459869154954628e-05
2024-11-16 12:00:03+00:00,5.271580893268535e-05
2024-11-16 13:00:00+00:00,4.8425810779107546e-05
2024-11-16 14:00:07+00:00,4.8907728249260217e-05
2024-11-16 15:00:00+00:00,4.994192261421228e-05
2024-11-16 16:00:08+00:00,4.0872823032515036e-05
2024-11-16 17:00:18+00:00,3.649515304656367e-05
2024-11-16 18:00:03+00:00,3.67668512451902e-05
2024-11-16 19:00:06+00:00,3.844793335263549e-05
2024-11-16 20:00:02+00:00,3.361799329442107e-05
2024-11-16 21:00:03+00:00,3.347750012667758e-05
2024-11-16 22:00:01+00:00,3.862136956204956e-05
2024-11-16 23:00:00+00:00,3.929234241319589e-05
2024-11-17 00:00:06+00:00,3.998961762679526e-05
2024-11-17 01:00:04+00:00,3.987561915086955e-05
2024-11-17 02:00:09+00:00,3.528237150072634e-05
2024-11-17 03:00:07+00:00,3.2492734668807065e-05
2024-11-17 04:00:00+00:00,3.494678573526978e-05
2024-11-17 05:00:41+00:00,3.797937045214266e-05
2024-11-17 06:00:13+00:00,3.8389847289589606e-05
2024-11-17 07:00:01+00:00,4.786588961333787e-05
2024-11-17 08:00:02+00:00,6.37487132776991e-05
2024-11-17 09:00:05+00:00,7.149825072113649e-05
2024-11-17 10:00:04+00:00,6.759006347294895e-05
2024-11-17 11:00:07+00:00,5.980740378326703e-05
2024-11-17 12:00:00+00:00,5.490913405009315e-05
2024-11-17 13:00:10+00:00,5.431157992051008e-05
2024-11-17 14:00:03+00:00,5.0338012098198154e-05
2024-11-17 15:00:03+00:00,6.437761039191661e-05
2024-11-17 16:00:09+00:00,0.00010372135014381812
2024-11-17 17:00:21+00:00,9.018572829825461e-05
2024-11-17 18:00:00+00:00,9.773895362204754e-05
2024-11-17 19:00:05+00:00,0.0001071197234994623
2024-11-17 20:00:05+00:00,0.00010258949208380272
2024-11-17 21:00:07+00:00,9.663272911302909e-05
2024-11-17 22:00:06+00:00,9.534420660585807e-05
2024-11-17 23:00:00+00:00,8.69095457249422e-05
2024-11-18 00:00:03+00:00,0.00011089660642527708
2024-11-18 01:00:07+00:00,0.0001117267934149373
2024-11-18 02:00:03+00:00,0.00010104458406729278
2024-11-18 03:00:07+00:00,0.000101457350786283
2024-11-18 04:00:01+00:00,0.00010248532353378732
2024-11-18 05:00:08+00:00,0.00011273227814642225
2024-11-18 06:00:08+00:00,9.224058459860837e-05
2024-11-18 07:00:02+00:00,9.659425336106248e-05
2024-11-18 08:00:04+00:00,0.00010470564438250355
2024-11-18 09:00:16+00:00,9.519682266852556e-05
2024-11-18 10:00:11+00:00,9.034712418098175e-05
2024-11-18 11:00:02+00:00,9.849518539058575e-05
2024-11-18 12:00:03+00:00,9.751351184292454e-05
2024-11-18 13:00:00+00:00,7.337718855440528e-05
2024-11-18 14:00:47+00:00,7.382316459749457e-05
2024-11-18 15:00:14+00:00,8.248497890102519e-05
2024-11-18 16:00:12+00:00,9.316823344258442e-05
2024-11-18 17:00:41+00:00,6.513377440970626e-05
2024-11-18 18:00:05+00:00,6.101467300930302e-05
2024-11-18 19:00:02+00:00,5.624211810209107e-05
2024-11-18 20:00:13+00:00,5.437996070893884e-05
2024-11-18 21:00:20+00:00,5.712672682161039e-05
2024-11-18 22:00:05+00:00,4.2830368125321765e-05
2024-11-18 23:00:02+00:00,3.809003765873576e-05
2024-11-19 00:00:03+00:00,6.0151310739766425e-05
2024-11-19 01:00:03+00:00,7.008380300486195e-05
2024-11-19 02:00:06+00:00,6.309039340763128e-05
2024-11-19 03:00:06+00:00,6.145560059092827e-05
2024-11-19 04:00:03+00:00,7.13032227419156e-05
2024-11-19 05:00:01+00:00,6.766146850620879e-05
2024-11-19 06:00:00+00:00,6.810432161349422e-05
2024-11-19 07:00:07+00:00,5.804261329082383e-05
2024-11-19 08:00:19+00:00,5.6986743194409415e-05
2024-11-19 09:00:02+00:00,5.264801457955253e-05
2024-11-19 10:00:06+00:00,4.8391512859746e-05
2024-11-19 11:00:00+00:00,4.829954949862219e-05
2024-11-19 12:00:15+00:00,4.3975067496883244e-05
2024-11-19 13:00:12+00:00,4.821074341085046e-05
2024-11-19 14:00:03+00:00,7.802452582989293e-05
2024-11-19 15:00:02+00:00,9.780828357624272e-05
2024-11-19 16:00:13+00:00,0.00010012943410619827
2024-11-19 17:00:01+00:00,9.838118867554155e-05
2024-11-19 18:00:00+00:00,9.804546098394117e-05
2024-11-19 19:00:01+00:00,9.670892160046338e-05
2024-11-19 20:00:06+00:00,7.560820521932446e-05
2024-11-19 21:00:09+00:00,4.791802065245638e-05
2024-11-19 22:00:08+00:00,4.494076655967518e-05
2024-11-19 23:00:05+00:00,3.993872122842725e-05
2024-11-20 00:00:00+00:00,4.935483684195307e-05
2024-11-20 01:00:45+00:00,4.9198870416511395e-05
2024-11-20 02:00:02+00:00,4.6660150838012386e-05
2024-11-20 03:00:05+00:00,4.100931852280188e-05
2024-11-20 04:00:10+00:00,4.2614288817694616e-05
2024-11-20 05:00:08+00:00,4.199837307937551e-05
2024-11-20 06:00:34+00:00,3.9290291745726845e-05
2024-11-20 07:00:02+00:00,4.988161649346072e-05
2024-11-20 08:00:09+00:00,4.116230235738621e-05
2024-11-20 09:00:05+00:00,4.726317150863273e-05
2024-11-20 10:00:09+00:00,3.8451513615076713e-05
2024-11-20 11:00:07+00:00,4.234869471261708e-05
2024-11-20 12:00:05+00:00,4.350065478628913e-05
2024-11-20 13:00:01+00:00,4.9279034421307e-05
2024-11-20 14:00:14+00:00,2.9203282082837592e-05
2024-11-20 15:00:00+00:00,2.670620727242851e-05
2024-11-20 16:00:03+00:00,2.9824261648178324e-05
2024-11-20 17:00:02+00:00,2.763355307195567e-05
2024-11-20 18:00:04+00:00,1.8868732729155457e-05
2024-11-20 19:00:03+00:00,1.3490394191172044e-05
2024-11-20 20:00:07+00:00,1.8011597727167784e-05
2024-11-20 21:00:03+00:00,2.3382504512287796e-05
2024-11-20 22:00:01+00:00,2.1948565091541737e-05
2024-11-20 23:00:29+00:00,1.8683531293104296e-05
2024-11-21 00:00:04+00:00,1.7642951899655726e-05
2024-11-21 01:00:12+00:00,1.9901338040092823e-05
2024-11-21 02:00:10+00:00,1.933891447446768e-05
2024-11-21 03:00:11+00:00,1.8129173199518684e-05
2024-11-21 04:00:02+00:00,5.537801794892607e-05
2024-11-21 05:00:06+00:00,6.593585898067935e-05
2024-11-21 06:00:01+00:00,4.682758985566123e-05
2024-11-21 07:00:05+00:00,3.0481190334600523e-05
2024-11-21 08:00:12+00:00,3.053000363012406e-05
2024-11-21 09:00:10+00:00,2.9118267969246268e-05
2024-11-21 10:00:09+00:00,3.139445767449114e-05
2024-11-21 11:00:01+00:00,2.462294862195351e-05
2024-11-21 12:00:15+00:00,2.094826905697848e-05
2024-11-21 13:00:04+00:00,1.7247094981112577e-05
2024-11-21 14:17:51+00:00,3.636987744528378e-05
2024-11-21 15:00:00+00:00,4.0146791370870044e-05
2024-11-21 16:00:12+00:00,4.293920254432657e-05
2024-11-21 17:00:11+00:00,4.2757588496093556e-05
2024-11-21 21:00:26+00:00,8.922231644106014e-05
2024-11-21 22:00:02+00:00,9.072656977514265e-05
2024-11-21 23:00:00+00:00,8.409557362497365e-05
2024-11-22 01:00:14+00:00,6.463596084553128e-05
2024-11-22 02:00:14+00:00,5.20882729778626e-05
2024-11-22 03:00:01+00:00,6.119938056601752e-05
2024-11-22 04:00:03+00:00,0.00010263323704752524
2024-11-22 05:00:00+00:00,9.660830495651037e-05
2024-11-22 06:00:10+00:00,8.988199257583624e-05
2024-11-22 07:00:24+00:00,7.744456503544165e-05
2024-11-22 08:00:08+00:00,5.7723182796043516e-05
2024-11-22 09:00:05+00:00,5.2651511385357835e-05
2024-11-22 10:00:02+00:00,5.261673376397749e-05
2024-11-22 11:00:08+00:00,5.477446776167819e-05
2024-11-22 12:00:00+00:00,5.7771288700703514e-05
2024-11-22 13:00:00+00:00,6.041661639697384e-05
2024-11-22 14:00:03+00:00,5.489785105744218e-05
2024-11-22 15:00:01+00:00,4.295824564686465e-05
2024-11-22 16:00:03+00:00,4.566804486229175e-05
2024-11-22 17:00:31+00:00,4.434736863567185e-05
2024-11-22 18:00:10+00:00,5.418144219384333e-05
2024-11-22 19:00:02+00:00,4.7751194615393744e-05
2024-11-22 20:00:28+00:00,3.9689070231740954e-05
2024-11-22 21:00:00+00:00,4.2518441739980154e-05
2024-11-22 22:00:10+00:00,4.617091605326931e-05
2024-11-22 23:00:02+00:00,5.894827038744723e-05
2024-11-23 00:00:00+00:00,7.603256547198717e-05
2024-11-23 01:00:05+00:00,8.017735457003164e-05
2024-11-23 02:00:03+00:00,8.177030255687454e-05
2024-11-23 03:00:01+00:00,8.65780503437703e-05
2024-11-23 04:00:06+00:00,7.573107240318739e-05
2024-11-23 05:00:02+00:00,7.108337083055756e-05
2024-11-23 06:00:23+00:00,6.671065643295694e-05
2024-11-23 07:00:03+00:00,7.041970384106902e-05
2024-11-23 08:00:11+00:00,6.335228307694562e-05
2024-11-23 09:00:08+00:00,6.257772839166302e-05
2024-11-23 10:00:00+00:00,6.36540989407107e-05
2024-11-23 11:00:02+00:00,6.417131927969088e-05
2024-11-23 12:00:00+00:00,5.660939062425332e-05
2024-11-23 13:00:06+00:00,4.974447549694098e-05
2024-11-23 14:00:00+00:00,4.844939326020103e-05
2024-11-23 15:00:10+00:00,4.7902617637783e-05
2024-11-23 16:00:00+00:00,5.592187485711695e-05
2024-11-23 17:00:06+00:00,6.546077548356542e-05
2024-11-23 18:00:11+00:00,3.593803739045125e-05
2024-11-23 19:00:02+00:00,2.17897854822543e-05
2024-11-23 20:00:03+00:00,1.541431954226641e-05
2024-11-23 21:00:09+00:00,1.3168313969034895e-05
2024-11-23 22:00:03+00:00,2.7295571210492035e-05
2024-11-23 23:00:07+00:00,4.0360549214838545e-05
2024-11-24 00:00:00+00:00,4.7794360712663145e-05
2024-11-24 01:00:15+00:00,5.246079615514013e-05
2024-11-24 02:00:02+00:00,5.3224367319223334e-05
2024-11-24 03:00:07+00:00,7.009912144690172e-05
2024-11-24 04:00:00+00:00,7.147449482139943e-05
2024-11-24 05:00:04+00:00,7.18734255667292e-05
2024-11-24 06:00:03+00:00,7.638611000327317e-05
2024-11-24 07:00:06+00:00,8.19115773863282e-05
2024-11-24 08:00:02+00:00,8.195510337391191e-05
2024-11-24 09:00:02+00:00,8.040629621194607e-05
2024-11-24 10:00:06+00:00,7.41621389633977e-05
2024-11-24 11:00:00+00:00,6.917710813260827e-05
2024-11-24 12:00:09+00:00,6.780422750510632e-05
2024-11-24 13:00:06+00:00,3.902213981340406e-05
2024-11-24 14:00:04+00:00,3.4760437050476436e-05
2024-11-24 15:00:10+00:00,7.908834096335411e-05
2024-11-24 16:00:02+00:00,9.938896557155166e-05
2024-11-24 17:00:06+00:00,7.328237643720573e-05
2024-11-24 18:00:16+00:00,6.0973086243167935e-05
2024-11-24 19:00:10+00:00,6.490213550102381e-05
2024-11-24 20:00:01+00:00,7.333223342663476e-05
2024-11-24 21:00:02+00:00,8.39528241248251e-05
2024-11-24 22:00:02+00:00,8.700445010903018e-05
2024-11-24 23:00:05+00:00,9.071861185810594e-05
2024-11-25 00:00:02+00:00,6.2862363619398e-05
2024-11-25 01:00:06+00:00,5.0773217902705614e-05
2024-11-25 02:00:06+00:00,4.5285166619144355e-05
2024-11-25 03:00:06+00:00,3.75279015828062e-05
2024-11-25 04:00:00+00:00,3.430853409563448e-05
2024-11-25 05:00:02+00:00,3.9909823829934894e-05
2024-11-25 06:00:00+00:00,6.405214788814824e-05
2024-11-25 07:00:00+00:00,6.660821850155502e-05
2024-11-25 08:00:03+00:00,6.601770899824323e-05
2024-11-25 09:00:04+00:00,6.6726328996997e-05
2024-11-25 10:00:04+00:00,6.817585788683388e-05
2024-11-25 11:00:07+00:00,6.292749482128428e-05
2024-11-25 12:00:03+00:00,5.974084975593465e-05
2024-11-25 13:00:00+00:00,4.92825530545142e-05
2024-11-25 14:00:02+00:00,5.2592400460210905e-05
2024-11-25 15:00:00+00:00,9.691510774445232e-05
2024-11-25 16:00:05+00:00,0.00011289923615772759
2024-11-25 17:00:00+00:00,9.153527050043512e-05
2024-11-25 18:00:00+00:00,0.00010840383939518621
2024-11-25 19:00:00+00:00,9.820014810245005e-05
2024-11-25 20:00:03+00:00,7.860675074858687e-05
2024-11-25 21:00:01+00:00,6.508113565565237e-05
2024-11-25 22:00:08+00:00,4.5383323081477474e-05
2024-11-25 23:00:03+00:00,2.707771537936985e-05
2024-11-26 00:00:03+00:00,3.67742890354431e-05
2024-11-26 01:00:02+00:00,5.0859879118139954e-05
2024-11-26 02:00:05+00:00,6.42739452997192e-05
2024-11-26 03:00:04+00:00,7.918440732399709e-05
2024-11-26 04:00:00+00:00,7.400748389821849e-05
2024-11-26 05:00:01+00:00,6.621298223605555e-05
2024-11-26 06:00:06+00:00,6.336411557316462e-05
2024-11-26 07:00:02+00:00,5.9961442953688395e-05
2024-11-26 08:00:08+00:00,5.2943107395243615e-05
2024-11-26 09:00:01+00:00,4.7224239949707436e-05
2024-11-26 10:00:00+00:00,4.013050187664444e-05
2024-11-26 11:00:07+00:00,4.0814562733065894e-05
2024-11-26 12:00:03+00:00,3.891922649307647e-05
2024-11-26 13:00:03+00:00,3.2809519019088196e-05
2024-11-26 14:00:04+00:00,5.070983454289103e-05
2024-11-26 15:00:01+00:00,7.424138581969005e-05
2024-11-26 16:00:10+00:00,6.776192581075262e-05
2024-11-26 17:00:02+00:00,7.354815592670545e-05
2024-11-26 18:00:09+00:00,6.31755895879646e-05
2024-11-26 19:00:33+00:00,6.533521386169696e-05
2024-11-26 20:00:02+00:00,5.767153819257279e-05
2024-11-26 21:00:09+00:00,4.6458656631556963e-05
2024-11-26 22:00:03+00:00,4.131388220333658e-05
2024-11-26 23:00:03+00:00,4.469494423812419e-05
2024-11-27 00:00:06+00:00,4.785590047230235e-05
2024-11-27 01:00:09+00:00,4.698359051133073e-05
2024-11-27 02:00:00+00:00,4.670394460600335e-05
2024-11-27 03:00:03+00:00,4.403006706967235e-05
2024-11-27 04:00:09+00:00,3.830741647120828e-05
2024-11-27 05:00:02+00:00,3.8480482043036215e-05
2024-11-27 06:00:11+00:00,5.031680489344304e-05
2024-11-27 07:00:04+00:00,4.700992337979296e-05
2024-11-27 08:00:01+00:00,5.019024292116059e-05
2024-11-27 09:00:03+00:00,4.505027100365034e-05
2024-11-27 10:00:04+00:00,4.156730894697378e-05
2024-11-27 11:00:09+00:00,4.312569577838638e-05
2024-11-27 12:00:02+00:00,3.9307960628232866e-05
2024-11-27 13:00:13+00:00,3.187571732269252e-05
2024-11-27 14:00:18+00:00,2.9519872898435384e-05
2024-11-27 15:00:00+00:00,3.706152130507064e-05
2024-11-27 16:00:00+00:00,2.5696702327928653e-05
2024-11-27 17:00:02+00:00,3.312196949257075e-05
2024-11-27 18:00:07+00:00,3.05341704156181e-05
2024-11-27 19:00:03+00:00,2.8552422701332e-05
2024-11-27 20:00:00+00:00,2.2724050990589743e-05
2024-11-27 21:00:00+00:00,6.049431912898067e-06
2024-11-27 22:00:09+00:00,3.875713344766702e-06
2024-11-27 23:00:08+00:00,1.1524610806606964e-05
2024-11-28 00:00:12+00:00,3.939559922150876e-06
2024-11-28 01:00:08+00:00,4.0219187718521313e-07
2024-11-28 02:00:04+00:00,1.4534956673443411e-06
2024-11-28 03:00:06+00:00,1.1295263068331758e-05
2024-11-28 04:00:03+00:00,1.9374622129649193e-05
2024-11-28 05:00:34+00:00,1.8076238072217855e-05
2024-11-28 06:00:04+00:00,1.4586674545568718e-05
2024-11-28 07:00:00+00:00,1.7149043169905667e-05
2024-11-28 08:00:08+00:00,2.9658060509556722e-05
2024-11-28 09:00:06+00:00,3.564355915657148e-05
2024-11-28 10:00:00+00:00,3.1922181410010485e-05
2024-11-28 11:00:04+00:00,2.7412902565919346e-05
2024-11-28 12:00:06+00:00,2.570472491204769e-05
2024-11-28 13:00:02+00:00,2.2951237436466133e-05
2024-11-28 14:00:01+00:00,2.2966223095923395e-05
2024-11-28 15:00:01+00:00,2.209814432469708e-05
2024-11-28 16:00:00+00:00,1.879380796546388e-05
2024-11-28 17:00:00+00:00,1.975700897062841e-05
2024-11-28 18:00:01+00:00,2.0503273513473e-05
2024-11-28 19:00:30+00:00,2.342031332134203e-05
2024-11-28 20:00:00+00:00,2.173812703836842e-05
2024-11-28 21:00:00+00:00,2.279055172219531e-05
2024-11-28 22:00:00+00:00,2.971309098923288e-05
2024-11-28 23:00:00+00:00,3.346762926988577e-05
2024-11-29 00:00:04+00:00,3.3710663859212374e-05
2024-11-29 01:00:07+00:00,3.4560294141785094e-05
2024-11-29 02:00:01+00:00,3.5751212807564794e-05
2024-11-29 03:00:01+00:00,3.834902744046045e-05
2024-11-29 04:00:08+00:00,2.9662169512679563e-05
2024-11-29 05:00:04+00:00,2.5607907853559304e-05
2024-11-29 06:00:01+00:00,2.6910584882148235e-05
2024-11-29 07:00:00+00:00,2.4443600539576024e-05
2024-11-29 08:00:03+00:00,2.055624632199903e-05
2024-11-29 09:00:00+00:00,2.0325470033886846e-05
2024-11-29 10:00:03+00:00,1.885320038316532e-05
2024-11-29 11:00:08+00:00,1.945927979359759e-05
2024-11-29 12:00:13+00:00,2.141245194084383e-05
2024-11-29 13:00:08+00:00,2.2577640713246057e-05
2024-11-29 14:00:03+00:00,2.4895039704445293e-05
2024-11-29 15:00:04+00:00,3.7685942167838175e-05
2024-11-29 16:00:01+00:00,3.3059442355001285e-05
2024-11-29 17:00:10+00:00,2.213126505165766e-05
2024-11-29 18:00:02+00:00,2.1953209972278386e-05
2024-11-29 19:00:04+00:00,2.901832843114361e-05
2024-11-29 20:00:00+00:00,3.577759771020494e-05
2024-11-29 21:00:05+00:00,4.7289722736142195e-05
2024-11-29 22:00:03+00:00,6.06234264154262e-05
2024-11-29 23:00:04+00:00,6.703605470004668e-05
2024-11-30 00:00:08+00:00,7.116328047846101e-05
2024-11-30 01:00:00+00:00,7.012561427267772e-05
2024-11-30 02:00:02+00:00,6.225725918419956e-05
2024-11-30 03:00:07+00:00,5.646832027987427e-05
2024-11-30 04:00:04+00:00,5.389957399760116e-05
2024-11-30 05:00:01+00:00,5.658828088814961e-05
2024-11-30 06:00:03+00:00,5.72726172305249e-05
2024-11-30 07:00:06+00:00,4.9582676404926936e-05
2024-11-30 08:00:05+00:00,4.6149204597673217e-05
2024-11-30 09:00:05+00:00,3.996722120806943e-05
2024-11-30 10:00:06+00:00,3.214397079489816e-05
2024-11-30 11:00:04+00:00,2.999613924690221e-05
2024-11-30 12:00:07+00:00,3.110593853580665e-05
2024-11-30 13:00:04+00:00,2.990725125947485e-05
2024-11-30 14:00:02+00:00,2.83926479643683e-05
2024-11-30 15:00:00+00:00,2.843188570598002e-05
2024-11-30 16:00:01+00:00,2.272274623718157e-05
2024-11-30 17:00:02+00:00,1.681696929661195e-05
2024-11-30 18:00:19+00:00,1.601919194357375e-05
2024-11-30 19:00:07+00:00,1.8279996936172496e-05
2024-11-30 20:00:09+00:00,1.9930694781066945e-05
2024-11-30 21:00:11+00:00,2.2028156123806198e-05
2024-11-30 22:00:06+00:00,2.3064826680039874e-05
2024-11-30 23:00:09+00:00,2.1351519178217483e-05
2024-12-01 00:00:02+00:00,2.087598381100464e-05
2024-12-01 01:00:14+00:00,3.681840246243026e-05
2024-12-01 02:01:24+00:00,5.0482717978652974e-05
2024-12-01 03:00:04+00:00,5.9703537036394725e-05
2024-12-01 04:00:20+00:00,6.151576512460035e-05
2024-12-01 05:00:04+00:00,5.64464738983694e-05
2024-12-01 06:00:01+00:00,6.31486720388532e-05
2024-12-01 07:00:03+00:00,5.005290136637732e-05
2024-12-01 08:00:03+00:00,3.406605479196838e-05
2024-12-01 09:00:03+00:00,4.2981005779310916e-05
2024-12-01 10:00:06+00:00,4.1961830457491654e-05
2024-12-01 11:00:04+00:00,4.327502885759353e-05
2024-12-01 12:00:05+00:00,4.736001070318883e-05
2024-12-01 13:00:01+00:00,4.412527203800425e-05
2024-12-01 14:00:07+00:00,4.852170541733593e-05
2024-12-01 15:00:00+00:00,4.9144990317031934e-05
2024-12-01 16:00:00+00:00,4.22458312239012e-05
2024-12-01 17:00:26+00:00,5.156167443828592e-05
2024-12-01 18:00:44+00:00,4.0851364158942624e-05
2024-12-01 19:00:02+00:00,4.1832488880556814e-05
2024-12-01 20:00:08+00:00,3.6643090137842565e-05
2024-12-01 21:00:00+00:00,3.729903650682852e-05
2024-12-01 22:00:02+00:00,3.724302341329219e-05
2024-12-01 23:00:22+00:00,3.4475119469510285e-05
2024-12-02 00:00:04+00:00,3.538859760324085e-05
2024-12-02 01:00:27+00:00,3.5993312653888076e-05
2024-12-02 02:00:01+00:00,3.655916630060164e-05
2024-12-02 03:00:07+00:00,3.4851598953731775e-05
2024-12-02 04:00:05+00:00,3.3053201382942674e-05
2024-12-02 05:00:03+00:00,2.074343400284512e-05
2024-12-02 06:00:00+00:00,2.059913039272619e-05
2024-12-02 07:00:07+00:00,1.9895001778858956e-05
2024-12-02 08:00:09+00:00,2.043143131216993e-05
2024-12-02 09:00:04+00:00,3.125138967299932e-05
2024-12-02 10:00:03+00:00,6.359222315224844e-05
2024-12-02 11:00:01+00:00,7.66463894249865e-05
2024-12-02 12:00:00+00:00,8.151807073489062e-05
2024-12-02 13:00:07+00:00,7.475151797449377e-05
2024-12-02 14:00:00+00:00,6.507256151600645e-05
2024-12-02 15:00:03+00:00,6.629888448735674e-05
2024-12-02 16:00:12+00:00,5.9048734401042795e-05
2024-12-02 17:00:00+00:00,3.333255582254971e-05
2024-12-02 18:00:09+00:00,2.5588332132276766e-05
2024-12-02 19:00:07+00:00,2.314392193930989e-05
2024-12-02 20:00:26+00:00,2.1049618500381005e-05
2024-12-02 21:00:22+00:00,2.61995070359694e-05
2024-12-02 22:00:19+00:00,2.2073401953535547e-05
2024-12-02 23:03:42+00:00,2.4581169123493002e-05
2024-12-03 00:00:00+00:00,4.2423618954944613e-05
2024-12-03 01:00:03+00:00,4.9128774507102164e-05
2024-12-03 02:00:03+00:00,4.7759143259405716e-05
2024-12-03 03:00:04+00:00,4.962021321969837e-05
2024-12-03 04:00:02+00:00,5.299485085784486e-05
2024-12-03 05:00:03+00:00,5.323255806084377e-05
2024-12-03 06:00:07+00:00,5.5437644784525446e-05
2024-12-03 07:01:23+00:00,4.758041299572401e-05
2024-12-03 08:00:07+00:00,5.08438573826781e-05
2024-12-03 09:00:09+00:00,5.8008712111610996e-05
2024-12-03 10:00:05+00:00,5.963329173364108e-05
2024-12-03 11:00:05+00:00,5.610953881968735e-05
2024-12-03 12:00:08+00:00,5.4478092905324556e-05
2024-12-03 13:00:10+00:00,5.109213038258796e-05
2024-12-03 14:00:14+00:00,5.136211034160414e-05
2024-12-03 15:00:02+00:00,4.451025340852753e-05
2024-12-03 16:00:06+00:00,4.121857465217818e-05
2024-12-03 17:00:03+00:00,3.823311064409952e-05
2024-12-03 18:00:03+00:00,4.077552415587343e-05
2024-12-03 19:00:08+00:00,3.409682528716898e-05
2024-12-03 20:00:02+00:00,2.9892839997672844e-05
2024-12-03 21:00:02+00:00,3.442437847210521e-05
2024-12-03 22:00:20+00:00,3.600174406008834e-05
2024-12-03 23:00:06+00:00,2.9717189282431648e-05
2024-12-04 00:00:04+00:00,3.036663006133377e-05
2024-12-04 01:00:04+00:00,3.0612655333174605e-05
2024-12-04 02:00:00+00:00,2.8363541438702147e-05
2024-12-04 03:00:00+00:00,2.701961227346148e-05
2024-12-04 04:00:00+00:00,3.3477043391856404e-05
2024-12-04 05:00:03+00:00,3.866263540112057e-05
2024-12-04 06:00:15+00:00,3.911609359447001e-05
2024-12-04 07:00:05+00:00,3.3709158375789505e-05
2024-12-04 08:00:02+00:00,2.7328060517373952e-05
2024-12-04 09:00:00+00:00,2.778760001106803e-05
2024-12-04 10:00:03+00:00,3.6006790874187544e-05
2024-12-04 11:00:06+00:00,3.554583564200687e-05
2024-12-04 12:00:01+00:00,3.5844239952113766e-05
2024-12-04 13:00:04+00:00,3.467765640453988e-05
2024-12-04 14:00:03+00:00,3.490536109391325e-05
2024-12-04 15:00:01+00:00,4.066400264703513e-05
2024-12-04 16:00:08+00:00,3.411956799351022e-05
2024-12-04 17:00:16+00:00,3.973409918779974e-05
2024-12-04 18:00:08+00:00,6.342619797172397e-05
2024-12-04 19:00:07+00:00,6.408265662762479e-05
2024-12-04 20:00:02+00:00,6.358892206416153e-05
2024-12-04 21:00:03+00:00,2.1249523732859533e-05
2024-12-04 22:00:03+00:00,-2.1370817994106484e-07
2024-12-04 23:00:02+00:00,-9.465003055075592e-06
2024-12-05 00:00:02+00:00,-1.5812868399124542e-06
2024-12-05 01:00:00+00:00,4.881996850686586e-06
2024-12-05 02:00:03+00:00,7.257541393308754e-06
2024-12-05 03:00:01+00:00,2.232560569998227e-05
2024-12-05 04:00:04+00:00,4.9410886547875405e-05
2024-12-05 05:00:07+00:00,3.143185024539572e-05
2024-12-05 06:00:02+00:00,2.2796472495496474e-05
2024-12-05 07:00:02+00:00,2.777213505756679e-05
2024-12-05 08:00:07+00:00,3.316658514131726e-05
2024-12-05 09:00:08+00:00,3.7201615738495996e-05
2024-12-05 10:00:06+00:00,5.091242489628635e-05
2024-12-05 11:00:06+00:00,6.32693092265001e-05
2024-12-05 12:00:00+00:00,6.782032601835265e-05
2024-12-05 13:00:03+00:00,6.792473590276728e-05
2024-12-05 14:00:06+00:00,7.065184023146982e-05
2024-12-05 15:00:04+00:00,6.860200252326353e-05
2024-12-05 16:00:01+00:00,7.886367012551796e-05
2024-12-05 17:00:01+00:00,7.203531469052206e-05
2024-12-05 18:00:02+00:00,6.786186558948393e-05
2024-12-05 19:00:02+00:00,7.449625225959186e-05
2024-12-05 20:00:01+00:00,8.19655953217973e-05
2024-12-05 21:00:06+00:00,0.00010452414339290967
2024-12-05 22:00:01+00:00,0.00012915147417488033
2024-12-05 23:00:04+00:00,0.00019011667017681855
2024-12-06 00:00:09+00:00,0.00015182460747474786
2024-12-06 01:00:03+00:00,0.00012475641173128284
2024-12-06 02:00:00+00:00,0.00011816993123018481
2024-12-06 03:00:06+00:00,0.00010451321746338331
2024-12-06 04:00:09+00:00,0.00010892829547581344
2024-12-06 05:00:05+00:00,0.00011434050050376007
2024-12-06 06:00:01+00:00,0.00010076971320472024
2024-12-06 07:00:08+00:00,7.951892792591692e-05
2024-12-06 08:00:05+00:00,6.613303018437182e-05
2024-12-06 09:00:06+00:00,5.75560430669217e-05
2024-12-06 10:00:03+00:00,4.9958152801841714e-05
2024-12-06 11:00:11+00:00,5.1731452726876167e-05
2024-12-06 12:00:03+00:00,5.245516494261622e-05
2024-12-06 13:00:01+00:00,5.697201226342292e-05
2024-12-06 14:00:09+00:00,5.9515670530154975e-05
2024-12-06 15:00:14+00:00,5.679929880769038e-05
2024-12-06 16:00:08+00:00,4.4694010334056184e-05
2024-12-06 17:00:01+00:00,3.943677016904556e-05
2024-12-06 18:00:01+00:00,4.960474816529319e-05
2024-12-06 19:00:00+00:00,3.6825266248564104e-05
2024-12-06 20:00:04+00:00,2.9565424726505497e-05
2024-12-06 21:00:00+00:00,4.4194531797681396e-05
2024-12-06 22:00:02+00:00,4.7688116113160965e-05
2024-12-06 23:00:08+00:00,4.959664420173898e-05
2024-12-07 00:00:02+00:00,4.23928964990233e-05
2024-12-07 01:00:02+00:00,4.060118181132158e-05
2024-12-07 02:00:04+00:00,3.8136714123082326e-05
2024-12-07 03:00:02+00:00,3.929468852349623e-05
2024-12-07 04:00:04+00:00,4.275222334065675e-05
2024-12-07 05:00:03+00:00,4.229472806343001e-05
2024-12-07 06:00:09+00:00,4.0022298079760437e-05
2024-12-07 07:00:07+00:00,4.19337571562078e-05
2024-12-07 08:00:08+00:00,4.084872564587047e-05
2024-12-07 09:00:05+00:00,4.1313748056126445e-05
2024-12-07 10:00:05+00:00,4.2927502848571936e-05
2024-12-07 11:00:06+00:00,4.1805247381910255e-05
2024-12-07 12:00:10+00:00,4.3564913991630134e-05
2024-12-07 13:00:03+00:00,4.851325261038808e-05
2024-12-07 14:00:06+00:00,5.342490328201478e-05
2024-12-07 15:00:03+00:00,5.570642416092404e-05
2024-12-07 16:00:03+00:00,6.753038672221062e-05
2024-12-07 17:00:05+00:00,6.449787955956333e-05
2024-12-07 18:00:03+00:00,6.613328348710721e-05
2024-12-07 19:00:02+00:00,6.904965296354788e-05
2024-12-07 20:00:06+00:00,6.943599787520628e-05
2024-12-07 21:00:09+00:00,7.022331596795049e-05
2024-12-07 22:00:05+00:00,6.562440856417302e-05
2024-12-07 23:00:08+00:00,6.472893700684372e-05
2024-12-08 00:00:02+00:00,6.628771749167797e-05
2024-12-08 01:00:09+00:00,6.561440029545394e-05
2024-12-08 02:00:06+00:00,6.64876613652259e-05
2024-12-08 03:00:09+00:00,6.474511052677463e-05
2024-12-08 04:00:00+00:00,6.459910091954576e-05
2024-12-08 05:00:05+00:00,6.402261347539026e-05
2024-12-08 06:00:00+00:00,5.985645636271974e-05
2024-12-08 07:00:04+00:00,5.84396533273905e-05
2024-12-08 08:00:09+00:00,5.7488404330655995e-05
2024-12-08 09:00:05+00:00,5.536354172144851e-05
2024-12-08 10:00:08+00:00,5.3953470215955985e-05
2024-12-08 11:00:09+00:00,5.209688372357534e-05
2024-12-08 12:00:07+00:00,5.324738404990287e-05
2024-12-08 13:00:01+00:00,5.01985028205376e-05
2024-12-08 14:00:07+00:00,4.953752689247243e-05
2024-12-08 15:00:06+00:00,4.459971728283371e-05
2024-12-08 16:00:00+00:00,4.3617079410648615e-05
2024-12-08 17:00:00+00:00,4.2626096801380335e-05
2024-12-08 18:00:13+00:00,4.7544570539300555e-05
2024-12-08 19:00:06+00:00,4.8351281007480704e-05
2024-12-08 20:00:01+00:00,4.930980951225323e-05
2024-12-08 21:00:05+00:00,4.711194461054433e-05
2024-12-08 22:00:07+00:00,4.8559720944220095e-05
2024-12-08 23:00:00+00:00,4.6771049487161456e-05
2024-12-09 00:00:07+00:00,4.9838814590140966e-05
2024-12-09 01:00:07+00:00,4.540883981214341e-05
2024-12-09 02:00:03+00:00,4.2051492623953824e-05
2024-12-09 03:00:01+00:00,3.916774784054451e-05
2024-12-09 04:00:06+00:00,3.8168435708845296e-05
2024-12-09 05:00:05+00:00,4.2201566102291215e-05
2024-12-09 06:00:05+00:00,4.4869777716279574e-05
2024-12-09 07:00:10+00:00,4.395533920559224e-05
2024-12-09 08:00:07+00:00,4.774372862749175e-05
2024-12-09 09:00:01+00:00,4.427645133966019e-05
2024-12-09 10:00:09+00:00,4.163823860528369e-05
2024-12-09 11:00:07+00:00,4.095636659870903e-05
2024-12-09 12:00:01+00:00,4.042618798267137e-05
2024-12-09 13:00:13+00:00,4.3054399576465426e-05
2024-12-09 14:00:05+00:00,4.618321592800261e-05
2024-12-09 15:00:11+00:00,5.1877219573838087e-05
2024-12-09 16:00:03+00:00,5.785915866043274e-05
2024-12-09 17:00:07+00:00,7.922431722369488e-05
2024-12-09 18:00:01+00:00,8.771614950137886e-05
2024-12-09 19:00:01+00:00,8.935375508319462e-05
2024-12-09 20:00:05+00:00,9.872059567594431e-05
2024-12-09 21:00:01+00:00,9.853383800378102e-05
2024-12-09 22:00:17+00:00,8.15803378587409e-05
2024-12-09 23:00:05+00:00,6.701927190567875e-05
2024-12-10 00:00:00+00:00,5.7434030587222045e-05
2024-12-10 01:00:05+00:00,5.329406807977431e-05
2024-12-10 02:00:09+00:00,4.625196332013571e-05
2024-12-10 03:00:18+00:00,3.9668176901019326e-05
2024-12-10 04:00:11+00:00,3.9207079151437506e-05
2024-12-10 05:00:05+00:00,3.466165581036904e-05
2024-12-10 06:00:13+00:00,3.2369300636113106e-05
2024-12-10 07:00:08+00:00,3.6861585295098065e-05
2024-12-10 08:00:07+00:00,4.59089839292152e-05
2024-12-10 09:00:00+00:00,5.373525750559751e-05
2024-12-10 10:00:15+00:00,6.0212391827519e-05
2024-12-10 11:00:00+00:00,6.43506325992005e-05
2024-12-10 12:00:06+00:00,6.594673218042884e-05
2024-12-10 13:00:05+00:00,5.3447114618007446e-05
2024-12-10 14:00:02+00:00,4.596427481836624e-05
2024-12-10 15:00:15+00:00,4.256869596152788e-05
2024-12-10 16:00:01+00:00,4.017515112794526e-05
2024-12-10 17:00:02+00:00,3.4968511071067066e-05
2024-12-10 18:00:13+00:00,2.988036415028637e-05
2024-12-10 19:00:28+00:00,2.9611842019620076e-05
2024-12-10 20:00:02+00:00,3.108936043421939e-05
2024-12-10 21:00:05+00:00,3.366502374671506e-05
2024-12-10 22:00:05+00:00,3.5548818846246755e-05
2024-12-10 23:00:01+00:00,3.2661668480604324e-05
2024-12-11 00:00:10+00:00,3.311082568590332e-05
2024-12-11 01:00:04+00:00,3.152080684962186e-05
2024-12-11 02:00:03+00:00,2.821527738451616e-05
2024-12-11 03:00:10+00:00,1.0381801048006757e-05
2024-12-11 04:00:07+00:00,3.875424942079609e-06
2024-12-11 05:00:11+00:00,3.7582850559487703e-06
2024-12-11 06:00:07+00:00,7.1263702940752285e-06
2024-12-11 07:00:01+00:00,7.947767262018987e-06
2024-12-11 08:00:09+00:00,1.0484093957182868e-05
2024-12-11 09:00:05+00:00,1.60318783811166e-05
2024-12-11 10:00:04+00:00,1.5050341944462327e-05
2024-12-11 11:00:09+00:00,1.622094182224827e-05
2024-12-11 12:00:03+00:00,1.7478143373574627e-05
2024-12-11 13:00:09+00:00,1.565888015308866e-05
2024-12-11 14:00:07+00:00,1.5358081335909234e-05
2024-12-11 15:00:10+00:00,1.5285943205380695e-05
2024-12-11 16:00:00+00:00,2.041882943671682e-05
2024-12-11 17:00:09+00:00,1.4371069865273884e-05
2024-12-11 18:00:00+00:00,1.23926656650497e-05
2024-12-11 19:00:14+00:00,9.585855350067029e-06
2024-12-11 20:00:07+00:00,8.574953941010109e-06
2024-12-11 21:00:07+00:00,-4.6567131795377205e-06
2024-12-11 22:00:10+00:00,-2.7631738274683487e-05
2024-12-11 23:00:08+00:00,-2.6382286571407892e-05
2024-12-12 00:00:07+00:00,-1.731167606096077e-05
2024-12-12 01:00:06+00:00,-1.3654417491847346e-05
2024-12-12 02:00:10+00:00,-1.0740346607435669e-05
2024-12-12 03:00:00+00:00,-5.780570923039108e-06
2024-12-12 04:00:09+00:00,-4.349923065440297e-06
2024-12-12 05:00:04+00:00,-2.5535297522091957e-06
2024-12-12 06:00:08+00:00,2.443757665650897e-06
2024-12-12 07:00:03+00:00,1.0897308651021761e-05
2024-12-12 08:00:02+00:00,1.3874539789320572e-05
2024-12-12 09:00:00+00:00,1.8002919163488274e-05
2024-12-12 10:00:01+00:00,1.6625064627844377e-05
2024-12-12 11:00:00+00:00,1.5661836792046196e-05
2024-12-12 12:00:00+00:00,1.3919781050696528e-05
2024-12-12 13:00:04+00:00,1.4011925899154146e-05
2024-12-12 14:00:01+00:00,1.465985841330385e-05
2024-12-12 15:00:01+00:00,2.111137102899088e-05
2024-12-12 16:00:03+00:00,1.6253630201141894e-05
2024-12-12 17:00:01+00:00,1.3850534527645897e-05
2024-12-12 18:00:09+00:00,1.0915518581435985e-05
2024-12-12 19:00:08+00:00,9.460007198209621e-06
2024-12-12 20:00:08+00:00,1.2949765971291436e-05
2024-12-12 21:00:05+00:00,1.2814339781455259e-05
2024-12-12 22:00:01+00:00,1.0772454483795334e-05
2024-12-12 23:00:04+00:00,1.1135280219770369e-05
2024-12-13 00:00:00+00:00,1.060647935602095e-05
2024-12-13 01:00:08+00:00,1.587631848647265e-05
2024-12-13 02:00:02+00:00,1.5439160304515836e-05
2024-12-13 03:00:02+00:00,1.4564466558695825e-05
2024-12-13 04:00:03+00:00,1.412102348696653e-05
2024-12-13 05:00:05+00:00,1.3766230664762468e-05
2024-12-13 06:00:14+00:00,1.2586465986352994e-05
2024-12-13 07:00:05+00:00,1.3039450862080522e-05
2024-12-13 08:00:11+00:00,1.1913812776590322e-05
2024-12-13 09:00:07+00:00,7.237980758532578e-06
2024-12-13 10:00:05+00:00,1.309240984631653e-06
2024-12-13 11:00:02+00:00,1.4386725157158922e-05
2024-12-13 12:00:03+00:00,2.1229548888020128e-05
2024-12-13 13:00:00+00:00,2.3321667234724868e-05
2024-12-13 14:00:02+00:00,2.2743759385269638e-05
2024-12-13 15:00:00+00:00,2.4697083343543707e-05
2024-12-13 16:00:00+00:00,1.9327968441279298e-05
2024-12-13 17:00:00+00:00,1.7446428739392894e-05
2024-12-13 18:00:08+00:00,1.33680752502006e-05
2024-12-13 19:00:01+00:00,9.50583101490717e-06
2024-12-13 20:00:06+00:00,7.938232699142013e-06
2024-12-13 21:00:06+00:00,7.42100512222103e-06
2024-12-13 22:00:08+00:00,6.118772998144306e-06
2024-12-13 23:00:09+00:00,5.337467639154376e-06
2024-12-14 00:00:08+00:00,5.8246572643375506e-06
2024-12-14 01:00:04+00:00,8.608004606346613e-06
2024-12-14 02:00:13+00:00,1.0022632339468876e-05
2024-12-14 03:00:12+00:00,9.134485195704461e-06
2024-12-14 04:00:05+00:00,8.921063560120152e-06
2024-12-14 05:00:08+00:00,8.662602315784407e-06
2024-12-14 06:00:08+00:00,8.504489833749729e-06
2024-12-14 07:00:10+00:00,9.570800177162221e-06
2024-12-14 08:00:01+00:00,1.3547745215793307e-05
2024-12-14 09:00:07+00:00,1.488007136743548e-05
2024-12-14 10:00:03+00:00,1.538261827371904e-05
2024-12-14 11:00:02+00:00,1.5141706036050726e-05
2024-12-14 12:00:03+00:00,1.5637946345173882e-05
2024-12-14 13:00:12+00:00,1.5071306129624915e-05
2024-12-14 14:00:09+00:00,1.5688356157191026e-05
2024-12-14 15:00:06+00:00,1.8975855210854757e-05
2024-12-14 16:00:04+00:00,1.9594964129574783e-05
2024-12-14 17:00:02+00:00,1.5446292065745857e-05
2024-12-14 18:00:07+00:00,1.1476289714656931e-05
2024-12-14 19:00:02+00:00,8.000566601550698e-06
2024-12-14 20:00:02+00:00,7.388577502297837e-06
2024-12-14 21:00:02+00:00,4.673712748658319e-06
2024-12-14 22:00:08+00:00,5.682876173340711e-06
2024-12-14 23:00:03+00:00,5.734026764744223e-06
2024-12-15 00:00:05+00:00,6.040396101904981e-06
2024-12-15 01:00:06+00:00,7.782498784937004e-06
2024-12-15 02:00:01+00:00,1.5683487216177056e-05
2024-12-15 03:00:01+00:00,1.429016244901573e-05
2024-12-15 04:00:03+00:00,1.347560032527249e-05
2024-12-15 05:00:03+00:00,1.493078691194813e-05
2024-12-15 06:00:03+00:00,1.5239659798116737e-05
2024-12-15 07:00:02+00:00,1.4787347334048144e-05
2024-12-15 08:00:04+00:00,1.3786077461748787e-05
2024-12-15 09:00:00+00:00,1.4416583518412502e-05
2024-12-15 10:00:02+00:00,1.3677195332339506e-05
2024-12-15 11:00:06+00:00,1.3366375889268034e-05
2024-12-15 12:00:01+00:00,1.5976762141546282e-05
2024-12-15 13:00:00+00:00,1.835531129082133e-05
2024-12-15 14:00:05+00:00,1.4926465381589484e-05
2024-12-15 15:00:00+00:00,1.4921407456926751e-05
2024-12-15 16:00:05+00:00,1.5902867193770374e-05
2024-12-15 17:00:06+00:00,2.1616249426048993e-05
2024-12-15 18:00:06+00:00,2.2013379029320395e-05
2024-12-15 19:00:10+00:00,2.7141860977987005e-05
2024-12-15 20:00:05+00:00,3.2486771126184134e-05
2024-12-15 21:00:01+00:00,2.989911187242119e-05
2024-12-15 22:00:00+00:00,3.1274437771764544e-05
2024-12-15 23:00:00+00:00,3.14925949863199e-05
2024-12-16 00:00:00+00:00,3.25208477761719e-05
2024-12-16 01:00:00+00:00,2.7626582236949608e-05
2024-12-16 02:00:01+00:00,2.2159740424326312e-05
2024-12-16 03:00:06+00:00,2.220370462188563e-05
2024-12-16 04:00:02+00:00,2.3809739772123546e-05
2024-12-16 05:00:07+00:00,2.0867206986568194e-05
2024-12-16 06:00:04+00:00,1.8379612737171153e-05
2024-12-16 07:00:00+00:00,1.698195754180892e-05
2024-12-16 08:00:02+00:00,1.9560290447510988e-05
2024-12-16 09:00:07+00:00,2.2152930790354796e-05
2024-12-16 10:00:04+00:00,2.6477027888262152e-05
2024-12-16 11:00:02+00:00,2.4771301665084192e-05
2024-12-16 12:00:02+00:00,2.541649383808586e-05
2024-12-16 13:00:07+00:00,2.4452673185653806e-05
2024-12-16 14:00:15+00:00,2.676535712777704e-05
2024-12-16 15:00:04+00:00,3.282889903146393e-05
2024-12-16 16:00:12+00:00,2.463596792321832e-05
2024-12-16 17:00:00+00:00,1.5947330525433285e-05
2024-12-16 18:00:04+00:00,1.3979705374507113e-05
2024-12-16 19:00:07+00:00,1.5736614869064104e-05
2024-12-16 20:00:07+00:00,1.0784899885171237e-05
2024-12-16 21:00:02+00:00,1.0164630729075588e-05
2024-12-16 22:00:00+00:00,8.80858231597997e-06
2024-12-16 23:00:05+00:00,1.01277350531371e-05
2024-12-17 00:00:01+00:00,1.2412023332818229e-05
2024-12-17 01:00:07+00:00,1.622517797638921e-05
2024-12-17 02:00:00+00:00,2.4204977215688978e-05
2024-12-17 03:00:08+00:00,2.6041322759473238e-05
2024-12-17 04:00:01+00:00,2.7455518782113063e-05
2024-12-17 05:00:04+00:00,2.5796544680103573e-05
2024-12-17 06:00:06+00:00,2.8222468147264923e-05
2024-12-17 07:00:04+00:00,2.5803829888574656e-05
2024-12-17 08:00:01+00:00,2.850891312461738e-05
2024-12-17 09:00:06+00:00,2.9013755015843694e-05
2024-12-17 10:00:06+00:00,3.306037033278922e-05
2024-12-17 11:00:00+00:00,3.833383881364634e-05
2024-12-17 12:00:05+00:00,4.030210643255007e-05
2024-12-17 13:00:07+00:00,4.171833459847514e-05
2024-12-17 14:00:03+00:00,4.1902371002388045e-05
2024-12-17 15:00:37+00:00,3.8143687811983974e-05
2024-12-17 16:00:02+00:00,2.3425600896994923e-05
2024-12-17 17:00:27+00:00,2.3233147049479394e-05
2024-12-17 18:00:01+00:00,2.154180918614786e-05
2024-12-17 19:00:03+00:00,1.8197586463964057e-05
2024-12-17 20:00:09+00:00,1.7106188718784356e-05
2024-12-17 21:00:04+00:00,1.769968585121516e-05
2024-12-17 22:00:03+00:00,1.621582565778167e-05
2024-12-17 23:00:09+00:00,1.7006931822028233e-05
2024-12-18 00:00:12+00:00,1.823653504265057e-05
2024-12-18 01:00:05+00:00,1.7892694505326086e-05
2024-12-18 02:00:03+00:00,2.1151756247608065e-05
2024-12-18 03:00:08+00:00,1.8466994306302104e-05
2024-12-18 04:00:06+00:00,1.920454134250569e-05
2024-12-18 05:00:02+00:00,2.630834669815224e-05
2024-12-18 06:00:11+00:00,3.138188964041312e-05
2024-12-18 07:00:04+00:00,3.655422325434599e-05
2024-12-18 08:00:06+00:00,3.833620331769004e-05
2024-12-18 09:00:03+00:00,3.578890248793115e-05
2024-12-18 10:00:01+00:00,3.754160860446828e-05
2024-12-18 11:00:00+00:00,3.710287846433125e-05
2024-12-18 12:00:02+00:00,3.6462198704138285e-05
2024-12-18 13:00:09+00:00,3.703548683586386e-05
2024-12-18 14:00:03+00:00,3.796019703181078e-05
2024-12-18 15:00:06+00:00,3.5664625639118064e-05
2024-12-18 16:00:04+00:00,3.554451173663245e-05
2024-12-18 17:00:07+00:00,3.384844835275875e-05
2024-12-18 18:00:03+00:00,3.420629830415379e-05
2024-12-18 19:00:01+00:00,3.1819924188058325e-05
2024-12-18 20:00:05+00:00,2.8801497559710197e-05
2024-12-18 21:00:00+00:00,2.0036108060111036e-05
2024-12-18 22:00:06+00:00,3.0271067848941403e-05
2024-12-18 23:00:32+00:00,4.052248594554516e-05
2024-12-19 00:00:01+00:00,5.154557866391554e-05
2024-12-19 01:00:06+00:00,6.124724482404154e-05
2024-12-19 02:00:13+00:00,6.834299168280246e-05
2024-12-19 03:00:08+00:00,4.883260198200109e-05
2024-12-19 04:00:00+00:00,4.1971937376964605e-05
2024-12-19 05:00:02+00:00,3.329795127399003e-05
2024-12-19 06:00:00+00:00,3.6655697002500604e-05
2024-12-19 07:00:12+00:00,3.771320236517876e-05
2024-12-19 08:00:08+00:00,4.444358174535272e-05
2024-12-19 09:00:12+00:00,4.44079379936527e-05
2024-12-19 10:00:05+00:00,4.83029985122746e-05
2024-12-19 11:00:00+00:00,5.2567333953156666e-05
2024-12-19 12:00:05+00:00,4.949292174090862e-05
2024-12-19 13:00:11+00:00,4.8944332712893624e-05
2024-12-19 14:00:01+00:00,4.7309549888930455e-05
2024-12-19 15:00:02+00:00,4.332413293611393e-05
2024-12-19 16:00:02+00:00,3.7263645586931535e-05
2024-12-19 17:00:06+00:00,3.230912669874973e-05
2024-12-19 18:00:03+00:00,2.538265022957547e-05
2024-12-19 19:00:13+00:00,1.0155936949682345e-05
2024-12-19 20:00:04+00:00,6.119584133520599e-06
2024-12-19 21:00:03+00:00,9.399556097304042e-06
2024-12-19 22:00:10+00:00,1.2092988129806838e-05
2024-12-19 23:00:08+00:00,1.5495603929252107e-05
2024-12-20 00:00:01+00:00,2.642712333948764e-05
2024-12-20 01:00:09+00:00,2.9973101480566554e-05
2024-12-20 02:00:02+00:00,2.7834280918330347e-05
2024-12-20 03:00:08+00:00,2.6489359958656554e-05
2024-12-20 04:00:03+00:00,2.203629416478012e-05
2024-12-20 05:00:05+00:00,2.284706275990087e-05
2024-12-20 06:00:10+00:00,2.02124545063742e-05
2024-12-20 07:00:03+00:00,1.9784675920840192e-05
2024-12-20 08:00:03+00:00,2.3690727785808163e-05
2024-12-20 09:00:02+00:00,1.2737716371111301e-05
2024-12-20 10:00:00+00:00,6.599908161715967e-06
2024-12-20 11:00:04+00:00,-3.957914544546013e-07
2024-12-20 12:00:19+00:00,2.251642110003662e-06
2024-12-20 13:00:04+00:00,7.372033732544189e-06
2024-12-20 14:00:01+00:00,1.8915328163017e-05
2024-12-20 15:00:00+00:00,1.4564573486323278e-05
2024-12-20 16:00:01+00:00,8.324507215741215e-06
2024-12-20 17:00:05+00:00,8.750486071094264e-06
2024-12-20 18:00:01+00:00,1.2917940747569022e-05
2024-12-20 19:00:01+00:00,1.1010050814741483e-05
2024-12-20 20:00:06+00:00,1.1509685097418476e-05
2024-12-20 21:00:27+00:00,9.895072368522112e-06
2024-12-20 22:00:10+00:00,3.3117980931273048e-06
2024-12-20 23:00:02+00:00,7.556027320531144e-06
2024-12-21 00:00:01+00:00,8.847323250802153e-06
2024-12-21 01:00:00+00:00,8.27911530821884e-06
2024-12-21 02:00:04+00:00,7.251068183865888e-06
2024-12-21 03:00:17+00:00,5.925712173884417e-06
2024-12-21 04:00:08+00:00,3.816184059420552e-06
2024-12-21 05:00:01+00:00,9.029441501844462e-06
2024-12-21 06:00:01+00:00,2.4708271640793502e-05
2024-12-21 07:00:01+00:00,2.9039455608889657e-05
2024-12-21 08:00:02+00:00,4.123484584153128e-05
2024-12-21 09:00:02+00:00,3.662443341545471e-05
2024-12-21 10:00:05+00:00,3.240753186428951e-05
2024-12-21 11:00:02+00:00,2.9743005328956084e-05
2024-12-21 12:00:02+00:00,3.0370042532955736e-05
2024-12-21 13:00:00+00:00,2.787507900299993e-05
2024-12-21 14:00:00+00:00,2.6800851896026836e-05
2024-12-21 15:00:01+00:00,1.9993000045191037e-05
2024-12-21 16:00:04+00:00,1.7442142290467698e-05
2024-12-21 17:00:20+00:00,1.2975752799394024e-05
2024-12-21 18:00:04+00:00,1.1245015710029851e-05
2024-12-21 19:00:06+00:00,9.746966523521e-06
2024-12-21 20:00:02+00:00,8.916247524714513e-06
2024-12-21 21:00:03+00:00,8.119293861363575e-06
2024-12-21 22:00:07+00:00,5.958865597904949e-06
2024-12-21 23:00:01+00:00,6.416183499140479e-06
2024-12-22 00:00:08+00:00,6.860489831731733e-06
2024-12-22 01:00:04+00:00,6.0780612407612305e-06
2024-12-22 02:00:16+00:00,5.515596170777411e-06
2024-12-22 03:00:01+00:00,9.673772379023234e-06
2024-12-22 04:00:04+00:00,1.2843404077542364e-05
2024-12-22 05:00:04+00:00,1.1389181180212916e-05
2024-12-22 06:00:01+00:00,8.121200189687726e-06
2024-12-22 07:00:04+00:00,6.6926248751622456e-06
2024-12-22 08:00:03+00:00,4.250866423984317e-06
2024-12-22 09:00:02+00:00,6.047482314984522e-06
2024-12-22 10:00:02+00:00,8.547819149252528e-06
2024-12-22 11:00:02+00:00,1.3103250123745414e-05
2024-12-22 12:00:09+00:00,1.4829200696005392e-05
2024-12-22 13:00:03+00:00,1.1559834284622588e-05
2024-12-22 14:00:01+00:00,9.43960794623397e-06
2024-12-22 15:00:03+00:00,7.959409293938949e-06
2024-12-22 16:00:03+00:00,6.827402513211655e-06
2024-12-22 17:00:07+00:00,5.3718831829895746e-06
2024-12-22 18:00:03+00:00,4.234263359358188e-06
2024-12-22 19:00:05+00:00,5.173125980885942e-06
2024-12-22 20:00:05+00:00,3.4786513719187573e-06
2024-12-22 21:00:06+00:00,-3.9964336927970784e-07
2024-12-22 22:00:07+00:00,3.494944294629796e-07
2024-12-22 23:00:04+00:00,9.072269453516501e-07
2024-12-23 00:00:07+00:00,2.3491146508457574e-06
2024-12-23 01:00:08+00:00,2.0768532919493986e-06
2024-12-23 02:00:07+00:00,5.260965699426122e-06
2024-12-23 03:00:08+00:00,6.407433276082893e-06
2024-12-23 04:00:01+00:00,8.161298577198978e-06
2024-12-23 05:00:07+00:00,1.4377177632848868e-05
2024-12-23 06:00:04+00:00,1.2284094011233107e-05
2024-12-23 07:00:10+00:00,9.877537562990079e-06
2024-12-23 08:00:09+00:00,9.079250903646052e-06
2024-12-23 09:00:03+00:00,8.684972643428428e-06
2024-12-23 10:00:07+00:00,9.528146945344504e-06
2024-12-23 11:00:00+00:00,9.91910080956793e-06
2024-12-23 12:00:08+00:00,1.2721706083732433e-05
2024-12-23 13:00:05+00:00,1.8076356002326564e-05
2024-12-23 14:00:01+00:00,1.993413042959469e-05
2024-12-23 15:00:03+00:00,1.9860211636830378e-05
2024-12-23 16:00:14+00:00,1.6007245774538624e-05
2024-12-23 17:00:07+00:00,1.332250584657816e-05
2024-12-23 18:00:03+00:00,1.4865348499083506e-05
2024-12-23 19:00:00+00:00,1.6888036699889738e-05
2024-12-23 20:00:07+00:00,1.992893539412907e-05
2024-12-23 21:00:09+00:00,2.8956822646472307e-05
2024-12-23 22:00:01+00:00,4.5787093833663435e-05
2024-12-23 23:00:06+00:00,5.827887677724114e-05
2024-12-24 00:00:14+00:00,5.374612339126363e-05
2024-12-24 01:00:08+00:00,4.003238189761169e-05
2024-12-24 02:00:02+00:00,3.3030812434513375e-05
2024-12-24 03:00:04+00:00,3.1009205507109886e-05
2024-12-24 04:00:09+00:00,2.736327412687651e-05
2024-12-24 05:00:02+00:00,2.3173850208254012e-05
2024-12-24 06:00:03+00:00,2.3975840771610177e-05
2024-12-24 07:00:03+00:00,1.9342093429602327e-05
2024-12-24 08:00:09+00:00,1.846699484813148e-05
2024-12-24 09:00:09+00:00,1.7710934136730467e-05
2024-12-24 10:00:04+00:00,1.2057650867153247e-05
2024-12-24 11:00:06+00:00,9.669237098601726e-06
2024-12-24 12:00:09+00:00,9.05941512089333e-06
2024-12-24 13:00:03+00:00,8.69695484643678e-06
2024-12-24 14:00:01+00:00,1.1894603504191701e-05
2024-12-24 15:00:01+00:00,1.0811689043191835e-05
2024-12-24 16:00:04+00:00,5.649381329144981e-06
2024-12-24 17:00:01+00:00,2.2953010107235062e-06
2024-12-24 18:00:00+00:00,-9.8130499457191e-07
2024-12-24 19:00:02+00:00,-5.2999512642071244e-06
2024-12-24 20:00:03+00:00,-9.902569972788869e-06
2024-12-24 21:00:03+00:00,-1.7104005449465936e-05
2024-12-24 22:00:17+00:00,-1.9736410277218258e-05
2024-12-24 23:00:05+00:00,-1.9504150372821703e-05
2024-12-25 00:00:06+00:00,-2.002796976567766e-05
2024-12-25 01:00:01+00:00,-1.8950370324843812e-05
2024-12-25 02:00:00+00:00,-1.1000446066447336e-05
2024-12-25 03:00:05+00:00,-6.868640680888923e-07
2024-12-25 04:00:03+00:00,4.774923969934921e-06
2024-12-25 05:00:06+00:00,7.042285556075703e-06
2024-12-25 06:00:02+00:00,8.188433843726325e-06
2024-12-25 07:00:10+00:00,8.004279092106398e-06
2024-12-25 08:00:05+00:00,7.882440109255736e-06
2024-12-25 09:00:09+00:00,7.873939496234287e-06
2024-12-25 10:00:02+00:00,7.76256290215677e-06
2024-12-25 11:00:24+00:00,7.833864849737667e-06
2024-12-25 12:00:02+00:00,7.84865498886454e-06
2024-12-25 13:00:08+00:00,7.218941270245752e-06
2024-12-25 14:00:04+00:00,7.770307337171006e-06
2024-12-25 15:00:12+00:00,8.226752281230398e-06
2024-12-25 16:00:06+00:00,7.6035764926254095e-06
2024-12-25 17:00:05+00:00,8.436676665843844e-06
2024-12-25 18:00:02+00:00,7.276595838727634e-06
2024-12-25 19:00:01+00:00,6.2378455787902595e-06
2024-12-25 20:00:07+00:00,1.2715596896859589e-05
2024-12-25 21:00:01+00:00,2.9885763991768526e-05
2024-12-25 22:00:00+00:00,2.14090828733813e-05
2024-12-25 23:00:01+00:00,2.2046725167303737e-05
2024-12-26 00:00:00+00:00,2.9455825152291833e-05
2024-12-26 01:00:00+00:00,2.6449600060994685e-05
2024-12-26 02:00:12+00:00,1.7557191812548048e-05
2024-12-26 03:00:01+00:00,1.4979067298941824e-05
2024-12-26 04:00:09+00:00,1.2681286715240338e-05
2024-12-26 05:00:05+00:00,1.1009886294916152e-05
2024-12-26 06:00:07+00:00,1.1157152429290329e-05
2024-12-26 07:00:21+00:00,1.0031631559340828e-05
2024-12-26 08:00:00+00:00,2.9046452489993963e-06
2024-12-26 09:00:02+00:00,-8.353505990702492e-06
2024-12-26 10:00:05+00:00,1.1804887978490735e-06
2024-12-26 11:00:01+00:00,7.852347597573448e-06
2024-12-26 12:00:02+00:00,1.897197952573872e-05
2024-12-26 13:00:06+00:00,2.0426627323178976e-05
2024-12-26 14:00:09+00:00,2.5193545303379326e-05
2024-12-26 15:00:03+00:00,2.8658245202460382e-05
2024-12-26 16:00:07+00:00,3.07041130060043e-05
2024-12-26 17:00:01+00:00,2.7122801738729566e-05
2024-12-26 18:00:07+00:00,2.059081680547923e-05
2024-12-26 19:00:09+00:00,1.8459319902745103e-05
2024-12-26 20:00:04+00:00,1.5109043274276924e-05
2024-12-26 21:00:00+00:00,1.0827506721043395e-05
2024-12-26 22:00:05+00:00,9.213632044902311e-06
2024-12-26 23:00:00+00:00,8.619369018541058e-06
2024-12-27 00:00:07+00:00,8.489976570755992e-06
2024-12-27 01:00:03+00:00,8.280978590533518e-06
2024-12-27 02:00:07+00:00,1.371120850362728e-05
2024-12-27 03:00:04+00:00,1.774661706544578e-05
2024-12-27 04:00:00+00:00,1.76098703630362e-05
2024-12-27 05:00:03+00:00,1.4276710083733334e-05
2024-12-27 06:00:08+00:00,1.2676501044803836e-05
2024-12-27 07:00:07+00:00,1.4611583242173382e-05
2024-12-27 08:00:00+00:00,1.9812490193231268e-05
2024-12-27 09:00:14+00:00,1.957441694674835e-05
2024-12-27 10:00:05+00:00,2.1037027699807063e-05
2024-12-27 11:00:01+00:00,1.8515570295358475e-05
2024-12-27 12:00:08+00:00,2.3948869045116033e-05
2024-12-27 13:00:10+00:00,2.4547380581790333e-05
2024-12-27 14:00:04+00:00,2.544678211446342e-05
2024-12-27 15:00:00+00:00,2.8393293884624926e-05
2024-12-27 16:00:01+00:00,3.1034805685157365e-05
2024-12-27 17:00:02+00:00,2.3555422536567825e-05
2024-12-27 18:00:05+00:00,2.4875685766565233e-05
2024-12-27 19:00:04+00:00,2.8715432184305154e-05
2024-12-27 20:00:08+00:00,2.732992652940154e-05
2024-12-27 21:00:03+00:00,2.7426788612318315e-05
2024-12-27 22:00:00+00:00,2.9264087819887202e-05
2024-12-27 23:00:08+00:00,3.695160738924921e-05
2024-12-28 00:00:03+00:00,3.974180115680677e-05
2024-12-28 01:00:01+00:00,2.6057354015505155e-05
2024-12-28 02:00:04+00:00,1.823138379786856e-05
2024-12-28 03:00:03+00:00,1.5225585606275268e-05
2024-12-28 04:00:03+00:00,1.1443213747483479e-05
2024-12-28 05:00:05+00:00,1.2345964283375487e-05
2024-12-28 06:00:02+00:00,1.158695588142621e-05
2024-12-28 07:00:04+00:00,1.203224556457361e-05
2024-12-28 08:00:09+00:00,1.2471021788014438e-05
2024-12-28 09:00:09+00:00,1.2526545403638847e-05
2024-12-28 10:00:03+00:00,1.1740047844948446e-05
2024-12-28 11:00:07+00:00,1.2224778483545406e-05
2024-12-28 12:00:03+00:00,1.2216533112686884e-05
2024-12-28 13:00:09+00:00,1.1847837521445508e-05
2024-12-28 14:00:01+00:00,1.1864102821161345e-05
2024-12-28 15:00:06+00:00,1.157446771576944e-05
2024-12-28 16:00:01+00:00,1.1729966874789163e-05
2024-12-28 17:00:21+00:00,1.1403704956010609e-05
2024-12-28 18:00:02+00:00,1.3977268187004006e-05
2024-12-28 19:00:10+00:00,1.4799284485767165e-05
2024-12-28 20:00:07+00:00,1.6122571350410115e-05
2024-12-28 21:00:01+00:00,1.4605853841137906e-05
2024-12-28 22:00:04+00:00,1.473087912625456e-05
2024-12-28 23:00:09+00:00,1.5776744479062056e-05
2024-12-29 00:00:07+00:00,1.291192388497366e-05
2024-12-29 01:00:06+00:00,1.3667259687975217e-05
2024-12-29 02:00:01+00:00,1.406170856821962e-05
2024-12-29 03:00:04+00:00,1.6735722673838254e-05
2024-12-29 04:00:00+00:00,1.6435033177535122e-05
2024-12-29 05:00:08+00:00,1.7759806620510223e-05
2024-12-29 06:00:03+00:00,1.794484598822481e-05
2024-12-29 07:00:00+00:00,1.8707249248626935e-05
2024-12-29 08:00:15+00:00,1.8975785965958336e-05
2024-12-29 09:00:10+00:00,1.7297994346123727e-05
2024-12-29 10:00:07+00:00,1.724281047294961e-05
2024-12-29 11:00:13+00:00,1.6760198852877546e-05
2024-12-29 13:00:07+00:00,1.6249084314149117e-05
2024-12-29 14:00:06+00:00,1.4576955702630975e-05
2024-12-29 15:00:07+00:00,1.3511276454786275e-05
2024-12-29 16:00:05+00:00,1.0389022333176502e-05
2024-12-29 17:00:06+00:00,1.3315893092370742e-05
2024-12-29 18:00:08+00:00,1.1541764395797761e-05
2024-12-29 19:00:04+00:00,1.1411950596265838e-05
2024-12-29 20:00:05+00:00,1.3192868291786678e-05
2024-12-29 21:00:00+00:00,1.4464414841820535e-05
2024-12-29 22:00:53+00:00,1.3835664989277847e-05
2024-12-29 23:00:03+00:00,1.1512731177072789e-05
2024-12-30 00:00:02+00:00,1.0867603806559267e-05
2024-12-30 01:00:04+00:00,1.0092917222647128e-05
2024-12-30 02:00:00+00:00,1.1577106767847324e-05
2024-12-30 03:00:01+00:00,9.39456632754742e-06
2024-12-30 04:00:02+00:00,8.98801716870999e-06
2024-12-30 05:00:06+00:00,9.058569064162783e-06
2024-12-30 06:00:07+00:00,9.008142043328862e-06
2024-12-30 07:00:09+00:00,1.094143684985301e-05
2024-12-30 08:00:00+00:00,1.3116171703084227e-05
2024-12-30 09:00:04+00:00,1.9449259868987226e-05
2024-12-30 10:00:06+00:00,2.1027532330812278e-05
2024-12-30 11:00:02+00:00,1.8526615796061314e-05
2024-12-30 12:00:05+00:00,1.5581071481430654e-05
2024-12-30 13:00:00+00:00,1.5171992443184615e-05
2024-12-30 14:00:05+00:00,1.5035740973403477e-05
2024-12-30 15:00:05+00:00,2.943370788385241e-05
2024-12-30 16:00:05+00:00,4.39442141021182e-05
2024-12-30 17:00:06+00:00,7.097812093775147e-05
2024-12-30 18:00:03+00:00,7.370308100412529e-05
2024-12-30 19:00:14+00:00,3.6432195928834625e-05
2024-12-30 20:00:10+00:00,2.0196144427758006e-05
2024-12-30 21:00:04+00:00,1.4319986453320043e-05
2024-12-30 22:00:00+00:00,1.06104469462074e-05
2024-12-30 23:00:05+00:00,1.098733575359678e-05
2024-12-31 00:00:07+00:00,1.1849597144280315e-05
2024-12-31 01:00:04+00:00,1.2209686837998442e-05
2024-12-31 02:00:05+00:00,1.128519420592673e-05
2024-12-31 03:00:10+00:00,2.6359730948306226e-05
2024-12-31 04:00:07+00:00,3.1834016534885495e-05
2024-12-31 05:00:05+00:00,3.4926591422917324e-05
2024-12-31 06:00:03+00:00,3.655804841161672e-05
2024-12-31 07:00:14+00:00,3.549016883600222e-05
2024-12-31 08:00:01+00:00,3.368609631778575e-05
2024-12-31 09:00:03+00:00,2.650232787005449e-05
2024-12-31 10:00:00+00:00,1.6674455739377812e-05
2024-12-31 11:00:03+00:00,1.6067522581907012e-05
2024-12-31 12:00:13+00:00,1.584550828901621e-05
2024-12-31 13:00:02+00:00,1.9771381836685484e-05
2024-12-31 14:00:00+00:00,5.682813828686333e-05
2024-12-31 15:00:05+00:00,6.348912121480488e-05
2024-12-31 16:00:06+00:00,8.102434317879449e-05
2024-12-31 17:00:05+00:00,9.703547433244512e-05
2024-12-31 18:00:01+00:00,0.00012315537858690795
2024-12-31 19:00:02+00:00,9.71736280150578e-05
2024-12-31 20:00:04+00:00,8.756793811103441e-05
2024-12-31 21:00:01+00:00,8.30918846281407e-05
2024-12-31 22:00:03+00:00,8.298484848167537e-05
2024-12-31 23:00:04+00:00,8.20843435616974e-05
2025-01-01 00:00:00+00:00,8.955933355767626e-05
2025-01-01 01:00:06+00:00,9.730961418890502e-05
2025-01-01 02:00:00+00:00,7.82112425261248e-05
2025-01-01 03:00:07+00:00,1.94257904835167e-05
2025-01-01 04:00:02+00:00,-3.845644749695075e-06
2025-01-01 05:00:01+00:00,-8.434194025064374e-06
2025-01-01 06:00:02+00:00,-8.743379489287141e-06
2025-01-01 07:00:02+00:00,-1.0375698943207849e-05
2025-01-01 08:00:01+00:00,1.711955414356311e-05
2025-01-01 09:00:05+00:00,2.904914856910309e-05
2025-01-01 10:00:04+00:00,3.266302477312738e-05
2025-01-01 11:00:09+00:00,3.3747055872043056e-05
2025-01-01 12:00:07+00:00,3.5698204062953746e-05
2025-01-01 13:00:27+00:00,3.6310643161595294e-05
2025-01-01 14:00:07+00:00,3.3936816641047654e-05
2025-01-01 15:00:12+00:00,3.501041250416053e-05
2025-01-01 16:00:02+00:00,3.2618672468544064e-05
2025-01-01 17:00:06+00:00,3.0089186528751083e-05
2025-01-01 18:00:10+00:00,2.6836930368998996e-05
2025-01-01 19:00:02+00:00,2.62484766254988e-05
2025-01-01 20:00:07+00:00,2.3245852006875776e-05
2025-01-01 21:00:00+00:00,2.2398217435886507e-05
2025-01-01 22:00:13+00:00,2.100791123831229e-05
2025-01-01 23:00:08+00:00,1.906420956720887e-05
2025-01-02 00:00:01+00:00,2.066647136607506e-05
2025-01-02 01:00:09+00:00,2.0600227528326755e-05
2025-01-02 02:00:00+00:00,1.7310310336540325e-05
2025-01-02 03:00:14+00:00,2.0961426562681425e-05
2025-01-02 04:00:05+00:00,2.2407522209101737e-05
2025-01-02 05:00:03+00:00,2.920184094372913e-05
2025-01-02 06:00:03+00:00,2.9287925511840078e-05
2025-01-02 07:00:01+00:00,3.0218732897547238e-05
2025-01-02 08:00:02+00:00,2.5155244877343177e-05
2025-01-02 09:00:01+00:00,2.3192211133104768e-05
2025-01-02 10:00:07+00:00,2.3891789017791372e-05
2025-01-02 11:00:09+00:00,1.9722416512571478e-05
2025-01-02 12:00:01+00:00,1.5514021507728515e-05
2025-01-02 13:00:08+00:00,1.1310863123362567e-05
2025-01-07 00:00:04+00:00,-7.271185926655455e-06
2025-01-07 01:00:02+00:00,-1.0850854174976091e-05
2025-01-07 02:00:20+00:00,-1.1981432009727903e-05
2025-01-07 03:00:03+00:00,-1.1004318991240144e-05
2025-01-07 04:00:01+00:00,-8.707472927510834e-06
2025-01-07 05:00:01+00:00,-5.4897298173813565e-06
2025-01-07 06:00:01+00:00,-4.704482810324688e-06
2025-01-07 07:00:06+00:00,-4.208973114687533e-06
2025-01-07 08:00:06+00:00,-3.716825030095287e-06
2025-01-07 09:00:50+00:00,-2.034346772805193e-06
2025-01-07 10:00:00+00:00,9.197681022158817e-06
2025-01-07 11:00:01+00:00,1.8254587328876172e-05
2025-01-07 12:00:11+00:00,2.1246031016159895e-05
2025-01-07 13:00:04+00:00,2.061470643494603e-05
2025-01-07 14:00:05+00:00,1.6462103873258416e-05
2025-01-07 15:00:08+00:00,1.322052835831524e-05
2025-01-07 16:00:03+00:00,1.8463597117077157e-05
2025-01-07 17:00:01+00:00,2.186622102268456e-05
2025-01-07 18:00:05+00:00,1.7982798975294086e-05
2025-01-07 19:00:01+00:00,1.9327664348518102e-05
2025-01-07 20:00:00+00:00,2.115914743300812e-05
2025-01-07 21:00:00+00:00,2.3588395090198352e-05
2025-01-07 22:00:13+00:00,4.0956564429710685e-05
2025-01-07 23:00:02+00:00,5.89332424575188e-05
2025-01-08 00:00:00+00:00,5.813995453995575e-05
2025-01-08 01:00:01+00:00,5.17185987035712e-05
2025-01-08 02:00:05+00:00,4.438234626327484e-05
2025-01-08 03:00:07+00:00,4.0393166598207246e-05
2025-01-08 04:00:00+00:00,2.9127099088996263e-05
2025-01-08 05:00:05+00:00,8.13967740350135e-06
2025-01-08 06:00:00+00:00,2.8315934639776736e-06
2025-01-08 07:00:05+00:00,-3.1468672354308924e-05
2025-01-08 08:00:03+00:00,1.848779849517768e-07
2025-01-08 09:00:12+00:00,-8.21742222967742e-07
