time,fundingRate
2023-06-01 00:00:20+00:00,-5.724418133839688e-07
2023-06-01 01:00:20+00:00,-5.722181127967509e-07
2023-06-01 02:00:14+00:00,-1.7419903284696961e-06
2023-06-01 03:00:20+00:00,0.0
2023-06-01 04:00:19+00:00,-5.747448693506785e-07
2023-06-01 05:00:17+00:00,-1.7518534609616973e-06
2023-06-01 06:00:16+00:00,-5.726416939020644e-07
2023-06-01 07:00:22+00:00,0.0
2023-06-01 08:00:17+00:00,-1.7469812164579604e-06
2023-06-01 09:00:36+00:00,-5.728497177667245e-07
2023-06-01 10:00:13+00:00,-2.8987123028039467e-06
2023-06-01 11:00:19+00:00,0.0
2023-06-01 12:00:17+00:00,-1.7412623455500298e-06
2023-06-01 13:00:14+00:00,-2.3091475628755843e-06
2023-06-01 14:00:34+00:00,0.0
2023-06-01 15:00:16+00:00,-1.7431563680988439e-06
2023-06-01 16:00:18+00:00,-5.716755671439925e-07
2023-06-01 17:00:16+00:00,-1.1591823102934833e-05
2023-06-01 18:00:16+00:00,-5.697134758080205e-07
2023-06-01 19:00:14+00:00,-1.734352670209371e-06
2023-06-01 20:00:19+00:00,0.0
2023-06-01 21:00:13+00:00,-1.1567783027414252e-06
2023-06-01 22:00:17+00:00,-5.713648652415062e-07
2023-06-01 23:00:17+00:00,-5.711897464474785e-07
2023-06-02 00:00:20+00:00,0.0
2023-06-02 01:00:23+00:00,0.0
2023-06-02 02:00:16+00:00,-1.74578567338445e-06
2023-06-02 03:00:16+00:00,-1.1016866530174515e-05
2023-06-02 04:00:11+00:00,-1.7370037380320442e-06
2023-06-02 05:00:30+00:00,-5.693021189147158e-07
2023-06-02 06:00:12+00:00,-1.733510844843845e-06
2023-06-02 07:00:14+00:00,0.0
2023-06-02 08:00:23+00:00,-5.688992493305028e-07
2023-06-02 09:00:18+00:00,-2.297450660171063e-06
2023-06-02 10:00:19+00:00,0.0
2023-06-02 11:00:25+00:00,0.0
2023-06-02 12:00:25+00:00,0.0
2023-06-02 13:00:16+00:00,-1.734761851892972e-06
2023-06-02 14:00:19+00:00,-2.310304514836052e-06
2023-06-02 15:00:21+00:00,0.0
2023-06-02 16:00:18+00:00,-1.7337031900138697e-06
2023-06-02 17:00:25+00:00,0.0
2023-06-02 18:00:21+00:00,-1.7321416198988428e-06
2023-06-02 19:00:27+00:00,-5.674269264836139e-07
2023-06-02 20:00:21+00:00,-1.71875644533667e-06
2023-06-02 21:00:21+00:00,0.0
2023-06-02 22:00:23+00:00,0.0
2023-06-02 23:00:11+00:00,2.8649743116486e-06
2023-06-03 00:00:14+00:00,0.0
2023-06-03 01:00:15+00:00,0.0
2023-06-03 02:00:19+00:00,0.0
2023-06-03 03:00:17+00:00,-1.7277602698070439e-06
2023-06-03 04:00:20+00:00,-2.87269010855454e-06
2023-06-03 05:00:23+00:00,-5.743714360666602e-06
2023-06-03 06:00:14+00:00,-6.897312806930419e-06
2023-06-03 07:00:23+00:00,-5.653768719490334e-07
2023-06-03 08:00:22+00:00,-5.650729771076534e-07
2023-06-03 09:00:19+00:00,-1.1452540946283445e-06
2023-06-03 10:00:18+00:00,-5.658528506562514e-07
2023-06-03 11:00:22+00:00,-5.65782573896724e-07
2023-06-03 12:00:19+00:00,-2.2878879761839135e-06
2023-06-03 13:00:15+00:00,-2.284236019374725e-06
2023-06-03 14:00:17+00:00,0.0
2023-06-03 15:00:11+00:00,-7.4419500385165625e-06
2023-06-03 16:00:16+00:00,-5.635274066743637e-07
2023-06-03 17:00:17+00:00,-5.628698123309674e-07
2023-06-03 18:00:24+00:00,0.0
2023-06-03 19:00:18+00:00,-1.1419294480215728e-06
2023-06-03 20:00:20+00:00,0.0
2023-06-03 21:00:24+00:00,-5.653534838184802e-07
2023-06-03 22:00:15+00:00,-1.7262332210130915e-06
2023-06-03 23:00:20+00:00,-5.653768719490334e-07
2023-06-04 00:00:21+00:00,-5.642874838283465e-07
2023-06-04 01:00:24+00:00,0.0
2023-06-04 02:00:22+00:00,-1.7185910303296947e-06
2023-06-04 03:00:13+00:00,-1.7153129416930825e-06
2023-06-04 04:00:14+00:00,0.0
2023-06-04 05:00:16+00:00,0.0
2023-06-04 06:00:14+00:00,-1.14233807701836e-06
2023-06-04 07:00:17+00:00,-5.628002745367193e-07
2023-06-04 08:00:20+00:00,-5.628002745367193e-07
2023-06-04 09:00:24+00:00,-5.626458076025799e-07
2023-06-04 10:00:19+00:00,-1.7125633648444993e-06
2023-06-04 11:00:22+00:00,0.0
2023-06-04 12:00:14+00:00,-1.7150775901101765e-06
2023-06-04 13:00:19+00:00,3.9947286055514375e-06
2023-06-04 14:00:23+00:00,-5.626689722370895e-07
2023-06-04 15:00:19+00:00,-1.1392491936037334e-06
2023-06-04 16:00:14+00:00,-1.7172452638375623e-06
2023-06-04 17:00:13+00:00,-5.636436122681844e-07
2023-06-04 18:00:15+00:00,5.725295898706304e-06
2023-06-04 19:00:20+00:00,-5.629393673110721e-07
2023-06-04 20:00:20+00:00,-4.569593676670372e-06
2023-06-04 21:00:11+00:00,-2.2738791556511378e-06
2023-06-04 22:00:15+00:00,7.420310528337082e-06
2023-06-04 23:00:10+00:00,-2.2744399534150857e-06
2023-06-05 00:00:16+00:00,0.0
2023-06-05 01:00:20+00:00,0.0
2023-06-05 02:00:16+00:00,-1.7302953960300102e-06
2023-06-05 03:00:17+00:00,0.0
2023-06-05 04:00:23+00:00,0.0
2023-06-05 05:00:17+00:00,-1.7430834448906737e-06
2023-06-05 06:00:15+00:00,2.3151376530640706e-06
2023-06-05 07:00:14+00:00,-5.718828895429122e-07
2023-06-05 08:00:20+00:00,-5.713728277380604e-07
2023-06-05 09:00:35+00:00,-5.710147349655999e-07
2023-06-05 10:00:22+00:00,-1.1560532620201684e-06
2023-06-05 11:00:29+00:00,0.0
2023-06-05 12:00:21+00:00,-1.741213834988647e-06
2023-06-05 13:00:32+00:00,0.0
2023-06-05 14:00:31+00:00,-5.741894825292348e-07
2023-06-05 15:00:25+00:00,-1.7504796314190087e-06
2023-06-05 16:00:44+00:00,-0.00023903959203909624
2023-06-05 17:00:41+00:00,1.4148156899810965e-05
2023-06-05 18:00:24+00:00,3.9358862866224847e-05
2023-06-05 19:00:17+00:00,-1.8831824276481309e-06
2023-06-05 20:00:24+00:00,-6.153661428549987e-07
2023-06-05 21:00:29+00:00,0.0
2023-06-05 22:00:21+00:00,4.411831454724261e-05
2023-06-05 23:00:25+00:00,-6.185878092939047e-07
2023-06-06 00:00:18+00:00,-2.49838207185106e-06
2023-06-06 01:00:19+00:00,-6.159022968649071e-07
2023-06-06 02:00:17+00:00,3.7683518736245517e-06
2023-06-06 03:00:29+00:00,-6.157635467980296e-07
2023-06-06 04:00:15+00:00,-2.4903611023598425e-06
2023-06-06 05:00:22+00:00,-6.139838567171332e-07
2023-06-06 06:00:15+00:00,-1.8762007684918345e-06
2023-06-06 07:00:16+00:00,-6.15163018199823e-07
2023-06-06 08:00:08+00:00,-1.8778637422068654e-06
2023-06-06 09:00:20+00:00,-1.8771869227650213e-06
2023-06-06 10:00:21+00:00,-6.153107319196195e-07
2023-06-06 11:00:16+00:00,-2.483059847725607e-06
2023-06-06 12:00:13+00:00,-1.8727152873494337e-06
2023-06-06 13:00:14+00:00,0.0
2023-06-06 14:00:18+00:00,4.680946674655482e-05
2023-06-06 15:00:19+00:00,-1.0457902511078288e-05
2023-06-06 16:00:25+00:00,-6.027195883866226e-07
2023-06-06 17:00:33+00:00,-5.998712471469538e-07
2023-06-06 18:00:19+00:00,0.0
2023-06-06 19:00:46+00:00,-5.824277292421337e-07
2023-06-06 20:00:23+00:00,-2.9332543611005346e-06
2023-06-06 21:00:34+00:00,-2.116939751894661e-05
2023-06-06 22:00:10+00:00,-2.3532747377374537e-06
2023-06-06 23:00:23+00:00,-5.810822302219451e-07
2023-06-07 00:00:46+00:00,0.0
2023-06-07 01:00:11+00:00,-1.7789036261171515e-06
2023-06-07 02:00:17+00:00,0.0
2023-06-07 03:00:26+00:00,0.0
2023-06-07 04:00:13+00:00,-1.7954610744039069e-06
2023-06-07 05:00:12+00:00,-5.884210224174058e-07
2023-06-07 06:00:16+00:00,-5.872242910340878e-07
2023-06-07 07:00:14+00:00,-1.7904718251353595e-06
2023-06-07 08:00:16+00:00,0.0
2023-06-07 09:00:14+00:00,-1.7971647928228424e-06
2023-06-07 10:00:28+00:00,0.0
2023-06-07 11:00:18+00:00,-1.212971487862978e-06
2023-06-07 12:00:26+00:00,0.0
2023-06-07 13:00:23+00:00,-1.832495272162198e-06
2023-06-07 14:00:16+00:00,-1.8356977119863717e-06
2023-06-07 15:00:20+00:00,-1.354428508058554e-05
2023-06-07 16:00:18+00:00,-2.6538837684853153e-05
2023-06-07 17:03:48+00:00,-6.08362762263703e-07
2023-06-07 18:00:13+00:00,-1.910130646426088e-05
2023-06-07 19:00:10+00:00,-2.45108896271687e-06
2023-06-07 20:00:16+00:00,-6.052196504487483e-07
2023-06-07 21:00:21+00:00,0.0
2023-06-07 22:00:27+00:00,-1.8546269232481197e-05
2023-06-07 23:00:17+00:00,-1.8581281959804971e-06
2023-06-08 00:00:23+00:00,-6.091038744948896e-07
2023-06-08 01:00:14+00:00,-1.8540217439670132e-06
2023-06-08 02:00:15+00:00,-3.140053787274286e-05
2023-06-08 03:00:14+00:00,-6.054699037155178e-07
2023-06-08 04:00:17+00:00,1.2296114131642493e-06
2023-06-08 05:00:18+00:00,-6.064640189335109e-07
2023-06-08 06:00:07+00:00,-4.975967917907587e-05
2023-06-08 07:00:16+00:00,-1.1674932105325303e-05
2023-06-08 08:00:39+00:00,-2.086833495446105e-05
2023-06-08 09:00:21+00:00,-2.4451678475157976e-06
2023-06-08 10:00:16+00:00,-1.843086949469928e-06
2023-06-08 11:00:17+00:00,4.2884300809054335e-06
2023-06-08 12:00:18+00:00,-6.027904788508756e-07
2023-06-08 13:00:19+00:00,-6.015258215962442e-07
2023-06-08 14:00:21+00:00,-2.0178450881981747e-05
2023-06-08 15:00:19+00:00,-2.4323413483376558e-06
2023-06-08 16:00:14+00:00,-2.5046926325668698e-05
2023-06-08 17:00:20+00:00,0.0
2023-06-08 18:00:20+00:00,-7.374196212612825e-06
2023-06-08 19:00:33+00:00,-6.03455888846369e-07
2023-06-08 20:00:19+00:00,-2.4381646201750777e-06
2023-06-08 21:00:18+00:00,-1.7120119811473123e-05
2023-06-08 22:00:17+00:00,-1.3474749555009635e-05
2023-06-08 23:00:13+00:00,-2.439490352256529e-06
2023-06-09 00:00:28+00:00,-1.2244058030661592e-05
2023-06-09 01:00:13+00:00,-2.5751199270137437e-05
2023-06-09 02:00:19+00:00,-2.6342109133696135e-05
2023-06-09 03:00:14+00:00,-1.4114388425612162e-05
2023-06-09 04:00:15+00:00,-3.0659473482503465e-06
2023-06-09 05:00:14+00:00,-1.963759575721862e-05
2023-06-09 06:00:17+00:00,-6.037402444411722e-07
2023-06-09 07:00:21+00:00,-6.037135747205985e-07
2023-06-09 08:00:22+00:00,-1.2236112749144945e-06
2023-06-09 09:00:20+00:00,-2.4427570781093647e-06
2023-06-09 10:00:32+00:00,-6.026664314797667e-07
2023-06-09 11:00:16+00:00,-2.4387019054195008e-06
2023-06-09 12:00:18+00:00,-2.43906022715585e-06
2023-06-09 13:00:32+00:00,-5.970323125536966e-07
2023-06-09 14:03:09+00:00,-0.00011374258557850354
2023-06-09 15:00:20+00:00,-5.962533503418424e-06
2023-06-09 16:03:13+00:00,0.0
2023-06-09 17:00:23+00:00,3.010565928499059e-06
2023-06-09 18:00:07+00:00,-1.812645011600928e-06
2023-06-09 19:03:31+00:00,0.0
2023-06-09 20:00:50+00:00,7.288311006807282e-06
2023-06-09 21:03:14+00:00,-5.976066582127189e-07
2023-06-09 22:03:18+00:00,-5.95350458129438e-07
2023-06-09 23:06:23+00:00,-5.925797453352412e-07
2023-06-10 00:03:20+00:00,-4.79910070905632e-06
2023-06-10 01:00:13+00:00,9.514829418823932e-06
2023-06-10 02:03:13+00:00,-1.4295312567009277e-05
2023-06-10 03:03:34+00:00,0.0
2023-06-10 04:00:20+00:00,-1.088660512105905e-05
2023-06-10 05:00:29+00:00,-0.00010331519970242248
2023-06-10 06:00:44+00:00,0.0
2023-06-10 07:06:09+00:00,0.0
2023-06-10 08:03:05+00:00,-1.1744214978850461e-05
2023-06-10 09:00:35+00:00,-4.830757482693936e-06
2023-06-10 10:03:22+00:00,0.0
2023-06-10 11:00:31+00:00,4.865732535197137e-06
2023-06-10 12:00:19+00:00,-6.9562890873214944e-06
2023-06-10 13:00:14+00:00,-2.7844873859366614e-06
2023-06-10 14:03:11+00:00,0.0
2023-06-10 15:00:39+00:00,-8.278095937755664e-05
2023-06-10 16:00:13+00:00,-8.035981510425327e-05
2023-06-10 17:00:15+00:00,-6.78965323088133e-07
2023-06-10 18:06:10+00:00,-6.684382998842461e-07
2023-06-10 19:06:04+00:00,-2.040749689806047e-06
2023-06-10 20:07:16+00:00,-6.691692508568631e-07
2023-06-10 21:06:04+00:00,-4.7357885657558545e-06
2023-06-10 22:06:08+00:00,-6.662116928276625e-07
2023-06-10 23:04:12+00:00,-8.079763424526929e-06
2023-06-11 00:00:20+00:00,-1.6815002665202153e-05
2023-06-11 01:06:39+00:00,0.0
2023-06-11 02:00:27+00:00,-1.3467685667461747e-06
2023-06-11 03:00:25+00:00,-2.6911790931050694e-06
2023-06-11 04:00:15+00:00,-2.027903958468527e-06
2023-06-11 05:00:19+00:00,-6.630334589323544e-07
2023-06-11 06:00:26+00:00,-6.617920036156442e-07
2023-06-11 07:00:19+00:00,-2.6747015129787474e-06
2023-06-11 08:00:16+00:00,-3.226535024037686e-05
2023-06-11 09:00:40+00:00,-3.1583192192918785e-05
2023-06-11 10:00:28+00:00,-2.682221396370922e-06
2023-06-11 11:06:20+00:00,-6.617065573505915e-07
2023-06-11 12:00:22+00:00,-1.8130539887187752e-05
2023-06-11 13:03:12+00:00,-6.605445464797809e-07
2023-06-11 14:04:01+00:00,0.0
2023-06-11 15:00:13+00:00,-1.011850796528947e-05
2023-06-11 16:00:40+00:00,0.0
2023-06-11 17:06:13+00:00,-6.639568589982349e-07
2023-06-11 18:00:30+00:00,-1.68057730494164e-05
2023-06-11 19:00:10+00:00,-3.3504614938548027e-06
2023-06-11 20:00:27+00:00,-6.591851828033056e-07
2023-06-11 21:00:20+00:00,-2.663671373555841e-06
2023-06-11 22:03:33+00:00,0.0
2023-06-11 23:03:14+00:00,-2.6831751984094913e-06
2023-06-12 00:00:13+00:00,-8.773636923875319e-06
2023-06-12 01:06:37+00:00,-2.6999772291077065e-06
2023-06-12 02:00:14+00:00,-8.807918986682297e-06
2023-06-12 03:06:06+00:00,-3.075182050777406e-05
2023-06-12 04:00:22+00:00,-8.900222094266678e-06
2023-06-12 05:00:18+00:00,-2.7278404049035398e-06
2023-06-12 06:03:15+00:00,0.0
2023-06-12 07:00:13+00:00,-1.230981338322911e-05
2023-06-12 08:06:04+00:00,0.0
2023-06-12 09:03:11+00:00,-1.0242375575621509e-05
2023-06-12 10:03:52+00:00,-6.677850709318046e-07
2023-06-12 11:00:20+00:00,-2.0303084444588825e-05
2023-06-12 12:00:23+00:00,0.0
2023-06-12 13:00:12+00:00,-2.7053895923988334e-06
2023-06-12 14:03:16+00:00,-1.905602405700464e-05
2023-06-12 15:00:15+00:00,-9.529257927427263e-06
2023-06-12 16:00:29+00:00,0.0
2023-06-12 17:00:19+00:00,-2.7096732068819172e-06
2023-06-12 18:06:05+00:00,-6.688963210702341e-07
2023-06-12 19:03:52+00:00,-1.0839138076948115e-05
2023-06-12 20:00:10+00:00,-1.1530944625407167e-05
2023-06-12 21:00:17+00:00,-6.66785929190587e-07
2023-06-12 22:00:18+00:00,-6.65044606650446e-07
2023-06-12 23:00:27+00:00,0.0
2023-06-13 00:00:15+00:00,-2.6944115307828402e-06
2023-06-13 01:00:11+00:00,-2.0292537216513255e-06
2023-06-13 02:00:24+00:00,-6.653899834463956e-07
2023-06-13 03:00:20+00:00,-2.6841296790363005e-06
2023-06-13 04:00:14+00:00,-2.6791045980536145e-06
2023-06-13 05:00:19+00:00,0.0
2023-06-13 06:00:30+00:00,-6.624335546830822e-07
2023-06-13 07:00:27+00:00,-2.0206592198638884e-06
2023-06-13 08:00:14+00:00,-3.359335885136554e-06
2023-06-13 09:00:20+00:00,-6.605764738105597e-07
2023-06-13 10:00:15+00:00,-2.0196797595773214e-06
2023-06-13 11:00:16+00:00,0.0
2023-06-13 12:00:19+00:00,-6.612583262100221e-07
2023-06-13 13:00:34+00:00,-6.608000515746382e-07
2023-06-13 14:00:30+00:00,-2.022555539375111e-06
2023-06-13 15:00:20+00:00,-2.0296491142611264e-06
2023-06-13 16:00:17+00:00,-2.0457260690964438e-06
2023-06-13 17:00:18+00:00,-2.5243259181600758e-05
2023-06-13 18:00:24+00:00,-6.713387477076238e-07
2023-06-13 19:00:13+00:00,-2.7091867543616274e-06
2023-06-13 20:00:19+00:00,-6.670137307216764e-07
2023-06-13 21:00:20+00:00,-6.65811396742396e-07
2023-06-13 22:00:17+00:00,-2.691659099753535e-06
2023-06-13 23:00:23+00:00,0.0
2023-06-14 00:00:18+00:00,-2.6908301048775347e-06
2023-06-14 01:00:14+00:00,-2.682828282828283e-06
2023-06-14 02:00:24+00:00,-6.610344382819554e-07
2023-06-14 03:00:40+00:00,-6.610344382819554e-07
2023-06-14 04:00:16+00:00,-2.6772898085576506e-06
2023-06-14 05:00:19+00:00,0.0
2023-06-14 06:00:16+00:00,-2.0237671210698443e-06
2023-06-14 07:00:15+00:00,-1.3425207039337474e-06
2023-06-14 08:00:21+00:00,0.0
2023-06-14 09:00:11+00:00,-2.684737429444777e-06
2023-06-14 10:00:15+00:00,-6.622409587956906e-07
2023-06-14 11:00:15+00:00,0.0
2023-06-14 12:00:17+00:00,-6.618774719509243e-07
2023-06-14 13:00:19+00:00,-6.618561027975527e-07
2023-06-14 14:00:14+00:00,-2.0215742402924004e-06
2023-06-14 15:00:13+00:00,-1.3418044845369157e-06
2023-06-14 16:00:12+00:00,-6.635163127912999e-07
2023-06-14 17:00:17+00:00,-6.633982169150365e-07
2023-06-14 18:00:33+00:00,-6.631085233705321e-07
2023-06-14 19:00:16+00:00,-4.050485248132726e-06
2023-06-14 20:00:15+00:00,-6.651417076296621e-07
2023-06-14 21:00:53+00:00,-5.8603511907717266e-05
2023-06-14 22:00:11+00:00,-2.770684158696777e-06
2023-06-14 23:00:12+00:00,-6.835839807929575e-07
2023-06-15 00:00:17+00:00,-6.804979253112034e-07
2023-06-15 01:00:15+00:00,-2.075446636116092e-06
2023-06-15 02:00:15+00:00,0.0
2023-06-15 03:00:25+00:00,0.0
2023-06-15 04:00:13+00:00,-2.760639270925147e-06
2023-06-15 05:00:16+00:00,0.0
2023-06-15 06:03:11+00:00,0.0
2023-06-15 07:00:24+00:00,-6.940736785904965e-06
2023-06-15 08:00:23+00:00,-1.3834716805013835e-06
2023-06-15 09:00:24+00:00,-6.826620489851647e-07
2023-06-15 10:00:13+00:00,-2.7466163671862073e-06
2023-06-15 11:00:19+00:00,-6.755643433844126e-07
2023-06-15 12:00:13+00:00,-2.731610992265921e-06
2023-06-15 13:00:16+00:00,-6.728812446661853e-07
2023-06-15 14:00:18+00:00,-6.703289516709176e-07
2023-06-15 15:03:10+00:00,-1.56622960468234e-05
2023-06-15 16:00:15+00:00,-6.810740013097577e-06
2023-06-15 17:00:18+00:00,0.0
2023-06-15 18:03:06+00:00,0.0
2023-06-15 19:00:29+00:00,6.708224938235247e-07
2023-06-15 20:00:16+00:00,-2.7036711293527475e-06
2023-06-15 21:00:27+00:00,-6.672851260517879e-07
2023-06-15 22:00:14+00:00,-3.3770619560981947e-06
2023-06-15 23:00:24+00:00,0.0
2023-06-16 00:00:13+00:00,-2.033148452367398e-06
2023-06-16 01:00:14+00:00,0.0
2023-06-16 02:00:19+00:00,-6.654331807706041e-07
2023-06-16 03:00:19+00:00,0.0
2023-06-16 04:00:12+00:00,-2.691484532070822e-06
2023-06-16 05:00:14+00:00,0.0
2023-06-16 06:00:14+00:00,-6.635807464474153e-07
2023-06-16 07:00:19+00:00,-6.632587032483499e-07
2023-06-16 08:00:12+00:00,-2.0269174639208688e-06
2023-06-16 09:00:13+00:00,-6.646457114140744e-07
2023-06-16 10:00:12+00:00,-1.3447175283119746e-06
2023-06-16 11:00:16+00:00,0.0
2023-06-16 12:00:15+00:00,-6.684056080860776e-07
2023-06-16 13:00:17+00:00,-1.8327549973119593e-05
2023-06-16 14:00:20+00:00,-6.690709704792833e-07
2023-06-16 15:03:15+00:00,0.0
2023-06-16 16:03:48+00:00,-6.681550771637632e-07
2023-06-16 17:00:42+00:00,-4.065371168387674e-06
2023-06-16 18:00:46+00:00,-6.62722658649339e-07
2023-06-16 19:00:19+00:00,-4.019357224392675e-06
2023-06-16 20:00:25+00:00,-6.584652940609643e-07
2023-06-16 21:00:20+00:00,-2.6594892498958635e-06
2023-06-16 22:00:17+00:00,-2.0127203928830205e-06
2023-06-16 23:00:18+00:00,0.0
2023-06-17 00:00:15+00:00,-2.672634476984753e-06
2023-06-17 01:00:16+00:00,0.0
2023-06-17 02:00:18+00:00,0.0
2023-06-17 03:00:23+00:00,-6.610344382819554e-07
2023-06-17 04:00:20+00:00,-2.0171050508310473e-06
2023-06-17 05:00:14+00:00,-2.6775921027163044e-06
2023-06-17 06:06:05+00:00,-6.561049767962875e-07
2023-06-17 07:00:29+00:00,-1.7308614351925842e-05
2023-06-17 08:00:19+00:00,-2.6536647749980018e-06
2023-06-17 09:00:15+00:00,-1.998976524019702e-06
2023-06-17 10:00:19+00:00,-6.546801647877879e-07
2023-06-17 11:00:14+00:00,-2.6499369442715067e-06
2023-06-17 12:00:11+00:00,-2.0001280081925243e-06
2023-06-17 13:00:14+00:00,0.0
2023-06-17 14:00:13+00:00,-6.575570952014371e-07
2023-06-17 15:00:18+00:00,-9.365612298992754e-06
2023-06-17 16:00:13+00:00,-2.009581685476351e-06
2023-06-17 17:00:18+00:00,-6.580848126865911e-07
2023-06-17 18:00:14+00:00,-2.0099371291665994e-06
2023-06-17 19:00:16+00:00,-4.013678616725801e-06
2023-06-17 20:00:15+00:00,-5.2240725262007326e-05
2023-06-17 21:00:13+00:00,-2.010777768840988e-06
2023-06-17 22:00:14+00:00,-6.594502436749072e-07
2023-06-17 23:00:11+00:00,-2.6671808220058485e-06
2023-06-18 00:06:20+00:00,0.0
2023-06-18 01:00:16+00:00,-1.6809029403691207e-05
2023-06-18 02:00:08+00:00,-2.680315825165905e-06
2023-06-18 03:00:11+00:00,0.0
2023-06-18 04:00:14+00:00,-6.627869382476561e-07
2023-06-18 05:00:28+00:00,-6.623693436081358e-07
2023-06-18 06:00:14+00:00,-2.683001729404729e-06
2023-06-18 07:00:15+00:00,0.0
2023-06-18 08:00:13+00:00,-2.6867362628469695e-06
2023-06-18 09:00:14+00:00,-6.606722743240195e-07
2023-06-18 10:00:14+00:00,-6.594290309609973e-07
2023-06-18 11:00:15+00:00,-6.59132196196325e-07
2023-06-18 12:00:11+00:00,-2.0097755482667693e-06
2023-06-18 13:00:15+00:00,0.0
2023-06-18 14:00:13+00:00,-2.6669237195552987e-06
2023-06-18 15:00:13+00:00,-6.523883779397257e-07
2023-06-18 16:00:10+00:00,-4.963232374569191e-05
2023-06-18 17:00:13+00:00,-6.511657455053682e-07
2023-06-18 18:00:15+00:00,-6.509899811054128e-07
2023-06-18 19:00:15+00:00,0.0
2023-06-18 20:00:14+00:00,-6.531574587395655e-07
2023-06-18 21:00:24+00:00,-5.2228132482684364e-05
2023-06-18 22:00:15+00:00,-2.020953243225765e-06
2023-06-18 23:00:22+00:00,-6.62401447589505e-07
2023-06-19 00:00:14+00:00,-3.35364870529812e-06
2023-06-19 01:00:29+00:00,0.0
2023-06-19 02:00:13+00:00,-2.679623561316567e-06
2023-06-19 03:00:12+00:00,-1.3382995533626793e-06
2023-06-19 04:00:13+00:00,0.0
2023-06-19 05:00:14+00:00,-6.616318099664343e-07
2023-06-19 06:00:16+00:00,-6.604807010761003e-07
2023-06-19 07:00:10+00:00,-2.0157063841452597e-06
2023-06-19 08:00:16+00:00,-6.610877311791549e-07
2023-06-19 09:03:19+00:00,-3.964899829015711e-05
2023-06-19 10:00:20+00:00,-1.2105169714479398e-05
2023-06-19 11:00:13+00:00,-2.680878552971576e-06
2023-06-19 12:00:15+00:00,-6.621767850509553e-07
2023-06-19 13:00:11+00:00,-2.674399871113259e-06
2023-06-19 14:00:15+00:00,-6.599278908060778e-07
2023-06-19 15:00:12+00:00,-2.0186360479950905e-06
2023-06-19 16:00:16+00:00,0.0
2023-06-19 17:00:20+00:00,0.0
2023-06-19 18:00:14+00:00,-2.484081566857419e-05
2023-06-19 19:00:29+00:00,-6.590368417668617e-07
2023-06-19 20:00:17+00:00,-4.018323555412681e-06
2023-06-19 21:00:22+00:00,-6.575781876503609e-07
2023-06-19 22:00:12+00:00,-2.664526484751204e-06
2023-06-19 23:00:21+00:00,-6.580108812531095e-07
2023-06-20 00:00:14+00:00,-2.662005484372745e-06
2023-06-20 01:03:13+00:00,-6.567039866737143e-07
2023-06-20 02:00:13+00:00,-1.7347151254985504e-05
2023-06-20 03:00:06+00:00,-2.6610666709414727e-06
2023-06-20 04:00:14+00:00,0.0
2023-06-20 05:00:22+00:00,0.0
2023-06-20 06:00:10+00:00,-2.6672665338389356e-06
2023-06-20 07:00:13+00:00,0.0
2023-06-20 08:00:18+00:00,0.0
2023-06-20 09:00:19+00:00,0.0
2023-06-20 10:00:15+00:00,-5.5894998868522296e-05
2023-06-20 11:00:20+00:00,-6.624121496082075e-07
2023-06-20 12:00:17+00:00,-2.681311581327734e-06
2023-06-20 13:00:15+00:00,-2.0199082153706936e-06
2023-06-20 14:03:28+00:00,0.0
2023-06-20 15:00:36+00:00,-2.1054863330941352e-05
2023-06-20 16:03:15+00:00,-6.688963210702341e-07
2023-06-20 17:03:09+00:00,-2.6968628661478726e-06
2023-06-20 18:00:20+00:00,-9.433199035645518e-06
2023-06-20 19:00:18+00:00,-2.664440948926198e-06
2023-06-20 20:00:14+00:00,-2.6594892498958635e-06
2023-06-20 21:00:34+00:00,-6.548997683891064e-07
2023-06-20 22:00:16+00:00,-4.7293948357182826e-05
2023-06-20 23:03:12+00:00,-6.536677135978828e-07
2023-06-21 00:00:30+00:00,-2.384965179508379e-05
2023-06-21 01:00:17+00:00,-2.632413574373612e-06
2023-06-21 02:00:18+00:00,-2.8195399946474397e-05
2023-06-21 03:00:18+00:00,-3.7253148871425655e-05
2023-06-21 04:03:11+00:00,-6.417982874943256e-07
2023-06-21 05:00:13+00:00,-3.912424294589899e-06
2023-06-21 06:03:09+00:00,-6.407851962990748e-07
2023-06-21 07:00:18+00:00,-1.0392285366538713e-05
2023-06-21 08:03:13+00:00,-6.371010349007056e-07
2023-06-21 09:00:17+00:00,-8.418006130673595e-06
2023-06-21 10:00:17+00:00,-6.377650224773283e-07
2023-06-21 11:03:09+00:00,-2.5965524765437487e-05
2023-06-21 12:03:09+00:00,-6.395756961235474e-07
2023-06-21 13:00:18+00:00,-1.4311158328906666e-05
2023-06-21 14:00:21+00:00,-6.407551533905325e-07
2023-06-21 15:00:15+00:00,-2.5884921253703414e-06
2023-06-21 16:00:13+00:00,2.5169994268985922e-05
2023-06-21 17:09:07+00:00,-1.466513585916571e-05
2023-06-21 18:00:21+00:00,2.3600943425123286e-05
2023-06-21 19:00:17+00:00,-2.52291137893825e-06
2023-06-21 20:00:38+00:00,0.0
2023-06-21 21:00:18+00:00,-2.5259441857634133e-06
2023-06-21 22:00:30+00:00,0.0
2023-06-21 23:00:16+00:00,-1.9063305424654189e-06
2023-06-22 00:00:33+00:00,-6.236974610949694e-07
2023-06-22 01:04:10+00:00,-6.198034769463341e-07
2023-06-22 02:00:17+00:00,-1.856913660942421e-05
2023-06-22 03:00:14+00:00,-1.8421362886111764e-06
2023-06-22 04:00:24+00:00,-6.002313086506507e-07
2023-06-22 05:00:13+00:00,-1.8284477210227606e-06
2023-06-22 06:00:15+00:00,-3.6672485367678338e-06
2023-06-22 07:03:15+00:00,0.0
2023-06-22 08:00:25+00:00,-6.022945955077638e-07
2023-06-22 09:00:15+00:00,-2.4380571915343607e-06
2023-06-22 10:00:16+00:00,-1.4032723490896308e-05
2023-06-22 11:00:18+00:00,-9.150537319551405e-06
2023-06-22 12:00:17+00:00,4.340497889414256e-06
2023-06-22 13:00:20+00:00,6.233330336539902e-06
2023-06-22 14:00:19+00:00,-3.7443647310797246e-06
2023-06-22 15:00:24+00:00,0.0
2023-06-22 16:00:20+00:00,-1.8919900708361082e-06
2023-06-22 17:00:14+00:00,-2.5097517462429318e-06
2023-06-22 18:00:14+00:00,-6.18307947519228e-07
2023-06-22 19:00:21+00:00,-6.178420735382761e-07
2023-06-22 20:00:15+00:00,-2.5012054001928643e-06
2023-06-22 21:00:23+00:00,0.0
2023-06-22 22:00:20+00:00,-1.8903019946466645e-06
2023-06-22 23:00:18+00:00,-1.8992342287589642e-06
2023-06-23 00:06:10+00:00,0.0
2023-06-23 01:00:17+00:00,-2.017496064898898e-05
2023-06-23 02:00:17+00:00,-6.204600484261502e-07
2023-06-23 03:00:18+00:00,-6.20065938719337e-07
2023-06-23 04:00:15+00:00,-2.505773846362854e-06
2023-06-23 05:00:13+00:00,-2.502525138317278e-06
2023-06-23 06:00:20+00:00,-6.163930482891334e-07
2023-06-23 07:00:14+00:00,-2.4944775872691482e-06
2023-06-23 08:00:08+00:00,-1.8796144534833013e-06
2023-06-23 09:00:13+00:00,-6.163281872435098e-07
2023-06-23 10:00:14+00:00,0.0
2023-06-23 11:03:29+00:00,0.0
2023-06-23 12:03:15+00:00,-2.5058873256445867e-06
2023-06-23 13:00:13+00:00,6.310009556024088e-06
2023-06-23 14:01:09+00:00,0.0
2023-06-23 15:00:17+00:00,6.225042892063829e-07
2023-06-23 16:03:24+00:00,-6.118763711254049e-07
2023-06-23 17:06:08+00:00,-2.1476865968447567e-05
2023-06-23 18:00:16+00:00,-7.049381823440099e-05
2023-06-23 19:00:12+00:00,-1.818234712282539e-06
2023-06-23 20:00:13+00:00,0.0
2023-06-23 21:00:20+00:00,-3.034193021356051e-06
2023-06-23 22:00:46+00:00,0.0
2023-06-23 23:00:23+00:00,-1.2180625467780045e-06
2023-06-24 00:00:21+00:00,0.0
2023-06-24 01:00:34+00:00,0.0
2023-06-24 02:03:22+00:00,0.0
2023-06-24 03:00:18+00:00,-2.4493168471685306e-06
2023-06-24 04:00:18+00:00,-2.2056553001896866e-05
2023-06-24 05:00:10+00:00,-2.4345887598263526e-06
2023-06-24 06:00:16+00:00,-6.01023205359368e-07
2023-06-24 07:00:17+00:00,0.0
2023-06-24 08:00:19+00:00,0.0
2023-06-24 09:00:12+00:00,-1.8462174696481847e-06
2023-06-24 10:00:14+00:00,-6.051928498678909e-07
2023-06-24 11:00:15+00:00,-6.036957962158581e-07
2023-06-24 12:00:15+00:00,-6.036691304219794e-07
2023-06-24 13:00:15+00:00,0.0
2023-06-24 14:00:13+00:00,-1.850152452562091e-06
2023-06-24 15:00:21+00:00,0.0
2023-06-24 16:00:12+00:00,-2.488270651896932e-06
2023-06-24 17:00:19+00:00,0.0
2023-06-24 18:00:18+00:00,-6.1733042234435e-07
2023-06-24 19:00:16+00:00,-1.8786822171456053e-06
2023-06-24 20:00:12+00:00,-1.874287770647154e-06
2023-06-24 21:00:19+00:00,0.0
2023-06-24 22:00:11+00:00,-1.878117675341066e-06
2023-06-24 23:00:19+00:00,-6.1563410312622e-07
2023-06-25 00:00:15+00:00,-1.8744282993686925e-06
2023-06-25 01:00:18+00:00,-6.145544480251818e-07
2023-06-25 02:00:14+00:00,-1.8711454403927906e-06
2023-06-25 03:00:15+00:00,-6.120681933538352e-07
2023-06-25 04:00:14+00:00,-4.3241797432239665e-06
2023-06-25 05:00:17+00:00,-6.06589634714681e-07
2023-06-25 06:00:15+00:00,-1.848155540770311e-06
2023-06-25 07:00:12+00:00,-1.8464901914441029e-06
2023-06-25 08:00:37+00:00,0.0
2023-06-25 09:03:13+00:00,-6.046751714475334e-07
2023-06-25 10:00:17+00:00,1.8456177651783605e-06
2023-06-25 11:00:15+00:00,-1.848866275200047e-06
2023-06-25 12:00:14+00:00,-6.061770924198294e-07
2023-06-25 13:00:14+00:00,-6.057382619744113e-07
2023-06-25 14:03:20+00:00,0.0
2023-06-25 15:00:20+00:00,-6.818215652122133e-06
2023-06-25 16:00:17+00:00,-1.8660615651031557e-06
2023-06-25 17:00:13+00:00,-1.8632244216551395e-06
2023-06-25 18:00:39+00:00,0.0
2023-06-25 19:00:11+00:00,-6.132766924940916e-07
2023-06-25 20:00:19+00:00,-6.125345484425189e-07
2023-06-25 21:00:14+00:00,-1.870053707942492e-06
2023-06-25 22:00:35+00:00,-6.131116162220361e-07
2023-06-25 23:00:14+00:00,-2.4810928765731028e-06
2023-06-26 00:00:15+00:00,0.0
2023-06-26 01:03:19+00:00,-6.57825492053468e-05
2023-06-26 02:00:14+00:00,-8.834404170202449e-06
2023-06-26 03:00:11+00:00,8.222634282761346e-06
2023-06-26 04:00:16+00:00,-6.221925458297924e-07
2023-06-26 05:00:13+00:00,-1.2603064214889838e-06
2023-06-26 06:00:12+00:00,-6.23251854554299e-07
2023-06-26 07:00:20+00:00,-6.213156738244253e-07
2023-06-26 08:00:13+00:00,-2.5124487293971635e-06
2023-06-26 09:00:16+00:00,5.040185260863642e-06
2023-06-26 10:04:14+00:00,0.0
2023-06-26 11:00:14+00:00,-6.220603853739949e-07
2023-06-26 12:00:27+00:00,-6.219094135849286e-07
2023-06-26 13:00:15+00:00,-1.2594076232095168e-06
2023-06-26 14:00:21+00:00,-6.197941074209007e-07
2023-06-26 15:00:15+00:00,-1.8903877563365795e-06
2023-06-26 16:03:10+00:00,0.0
2023-06-26 17:07:10+00:00,0.0
2023-06-26 18:00:26+00:00,5.120004920124848e-06
2023-06-26 19:00:16+00:00,-1.9283576563512385e-06
2023-06-26 20:00:12+00:00,7.713430625404954e-06
2023-06-26 21:09:05+00:00,0.0
2023-06-26 22:03:25+00:00,-1.6839519226283956e-05
2023-06-26 23:00:17+00:00,3.233026610295946e-06
2023-06-27 00:00:21+00:00,-6.349108027750248e-07
2023-06-27 01:00:12+00:00,-1.932740626207963e-06
2023-06-27 02:00:16+00:00,-6.321892250285257e-07
2023-06-27 03:00:21+00:00,-6.296262170214074e-07
2023-06-27 04:00:13+00:00,-2.5391969407265773e-06
2023-06-27 05:00:24+00:00,0.0
2023-06-27 06:00:13+00:00,-1.9196510842189326e-06
2023-06-27 07:00:14+00:00,0.0
2023-06-27 08:00:28+00:00,-6.291914123045287e-07
2023-06-27 09:00:17+00:00,-2.546949797471462e-06
2023-06-27 10:00:17+00:00,-6.290562621783759e-07
2023-06-27 11:00:15+00:00,-1.9114318918588294e-06
2023-06-27 12:00:17+00:00,-6.269304871708616e-07
2023-06-27 13:00:19+00:00,-6.263462625460212e-07
2023-06-27 14:00:18+00:00,-6.272278060795204e-07
2023-06-27 15:00:15+00:00,-2.5362872421695953e-06
2023-06-27 16:00:18+00:00,-1.1510658870113724e-05
2023-06-27 17:06:17+00:00,-6.282850881897729e-07
2023-06-27 18:00:16+00:00,-1.9114318918588294e-06
2023-06-27 19:00:13+00:00,-2.5325725444725843e-06
2023-06-27 20:00:15+00:00,-2.669188414197032e-05
2023-06-27 21:00:14+00:00,-6.256008056517692e-07
2023-06-27 22:00:13+00:00,-1.2658034801970382e-06
2023-06-27 23:00:20+00:00,0.0
2023-06-28 00:00:12+00:00,-1.908222147589534e-06
2023-06-28 01:00:17+00:00,1.4046063728647224e-05
2023-06-28 02:00:12+00:00,-1.920712968653964e-06
2023-06-28 03:00:21+00:00,-2.6253093346039747e-05
2023-06-28 04:00:21+00:00,-6.30206892311476e-07
2023-06-28 05:00:14+00:00,-1.921480616103545e-06
2023-06-28 06:00:16+00:00,-6.300809884587604e-07
2023-06-28 07:00:16+00:00,-1.724534375718556e-05
2023-06-28 08:03:10+00:00,0.0
2023-06-28 09:00:19+00:00,6.45682001614205e-06
2023-06-28 10:00:17+00:00,-1.939487975174554e-06
2023-06-28 11:00:13+00:00,-2.5750407197704183e-06
2023-06-28 12:00:12+00:00,-1.2866222291117657e-06
2023-06-28 13:00:29+00:00,0.0
2023-06-28 14:00:27+00:00,-1.9492873405482954e-06
2023-06-28 15:00:15+00:00,-2.5822509138990437e-06
2023-06-28 16:00:15+00:00,-1.2936188716164799e-05
2023-06-28 17:00:12+00:00,-1.9426528867821896e-06
2023-06-28 18:00:14+00:00,0.0
2023-06-28 19:00:17+00:00,0.0
2023-06-28 20:03:41+00:00,0.0
2023-06-28 21:00:14+00:00,2.005454837157067e-06
2023-06-28 22:00:17+00:00,-6.572935537137086e-07
2023-06-28 23:00:17+00:00,-6.556013943522339e-07
2023-06-29 00:00:18+00:00,-6.547010730710271e-07
2023-06-29 01:00:15+00:00,-4.189275454835621e-05
2023-06-29 02:03:15+00:00,-6.530950332919175e-07
2023-06-29 03:00:18+00:00,-9.294539657233957e-06
2023-06-29 04:00:15+00:00,-1.9935886190012915e-06
2023-06-29 05:00:25+00:00,-6.536781352635439e-07
2023-06-29 06:00:14+00:00,-3.3148466883406643e-06
2023-06-29 07:00:15+00:00,0.0
2023-06-29 08:00:14+00:00,-1.320772731612616e-06
2023-06-29 09:00:14+00:00,-6.516832501509999e-07
2023-06-29 10:00:20+00:00,-6.499476871373768e-07
2023-06-29 11:00:18+00:00,-3.02136718442009e-05
2023-06-29 12:00:26+00:00,-6.435814522964871e-07
2023-06-29 13:00:14+00:00,-3.2602391887020175e-06
2023-06-29 14:00:29+00:00,0.0
2023-06-29 15:00:18+00:00,-2.611048194287153e-06
2023-06-29 16:00:23+00:00,0.0
2023-06-29 17:00:24+00:00,0.0
2023-06-29 18:00:18+00:00,-1.9755037534571318e-06
2023-06-29 19:00:18+00:00,0.0
2023-06-29 20:00:17+00:00,-6.48508430609598e-07
2023-06-29 21:00:17+00:00,-5.539903130836684e-05
2023-06-29 22:00:19+00:00,-6.48385362305089e-07
2023-06-29 23:00:14+00:00,-2.6192054025056013e-06
2023-06-30 00:00:10+00:00,-2.616563160051701e-06
2023-06-30 01:00:24+00:00,0.0
2023-06-30 02:00:35+00:00,0.0
2023-06-30 03:00:41+00:00,-6.436218643056734e-07
2023-06-30 04:00:20+00:00,-2.5715303703933203e-06
2023-06-30 05:00:32+00:00,-6.295972113450347e-07
2023-06-30 06:00:14+00:00,-4.464422693381608e-06
2023-06-30 07:00:20+00:00,0.0
2023-06-30 08:00:17+00:00,-2.5489051991524123e-06
2023-06-30 09:00:16+00:00,-1.2672142660844606e-06
2023-06-30 10:00:12+00:00,-2.525636734321273e-06
2023-06-30 11:00:19+00:00,-6.196816952072912e-07
2023-06-30 12:00:14+00:00,-2.5052444122485325e-06
2023-06-30 13:00:29+00:00,-6.171724470134875e-07
2023-06-30 14:03:58+00:00,-3.131857171354478e-05
2023-06-30 15:06:07+00:00,0.0
2023-06-30 16:03:12+00:00,-1.8188908821464783e-05
2023-06-30 17:00:39+00:00,-1.2836771938507225e-06
2023-06-30 18:00:42+00:00,-6.262027675107677e-07
2023-06-30 19:06:22+00:00,-6.247238263572506e-07
2023-06-30 20:00:29+00:00,-3.4799647598505335e-05
2023-06-30 21:00:20+00:00,-3.1578308131414345e-06
2023-06-30 22:00:37+00:00,0.0
2023-06-30 23:00:17+00:00,-3.776549140457415e-06
2023-07-01 00:00:11+00:00,-3.1339460599668526e-06
2023-07-01 01:00:39+00:00,-6.147295190116349e-07
2023-07-01 02:00:12+00:00,-1.0336973661157509e-05
2023-07-01 03:00:19+00:00,-5.959562190211784e-07
2023-07-01 04:00:10+00:00,-2.4038461538461535e-06
2023-07-01 05:00:15+00:00,-5.91835556325423e-07
2023-07-01 06:00:19+00:00,0.0
2023-07-01 07:00:21+00:00,0.0
2023-07-01 08:00:13+00:00,-2.4387019054195008e-06
2023-07-01 09:00:14+00:00,-6.015081717085767e-07
2023-07-01 10:00:15+00:00,-6.008382426214134e-07
2023-07-01 11:00:16+00:00,0.0
2023-07-01 12:00:21+00:00,0.0
2023-07-01 13:00:20+00:00,-1.221881992698151e-06
2023-07-01 14:00:15+00:00,-2.4414277940376217e-06
2023-07-01 15:00:10+00:00,-1.8391007532956685e-06
2023-07-01 16:00:20+00:00,0.0
2023-07-01 17:00:46+00:00,-6.010143950277054e-07
2023-07-01 18:00:24+00:00,-4.877477187175018e-06
2023-07-01 19:00:20+00:00,-2.4311301826276712e-06
2023-07-01 20:00:14+00:00,-2.431735614672448e-06
2023-07-01 21:00:13+00:00,-1.6471449487554906e-05
2023-07-01 22:00:17+00:00,-5.99722080011702e-07
2023-07-01 23:00:12+00:00,-3.041246911233606e-06
2023-07-02 00:00:17+00:00,-5.987849047785956e-07
2023-07-02 01:00:28+00:00,0.0
2023-07-02 02:00:19+00:00,-3.073967339097022e-06
2023-07-02 03:00:11+00:00,-0.0001044953325121325
2023-07-02 04:00:15+00:00,-6.099012257527073e-07
2023-07-02 05:00:16+00:00,0.0
2023-07-02 06:00:16+00:00,-6.10527883255156e-07
2023-07-02 07:00:14+00:00,-2.4695766015055493e-06
2023-07-02 08:00:12+00:00,-2.4678510369434325e-06
2023-07-02 09:00:16+00:00,-9.293956697596955e-05
2023-07-02 10:00:11+00:00,-2.4659447093601913e-06
2023-07-02 11:00:14+00:00,-6.090133982947625e-07
2023-07-02 12:00:14+00:00,0.0
2023-07-02 13:00:11+00:00,-1.8585978737640325e-06
2023-07-02 14:00:12+00:00,0.0
2023-07-02 15:00:12+00:00,-6.107097639085426e-07
2023-07-02 16:00:15+00:00,0.0
2023-07-02 17:00:11+00:00,-2.470348378647856e-06
2023-07-02 18:00:19+00:00,3.072741239732908e-06
2023-07-02 19:00:15+00:00,-3.058778547374303e-06
2023-07-02 20:00:14+00:00,-9.612473731391538e-05
2023-07-02 21:00:15+00:00,-6.026487145943881e-07
2023-07-02 22:00:12+00:00,-1.2862728956575427e-05
2023-07-02 23:00:33+00:00,-6.010848849142354e-07
2023-07-03 00:09:17+00:00,-7.776765241930742e-05
2023-07-03 01:00:25+00:00,-6.081648900880181e-05
2023-07-03 02:00:16+00:00,-3.062967544324675e-06
2023-07-03 03:00:14+00:00,-2.4341960554292836e-06
2023-07-03 04:00:18+00:00,-6.005742075350091e-07
2023-07-03 05:00:20+00:00,0.0
2023-07-03 06:00:18+00:00,-1.8331940105885286e-06
2023-07-03 07:00:14+00:00,-1.8394525789125154e-06
2023-07-03 08:00:09+00:00,-2.4390243902439027e-06
2023-07-03 09:00:12+00:00,0.0
2023-07-03 10:03:11+00:00,0.0
2023-07-03 11:00:21+00:00,-3.5005232361047654e-05
2023-07-03 12:00:17+00:00,-2.4447717231222386e-06
2023-07-03 13:00:23+00:00,-4.616157289097006e-05
2023-07-03 14:00:20+00:00,-2.4582031423536555e-06
2023-07-03 15:00:14+00:00,-3.0794285291287293e-06
2023-07-03 16:00:15+00:00,-6.038558404642327e-07
2023-07-03 17:00:19+00:00,-2.8235432815585485e-05
2023-07-03 18:00:17+00:00,-2.437949772360112e-06
2023-07-03 19:00:10+00:00,-2.4357676336370707e-06
2023-07-03 20:00:12+00:00,-5.989336060185524e-07
2023-07-03 21:00:14+00:00,0.0
2023-07-03 22:00:16+00:00,0.0
2023-07-03 23:00:25+00:00,-6.004071053055487e-07
2023-07-04 00:00:20+00:00,-2.430667408557121e-06
2023-07-04 01:00:22+00:00,0.0
2023-07-04 02:00:15+00:00,-2.433589397759925e-06
2023-07-04 03:00:15+00:00,-5.983305119374234e-07
2023-07-04 04:00:12+00:00,-2.4144752152664655e-06
2023-07-04 05:00:13+00:00,0.0
2023-07-04 06:00:15+00:00,0.0
2023-07-04 07:00:19+00:00,-5.982693963315872e-07
2023-07-04 08:00:14+00:00,-2.4302403888384623e-06
2023-07-04 09:00:09+00:00,-5.189723146370418e-05
2023-07-04 10:00:18+00:00,-6.009967751392554e-07
2023-07-04 11:00:13+00:00,-2.4326265039053917e-06
2023-07-04 12:00:12+00:00,-1.2152803197797854e-06
2023-07-04 13:00:18+00:00,-5.988111408082491e-07
2023-07-04 14:00:12+00:00,-3.009912452065697e-06
2023-07-04 15:00:20+00:00,-5.898941068139964e-07
2023-07-04 16:00:13+00:00,-0.00011540218725907315
2023-07-04 17:00:20+00:00,-5.821134979342071e-07
2023-07-04 18:00:21+00:00,0.0
2023-07-04 19:00:14+00:00,-2.9827202982720297e-06
2023-07-04 20:00:12+00:00,-6.638835739548908e-06
2023-07-04 21:00:12+00:00,-5.939618705452859e-07
2023-07-04 22:00:12+00:00,0.0
2023-07-04 23:00:12+00:00,0.0
2023-07-05 00:00:17+00:00,-5.942804133872535e-07
2023-07-05 01:00:17+00:00,0.0
2023-07-05 02:00:15+00:00,-1.816570025141329e-06
2023-07-05 03:00:15+00:00,-5.945648075640244e-07
2023-07-05 04:00:11+00:00,-2.4045077277401973e-06
2023-07-05 05:00:22+00:00,0.0
2023-07-05 06:00:29+00:00,-5.948839976204641e-07
2023-07-05 07:00:15+00:00,-2.411704028707995e-06
2023-07-05 08:00:12+00:00,-2.410338318571221e-06
2023-07-05 09:00:12+00:00,0.0
2023-07-05 10:00:13+00:00,0.0
2023-07-05 11:00:21+00:00,0.0
2023-07-05 12:00:40+00:00,0.0
2023-07-05 13:00:23+00:00,-3.744084346732163e-06
2023-07-05 14:00:14+00:00,-3.113306391258794e-06
2023-07-05 15:00:21+00:00,-6.126352280198435e-07
2023-07-05 16:00:15+00:00,-2.4965784843061468e-06
2023-07-05 17:00:20+00:00,-6.157912918099758e-07
2023-07-05 18:00:19+00:00,-1.2427754319767617e-06
2023-07-05 19:00:19+00:00,-6.138735420503377e-07
2023-07-05 20:00:22+00:00,-5.233801384714309e-05
2023-07-05 21:00:14+00:00,-3.1064249230861135e-06
2023-07-05 22:00:18+00:00,-1.928477533460803e-05
2023-07-05 23:00:25+00:00,-6.120773307456893e-07
2023-07-06 00:00:18+00:00,-3.102440188532904e-06
2023-07-06 01:00:14+00:00,-1.8668976641376425e-06
2023-07-06 02:00:14+00:00,0.0
2023-07-06 03:00:25+00:00,-6.118398471892674e-07
2023-07-06 04:00:14+00:00,-2.4733666095507715e-06
2023-07-06 05:00:19+00:00,0.0
2023-07-06 06:00:23+00:00,-6.10627904205886e-07
2023-07-06 07:00:13+00:00,-2.459550761571742e-06
2023-07-06 08:00:16+00:00,-6.054788451598613e-07
2023-07-06 09:00:25+00:00,-6.037046853373384e-07
2023-07-06 10:00:14+00:00,-3.673391421896351e-06
2023-07-06 11:00:19+00:00,0.0
2023-07-06 12:00:14+00:00,-2.4575844609599386e-06
2023-07-06 13:00:15+00:00,0.0
2023-07-06 14:00:23+00:00,0.0
2023-07-06 15:00:54+00:00,-9.241450556796256e-05
2023-07-06 16:00:16+00:00,-5.0700365408038975e-06
2023-07-06 17:00:13+00:00,-1.903949552952645e-06
2023-07-06 18:00:29+00:00,-6.238587948874012e-07
2023-07-06 19:00:48+00:00,-6.214569375814715e-07
2023-07-06 20:00:39+00:00,-3.150512715651081e-06
2023-07-06 21:00:10+00:00,-3.7869033733735246e-06
2023-07-06 22:00:11+00:00,0.0
2023-07-06 23:00:15+00:00,-6.218245241525746e-07
2023-07-07 00:00:37+00:00,0.0
2023-07-07 01:00:20+00:00,-3.188570202198274e-06
2023-07-07 02:00:12+00:00,-2.5400905863630802e-06
2023-07-07 03:00:13+00:00,-6.256198977645534e-07
2023-07-07 04:00:15+00:00,0.0
2023-07-07 05:00:30+00:00,0.0
2023-07-07 06:00:11+00:00,-3.819417920708884e-06
2023-07-07 07:00:12+00:00,-6.259446420665333e-07
2023-07-07 08:00:24+00:00,0.0
2023-07-07 09:00:20+00:00,-1.913304353150064e-06
2023-07-07 10:00:35+00:00,-6.265855671363511e-07
2023-07-07 11:00:23+00:00,-2.5364035020703776e-06
2023-07-07 12:00:18+00:00,-1.9101175104292415e-06
2023-07-07 13:00:36+00:00,0.0
2023-07-07 14:00:17+00:00,-2.5355124484496715e-06
2023-07-07 15:00:37+00:00,0.0
2023-07-07 16:00:25+00:00,-2.534776832750538e-06
2023-07-07 17:00:15+00:00,-2.5298322081167993e-06
2023-07-07 18:06:09+00:00,0.0
2023-07-07 19:00:14+00:00,-3.439210051664578e-05
2023-07-07 20:00:33+00:00,-6.276214677157641e-07
2023-07-07 21:00:18+00:00,-2.5464028225187913e-06
2023-07-07 22:00:10+00:00,-3.1858840828329865e-06
2023-07-07 23:00:15+00:00,-5.3534009391394786e-05
2023-07-08 00:00:12+00:00,-1.910526235346264e-06
2023-07-08 01:00:13+00:00,0.0
2023-07-08 02:00:12+00:00,-1.267969263202921e-06
2023-07-08 03:00:10+00:00,-2.5352026634900275e-06
2023-07-08 04:00:11+00:00,0.0
2023-07-08 05:00:15+00:00,0.0
2023-07-08 06:00:09+00:00,-1.918590373280943e-06
2023-07-08 07:00:19+00:00,-5.566133341522587e-05
2023-07-08 08:00:57+00:00,-6.289115228862438e-07
2023-07-08 09:00:12+00:00,-4.453899840822823e-06
2023-07-08 10:00:08+00:00,-2.5370237349268695e-06
2023-07-08 11:00:20+00:00,-6.260019848843424e-07
2023-07-08 12:00:08+00:00,-2.5386921147611183e-06
2023-07-08 13:00:09+00:00,0.0
2023-07-08 14:00:10+00:00,-6.269880107658429e-07
2023-07-08 15:00:21+00:00,-6.2660471940335e-07
2023-07-08 16:00:10+00:00,-2.538847424446348e-06
2023-07-08 17:00:13+00:00,-6.261836398069522e-07
2023-07-08 18:00:11+00:00,-1.9098548510313215e-06
2023-07-08 19:00:13+00:00,-6.259541984732825e-07
2023-07-08 20:00:06+00:00,-2.535938526405842e-06
2023-07-08 21:00:16+00:00,0.0
2023-07-08 22:00:10+00:00,-2.5361709929262222e-06
2023-07-08 23:00:07+00:00,-2.529485264986438e-06
2023-07-09 00:00:12+00:00,-4.120072420770764e-05
2023-07-09 01:00:09+00:00,-2.52237467900503e-06
2023-07-09 02:00:09+00:00,-6.214286796914077e-07
2023-07-09 03:00:08+00:00,-1.2560912860558733e-06
2023-07-09 04:00:10+00:00,-6.195412372691832e-07
2023-07-09 05:00:07+00:00,-2.5064548762626648e-06
2023-07-09 06:00:10+00:00,0.0
2023-07-09 07:00:08+00:00,-1.8956914724214805e-06
2023-07-09 08:00:13+00:00,0.0
2023-07-09 09:00:09+00:00,-1.901458799190739e-06
2023-07-09 10:00:09+00:00,-6.236025978371637e-07
2023-07-09 11:00:13+00:00,-6.230245562849502e-07
2023-07-09 12:00:16+00:00,-6.22107579091116e-07
2023-07-09 13:00:59+00:00,-6.212686001757736e-07
2023-07-09 14:00:17+00:00,-6.94570821959357e-06
2023-07-09 15:00:08+00:00,-2.524484457692074e-06
2023-07-09 16:00:12+00:00,0.0
2023-07-09 17:00:21+00:00,-6.239442406902954e-07
2023-07-09 18:00:13+00:00,-2.52659776867932e-06
2023-07-09 19:00:08+00:00,-2.526520859017092e-06
2023-07-09 20:00:09+00:00,0.0
2023-07-09 21:00:09+00:00,0.0
2023-07-09 22:00:08+00:00,-1.2657069659631573e-06
2023-07-09 23:00:10+00:00,-6.251429442707937e-07
2023-07-10 00:00:09+00:00,-6.260306602333111e-07
2023-07-10 01:00:34+00:00,-5.2028735277794905e-05
2023-07-10 02:00:13+00:00,-3.2152849700885754e-06
2023-07-10 03:00:15+00:00,-6.335275120911044e-07
2023-07-10 04:00:13+00:00,-2.561451695032944e-06
2023-07-10 05:00:11+00:00,-1.9291016559408614e-06
2023-07-10 06:00:10+00:00,-6.335568810458326e-07
2023-07-10 07:00:12+00:00,0.0
2023-07-10 08:00:08+00:00,-2.5718092523161773e-06
2023-07-10 09:00:13+00:00,0.0
2023-07-10 10:00:07+00:00,-2.5706144697720518e-06
2023-07-10 11:00:09+00:00,-6.336743840994097e-07
2023-07-10 12:00:10+00:00,-6.335862527236483e-07
2023-07-10 13:00:09+00:00,-6.338409213882662e-07
2023-07-10 14:00:11+00:00,0.0
2023-07-10 15:00:10+00:00,-1.282308773772923e-06
2023-07-10 16:00:10+00:00,-6.33175296897441e-07
2023-07-10 17:00:12+00:00,0.0
2023-07-10 18:00:09+00:00,-1.9320535410677296e-06
2023-07-10 19:00:30+00:00,-6.308371670795317e-07
2023-07-10 20:03:07+00:00,-6.264323911382736e-07
2023-07-10 21:00:17+00:00,-5.899458011083368e-05
2023-07-10 22:00:08+00:00,-3.1664839848983077e-06
2023-07-10 23:00:22+00:00,0.0
2023-07-11 00:00:12+00:00,-3.0637724229844205e-05
2023-07-11 01:00:19+00:00,-6.294425595283787e-07
2023-07-11 02:00:10+00:00,-2.5504324980410833e-06
2023-07-11 03:00:19+00:00,-6.293169608595549e-07
2023-07-11 04:00:13+00:00,-2.5467934949370974e-06
2023-07-11 05:00:12+00:00,-1.2719916630907865e-06
2023-07-11 06:00:11+00:00,-1.2718552230343708e-06
2023-07-11 07:00:08+00:00,-2.5407904000979583e-06
2023-07-11 08:00:11+00:00,-6.27170238477659e-07
2023-07-11 09:00:08+00:00,-1.9137730418274234e-06
2023-07-11 10:00:11+00:00,0.0
2023-07-11 11:00:11+00:00,0.0
2023-07-11 12:00:08+00:00,-1.923816852635629e-06
2023-07-11 13:00:12+00:00,0.0
2023-07-11 14:00:14+00:00,0.0
2023-07-11 15:00:08+00:00,-1.9261587771203157e-06
2023-07-11 16:00:11+00:00,-3.7246014861406595e-05
2023-07-11 17:00:11+00:00,-6.328332407235909e-07
2023-07-11 18:00:09+00:00,-2.5612145711508495e-06
2023-07-11 19:00:07+00:00,-1.931635554456669e-06
2023-07-11 20:00:09+00:00,-6.334981458590854e-07
2023-07-11 21:00:14+00:00,-6.329211627224872e-07
2023-07-11 22:00:19+00:00,-6.318092860555068e-07
2023-07-11 23:00:13+00:00,-2.5530998631169352e-06
2023-07-12 00:00:13+00:00,-6.288150670224841e-07
2023-07-12 01:00:11+00:00,-2.543203823998039e-06
2023-07-12 02:00:08+00:00,-2.5424637392596225e-06
2023-07-12 03:00:09+00:00,-6.275254071262397e-07
2023-07-12 04:00:08+00:00,-6.277944509095364e-07
2023-07-12 05:00:10+00:00,-6.276695090399719e-07
2023-07-12 06:00:12+00:00,-6.268825589040258e-07
2023-07-12 07:00:12+00:00,-6.267388180623071e-07
2023-07-12 08:00:10+00:00,-2.5355899065192155e-06
2023-07-12 09:00:11+00:00,0.0
2023-07-12 10:00:12+00:00,0.0
2023-07-12 11:00:10+00:00,-1.9136265519511333e-06
2023-07-12 12:00:11+00:00,-6.274581822077347e-07
2023-07-12 13:00:11+00:00,-6.273909716908952e-07
2023-07-12 14:00:12+00:00,0.0
2023-07-12 15:00:17+00:00,-6.28179199607771e-07
2023-07-12 16:00:12+00:00,-1.9197100469945016e-06
2023-07-12 17:00:35+00:00,0.0
2023-07-12 18:00:08+00:00,-3.203943314849045e-06
2023-07-12 19:00:15+00:00,0.0
2023-07-12 20:00:10+00:00,-1.936753381571404e-06
2023-07-12 21:00:10+00:00,0.0
2023-07-12 22:00:13+00:00,-6.3567862569382e-07
2023-07-12 23:00:10+00:00,-2.5724867888856173e-06
2023-07-13 00:00:14+00:00,-6.333513555263769e-07
2023-07-13 01:00:11+00:00,-2.56149121994877e-06
2023-07-13 02:00:17+00:00,-6.324720401079831e-07
2023-07-13 03:00:09+00:00,-2.5603060028379293e-06
2023-07-13 04:00:14+00:00,0.0
2023-07-13 05:00:10+00:00,-2.5627962268229047e-06
2023-07-13 06:00:19+00:00,0.0
2023-07-13 07:00:10+00:00,-2.5601480567550897e-06
2023-07-13 08:00:21+00:00,-6.317216726757265e-07
2023-07-13 09:00:10+00:00,-2.5565600406585454e-06
2023-07-13 10:00:12+00:00,-6.290466108196018e-07
2023-07-13 11:00:12+00:00,-6.278329045693985e-07
2023-07-13 12:00:16+00:00,-6.270839068856873e-07
2023-07-13 13:00:28+00:00,0.0
2023-07-13 14:00:10+00:00,-1.9123091515466756e-06
2023-07-13 15:00:10+00:00,-6.271318659467397e-07
2023-07-13 16:03:23+00:00,-6.20281698664125e-07
2023-07-13 17:06:54+00:00,-5.97058395223533e-07
2023-07-13 18:00:16+00:00,-6.299405336136268e-05
2023-07-13 19:00:59+00:00,-7.67669497624874e-05
2023-07-13 20:00:34+00:00,-1.7925001792500178e-06
2023-07-13 21:00:00+00:00,-4.0422921066149193e-05
2023-07-13 22:00:09+00:00,-1.8578747409624683e-05
2023-07-13 23:00:12+00:00,-3.5897362261821003e-05
2023-07-14 00:00:13+00:00,-2.0783145410745088e-05
2023-07-14 01:00:16+00:00,-3.004935164104812e-05
2023-07-14 02:00:38+00:00,-5.799889660635724e-07
2023-07-14 03:00:25+00:00,-2.526057460402533e-05
2023-07-14 04:00:15+00:00,-2.582999830900175e-05
2023-07-14 05:00:24+00:00,-3.287536109349679e-05
2023-07-14 06:00:14+00:00,-4.109356906826333e-06
2023-07-14 07:00:16+00:00,-2.760623748695824e-05
2023-07-14 08:00:24+00:00,-1.2985171954296732e-05
2023-07-14 09:00:06+00:00,-1.35849912789461e-05
2023-07-14 10:00:23+00:00,0.0
2023-07-14 11:00:09+00:00,-6.5495938679784914e-06
2023-07-14 12:00:20+00:00,-1.4872915863014874e-05
2023-07-14 13:00:11+00:00,-4.935628443378722e-05
2023-07-14 14:00:16+00:00,1.6591487969036808e-05
2023-07-14 15:00:16+00:00,-1.5947041646585206e-05
2023-07-14 16:00:22+00:00,7.180586496294116e-05
2023-07-14 17:00:07+00:00,6.392362661902635e-06
2023-07-14 18:00:21+00:00,0.0
2023-07-14 19:00:35+00:00,0.0
2023-07-14 20:00:13+00:00,-1.8306703182437282e-06
2023-07-14 21:00:32+00:00,0.0
2023-07-14 22:00:10+00:00,-1.8275922568571265e-05
2023-07-14 23:00:11+00:00,-3.534799338688203e-05
2023-07-15 00:00:07+00:00,-1.827993155993624e-06
2023-07-15 01:00:18+00:00,6.101675027134853e-06
2023-07-15 02:00:12+00:00,-3.7793547443119464e-05
2023-07-15 03:00:09+00:00,-3.7760949652067125e-05
2023-07-15 04:00:17+00:00,-6.474124028734789e-05
2023-07-15 05:00:12+00:00,-3.352650218046653e-05
2023-07-15 06:00:11+00:00,-1.6350080660397928e-05
2023-07-15 07:00:07+00:00,7.220425138632162e-06
2023-07-15 08:00:10+00:00,-2.610039254990395e-05
2023-07-15 09:00:14+00:00,-2.340271022018826e-05
2023-07-15 10:00:09+00:00,-1.7037168286333466e-05
2023-07-15 11:00:07+00:00,-4.226971459488706e-05
2023-07-15 12:00:09+00:00,-1.5234200441453276e-05
2023-07-15 13:00:20+00:00,-2.9970680855684653e-05
2023-07-15 14:00:10+00:00,1.7156660902028603e-05
2023-07-15 15:00:13+00:00,8.052931101165809e-06
2023-07-15 16:00:11+00:00,-1.0893666248915455e-05
2023-07-15 17:00:11+00:00,-5.714599703280401e-06
2023-07-15 18:00:08+00:00,-1.7202229408931398e-06
2023-07-15 19:00:12+00:00,-1.1449542293207247e-05
2023-07-15 20:00:10+00:00,4.589052422688936e-06
2023-07-15 21:00:09+00:00,-2.1253413510606017e-05
2023-07-15 22:00:09+00:00,4.62757087270706e-06
2023-07-15 23:00:07+00:00,9.856605874982597e-06
2023-07-16 00:00:09+00:00,-8.110175975516448e-06
2023-07-16 01:00:21+00:00,-3.8888114811202454e-05
2023-07-16 02:00:08+00:00,-1.7977246459554677e-05
2023-07-16 03:00:12+00:00,-6.726476286749221e-05
2023-07-16 04:00:16+00:00,-1.2907771436623688e-05
2023-07-16 05:00:11+00:00,-6.4654563934611365e-06
2023-07-16 06:00:08+00:00,7.645454416981105e-06
2023-07-16 07:00:12+00:00,-1.4138472196694425e-05
2023-07-16 08:00:11+00:00,-1.1701017847576622e-06
2023-07-16 09:00:08+00:00,-1.9961374177086712e-05
2023-07-16 10:00:11+00:00,-1.2319952691381664e-05
2023-07-16 11:00:10+00:00,-5.772534001633205e-07
2023-07-16 12:00:07+00:00,-2.751120540669655e-05
2023-07-16 13:00:21+00:00,-4.322891836562999e-05
2023-07-16 14:00:14+00:00,-3.865834457939721e-05
2023-07-16 15:00:18+00:00,-1.1649122807017544e-06
2023-07-16 16:00:10+00:00,-9.942144582373759e-06
2023-07-16 17:00:07+00:00,-1.2301765830615228e-05
2023-07-16 18:00:09+00:00,-1.4061730999085988e-05
2023-07-16 19:00:10+00:00,0.0
2023-07-16 20:00:19+00:00,-4.142820534722815e-06
2023-07-16 21:00:10+00:00,2.2077363896848136e-05
2023-07-16 22:00:11+00:00,-1.4897392598528867e-05
2023-07-16 23:00:15+00:00,-1.965464993281683e-05
2023-07-17 00:00:09+00:00,-3.0465076270214476e-05
2023-07-17 01:00:13+00:00,-5.877377829384022e-07
2023-07-17 02:03:46+00:00,1.1867145165210677e-06
2023-07-17 03:00:18+00:00,-4.397751911445852e-05
2023-07-17 04:00:09+00:00,-9.47975233079496e-06
2023-07-17 05:00:14+00:00,-2.363123878939726e-06
2023-07-17 06:00:10+00:00,2.5270910938029124e-05
2023-07-17 07:00:12+00:00,-5.756405756405757e-07
2023-07-17 08:00:24+00:00,0.0
2023-07-17 09:00:14+00:00,-4.1560120268637424e-05
2023-07-17 10:00:13+00:00,-6.0904987651517304e-05
2023-07-17 11:00:18+00:00,2.2138259970118377e-05
2023-07-17 12:00:22+00:00,-3.591283237326362e-05
2023-07-17 13:00:28+00:00,0.0
2023-07-17 14:00:13+00:00,3.772418946884341e-05
2023-07-17 15:03:14+00:00,-2.5031110093973937e-05
2023-07-17 16:00:35+00:00,-4.173060100669697e-06
2023-07-17 17:06:34+00:00,0.0
2023-07-17 18:00:35+00:00,6.0393136087802336e-06
2023-07-17 19:00:46+00:00,0.0
2023-07-17 20:00:10+00:00,-2.4114938187312058e-06
2023-07-17 21:00:10+00:00,-5.949444234843429e-07
2023-07-17 22:00:39+00:00,-5.9240850178445e-07
2023-07-17 23:00:11+00:00,-2.9908692213674603e-06
2023-07-18 00:00:16+00:00,-5.875188077667121e-07
2023-07-18 01:00:09+00:00,-1.7875529115661822e-06
2023-07-18 02:00:09+00:00,-5.845035284054459e-07
2023-07-18 03:03:10+00:00,-5.352707756430387e-06
2023-07-18 04:00:16+00:00,-4.159103577400775e-06
2023-07-18 05:00:09+00:00,-1.7902153987167737e-06
2023-07-18 06:00:09+00:00,0.0
2023-07-18 07:00:07+00:00,-1.7999856001151988e-06
2023-07-18 08:00:08+00:00,0.0
2023-07-18 09:00:15+00:00,2.403324115764938e-06
2023-07-18 10:00:09+00:00,-1.8113841873405981e-06
2023-07-18 11:00:07+00:00,-1.8130919745296837e-06
2023-07-18 12:00:14+00:00,0.0
2023-07-18 13:00:14+00:00,0.0
2023-07-18 14:03:54+00:00,0.0
2023-07-18 15:00:08+00:00,-5.485262926936299e-06
2023-07-18 16:00:21+00:00,-5.9982736675786e-07
2023-07-18 17:06:03+00:00,0.0
2023-07-18 18:00:16+00:00,1.0401516153201993e-05
2023-07-18 19:00:42+00:00,-6.003016149577593e-07
2023-07-18 20:00:12+00:00,-2.6233686338269544e-05
2023-07-18 21:00:12+00:00,0.0
2023-07-18 22:00:14+00:00,-6.008558532153115e-07
2023-07-18 23:00:21+00:00,-5.995203836930456e-07
2023-07-19 00:00:08+00:00,-1.8246576942165649e-06
2023-07-19 01:03:29+00:00,0.0002809865705482239
2023-07-19 02:00:08+00:00,0.00023457897936144962
2023-07-19 03:00:09+00:00,0.00011181163706663975
2023-07-19 04:00:11+00:00,5.036188612458091e-05
2023-07-19 05:00:12+00:00,-6.766312158666282e-05
2023-07-19 06:00:18+00:00,1.3759030261249229e-05
2023-07-19 07:00:13+00:00,-0.0001181058175173029
2023-07-19 08:00:12+00:00,-0.00019302372568261847
2023-07-19 09:00:11+00:00,-0.00027286689172546693
2023-07-19 10:00:09+00:00,-3.4491271892881005e-05
2023-07-19 11:00:08+00:00,-1.5719573263662095e-05
2023-07-19 12:00:09+00:00,4.221315035177625e-05
2023-07-19 13:00:16+00:00,6.626061544248492e-06
2023-07-19 14:03:22+00:00,-1.8088154429427257e-05
2023-07-19 15:00:11+00:00,-0.0001724663781334418
2023-07-19 16:00:13+00:00,0.001087772213643514
2023-07-19 17:00:08+00:00,0.00018881670467094038
2023-07-19 18:03:47+00:00,-3.755096201988413e-05
2023-07-19 19:00:26+00:00,6.243578034022148e-05
2023-07-19 20:00:09+00:00,0.00020216780637289676
2023-07-19 21:00:21+00:00,-0.00018833596292979689
2023-07-19 22:00:09+00:00,6.172540528220177e-05
2023-07-19 23:00:08+00:00,3.026849939463001e-05
2023-07-20 00:00:07+00:00,-6.473825273722628e-05
2023-07-20 01:00:15+00:00,5.818477192082425e-05
2023-07-20 02:00:09+00:00,0.00011951998863878434
2023-07-20 03:00:09+00:00,8.856831096688253e-06
2023-07-20 04:00:08+00:00,-2.3088289619504987e-05
2023-07-20 05:00:08+00:00,-4.213135068153656e-05
2023-07-20 06:00:22+00:00,5.5418754068664915e-05
2023-07-20 07:00:07+00:00,-6.84851920079354e-05
2023-07-20 08:00:09+00:00,2.830936473785528e-05
2023-07-20 09:00:22+00:00,9.859710406220067e-05
2023-07-20 10:00:11+00:00,0.0003894034361184174
2023-07-20 11:00:12+00:00,-4.483686279919984e-05
2023-07-20 12:00:11+00:00,-7.642442381694551e-05
2023-07-20 13:00:14+00:00,-0.00019109577652144996
2023-07-20 14:00:11+00:00,0.000143069900850835
2023-07-20 15:03:20+00:00,-0.0003555437621328715
2023-07-20 16:03:24+00:00,-6.888317413666422e-05
2023-07-20 17:00:11+00:00,-0.0001284908261444225
2023-07-20 18:00:14+00:00,4.7391341473828025e-06
2023-07-20 20:59:06+00:00,0.00015802327251831632
2023-07-20 22:00:15+00:00,0.00018277762743729617
2023-07-20 23:00:13+00:00,6.157278463025066e-05
2023-07-21 00:00:13+00:00,9.164313386027898e-05
2023-07-21 01:00:10+00:00,-5.807529958355762e-07
2023-07-21 02:03:29+00:00,6.949785116489482e-05
2023-07-21 03:00:10+00:00,0.0003646256976972485
2023-07-21 04:00:08+00:00,6.973403439282576e-06
2023-07-21 05:00:16+00:00,0.00010315473209814722
2023-07-21 06:00:12+00:00,3.7552175058588606e-05
2023-07-21 07:00:07+00:00,-1.2127007886019987e-05
2023-07-21 08:00:13+00:00,-0.00028146806880702003
2023-07-21 09:00:11+00:00,-5.3455874149280375e-05
2023-07-21 10:00:15+00:00,-1.9694841231205753e-05
2023-07-21 11:00:14+00:00,3.3547634586278235e-05
2023-07-21 12:00:11+00:00,-9.821057012068248e-06
2023-07-21 13:00:09+00:00,0.0006796781514338766
2023-07-21 14:00:18+00:00,0.00016631499724488287
2023-07-21 15:00:15+00:00,-0.00016750536270793143
2023-07-21 16:00:14+00:00,7.875824057062572e-06
2023-07-21 17:00:09+00:00,-0.0003264399967411672
2023-07-21 18:00:09+00:00,2.4389247487539834e-05
2023-07-21 19:00:13+00:00,-0.00013397918029212994
2023-07-21 20:00:13+00:00,-0.00012792817490233705
2023-07-21 21:03:14+00:00,8.778338737703348e-05
2023-07-21 22:00:12+00:00,1.1325955542213066e-06
2023-07-21 23:00:14+00:00,9.181799632728015e-05
2023-07-22 00:00:19+00:00,-0.00015090614490148824
2023-07-22 01:00:11+00:00,-0.00017133918080717
2023-07-22 02:00:08+00:00,-0.00014131136285616203
2023-07-22 03:00:09+00:00,2.2919876733436056e-05
2023-07-22 04:00:20+00:00,-5.906807075504164e-05
2023-07-22 05:00:11+00:00,2.8686323385619653e-05
2023-07-22 06:00:07+00:00,-0.0001012705427427151
2023-07-22 07:00:10+00:00,-5.358797416713916e-05
2023-07-22 08:00:09+00:00,7.478287284426219e-05
2023-07-22 09:00:13+00:00,-3.904085991869358e-05
2023-07-22 10:00:09+00:00,-0.00048805182606773855
2023-07-22 11:00:06+00:00,-0.00011904164576016056
2023-07-22 12:00:09+00:00,-8.825373820705417e-05
2023-07-22 13:00:09+00:00,-9.582015080349553e-05
2023-07-22 14:00:13+00:00,-3.369971544942252e-05
2023-07-22 15:00:09+00:00,2.0317159499456535e-05
2023-07-22 16:00:09+00:00,-2.2661348803480784e-05
2023-07-22 17:00:11+00:00,-8.617508944543827e-05
2023-07-22 18:00:15+00:00,-4.903402961655389e-05
2023-07-22 19:00:21+00:00,-0.0001251491374591188
2023-07-22 20:00:08+00:00,2.632983205077796e-05
2023-07-22 21:00:13+00:00,-4.268130079018653e-05
2023-07-22 22:00:18+00:00,-6.143368672330267e-05
2023-07-22 23:00:11+00:00,-0.00010663460456744291
2023-07-23 00:00:18+00:00,-7.907932011331444e-05
2023-07-23 01:00:12+00:00,-0.00011009304638113503
2023-07-23 02:00:08+00:00,8.975340136054423e-05
2023-07-23 03:00:18+00:00,8.240330008758793e-05
2023-07-23 04:00:07+00:00,1.8805106863229173e-05
2023-07-23 05:00:07+00:00,0.00011012850434440288
2023-07-23 06:00:18+00:00,0.00016423689249821786
2023-07-23 07:00:11+00:00,-3.0207519803637176e-05
2023-07-23 08:00:11+00:00,7.847815168257158e-05
2023-07-23 09:00:11+00:00,-1.099771981536066e-05
2023-07-23 10:00:16+00:00,-3.4749249416212614e-05
2023-07-23 11:00:08+00:00,3.4124670276273775e-05
2023-07-23 12:00:15+00:00,-6.119055537080146e-05
2023-07-23 13:00:08+00:00,-3.986300989989185e-05
2023-07-23 14:00:11+00:00,0.00010696047957371225
2023-07-23 15:00:09+00:00,4.3858920012190724e-05
2023-07-23 16:00:17+00:00,-4.3310742450071384e-05
2023-07-23 17:00:08+00:00,5.885285401722658e-05
2023-07-23 18:00:42+00:00,0.0002690653649902512
2023-07-23 19:00:09+00:00,7.059909357651564e-05
2023-07-23 20:00:53+00:00,-0.0001128087528319611
2023-07-23 21:00:08+00:00,-6.923385812597792e-06
2023-07-23 22:00:13+00:00,-0.00019370824053452116
2023-07-23 23:00:09+00:00,-8.132223569924854e-05
2023-07-24 00:00:10+00:00,8.115708001559106e-06
2023-07-24 01:00:19+00:00,-5.2186982479090415e-06
2023-07-24 02:00:10+00:00,-0.000172883487007544
2023-07-24 03:00:12+00:00,-0.00013224904844169158
2023-07-24 04:00:07+00:00,-0.00010091820639927895
2023-07-24 05:00:19+00:00,0.00011332055582175373
2023-07-24 06:00:13+00:00,9.779476872478881e-05
2023-07-24 07:00:09+00:00,2.045138937593806e-05
2023-07-24 08:00:13+00:00,0.0010446607265250172
2023-07-24 09:00:09+00:00,0.00012746889764312497
2023-07-24 10:00:40+00:00,-5.5021763445497054e-05
2023-07-24 11:00:18+00:00,0.00022860609328660016
2023-07-24 12:00:12+00:00,0.0003849538055433348
2023-07-24 13:00:20+00:00,4.8988004016276494e-05
2023-07-24 14:00:11+00:00,-5.9350311918861534e-05
2023-07-24 15:00:12+00:00,3.629500580720093e-05
2023-07-24 16:00:14+00:00,-0.0003667952127659574
2023-07-24 17:00:16+00:00,-0.00013781142019710394
2023-07-24 18:00:18+00:00,-1.8497840797492366e-05
2023-07-24 19:00:14+00:00,0.0002847533031383164
2023-07-24 20:00:17+00:00,-7.226051183416145e-06
2023-07-24 21:00:16+00:00,0.0001114245981868264
2023-07-24 22:00:13+00:00,-2.7295949072526178e-05
2023-07-24 23:00:13+00:00,-0.00010476280120481928
2023-07-25 00:00:10+00:00,-6.6621875839828e-05
2023-07-25 01:00:09+00:00,0.0001424034877618849
2023-07-25 02:00:11+00:00,0.00015074363835411607
2023-07-25 03:00:53+00:00,0.0006106739199323968
2023-07-25 04:00:14+00:00,0.00012991641118360715
2023-07-25 05:00:16+00:00,9.277222952826136e-05
2023-07-25 06:00:12+00:00,0.0003172260203024653
2023-07-25 07:03:16+00:00,7.432781799379524e-05
2023-07-25 08:00:18+00:00,-0.00016806722689075628
2023-07-25 09:00:14+00:00,0.00015826308668956187
2023-07-25 10:00:13+00:00,0.00018858943764266445
2023-07-25 11:00:14+00:00,9.898765559630186e-05
2023-07-25 12:00:09+00:00,7.08114997875655e-05
2023-07-25 13:00:14+00:00,-0.0001107169577668275
2023-07-25 14:00:11+00:00,-1.619716484826496e-05
2023-07-25 15:00:09+00:00,3.951762764284694e-05
2023-07-25 16:00:10+00:00,0.00018306591669042742
2023-07-25 17:03:22+00:00,0.00042638134781220057
2023-07-25 18:00:11+00:00,0.0012625388315462471
2023-07-25 19:00:12+00:00,0.0006662701721685388
2023-07-25 20:00:01+00:00,0.0006584727396693208
2023-07-25 21:00:12+00:00,0.0006904132069463835
2023-07-25 22:00:14+00:00,0.001240894302976933
2023-07-25 23:00:16+00:00,0.0008915462304061821
2023-07-26 00:00:08+00:00,0.0009735710347362617
2023-07-26 01:00:12+00:00,0.0007007482826300295
2023-07-26 02:00:12+00:00,0.0002055107792721519
2023-07-26 03:00:12+00:00,0.00027495228471988327
2023-07-26 04:00:10+00:00,0.0008125960445271799
2023-07-26 05:00:10+00:00,0.0008833310430122304
2023-07-26 06:00:07+00:00,0.000809623117460476
2023-07-26 07:00:09+00:00,0.000654644836020566
2023-07-26 08:00:06+00:00,0.0008339648896122452
2023-07-26 09:00:27+00:00,0.0009494549305425776
2023-07-26 10:00:07+00:00,0.0008122716945131367
2023-07-26 11:00:09+00:00,0.0005037090485594208
2023-07-26 12:00:12+00:00,0.0008460650643667957
2023-07-26 13:00:12+00:00,0.0005978420546071627
2023-07-26 14:02:00+00:00,0.0007350145735648207
2023-07-26 15:03:58+00:00,0.0008792957122046995
2023-07-26 16:03:34+00:00,0.0005783369248320445
2023-07-26 17:00:10+00:00,0.0007373000851107075
2023-07-26 18:00:00+00:00,0.0004572020513345185
2023-07-26 19:04:00+00:00,0.0005888016891591091
2023-07-26 20:00:25+00:00,0.000648158089833065
2023-07-26 21:00:10+00:00,0.0004285605309329469
2023-07-26 22:00:10+00:00,0.0008664582062233068
2023-07-26 23:00:11+00:00,0.0006549665071770334
2023-07-27 00:00:10+00:00,0.0008432822454775734
2023-07-27 01:00:09+00:00,0.00045284330895230246
2023-07-27 02:00:13+00:00,0.0005346146909540617
2023-07-27 03:00:12+00:00,0.00048728569047100015
2023-07-27 04:00:05+00:00,0.0007374451705308388
2023-07-27 05:03:44+00:00,0.0010286469641625584
2023-07-27 06:00:08+00:00,0.0007410877979221837
2023-07-27 07:00:08+00:00,0.0007080005604595769
2023-07-27 08:00:13+00:00,0.0004959157926930282
2023-07-27 09:00:11+00:00,0.0006378684404275306
2023-07-27 10:00:09+00:00,0.0004337932428676118
2023-07-27 11:00:10+00:00,0.0003162094700216832
2023-07-27 12:00:15+00:00,0.0007322774220332373
2023-07-27 13:00:12+00:00,0.0005631480922178596
2023-07-27 14:00:23+00:00,0.0005219239599364231
2023-07-27 15:00:09+00:00,0.0005053233912724234
2023-07-27 16:00:08+00:00,0.0008751995337877214
2023-07-27 17:00:12+00:00,0.0003282504725538204
2023-07-27 18:00:09+00:00,0.00024997770899410244
2023-07-27 19:00:11+00:00,0.0002517381153954693
2023-07-27 20:00:19+00:00,0.000512896607785706
2023-07-27 21:00:10+00:00,0.0005912271608137877
2023-07-27 22:00:07+00:00,0.0010999430892205812
2023-07-27 23:00:10+00:00,0.000663236983772479
2023-07-28 00:00:17+00:00,0.0004412625930369052
2023-07-28 01:00:11+00:00,0.0003419262580196336
2023-07-28 02:00:08+00:00,0.0003978810989379686
2023-07-28 03:00:10+00:00,0.00040422776021967774
2023-07-28 04:00:08+00:00,0.0007280734705508995
2023-07-28 05:00:12+00:00,0.0006388360568774341
2023-07-28 06:00:07+00:00,0.00045261762756792573
2023-07-28 07:00:17+00:00,0.0005356084828711256
2023-07-28 08:00:10+00:00,0.0005086859338849457
2023-07-28 09:00:21+00:00,0.0006079457719385485
2023-07-28 10:00:11+00:00,0.0005558898160985692
2023-07-28 11:00:09+00:00,0.00017396012734199675
2023-07-28 12:00:18+00:00,0.0007864405894714859
2023-07-28 13:00:11+00:00,0.0006621429595734419
2023-07-28 14:00:09+00:00,0.000608813673792763
2023-07-28 15:03:06+00:00,0.0005400615734871808
2023-07-28 16:00:14+00:00,0.00036291512437553386
2023-07-28 17:00:15+00:00,0.0005090364957829686
2023-07-28 18:00:12+00:00,0.0004381694255111977
2023-07-28 19:00:17+00:00,0.0005946314123355562
2023-07-28 20:00:10+00:00,0.0005816417620803415
2023-07-28 21:00:12+00:00,0.0006130930868914245
2023-07-28 22:03:10+00:00,0.0008349990328196531
2023-07-28 23:00:13+00:00,0.0005063795236622333
2023-07-29 00:00:06+00:00,0.0004769389598657891
2023-07-29 01:00:18+00:00,0.0008468923633544386
2023-07-29 02:00:11+00:00,0.00032471564194716025
2023-07-29 03:00:20+00:00,0.0005133626565835841
2023-07-29 04:00:10+00:00,0.0005341974769404691
2023-07-29 05:00:08+00:00,0.0001668549132354451
2023-07-29 06:00:09+00:00,0.0005065401384970505
2023-07-29 07:00:09+00:00,0.00022715700141442714
2023-07-29 08:00:08+00:00,0.0005648458681880678
2023-07-29 09:00:07+00:00,0.00022820189761127253
2023-07-29 10:00:06+00:00,0.0005418737606551466
2023-07-29 11:00:11+00:00,0.0009099191846399341
2023-07-29 12:00:18+00:00,0.0006787983824378971
2023-07-29 13:00:12+00:00,0.0006737148499108825
2023-07-29 14:00:10+00:00,0.0006701467268623026
2023-07-29 15:00:07+00:00,0.0005427173117188403
2023-07-29 16:00:07+00:00,0.0008572840456937493
2023-07-29 17:00:11+00:00,0.0001908054233635629
2023-07-29 18:00:08+00:00,0.00031543932094517087
2023-07-29 19:00:09+00:00,0.0012621048622572044
2023-07-29 20:00:08+00:00,0.0005453478206569252
2023-07-29 21:00:15+00:00,0.0003644631380431276
2023-07-29 22:00:15+00:00,0.0002072035109967302
2023-07-29 23:00:06+00:00,0.0006881272462722762
2023-07-30 00:00:06+00:00,0.0004831657791270592
2023-07-30 01:00:10+00:00,0.00031985344516032553
2023-07-30 02:00:07+00:00,0.00024411603038177097
2023-07-30 03:00:07+00:00,0.00041090042068733074
2023-07-30 04:00:12+00:00,0.00032486682718097784
2023-07-30 05:00:14+00:00,0.00033537574562607635
2023-07-30 06:00:08+00:00,0.0003814915853856023
2023-07-30 07:00:10+00:00,0.00017933331669951847
2023-07-30 08:00:12+00:00,0.0002411133886611339
2023-07-30 09:00:10+00:00,0.0006020599485012874
2023-07-30 10:00:05+00:00,0.0003466854619395724
2023-07-30 11:00:08+00:00,0.0001364261254280501
2023-07-30 12:00:08+00:00,0.0003104901225306327
2023-07-30 13:00:09+00:00,0.0002701436602123673
2023-07-30 14:00:09+00:00,0.00012539650822988732
2023-07-30 15:00:07+00:00,7.105325859323076e-05
2023-07-30 16:00:13+00:00,0.00014447780695252334
2023-07-30 17:00:05+00:00,0.00025613473747858513
2023-07-30 18:00:11+00:00,0.00033018452598080527
2023-07-30 19:00:10+00:00,0.0002683919086902475
2023-07-30 20:00:12+00:00,9.042271293375394e-05
2023-07-30 21:00:22+00:00,0.00025036997346397226
2023-07-30 22:00:08+00:00,0.00023813785784608301
2023-07-30 23:00:09+00:00,8.666290057518488e-05
2023-07-31 00:00:12+00:00,0.0003718568479361945
2023-07-31 01:00:08+00:00,0.0007416784951599084
2023-07-31 02:00:08+00:00,0.0004099483237023649
2023-07-31 03:00:08+00:00,0.00032610794877007527
2023-07-31 04:00:09+00:00,0.00030307069322264114
2023-07-31 05:00:07+00:00,0.00012513680673979997
2023-07-31 06:00:10+00:00,0.00044385122134583775
2023-07-31 07:00:17+00:00,0.000502720126387137
2023-07-31 08:00:08+00:00,0.00044626343573109456
2023-07-31 09:00:08+00:00,0.0007480740965992601
2023-07-31 10:00:08+00:00,0.000331850016434477
2023-07-31 11:00:07+00:00,0.0004495130054700035
2023-07-31 12:00:10+00:00,0.0002976677964393262
2023-07-31 13:00:12+00:00,0.0002622086291093994
2023-07-31 14:00:09+00:00,0.00016658048405201225
2023-07-31 15:00:07+00:00,0.0002218610475190671
2023-07-31 16:00:07+00:00,0.0002230123230237922
2023-07-31 17:00:19+00:00,0.0002869005339942257
2023-07-31 18:00:13+00:00,9.209383145091224e-05
2023-07-31 19:00:15+00:00,0.00021321836139399212
2023-07-31 20:00:46+00:00,-6.618579683035886e-05
2023-07-31 21:00:07+00:00,0.00013817843962113196
2023-07-31 22:00:17+00:00,4.7847630845462997e-05
2023-07-31 23:00:08+00:00,0.00012562004767119756
2023-08-01 00:00:08+00:00,0.00024218147214649454
2023-08-01 01:00:12+00:00,0.0003193606367954808
2023-08-01 02:00:16+00:00,-0.00025337481679565965
2023-08-01 03:00:10+00:00,-8.134843160223873e-06
2023-08-01 04:00:07+00:00,0.00019468366358662932
2023-08-01 05:00:20+00:00,-7.816435768261965e-05
2023-08-01 06:00:07+00:00,0.00024057792241877066
2023-08-01 07:00:08+00:00,0.00020449161747961627
2023-08-01 08:00:09+00:00,0.00020527430020124928
2023-08-01 09:00:14+00:00,0.000572339982292589
2023-08-01 10:00:08+00:00,2.545204019290515e-05
2023-08-01 11:00:06+00:00,0.00026540826540826537
2023-08-01 12:00:10+00:00,0.0002114041135988135
2023-08-01 13:00:08+00:00,0.00024922628800291277
2023-08-01 14:00:11+00:00,0.00027431502402285415
2023-08-01 15:00:10+00:00,8.181498966095743e-05
2023-08-01 16:00:11+00:00,5.162047603521357e-05
2023-08-01 17:00:11+00:00,0.0002763869521587844
2023-08-01 18:00:10+00:00,0.00026242436072613704
2023-08-01 19:00:21+00:00,0.000511490896821998
2023-08-01 20:00:17+00:00,0.00023576330441538263
2023-08-01 21:00:14+00:00,0.00030753094732480446
2023-08-01 22:00:16+00:00,0.0002573681756966746
2023-08-01 23:00:11+00:00,0.000157325746799431
2023-08-02 00:00:12+00:00,0.00016212281289458086
2023-08-02 01:00:10+00:00,0.00025509009762183436
2023-08-02 02:00:19+00:00,0.00026472173734469657
2023-08-02 03:00:16+00:00,0.00023864132528573267
2023-08-02 04:00:17+00:00,0.00017147009272477074
2023-08-02 05:00:09+00:00,0.0001788384202928439
2023-08-02 06:00:10+00:00,0.00016215202803170376
2023-08-02 07:00:08+00:00,8.208152420452336e-05
2023-08-02 08:00:09+00:00,0.00015472712399205332
2023-08-02 09:00:08+00:00,0.00029250947549396304
2023-08-02 10:00:08+00:00,0.0002300829632330915
2023-08-02 11:00:10+00:00,0.00037722595834905107
2023-08-02 12:00:09+00:00,0.00010931573751753521
2023-08-02 13:00:18+00:00,0.00020611591335138512
2023-08-02 14:00:54+00:00,9.40550133096717e-05
2023-08-02 15:00:10+00:00,-7.67297087429752e-06
2023-08-02 16:00:14+00:00,7.172179993113861e-05
2023-08-02 17:00:15+00:00,-2.7759638578301365e-05
2023-08-02 18:00:11+00:00,0.0003429816121445371
2023-08-02 19:00:19+00:00,0.00018235963327310447
2023-08-02 20:00:13+00:00,0.00014996387379913833
2023-08-02 21:00:11+00:00,0.00020910563012727006
2023-08-02 22:00:13+00:00,0.0003824794628857828
2023-08-02 23:00:08+00:00,0.000231013378687844
2023-08-03 00:00:13+00:00,0.00012046475350313332
2023-08-03 01:00:12+00:00,0.00018269735160800034
2023-08-03 02:00:30+00:00,0.00035376567634632153
2023-08-03 03:00:12+00:00,0.0002199180130214613
2023-08-03 04:00:15+00:00,1.563233184517824e-05
2023-08-03 05:00:13+00:00,0.0001800781197567818
2023-08-03 06:00:18+00:00,0.0002995426318119023
2023-08-03 07:00:11+00:00,-0.00012071301152138632
2023-08-03 08:00:09+00:00,5.886151734901179e-05
2023-08-03 09:00:10+00:00,3.612466124661247e-05
2023-08-03 10:00:08+00:00,9.300901097106144e-05
2023-08-03 11:00:09+00:00,0.00021930719327593946
2023-08-03 12:00:17+00:00,7.702765164903885e-05
2023-08-03 13:00:16+00:00,0.0001309969377339231
2023-08-03 14:00:13+00:00,0.00012515801062918815
2023-08-03 15:00:08+00:00,0.00032846093517592014
2023-08-03 16:00:11+00:00,0.00016181229773462783
2023-08-03 17:00:12+00:00,0.00026964735008005596
2023-08-03 18:00:31+00:00,9.350265403480482e-05
2023-08-03 19:00:07+00:00,0.0001356901586618041
2023-08-03 20:00:09+00:00,0.00015423340961098398
2023-08-03 21:00:10+00:00,0.0001673719989789475
2023-08-03 22:00:09+00:00,0.0001150923056191888
2023-08-03 23:00:08+00:00,0.00011181134376905876
2023-08-04 00:00:15+00:00,8.58583804449506e-05
2023-08-04 01:00:10+00:00,0.00021187302534340382
2023-08-04 02:00:10+00:00,0.00016447875403896331
2023-08-04 03:00:10+00:00,0.00016189306962751104
2023-08-04 04:00:09+00:00,0.0001335722079286609
2023-08-04 05:00:08+00:00,0.00015052980668122623
2023-08-04 06:00:08+00:00,0.00024370948395530936
2023-08-04 07:00:07+00:00,8.53745669259494e-05
2023-08-04 08:00:11+00:00,0.00024466132123862746
2023-08-04 09:00:07+00:00,0.00013077037056993143
2023-08-04 10:00:08+00:00,0.0002278463962932532
2023-08-04 11:00:08+00:00,0.00012799784424683377
2023-08-04 12:00:08+00:00,0.00011017269293038315
2023-08-04 13:00:10+00:00,0.00020622825236695167
2023-08-04 14:00:09+00:00,0.000148961049434155
2023-08-04 15:00:10+00:00,0.00016957234191156717
2023-08-04 16:00:12+00:00,0.0001437797918764686
2023-08-04 17:00:47+00:00,0.0002574350314288395
2023-08-04 18:00:14+00:00,0.00012561972397159317
2023-08-04 19:00:11+00:00,7.303112935014443e-06
2023-08-04 20:00:13+00:00,6.787668164478775e-05
2023-08-04 21:00:09+00:00,8.84871421375771e-05
2023-08-04 22:00:11+00:00,0.00019645412300186698
2023-08-04 23:00:10+00:00,0.00014137188641194748
2023-08-05 00:00:07+00:00,0.0001883757983467923
2023-08-05 01:00:10+00:00,0.00023469068448048327
2023-08-05 02:00:08+00:00,-0.00010042211328976034
2023-08-05 03:00:17+00:00,0.0002644763189080953
2023-08-05 04:00:12+00:00,0.00025758152173913047
2023-08-05 05:00:09+00:00,0.00036468953983924044
2023-08-05 06:00:12+00:00,0.0005831125739209547
2023-08-05 07:00:09+00:00,0.00019426954650514065
2023-08-05 08:00:09+00:00,0.00015163711230656838
2023-08-05 09:00:09+00:00,0.0001599698145181576
2023-08-05 10:00:10+00:00,0.00012683666073664098
2023-08-05 11:00:08+00:00,0.0001300111908366796
2023-08-05 12:00:11+00:00,2.3072460710895474e-05
2023-08-05 13:00:13+00:00,0.00010654451987082318
2023-08-05 14:00:08+00:00,0.00026886860785165867
2023-08-05 15:00:07+00:00,0.00020056137773638853
2023-08-05 16:00:07+00:00,-2.3073373327180436e-05
2023-08-05 17:00:15+00:00,-3.310030717085055e-05
2023-08-05 18:00:11+00:00,0.0001807289462547609
2023-08-05 19:00:12+00:00,7.682986262035536e-05
2023-08-05 20:00:11+00:00,6.138504446666316e-05
2023-08-05 21:00:35+00:00,4.881966479270074e-05
2023-08-05 22:00:24+00:00,3.7874795805448696e-05
2023-08-05 23:00:30+00:00,3.8984145393202155e-05
2023-08-06 00:00:48+00:00,4.0691075152443046e-05
2023-08-06 01:00:33+00:00,4.282570596529141e-05
2023-08-06 02:00:15+00:00,3.669374983566038e-05
2023-08-06 03:00:30+00:00,4.38558402084238e-05
2023-08-06 04:00:34+00:00,4.5570154052949934e-05
2023-08-06 05:00:50+00:00,4.622170571300283e-05
2023-08-06 06:03:08+00:00,4.629445921458143e-05
2023-08-06 07:03:24+00:00,5.7452366114639546e-05
2023-08-06 08:00:34+00:00,5.364681517669861e-05
2023-08-06 09:00:34+00:00,5.7443987803261305e-05
2023-08-06 10:00:24+00:00,3.867527885724896e-05
2023-08-06 11:00:36+00:00,4.657785821699959e-05
2023-08-06 12:00:45+00:00,4.387824487020519e-05
2023-08-06 13:00:26+00:00,4.67096395350389e-05
2023-08-06 14:01:01+00:00,3.96111200385666e-05
2023-08-06 15:00:37+00:00,4.0815504791560414e-05
2023-08-06 16:03:34+00:00,3.2427353868867856e-05
2023-08-06 17:00:29+00:00,5.1344907035310516e-05
2023-08-06 18:00:50+00:00,5.787905908125509e-05
2023-08-06 19:00:37+00:00,6.108793303386961e-05
2023-08-06 20:00:39+00:00,6.842730683471967e-05
2023-08-06 21:00:21+00:00,7.011967090501122e-05
2023-08-06 22:00:16+00:00,7.372272485364555e-05
2023-08-06 23:00:42+00:00,6.332489001466472e-05
2023-08-07 00:00:33+00:00,7.76617002159132e-05
2023-08-07 01:00:26+00:00,8.403474332428e-05
2023-08-07 02:00:43+00:00,8.748161027149925e-05
2023-08-07 03:00:34+00:00,7.663601226176196e-05
2023-08-07 04:00:22+00:00,6.76029738392584e-05
2023-08-07 05:00:14+00:00,6.263303533418475e-05
2023-08-07 06:00:16+00:00,6.666577778962948e-05
2023-08-07 07:00:19+00:00,5.79688816942486e-05
2023-08-07 08:00:40+00:00,7.424827142627432e-05
2023-08-07 09:00:30+00:00,5.5286012973784386e-05
2023-08-07 10:03:24+00:00,6.146232867526756e-05
2023-08-07 11:00:44+00:00,5.419214676536853e-05
2023-08-07 12:00:35+00:00,5.7584175423057824e-05
2023-08-07 13:00:39+00:00,7.061481969682704e-05
2023-08-07 14:00:34+00:00,6.925488500310803e-05
2023-08-07 15:00:18+00:00,7.110160080175518e-05
2023-08-07 16:00:59+00:00,6.447059462247378e-05
2023-08-07 17:00:44+00:00,6.38198927672612e-05
2023-08-07 18:00:23+00:00,6.801657200867012e-05
2023-08-07 19:00:18+00:00,6.548660470202297e-05
2023-08-07 20:00:39+00:00,5.519285402097902e-05
2023-08-07 21:00:22+00:00,4.31664485165794e-05
2023-08-07 22:00:55+00:00,5.3326796851594635e-05
2023-08-07 23:00:15+00:00,5.613848854774834e-05
2023-08-08 00:00:18+00:00,5.561533746509569e-05
2023-08-08 01:00:35+00:00,5.846447305674773e-05
2023-08-08 02:00:21+00:00,5.9066495815044024e-05
2023-08-08 03:00:17+00:00,5.103012818768201e-05
2023-08-08 04:00:36+00:00,5.146549734594969e-05
2023-08-08 05:00:39+00:00,4.8565929299501195e-05
2023-08-08 06:00:36+00:00,5.019017582804315e-05
2023-08-08 07:00:15+00:00,6.718248214745457e-05
2023-08-08 08:00:36+00:00,7.016638370118846e-05
2023-08-08 09:01:14+00:00,7.083883077843822e-05
2023-08-08 10:00:46+00:00,6.239363947013736e-05
2023-08-08 11:00:18+00:00,6.635000136102567e-05
2023-08-08 12:00:29+00:00,5.8791603913108364e-05
2023-08-08 13:00:27+00:00,5.859205971440934e-05
2023-08-08 14:00:42+00:00,7.313977042538825e-05
2023-08-08 15:00:42+00:00,7.199168444072463e-05
2023-08-08 16:00:47+00:00,8.128254463745106e-05
2023-08-08 17:00:35+00:00,7.706018735676857e-05
2023-08-08 18:00:34+00:00,8.279320370222187e-05
2023-08-08 19:00:50+00:00,8.050373134328359e-05
2023-08-08 20:00:26+00:00,7.73071326542872e-05
2023-08-08 21:00:36+00:00,5.728971962616823e-05
2023-08-08 22:00:23+00:00,7.385538153948684e-05
2023-08-08 23:00:39+00:00,5.995523342570881e-05
2023-08-09 00:00:23+00:00,6.274405277537148e-05
2023-08-09 01:00:20+00:00,6.60221583040375e-05
2023-08-09 02:00:31+00:00,6.156405990016639e-05
2023-08-09 03:00:17+00:00,7.063236727229038e-05
2023-08-09 04:00:43+00:00,5.5687742280443787e-05
2023-08-09 05:00:16+00:00,4.3943865083921967e-05
2023-08-09 06:00:41+00:00,4.445126098611648e-05
2023-08-09 07:00:28+00:00,5.2786001973807056e-05
2023-08-09 08:00:42+00:00,6.08615973015325e-05
2023-08-09 09:00:34+00:00,4.747770548716657e-05
2023-08-09 10:00:42+00:00,4.8575592950841396e-05
2023-08-09 11:00:21+00:00,4.85955540237808e-05
2023-08-09 12:00:37+00:00,5.6893214181538545e-05
2023-08-09 13:00:18+00:00,6.393449128887596e-05
2023-08-09 14:00:47+00:00,6.651361015450791e-05
2023-08-09 15:00:34+00:00,6.768357105124142e-05
2023-08-09 16:00:24+00:00,7.408734424141089e-05
2023-08-09 17:00:46+00:00,6.936046666489092e-05
2023-08-09 18:00:18+00:00,5.722325203035193e-05
2023-08-09 19:00:36+00:00,5.106717471821792e-05
2023-08-09 20:00:24+00:00,5.555555555555555e-05
2023-08-09 21:00:36+00:00,4.838752736398099e-05
2023-08-09 22:00:40+00:00,6.465032907057628e-05
2023-08-09 23:00:30+00:00,5.1206348358137174e-05
2023-08-10 00:00:40+00:00,5.820218441112692e-05
2023-08-10 01:00:30+00:00,5.4202952421410355e-05
2023-08-10 02:00:39+00:00,6.237413884472707e-05
2023-08-10 03:00:44+00:00,7.860365708857754e-05
2023-08-10 04:00:28+00:00,7.961884176397712e-05
2023-08-10 05:00:28+00:00,8.133062495053683e-05
2023-08-10 06:00:33+00:00,8.144880059177851e-05
2023-08-10 07:00:33+00:00,8.209576958171887e-05
2023-08-10 08:00:37+00:00,7.715710525271498e-05
2023-08-10 09:00:39+00:00,8.277049397430805e-05
2023-08-10 10:00:38+00:00,8.064109872337041e-05
2023-08-10 11:00:48+00:00,8.226984190089982e-05
2023-08-10 12:00:36+00:00,7.8483397232651e-05
2023-08-10 13:00:43+00:00,9.334853567025071e-05
2023-08-10 14:00:22+00:00,0.00010495219254863172
2023-08-10 15:00:39+00:00,8.674740074057481e-05
2023-08-10 16:00:43+00:00,8.547120935186524e-05
2023-08-10 17:00:36+00:00,0.00012231498106234355
2023-08-10 18:00:34+00:00,0.00016291183918754016
2023-08-10 19:00:29+00:00,0.00016705446227866072
2023-08-10 20:00:29+00:00,0.00016914013074652049
2023-08-10 21:00:35+00:00,0.0001658604099387069
2023-08-10 22:00:48+00:00,0.00017050599992079313
2023-08-10 23:00:36+00:00,0.00017389811255960166
2023-08-11 00:00:42+00:00,0.0001715899791452179
2023-08-11 01:00:31+00:00,0.0001619324918974467
2023-08-11 02:00:22+00:00,0.00016965791693021294
2023-08-11 03:00:27+00:00,0.00010228592545665716
2023-08-11 04:00:41+00:00,8.213595829694901e-05
2023-08-11 05:00:39+00:00,7.493717762200767e-05
2023-08-11 06:00:37+00:00,7.109600275124996e-05
2023-08-11 07:00:23+00:00,6.558548071326526e-05
2023-08-11 08:00:17+00:00,6.114651365715646e-05
2023-08-11 09:00:38+00:00,5.406300067529096e-05
2023-08-11 10:00:19+00:00,6.130618629127398e-05
2023-08-11 11:00:32+00:00,6.682308650812587e-05
2023-08-11 12:00:29+00:00,6.728529069151753e-05
2023-08-11 13:00:39+00:00,7.765103953263986e-05
2023-08-11 14:00:25+00:00,8.426520739154572e-05
2023-08-11 15:00:20+00:00,7.699923436386198e-05
2023-08-11 16:00:35+00:00,5.732618905867566e-05
2023-08-11 17:00:31+00:00,5.96342433077127e-05
2023-08-11 18:00:30+00:00,5.8608058608058604e-05
2023-08-11 19:00:34+00:00,6.085594019307121e-05
2023-08-11 20:00:33+00:00,6.419605499103407e-05
2023-08-11 21:00:31+00:00,5.8614281921953804e-05
2023-08-11 22:00:26+00:00,5.5859395741517554e-05
2023-08-11 23:00:25+00:00,5.4700242670167484e-05
2023-08-12 00:00:31+00:00,5.786271657188202e-05
2023-08-12 01:00:44+00:00,4.615465766431058e-05
2023-08-12 02:00:19+00:00,4.0010525623314254e-05
2023-08-12 03:00:42+00:00,4.0448170451712786e-05
2023-08-12 04:00:38+00:00,3.885357011506331e-05
2023-08-12 05:00:45+00:00,3.996215356715771e-05
2023-08-12 06:00:29+00:00,4.221108172475954e-05
2023-08-12 07:00:30+00:00,4.443361946390015e-05
2023-08-12 08:00:28+00:00,3.72053319324972e-05
2023-08-12 09:00:31+00:00,3.495064172314792e-05
2023-08-12 10:00:29+00:00,5.70932675618891e-05
2023-08-12 11:00:27+00:00,6.116271516726209e-05
2023-08-12 12:00:23+00:00,6.875982793798489e-05
2023-08-12 13:00:26+00:00,7.209586759654419e-05
2023-08-12 14:00:29+00:00,7.100576320137379e-05
2023-08-12 15:00:34+00:00,7.053277247450741e-05
2023-08-12 16:00:43+00:00,8.201123727333169e-05
2023-08-12 17:00:42+00:00,7.702422956240968e-05
2023-08-12 18:00:37+00:00,7.256114995711056e-05
2023-08-12 19:00:35+00:00,7.803659916500839e-05
2023-08-12 20:00:32+00:00,7.748631179201728e-05
2023-08-12 21:00:50+00:00,8.304782251866134e-05
2023-08-12 22:00:33+00:00,8.783572767020612e-05
2023-08-12 23:00:39+00:00,8.444738927648075e-05
2023-08-13 00:00:43+00:00,8.40250852220979e-05
2023-08-13 01:00:35+00:00,8.411373197702438e-05
2023-08-13 02:00:28+00:00,8.532258485299105e-05
2023-08-13 03:00:29+00:00,8.759581608534977e-05
2023-08-13 04:00:27+00:00,9.098755099905849e-05
2023-08-13 05:00:27+00:00,8.553121935272964e-05
2023-08-13 06:00:37+00:00,9.002933319365146e-05
2023-08-13 07:00:34+00:00,9.225749813283718e-05
2023-08-13 08:00:16+00:00,9.276041803085466e-05
2023-08-13 09:00:23+00:00,8.899343458831854e-05
2023-08-13 10:00:16+00:00,8.960723886958231e-05
2023-08-13 11:00:17+00:00,9.342914464798522e-05
2023-08-13 12:00:18+00:00,9.415072524700442e-05
2023-08-13 13:00:16+00:00,9.142511759913806e-05
2023-08-13 14:00:20+00:00,9.36292675234566e-05
2023-08-13 15:00:17+00:00,9.74302380577014e-05
2023-08-13 16:00:18+00:00,9.217560770061363e-05
2023-08-13 17:00:37+00:00,9.344697019670962e-05
2023-08-13 18:00:15+00:00,9.33816743572841e-05
2023-08-13 19:00:28+00:00,9.224970677771774e-05
2023-08-13 20:00:18+00:00,8.77983246404299e-05
2023-08-13 21:00:17+00:00,8.62928759894459e-05
2023-08-13 22:00:20+00:00,8.226112075476698e-05
2023-08-13 23:00:23+00:00,8.002027180218988e-05
2023-08-14 00:00:17+00:00,8.85186323370255e-05
2023-08-14 01:00:18+00:00,9.480531648619346e-05
2023-08-14 02:00:17+00:00,9.220885473249374e-05
2023-08-14 03:00:20+00:00,9.455829819236658e-05
2023-08-14 04:00:17+00:00,9.272517630654547e-05
2023-08-14 05:00:16+00:00,9.471403928700372e-05
2023-08-14 06:00:17+00:00,9.50038001520061e-05
2023-08-14 07:00:17+00:00,9.609001106474879e-05
2023-08-14 08:00:25+00:00,9.33582288610296e-05
2023-08-14 09:00:29+00:00,9.33184023889511e-05
2023-08-14 10:00:38+00:00,9.052735416444492e-05
2023-08-14 11:00:34+00:00,8.826742698784908e-05
2023-08-14 12:00:31+00:00,8.614916692234836e-05
2023-08-14 13:00:25+00:00,8.748629055988016e-05
2023-08-14 14:00:20+00:00,8.93769357628414e-05
2023-08-14 15:00:53+00:00,0.00010259361366130459
2023-08-14 16:00:35+00:00,8.009076953881066e-05
2023-08-14 17:00:36+00:00,7.732571337009788e-05
2023-08-14 18:00:44+00:00,8.08863895025775e-05
2023-08-14 19:00:27+00:00,8.412749690410813e-05
2023-08-14 20:00:37+00:00,8.982253783029928e-05
2023-08-14 21:00:24+00:00,0.0001086658421165842
2023-08-14 22:00:26+00:00,9.618146433125292e-05
2023-08-14 23:00:32+00:00,8.307572898684544e-05
2023-08-15 00:00:34+00:00,7.465001537659282e-05
2023-08-15 01:00:33+00:00,7.973768736616704e-05
2023-08-15 02:00:30+00:00,8.249381229513679e-05
2023-08-15 03:00:37+00:00,8.583851762659709e-05
2023-08-15 04:00:39+00:00,8.322608322608322e-05
2023-08-15 05:00:31+00:00,8.78128020620771e-05
2023-08-15 06:00:48+00:00,8.399295803039872e-05
2023-08-15 07:00:29+00:00,8.684192832649768e-05
2023-08-15 08:00:35+00:00,7.956425257212023e-05
2023-08-15 09:00:33+00:00,8.900024181197774e-05
2023-08-15 10:00:37+00:00,9.350139754891422e-05
2023-08-15 11:00:36+00:00,9.364233419465979e-05
2023-08-15 12:00:32+00:00,9.772733399832853e-05
2023-08-15 13:00:30+00:00,9.336609336609337e-05
2023-08-15 14:00:20+00:00,9.2906660900823e-05
2023-08-15 15:00:33+00:00,9.12815935737758e-05
2023-08-15 16:00:34+00:00,8.23406789755807e-05
2023-08-15 17:00:39+00:00,7.62432736489692e-05
2023-08-15 18:00:19+00:00,7.687089596787323e-05
2023-08-15 19:00:48+00:00,7.770109309701747e-05
2023-08-15 20:00:23+00:00,2.311769766602836e-05
2023-08-15 21:00:38+00:00,3.090186418854616e-05
2023-08-15 22:00:27+00:00,1.64005907588438e-05
2023-08-15 23:00:25+00:00,1.4090063687087866e-05
2023-08-16 00:00:30+00:00,8.816849351785235e-06
2023-08-16 01:00:49+00:00,5.861714269610675e-06
2023-08-16 02:00:41+00:00,8.795755520216165e-06
2023-08-16 03:00:41+00:00,7.613820280064739e-06
2023-08-16 04:00:21+00:00,7.618108850242907e-06
2023-08-16 05:00:16+00:00,7.614891969878247e-06
2023-08-16 06:00:19+00:00,5.288990437505289e-06
2023-08-16 07:00:17+00:00,2.347650228400911e-06
2023-08-16 08:00:48+00:00,6.4800011318779265e-06
2023-08-16 09:00:44+00:00,5.899370355663964e-06
2023-08-16 10:00:52+00:00,5.34424033405065e-06
2023-08-16 11:00:32+00:00,6.525146032198319e-06
2023-08-16 12:00:35+00:00,8.906178750569995e-06
2023-08-16 13:00:36+00:00,7.167944950182782e-06
2023-08-16 14:00:24+00:00,5.999163578154969e-06
2023-08-16 15:00:31+00:00,7.211469120489225e-06
2023-08-16 16:00:31+00:00,5.409928300416925e-06
2023-08-16 17:00:26+00:00,5.423307205044399e-06
2023-08-16 18:00:37+00:00,0.0
2023-08-16 19:00:21+00:00,-2.9997115661955584e-06
2023-08-16 20:00:32+00:00,-4.204351720750138e-06
2023-08-16 21:00:38+00:00,-2.1899088997897686e-05
2023-08-16 22:00:19+00:00,-1.2931926339747568e-05
2023-08-16 23:00:20+00:00,-9.865059027417753e-06
2023-08-17 00:00:21+00:00,-8.661803378549035e-06
2023-08-17 01:00:19+00:00,-1.5515545354279073e-05
2023-08-17 02:00:23+00:00,-2.2829629629629627e-05
2023-08-17 03:00:19+00:00,-2.5776612511231234e-05
2023-08-17 04:00:28+00:00,-1.9569557813142287e-05
2023-08-17 05:00:19+00:00,-1.1624830991711248e-05
2023-08-17 06:00:21+00:00,-1.8957693945579228e-05
2023-08-17 07:00:23+00:00,-1.1623806024981631e-05
2023-08-17 08:00:26+00:00,-1.0419119378384742e-05
2023-08-17 09:00:26+00:00,-1.3499572611784126e-05
2023-08-17 10:00:24+00:00,-1.3525086377462127e-05
2023-08-17 11:00:26+00:00,-1.5442354476947726e-05
2023-08-17 12:00:19+00:00,-1.425743753069516e-05
2023-08-17 13:00:23+00:00,-7.434612582338335e-06
2023-08-17 14:00:14+00:00,-1.7348092602511458e-05
2023-08-17 15:00:19+00:00,-1.7448037469884925e-05
2023-08-17 16:00:22+00:00,-1.631933456896162e-05
2023-08-17 17:00:26+00:00,-1.647048088329227e-05
2023-08-17 18:00:18+00:00,-1.0776911836337068e-05
2023-08-17 19:00:20+00:00,-1.6454465343826917e-05
2023-08-17 20:00:18+00:00,-2.9033822281488666e-05
2023-08-17 21:00:19+00:00,-2.593891900921834e-05
2023-08-17 22:00:21+00:00,-0.00014176846000658587
2023-08-17 23:00:30+00:00,-9.780303398254731e-05
2023-08-18 00:00:19+00:00,-9.268340207189946e-05
2023-08-18 01:00:19+00:00,-6.513172892174422e-05
2023-08-18 02:00:19+00:00,-7.491989799254562e-05
2023-08-18 03:00:24+00:00,-1.1640907596185466e-05
2023-08-18 04:00:17+00:00,-2.609369333728942e-05
2023-08-18 05:00:17+00:00,-4.0432286611945455e-05
2023-08-18 06:00:25+00:00,-5.643963505198388e-05
2023-08-18 07:00:32+00:00,-5.457191365510551e-05
2023-08-18 08:00:38+00:00,-5.5624366625380027e-05
2023-08-18 09:00:29+00:00,-5.675134225498838e-05
2023-08-18 10:00:22+00:00,-6.46994780492491e-05
2023-08-18 11:00:17+00:00,-6.188612952168011e-05
2023-08-18 12:00:31+00:00,-5.110803103442782e-05
2023-08-18 13:00:37+00:00,-4.916046114840623e-05
2023-08-18 14:00:36+00:00,-5.316637422236402e-05
2023-08-18 15:00:16+00:00,-5.4387976054005854e-05
2023-08-18 16:00:26+00:00,-5.369244964841389e-05
2023-08-18 17:00:44+00:00,-5.1753240549062065e-05
2023-08-18 18:00:37+00:00,-5.439403831149186e-05
2023-08-18 19:00:28+00:00,-5.2889650576025894e-05
2023-08-18 20:00:19+00:00,-4.69777340151828e-05
2023-08-18 21:00:28+00:00,-5.2140435375011886e-05
2023-08-18 22:00:28+00:00,-5.9178134073980564e-05
2023-08-18 23:00:26+00:00,-4.931666824480005e-05
2023-08-19 00:00:22+00:00,-4.6083823250521524e-05
2023-08-19 01:00:26+00:00,-5.2511343584572725e-05
2023-08-19 02:00:22+00:00,-4.7223271628258404e-05
2023-08-19 03:00:28+00:00,-4.262888626524991e-05
2023-08-19 04:00:23+00:00,-4.260675288712672e-05
2023-08-19 05:00:23+00:00,-5.29403460337877e-05
2023-08-19 06:00:17+00:00,-6.21594032194739e-05
2023-08-19 07:00:25+00:00,-4.3952063747027604e-05
2023-08-19 08:00:24+00:00,-4.926380174669735e-05
2023-08-19 09:00:23+00:00,-4.9786919532638266e-05
2023-08-19 10:00:26+00:00,-5.0414093316361015e-05
2023-08-19 11:00:24+00:00,-4.321045850224694e-05
2023-08-19 12:00:24+00:00,-4.6566543874563144e-05
2023-08-19 13:00:23+00:00,-4.00359236150501e-05
2023-08-19 14:00:27+00:00,-4.134835000393793e-05
2023-08-19 15:00:23+00:00,-3.678186289966576e-05
2023-08-19 16:00:29+00:00,-4.912363436296471e-05
2023-08-19 17:00:34+00:00,-5.0804270685154206e-05
2023-08-19 18:00:24+00:00,-6.77571189541666e-05
2023-08-19 19:00:09+00:00,-4.956245401462139e-05
2023-08-19 20:00:34+00:00,-4.7678028283841835e-05
2023-08-19 21:00:26+00:00,-5.1123135971811486e-05
2023-08-19 22:00:25+00:00,-5.114163873546397e-05
2023-08-19 23:00:35+00:00,-4.255854156844256e-05
2023-08-20 00:00:25+00:00,-4.7073591715047865e-05
2023-08-20 01:00:23+00:00,-4.758551622695834e-05
2023-08-20 02:01:33+00:00,-4.687426758956891e-05
2023-08-20 03:00:52+00:00,-4.415798989961967e-05
2023-08-20 04:00:25+00:00,-4.090122937409433e-05
2023-08-20 05:00:25+00:00,-3.769816502309324e-05
2023-08-20 06:00:25+00:00,-3.965603346026594e-05
2023-08-20 07:00:58+00:00,-3.903139685563067e-05
2023-08-20 08:00:26+00:00,-4.8074973880771566e-05
2023-08-20 09:00:26+00:00,-4.091142870501691e-05
2023-08-20 10:00:30+00:00,-4.088530309638029e-05
2023-08-20 11:00:19+00:00,-5.311192997185814e-05
2023-08-20 12:00:31+00:00,-4.53055326818203e-05
2023-08-20 13:00:23+00:00,-4.1477378803908145e-05
2023-08-20 14:00:30+00:00,-3.505874287138895e-05
2023-08-20 15:00:32+00:00,-4.555324699670379e-05
2023-08-20 16:00:29+00:00,-3.915672085956834e-05
2023-08-20 17:00:25+00:00,-3.591359418108854e-05
2023-08-20 18:00:32+00:00,-4.11274402281202e-05
2023-08-20 19:00:58+00:00,-4.432865480605236e-05
2023-08-20 20:00:38+00:00,-4.368719281219673e-05
2023-08-20 21:00:28+00:00,-4.424073958398401e-05
2023-08-20 22:01:00+00:00,-3.975716990283667e-05
2023-08-20 23:00:29+00:00,-3.5881532991902774e-05
2023-08-21 00:00:44+00:00,-3.850853830487232e-05
2023-08-21 01:00:42+00:00,-3.394345891054974e-05
2023-08-21 02:00:31+00:00,-4.173842251933494e-05
2023-08-21 03:00:51+00:00,-3.388557750973858e-05
2023-08-21 04:00:34+00:00,-3.652903690481783e-05
2023-08-21 05:00:39+00:00,-4.124375451717312e-05
2023-08-21 06:00:42+00:00,-3.924954863019075e-05
2023-08-21 07:00:28+00:00,-4.324851382379769e-05
2023-08-21 08:00:31+00:00,-3.947015267055053e-05
2023-08-21 09:01:03+00:00,-3.757733019002263e-05
2023-08-21 10:00:35+00:00,-3.496104883146494e-05
2023-08-21 11:00:35+00:00,-7.560925138882256e-05
2023-08-21 12:00:32+00:00,-4.7141696017339475e-05
2023-08-21 13:00:35+00:00,-4.643164230438521e-05
2023-08-21 14:00:35+00:00,-4.791719907998978e-05
2023-08-21 15:00:26+00:00,-4.38610481993046e-05
2023-08-21 16:00:35+00:00,-6.039230843559764e-05
2023-08-21 17:00:33+00:00,-3.9068564036222506e-05
2023-08-21 18:00:32+00:00,-3.298532548968906e-05
2023-08-21 19:00:32+00:00,-3.3559425800318996e-05
2023-08-21 20:00:39+00:00,-2.734987990392314e-05
2023-08-21 21:00:23+00:00,-2.8611594804862856e-05
2023-08-21 22:00:23+00:00,-2.8591497581456237e-05
2023-08-21 23:00:29+00:00,-3.06221930988189e-05
2023-08-22 00:00:30+00:00,-3.197135366711427e-05
2023-08-22 01:00:33+00:00,-4.7849179386573516e-05
2023-08-22 02:00:35+00:00,-4.184067072587586e-05
2023-08-22 03:00:32+00:00,-4.845751800624641e-05
2023-08-22 04:00:22+00:00,-3.790417823741581e-05
2023-08-22 05:00:22+00:00,-3.4610037869709026e-05
2023-08-22 06:00:30+00:00,-3.726777527515535e-05
2023-08-22 07:00:32+00:00,-4.639322875234672e-05
2023-08-22 08:00:33+00:00,-5.025077772839819e-05
2023-08-22 09:00:34+00:00,-4.102669991581823e-05
2023-08-22 10:00:32+00:00,-3.6385871291531665e-05
2023-08-22 11:00:32+00:00,-3.440388830649004e-05
2023-08-22 12:00:32+00:00,-3.3762849743402344e-05
2023-08-22 13:00:32+00:00,-4.3589215235619514e-05
2023-08-22 14:00:31+00:00,-3.7722962562937786e-05
2023-08-22 15:00:34+00:00,-3.788603879530373e-05
2023-08-22 16:00:21+00:00,-3.793747903455106e-05
2023-08-22 17:00:38+00:00,-4.613286264441592e-05
2023-08-22 18:00:25+00:00,-8.69980415324604e-05
2023-08-22 19:00:22+00:00,-5.198509155728407e-05
2023-08-22 20:00:22+00:00,-4.58006628405141e-05
2023-08-22 21:00:27+00:00,-4.571714433255874e-05
2023-08-22 22:00:24+00:00,-7.833190165156649e-05
2023-08-22 23:00:34+00:00,-5.1060398354971374e-05
2023-08-23 00:00:52+00:00,-4.4083935813789454e-05
2023-08-23 01:00:37+00:00,-4.254640047238314e-05
2023-08-23 02:00:42+00:00,-3.6520436141044445e-05
2023-08-23 03:00:42+00:00,-3.646289252120769e-05
2023-08-23 04:00:54+00:00,-3.450912914635312e-05
2023-08-23 05:01:09+00:00,-2.7896003698213063e-05
2023-08-23 06:00:32+00:00,-3.18989441449488e-05
2023-08-23 07:00:31+00:00,-3.643447837150127e-05
2023-08-23 08:00:30+00:00,-3.166761669516752e-05
2023-08-23 09:01:21+00:00,-2.4334396614344822e-05
2023-08-23 10:00:34+00:00,-2.5632532020947694e-05
2023-08-23 11:00:32+00:00,-2.430522696444907e-05
2023-08-23 12:00:23+00:00,-2.6946438431805634e-05
2023-08-23 13:00:27+00:00,-3.555457231800009e-05
2023-08-23 14:00:23+00:00,-3.825205826472451e-05
2023-08-23 15:00:26+00:00,-4.600167221442206e-05
2023-08-23 16:00:23+00:00,-4.910665179062495e-05
2023-08-23 17:00:16+00:00,-4.746371156547526e-05
2023-08-23 18:01:30+00:00,-3.634692383192859e-05
2023-08-23 19:00:37+00:00,-3.380782918149466e-05
2023-08-23 20:00:46+00:00,-3.507349846456018e-05
2023-08-23 21:00:33+00:00,-3.0524592719619616e-05
2023-08-23 22:00:36+00:00,-3.777597098004878e-05
2023-08-23 23:00:32+00:00,-3.0037468449684107e-05
2023-08-24 00:00:21+00:00,-2.93993132320429e-05
2023-08-24 01:00:32+00:00,-3.390944955851963e-05
2023-08-24 02:00:34+00:00,-3.068725021550036e-05
2023-08-24 03:00:58+00:00,-2.7446244569564468e-05
2023-08-24 04:00:19+00:00,-3.132243312660527e-05
2023-08-24 05:00:20+00:00,-3.130772361541592e-05
2023-08-24 06:02:01+00:00,-3.2598829384331276e-05
2023-08-24 07:00:58+00:00,-3.196454300570068e-05
2023-08-24 08:01:04+00:00,-2.9380425585258078e-05
2023-08-24 09:00:48+00:00,-3.13878121125567e-05
2023-08-24 10:00:32+00:00,-3.404054691183404e-05
2023-08-24 11:00:24+00:00,-3.2777856457221984e-05
2023-08-24 12:00:23+00:00,-3.273973248667934e-05
2023-08-24 13:00:23+00:00,-3.476453639412404e-05
2023-08-24 14:01:10+00:00,-3.286525717892079e-05
2023-08-24 15:00:23+00:00,-4.161712247324613e-05
2023-08-24 16:00:45+00:00,-3.914012738853504e-05
2023-08-24 17:01:12+00:00,-3.2493790995351205e-05
2023-08-24 18:01:14+00:00,-2.985763877830504e-05
2023-08-24 19:01:18+00:00,1.991048247081123e-06
2023-08-24 20:01:07+00:00,-4.632356452665595e-06
2023-08-24 21:01:20+00:00,3.456199138343705e-05
2023-08-24 22:00:24+00:00,-5.3143951484200446e-06
2023-08-24 23:01:38+00:00,-2.2548488805375965e-05
2023-08-25 00:00:21+00:00,-2.58165988815455e-05
2023-08-25 01:01:33+00:00,-2.3839796567069294e-05
2023-08-25 02:00:32+00:00,-2.4515574787616532e-05
2023-08-25 03:00:31+00:00,-2.252804072866121e-05
2023-08-25 04:00:30+00:00,-1.9956574493901273e-05
2023-08-25 05:00:25+00:00,-2.7418811102371053e-05
2023-08-25 06:00:30+00:00,-1.6055229991169624e-05
2023-08-25 07:00:30+00:00,-1.6715641408545693e-05
2023-08-25 08:00:32+00:00,-2.0726303621885434e-05
2023-08-25 09:01:24+00:00,-1.6050849089916857e-05
2023-08-25 10:00:23+00:00,-1.2694387828794274e-05
2023-08-25 11:00:23+00:00,-1.4040661756446669e-05
2023-08-25 12:00:23+00:00,-1.4033005629239973e-05
2023-08-25 13:00:26+00:00,-1.804098912729722e-05
2023-08-25 14:00:24+00:00,-2.1345759672047144e-05
2023-08-25 15:00:25+00:00,-2.5389747866812085e-05
2023-08-25 16:00:23+00:00,-2.4716902447630962e-05
2023-08-25 17:00:24+00:00,-2.5392191460010904e-05
2023-08-25 18:00:27+00:00,-2.0708682889270304e-05
2023-08-25 19:00:24+00:00,-3.061436446432851e-05
2023-08-25 20:00:23+00:00,-2.2605724867893805e-05
2023-08-25 21:00:23+00:00,-3.1885213232363485e-05
2023-08-25 22:00:22+00:00,-3.778718258766626e-05
2023-08-25 23:00:28+00:00,-2.5142149232870616e-05
2023-08-26 00:00:31+00:00,-2.3125237913970307e-05
2023-08-26 01:01:33+00:00,-1.718202154495407e-05
2023-08-26 02:00:31+00:00,-1.651306292730128e-05
2023-08-26 03:00:22+00:00,-1.45253877136786e-05
2023-08-26 04:00:34+00:00,-1.979132031856109e-05
2023-08-26 05:00:26+00:00,-2.175908342828206e-05
2023-08-26 06:00:35+00:00,-2.1099116781158e-05
2023-08-26 07:00:52+00:00,-2.042075292628915e-05
2023-08-26 08:00:35+00:00,-2.041816916555956e-05
2023-08-26 09:01:23+00:00,-2.0441770247803022e-05
2023-08-26 10:00:21+00:00,-1.7851758993319473e-05
2023-08-26 11:00:23+00:00,-1.3228521518183262e-05
2023-08-26 12:00:25+00:00,-1.588839987924816e-05
2023-08-26 13:00:22+00:00,-1.325356796232359e-05
2023-08-26 14:00:24+00:00,-1.3253989721395725e-05
2023-08-26 15:00:24+00:00,-2.5163731162968142e-05
2023-08-26 16:00:23+00:00,-1.5217460367887665e-05
2023-08-26 17:00:22+00:00,-1.921302923306931e-05
2023-08-26 18:00:22+00:00,-1.6579601197681087e-05
2023-08-26 19:00:24+00:00,-1.9229238630394292e-05
2023-08-26 20:00:23+00:00,-2.9818702290076335e-05
2023-08-26 21:00:22+00:00,-2.1204504963094934e-05
2023-08-26 22:00:23+00:00,-3.243853208092945e-05
2023-08-26 23:00:23+00:00,-1.918952836333021e-05
2023-08-27 00:00:21+00:00,-1.7883826662003625e-05
2023-08-27 01:00:23+00:00,-2.0528885143193347e-05
2023-08-27 02:00:22+00:00,-2.187052648321934e-05
2023-08-27 03:00:23+00:00,-1.9883878151594687e-05
2023-08-27 04:00:23+00:00,-1.9214557253972546e-05
2023-08-27 05:00:23+00:00,-2.4495700138294995e-05
2023-08-27 06:00:24+00:00,-4.094930086559498e-05
2023-08-27 07:00:22+00:00,-2.837857108903361e-05
2023-08-27 08:00:23+00:00,-3.487821059615202e-05
2023-08-27 09:00:23+00:00,-3.2196491670873294e-05
2023-08-27 10:00:22+00:00,-2.431558185404339e-05
2023-08-27 11:00:25+00:00,-2.3666771852319343e-05
2023-08-27 12:00:25+00:00,-2.3047739487828012e-05
2023-08-27 13:00:24+00:00,-2.1760460846996267e-05
2023-08-27 14:00:23+00:00,-2.175770618393569e-05
2023-08-27 15:00:27+00:00,-2.9606353918302255e-05
2023-08-27 16:00:26+00:00,-2.8939059046416172e-05
2023-08-27 17:00:34+00:00,-2.2376738305941846e-05
2023-08-27 18:00:42+00:00,-2.6385809312638582e-05
2023-08-27 19:00:27+00:00,-3.170778108947936e-05
2023-08-27 20:00:29+00:00,-2.640002535416601e-05
2023-08-27 21:00:28+00:00,-1.9831511478478844e-05
2023-08-27 22:00:27+00:00,-1.784807716715319e-05
2023-08-27 23:00:18+00:00,-2.905603550764841e-05
2023-08-28 00:00:28+00:00,-2.308898284954155e-05
2023-08-28 01:00:26+00:00,-2.3807256451766497e-05
2023-08-28 02:00:26+00:00,-2.653669103709721e-05
2023-08-28 03:00:26+00:00,-2.3259152907394112e-05
2023-08-28 04:00:26+00:00,-2.262595273476823e-05
2023-08-28 05:00:27+00:00,-1.9979221609526096e-05
2023-08-28 06:00:18+00:00,-2.2010565071234193e-05
2023-08-28 07:00:24+00:00,-2.533570205342424e-05
2023-08-28 08:00:25+00:00,-2.402614044079959e-05
2023-08-28 09:00:15+00:00,-2.2702858700357538e-05
2023-08-28 10:00:25+00:00,-2.0057766367137358e-05
2023-08-28 11:00:26+00:00,-2.7388034571781343e-05
2023-08-28 12:00:26+00:00,-2.203914151533123e-05
2023-08-28 13:00:25+00:00,-3.1237037746083405e-05
2023-08-28 14:00:27+00:00,-2.854911212420697e-05
2023-08-28 15:00:26+00:00,-3.182179793158313e-05
2023-08-28 16:01:06+00:00,-3.962467507766437e-05
2023-08-28 17:01:25+00:00,-2.5690481083901157e-05
2023-08-28 18:00:27+00:00,-2.6315373801513212e-05
2023-08-28 19:00:27+00:00,-1.843274262136997e-05
2023-08-28 20:00:38+00:00,-2.5720978821741746e-05
2023-08-28 21:00:26+00:00,-3.226673411958137e-05
2023-08-28 22:00:36+00:00,-2.765268231018409e-05
2023-08-28 23:00:42+00:00,-2.9587666282684512e-05
2023-08-29 00:00:37+00:00,-2.42818650237146e-05
2023-08-29 01:00:38+00:00,-2.3621675249208673e-05
2023-08-29 02:00:28+00:00,-2.817322363970993e-05
2023-08-29 03:01:56+00:00,-3.0871594349142286e-05
2023-08-29 04:00:34+00:00,-2.6319946917754118e-05
2023-08-29 05:00:42+00:00,-1.9755037534571317e-05
2023-08-29 06:00:37+00:00,-1.2503161355589277e-05
2023-08-29 07:00:43+00:00,-2.1768729022861124e-05
2023-08-29 08:00:34+00:00,-2.1796680563701788e-05
2023-08-29 09:00:35+00:00,-2.181812411735771e-05
2023-08-29 10:00:30+00:00,-1.852116591215948e-05
2023-08-29 11:01:42+00:00,-2.0571410360597228e-05
2023-08-29 12:00:30+00:00,-1.9262661053705827e-05
2023-08-29 13:00:29+00:00,-1.994256541161455e-05
2023-08-29 14:00:40+00:00,-2.523071038077174e-05
2023-08-29 15:00:40+00:00,-1.2393457006768613e-05
2023-08-29 16:00:28+00:00,-6.32074754995062e-06
2023-08-29 17:00:27+00:00,-1.5603687326688152e-05
2023-08-29 18:00:27+00:00,-4.553485864877816e-05
2023-08-29 19:00:28+00:00,-5.101019905326504e-05
2023-08-29 20:00:23+00:00,-4.854368932038835e-05
2023-08-29 21:00:20+00:00,-4.04088636872342e-05
2023-08-29 22:00:27+00:00,-3.676943559365136e-05
2023-08-29 23:00:26+00:00,-3.2409624132152266e-05
2023-08-30 00:00:17+00:00,-6.258262228097583e-05
2023-08-30 01:00:30+00:00,-4.015241652484299e-05
2023-08-30 02:00:26+00:00,-4.22904418449603e-05
2023-08-30 03:00:27+00:00,-3.858945737846826e-05
2023-08-30 04:00:31+00:00,-3.552395163991839e-05
2023-08-30 05:00:28+00:00,-3.490622095592157e-05
2023-08-30 06:00:28+00:00,-3.867756518562491e-05
2023-08-30 07:00:40+00:00,-3.3017789362967026e-05
2023-08-30 08:00:38+00:00,-2.8590161934677197e-05
2023-08-30 09:02:25+00:00,-3.0490128820794267e-05
2023-08-30 10:00:26+00:00,-3.1806382653840275e-05
2023-08-30 11:00:40+00:00,-3.117267923145065e-05
2023-08-30 12:00:37+00:00,-3.503004541214966e-05
2023-08-30 13:00:26+00:00,-3.061052696022161e-05
2023-08-30 14:00:39+00:00,-3.119125850080233e-05
2023-08-30 15:00:28+00:00,-5.2346874664786925e-05
2023-08-30 16:00:29+00:00,-3.713381082659617e-05
2023-08-30 17:00:31+00:00,-3.0073571198181458e-05
2023-08-30 18:00:40+00:00,-3.37816128884197e-05
2023-08-30 19:00:27+00:00,-3.695489239334934e-05
2023-08-30 20:00:36+00:00,-3.311015316885261e-05
2023-08-30 21:00:23+00:00,-3.6869172427474854e-05
2023-08-30 22:00:53+00:00,-3.4296689226266695e-05
2023-08-30 23:00:35+00:00,-2.9186850683971607e-05
2023-08-31 00:00:25+00:00,-3.102295181638547e-05
2023-08-31 01:00:27+00:00,-3.4244490441982225e-05
2023-08-31 02:00:51+00:00,-2.8608046871423993e-05
2023-08-31 03:00:33+00:00,-2.7358966133541087e-05
2023-08-31 04:01:24+00:00,-2.5437056263836937e-05
2023-08-31 05:00:34+00:00,-2.7295587899108436e-05
2023-08-31 06:00:34+00:00,-2.4724982121936002e-05
2023-08-31 07:00:33+00:00,-2.7192396453297705e-05
2023-08-31 08:00:40+00:00,-2.5140339228586952e-05
2023-08-31 09:00:36+00:00,-2.819548872180451e-05
2023-08-31 10:00:36+00:00,-3.2015065913371e-05
2023-08-31 11:00:37+00:00,-3.012728779091662e-05
2023-08-31 12:00:23+00:00,-2.876488162260355e-05
2023-08-31 13:00:34+00:00,-3.251031894934334e-05
2023-08-31 14:00:37+00:00,-3.762623602185332e-05
2023-08-31 15:00:27+00:00,-3.399305030971446e-05
2023-08-31 16:00:23+00:00,-6.518502764780945e-05
2023-08-31 17:00:35+00:00,-6.636747947555447e-05
2023-08-31 18:00:36+00:00,-1.552023839086168e-05
2023-08-31 19:00:30+00:00,-9.725355948027698e-06
2023-08-31 20:00:37+00:00,-9.755716850074145e-06
2023-08-31 21:00:24+00:00,-6.511700712217266e-06
2023-08-31 22:00:30+00:00,-7.2062433129838255e-06
2023-08-31 23:00:25+00:00,-7.217258387305189e-06
2023-09-01 00:00:25+00:00,-1.241582821893296e-05
2023-09-01 01:00:24+00:00,-1.3692842164564489e-05
2023-09-01 02:00:28+00:00,-8.472585469750835e-06
2023-09-01 03:00:39+00:00,-1.0416829592554937e-05
2023-09-01 04:00:25+00:00,-9.116354709074135e-06
2023-09-01 05:00:27+00:00,-7.163749550310481e-06
2023-09-01 06:00:26+00:00,-2.600250626566416e-06
2023-09-01 07:00:25+00:00,-5.226644902059266e-06
2023-09-01 08:00:34+00:00,-7.1983151541822526e-06
2023-09-01 09:01:25+00:00,-9.167531528131585e-06
2023-09-01 10:00:53+00:00,-9.15155796248332e-06
2023-09-01 11:00:37+00:00,-9.139793374825592e-06
2023-09-01 12:00:38+00:00,-9.786727631455327e-06
2023-09-01 13:00:25+00:00,-1.2364011504314117e-05
2023-09-01 14:00:34+00:00,-1.629082486972035e-05
2023-09-01 15:00:38+00:00,-1.1117915861874028e-05
2023-09-01 16:00:36+00:00,-1.1131375385195902e-05
2023-09-01 17:00:58+00:00,-1.2461991713011832e-05
2023-09-01 18:01:10+00:00,-1.3213832487309645e-05
2023-09-01 19:00:54+00:00,-9.247949746990054e-06
2023-09-01 20:00:42+00:00,-3.95845208689594e-06
2023-09-01 21:00:54+00:00,0.0
2023-09-01 22:02:24+00:00,-8.51673435974938e-06
2023-09-01 23:00:35+00:00,-5.900865460267507e-06
2023-09-02 00:00:24+00:00,-2.6055155310699878e-06
2023-09-02 01:00:57+00:00,-4.562058099612774e-06
2023-09-02 02:00:56+00:00,-5.220335794572731e-06
2023-09-02 03:00:40+00:00,-6.528972314646244e-06
2023-09-02 04:00:33+00:00,-6.530202185106117e-06
2023-09-02 05:00:35+00:00,-3.262745098039216e-06
2023-09-02 06:00:53+00:00,-7.840800388903698e-06
2023-09-02 07:00:36+00:00,-9.154575717605676e-06
2023-09-02 08:00:29+00:00,-5.238072766740597e-06
2023-09-02 09:00:31+00:00,-9.195438557751454e-06
2023-09-02 10:00:28+00:00,-7.225114371351948e-06
2023-09-02 11:00:28+00:00,-5.9118426031025346e-06
2023-09-02 12:00:29+00:00,-7.877985756601752e-06
2023-09-02 13:00:30+00:00,-4.587011349306432e-06
2023-09-02 14:00:29+00:00,-8.53271927195874e-06
2023-09-02 15:00:20+00:00,-5.891872358477226e-06
2023-09-02 16:00:30+00:00,-4.560199332424428e-06
2023-09-02 17:00:29+00:00,-5.221481771854174e-06
2023-09-02 18:00:30+00:00,-1.0472521424640301e-05
2023-09-02 19:00:32+00:00,-4.599408873223853e-06
2023-09-02 20:00:54+00:00,-3.948573775152415e-06
2023-09-02 21:00:28+00:00,-7.228535353535354e-06
2023-09-02 22:00:28+00:00,-3.2807570977917985e-06
2023-09-02 23:00:28+00:00,-3.940358730258802e-06
2023-09-03 00:00:26+00:00,-2.6148732731597437e-06
2023-09-03 01:00:27+00:00,-3.276983914420305e-06
2023-09-03 02:00:28+00:00,-3.275332650972364e-06
2023-09-03 03:00:27+00:00,6.45801502669838e-07
2023-09-03 04:00:26+00:00,-1.967729240456513e-06
2023-09-03 05:00:26+00:00,-3.932610781645719e-06
2023-09-03 06:00:28+00:00,-4.574536651313411e-06
2023-09-03 07:00:28+00:00,-6.531740174912466e-06
2023-09-03 08:00:27+00:00,-8.496136692003267e-06
2023-09-03 09:00:28+00:00,-7.2065834815036274e-06
2023-09-03 10:00:26+00:00,-2.616068332965613e-06
2023-09-03 11:00:26+00:00,-2.618379128679138e-06
2023-09-03 12:00:28+00:00,0.0
2023-09-03 13:00:28+00:00,-4.591281298811946e-06
2023-09-03 14:00:28+00:00,-1.3111128662822842e-06
2023-09-03 15:00:27+00:00,-1.3111335776570201e-06
2023-09-03 16:00:27+00:00,6.479140328697851e-07
2023-09-03 17:00:26+00:00,-6.582799272094312e-06
2023-09-03 18:00:28+00:00,-1.3159772320083714e-06
2023-09-03 19:00:26+00:00,-6.57749106662872e-06
2023-09-03 20:00:26+00:00,-5.258171482709616e-06
2023-09-03 21:00:27+00:00,-1.3113200094794216e-06
2023-09-03 22:00:27+00:00,-5.270321600405165e-06
2023-09-03 23:00:27+00:00,-1.9809197806725617e-06
2023-09-04 00:00:27+00:00,-5.273075644091146e-06
2023-09-04 01:00:26+00:00,-7.241106719367589e-06
2023-09-04 02:00:26+00:00,-3.287913755493029e-06
2023-09-04 03:00:29+00:00,-3.2849020846494e-06
2023-09-04 04:00:26+00:00,-3.27672579476354e-06
2023-09-04 05:00:27+00:00,-2.6146673387096773e-06
2023-09-04 06:00:29+00:00,-7.895277045271518e-06
2023-09-04 07:00:27+00:00,-1.3120040466630838e-06
2023-09-04 08:00:32+00:00,-6.5763472817237625e-06
2023-09-04 09:04:16+00:00,-4.597374283141381e-06
2023-09-04 10:04:14+00:00,-1.382612268116171e-05
2023-09-04 11:02:30+00:00,-1.185302252074279e-05
2023-09-04 12:00:33+00:00,-1.3172251300621451e-05
2023-09-04 13:00:31+00:00,-1.4502849905003167e-05
2023-09-04 14:05:03+00:00,-6.577803077020383e-06
2023-09-04 15:04:17+00:00,-5.266570719132044e-06
2023-09-04 16:02:31+00:00,-1.5856152980163953e-05
2023-09-04 17:02:43+00:00,-7.26984126984127e-06
2023-09-04 18:01:33+00:00,-7.922674694977023e-06
2023-09-04 19:00:44+00:00,-7.91590146285859e-06
2023-09-04 20:00:46+00:00,-5.939747204358983e-06
2023-09-04 21:01:35+00:00,-1.6493963304496625e-05
2023-09-04 22:02:20+00:00,-1.5224957487723089e-05
2023-09-04 23:00:40+00:00,-4.6312505968106435e-06
2023-09-05 00:00:53+00:00,4.617508449564431e-06
2023-09-05 01:00:37+00:00,-1.2542018139151393e-05
2023-09-05 02:02:21+00:00,6.497519849130759e-07
2023-09-05 03:02:35+00:00,-3.951632024025922e-06
2023-09-05 04:04:21+00:00,5.932605600379687e-05
2023-09-05 05:04:25+00:00,0.00011967363171516949
2023-09-05 06:02:33+00:00,0.00011081731904244771
2023-09-05 07:02:32+00:00,8.438652955491012e-05
2023-09-05 08:04:29+00:00,3.059566222888931e-05
2023-09-05 09:00:30+00:00,-1.2981934777508406e-06
2023-09-05 10:00:34+00:00,-4.548083084569339e-06
2023-09-05 11:00:34+00:00,-6.493607854767964e-06
2023-09-05 12:00:36+00:00,-5.201337040392365e-06
2023-09-05 13:00:30+00:00,-4.549007347193997e-06
2023-09-05 14:00:35+00:00,-5.862122870095358e-06
2023-09-05 15:00:35+00:00,-5.875900971482294e-06
2023-09-05 16:00:34+00:00,-1.954957772912105e-06
2023-09-05 17:00:27+00:00,-7.812133806227833e-06
2023-09-05 18:00:37+00:00,-7.817752552496209e-06
2023-09-05 19:00:28+00:00,-4.549789709032349e-06
2023-09-05 20:00:28+00:00,-7.160165715625734e-06
2023-09-05 21:02:23+00:00,-2.5989072064878744e-06
2023-09-05 22:00:36+00:00,-3.254882323485228e-06
2023-09-05 23:00:37+00:00,-5.86780997684171e-06
2023-09-06 00:00:36+00:00,-6.5019302605461e-06
2023-09-06 01:02:25+00:00,-3.2472094293966124e-06
2023-09-06 02:00:25+00:00,-4.532992709826157e-06
2023-09-06 03:00:34+00:00,9.060533063952132e-06
2023-09-06 04:00:34+00:00,1.4892657826418145e-05
2023-09-06 05:02:34+00:00,2.0124080309265493e-05
2023-09-06 06:02:27+00:00,-7.161509233343237e-06
2023-09-06 07:00:36+00:00,-2.5974025974025976e-06
2023-09-06 08:00:26+00:00,-3.911383691094562e-06
2023-09-06 09:00:30+00:00,-6.507931541566284e-06
2023-09-06 10:00:28+00:00,-6.50264169818989e-06
2023-09-06 11:00:28+00:00,-5.204588790597355e-06
2023-09-06 12:00:28+00:00,-1.298254395295001e-06
2023-09-06 13:00:28+00:00,-6.417380143686707e-07
2023-09-06 14:00:30+00:00,-2.5992327565959443e-06
2023-09-06 15:00:29+00:00,-1.1804888797947522e-05
2023-09-06 16:00:30+00:00,-1.1829093260571266e-05
2023-09-06 17:00:28+00:00,-1.2497630032231561e-05
2023-09-06 18:00:30+00:00,-4.5965028668909634e-06
2023-09-06 19:00:28+00:00,-9.858355153159407e-06
2023-09-06 20:00:29+00:00,-9.870343172091408e-06
2023-09-06 21:00:28+00:00,-8.54606343990901e-06
2023-09-06 22:00:27+00:00,-1.116261470059597e-05
2023-09-06 23:00:27+00:00,-9.836942835557796e-06
2023-09-07 00:02:14+00:00,-1.1794863730007705e-05
2023-09-07 01:00:23+00:00,-1.2434956218264138e-05
2023-09-07 02:00:25+00:00,-1.0464294131510724e-05
2023-09-07 03:00:26+00:00,-1.0454602536732387e-05
2023-09-07 04:00:35+00:00,-1.2415048734167281e-05
2023-09-07 05:00:25+00:00,-1.2418557186592355e-05
2023-09-07 06:00:27+00:00,-1.0474333165576245e-05
2023-09-07 07:00:29+00:00,-1.2457870034963935e-05
2023-09-07 08:00:28+00:00,-7.88568905150932e-06
2023-09-07 09:00:27+00:00,-9.870810827884647e-06
2023-09-07 10:00:26+00:00,-9.217828513605388e-06
2023-09-07 11:00:27+00:00,-1.1206432618949635e-05
2023-09-07 12:00:26+00:00,-1.3210060579149353e-05
2023-09-07 13:00:28+00:00,-9.25646603051617e-06
2023-09-07 14:00:28+00:00,-9.254555844815543e-06
2023-09-07 15:00:28+00:00,-1.254261476254658e-05
2023-09-07 16:00:27+00:00,-1.0546819326333792e-05
2023-09-07 17:00:28+00:00,-8.551466868993425e-06
2023-09-07 18:00:27+00:00,-9.876582228473001e-06
2023-09-07 19:00:27+00:00,-1.120058217715271e-05
2023-09-07 20:02:53+00:00,-1.055149796416293e-05
2023-09-07 21:00:40+00:00,-9.23535095917753e-06
2023-09-07 22:00:29+00:00,-8.538914405669461e-06
2023-09-07 23:00:26+00:00,-7.865097841817151e-06
2023-09-08 00:00:28+00:00,-8.508429793658781e-06
2023-09-08 01:00:27+00:00,-7.190630200646842e-06
2023-09-08 02:00:28+00:00,-1.1109716294250564e-05
2023-09-08 03:00:29+00:00,-9.817781966698085e-06
2023-09-08 04:00:27+00:00,-1.1109193328207625e-05
2023-09-08 05:00:30+00:00,-9.137931034482758e-06
2023-09-08 06:00:28+00:00,-1.3722691843231969e-05
2023-09-08 07:00:27+00:00,-9.161768865700727e-06
2023-09-08 08:00:27+00:00,-7.194018597637598e-06
2023-09-08 09:00:28+00:00,-6.537591149107368e-06
2023-09-08 10:00:34+00:00,-1.771318805894949e-05
2023-09-08 11:00:29+00:00,-1.5182491006196611e-05
2023-09-08 12:00:29+00:00,-1.124327071191501e-05
2023-09-08 13:00:28+00:00,-9.255878197088287e-06
2023-09-08 14:00:27+00:00,-9.250737837580528e-06
2023-09-08 15:00:28+00:00,-9.916542379335513e-06
2023-09-08 16:00:27+00:00,-9.925046052213682e-06
2023-09-08 17:00:29+00:00,-7.278043509351809e-06
2023-09-08 18:00:27+00:00,-9.256906954588758e-06
2023-09-08 19:00:28+00:00,-9.925046052213682e-06
2023-09-08 20:00:28+00:00,-9.903029534795286e-06
2023-09-08 21:00:31+00:00,-1.0525317655983311e-05
2023-09-08 22:00:28+00:00,-7.89128959454554e-06
2023-09-08 23:00:31+00:00,-9.187613269245923e-06
2023-09-09 00:00:28+00:00,-1.047071031034808e-05
2023-09-09 01:00:27+00:00,-8.504550956565481e-06
2023-09-09 02:00:28+00:00,-9.818398894055548e-06
2023-09-09 03:00:29+00:00,-9.806075059620937e-06
2023-09-09 04:00:27+00:00,-1.1771353234767868e-05
2023-09-09 05:00:25+00:00,-1.1128051176461343e-05
2023-09-09 06:00:29+00:00,-1.2448655199005367e-05
2023-09-09 07:00:27+00:00,-9.184573697145376e-06
2023-09-09 08:00:40+00:00,-7.21407532250697e-06
2023-09-09 09:00:36+00:00,-7.87897888433659e-06
2023-09-09 10:00:39+00:00,-7.874759819825496e-06
2023-09-09 11:00:39+00:00,-9.83895596870425e-06
2023-09-09 12:00:38+00:00,-9.828280286828533e-06
2023-09-09 13:00:48+00:00,-1.2432220039292731e-05
2023-09-09 14:00:36+00:00,-1.1812139729738244e-05
2023-09-09 15:00:36+00:00,-8.52545818428227e-06
2023-09-09 16:00:38+00:00,-1.1143113461447662e-05
2023-09-09 17:10:56+00:00,-1.5065972604463175e-05
2023-09-09 18:04:36+00:00,-1.7042772165045792e-05
2023-09-09 19:00:23+00:00,-2.6907383776801044e-05
2023-09-09 20:00:24+00:00,-7.216689776881381e-06
2023-09-09 21:00:22+00:00,-8.525189492428182e-06
2023-09-09 22:00:23+00:00,-9.840814976933131e-06
2023-09-09 23:00:23+00:00,-9.83942065491184e-06
2023-09-10 00:04:54+00:00,-1.6404809556077344e-05
2023-09-10 01:04:37+00:00,-2.1723331648129422e-05
2023-09-10 02:06:28+00:00,-1.7127132984359433e-05
2023-09-10 03:04:24+00:00,-2.3079114825719446e-05
2023-09-10 04:02:24+00:00,-1.5845098318835066e-05
2023-09-10 05:02:21+00:00,-2.806781183338947e-05
2023-09-10 06:02:38+00:00,-1.3438951987609707e-05
2023-09-10 07:00:25+00:00,-8.709230818764286e-06
2023-09-10 08:02:28+00:00,-1.3385396580537344e-05
2023-09-10 09:02:15+00:00,-1.2742650020136932e-05
2023-09-10 10:00:31+00:00,-1.0740722821616913e-05
2023-09-10 11:00:35+00:00,-1.0753556262412606e-05
2023-09-10 12:02:56+00:00,-1.0765550239234448e-05
2023-09-10 13:00:35+00:00,-1.144371888536885e-05
2023-09-10 14:02:34+00:00,-1.1438726876161242e-05
2023-09-10 15:02:36+00:00,-2.9031316864423267e-05
2023-09-10 16:00:33+00:00,-1.4900366002440016e-05
2023-09-10 17:00:31+00:00,-1.2234710689874553e-05
2023-09-10 18:00:27+00:00,-2.2461814914645103e-05
2023-09-10 19:00:30+00:00,-2.5893937906893054e-05
2023-09-10 20:00:28+00:00,-2.593084017232624e-05
2023-09-10 21:00:29+00:00,-2.3108557999869445e-05
2023-09-10 22:00:28+00:00,-2.7108384724278767e-05
2023-09-10 23:00:27+00:00,-2.6413744900115406e-05
2023-09-11 00:01:02+00:00,-2.4416844367034006e-05
2023-09-11 01:00:28+00:00,-2.9910415612812693e-05
2023-09-11 02:00:46+00:00,-2.5916406083724888e-05
2023-09-11 03:00:43+00:00,-2.2493783536186362e-05
2023-09-11 04:00:48+00:00,-2.5849540325609494e-05
2023-09-11 05:00:46+00:00,-2.3128185025480203e-05
2023-09-11 06:00:37+00:00,-2.0395176948555208e-05
2023-09-11 07:00:39+00:00,-2.4419229329122374e-05
2023-09-11 08:01:28+00:00,-2.499310702758811e-05
2023-09-11 09:00:24+00:00,-2.4984597425338045e-05
2023-09-11 10:00:25+00:00,-4.1424845125529836e-05
2023-09-11 11:00:24+00:00,-3.6995626294846924e-05
2023-09-11 12:00:25+00:00,-3.7158758732308304e-05
2023-09-11 13:00:27+00:00,-2.4126290706910248e-05
2023-09-11 14:00:31+00:00,-2.618389930032916e-05
2023-09-11 15:00:25+00:00,-2.489337338400518e-05
2023-09-11 16:00:26+00:00,-2.2142857142857145e-05
2023-09-11 17:00:32+00:00,-2.144268938827711e-05
2023-09-11 18:00:26+00:00,-2.7002775054420976e-05
2023-09-11 19:00:27+00:00,-2.8368323146425725e-05
2023-09-11 20:00:44+00:00,-3.19722328833414e-05
2023-09-11 21:00:28+00:00,-2.497544081653041e-05
2023-09-11 22:00:26+00:00,-2.350480553757283e-05
2023-09-11 23:00:24+00:00,-2.3460799257737426e-05
2023-09-12 00:00:29+00:00,-2.344409675656882e-05
2023-09-12 01:00:37+00:00,-2.3381770145310435e-05
2023-09-12 02:00:39+00:00,-2.2669194625340037e-05
2023-09-12 03:00:25+00:00,-2.809533992400441e-05
2023-09-12 04:00:30+00:00,-1.7665193207953415e-05
2023-09-12 05:00:42+00:00,-2.6457610837037396e-05
2023-09-12 06:00:29+00:00,-2.2443849569078087e-05
2023-09-12 07:00:41+00:00,-2.1768240904043373e-05
2023-09-12 08:00:41+00:00,-2.4527036970420392e-05
2023-09-12 09:00:39+00:00,-2.591173967131539e-05
2023-09-12 10:00:39+00:00,-2.1812053081995648e-05
2023-09-12 11:00:39+00:00,-1.557445009835639e-05
2023-09-12 12:00:41+00:00,-2.4321037697608432e-05
2023-09-12 13:00:29+00:00,-2.430291148879636e-05
2023-09-12 14:00:26+00:00,-2.637558837850998e-05
2023-09-12 15:00:27+00:00,-2.5708068078472132e-05
2023-09-12 16:00:28+00:00,-2.1660708482287942e-05
2023-09-12 17:00:30+00:00,-2.4346696964778446e-05
2023-09-12 18:00:30+00:00,-2.8518814269185014e-05
2023-09-12 19:00:33+00:00,-2.1755806172577565e-05
2023-09-12 20:00:31+00:00,-2.1735231293515303e-05
2023-09-12 21:00:47+00:00,-2.3100264282684593e-05
2023-09-12 22:00:32+00:00,-2.242810772016246e-05
2023-09-12 23:00:27+00:00,-2.2472093745403436e-05
2023-09-13 00:00:30+00:00,-2.5240364928832323e-05
2023-09-13 01:00:30+00:00,-2.454549917363486e-05
2023-09-13 02:00:29+00:00,-2.248826521433361e-05
2023-09-13 03:00:32+00:00,-2.5928291812032166e-05
2023-09-13 04:00:30+00:00,-2.6697115068673193e-05
2023-09-13 05:00:30+00:00,-2.2610297140414056e-05
2023-09-13 06:00:30+00:00,-2.3315550286504643e-05
2023-09-13 07:00:28+00:00,-2.1245083680286998e-05
2023-09-13 08:00:31+00:00,-2.529713047475212e-05
2023-09-13 09:00:30+00:00,-2.2514777881482208e-05
2023-09-13 10:00:30+00:00,-2.5857985266012182e-05
2023-09-13 11:00:28+00:00,-2.245301196949656e-05
2023-09-13 12:00:28+00:00,-2.311157537376771e-05
2023-09-13 13:00:33+00:00,-1.9734370150131508e-05
2023-09-13 14:00:32+00:00,-2.179778588131408e-05
2023-09-13 15:00:35+00:00,-2.3821194000588178e-05
2023-09-13 16:00:28+00:00,-2.2428473558868625e-05
2023-09-13 17:00:28+00:00,-2.1724958440627137e-05
2023-09-13 18:00:29+00:00,-2.788799085639644e-05
2023-09-13 19:00:27+00:00,-2.455072179122066e-05
2023-09-13 20:00:28+00:00,-2.1136906905923574e-05
2023-09-13 21:00:25+00:00,-2.5196618649749014e-05
2023-09-13 22:00:30+00:00,-2.312554098414202e-05
2023-09-13 23:00:26+00:00,-2.1746578135960978e-05
2023-09-14 00:00:49+00:00,-2.0395176948555208e-05
2023-09-14 01:00:34+00:00,-1.6266775111834078e-05
2023-09-14 02:00:27+00:00,-4.675252870198719e-05
2023-09-14 03:00:29+00:00,-2.5106306717281154e-05
2023-09-14 04:00:25+00:00,-2.105005706831893e-05
2023-09-14 05:00:25+00:00,-2.3103279490944693e-05
2023-09-14 06:00:27+00:00,-2.108202557277463e-05
2023-09-14 07:00:30+00:00,-2.040316657145189e-05
2023-09-14 08:00:43+00:00,-2.1720002607052075e-05
2023-09-14 09:00:42+00:00,-2.2390490148184336e-05
2023-09-14 10:00:25+00:00,-2.0362617492302932e-05
2023-09-14 11:01:24+00:00,-2.101579033045743e-05
2023-09-14 12:00:51+00:00,-2.3693062710239367e-05
2023-09-14 13:00:42+00:00,-2.1644881058699358e-05
2023-09-14 14:00:41+00:00,-2.5653075776236468e-05
2023-09-14 15:00:42+00:00,-2.024062049646194e-05
2023-09-14 16:00:27+00:00,-2.1566089629509787e-05
2023-09-14 17:00:28+00:00,-2.024193156607776e-05
2023-09-14 18:00:26+00:00,-1.950337434208402e-05
2023-09-14 19:01:04+00:00,-2.2129234730828034e-05
2023-09-14 20:00:32+00:00,-2.0110365686889653e-05
2023-09-14 21:00:29+00:00,-2.2127098051206128e-05
2023-09-14 22:00:28+00:00,-1.8766497135131654e-05
2023-09-14 23:00:28+00:00,-2.273639589588786e-05
2023-09-15 00:02:10+00:00,-2.07572956025404e-05
2023-09-15 01:00:27+00:00,-2.145432305414279e-05
2023-09-15 02:00:26+00:00,-1.7445794001095395e-05
2023-09-15 03:00:28+00:00,-1.808449074074074e-05
2023-09-15 04:01:01+00:00,-1.8751407159628188e-05
2023-09-15 05:00:32+00:00,-1.60877748998536e-05
2023-09-15 06:02:09+00:00,-1.8098746762335303e-05
2023-09-15 07:00:27+00:00,-1.9449990339408773e-05
2023-09-15 08:00:31+00:00,-2.218063912503428e-05
2023-09-15 09:00:32+00:00,-2.0159989678085287e-05
2023-09-15 10:00:30+00:00,-1.746436173643811e-05
2023-09-15 11:00:30+00:00,-1.6125651073162078e-05
2023-09-15 12:00:29+00:00,-2.0847463101120693e-05
2023-09-15 13:00:29+00:00,-2.1558765020782457e-05
2023-09-15 14:00:31+00:00,-2.08879396822315e-05
2023-09-15 15:00:33+00:00,-2.16010371090585e-05
2023-09-15 16:02:22+00:00,-1.619302080803174e-05
2023-09-15 17:00:27+00:00,-1.7495961227786753e-05
2023-09-15 18:00:46+00:00,-1.7479582943284163e-05
2023-09-15 19:00:26+00:00,-1.8830141145311843e-05
2023-09-15 20:01:52+00:00,-1.6139965783272538e-05
2023-09-15 21:00:27+00:00,-2.015933941876593e-05
2023-09-15 22:00:58+00:00,-2.0761301320296544e-05
2023-09-15 23:00:26+00:00,-1.4681840038467703e-05
2023-09-16 00:01:04+00:00,-2.1304479854240918e-05
2023-09-16 01:00:26+00:00,-2.331382519428188e-05
2023-09-16 02:01:20+00:00,-2.2649476950638217e-05
2023-09-16 03:01:25+00:00,-2.2578330542932313e-05
2023-09-16 04:01:42+00:00,-2.656885415836058e-05
2023-09-16 05:02:15+00:00,-2.2644406064095182e-05
2023-09-16 06:01:00+00:00,-2.068214222777591e-05
2023-09-16 07:00:59+00:00,-2.0701045474953498e-05
2023-09-16 08:01:05+00:00,-2.2064605163919956e-05
2023-09-16 09:00:26+00:00,-2.072497270917614e-05
2023-09-16 10:01:29+00:00,-2.4055809477988934e-05
2023-09-16 11:01:40+00:00,-2.2695944862958808e-05
2023-09-16 12:01:28+00:00,-2.0039116355125204e-05
2023-09-16 13:00:49+00:00,-2.0698058454780113e-05
2023-09-16 14:00:25+00:00,-1.938351438519921e-05
2023-09-16 15:00:28+00:00,-2.3414540140358767e-05
2023-09-16 16:01:29+00:00,-2.0085806565648453e-05
2023-09-16 17:00:28+00:00,-2.074462102100172e-05
2023-09-16 18:01:08+00:00,-1.941435505126804e-05
2023-09-16 19:01:55+00:00,-2.009226367479466e-05
2023-09-16 20:00:28+00:00,-2.5488270243289803e-05
2023-09-16 21:01:23+00:00,-2.078436423350613e-05
2023-09-16 22:01:21+00:00,-2.1452941933822584e-05
2023-09-16 23:01:37+00:00,-2.0778008465710653e-05
2023-09-17 00:00:28+00:00,-2.011651485403457e-05
2023-09-17 01:01:14+00:00,-2.7535063678865064e-05
2023-09-17 02:00:26+00:00,-2.0196144959850067e-05
2023-09-17 03:01:29+00:00,-1.816332461493752e-05
2023-09-17 04:01:02+00:00,-2.0164542668172286e-05
2023-09-17 05:01:07+00:00,-1.9459703271743156e-05
2023-09-17 06:01:07+00:00,-2.00919407207381e-05
2023-09-17 07:01:13+00:00,-1.736328218940888e-05
2023-09-17 08:00:27+00:00,-2.336650800519256e-05
2023-09-17 09:00:29+00:00,-1.8045329868629998e-05
2023-09-17 10:00:37+00:00,-1.7388930813570752e-05
2023-09-17 11:00:33+00:00,-2.1390631769822038e-05
2023-09-17 12:00:34+00:00,-1.5375479480636203e-05
2023-09-17 13:00:25+00:00,-1.669446404516005e-05
2023-09-17 14:00:30+00:00,-1.8721600488110336e-05
2023-09-17 15:00:34+00:00,-1.9413107061356988e-05
2023-09-17 16:00:35+00:00,-1.9439348588716166e-05
2023-09-17 17:01:20+00:00,-2.0844433680471464e-05
2023-09-17 18:00:31+00:00,-2.023537791591796e-05
2023-09-17 19:00:19+00:00,-1.6859118661635384e-05
2023-09-17 20:00:19+00:00,-1.6866767121955962e-05
2023-09-17 21:00:30+00:00,-2.299335855674456e-05
2023-09-17 22:01:21+00:00,-1.762781385809854e-05
2023-09-17 23:00:27+00:00,-1.3553971818152234e-05
2023-09-18 00:00:20+00:00,-1.5584584600868702e-05
2023-09-18 01:00:26+00:00,-1.8992083916995145e-05
2023-09-18 02:01:02+00:00,-1.834847422243244e-05
2023-09-18 03:00:29+00:00,-1.0826803654452644e-05
2023-09-18 04:00:28+00:00,-1.215598560731304e-05
2023-09-18 05:00:35+00:00,-1.62003661282745e-05
2023-09-18 06:00:27+00:00,-1.7523421193145965e-05
2023-09-18 07:00:29+00:00,-1.482200647249191e-05
2023-09-18 08:00:46+00:00,-1.347133500444732e-05
2023-09-18 09:00:43+00:00,-1.4815054424299277e-05
2023-09-18 10:00:49+00:00,-1.2754567296063983e-05
2023-09-18 11:00:44+00:00,-1.003516321189448e-05
2023-09-18 12:00:46+00:00,-1.6678683008892095e-05
2023-09-18 13:00:39+00:00,-1.5310851845932555e-05
2023-09-18 14:00:32+00:00,-1.1987916180490068e-05
2023-09-18 15:01:51+00:00,-1.4642879979538334e-05
2023-09-18 16:01:47+00:00,-1.664987284679238e-05
2023-09-18 17:01:14+00:00,-1.1341064906772603e-05
2023-09-18 18:00:36+00:00,-2.748455200823893e-05
2023-09-18 19:01:50+00:00,-2.28874377707377e-05
2023-09-18 20:01:12+00:00,-2.2231204527081646e-05
2023-09-18 21:01:53+00:00,-1.884809983350306e-05
2023-09-18 22:01:32+00:00,-1.681771918770901e-05
2023-09-18 23:01:38+00:00,-1.8140187367979746e-05
2023-09-19 00:00:43+00:00,-1.4768238613462314e-05
2023-09-19 01:00:40+00:00,-1.4757769579016901e-05
2023-09-19 02:00:27+00:00,-1.4757294066472264e-05
2023-09-19 03:00:51+00:00,-1.341060935361829e-05
2023-09-19 04:00:52+00:00,-1.3398098853199943e-05
2023-09-19 05:00:28+00:00,-1.5358963670760253e-05
2023-09-19 06:00:54+00:00,-1.668376177960126e-05
2023-09-19 07:00:28+00:00,-1.8049962295634317e-05
2023-09-19 08:00:51+00:00,-1.6712957760046238e-05
2023-09-19 09:00:38+00:00,-1.604338130304343e-05
2023-09-19 10:00:30+00:00,-1.530302546244529e-05
2023-09-19 11:00:30+00:00,-1.5952779771875246e-05
2023-09-19 12:00:30+00:00,-1.4627680809951934e-05
2023-09-19 13:00:30+00:00,-1.7293413173652696e-05
2023-09-19 14:00:54+00:00,-1.859411877272437e-05
2023-09-19 15:00:53+00:00,-1.5919764387487064e-05
2023-09-19 16:00:30+00:00,-1.5873771766909534e-05
2023-09-19 17:00:30+00:00,-2.3138082617872502e-05
2023-09-19 18:01:08+00:00,-2.1195738591190967e-05
2023-09-19 19:00:19+00:00,-1.724522292993631e-05
2023-09-19 20:00:44+00:00,-1.3958236955030547e-05
2023-09-19 21:00:19+00:00,-1.1976812890244487e-05
2023-09-19 22:00:19+00:00,-1.263739775051125e-05
2023-09-19 23:00:19+00:00,-1.3972055888223553e-05
2023-09-20 00:00:21+00:00,-1.4610415503628678e-05
2023-09-20 01:00:19+00:00,-1.5941590014188015e-05
2023-09-20 02:00:28+00:00,-1.921302923306931e-05
2023-09-20 03:00:21+00:00,-1.591900410710306e-05
2023-09-20 04:00:19+00:00,-1.5961437167802587e-05
2023-09-20 05:00:20+00:00,-1.3321605629297936e-05
2023-09-20 06:00:19+00:00,-1.4017044726387287e-05
2023-09-20 07:00:19+00:00,-1.067975176793188e-05
2023-09-20 08:00:30+00:00,-1.535871743486974e-05
2023-09-20 09:00:25+00:00,-1.802595737862522e-05
2023-09-20 10:00:19+00:00,-1.937791751551998e-05
2023-09-20 11:00:19+00:00,-1.2058265539084858e-05
2023-09-20 12:00:17+00:00,-1.20598166907863e-05
2023-09-20 13:00:21+00:00,-1.4086094207798062e-05
2023-09-20 14:00:20+00:00,-7.3668972173073824e-06
2023-09-20 15:00:18+00:00,-6.585710614237985e-07
2023-09-20 16:00:19+00:00,-1.2041035850177404e-05
2023-09-20 17:00:19+00:00,-1.0687120896049295e-05
2023-09-20 18:00:24+00:00,-1.3350642690002245e-05
2023-09-20 19:00:25+00:00,-1.3319688514367035e-05
2023-09-20 20:00:20+00:00,-1.6043123917089137e-05
2023-09-20 21:01:50+00:00,-1.1353249627170828e-05
2023-09-20 22:00:21+00:00,-1.0637278390033541e-05
2023-09-20 23:00:20+00:00,-1.2626101391903973e-05
2023-09-21 00:00:18+00:00,-1.0632183908045975e-05
2023-09-21 01:00:18+00:00,-1.197834315557472e-05
2023-09-21 02:00:17+00:00,-1.2646692034662487e-05
2023-09-21 03:00:30+00:00,-9.98801438274071e-06
2023-09-21 04:00:26+00:00,-9.297504186269038e-06
2023-09-21 05:00:30+00:00,-1.19111901661214e-05
2023-09-21 06:00:18+00:00,-1.1918382913806255e-05
2023-09-21 07:00:23+00:00,-8.61904154983431e-06
2023-09-21 08:00:23+00:00,-9.304923789003272e-06
2023-09-21 09:01:45+00:00,-7.985817188672917e-06
2023-09-21 10:00:19+00:00,-1.669607056936648e-05
2023-09-21 11:00:20+00:00,-2.282140957661128e-05
2023-09-21 12:00:20+00:00,-1.2797903150128626e-05
2023-09-21 13:00:21+00:00,-5.3932365897901e-06
2023-09-21 14:00:24+00:00,-1.0147751258321156e-05
2023-09-21 15:00:22+00:00,-8.774348411372594e-06
2023-09-21 16:00:18+00:00,-1.1476552495501775e-05
2023-09-21 17:00:33+00:00,-8.1151704997322e-06
2023-09-21 18:00:18+00:00,-8.113590263691683e-06
2023-09-21 19:00:17+00:00,-7.436875862628887e-06
2023-09-21 20:00:20+00:00,-6.093795703467776e-06
2023-09-21 21:00:19+00:00,-6.101430175233074e-06
2023-09-21 22:00:21+00:00,-7.462443379932871e-06
2023-09-21 23:00:20+00:00,-7.46207862880232e-06
2023-09-22 00:00:20+00:00,-6.775796074598909e-06
2023-09-22 01:00:44+00:00,-8.811792491245215e-06
2023-09-22 02:00:19+00:00,-1.0824164215248094e-05
2023-09-22 03:00:18+00:00,-8.120838070488875e-06
2023-09-22 04:00:17+00:00,-1.014215240815267e-05
2023-09-22 05:00:21+00:00,-6.084402836142975e-06
2023-09-22 06:00:19+00:00,-4.0562027452380174e-06
2023-09-22 07:00:23+00:00,-5.4022485034311576e-06
2023-09-22 08:00:22+00:00,-8.106223958755533e-06
2023-09-22 09:00:19+00:00,-7.416523625999935e-06
2023-09-22 10:00:20+00:00,-4.050485248132726e-06
2023-09-22 11:00:19+00:00,-4.720500924634202e-06
2023-09-22 12:00:20+00:00,-3.374213224320291e-06
2023-09-22 13:00:23+00:00,-6.0846990102222944e-06
2023-09-22 14:00:20+00:00,-6.089540605056755e-06
2023-09-22 15:00:21+00:00,-6.0888484769760345e-06
2023-09-22 16:00:20+00:00,-6.755001299038711e-06
2023-09-22 17:00:19+00:00,-6.098552610180517e-06
2023-09-22 18:00:18+00:00,-4.738950591147445e-06
2023-09-22 19:00:18+00:00,-5.418334472322561e-06
2023-09-22 20:00:20+00:00,-8.797463208390926e-06
2023-09-22 21:00:18+00:00,-6.105006105006105e-06
2023-09-22 22:00:21+00:00,-1.2872882321350106e-05
2023-09-22 23:00:23+00:00,-1.2191553691602457e-05
2023-09-23 00:00:18+00:00,-4.7284781125085306e-06
2023-09-23 01:00:18+00:00,-9.45998572077627e-06
2023-09-23 02:00:18+00:00,-1.0797490313062368e-05
2023-09-23 03:00:22+00:00,-6.748535924598089e-06
2023-09-23 04:00:18+00:00,-4.725713728929163e-06
2023-09-23 05:00:19+00:00,-7.434220137322058e-06
2023-09-23 06:00:18+00:00,-7.427709573312142e-06
2023-09-23 07:00:19+00:00,-3.373447079048948e-06
2023-09-23 08:00:20+00:00,-4.056663475424732e-06
2023-09-23 09:00:20+00:00,-3.3761849110505128e-06
2023-09-23 10:00:21+00:00,-2.6946739606837332e-06
2023-09-23 11:00:20+00:00,-5.406458526131216e-06
2023-09-23 12:00:20+00:00,-6.754562577125415e-06
2023-09-23 13:00:21+00:00,-8.776625947015785e-06
2023-09-23 14:00:21+00:00,-5.407336440251368e-06
2023-09-23 15:00:22+00:00,-6.749192854941026e-06
2023-09-23 16:00:23+00:00,-7.444733420026008e-06
2023-09-23 17:00:20+00:00,-8.790173203782538e-06
2023-09-23 18:00:26+00:00,-1.014396312466525e-05
2023-09-23 19:00:20+00:00,-4.721726431932501e-06
2023-09-23 20:00:20+00:00,-7.426746015015648e-06
2023-09-23 21:00:20+00:00,-4.056005321478982e-06
2023-09-23 22:00:20+00:00,-2.0302095176222187e-06
2023-09-23 23:00:20+00:00,-2.0321238132396933e-06
2023-09-24 00:00:20+00:00,-6.097164412070759e-06
2023-09-24 01:00:23+00:00,-5.417452983666298e-06
2023-09-24 02:00:22+00:00,-9.47443689667501e-06
2023-09-24 03:00:19+00:00,-7.434944237918215e-06
2023-09-24 04:00:19+00:00,-4.058639219442505e-06
2023-09-24 05:00:19+00:00,-5.40759987008769e-06
2023-09-24 06:00:20+00:00,-5.406721870433512e-06
2023-09-24 07:00:20+00:00,-4.060748802079103e-06
2023-09-24 08:00:27+00:00,-5.411730291063332e-06
2023-09-24 09:00:27+00:00,-7.438204436937669e-06
2023-09-24 10:00:24+00:00,-5.404703552821644e-06
2023-09-24 11:00:28+00:00,-4.060946687891882e-06
2023-09-24 12:00:25+00:00,-4.062266419680868e-06
2023-09-24 13:00:29+00:00,-6.093201611854933e-06
2023-09-24 14:00:26+00:00,-1.3483000048733734e-06
2023-09-24 15:00:31+00:00,-4.0595618920806065e-06
2023-09-24 16:00:34+00:00,-6.758513127112035e-06
2023-09-24 17:00:28+00:00,-4.729938397022252e-06
2023-09-24 18:00:25+00:00,-5.408038976857491e-06
2023-09-24 19:00:28+00:00,-7.438687672567809e-06
2023-09-24 20:01:38+00:00,-9.497124798410086e-06
2023-09-24 21:00:29+00:00,-8.166465227191062e-06
2023-09-24 22:00:31+00:00,-4.088708622268743e-06
2023-09-24 23:00:29+00:00,-6.804501439413766e-06
2023-09-25 00:00:37+00:00,-1.2980193308062162e-05
2023-09-25 01:00:34+00:00,-5.479587303154465e-06
2023-09-25 02:00:28+00:00,-4.776913227617453e-06
2023-09-25 03:00:28+00:00,-7.511891093980645e-06
2023-09-25 04:00:27+00:00,-4.771273979340875e-06
2023-09-25 05:00:31+00:00,-6.825154632409641e-06
2023-09-25 06:00:28+00:00,-8.21557673348669e-06
2023-09-25 07:00:35+00:00,-3.4209401006545836e-06
2023-09-25 08:00:33+00:00,-5.474182571386299e-06
2023-09-25 09:00:47+00:00,-4.784295672760752e-06
2023-09-25 10:00:29+00:00,-7.5379779127372075e-06
2023-09-25 11:00:28+00:00,-6.849878974494081e-06
2023-09-25 12:00:33+00:00,-5.489885751026262e-06
2023-09-25 13:00:28+00:00,-4.121196135966502e-06
2023-09-25 14:00:37+00:00,-7.538846457729787e-06
2023-09-25 15:00:27+00:00,-6.838955744065233e-06
2023-09-25 16:00:31+00:00,-6.823251541792416e-06
2023-09-25 17:00:43+00:00,-2.717791712372501e-06
2023-09-25 18:00:29+00:00,-2.7183702878852388e-06
2023-09-25 19:00:44+00:00,-3.4062065012691395e-06
2023-09-25 20:00:31+00:00,-2.049348307238298e-06
2023-09-25 21:00:32+00:00,-6.149758929449966e-06
2023-09-25 22:00:42+00:00,-3.4151547491995732e-06
2023-09-25 23:00:27+00:00,-1.3629347433413249e-06
2023-09-26 00:00:56+00:00,-2.725108758105557e-06
2023-09-26 01:00:32+00:00,-4.776364382437423e-06
2023-09-26 02:00:29+00:00,-4.101790021165236e-06
2023-09-26 03:00:19+00:00,-3.4088860481505155e-06
2023-09-26 04:00:28+00:00,-6.81051700992109e-06
2023-09-26 05:00:45+00:00,-2.718770984489903e-06
2023-09-26 06:00:44+00:00,-3.4092212879644653e-06
2023-09-26 07:00:28+00:00,-2.723320482323025e-06
2023-09-26 08:00:28+00:00,-2.7263171725134676e-06
2023-09-26 09:00:28+00:00,-1.3637857377587908e-06
2023-09-26 10:00:43+00:00,-2.7286923645927508e-06
2023-09-26 11:00:32+00:00,-3.4226851623307173e-06
2023-09-26 12:00:29+00:00,-6.74774937871332e-07
2023-09-26 13:00:43+00:00,-5.479316813110869e-06
2023-09-26 14:00:49+00:00,-3.42606776366721e-06
2023-09-26 15:00:49+00:00,-2.7375573072990535e-06
2023-09-26 16:00:35+00:00,-5.4971358766528544e-06
2023-09-26 17:00:34+00:00,-2.739906909186941e-06
2023-09-26 18:00:31+00:00,-7.576384178921772e-06
2023-09-26 19:00:30+00:00,-4.824670479980104e-06
2023-09-26 20:00:31+00:00,-4.821792513794303e-06
2023-09-26 21:00:44+00:00,-3.444221821132288e-06
2023-09-26 22:00:30+00:00,-2.072865363248926e-06
2023-09-26 23:00:51+00:00,-4.8198757763975155e-06
2023-09-27 00:00:47+00:00,-2.744754377552539e-06
2023-09-27 01:00:28+00:00,-1.3693432102024318e-06
2023-09-27 02:00:43+00:00,-6.18189611117522e-06
2023-09-27 03:00:29+00:00,-2.7357977487351056e-06
2023-09-27 04:00:52+00:00,-2.7337702974210335e-06
2023-09-27 05:00:46+00:00,-5.484551024441663e-06
2023-09-27 06:00:30+00:00,-3.4297963558413724e-06
2023-09-27 07:00:29+00:00,6.763555980798101e-07
2023-09-27 08:00:22+00:00,-2.0627743489884155e-06
2023-09-27 09:00:37+00:00,-2.740992701694132e-06
2023-09-27 10:00:20+00:00,-4.796044499381953e-06
2023-09-27 11:00:19+00:00,-7.523984754895518e-06
2023-09-27 12:00:20+00:00,-3.4047011065278597e-06
2023-09-27 13:00:21+00:00,-1.3568964671647404e-06
2023-09-27 14:00:21+00:00,-1.3570961412688031e-06
2023-09-27 15:00:20+00:00,-1.027673183484881e-05
2023-09-27 16:00:30+00:00,-6.758873081551575e-07
2023-09-27 17:00:19+00:00,-1.3692980285407903e-06
2023-09-27 18:00:20+00:00,-6.770816131056579e-07
2023-09-27 19:00:20+00:00,0.0
2023-09-27 20:01:10+00:00,0.0
2023-09-27 21:00:36+00:00,-2.0678930651138165e-06
2023-09-27 22:00:19+00:00,0.0
2023-09-27 23:00:19+00:00,1.3745135381303303e-06
2023-09-28 00:00:20+00:00,2.068029911984647e-06
2023-09-28 01:00:20+00:00,-6.766011518722049e-07
2023-09-28 02:00:20+00:00,-6.758650248091918e-07
2023-09-28 03:00:19+00:00,-6.757870446678754e-07
2023-09-28 04:00:20+00:00,-1.3708811627714924e-06
2023-09-28 05:00:21+00:00,6.775515600211529e-07
2023-09-28 06:00:19+00:00,-6.769809949969454e-07
2023-09-28 07:00:21+00:00,-6.764002309659325e-07
2023-09-28 08:00:20+00:00,-6.850330166153441e-06
2023-09-28 09:00:24+00:00,6.750526870389885e-07
2023-09-28 10:00:23+00:00,-2.7312514396656685e-06
2023-09-28 11:00:21+00:00,-2.0513325456216357e-06
2023-09-28 12:00:20+00:00,-1.3617049201844044e-06
2023-09-28 13:00:23+00:00,-1.3618389748469982e-06
2023-09-28 14:00:21+00:00,6.727487529535312e-07
2023-09-28 15:00:21+00:00,6.710969980685501e-07
2023-09-28 16:00:49+00:00,2.0416163067977654e-06
2023-09-28 17:00:24+00:00,0.0
2023-09-28 18:00:25+00:00,-2.6998454907701067e-06
2023-09-28 19:00:23+00:00,-4.070931917734608e-06
2023-09-28 20:00:19+00:00,-2.7028787286700534e-06
2023-09-28 21:00:20+00:00,-6.673394316221232e-07
2023-09-28 22:00:19+00:00,0.0
2023-09-28 23:00:20+00:00,1.3520117282945105e-06
2023-09-29 00:00:20+00:00,-4.733708559716303e-06
2023-09-29 01:00:33+00:00,6.66504104689913e-07
2023-09-29 02:00:24+00:00,0.0
2023-09-29 03:00:21+00:00,-6.665691199661838e-07
2023-09-29 04:00:19+00:00,0.0
2023-09-29 05:00:21+00:00,-6.662333441663959e-07
2023-09-29 06:00:24+00:00,-2.0275421323255097e-06
2023-09-29 07:00:21+00:00,-1.3439772009650728e-06
2023-09-29 08:00:23+00:00,0.0
2023-09-29 09:00:23+00:00,-4.037467700258398e-06
2023-09-29 10:00:20+00:00,-2.0228501148978865e-06
2023-09-29 11:00:21+00:00,6.640321326768594e-07
2023-09-29 12:00:22+00:00,6.644518272425249e-07
2023-09-29 13:00:21+00:00,3.360855725573204e-06
2023-09-29 14:00:23+00:00,6.615784293159925e-07
2023-09-29 15:00:21+00:00,1.3395090618594968e-06
2023-09-29 16:00:31+00:00,2.0176911157024794e-06
2023-09-29 17:00:21+00:00,2.0206592198638884e-06
2023-09-29 18:00:20+00:00,-6.631943321147812e-07
2023-09-29 19:00:20+00:00,-3.3619965086959335e-06
2023-09-29 20:00:21+00:00,-4.696275256600607e-06
2023-09-29 21:00:20+00:00,-1.338105371767589e-06
2023-09-29 22:00:20+00:00,4.030242943044606e-06
2023-09-29 23:00:33+00:00,-5.3557642820380846e-06
2023-09-30 00:00:23+00:00,-2.6671379681550154e-06
2023-09-30 01:00:20+00:00,0.0
2023-09-30 02:00:22+00:00,-2.671688152833438e-06
2023-09-30 03:00:22+00:00,1.3373938544335414e-06
2023-09-30 04:00:23+00:00,-6.614183390333613e-07
2023-09-30 05:00:20+00:00,1.3403310456197013e-06
2023-09-30 06:00:20+00:00,3.360204197024281e-06
2023-09-30 07:00:27+00:00,2.6812682721971865e-06
2023-09-30 08:00:22+00:00,-1.3415008647023645e-06
2023-09-30 09:00:23+00:00,-1.3413491063059568e-06
2023-09-30 10:00:24+00:00,6.62155396566482e-07
2023-09-30 11:00:21+00:00,1.3410890289222814e-06
2023-09-30 12:00:22+00:00,6.627333710498667e-07
2023-09-30 13:00:21+00:00,0.0
2023-09-30 14:00:20+00:00,-2.6823514203535536e-06
2023-09-30 15:00:20+00:00,0.0
2023-09-30 16:00:23+00:00,-6.609491875161208e-07
2023-09-30 17:00:21+00:00,-4.019874258333199e-06
2023-09-30 18:01:08+00:00,-1.3334404369828902e-06
2023-09-30 19:00:24+00:00,1.332862281603289e-06
2023-09-30 20:00:22+00:00,-6.573146292585171e-07
2023-09-30 21:00:23+00:00,-6.571671288207857e-07
2023-09-30 22:00:21+00:00,-2.0063239330369324e-06
2023-09-30 23:00:22+00:00,1.3325840892670787e-06
2023-10-01 00:00:26+00:00,-1.333933335476198e-06
2023-10-01 01:00:23+00:00,0.0
2023-10-01 02:00:21+00:00,6.60299872771488e-07
2023-10-01 03:00:21+00:00,0.0
2023-10-01 04:00:21+00:00,2.013563362811901e-06
2023-10-01 05:00:20+00:00,-6.606829205407932e-07
2023-10-01 06:00:22+00:00,0.0
2023-10-01 07:00:21+00:00,-3.3414728184038043e-06
2023-10-01 08:00:21+00:00,2.0082256924362187e-06
2023-10-01 09:00:23+00:00,6.582221580054264e-07
2023-10-01 10:00:22+00:00,-6.573040913171733e-07
2023-10-01 11:00:22+00:00,0.0
2023-10-01 12:00:27+00:00,-8.622475814035033e-06
2023-10-01 13:00:22+00:00,-2.645207553183013e-06
2023-10-01 14:00:24+00:00,1.9918414175537e-06
2023-10-01 15:00:22+00:00,-4.642184857862999e-06
2023-10-01 16:00:21+00:00,-1.3262387549334484e-06
2023-10-01 17:00:23+00:00,-5.329193739397624e-06
2023-10-01 18:00:21+00:00,-8.024780522252716e-06
2023-10-01 19:00:21+00:00,-2.0109718624817e-06
2023-10-01 20:00:23+00:00,-6.60257339323961e-07
2023-10-01 21:00:20+00:00,4.031087748718114e-06
2023-10-01 22:00:21+00:00,3.349220662115162e-06
2023-10-01 23:00:31+00:00,4.312307912798382e-05
2023-10-02 00:00:21+00:00,4.610631387150439e-06
2023-10-02 01:00:48+00:00,3.2961982790041675e-06
2023-10-02 02:00:22+00:00,4.6054505744943495e-06
2023-10-02 03:00:22+00:00,6.470040556107877e-07
2023-10-02 04:00:22+00:00,-1.3071071985385597e-06
2023-10-02 05:00:24+00:00,3.2817405847178173e-06
2023-10-02 06:00:31+00:00,1.975816012012961e-06
2023-10-02 07:00:31+00:00,3.2864072300959063e-06
2023-10-02 08:00:48+00:00,6.468101217896132e-07
2023-10-02 09:00:33+00:00,3.2688983184032688e-06
2023-10-02 10:00:33+00:00,3.923353368591202e-06
2023-10-02 11:00:49+00:00,3.2651523476131427e-06
2023-10-02 12:00:31+00:00,1.3026555339318226e-06
2023-10-02 13:00:31+00:00,3.2620798895911425e-06
2023-10-02 14:00:49+00:00,0.0
2023-10-02 15:00:25+00:00,6.467489036817364e-07
2023-10-02 16:00:27+00:00,-3.956259593929515e-06
2023-10-02 17:00:25+00:00,-1.3205625914847578e-06
2023-10-02 18:01:02+00:00,6.536468712634516e-07
2023-10-02 19:00:27+00:00,-4.006538671111253e-06
2023-10-02 20:00:19+00:00,1.335478680611424e-06
2023-10-02 21:00:32+00:00,3.3486814566764336e-06
2023-10-02 22:00:21+00:00,-1.3386664946292055e-06
2023-10-02 23:00:21+00:00,1.3404825737265416e-06
2023-10-03 00:00:19+00:00,-2.0155113755462036e-06
2023-10-03 01:00:21+00:00,4.031542790795182e-06
2023-10-03 02:00:19+00:00,6.601297718527106e-07
2023-10-03 03:00:26+00:00,0.0
2023-10-03 04:00:19+00:00,5.35662580831966e-06
2023-10-03 05:00:23+00:00,-6.592169788568213e-07
2023-10-03 06:00:19+00:00,0.0
2023-10-03 07:00:22+00:00,6.589097454358448e-07
2023-10-03 08:00:20+00:00,-1.336102123275543e-06
2023-10-03 09:00:23+00:00,6.604700613753887e-07
2023-10-03 10:00:27+00:00,6.610557544097256e-07
2023-10-03 11:00:23+00:00,7.392581592794654e-06
2023-10-03 12:00:21+00:00,4.702498303222262e-06
2023-10-03 13:00:23+00:00,6.069139638764809e-06
2023-10-03 14:00:31+00:00,4.039881712263464e-06
2023-10-03 15:00:53+00:00,0.0
2023-10-03 16:01:09+00:00,4.725099860357874e-06
2023-10-03 17:00:48+00:00,8.118728282401844e-06
2023-10-03 18:00:24+00:00,6.75511098842213e-06
2023-10-03 19:00:30+00:00,6.765107656280492e-06
2023-10-03 20:00:21+00:00,4.736713599739562e-06
2023-10-03 21:00:24+00:00,5.420715925184353e-06
2023-10-03 22:00:19+00:00,6.105900742477531e-06
2023-10-03 23:00:24+00:00,8.144383633046651e-06
2023-10-04 00:00:21+00:00,6.105006105006105e-06
2023-10-04 01:00:28+00:00,-2.718548360682585e-06
2023-10-04 02:00:22+00:00,6.831543337603048e-06
2023-10-04 03:00:27+00:00,6.1504649751521215e-06
2023-10-04 04:00:21+00:00,8.203176269851686e-06
2023-10-04 05:00:23+00:00,8.21382222003187e-06
2023-10-04 06:00:22+00:00,4.7780112964665705e-06
2023-10-04 07:00:28+00:00,5.4600009837839604e-06
2023-10-04 08:00:26+00:00,6.140494514491567e-06
2023-10-04 09:00:27+00:00,5.445803623994243e-06
2023-10-04 10:00:36+00:00,6.7979410082523085e-06
2023-10-04 11:00:26+00:00,4.7566118539344205e-06
2023-10-04 12:00:24+00:00,8.851584613622605e-06
2023-10-04 13:00:24+00:00,6.801942477803758e-06
2023-10-04 14:00:45+00:00,3.4090536598157802e-06
2023-10-04 15:00:35+00:00,4.779973389838861e-06
2023-10-04 16:00:28+00:00,4.776599586356325e-06
2023-10-04 17:00:47+00:00,2.7214453169828025e-06
2023-10-04 18:00:23+00:00,4.09540659196645e-06
2023-10-04 19:00:42+00:00,6.139891282991683e-06
2023-10-04 20:00:25+00:00,7.489656751320502e-06
2023-10-04 21:00:23+00:00,4.0859020037263425e-06
2023-10-04 22:00:22+00:00,0.0
2023-10-04 23:00:38+00:00,3.388946819603754e-06
2023-10-05 00:00:37+00:00,4.732707726836567e-06
2023-10-05 01:00:23+00:00,4.731553445416409e-06
2023-10-05 02:00:27+00:00,6.102820316695689e-06
2023-10-05 03:00:35+00:00,6.112569072030514e-06
2023-10-05 04:00:36+00:00,4.7506326014202925e-06
2023-10-05 05:00:25+00:00,8.842036446841545e-06
2023-10-05 06:00:42+00:00,8.846518625110376e-06
2023-10-05 07:00:38+00:00,8.857381424057367e-06
2023-10-05 08:00:37+00:00,8.867689483346446e-06
2023-10-05 09:00:36+00:00,6.8168783285538715e-06
2023-10-05 10:00:36+00:00,4.092255815095513e-06
2023-10-05 11:00:31+00:00,4.762216476287108e-06
2023-10-05 12:00:50+00:00,5.450349444326235e-06
2023-10-05 13:00:34+00:00,5.456690590895684e-06
2023-10-05 14:00:24+00:00,0.0
2023-10-05 15:00:23+00:00,4.0827658288831185e-06
2023-10-05 16:00:51+00:00,2.046596918643679e-06
2023-10-05 17:00:47+00:00,5.457763791916609e-06
2023-10-05 18:00:53+00:00,4.767443765461426e-06
2023-10-05 19:00:29+00:00,1.1594392768243156e-05
2023-10-05 20:00:25+00:00,1.0896596858638743e-05
2023-10-05 21:00:22+00:00,9.542359565274322e-06
2023-10-05 22:00:48+00:00,9.540485697453688e-06
2023-10-05 23:00:44+00:00,1.0901769491414446e-05
2023-10-06 00:01:08+00:00,1.0241536394323732e-05
2023-10-06 01:00:43+00:00,1.0242543428384138e-05
2023-10-06 02:00:49+00:00,1.1588889070760972e-05
2023-10-06 03:00:44+00:00,1.1580359187412085e-05
2023-10-06 04:00:46+00:00,1.0897488341650984e-05
2023-10-06 05:00:44+00:00,9.544859201047805e-06
2023-10-06 06:00:48+00:00,9.552522488571381e-06
2023-10-06 07:00:45+00:00,1.0915169791530089e-05
2023-10-06 08:00:33+00:00,1.2280184693977798e-05
2023-10-06 09:00:22+00:00,1.2268734357363695e-05
2023-10-06 10:00:00+00:00,4.0855681391054235e-06
2023-10-06 11:00:53+00:00,1.2255302460864734e-05
2023-10-06 12:00:30+00:00,1.1573922709736482e-05
2023-10-06 13:00:50+00:00,2.0465299038949555e-06
2023-10-06 14:00:28+00:00,-1.2962962962962964e-05
2023-10-06 15:00:27+00:00,-1.569565502326496e-05
2023-10-06 16:00:27+00:00,-1.2920825233995982e-05
2023-10-06 17:00:28+00:00,-8.832508856998253e-06
2023-10-06 18:00:24+00:00,-8.827896806618476e-06
2023-10-06 19:00:24+00:00,-1.0191934510705608e-05
2023-10-06 20:00:28+00:00,-8.816675086781507e-06
2023-10-06 21:00:48+00:00,-7.4636594746105206e-06
2023-10-06 22:00:26+00:00,-8.141068433821254e-06
2023-10-06 23:00:35+00:00,-9.485844451675886e-06
2023-10-07 00:00:34+00:00,-6.7719355363828755e-06
2023-10-07 01:00:30+00:00,-8.794888885276283e-06
2023-10-07 02:00:30+00:00,-8.124268815806576e-06
2023-10-07 03:00:22+00:00,-5.407248636009352e-06
2023-10-07 05:00:20+00:00,-6.7518218557771905e-06
2023-10-07 06:00:30+00:00,-6.091815848468112e-06
2023-10-07 07:00:25+00:00,-5.415074396292381e-06
2023-10-07 09:00:28+00:00,-8.800325335502237e-06
2023-10-07 10:00:19+00:00,-8.803475827054823e-06
2023-10-07 11:00:23+00:00,-7.455883310542423e-06
2023-10-07 12:00:20+00:00,-7.456004688492031e-06
2023-10-07 17:00:30+00:00,-1.0186950923345233e-05
2023-10-07 19:00:31+00:00,-6.122548939574524e-06
2023-10-07 21:00:31+00:00,-7.4842715908162434e-06
2023-10-07 22:00:44+00:00,-4.746525738892151e-06
2023-10-07 23:00:48+00:00,-7.45697585437731e-06
2023-10-08 00:00:49+00:00,-7.45224380877998e-06
2023-10-08 01:00:50+00:00,-6.7613691772583955e-06
2023-10-08 02:00:32+00:00,-6.759721161502089e-06
2023-10-08 03:00:44+00:00,-6.757086006659628e-06
2023-10-08 04:00:49+00:00,-7.438808491286199e-06
2023-10-08 05:00:47+00:00,-8.793602288612203e-06
2023-10-08 06:00:51+00:00,-6.775685712424263e-06
2023-10-08 07:00:31+00:00,-8.148099863111921e-06
2023-10-08 08:00:46+00:00,-6.784083496412264e-06
2023-10-08 09:00:22+00:00,-6.7839728641085435e-06
2023-10-08 10:00:48+00:00,-7.475232172876985e-06
2023-10-08 11:00:20+00:00,-1.0223109133734625e-05
2023-10-08 12:00:31+00:00,-8.192557880421425e-06
2023-10-08 13:00:47+00:00,-7.4990994531224415e-06
2023-10-08 14:00:26+00:00,-4.757467261758792e-06
2023-10-08 15:00:29+00:00,-6.126349839081211e-06
2023-10-08 16:00:47+00:00,-6.797274554337348e-06
2023-10-08 17:00:30+00:00,-4.755135055639982e-06
2023-10-08 18:00:29+00:00,-6.130556327551538e-06
2023-10-08 19:00:48+00:00,-6.8070623271644335e-06
2023-10-08 20:00:49+00:00,-6.138584687914355e-06
2023-10-08 21:00:32+00:00,-5.453652145430723e-06
2023-10-08 22:00:50+00:00,-4.766975182242607e-06
2023-10-08 23:00:53+00:00,-8.202099737532808e-06
2023-10-09 00:00:52+00:00,-5.461433749364473e-06
2023-10-09 01:00:45+00:00,-4.105764493348661e-06
2023-10-09 02:00:01+00:00,-3.4160521604887587e-06
2023-10-09 03:00:46+00:00,-5.465198339104889e-06
2023-10-09 04:01:16+00:00,-4.102328481646182e-06
2023-10-09 05:00:46+00:00,-6.1562202449354824e-06
2023-10-09 06:00:32+00:00,-8.219493350429879e-06
2023-10-09 07:00:34+00:00,-5.482564457176726e-06
2023-10-09 08:00:22+00:00,-5.501495151084604e-06
2023-10-09 09:00:26+00:00,-8.968684206163692e-06
2023-10-09 10:00:22+00:00,-3.0601001669449085e-05
2023-10-09 11:00:28+00:00,-1.6172870768971045e-05
2023-10-09 12:00:29+00:00,-8.488964346349745e-06
2023-10-09 13:00:25+00:00,-4.2468615693002865e-06
2023-10-09 14:00:23+00:00,-2.11965000339144e-06
2023-10-09 15:00:25+00:00,-2.118320934094799e-06
2023-10-09 16:00:24+00:00,-5.648184269891616e-06
2023-10-09 17:00:22+00:00,-1.2780097128738178e-05
2023-10-09 18:00:49+00:00,-2.830687379567894e-06
2023-10-09 19:02:31+00:00,-2.823609457390713e-06
2023-10-09 20:00:48+00:00,-1.4094791719734407e-06
2023-10-09 21:00:34+00:00,-1.4090006281087136e-06
2023-10-09 22:00:48+00:00,-2.818910474120364e-06
2023-10-09 23:01:28+00:00,-2.8217855442986336e-06
2023-10-10 00:00:26+00:00,-2.126971702768466e-06
2023-10-10 01:00:26+00:00,-4.259161456292485e-06
2023-10-10 02:00:21+00:00,-2.1295444478517154e-06
2023-10-10 03:00:20+00:00,2.125380443099315e-06
2023-10-10 04:00:23+00:00,0.0
2023-10-10 05:00:21+00:00,0.0
2023-10-10 06:00:22+00:00,-1.4077101813062872e-06
2023-10-10 07:00:39+00:00,-1.405421880556073e-06
2023-10-10 08:00:21+00:00,0.0
2023-10-10 09:00:24+00:00,0.0
2023-10-10 10:00:23+00:00,-1.4052077337215995e-06
2023-10-10 11:00:24+00:00,-2.8143702422731973e-06
2023-10-10 12:00:24+00:00,-4.24844931599966e-06
2023-10-10 13:00:22+00:00,-3.5395820570417265e-06
2023-10-10 14:00:25+00:00,-1.4136803379206978e-06
2023-10-10 15:00:22+00:00,-1.4107488866981677e-06
2023-10-10 16:00:39+00:00,-2.8253876397800964e-06
2023-10-10 17:00:51+00:00,-1.4123332425809965e-06
2023-10-10 18:00:46+00:00,-6.979436197739345e-07
2023-10-10 19:00:20+00:00,-2.1248746323966885e-06
2023-10-10 20:00:19+00:00,0.0
2023-10-10 21:00:18+00:00,-2.8178099166539356e-06
2023-10-10 22:00:20+00:00,-6.954220872839528e-07
2023-10-10 23:00:19+00:00,-2.812224706918751e-06
2023-10-11 00:00:24+00:00,-2.810843761112146e-06
2023-10-11 01:00:21+00:00,0.0
2023-10-11 02:00:44+00:00,-3.50498786734969e-06
2023-10-11 03:00:40+00:00,-1.1268082226545977e-05
2023-10-11 04:00:40+00:00,-4.241313789359391e-06
2023-10-11 05:00:42+00:00,-3.5267387839533384e-06
2023-10-11 06:00:41+00:00,0.0
2023-10-11 07:00:19+00:00,6.951155417662717e-07
2023-10-11 08:00:31+00:00,-6.960005432199362e-07
2023-10-11 09:00:31+00:00,-6.969707272294564e-07
2023-10-11 10:00:30+00:00,6.959769139365134e-07
2023-10-11 11:00:30+00:00,-6.355285903128495e-06
2023-10-11 12:00:29+00:00,-3.5266789874362065e-06
2023-10-11 13:00:30+00:00,-6.960714406981087e-07
2023-10-11 14:00:35+00:00,0.0
2023-10-11 15:00:29+00:00,-1.1344280166246507e-05
2023-10-11 16:00:34+00:00,-2.067643434205121e-05
2023-10-11 17:00:20+00:00,-1.575453200784287e-05
2023-10-11 18:00:19+00:00,-1.0767136975209745e-05
2023-10-11 19:00:29+00:00,-7.173526926592058e-06
2023-10-11 20:00:22+00:00,-7.887576206385837e-06
2023-10-11 21:00:42+00:00,-1.4330689696698609e-05
2023-10-11 22:00:19+00:00,-1.504832662607918e-05
2023-10-11 23:00:42+00:00,-8.586934121041422e-06
2023-10-12 00:00:24+00:00,-1.2133676092544988e-05
2023-10-12 01:00:20+00:00,-1.354962485867964e-05
2023-10-12 02:00:27+00:00,-1.6448046150676467e-05
2023-10-12 03:00:21+00:00,-1.0737355689939527e-05
2023-10-12 04:00:20+00:00,-9.297769222837109e-06
2023-10-12 05:00:20+00:00,-1.2877526141378067e-05
2023-10-12 06:00:17+00:00,-1.5017076561346903e-05
2023-10-12 07:00:20+00:00,-9.267030952911149e-06
2023-10-12 08:00:23+00:00,-1.3547536266634697e-05
2023-10-12 09:00:20+00:00,-1.428106087880814e-05
2023-10-12 10:00:16+00:00,-1.934418900562271e-05
2023-10-12 11:00:24+00:00,-1.510130820475648e-05
2023-10-12 12:00:19+00:00,-1.6532063229101954e-05
2023-10-12 13:00:22+00:00,-1.9392539474591464e-05
2023-10-12 14:00:25+00:00,-1.3639812387915574e-05
2023-10-12 15:00:21+00:00,-8.629170046424934e-06
2023-10-12 16:00:30+00:00,-1.0790373260591831e-05
2023-10-12 17:00:20+00:00,-1.9461310913903163e-05
2023-10-12 18:00:27+00:00,-1.3006156247290384e-05
2023-10-12 19:00:27+00:00,-1.4434990555738472e-05
2023-10-12 20:00:31+00:00,-1.0094538906396093e-05
2023-10-12 21:00:01+00:00,-6.487215859945334e-06
2023-10-12 22:00:34+00:00,-1.1513328492894927e-05
2023-10-12 23:00:30+00:00,-1.655091392833696e-05
2023-10-13 00:00:42+00:00,-9.345310070823976e-06
2023-10-13 01:00:20+00:00,-1.6522369011072403e-05
2023-10-13 02:00:20+00:00,-1.4357860627057587e-05
2023-10-13 03:00:26+00:00,-1.2926577042399172e-05
2023-10-13 04:00:22+00:00,-1.509818131621631e-05
2023-10-13 05:00:21+00:00,-1.1498023237746663e-05
2023-10-13 06:00:30+00:00,-1.2951354711702844e-05
2023-10-13 07:00:19+00:00,-1.3667622766700073e-05
2023-10-13 08:00:28+00:00,-1.2942191544434858e-05
2023-10-13 09:00:21+00:00,-1.3644047331562425e-05
2023-10-13 10:00:21+00:00,-1.2220170184855964e-05
2023-10-13 11:00:21+00:00,-1.3660541586073502e-05
2023-10-13 12:00:24+00:00,-1.290766715428965e-05
2023-10-13 13:00:24+00:00,-1.2115197043070554e-05
2023-10-13 14:00:21+00:00,-1.2803004438374872e-05
2023-10-13 15:00:23+00:00,-1.708788298217734e-05
2023-10-13 16:00:26+00:00,-1.212806413484763e-05
2023-10-13 17:00:24+00:00,-9.255774165953806e-06
2023-10-13 18:00:24+00:00,-1.6431401471622384e-05
2023-10-13 19:00:22+00:00,-1.216536650744012e-05
2023-10-13 20:00:20+00:00,-1.0025278145581482e-05
2023-10-13 21:00:24+00:00,-9.294255085211654e-06
2023-10-13 22:00:21+00:00,-7.116463664978788e-06
2023-10-13 23:00:25+00:00,-1.2830382345393894e-05
2023-10-14 00:01:05+00:00,-1.354521636385431e-05
2023-10-14 01:00:21+00:00,-9.963768115942028e-06
2023-10-14 02:00:21+00:00,-1.4930721452460582e-05
2023-10-14 03:00:22+00:00,-1.2787287731023665e-05
2023-10-14 04:00:23+00:00,-9.941849559182142e-06
2023-10-14 05:00:20+00:00,-1.0654438212781918e-05
2023-10-14 06:00:22+00:00,-1.1365187713310579e-05
2023-10-14 07:00:21+00:00,-1.3523910478893468e-05
2023-10-14 08:00:19+00:00,-8.552417768503155e-06
2023-10-14 09:00:20+00:00,-9.25086780321814e-06
2023-10-14 10:00:20+00:00,-1.495343074425361e-05
2023-10-14 11:00:18+00:00,-1.2080055964101078e-05
2023-10-14 12:00:18+00:00,-1.5607694798003035e-05
2023-10-14 13:00:21+00:00,-1.1282398780281212e-05
2023-10-14 14:00:17+00:00,-1.1963905505424313e-05
2023-10-14 15:00:21+00:00,-1.4054090533313088e-05
2023-10-14 16:00:20+00:00,-9.820601364440327e-06
2023-10-14 17:00:19+00:00,-7.711735982488635e-06
2023-10-14 18:00:22+00:00,-9.112806778176428e-06
2023-10-14 19:00:22+00:00,-1.1927625593854241e-05
2023-10-14 20:00:27+00:00,-1.2617553540485524e-05
2023-10-14 21:00:28+00:00,-6.299979840064512e-06
2023-10-14 22:00:29+00:00,-1.0480422570638049e-05
2023-10-14 23:00:27+00:00,-9.76925783802805e-06
2023-10-15 00:00:27+00:00,-1.1834715164482482e-05
2023-10-15 01:00:28+00:00,-3.491217484580316e-05
2023-10-15 02:00:23+00:00,-1.6065199892675074e-05
2023-10-15 03:00:15+00:00,-1.257988225230212e-05
2023-10-15 04:00:15+00:00,-1.1885376622068527e-05
2023-10-15 05:00:17+00:00,-1.1194782491763598e-05
2023-10-15 06:00:16+00:00,-1.2615006812103679e-05
2023-10-15 07:00:18+00:00,-1.1209856594627348e-05
2023-10-15 08:00:18+00:00,-1.1220432643709144e-05
2023-10-15 09:00:16+00:00,-1.4022624739074811e-05
2023-10-15 10:00:16+00:00,-1.1208158731761498e-05
2023-10-15 11:00:15+00:00,-9.815806310401724e-06
2023-10-15 12:00:16+00:00,-1.2647981382171406e-05
2023-10-15 13:00:15+00:00,-1.1953200182336953e-05
2023-10-15 14:00:16+00:00,-1.266806296871833e-05
2023-10-15 15:00:16+00:00,-1.124335274753102e-05
2023-10-15 16:00:18+00:00,-9.12264135035327e-06
2023-10-15 17:00:16+00:00,-1.0527911599231884e-05
2023-10-15 18:00:16+00:00,-1.1202126049148065e-05
2023-10-15 19:00:14+00:00,-1.0494500881538075e-05
2023-10-15 20:00:16+00:00,-1.1891964525665144e-05
2023-10-15 21:00:15+00:00,-1.1188200312463252e-05
2023-10-15 22:00:18+00:00,-1.189755999193386e-05
2023-10-15 23:00:16+00:00,-1.4715775311133535e-05
2023-10-16 00:00:14+00:00,-1.3325471698113207e-05
2023-10-16 01:00:21+00:00,-1.052206266098756e-05
2023-10-16 02:00:15+00:00,-9.799472206814246e-06
2023-10-16 03:00:14+00:00,-1.119139640396572e-05
2023-10-16 04:00:16+00:00,-1.0511268079381098e-05
2023-10-16 05:00:15+00:00,-1.1212309971548341e-05
2023-10-16 06:00:17+00:00,-2.0916651327789027e-05
2023-10-16 07:00:16+00:00,-1.110684922368794e-05
2023-10-16 08:00:24+00:00,-9.010809640400406e-06
2023-10-16 09:00:17+00:00,-1.1795871444994253e-05
2023-10-16 10:00:17+00:00,-9.72996428452218e-06
2023-10-16 11:00:18+00:00,-8.994779370199182e-06
2023-10-16 12:00:16+00:00,-1.2508130284685046e-05
2023-10-16 13:00:17+00:00,-6.9311384728169415e-06
2023-10-16 14:00:33+00:00,-1.6612399494983053e-05
2023-10-16 15:00:17+00:00,-1.0389826282104565e-05
2023-10-16 16:00:17+00:00,-1.4588682516922871e-05
2023-10-16 17:00:17+00:00,-1.0435973217118337e-05
2023-10-16 18:00:17+00:00,-9.736626751507255e-06
2023-10-16 19:00:21+00:00,-9.724446223645582e-06
2023-10-16 20:00:17+00:00,-8.32514693884347e-06
2023-10-16 21:00:17+00:00,-9.007659007659007e-06
2023-10-16 22:00:16+00:00,-9.720879047587288e-06
2023-10-16 23:00:16+00:00,-8.322237017310253e-06
2023-10-17 00:00:23+00:00,-9.700176366843032e-06
2023-10-17 01:00:15+00:00,-1.1795085381091213e-05
2023-10-17 02:00:15+00:00,-1.179469238842521e-05
2023-10-17 03:00:17+00:00,-9.00585963510454e-06
2023-10-17 04:00:17+00:00,-1.1092604930046634e-05
2023-10-17 05:00:16+00:00,-1.0422920418918018e-05
2023-10-17 06:00:17+00:00,-1.1114448783418443e-05
2023-10-17 07:00:15+00:00,-1.183768329181227e-05
2023-10-17 08:00:16+00:00,-9.748348800267536e-06
2023-10-17 09:00:17+00:00,-9.03292593334669e-06
2023-10-17 10:00:18+00:00,-6.255943145988689e-06
2023-10-17 11:00:22+00:00,-6.935876488045617e-06
2023-10-17 12:00:18+00:00,-4.852992678818605e-06
2023-10-17 13:00:22+00:00,-1.113395857364963e-05
2023-10-17 14:00:15+00:00,-1.8201374766810644e-05
2023-10-17 15:00:19+00:00,-1.1239368165249088e-05
2023-10-17 16:00:19+00:00,-5.6187358687949245e-06
2023-10-17 17:00:17+00:00,-8.445803280349994e-06
2023-10-17 18:00:17+00:00,-1.4107405964739953e-05
2023-10-17 19:00:29+00:00,-1.4123431671753137e-05
2023-10-17 20:00:17+00:00,-1.0602205258693808e-05
2023-10-17 21:00:16+00:00,-9.17322300596853e-06
2023-10-17 22:00:18+00:00,-7.045115837962336e-06
2023-10-17 23:00:18+00:00,6.940800054172098e-07
2023-10-18 00:00:18+00:00,2.80908383253799e-06
2023-10-18 01:00:18+00:00,6.947857179169986e-07
2023-10-18 02:00:17+00:00,6.95823362693685e-07
2023-10-18 03:00:17+00:00,1.4090723889718866e-06
2023-10-18 04:00:19+00:00,2.121736768849509e-06
2023-10-18 05:00:17+00:00,3.5282343561820435e-06
2023-10-18 06:00:19+00:00,1.4042567590430752e-06
2023-10-18 07:00:12+00:00,2.804764720790741e-06
2023-10-18 08:00:17+00:00,2.1154529607879638e-06
2023-10-18 09:00:17+00:00,1.406136174970776e-06
2023-10-18 10:00:17+00:00,5.6385248399878084e-06
2023-10-18 11:00:15+00:00,1.623233589752279e-05
2023-10-18 12:00:28+00:00,1.4843590961525412e-05
2023-10-18 13:00:14+00:00,1.274643099932019e-05
2023-10-18 14:00:14+00:00,1.2053731038357425e-05
2023-10-18 15:00:14+00:00,1.4920791910372934e-05
2023-10-18 16:01:00+00:00,1.4208228150371837e-05
2023-10-18 17:00:12+00:00,1.42075011512681e-05
2023-10-18 18:00:12+00:00,1.421550223557118e-05
2023-10-18 19:00:15+00:00,1.493377935554342e-05
2023-10-18 20:00:13+00:00,1.5651965893751174e-05
2023-10-18 21:00:26+00:00,1.4250765572340171e-05
2023-10-18 22:00:13+00:00,1.2111052190424059e-05
2023-10-18 23:00:13+00:00,1.4228128309363576e-05
2023-10-19 00:00:15+00:00,1.4923845747130357e-05
2023-10-19 01:00:16+00:00,1.2788595982675717e-05
2023-10-19 02:00:08+00:00,1.4246865860541483e-05
2023-10-19 03:00:14+00:00,2.646356751558448e-05
2023-10-19 04:00:14+00:00,3.148673022416903e-05
2023-10-19 05:00:07+00:00,2.718483282100599e-05
2023-10-19 06:00:12+00:00,2.5012008508886298e-05
2023-10-19 07:00:12+00:00,3.003003003003003e-05
2023-10-19 08:00:10+00:00,3.074889262781994e-05
2023-10-19 09:00:13+00:00,2.1471022707753617e-05
2023-10-19 10:00:11+00:00,2.8636746480567923e-05
2023-10-19 11:00:12+00:00,2.3616502353062413e-05
2023-10-19 12:00:13+00:00,2.5022740144507185e-05
2023-10-19 13:00:15+00:00,2.2141423842763306e-05
2023-10-19 14:00:14+00:00,2.28496006033803e-05
2023-10-19 15:00:14+00:00,2.2136867916116532e-05
2023-10-19 16:00:16+00:00,1.353849313661726e-05
2023-10-19 17:00:12+00:00,1.6374388951560524e-05
2023-10-19 18:00:17+00:00,1.70984012994785e-05
2023-10-19 19:00:13+00:00,1.2805190370496843e-05
2023-10-19 20:00:15+00:00,1.4208712857776414e-05
2023-10-19 21:00:16+00:00,1.4197814934124184e-05
2023-10-19 22:00:11+00:00,1.2787941823389998e-05
2023-10-19 23:00:15+00:00,1.3478742438442533e-05
2023-10-20 00:00:13+00:00,1.4888041924726061e-05
2023-10-20 01:00:15+00:00,1.344597810566397e-05
2023-10-20 02:00:12+00:00,1.2755102040816327e-05
2023-10-20 03:00:17+00:00,3.812525416836113e-05
2023-10-20 04:00:12+00:00,3.3713168363562804e-05
2023-10-20 05:00:15+00:00,1.5421135035943365e-05
2023-10-20 06:00:13+00:00,1.1922001818610448e-05
2023-10-20 07:00:13+00:00,1.1909367693316962e-05
2023-10-20 08:00:16+00:00,1.3299034937287737e-05
2023-10-20 09:00:12+00:00,4.3930113465207344e-05
2023-10-20 10:00:17+00:00,2.0821534463803848e-05
2023-10-20 11:02:25+00:00,1.0393627459132258e-05
2023-10-20 12:03:09+00:00,5.551017686575872e-06
2023-10-20 13:00:18+00:00,1.1127075884652654e-05
2023-10-20 14:00:35+00:00,1.1837287455484777e-05
2023-10-20 15:00:22+00:00,1.1819107557217503e-05
2023-10-20 16:00:14+00:00,0.0
2023-10-20 17:00:14+00:00,-6.84165734977556e-07
2023-10-20 18:00:13+00:00,6.83743579481022e-07
2023-10-20 19:00:13+00:00,-4.159802991730312e-06
2023-10-20 20:00:20+00:00,-3.4588266595716376e-06
2023-10-20 21:00:22+00:00,-3.4555513099529844e-06
2023-10-20 22:00:21+00:00,-3.457791668052e-06
2023-10-20 23:00:28+00:00,-2.761144377910845e-06
2023-10-21 00:00:26+00:00,-4.845558238281575e-06
2023-10-21 01:00:18+00:00,-4.851617205735245e-06
2023-10-21 02:00:27+00:00,-5.559358253059316e-06
2023-10-21 03:00:42+00:00,-4.868337404222572e-06
2023-10-21 04:00:45+00:00,-4.183540279125807e-06
2023-10-21 05:00:19+00:00,-2.0890782986546335e-06
2023-10-21 06:00:21+00:00,-4.1728564036654365e-06
2023-10-21 07:00:18+00:00,0.0
2023-10-21 08:00:18+00:00,-2.7553239165435623e-06
2023-10-21 09:00:16+00:00,-4.825710590030181e-06
2023-10-21 10:00:18+00:00,-4.8263508806846455e-06
2023-10-21 11:00:15+00:00,-4.821233307929355e-06
2023-10-21 12:00:17+00:00,-4.136196684424738e-06
2023-10-21 13:00:18+00:00,-5.502313284864507e-06
2023-10-21 14:02:38+00:00,-4.118887570844866e-06
2023-10-21 15:00:14+00:00,-1.363225753469656e-06
2023-10-21 16:00:14+00:00,-3.407601572739188e-06
2023-10-21 17:00:14+00:00,-4.087371656529985e-06
2023-10-21 18:00:15+00:00,-4.7524170368434805e-06
2023-10-21 19:00:16+00:00,-4.753426223884741e-06
2023-10-21 20:00:15+00:00,-6.136475208640157e-06
2023-10-21 21:00:15+00:00,-4.763619696176008e-06
2023-10-21 22:00:13+00:00,-6.79616408815409e-06
2023-10-21 23:00:13+00:00,-5.4360246824904495e-06
2023-10-22 00:00:13+00:00,-4.753969809841208e-06
2023-10-22 01:00:13+00:00,-2.7068012457808143e-06
2023-10-22 02:00:13+00:00,-3.3861882590434017e-06
2023-10-22 03:00:18+00:00,-6.114562441911657e-06
2023-10-22 04:00:16+00:00,-5.434427834715059e-06
2023-10-22 05:00:12+00:00,-2.0386861075773882e-06
2023-10-22 06:00:15+00:00,-2.0355653986451275e-06
2023-10-22 07:00:19+00:00,-3.3812341504649198e-06
2023-10-22 08:00:12+00:00,-1.430954405704193e-05
2023-10-22 09:00:15+00:00,-7.51817987819892e-06
2023-10-22 10:00:13+00:00,-6.1604678669996054e-06
2023-10-22 11:00:17+00:00,-4.1100845033373885e-06
2023-10-22 12:00:18+00:00,-5.482835267967399e-06
2023-10-22 13:00:14+00:00,-2.0557519940794343e-06
2023-10-22 14:00:14+00:00,-2.053185722967757e-06
2023-10-22 15:00:13+00:00,-2.72887179234272e-06
2023-10-22 16:00:12+00:00,-2.056631402293555e-06
2023-10-22 17:00:15+00:00,-2.0539954319141592e-06
2023-10-22 18:00:16+00:00,-2.0497515701097023e-06
2023-10-22 19:00:17+00:00,-2.720152066332383e-06
2023-10-22 20:00:14+00:00,-4.100377234705593e-06
2023-10-22 21:00:15+00:00,-4.102867083517962e-06
2023-10-22 22:00:11+00:00,-2.052915961832186e-06
2023-10-22 23:00:13+00:00,0.0
2023-10-23 00:00:21+00:00,-1.3520337519751097e-06
2023-10-23 01:00:14+00:00,-4.061870410086436e-06
2023-10-23 02:00:15+00:00,-6.62765510329443e-07
2023-10-23 03:00:23+00:00,-4.0347309641393104e-06
2023-10-23 04:00:59+00:00,1.3320494302680148e-06
2023-10-23 05:00:12+00:00,6.547533496223192e-07
2023-10-23 06:00:14+00:00,-1.3207306982369042e-06
2023-10-23 07:00:13+00:00,-3.98406374501992e-06
2023-10-23 08:00:23+00:00,0.0
2023-10-23 09:00:17+00:00,4.605377688448574e-06
2023-10-23 10:00:15+00:00,-1.0506554765022322e-05
2023-10-23 11:00:27+00:00,1.9591862324065075e-06
2023-10-23 12:00:14+00:00,1.9409033740664253e-06
2023-10-23 13:00:15+00:00,-3.218668276000805e-06
2023-10-23 14:00:31+00:00,-6.48338632254847e-06
2023-10-23 15:00:15+00:00,4.527280364671656e-06
2023-10-23 16:00:14+00:00,1.2900217594031707e-06
2023-10-23 17:00:13+00:00,-6.3904735185012e-07
2023-10-23 18:00:20+00:00,0.0
2023-10-23 19:00:14+00:00,6.40625e-07
2023-10-23 20:00:15+00:00,4.532922099163512e-06
2023-10-23 21:00:18+00:00,5.825604697767629e-06
2023-10-23 22:00:11+00:00,8.984989057732022e-06
2023-10-23 23:00:56+00:00,5.063791609008378e-06
2023-10-24 00:00:47+00:00,8.769290935892421e-06
2023-10-24 01:00:41+00:00,3.7186333278793377e-06
2023-10-24 02:00:16+00:00,-6.10718860785891e-07
2023-10-24 03:00:13+00:00,1.104842154884139e-05
2023-10-24 04:00:43+00:00,2.4333753554780264e-06
2023-10-24 05:00:16+00:00,-6.017995273672005e-07
2023-10-24 06:00:13+00:00,-3.0663993395447576e-06
2023-10-24 07:00:13+00:00,-3.0958830708778616e-06
2023-10-24 08:00:17+00:00,-5.626322185713642e-06
2023-10-24 09:00:16+00:00,-6.147940439952616e-07
2023-10-24 10:00:15+00:00,1.8671486399689303e-06
2023-10-24 11:00:17+00:00,0.0
2023-10-24 12:00:15+00:00,-6.0761444640396e-07
2023-10-24 13:00:13+00:00,6.088190958451024e-06
2023-10-24 14:00:14+00:00,-1.8341354619086744e-06
2023-10-24 15:00:49+00:00,-3.0658569659807797e-06
2023-10-24 16:00:56+00:00,-2.3070243727169294e-05
2023-10-24 17:00:27+00:00,-5.653209515482256e-06
2023-10-24 18:00:16+00:00,6.196535985249222e-07
2023-10-24 19:00:54+00:00,-2.518242084983085e-06
2023-10-24 20:05:38+00:00,-2.5021856440867023e-06
2023-10-24 21:00:53+00:00,-7.531595041197825e-06
2023-10-24 22:00:39+00:00,-5.665936390420791e-06
2023-10-24 23:05:16+00:00,4.561750896299297e-05
2023-10-25 00:00:28+00:00,4.0637474113868964e-05
2023-10-25 01:00:04+00:00,4.759900171392488e-05
2023-10-25 02:05:00+00:00,5.061639521281382e-05
2023-10-25 03:00:19+00:00,2.2583219162614235e-05
2023-10-25 04:09:16+00:00,-2.897235831367568e-05
2023-10-25 05:04:17+00:00,6.618058601963483e-05
2023-10-25 06:04:02+00:00,-5.1167374166161304e-05
2023-10-25 07:01:05+00:00,0.00016575404628649222
2023-10-25 08:03:33+00:00,-0.00013182634092914294
2023-10-25 09:07:05+00:00,-2.0371983555698192e-05
2023-10-25 10:02:25+00:00,0.0
2023-10-25 11:01:51+00:00,-6.242672472859601e-07
2023-10-25 12:06:06+00:00,-1.0779537149817296e-05
2023-10-25 13:01:01+00:00,0.0
2023-10-25 14:00:05+00:00,4.405486420201653e-06
2023-10-25 15:04:14+00:00,2.1295474711623782e-05
2023-10-25 16:01:28+00:00,1.732154794622298e-05
2023-10-25 17:08:07+00:00,-6.822684681732188e-06
2023-10-25 18:04:07+00:00,1.552920116357127e-05
2023-10-25 19:00:15+00:00,1.90812616394218e-05
2023-10-25 20:06:54+00:00,1.1658412923004362e-05
2023-10-25 21:01:55+00:00,3.5371281330522366e-05
2023-10-25 22:00:55+00:00,3.590627556386584e-05
2023-10-25 23:00:04+00:00,4.359324595309367e-05
2023-10-26 00:01:56+00:00,1.275417243641134e-05
2023-10-26 01:04:33+00:00,2.1886307925761644e-05
2023-10-26 02:03:43+00:00,7.022876570243171e-05
2023-10-26 03:00:33+00:00,7.385662624973411e-05
2023-10-26 04:00:04+00:00,2.8001792114695337e-05
2023-10-26 05:02:24+00:00,1.2265036935282656e-05
2023-10-26 06:02:03+00:00,8.194186765615336e-06
2023-10-26 07:06:23+00:00,-2.3446990027966893e-06
2023-10-26 08:01:34+00:00,5.433487106860917e-05
2023-10-26 09:00:34+00:00,2.2631366377449406e-05
2023-10-26 10:05:03+00:00,1.043231513937573e-05
2023-10-26 11:00:07+00:00,2.308342454934671e-05
2023-10-26 12:01:13+00:00,3.7828766369538906e-05
2023-10-26 13:01:20+00:00,3.387947039611877e-05
2023-10-26 14:01:42+00:00,-1.0224251925567446e-05
2023-10-26 15:00:04+00:00,-3.062880605917685e-05
2023-10-26 16:02:14+00:00,-1.4082325273549167e-05
2023-10-26 17:01:36+00:00,1.1742402806858696e-06
2023-10-26 18:06:03+00:00,5.760602725810548e-05
2023-10-26 19:01:16+00:00,2.2288554411951055e-05
2023-10-26 20:00:38+00:00,4.0879268771378905e-05
2023-10-26 21:00:35+00:00,2.3842094977525895e-05
2023-10-26 22:00:09+00:00,1.2210097401691272e-05
2023-10-26 23:01:26+00:00,5.2118803074314464e-05
2023-10-27 00:03:43+00:00,1.3909173099659225e-05
2023-10-27 01:00:56+00:00,1.5080414955092947e-05
2023-10-27 02:00:26+00:00,-4.07751481777292e-06
2023-10-27 03:02:59+00:00,4.7415670352210616e-05
2023-10-27 04:02:25+00:00,2.1575984990619138e-05
2023-10-27 05:07:05+00:00,7.5939416908802515e-06
2023-10-27 06:02:39+00:00,3.523409532936832e-06
2023-10-27 07:01:25+00:00,1.2918147458678852e-05
2023-10-27 08:05:50+00:00,4.7182509882823016e-06
2023-10-27 09:01:06+00:00,1.949939729135645e-05
2023-10-27 10:00:16+00:00,4.4682802907345987e-05
2023-10-27 11:04:47+00:00,1.9908891513413192e-05
2023-10-27 12:00:14+00:00,2.2876047019075102e-05
2023-10-27 13:01:35+00:00,1.519019299820467e-05
2023-10-27 14:03:57+00:00,5.24974801209542e-06
2023-10-27 15:03:19+00:00,-6.4713944583386315e-06
2023-10-27 16:00:16+00:00,3.7803805904540426e-05
2023-10-27 17:02:30+00:00,-1.2506610637051014e-05
2023-10-27 18:01:36+00:00,1.8098106214165747e-06
2023-10-27 19:05:53+00:00,1.0936292451041865e-05
2023-10-27 20:01:02+00:00,2.2502920560747662e-05
2023-10-27 21:00:15+00:00,1.0996100049848986e-05
2023-10-27 22:01:24+00:00,2.0247982564646285e-05
2023-10-27 23:03:44+00:00,2.213924106681623e-05
2023-10-28 00:00:53+00:00,2.5198802024166066e-05
2023-10-28 01:00:26+00:00,2.149935118556093e-05
2023-10-28 02:00:01+00:00,2.4559955184715628e-05
2023-10-28 03:02:16+00:00,2.8795388031824935e-05
2023-10-28 04:02:12+00:00,3.6026264876590256e-05
2023-10-28 05:01:32+00:00,4.747297692082968e-05
2023-10-28 06:00:31+00:00,3.4581167460213454e-05
2023-10-28 07:04:24+00:00,2.1845190417243136e-05
2023-10-28 08:01:16+00:00,2.8505706964826465e-05
2023-10-28 09:00:25+00:00,4.60261386599212e-05
2023-10-28 10:02:37+00:00,5.011739470709296e-05
2023-10-28 11:01:47+00:00,7.356431631353479e-05
2023-10-28 12:05:58+00:00,4.872168728616593e-05
2023-10-28 13:01:18+00:00,2.1732201327113094e-05
2023-10-28 14:00:26+00:00,7.126083553184703e-05
2023-10-28 15:04:58+00:00,3.749237959764276e-05
2023-10-28 16:01:57+00:00,3.5042425121473635e-05
2023-10-28 17:01:16+00:00,2.9035161580674197e-05
2023-10-28 18:03:27+00:00,2.5420897430310424e-05
2023-10-28 19:02:36+00:00,2.848953104311261e-05
2023-10-28 20:07:09+00:00,3.520942026873415e-05
2023-10-28 21:00:47+00:00,5.5124980006107226e-05
2023-10-28 22:01:35+00:00,7.421942883623935e-05
2023-10-28 23:06:02+00:00,3.377194887161448e-05
2023-10-29 00:00:59+00:00,3.0180532614680227e-05
2023-10-29 01:00:13+00:00,2.9602018912803854e-05
2023-10-29 02:04:42+00:00,1.337694958817688e-05
2023-10-29 03:01:52+00:00,6.220088691146984e-05
2023-10-29 04:01:04+00:00,3.660107753572265e-05
2023-10-29 05:03:48+00:00,6.579332124685655e-05
2023-10-29 06:03:06+00:00,3.898002748779133e-05
2023-10-29 07:00:15+00:00,7.239541505439146e-05
2023-10-29 08:02:48+00:00,3.8312778223746616e-05
2023-10-29 09:02:16+00:00,7.875069066798499e-05
2023-10-29 10:06:53+00:00,3.686829848667315e-05
2023-10-29 11:01:54+00:00,3.148301574150787e-05
2023-10-29 12:00:56+00:00,6.897152565014738e-05
2023-10-29 13:05:27+00:00,5.9170482870558226e-05
2023-10-29 14:00:51+00:00,4.0973055840793715e-05
2023-10-29 15:01:54+00:00,3.908550314646961e-05
2023-10-29 16:04:15+00:00,2.7616027673681175e-05
2023-10-29 17:01:17+00:00,2.465393553602102e-05
2023-10-29 18:08:02+00:00,7.79718115201336e-05
2023-10-29 19:03:17+00:00,2.6347563605002153e-05
2023-10-29 20:02:24+00:00,1.9795280805056077e-05
2023-10-29 21:06:54+00:00,2.4547989306964844e-05
2023-10-29 22:02:04+00:00,1.5535568274734262e-05
2023-10-29 23:01:16+00:00,4.778426115754613e-05
2023-10-30 00:05:41+00:00,1.4374011786689663e-05
2023-10-30 01:00:27+00:00,1.5015361537019141e-05
2023-10-30 02:01:44+00:00,1.682005712472231e-05
2023-10-30 03:04:07+00:00,1.2673628713373212e-05
2023-10-30 04:01:24+00:00,1.3921990350520258e-05
2023-10-30 05:00:24+00:00,2.2390770527294656e-05
2023-10-30 06:02:37+00:00,2.3639114369672107e-05
2023-10-30 07:02:07+00:00,1.8786106139316946e-05
2023-10-30 08:06:08+00:00,1.8195580657369942e-05
2023-10-30 09:01:18+00:00,4.9014624511669106e-05
2023-10-30 10:00:06+00:00,2.7085981740436845e-05
2023-10-30 11:04:04+00:00,2.1029857204673303e-05
2023-10-30 12:00:59+00:00,2.1007737417690876e-05
2023-10-30 13:07:27+00:00,2.037351443123939e-05
2023-10-30 14:02:43+00:00,6.516747510117392e-05
2023-10-30 15:02:14+00:00,4.2316385797259014e-05
2023-10-30 16:06:53+00:00,4.8881002804647704e-05
2023-10-30 17:01:40+00:00,4.605423719080638e-05
2023-10-30 18:01:05+00:00,9.636113723504305e-06
2023-10-30 19:05:29+00:00,7.840466080201736e-06
2023-10-30 20:00:23+00:00,1.8066977900472634e-05
2023-10-30 21:01:36+00:00,1.4432305272121114e-05
2023-10-30 22:03:58+00:00,8.993323356739957e-06
2023-10-30 23:00:56+00:00,1.2586849259893264e-05
2023-10-31 00:00:15+00:00,1.4368435421066999e-05
2023-10-31 01:02:55+00:00,1.3743239559872035e-05
2023-10-31 02:00:03+00:00,1.611378480577518e-05
2023-10-31 03:06:44+00:00,8.37258731617647e-06
2023-10-31 04:01:41+00:00,2.999495277237003e-06
2023-10-31 05:00:54+00:00,9.622886866059819e-06
2023-10-31 06:05:37+00:00,1.0835801488116739e-05
2023-10-31 07:00:46+00:00,9.62163567806527e-06
2023-10-31 08:00:07+00:00,4.220939340315047e-06
2023-10-31 09:04:43+00:00,7.856520476328783e-06
2023-10-31 10:04:14+00:00,1.2688331085686114e-05
2023-10-31 11:01:17+00:00,-3.6162180145516612e-06
2023-10-31 12:03:45+00:00,1.1351568554289488e-05
2023-10-31 13:00:36+00:00,-1.1914808404731595e-05
2023-10-31 14:00:46+00:00,-3.002609084225851e-05
2023-10-31 15:02:33+00:00,-9.665060660590933e-06
2023-10-31 16:00:55+00:00,-3.4343672255671194e-05
2023-10-31 17:06:16+00:00,-7.993971274898044e-06
2023-10-31 18:00:57+00:00,1.8459448284009686e-06
2023-10-31 19:00:51+00:00,5.529668514804766e-06
2023-10-31 20:05:08+00:00,2.3897410256033174e-05
2023-10-31 21:00:07+00:00,1.4641502803847786e-05
2023-10-31 22:01:36+00:00,2.433767795094345e-06
2023-10-31 23:00:38+00:00,3.0545112781954886e-06
2023-11-01 00:00:43+00:00,4.273378759398496e-06
2023-11-01 01:00:44+00:00,6.715050216259805e-06
2023-11-01 02:00:43+00:00,4.277021664364032e-06
2023-11-01 03:00:39+00:00,6.041494754214312e-07
2023-11-01 04:00:40+00:00,1.847827693763212e-06
2023-11-01 05:00:43+00:00,1.2292836090581911e-06
2023-11-01 06:00:39+00:00,-4.3317752835749795e-06
2023-11-01 07:00:39+00:00,-2.476798663125541e-06
2023-11-01 08:00:39+00:00,1.2386765561806977e-06
2023-11-01 09:00:46+00:00,1.8683486787038142e-06
2023-11-01 10:00:49+00:00,2.481426670852206e-06
2023-11-01 11:00:44+00:00,0.0
2023-11-01 12:00:43+00:00,-1.2451618710432358e-06
2023-11-01 13:00:42+00:00,1.8716777719547804e-06
2023-11-01 14:00:46+00:00,3.7317888703128733e-06
2023-11-01 15:00:45+00:00,4.979662639071659e-06
2023-11-01 16:01:00+00:00,7.521058965102286e-06
2023-11-01 17:00:44+00:00,8.146363499472972e-06
2023-11-01 18:02:35+00:00,9.398496240601503e-06
2023-11-01 19:00:52+00:00,1.116121255413188e-05
2023-11-01 20:00:52+00:00,1.4095075551370518e-05
2023-11-01 21:00:43+00:00,1.4554345927694008e-05
2023-11-01 22:00:58+00:00,1.0843791567867676e-05
2023-11-01 23:00:47+00:00,9.056002318336593e-06
2023-11-02 00:00:52+00:00,1.210140190310162e-05
2023-11-02 01:00:47+00:00,1.2076839434577747e-05
2023-11-02 02:00:51+00:00,1.2013961001499943e-05
2023-11-02 03:00:53+00:00,1.0189689415963847e-05
2023-11-02 04:00:46+00:00,1.3758042279411764e-05
2023-11-02 05:00:49+00:00,1.0795094708964247e-05
2023-11-02 06:00:46+00:00,9.05285418386709e-06
2023-11-02 07:01:09+00:00,9.055346276441612e-06
2023-11-02 08:00:49+00:00,1.2013614468256945e-05
2023-11-02 09:00:49+00:00,8.375714737235295e-06
2023-11-02 10:01:09+00:00,1.0130639460843934e-05
2023-11-02 11:00:54+00:00,1.0119779308767618e-05
2023-11-02 12:01:06+00:00,1.1952591402169546e-05
2023-11-02 13:01:36+00:00,7.77689930281032e-06
2023-11-02 14:00:58+00:00,4.817150792732322e-06
2023-11-02 15:01:02+00:00,1.2084856073732181e-06
2023-11-02 16:01:08+00:00,4.883843717001056e-06
2023-11-02 17:01:50+00:00,6.050856712761405e-07
2023-11-02 18:01:00+00:00,4.910780120926117e-06
2023-11-02 19:00:57+00:00,0.0
2023-11-02 20:00:59+00:00,4.270995391434526e-06
2023-11-02 21:01:14+00:00,3.0552740198886588e-06
2023-11-02 22:01:00+00:00,4.898571617705467e-06
2023-11-02 23:01:04+00:00,5.522746351305577e-06
2023-11-03 00:01:01+00:00,8.587167854828257e-06
2023-11-03 01:01:06+00:00,5.5455325190026915e-06
2023-11-03 02:01:06+00:00,9.30696607797004e-06
2023-11-03 03:01:09+00:00,8.675207952025951e-06
2023-11-03 04:01:10+00:00,7.427875330540452e-06
2023-11-03 05:01:12+00:00,8.044729289654865e-06
2023-11-03 06:01:13+00:00,7.430082919725383e-06
2023-11-03 07:01:15+00:00,8.639084820105505e-06
2023-11-03 08:01:12+00:00,8.01244075829384e-06
2023-11-03 09:01:12+00:00,8.633711459289755e-06
2023-11-03 10:00:00+00:00,9.885705803770224e-06
2023-11-03 11:01:33+00:00,6.202659986878988e-06
2023-11-03 12:01:29+00:00,3.0993428797067545e-06
2023-11-03 13:01:20+00:00,6.808687766661216e-06
2023-11-03 14:01:21+00:00,9.285947760972276e-06
2023-11-03 15:01:57+00:00,7.4026916186725486e-06
2023-11-03 16:00:08+00:00,7.991491498884737e-06
2023-11-03 17:00:07+00:00,1.1074687693807034e-05
2023-11-03 18:01:28+00:00,8.010068107787977e-06
2023-11-03 19:01:18+00:00,7.399295587060112e-06
2023-11-03 20:00:22+00:00,9.852216748768471e-06
2023-11-03 21:01:22+00:00,8.601864966949952e-06
2023-11-03 22:00:21+00:00,1.041099919123594e-05
2023-11-03 23:01:30+00:00,1.1014833308855926e-05
2023-11-04 00:00:34+00:00,1.5897014355752576e-05
2023-11-04 01:00:27+00:00,1.8945730973555223e-05
2023-11-04 02:01:31+00:00,1.4628223694796738e-05
2023-11-04 03:01:40+00:00,8.507471398552415e-06
2023-11-04 04:01:37+00:00,6.679695475891841e-06
2023-11-04 05:01:31+00:00,6.063256085118787e-06
2023-11-04 06:01:33+00:00,4.856421998279105e-06
2023-11-04 07:01:36+00:00,4.842016489029125e-06
2023-11-04 08:01:46+00:00,4.833442194644023e-06
2023-11-04 09:01:48+00:00,4.228237653110152e-06
2023-11-04 10:01:46+00:00,5.4458321231484165e-06
2023-11-04 11:01:48+00:00,5.442907528629694e-06
2023-11-04 12:01:46+00:00,7.858003979839353e-06
2023-11-04 13:01:50+00:00,1.0295486272684971e-05
2023-11-04 14:01:51+00:00,1.1515001528540026e-05
2023-11-04 15:01:55+00:00,9.121690650631952e-06
2023-11-04 16:01:51+00:00,6.699334454764866e-06
2023-11-04 17:02:02+00:00,8.525760079554262e-06
2023-11-04 18:01:55+00:00,9.134889431298326e-06
2023-11-04 19:02:02+00:00,7.905658171615617e-06
2023-11-04 20:02:02+00:00,9.135690585122712e-06
2023-11-04 21:02:02+00:00,9.137159732171574e-06
2023-11-04 22:02:03+00:00,6.679987748494086e-06
2023-11-04 23:00:08+00:00,1.0290697674418605e-05
2023-11-05 00:00:08+00:00,8.445358674238035e-06
2023-11-05 01:00:10+00:00,9.623164952028666e-06
2023-11-05 02:00:07+00:00,1.140163745387454e-05
2023-11-05 03:00:12+00:00,6.605610442056682e-06
2023-11-05 04:00:13+00:00,8.988925643607078e-06
2023-11-05 05:00:12+00:00,7.171851915601646e-06
2023-11-05 06:00:14+00:00,8.951333390621868e-06
2023-11-05 07:00:17+00:00,7.179987937620264e-06
2023-11-05 08:00:12+00:00,8.987245301468158e-06
2023-11-05 09:00:12+00:00,8.380410251987292e-06
2023-11-05 10:00:14+00:00,8.986857619417365e-06
2023-11-05 11:00:16+00:00,1.0748527451739111e-05
2023-11-05 12:00:14+00:00,1.1233561507654728e-05
2023-11-05 13:00:20+00:00,1.1171211885830498e-05
2023-11-05 14:00:24+00:00,8.826063011029049e-06
2023-11-05 15:00:14+00:00,9.467893038397566e-06
2023-11-05 16:00:14+00:00,7.716555649060748e-06
2023-11-05 17:00:14+00:00,1.0065682845687964e-05
2023-11-05 18:00:22+00:00,8.83454661106792e-06
2023-11-05 19:00:25+00:00,9.994212391129431e-06
2023-11-05 20:00:56+00:00,1.0562636434053941e-05
2023-11-05 21:00:24+00:00,1.2289671058175792e-05
2023-11-05 22:00:30+00:00,3.5278346151132435e-06
2023-11-05 23:00:54+00:00,9.994494558082413e-06
2023-11-06 00:00:34+00:00,1.287909677600776e-05
2023-11-06 01:00:27+00:00,1.396960214573089e-05
2023-11-06 02:00:31+00:00,9.82664575497231e-06
2023-11-06 03:00:26+00:00,1.2733894959268218e-05
2023-11-06 04:00:28+00:00,1.101349187563526e-05
2023-11-06 05:00:28+00:00,1.2823384477545078e-05
2023-11-06 06:00:28+00:00,1.875826742844277e-05
2023-11-06 07:00:31+00:00,1.5843731515646567e-05
2023-11-06 08:00:31+00:00,1.5814999648555564e-05
2023-11-06 09:00:31+00:00,1.4039619807095624e-05
2023-11-06 10:00:35+00:00,1.6302448163527814e-05
2023-11-06 11:00:38+00:00,1.851954763955653e-05
2023-11-06 12:00:32+00:00,1.6700999571414744e-05
2023-11-06 13:00:36+00:00,4.122238100472684e-05
2023-11-06 14:00:36+00:00,2.9810484592411128e-05
2023-11-06 15:00:13+00:00,7.363719808748785e-05
2023-11-06 16:00:33+00:00,8.938828162129133e-05
2023-11-06 17:00:34+00:00,9.001539417182057e-05
2023-11-06 18:00:37+00:00,6.179548028693167e-05
2023-11-06 19:00:35+00:00,9.542325259331265e-05
2023-11-06 20:00:41+00:00,8.606079864421142e-05
2023-11-06 21:00:34+00:00,4.917380579794711e-05
2023-11-06 22:00:33+00:00,4.26544695448683e-05
2023-11-06 23:00:35+00:00,2.157490141929659e-05
2023-11-07 00:00:43+00:00,9.898637947418435e-06
2023-11-07 01:00:40+00:00,4.970508317317252e-06
2023-11-07 02:00:42+00:00,1.107388795831007e-05
2023-11-07 03:00:47+00:00,-7.211794817105684e-06
2023-11-07 04:00:44+00:00,-7.799539787017712e-06
2023-11-07 05:00:44+00:00,-1.9006456289177327e-05
2023-11-07 06:00:46+00:00,-6.147898573096904e-06
2023-11-07 07:00:45+00:00,-3.335112059765208e-06
2023-11-07 08:00:44+00:00,-1.104722355321301e-06
2023-11-07 09:00:49+00:00,-2.204895931568531e-06
2023-11-07 10:00:49+00:00,-3.9052874055820436e-05
2023-11-07 11:00:17+00:00,-1.9175299614056474e-05
2023-11-07 12:00:50+00:00,-6.213961060986364e-06
2023-11-07 13:00:23+00:00,-3.392452471740871e-06
2023-11-07 14:00:27+00:00,-7.366357125350617e-06
2023-11-07 15:00:51+00:00,6.231716443295462e-06
2023-11-07 16:00:53+00:00,1.029442042413012e-05
2023-11-07 17:00:58+00:00,4.127285484336951e-05
2023-11-07 18:01:10+00:00,6.69974163047661e-05
2023-11-07 19:00:52+00:00,5.454867787641996e-05
2023-11-07 20:00:54+00:00,3.510417091368696e-05
2023-11-07 21:01:12+00:00,4.788953354701721e-05
2023-11-07 22:01:04+00:00,2.984751811398291e-05
2023-11-07 23:00:58+00:00,2.7155465037338766e-05
2023-11-08 00:00:55+00:00,2.4929956749993204e-05
2023-11-08 01:00:59+00:00,2.6128816702805164e-05
2023-11-08 02:00:57+00:00,6.399608520124512e-05
2023-11-08 03:00:55+00:00,4.456390743273436e-05
2023-11-08 04:00:57+00:00,3.442389758179232e-05
2023-11-08 05:00:57+00:00,4.8523835319609966e-05
2023-11-08 06:00:56+00:00,3.446124635519089e-05
2023-11-08 07:01:03+00:00,5.3739205995763865e-05
2023-11-08 08:00:57+00:00,3.783175644536015e-05
2023-11-08 09:00:58+00:00,6.259134953716234e-05
2023-11-08 10:00:58+00:00,7.230390508346898e-05
2023-11-08 11:01:02+00:00,4.685659205312199e-05
2023-11-08 12:00:58+00:00,3.3522849173997e-05
2023-11-08 13:01:01+00:00,3.299771781447174e-05
2023-11-08 14:00:57+00:00,2.857949807676789e-05
2023-11-08 15:00:58+00:00,2.410400656770252e-05
2023-11-08 16:00:57+00:00,2.58904924058159e-05
2023-11-08 17:00:58+00:00,5.7823175086579795e-05
2023-11-08 18:00:59+00:00,3.847749568382875e-05
2023-11-08 19:00:56+00:00,1.880627938481154e-05
2023-11-08 20:00:57+00:00,1.268857366127601e-05
2023-11-08 21:00:56+00:00,1.2710290293477685e-05
2023-11-08 22:01:06+00:00,1.1633163156775152e-05
2023-11-08 23:00:56+00:00,1.1045547967910895e-05
2023-11-09 00:00:57+00:00,1.1023038547552568e-05
2023-11-09 01:01:00+00:00,1.3779683901199269e-05
2023-11-09 02:01:02+00:00,1.3174189128659131e-05
2023-11-09 03:00:58+00:00,6.565126050420168e-06
2023-11-09 04:00:58+00:00,7.100296611281728e-06
2023-11-09 05:01:05+00:00,8.706451402052421e-06
2023-11-09 06:01:07+00:00,7.075410007585467e-06
2023-11-09 07:01:17+00:00,4.350268462513226e-06
2023-11-09 08:01:22+00:00,4.356471911876291e-06
2023-11-09 09:01:28+00:00,6.000576474595812e-06
2023-11-09 10:01:39+00:00,9.285733022060175e-06
2023-11-09 11:01:22+00:00,8.204468481713881e-06
2023-11-09 12:01:23+00:00,9.34036939313984e-06
2023-11-09 13:03:04+00:00,1.1528934331190049e-05
2023-11-09 14:02:26+00:00,1.1531213347214717e-05
2023-11-09 15:02:26+00:00,1.4675572021185003e-05
2023-11-09 16:00:48+00:00,5.978097711876574e-06
2023-11-09 17:01:40+00:00,-2.2098020017406438e-05
2023-11-09 18:01:25+00:00,-1.7294096487223123e-05
2023-11-09 19:01:39+00:00,-3.840782122905028e-05
2023-11-09 20:01:23+00:00,-1.1102221847937457e-05
2023-11-09 21:00:31+00:00,-1.3483462350457424e-05
2023-11-09 22:00:32+00:00,-2.322457887962393e-06
2023-11-09 23:00:31+00:00,5.695710157812847e-07
2023-11-10 00:00:47+00:00,1.1423066336361134e-06
2023-11-10 01:00:34+00:00,6.238507117074168e-06
2023-11-10 02:00:34+00:00,3.94715425099018e-06
2023-11-10 03:00:36+00:00,6.193373901284651e-06
2023-11-10 04:00:33+00:00,-1.464720918595058e-05
2023-11-10 05:00:33+00:00,-2.8130156068269727e-06
2023-11-10 06:00:42+00:00,-5.532391477418398e-07
2023-11-10 07:01:34+00:00,4.481830417227456e-06
2023-11-10 08:00:33+00:00,2.795323209246069e-06
2023-11-10 09:00:33+00:00,2.2390072835176696e-06
2023-11-10 10:01:43+00:00,4.494655004859086e-06
2023-11-10 11:00:29+00:00,1.6820065665536358e-06
2023-11-10 12:01:41+00:00,3.908663532572196e-06
2023-11-10 13:00:37+00:00,3.3633795237454595e-06
2023-11-10 14:01:09+00:00,5.515274620320424e-07
2023-11-10 15:00:39+00:00,3.3353234910985674e-05
2023-11-10 16:00:31+00:00,2.0392626026428844e-05
2023-11-10 17:00:46+00:00,1.2394289966849335e-05
2023-11-10 18:00:36+00:00,7.872633483674075e-06
2023-11-10 19:03:02+00:00,7.869126837366878e-06
2023-11-10 20:00:38+00:00,6.179752540040209e-06
2023-11-10 21:01:03+00:00,3.9253695178095467e-05
2023-11-10 22:01:26+00:00,0.00013470401987896276
2023-11-10 23:01:35+00:00,9.98482306893522e-05
2023-11-11 00:01:38+00:00,0.000173274693736547
2023-11-11 01:00:38+00:00,0.0001881361974043806
2023-11-11 02:00:49+00:00,0.0001330713525306557
2023-11-11 03:00:35+00:00,9.933347383950684e-05
2023-11-11 04:00:36+00:00,0.00010625421197986178
2023-11-11 05:00:44+00:00,0.00015491917833504733
2023-11-11 06:00:01+00:00,0.00016641462122093397
2023-11-11 07:00:37+00:00,0.0001450319389017098
2023-11-11 08:00:41+00:00,0.00012033541914726523
2023-11-11 09:00:34+00:00,0.00010609475064614286
2023-11-11 10:00:34+00:00,0.00017078463471275747
2023-11-11 11:00:34+00:00,0.0001814508032128514
2023-11-11 12:00:41+00:00,0.00015192307692307692
2023-11-11 13:00:37+00:00,0.00021446732140186446
2023-11-11 14:00:53+00:00,0.00011933254467343252
2023-11-11 15:00:20+00:00,0.00012360359465766349
2023-11-11 16:00:37+00:00,0.00010071773003929539
2023-11-11 17:01:32+00:00,0.00011845110989720417
2023-11-11 18:00:32+00:00,8.504376792355955e-05
2023-11-11 19:00:40+00:00,0.00013185974656309028
2023-11-11 20:00:50+00:00,0.00014502788278004415
2023-11-11 21:00:35+00:00,9.885485220475293e-05
2023-11-11 22:00:58+00:00,7.950137460927203e-05
2023-11-11 23:00:42+00:00,8.658025113721316e-05
2023-11-12 00:01:46+00:00,0.00010629911215430145
2023-11-12 01:01:24+00:00,7.513750950007085e-05
2023-11-12 02:00:41+00:00,0.00012332450074323015
2023-11-12 03:00:34+00:00,0.00012465341810350387
2023-11-12 04:00:33+00:00,0.00013079783333118898
2023-11-12 05:00:35+00:00,0.00010248551191242757
2023-11-12 06:00:33+00:00,0.00013514209225700164
2023-11-12 07:01:12+00:00,0.00014402949724103497
2023-11-12 08:00:52+00:00,0.0001427157862688385
2023-11-12 09:00:40+00:00,0.00011252461002574588
2023-11-12 10:00:38+00:00,0.00010604304218537373
2023-11-12 11:00:40+00:00,0.00010355921724977606
2023-11-12 12:00:38+00:00,0.00013132115435530845
2023-11-12 13:00:37+00:00,0.00010027615211167693
2023-11-12 14:00:35+00:00,0.00011233911583659765
2023-11-12 15:01:28+00:00,0.00014131111308699683
2023-11-12 16:00:39+00:00,0.00010547943462717709
2023-11-12 17:00:42+00:00,9.422391434886485e-05
2023-11-12 18:00:49+00:00,9.054434628293662e-05
2023-11-12 19:00:37+00:00,0.00011478301170230571
2023-11-12 20:00:45+00:00,0.0001316042883738846
2023-11-12 21:00:49+00:00,0.00013388296442333543
2023-11-12 22:00:37+00:00,0.0001493329251804801
2023-11-12 23:00:39+00:00,0.0001268664322478724
2023-11-13 00:01:01+00:00,0.00010127553957754949
2023-11-13 01:00:47+00:00,0.00011738339779217786
2023-11-13 02:00:39+00:00,0.00011688394115182981
2023-11-13 03:00:37+00:00,0.00010821803253763114
2023-11-13 04:00:49+00:00,7.798318034972565e-05
2023-11-13 05:00:44+00:00,0.00010259999481556368
2023-11-13 06:00:40+00:00,0.00011872389700620618
2023-11-13 07:00:35+00:00,9.715744769547434e-05
2023-11-13 08:00:35+00:00,0.0001373594995197674
2023-11-13 09:01:00+00:00,0.0001299906788876806
2023-11-13 10:00:37+00:00,0.0001240654807940191
2023-11-13 11:00:35+00:00,0.00011538461538461538
2023-11-13 12:00:35+00:00,9.388238626852604e-05
2023-11-13 13:00:41+00:00,0.00011665655927020297
2023-11-13 14:00:42+00:00,9.29884538476424e-05
2023-11-13 15:01:18+00:00,9.752217882730258e-05
2023-11-13 16:01:23+00:00,8.33203469949613e-05
2023-11-13 17:02:38+00:00,8.752820353224927e-05
2023-11-13 18:01:28+00:00,6.546216286986122e-05
2023-11-13 19:00:43+00:00,7.226382866903166e-05
2023-11-13 20:00:36+00:00,0.00011857671222096898
2023-11-13 21:00:41+00:00,8.61333542680693e-05
2023-11-13 22:00:45+00:00,4.860972990174629e-05
2023-11-13 23:00:36+00:00,8.882552034752019e-05
2023-11-14 00:01:11+00:00,0.00011069573692572667
2023-11-14 01:01:13+00:00,5.843323938343695e-05
2023-11-14 02:00:43+00:00,0.00010835904968533966
2023-11-14 03:00:43+00:00,0.00011643623953672727
2023-11-14 04:00:35+00:00,0.00010924999331067881
2023-11-14 05:00:36+00:00,7.796877506282414e-05
2023-11-14 06:00:41+00:00,0.00010498880119453924
2023-11-14 07:00:50+00:00,7.27461747614224e-05
2023-11-14 08:00:37+00:00,9.595952872262531e-05
2023-11-14 09:00:42+00:00,6.874891872829139e-05
2023-11-14 10:00:36+00:00,6.60142467212569e-05
2023-11-14 11:00:41+00:00,5.801079083716011e-05
2023-11-14 12:00:40+00:00,5.464503042596349e-05
2023-11-14 13:00:40+00:00,6.507477282914308e-05
2023-11-14 14:01:18+00:00,0.00010127744618791694
2023-11-14 15:00:48+00:00,0.00011219172393468098
2023-11-14 16:01:01+00:00,6.78675767734292e-05
2023-11-14 17:00:44+00:00,0.00010264798136855
2023-11-14 18:00:36+00:00,6.724626673357837e-05
2023-11-14 19:01:11+00:00,1.7756932218309857e-05
2023-11-14 20:00:39+00:00,8.751843298739602e-05
2023-11-14 21:00:46+00:00,0.0001043376645057177
2023-11-14 22:00:51+00:00,0.00010983918189512829
2023-11-14 23:00:41+00:00,5.242125058768219e-05
2023-11-15 00:00:57+00:00,9.765921348469592e-06
2023-11-15 01:00:53+00:00,0.0
2023-11-15 02:00:45+00:00,-3.440682631434076e-06
2023-11-15 03:00:50+00:00,-7.4395962540739e-06
2023-11-15 04:00:45+00:00,-5.154639175257733e-06
2023-11-15 05:00:40+00:00,-6.28714977967521e-06
2023-11-15 06:00:40+00:00,-5.132697335103544e-06
2023-11-15 07:00:46+00:00,-6.254609018654577e-06
2023-11-15 08:00:40+00:00,-2.2596409076678056e-06
2023-11-15 09:00:42+00:00,-2.2510611176654056e-06
2023-11-15 10:00:40+00:00,-1.864356220848248e-05
2023-11-15 11:00:39+00:00,-1.0166596630112103e-05
2023-11-15 12:00:39+00:00,-2.236232352624205e-06
2023-11-15 13:01:14+00:00,-5.50498133677059e-07
2023-11-15 14:00:38+00:00,-1.062557930228497e-05
2023-11-15 15:00:42+00:00,-5.5877928218353754e-06
2023-11-15 16:01:28+00:00,5.51809531500249e-07
2023-11-15 17:00:41+00:00,-7.854919766642863e-06
2023-11-15 18:00:40+00:00,-1.124824457167549e-05
2023-11-15 19:01:28+00:00,1.1153365494443474e-06
2023-11-15 20:01:04+00:00,2.777036048064086e-06
2023-11-15 21:01:04+00:00,2.766766873287398e-06
2023-11-15 22:00:49+00:00,2.2077110292455215e-06
2023-11-15 23:00:51+00:00,2.7489228979991016e-06
2023-11-16 00:01:20+00:00,-1.6446719208452297e-06
2023-11-16 01:00:43+00:00,3.2772701650433253e-06
2023-11-16 02:01:04+00:00,1.083763138995887e-06
2023-11-16 03:00:38+00:00,2.7123594919542027e-06
2023-11-16 04:00:42+00:00,2.165885990892841e-06
2023-11-16 05:00:39+00:00,1.0821099840942868e-06
2023-11-16 06:00:52+00:00,1.630172537461365e-06
2023-11-16 07:00:47+00:00,3.259707408662998e-06
2023-11-16 08:00:53+00:00,2.1428202612691695e-06
2023-11-16 09:01:02+00:00,-3.8561402606750814e-05
2023-11-16 10:00:40+00:00,-1.0072711991748272e-05
2023-11-16 11:00:34+00:00,-5.724141378793181e-06
2023-11-16 12:00:47+00:00,-4.16882828133106e-05
2023-11-16 13:00:42+00:00,-5.180432241537963e-05
2023-11-16 14:00:44+00:00,-3.611400721024005e-05
2023-11-16 15:00:50+00:00,-2.157655381505811e-05
2023-11-16 16:00:54+00:00,-2.1257591997141836e-05
2023-11-16 17:00:43+00:00,4.285824602949882e-06
2023-11-16 18:00:42+00:00,1.1704125832130125e-05
2023-11-16 19:00:46+00:00,1.7375810344609708e-05
2023-11-16 20:00:43+00:00,4.764324736374031e-06
2023-11-16 21:00:56+00:00,1.3642375763683316e-05
2023-11-16 22:00:12+00:00,1.3648565199309381e-05
2023-11-16 23:01:06+00:00,1.418323478611682e-05
2023-11-17 00:00:56+00:00,2.171756987005061e-05
2023-11-17 01:00:48+00:00,0.00017312147461724417
2023-11-17 02:00:52+00:00,0.0003506333216975016
2023-11-17 03:00:41+00:00,0.00035336951549692783
2023-11-17 04:00:43+00:00,0.0004399650078239548
2023-11-17 05:00:43+00:00,0.0005650480905059638
2023-11-17 06:00:45+00:00,0.0006360934078704326
2023-11-17 07:00:33+00:00,0.0007170858439245725
2023-11-17 08:00:42+00:00,0.0007515202170700389
2023-11-17 09:00:56+00:00,0.0007729214787510322
2023-11-17 10:00:37+00:00,0.0007899079025897276
2023-11-17 11:00:42+00:00,0.0006507586077316924
2023-11-17 12:00:42+00:00,0.000639441593685932
2023-11-17 13:00:51+00:00,0.0005417651694247439
2023-11-17 14:01:03+00:00,0.0005828513505455846
2023-11-17 15:01:22+00:00,0.0005289455798825186
2023-11-17 16:01:17+00:00,0.00042822411316167534
2023-11-17 17:00:55+00:00,0.0004392539440703789
2023-11-17 18:00:42+00:00,0.00044212024969882813
2023-11-17 19:00:39+00:00,0.00042526752645103696
2023-11-17 20:00:15+00:00,0.0004428488889958834
2023-11-17 21:00:30+00:00,0.000409209623647502
2023-11-17 22:00:20+00:00,0.00046511150801313003
2023-11-17 23:00:24+00:00,0.00046531113309416827
2023-11-18 00:00:30+00:00,0.00036197039245841205
2023-11-18 01:00:30+00:00,0.0005872451010231078
2023-11-18 02:00:26+00:00,0.0007966904455619226
2023-11-18 03:00:28+00:00,0.0006455323294327532
2023-11-18 04:00:33+00:00,0.0004748777181919971
2023-11-18 05:00:39+00:00,0.0004156494227091351
2023-11-18 06:00:27+00:00,0.00035116453973521795
2023-11-18 07:00:33+00:00,0.0003556247445483615
2023-11-18 08:00:24+00:00,0.00033855334538878843
2023-11-18 09:00:25+00:00,0.00037818754323608696
2023-11-18 10:00:31+00:00,0.0003371018447120233
2023-11-18 11:00:32+00:00,0.00031643526759226297
2023-11-18 12:00:26+00:00,0.00024715549188382804
2023-11-18 13:00:29+00:00,0.000162675757289799
2023-11-18 14:00:27+00:00,0.00014332948398468364
2023-11-18 15:00:26+00:00,0.00022339032465286355
2023-11-18 16:00:32+00:00,0.00025311496547192504
2023-11-18 17:00:35+00:00,0.00026233856374408167
2023-11-18 18:00:28+00:00,0.0002697416653205263
2023-11-18 19:00:26+00:00,0.00029795913291131367
2023-11-18 20:00:12+00:00,0.00021843390733705038
2023-11-18 21:00:26+00:00,0.0002645477857776901
2023-11-18 22:02:17+00:00,0.00024264042234888294
2023-11-18 23:00:22+00:00,0.0002252141679374171
2023-11-19 00:00:32+00:00,0.00021443222077195597
2023-11-19 01:00:36+00:00,0.0002276355525481498
2023-11-19 02:00:26+00:00,0.00022992515539769123
2023-11-19 03:00:23+00:00,0.0002872233336306528
2023-11-19 04:00:32+00:00,0.00025291064665450974
2023-11-19 05:00:17+00:00,0.000213840883330574
2023-11-19 06:00:26+00:00,0.00023166573362512087
2023-11-19 07:00:44+00:00,0.00025616076418881153
2023-11-19 08:00:42+00:00,0.0002296412408666852
2023-11-19 09:00:28+00:00,0.0002484400015127258
2023-11-19 10:00:39+00:00,0.0002592578568723968
2023-11-19 11:00:38+00:00,0.0002325696453036992
2023-11-19 12:00:39+00:00,0.0002378925367047308
2023-11-19 13:00:40+00:00,0.0002745055561219288
2023-11-19 14:00:39+00:00,0.00024345069884671198
2023-11-19 15:00:45+00:00,0.0002330005362204121
2023-11-19 16:00:39+00:00,0.0002952667934983848
2023-11-19 17:00:48+00:00,0.00028028691187524684
2023-11-19 18:00:42+00:00,0.0002953272930876514
2023-11-19 19:00:46+00:00,0.0002016426585797321
2023-11-19 20:00:49+00:00,0.0002504978645057051
2023-11-19 21:00:57+00:00,0.00022849630649805934
2023-11-19 22:00:12+00:00,0.00021567963902989284
2023-11-19 23:00:30+00:00,0.0002287322245113311
2023-11-20 00:01:08+00:00,0.00022464618226293587
2023-11-20 01:01:07+00:00,0.0002685508402732758
2023-11-20 02:01:08+00:00,0.0003346344748459831
2023-11-20 03:01:05+00:00,0.00032843583571348395
2023-11-20 04:01:05+00:00,0.0002772534332084894
2023-11-20 05:01:21+00:00,0.0002866365075210927
2023-11-20 06:01:16+00:00,0.0002677126136222139
2023-11-20 07:00:05+00:00,0.00022957996990012313
2023-11-20 08:01:18+00:00,0.00021930498105169298
2023-11-20 09:01:32+00:00,0.00022880305434351447
2023-11-20 10:01:23+00:00,0.0002456372355151275
2023-11-20 11:00:50+00:00,0.00024432126808552663
2023-11-20 12:01:34+00:00,0.00023762498456980622
2023-11-20 13:01:36+00:00,0.00020237568245536376
2023-11-20 14:00:06+00:00,0.00022582875486141122
2023-11-20 15:01:24+00:00,0.0002278758867007292
2023-11-20 16:01:00+00:00,0.0002135464495793105
2023-11-20 17:00:34+00:00,0.0002162441349612316
2023-11-20 18:01:25+00:00,0.00022996792879695694
2023-11-20 19:01:07+00:00,0.0002012699203187251
2023-11-20 20:01:02+00:00,0.00019801893517765797
2023-11-20 21:01:01+00:00,0.00018780604173467596
2023-11-20 22:00:39+00:00,0.00017546997488393333
2023-11-20 23:00:54+00:00,0.00018816175532593442
2023-11-21 00:01:08+00:00,0.0001957348216228671
2023-11-21 01:01:23+00:00,0.00020901156838656838
2023-11-21 02:01:35+00:00,0.00020896074728191517
2023-11-21 03:00:40+00:00,0.00017375850121904274
2023-11-21 04:01:48+00:00,0.00020068440082644627
2023-11-21 05:00:01+00:00,0.0001829023528040711
2023-11-21 06:01:47+00:00,0.00018870936344169749
2023-11-21 07:01:03+00:00,0.00020265362766205806
2023-11-21 08:00:01+00:00,0.0001834822940823931
2023-11-21 09:01:58+00:00,0.00021453711187006282
2023-11-21 10:01:02+00:00,0.00022875944241102717
2023-11-21 11:01:47+00:00,0.00024200558832660667
2023-11-21 12:00:03+00:00,0.0001885625364715036
2023-11-21 13:01:50+00:00,0.00021400778210116733
2023-11-21 14:00:59+00:00,0.00019762320502462796
2023-11-21 15:00:00+00:00,0.0001715353349940999
2023-11-21 16:00:01+00:00,0.00015935258463248723
2023-11-21 17:00:04+00:00,0.00018433703116745907
2023-11-21 18:02:10+00:00,0.00019127227374650055
2023-11-21 19:02:25+00:00,0.00022525556062354108
2023-11-21 20:01:02+00:00,0.0001729142122737496
2023-11-21 21:00:07+00:00,0.00013603955382011538
2023-11-21 22:00:02+00:00,0.00019944
2023-11-21 23:01:28+00:00,0.0001807447774750227
2023-11-22 00:01:33+00:00,0.0002414451279797869
2023-11-22 01:01:55+00:00,0.0002546837524840677
2023-11-22 02:01:03+00:00,0.00026437188529724134
2023-11-22 03:00:59+00:00,0.0002658889837282716
2023-11-22 04:01:03+00:00,0.0002612876254180602
2023-11-22 05:00:05+00:00,0.00026082683790369264
2023-11-22 06:00:06+00:00,0.00025096467994137973
2023-11-22 07:01:52+00:00,0.00026417882378227347
2023-11-22 08:01:53+00:00,0.00026371662388970264
2023-11-22 09:00:02+00:00,0.0002528869910838973
2023-11-22 10:01:02+00:00,0.00026093253409502354
2023-11-22 11:01:52+00:00,0.00023926956568407778
2023-11-22 12:01:50+00:00,0.000236057782670569
2023-11-22 13:01:00+00:00,0.00023736647631844137
2023-11-22 14:02:02+00:00,0.000241680955953274
2023-11-22 15:00:06+00:00,0.00022278056951423788
2023-11-22 16:02:29+00:00,0.00022340625671898518
2023-11-22 17:01:04+00:00,0.000252116512148981
2023-11-22 18:01:58+00:00,0.00025153595469601457
2023-11-22 19:00:00+00:00,0.00019124182486302915
2023-11-22 20:01:02+00:00,0.00017944619124369172
2023-11-22 21:01:05+00:00,0.00015419871457169953
2023-11-22 22:01:11+00:00,0.00017870493028868223
2023-11-22 23:00:43+00:00,6.017041500912469e-05
2023-11-23 00:00:00+00:00,9.60783280183433e-05
2023-11-23 01:00:36+00:00,0.0001518933840525155
2023-11-23 02:00:23+00:00,0.0001925279412345484
2023-11-23 03:00:24+00:00,0.0001797613880009997
2023-11-23 04:00:11+00:00,0.00018143187917697207
2023-11-23 05:00:26+00:00,0.00019712201852946975
2023-11-23 06:00:26+00:00,0.00015772663345644774
2023-11-23 07:01:31+00:00,0.0001624130847029077
2023-11-23 08:00:09+00:00,0.00015034504556708634
2023-11-23 09:01:38+00:00,0.0001726837354945662
2023-11-23 10:00:55+00:00,0.00015596679713152434
2023-11-23 11:02:04+00:00,0.0001454099371547777
2023-11-23 12:01:34+00:00,0.00014255447941888619
2023-11-23 13:02:07+00:00,0.00015994776139091892
2023-11-23 14:00:23+00:00,0.0001975722833480828
2023-11-23 15:00:44+00:00,0.0001743906625472022
2023-11-23 16:00:13+00:00,0.00016721854304635762
2023-11-23 17:00:35+00:00,0.0001970198675496689
2023-11-23 18:00:56+00:00,0.0001976166569782804
2023-11-23 19:01:19+00:00,0.0001938885812966332
2023-11-23 20:01:37+00:00,0.00016323058050730083
2023-11-23 21:00:45+00:00,0.00018772724877483268
2023-11-23 22:01:47+00:00,0.00020201555684027964
2023-11-23 23:01:40+00:00,0.00018109832965647655
2023-11-24 00:01:43+00:00,0.00017006142054701035
2023-11-24 01:01:40+00:00,0.0002024517379574089
2023-11-24 02:01:41+00:00,0.00022552203571102504
2023-11-24 03:00:39+00:00,0.00022478614700605808
2023-11-24 04:00:41+00:00,0.0002114259016521096
2023-11-24 05:01:42+00:00,0.0001887338568369135
2023-11-24 06:00:38+00:00,0.00018393580554689935
2023-11-24 07:01:40+00:00,0.00021769457157303805
2023-11-24 08:00:40+00:00,0.00022299210155512752
2023-11-24 09:01:39+00:00,0.00018491807508708554
2023-11-24 10:01:45+00:00,0.00020104478956239788
2023-11-24 11:00:40+00:00,0.00017346610986186957
2023-11-24 12:00:00+00:00,0.00018560576799279
2023-11-24 13:00:20+00:00,0.00019581536084465335
2023-11-24 14:01:52+00:00,0.00018119055914727781
2023-11-24 15:01:48+00:00,0.00018312735922229692
2023-11-24 16:00:02+00:00,0.00020644521949524458
2023-11-24 17:01:44+00:00,0.00019933896626670266
2023-11-24 18:01:42+00:00,0.00021386212485688925
2023-11-24 19:00:59+00:00,0.00019915996701710986
2023-11-24 20:01:44+00:00,0.00017214310614178921
2023-11-24 21:01:43+00:00,0.00016015065719039817
2023-11-24 22:21:38+00:00,0.00015818125659571182
2023-11-25 00:01:01+00:00,0.00016793551276309896
2023-11-25 01:00:48+00:00,0.00018151621227993972
2023-11-25 02:00:53+00:00,0.00019648418135828047
2023-11-25 03:00:51+00:00,0.000182770206022187
2023-11-25 04:00:51+00:00,0.00013867199858265527
2023-11-25 05:00:52+00:00,0.0001604306523115896
2023-11-25 06:00:51+00:00,0.0001746164787158387
2023-11-25 07:00:54+00:00,0.00015020881729438797
2023-11-25 08:00:53+00:00,0.0001542890478364531
2023-11-25 09:00:57+00:00,0.00015739966025202202
2023-11-25 10:00:57+00:00,0.00016951673807737784
2023-11-25 11:01:02+00:00,0.00017063431312512757
2023-11-25 12:00:53+00:00,0.00016699961582789088
2023-11-25 13:00:54+00:00,0.00016626167029031846
2023-11-25 14:01:04+00:00,0.0001645682878507062
2023-11-25 15:00:58+00:00,0.00016679670013429685
2023-11-25 16:01:01+00:00,0.00017793803623716547
2023-11-25 17:01:03+00:00,0.00017381708701697988
2023-11-25 18:00:01+00:00,0.0001822678891615906
2023-11-25 19:00:54+00:00,0.00015706307907094807
2023-11-25 20:01:03+00:00,0.00016290908167669536
2023-11-25 21:01:06+00:00,0.00016850431752572076
2023-11-25 22:00:02+00:00,0.00015087411698937848
2023-11-25 23:00:00+00:00,0.00011689581191047468
2023-11-26 00:00:55+00:00,9.825175268449144e-05
2023-11-26 01:00:07+00:00,0.00010302154259703043
2023-11-26 02:00:59+00:00,0.00014414540459413395
2023-11-26 03:01:01+00:00,0.00010989921127406633
2023-11-26 04:00:05+00:00,0.00012586191514039178
2023-11-26 05:00:57+00:00,0.000121598715318048
2023-11-26 06:00:58+00:00,0.00011980558312339364
2023-11-26 07:01:00+00:00,0.00013697757390417943
2023-11-26 08:01:03+00:00,0.00012328924375964594
2023-11-26 09:00:57+00:00,0.00013995606416675183
2023-11-26 10:00:56+00:00,0.00014285714285714287
2023-11-26 11:00:57+00:00,0.000144687776311237
2023-11-26 12:00:58+00:00,0.00014328611025562056
2023-11-26 13:01:05+00:00,0.00012732735817560798
2023-11-26 14:01:00+00:00,0.0001215072136075746
2023-11-26 15:00:57+00:00,0.0001303407525649773
2023-11-26 16:00:33+00:00,0.00010737433478938756
2023-11-26 17:00:58+00:00,0.00012822676985404873
2023-11-26 18:01:03+00:00,9.060721680361492e-05
2023-11-26 19:01:22+00:00,9.13015690826801e-05
2023-11-26 20:01:08+00:00,7.919747942922612e-05
2023-11-26 21:00:59+00:00,9.667634553562169e-05
2023-11-26 22:01:01+00:00,9.278537393826394e-05
2023-11-26 23:01:05+00:00,0.00010149372994290576
2023-11-27 00:00:12+00:00,6.615697875446617e-05
2023-11-27 01:00:17+00:00,6.123767770710321e-05
2023-11-27 02:01:00+00:00,9.921720626234989e-05
2023-11-27 03:00:58+00:00,0.00012096671505335269
2023-11-27 04:00:59+00:00,0.0001378424985629431
2023-11-27 05:00:17+00:00,0.00010194329404268874
2023-11-27 06:00:15+00:00,4.932735426008969e-05
2023-11-27 07:00:20+00:00,4.5153334495901944e-05
2023-11-27 08:01:03+00:00,7.1296606281541e-05
2023-11-27 09:00:14+00:00,8.981998835437393e-05
2023-11-27 10:00:18+00:00,0.00010162783751493427
2023-11-27 11:00:48+00:00,2.878502324412615e-05
2023-11-27 12:00:37+00:00,0.00012102650888470718
2023-11-27 13:01:42+00:00,0.0001354191696280652
2023-11-27 14:00:43+00:00,0.00016836198269637586
2023-11-27 15:01:36+00:00,0.00013482215654300858
2023-11-27 16:02:10+00:00,0.00013322589309696482
2023-11-27 17:00:40+00:00,0.00015931633582692825
2023-11-27 18:01:30+00:00,0.0001635803258562038
2023-11-27 19:01:55+00:00,0.00016855968758773833
2023-11-27 20:00:41+00:00,0.00012664315485732606
2023-11-27 21:01:35+00:00,0.0001311826569456094
2023-11-27 22:16:57+00:00,9.076728716547207e-05
2023-11-27 23:01:18+00:00,0.0001667374380750177
2023-11-28 00:00:25+00:00,0.00017467215419617065
2023-11-28 01:01:08+00:00,0.00015762346070839149
2023-11-28 02:01:06+00:00,0.00014156105257800172
2023-11-28 03:01:10+00:00,0.00013882151701600755
2023-11-28 04:01:09+00:00,0.00015398092022813882
2023-11-28 05:01:09+00:00,0.00014571937331061605
2023-11-28 06:01:16+00:00,0.0001317620332244782
2023-11-28 07:01:09+00:00,0.00014897379630824837
2023-11-28 08:01:16+00:00,0.00014169888663313206
2023-11-28 09:01:10+00:00,0.00014405583539435688
2023-11-28 10:01:47+00:00,0.00017249052356495075
2023-11-28 11:01:47+00:00,0.00014808209263854425
2023-11-28 12:01:57+00:00,0.00018821424894471328
2023-11-28 13:03:47+00:00,0.0001434775904605263
2023-11-28 14:01:43+00:00,0.00016839012624448322
2023-11-28 15:01:53+00:00,0.00018464168143833884
2023-11-28 16:01:46+00:00,0.00017244936469996223
2023-11-28 17:01:48+00:00,0.00014973703981968444
2023-11-28 18:00:29+00:00,0.00017482848355807902
2023-11-28 19:01:52+00:00,0.00012686734110511794
2023-11-28 20:01:51+00:00,0.00013780198192149404
2023-11-28 21:01:44+00:00,0.00016130233019827779
2023-11-28 22:01:47+00:00,0.00014890554424976422
2023-11-28 23:01:50+00:00,0.00014753385513728413
2023-11-29 00:01:57+00:00,0.00015707624386130265
2023-11-29 01:01:44+00:00,0.00014031025987049808
2023-11-29 02:01:44+00:00,0.0001308336114922919
2023-11-29 03:00:22+00:00,0.00012622727834796587
2023-11-29 04:00:12+00:00,0.00013372244321350235
2023-11-29 05:00:23+00:00,0.00014132735803508426
2023-11-29 06:02:25+00:00,0.00014833677392239516
2023-11-29 07:00:40+00:00,0.00014253427195257503
2023-11-29 08:00:25+00:00,0.000134335548583146
2023-11-29 09:04:19+00:00,0.00011734769504422156
2023-11-29 10:00:24+00:00,0.00011752189618486813
2023-11-29 11:01:23+00:00,0.0001249237966084825
2023-11-29 12:00:38+00:00,0.00016915949537342617
2023-11-29 13:12:17+00:00,0.00014277846451344437
2023-11-29 14:16:52+00:00,0.00011832675149919553
2023-11-29 15:05:29+00:00,9.609863820390136e-05
2023-11-29 16:00:10+00:00,0.00013790633336626816
2023-11-29 17:01:17+00:00,0.00014075463261960355
2023-11-29 18:01:01+00:00,0.0001484303490587042
2023-11-29 19:01:08+00:00,0.0001705188417588107
2023-11-29 20:01:02+00:00,0.00017382903837160648
2023-11-29 21:00:03+00:00,0.00012499691365645292
2023-11-29 22:00:11+00:00,0.0001391741099042482
2023-11-29 23:10:49+00:00,0.00012293882813856034
2023-11-30 00:08:03+00:00,0.00010544989889215576
2023-11-30 01:00:07+00:00,0.00015466085966692238
2023-11-30 02:01:11+00:00,0.00018557222523811874
2023-11-30 03:00:34+00:00,0.00019066363244972016
2023-11-30 04:00:35+00:00,0.00015879611984705606
2023-11-30 05:00:38+00:00,0.00018237212495708893
2023-11-30 06:00:37+00:00,0.00017464519449959557
2023-11-30 07:00:35+00:00,0.0001810304622106581
2023-11-30 08:00:16+00:00,0.0001419224407278074
2023-11-30 09:04:46+00:00,7.697390155269244e-05
2023-11-30 10:00:42+00:00,0.0001190926968693889
2023-11-30 11:00:12+00:00,0.00013061403722768413
2023-11-30 12:00:12+00:00,0.00011814892680780327
2023-11-30 13:00:15+00:00,0.00013555694174341662
2023-11-30 14:02:08+00:00,0.00014086587166937226
2023-11-30 15:00:05+00:00,0.00013276252097978644
2023-11-30 16:06:36+00:00,1.2649921621523095e-05
2023-11-30 17:00:20+00:00,0.0001028283854733735
2023-11-30 18:00:33+00:00,0.00015510615813238543
2023-11-30 19:00:43+00:00,0.00013386242117630133
2023-11-30 20:00:42+00:00,0.00017338579860490074
2023-11-30 21:00:48+00:00,0.0001314044749196641
2023-11-30 22:00:32+00:00,0.00011650066002640105
2023-11-30 23:01:15+00:00,0.00010653238584529699
2023-12-01 00:00:53+00:00,0.0001184592500179938
2023-12-01 01:00:58+00:00,0.00010134020494418824
2023-12-01 02:00:07+00:00,0.00012313347668873058
2023-12-01 03:00:48+00:00,0.00012910211162289883
2023-12-01 04:01:17+00:00,0.00024718591465234255
2023-12-01 05:01:30+00:00,0.00025305451687427066
2023-12-01 06:12:52+00:00,0.00017733498192885677
2023-12-01 07:01:52+00:00,0.0002450785067122053
2023-12-01 08:01:59+00:00,0.00020629449320682752
2023-12-01 09:00:22+00:00,0.00020075478863544656
2023-12-01 10:00:22+00:00,0.0002730294396961064
2023-12-01 11:00:21+00:00,0.00019194053951367783
2023-12-01 12:01:17+00:00,0.00018249443578238257
2023-12-01 13:01:17+00:00,0.0001851586391437309
2023-12-01 14:00:41+00:00,0.0002206698220597927
2023-12-01 15:01:18+00:00,0.0002173489747349696
2023-12-01 16:00:43+00:00,0.00025884902480134844
2023-12-01 17:01:49+00:00,0.0002624475104979004
2023-12-01 18:01:10+00:00,0.0002228298099919478
2023-12-01 19:01:15+00:00,0.00026003672631692647
2023-12-01 20:00:46+00:00,0.0001364530601473093
2023-12-01 21:00:02+00:00,4.6460601410004316e-05
2023-12-01 22:00:58+00:00,2.246289130356651e-05
2023-12-01 23:00:10+00:00,1.2444263804047673e-05
2023-12-02 00:00:28+00:00,0.00010631752164269871
2023-12-02 01:03:01+00:00,0.00015697355557145243
2023-12-02 02:00:51+00:00,0.00014661721174078962
2023-12-02 03:07:05+00:00,0.0002851846570654499
2023-12-02 04:36:41+00:00,0.0001127998100213726
2023-12-02 06:00:18+00:00,0.000128476381361259
2023-12-02 07:06:00+00:00,3.4588695806891645e-05
2023-12-02 08:02:42+00:00,4.409875838447266e-05
2023-12-02 09:00:44+00:00,0.00011350496086035834
2023-12-02 10:54:33+00:00,7.088384709647484e-05
2023-12-02 12:00:48+00:00,9.385726544622425e-05
2023-12-02 13:00:12+00:00,0.00011956275824293589
2023-12-02 14:00:32+00:00,0.00012123371456396004
2023-12-02 15:02:53+00:00,-1.9752263776014087e-06
2023-12-02 16:00:59+00:00,9.907382087529277e-05
2023-12-02 18:36:44+00:00,0.00018154295483687136
2023-12-02 20:00:15+00:00,5.5892216273460024e-05
2023-12-02 21:00:30+00:00,6.286843828951062e-05
2023-12-02 22:00:58+00:00,8.984625426909582e-05
2023-12-02 23:00:52+00:00,7.944702175404327e-05
2023-12-03 00:00:15+00:00,5.657552687772723e-05
2023-12-03 01:00:18+00:00,0.00012506519244810682
2023-12-03 02:31:46+00:00,-9.495823596103566e-05
2023-12-03 04:00:09+00:00,8.051597280432151e-05
2023-12-03 05:00:14+00:00,2.4269186405527266e-05
2023-12-03 06:00:28+00:00,1.5065056304335144e-05
2023-12-03 07:01:00+00:00,1.121333426972868e-05
2023-12-03 08:00:15+00:00,1.3170834504074178e-05
2023-12-03 09:00:34+00:00,1.3186890472618155e-05
2023-12-03 10:00:50+00:00,1.2711715201239482e-05
2023-12-03 11:00:51+00:00,1.3219120135363791e-05
2023-12-03 12:00:29+00:00,1.3732187021552231e-05
2023-12-03 13:00:19+00:00,1.1301567827102528e-05
2023-12-03 14:00:06+00:00,1.182382500738989e-05
2023-12-03 15:00:21+00:00,1.2345386193565221e-05
2023-12-03 16:00:16+00:00,1.3860656419766293e-05
2023-12-03 17:01:03+00:00,1.3374228752808589e-05
2023-12-03 18:01:05+00:00,1.3872859879356089e-05
2023-12-03 19:00:50+00:00,1.2849566341966945e-05
2023-12-03 20:00:21+00:00,1.3778597088296463e-05
2023-12-03 21:00:55+00:00,1.4706228381844279e-05
2023-12-03 22:00:52+00:00,1.372491318933553e-05
2023-12-03 23:00:45+00:00,1.3179783968696549e-05
2023-12-04 00:00:22+00:00,9.24097807166139e-06
2023-12-04 01:00:37+00:00,1.0207533743190117e-05
2023-12-04 02:00:38+00:00,9.669967379821924e-06
2023-12-04 03:00:02+00:00,8.689204532289084e-06
2023-12-04 04:00:58+00:00,9.633176056989546e-06
2023-12-04 05:00:08+00:00,4.6933846171457353e-07
2023-12-04 06:00:33+00:00,8.472087296387503e-06
2023-12-04 07:00:45+00:00,8.834237977171703e-06
2023-12-04 08:01:17+00:00,1.2517106712507094e-05
2023-12-04 09:00:17+00:00,9.237388691129668e-06
2023-12-04 10:10:18+00:00,-2.0884849294927488e-05
2023-12-04 11:00:06+00:00,5.11001026464944e-06
2023-12-04 12:00:00+00:00,-9.396368247067881e-07
2023-12-04 13:00:15+00:00,2.0330555997003202e-05
2023-12-04 14:02:56+00:00,3.507594288639854e-05
2023-12-04 15:34:55+00:00,0.00014485673384989433
2023-12-04 17:01:14+00:00,0.00010827147521720954
2023-12-04 18:09:43+00:00,7.5227886277123265e-06
2023-12-04 19:03:53+00:00,5.411235853531817e-05
2023-12-04 20:00:47+00:00,3.5245023402695545e-05
2023-12-04 21:10:52+00:00,0.000116091992764614
2023-12-04 22:01:34+00:00,3.224323172509701e-05
2023-12-04 23:01:02+00:00,7.360406091370558e-05
2023-12-05 00:00:28+00:00,0.0001038708894551632
2023-12-05 01:05:57+00:00,4.2591310273573604e-05
2023-12-05 02:00:07+00:00,9.794292272717241e-05
2023-12-05 03:00:04+00:00,5.499295673103586e-05
2023-12-05 05:07:03+00:00,-9.27954921515138e-07
2023-12-05 06:00:56+00:00,0.00012721052807523875
2023-12-05 07:16:18+00:00,9.272292602274505e-07
2023-12-05 08:08:51+00:00,3.236009184638242e-05
2023-12-05 10:18:19+00:00,0.00018013083139047965
2023-12-05 11:00:38+00:00,9.112234259553057e-05
2023-12-05 12:01:03+00:00,0.00013099681074845628
2023-12-05 13:01:04+00:00,7.73088643749508e-05
2023-12-05 14:00:52+00:00,2.942759130961189e-05
2023-12-05 15:00:52+00:00,5.226605730671864e-05
2023-12-05 16:00:08+00:00,0.00010409672418216091
2023-12-05 17:01:03+00:00,0.00010516294721927028
2023-12-05 18:01:46+00:00,6.0411014575530244e-05
2023-12-05 19:00:22+00:00,9.994765996423431e-05
2023-12-05 20:00:27+00:00,0.00012400171287870677
2023-12-05 21:00:15+00:00,0.00012080845691296998
2023-12-05 22:00:09+00:00,9.430278585297303e-05
2023-12-05 23:07:35+00:00,0.00014157041659098438
2023-12-06 00:02:01+00:00,0.00010646339256246741
2023-12-06 01:02:04+00:00,0.0001582605935565783
2023-12-06 02:00:53+00:00,0.0001554688978116
2023-12-06 03:01:27+00:00,0.00015787147157261035
2023-12-06 04:00:49+00:00,0.00018882003288225621
2023-12-06 05:00:29+00:00,0.00018688001335155264
2023-12-06 06:01:33+00:00,0.00014108396286614108
2023-12-06 07:03:11+00:00,0.0002888424295774648
2023-12-06 08:00:53+00:00,0.0004068339405335527
2023-12-06 09:00:52+00:00,0.000306366565765062
2023-12-06 10:00:03+00:00,0.00014103274877690563
2023-12-06 11:00:13+00:00,0.000333449880054
2023-12-06 12:00:06+00:00,0.00045758824866799124
2023-12-06 13:01:14+00:00,0.0005215525744722825
2023-12-06 14:00:44+00:00,0.0005327320394427923
2023-12-06 15:00:44+00:00,0.0005571703063583252
2023-12-06 16:01:11+00:00,0.0005328679865712346
2023-12-06 17:02:56+00:00,0.0006198408456559179
2023-12-06 18:00:41+00:00,0.0006320266124855584
2023-12-06 19:00:48+00:00,0.0005710461968826412
2023-12-06 20:00:41+00:00,0.000570847751737775
2023-12-06 21:01:24+00:00,0.0006133898579464973
2023-12-06 22:03:17+00:00,0.0008265451379998977
2023-12-06 23:00:22+00:00,0.0009393175150548149
2023-12-07 00:00:25+00:00,0.0008885341679707877
2023-12-07 01:01:19+00:00,0.000754385599182814
2023-12-07 02:01:20+00:00,0.0007491377971104552
2023-12-07 03:00:13+00:00,0.0007203214127306671
2023-12-07 04:00:16+00:00,0.000703455872512585
2023-12-07 05:00:19+00:00,0.0006797411136223547
2023-12-07 06:01:20+00:00,0.0006661539092624497
2023-12-07 07:01:23+00:00,0.0006085784817938696
2023-12-07 08:01:25+00:00,0.0006270560521740919
2023-12-07 09:01:26+00:00,0.0005428713239856061
2023-12-07 10:01:35+00:00,0.00046487333507443194
2023-12-07 11:00:26+00:00,0.0005654528596114131
2023-12-07 12:03:23+00:00,0.0007120137045692472
2023-12-07 13:01:38+00:00,0.0006957058972625888
2023-12-07 14:00:29+00:00,0.0004924118411186331
2023-12-07 15:01:36+00:00,0.0005392654681347451
2023-12-07 16:00:50+00:00,0.00047585262893922933
2023-12-07 17:01:53+00:00,0.0005074600521217282
2023-12-07 18:02:07+00:00,0.0005045944741994634
2023-12-07 19:00:31+00:00,0.0005119112073632919
2023-12-07 20:01:14+00:00,0.0004930266313265178
2023-12-07 21:00:42+00:00,0.0005086762834111158
2023-12-07 22:01:12+00:00,0.0005287569573283859
2023-12-07 23:01:05+00:00,0.000572518761230314
2023-12-08 00:01:02+00:00,0.0007993339146696363
2023-12-08 01:00:52+00:00,0.0007345726691996159
2023-12-08 02:00:30+00:00,0.0006229294853775599
2023-12-08 03:01:35+00:00,0.0005571927708337666
2023-12-08 04:00:32+00:00,0.0004376062704765065
2023-12-08 05:01:14+00:00,0.0005140115401319463
2023-12-08 06:00:27+00:00,0.0005522711109736866
2023-12-08 07:00:38+00:00,0.0004956967908444984
2023-12-08 08:01:15+00:00,0.0003979643242687503
2023-12-08 09:00:52+00:00,0.0003554441894687014
2023-12-08 10:01:00+00:00,0.0004010759669789444
2023-12-08 11:00:32+00:00,0.0003309324428461341
2023-12-08 12:01:47+00:00,0.00030799078576913233
2023-12-08 13:00:00+00:00,0.00031653647827640786
2023-12-08 14:01:19+00:00,0.00030789936952427743
2023-12-08 15:02:51+00:00,0.00034540387128389414
2023-12-08 16:03:01+00:00,0.00035822628785640794
2023-12-08 17:00:38+00:00,0.0004133177332383762
2023-12-08 18:01:20+00:00,0.00037121358679604536
2023-12-08 19:02:05+00:00,0.0003822008675070853
2023-12-08 20:01:19+00:00,0.00037262809784033394
2023-12-08 21:02:06+00:00,0.00033562144150815017
2023-12-08 22:01:05+00:00,0.0003916950789302536
2023-12-08 23:01:17+00:00,0.0003254086912045325
2023-12-09 00:01:47+00:00,0.00030742254839186324
2023-12-09 01:01:04+00:00,0.00030651607468213076
2023-12-09 02:00:36+00:00,0.00029311630462510547
2023-12-09 03:00:32+00:00,0.0002575572939187861
2023-12-09 04:00:36+00:00,0.0002885464928348238
2023-12-09 05:00:30+00:00,0.0003137983711675245
2023-12-09 06:01:36+00:00,0.00025410544511668106
2023-12-09 07:01:10+00:00,0.0002602407063828961
2023-12-09 08:00:32+00:00,0.0003152875770942118
2023-12-09 09:00:30+00:00,0.00026076789474194895
2023-12-09 10:00:37+00:00,0.0002954470085636814
2023-12-09 11:00:48+00:00,0.00030857271095152607
2023-12-09 12:00:49+00:00,0.00032836010847112497
2023-12-09 13:00:50+00:00,0.00037501470645907685
2023-12-09 14:00:54+00:00,0.0002695400829777612
2023-12-09 15:01:20+00:00,0.00026549240815197526
2023-12-09 16:00:52+00:00,0.00027417596575030225
2023-12-09 17:02:43+00:00,0.000251848035038348
2023-12-09 18:00:34+00:00,0.00024090069399370913
2023-12-09 19:01:07+00:00,0.0002093232721522788
2023-12-09 20:00:32+00:00,0.00019622633978906616
2023-12-09 21:01:41+00:00,0.00014870092869353116
2023-12-09 22:00:36+00:00,0.00022752321054207846
2023-12-09 23:01:04+00:00,0.00020736463102041631
2023-12-10 00:01:26+00:00,0.0001597612889591112
2023-12-10 01:00:31+00:00,0.00018244817612084202
2023-12-10 02:00:33+00:00,0.00012566887788845023
2023-12-10 03:00:33+00:00,6.225119077463024e-05
2023-12-10 04:00:33+00:00,2.336434558801438e-05
2023-12-10 05:00:19+00:00,1.5792729159184323e-05
2023-12-10 06:00:23+00:00,2.4030475735784122e-05
2023-12-10 07:00:17+00:00,5.971813042439685e-05
2023-12-10 08:00:28+00:00,6.324335660145601e-05
2023-12-10 09:01:21+00:00,6.060879685368007e-05
2023-12-10 10:01:12+00:00,6.619172426355255e-05
2023-12-10 11:00:28+00:00,8.65924348773953e-05
2023-12-10 12:00:40+00:00,5.634304075490116e-05
2023-12-10 13:00:17+00:00,7.189489722813639e-05
2023-12-10 14:00:20+00:00,4.052549766835481e-05
2023-12-10 15:00:19+00:00,6.898340248962656e-05
2023-12-10 16:00:38+00:00,4.3926312020053315e-05
2023-12-10 17:02:38+00:00,3.43355310191437e-05
2023-12-10 18:00:23+00:00,3.567126288018318e-05
2023-12-10 19:01:02+00:00,8.003524996781956e-05
2023-12-10 20:00:29+00:00,6.648739694453473e-05
2023-12-10 21:00:24+00:00,6.374548878079396e-05
2023-12-10 22:00:38+00:00,0.00011798424394450107
2023-12-10 23:00:48+00:00,0.000245365705733319
2023-12-11 00:00:47+00:00,0.0002291981252328751
2023-12-11 01:00:20+00:00,0.0002521751925057629
2023-12-11 02:00:42+00:00,0.0003104739739690797
2023-12-11 03:01:01+00:00,0.00016473649967469096
2023-12-11 04:01:35+00:00,0.00029966001448459
2023-12-11 05:01:36+00:00,0.00040854587744626247
2023-12-11 06:01:40+00:00,0.0004900903629663285
2023-12-11 07:01:32+00:00,0.0006314512841418671
2023-12-11 08:01:42+00:00,0.0007007270202381196
2023-12-11 09:01:39+00:00,0.0007501231678778176
2023-12-11 10:02:02+00:00,0.0006888002773925104
2023-12-11 11:01:31+00:00,0.0005464280639071033
2023-12-11 12:01:32+00:00,0.0005202900458766697
2023-12-11 13:01:29+00:00,0.000466611890488218
2023-12-11 14:01:41+00:00,0.00039878301107928776
2023-12-11 15:00:11+00:00,0.0003134383880134332
2023-12-11 16:02:13+00:00,0.00027879307460689195
2023-12-11 17:01:39+00:00,0.0002088607594936709
2023-12-11 18:01:33+00:00,0.00019754147045097787
2023-12-11 19:03:38+00:00,0.00017382910951191
2023-12-11 20:01:50+00:00,0.00020462971918625271
2023-12-11 21:03:22+00:00,0.00021661692500240688
2023-12-11 22:01:21+00:00,0.00023667443171543755
2023-12-11 23:01:18+00:00,0.0003160241946589549
2023-12-12 00:02:28+00:00,0.00029910823162649644
2023-12-12 01:01:30+00:00,0.0003085247769128536
2023-12-12 02:01:17+00:00,0.0002768740566828777
2023-12-12 03:01:19+00:00,0.0002659604328887318
2023-12-12 04:01:18+00:00,0.00022125995685363427
2023-12-12 05:01:14+00:00,0.00021746830432019666
2023-12-12 06:01:14+00:00,0.00028708333768308087
2023-12-12 07:01:40+00:00,0.00025894538606403015
2023-12-12 08:01:23+00:00,0.00025996173363280925
2023-12-12 09:01:19+00:00,0.00024950357837256445
2023-12-12 10:01:18+00:00,0.00021417541532370895
2023-12-12 11:01:15+00:00,0.00021203938349050725
2023-12-12 12:01:36+00:00,0.0002558913079746413
2023-12-12 13:01:05+00:00,0.0002670856654471926
2023-12-12 14:02:45+00:00,0.0002392021049785238
2023-12-12 15:02:23+00:00,0.00036105318039624613
2023-12-12 16:00:20+00:00,0.0005636622240952432
2023-12-12 17:03:13+00:00,0.0003727409077854248
2023-12-12 18:00:16+00:00,0.0003102913123605678
2023-12-12 19:01:57+00:00,0.000365139688862572
2023-12-12 20:02:20+00:00,0.000356870867177977
2023-12-12 21:02:11+00:00,0.00037156940105714873
2023-12-12 22:02:04+00:00,0.0003963977599515665
2023-12-12 23:01:46+00:00,0.00042585189826919333
2023-12-13 00:01:25+00:00,0.0004107033802967804
2023-12-13 01:02:12+00:00,0.0003997635984154704
2023-12-13 02:01:54+00:00,0.00034296493183571977
2023-12-13 03:01:59+00:00,0.00032634954338146876
2023-12-13 04:01:55+00:00,0.0003412214405506066
2023-12-13 05:02:00+00:00,0.000340152781876004
2023-12-13 06:01:45+00:00,0.00036399428515339566
2023-12-13 07:03:05+00:00,0.0003269901299609789
2023-12-13 08:01:49+00:00,0.0003409220013109023
2023-12-13 09:02:13+00:00,0.00037448586537833776
2023-12-13 10:01:51+00:00,0.00035442188649842003
2023-12-13 11:01:44+00:00,0.00033909387631584633
2023-12-13 12:01:44+00:00,0.00033183488221309704
2023-12-13 13:01:39+00:00,0.00036837730471954753
2023-12-13 14:01:54+00:00,0.00036523011067253193
2023-12-13 15:01:53+00:00,0.000305208535611798
2023-12-13 16:01:55+00:00,0.0003376960251428817
2023-12-13 17:01:44+00:00,0.0003064118438761777
2023-12-13 18:02:42+00:00,0.0002902548531929326
2023-12-13 19:01:56+00:00,0.00024997043360462743
2023-12-13 20:03:59+00:00,0.0002597584977924358
2023-12-13 21:01:50+00:00,0.00027617311400781903
2023-12-13 22:01:55+00:00,0.0002709168769435341
2023-12-13 23:02:07+00:00,0.000241463110667996
2023-12-14 00:02:22+00:00,0.00011960453089861442
2023-12-14 01:00:34+00:00,8.788810840018287e-05
2023-12-14 02:00:25+00:00,8.604817701576496e-05
2023-12-14 03:00:42+00:00,7.754130233622025e-05
2023-12-14 04:00:08+00:00,6.826269815593659e-05
2023-12-14 05:00:06+00:00,6.969814201022575e-05
2023-12-14 06:00:17+00:00,0.00011374269310520887
2023-12-14 07:00:16+00:00,8.388509516594368e-05
2023-12-14 08:00:34+00:00,7.61703939919602e-05
2023-12-14 09:00:52+00:00,9.288195344496863e-05
2023-12-14 10:00:23+00:00,0.00011728848641655885
2023-12-14 11:00:20+00:00,0.00011858115075273253
2023-12-14 12:00:35+00:00,0.00010664651946877184
2023-12-14 13:00:30+00:00,9.117245205099494e-05
2023-12-14 14:02:10+00:00,8.851694476111514e-05
2023-12-14 15:00:37+00:00,9.625790875790875e-05
2023-12-14 16:02:30+00:00,9.304849667609396e-05
2023-12-14 17:02:02+00:00,0.0001196492025452442
2023-12-14 18:02:16+00:00,0.00012875795591756544
2023-12-14 19:00:57+00:00,8.837995696280357e-05
2023-12-14 20:01:18+00:00,0.00010144019394337838
2023-12-14 21:01:17+00:00,8.371714424077565e-05
2023-12-14 22:00:10+00:00,0.00012025719509439388
2023-12-14 23:01:54+00:00,0.0001233739712879577
2023-12-15 00:00:52+00:00,8.574543305722815e-05
2023-12-15 01:00:32+00:00,0.0001008594822763566
2023-12-15 02:01:03+00:00,8.063563206682286e-05
2023-12-15 03:01:08+00:00,7.741783989627256e-05
2023-12-15 04:01:41+00:00,7.807700184312922e-05
2023-12-15 05:00:23+00:00,0.00013426999733163653
2023-12-15 06:00:54+00:00,0.0001418271462315238
2023-12-15 07:00:18+00:00,0.00019367061088853692
2023-12-15 08:01:38+00:00,0.00020251534443186655
2023-12-15 09:02:37+00:00,0.0002522508489361039
2023-12-15 10:01:29+00:00,0.00024884587516820205
2023-12-15 11:01:18+00:00,0.00016767706027187522
2023-12-15 12:01:06+00:00,0.00019796669951760985
2023-12-15 13:01:51+00:00,0.00025146443077758403
2023-12-15 14:01:32+00:00,0.00027709197877816885
2023-12-15 15:01:47+00:00,0.0002476484064060471
2023-12-15 16:02:02+00:00,0.0001756280393281094
2023-12-15 17:03:10+00:00,0.0001999978760911582
2023-12-15 18:03:44+00:00,0.00019379343956602815
2023-12-15 19:03:05+00:00,0.00019736259099061083
2023-12-15 20:01:31+00:00,0.00018772764595658675
2023-12-15 21:02:38+00:00,0.00018122459296080205
2023-12-15 22:02:15+00:00,0.0001662304217503272
2023-12-15 23:02:33+00:00,0.00015496849197156308
2023-12-16 00:02:58+00:00,0.0001555919363122753
2023-12-16 01:01:23+00:00,0.00016841177355894304
2023-12-16 02:01:50+00:00,0.00021191896647924802
2023-12-16 03:01:07+00:00,0.00021875301353277117
2023-12-16 04:01:09+00:00,0.0001973378949056503
2023-12-16 05:01:21+00:00,0.00014709458594649942
2023-12-16 06:02:02+00:00,0.00015264273314944781
2023-12-16 07:01:09+00:00,0.00013752861630197518
2023-12-16 08:01:12+00:00,0.00013329210164322503
2023-12-16 09:01:02+00:00,0.0001333660524715397
2023-12-16 10:01:23+00:00,0.00018017020098201066
2023-12-16 11:01:18+00:00,0.00016161702037216123
2023-12-16 12:01:42+00:00,8.839597322555665e-05
2023-12-16 13:01:19+00:00,9.526329716856311e-05
2023-12-16 14:01:31+00:00,7.19202745064814e-05
2023-12-16 15:01:25+00:00,4.330119945276956e-05
2023-12-16 16:02:28+00:00,8.907611054074364e-05
2023-12-16 17:02:00+00:00,0.00013637275501261731
2023-12-16 18:02:14+00:00,0.00014845150001054118
2023-12-16 19:02:10+00:00,0.00011370607772207061
2023-12-16 20:02:47+00:00,0.0001161420243773185
2023-12-16 21:02:55+00:00,0.00014738393515106852
2023-12-16 22:01:12+00:00,0.00015231600779335052
2023-12-16 23:01:41+00:00,0.00012046299690986226
2023-12-17 00:00:57+00:00,0.00015303298304026637
2023-12-17 01:01:41+00:00,0.00012575452716297785
2023-12-17 02:01:57+00:00,0.00013043840033283063
2023-12-17 03:00:57+00:00,0.00013525954843895158
2023-12-17 04:00:57+00:00,0.00015417352383148672
2023-12-17 05:00:58+00:00,0.0001714516061481761
2023-12-17 06:01:24+00:00,0.0001232987397294773
2023-12-17 07:00:51+00:00,0.00012322024589125015
2023-12-17 08:01:19+00:00,0.000133716742924928
2023-12-17 09:01:00+00:00,0.00016038726233523856
2023-12-17 10:01:11+00:00,0.00016363732599375432
2023-12-17 11:00:47+00:00,0.00015136282512962944
2023-12-17 12:00:49+00:00,0.0001648653483893373
2023-12-17 13:00:46+00:00,0.00012943208264445404
2023-12-17 14:01:35+00:00,0.0001142315753816188
2023-12-17 15:01:08+00:00,0.00011748494328459852
2023-12-17 16:02:26+00:00,0.00015447292660384775
2023-12-17 17:01:59+00:00,0.00016903670209394213
2023-12-17 18:01:02+00:00,0.00014955919395465996
2023-12-17 19:01:03+00:00,0.00013725058223704916
2023-12-17 20:01:46+00:00,0.0001142271939498976
2023-12-17 21:02:09+00:00,0.00013926405515907634
2023-12-17 22:00:52+00:00,0.0001077554811945151
2023-12-17 23:01:41+00:00,0.00010184929322988629
2023-12-18 00:02:33+00:00,9.99689371137223e-05
2023-12-18 01:00:59+00:00,0.00014937448498014832
2023-12-18 02:01:13+00:00,0.00014833498257539905
2023-12-18 03:00:13+00:00,0.00020052026880554953
2023-12-18 04:01:03+00:00,0.00018797630048377454
2023-12-18 05:00:55+00:00,0.00017968605724838412
2023-12-18 06:01:27+00:00,0.00013729093716696755
2023-12-18 07:01:52+00:00,0.0001649518174501316
2023-12-18 08:02:16+00:00,0.0001382343632335447
2023-12-18 09:01:48+00:00,0.000144754723598264
2023-12-18 10:01:37+00:00,0.00011333982042549427
2023-12-18 11:00:24+00:00,9.373664199419558e-05
2023-12-18 12:00:39+00:00,0.00013610109527415764
2023-12-18 13:01:37+00:00,0.00012400177210300918
2023-12-18 14:01:43+00:00,0.00016394369382101873
2023-12-18 15:02:18+00:00,0.0001676304464766003
2023-12-18 16:02:14+00:00,0.00012657787941974395
2023-12-18 17:01:47+00:00,0.00014499272686583863
2023-12-18 18:01:25+00:00,0.00014575859533412063
2023-12-18 19:02:07+00:00,0.00015084103820875571
2023-12-18 20:02:06+00:00,0.0001534663900507006
2023-12-18 21:01:01+00:00,0.00013057875035991936
2023-12-18 22:02:21+00:00,0.00016082198390244973
2023-12-18 23:01:44+00:00,0.00012463834572511002
2023-12-19 00:02:11+00:00,0.00012694509129687262
2023-12-19 01:01:47+00:00,0.00015254826548461044
2023-12-19 02:02:01+00:00,0.0001550955482935486
2023-12-19 03:02:48+00:00,0.00012035310475656682
2023-12-19 04:02:01+00:00,0.00010759821930241604
2023-12-19 05:02:04+00:00,0.00013897434236801484
2023-12-19 06:01:50+00:00,0.00014288487253590995
2023-12-19 07:01:39+00:00,0.00013870634116911937
2023-12-19 08:01:47+00:00,0.0001621758203948217
2023-12-19 09:01:46+00:00,0.0001566615817631008
2023-12-19 10:01:32+00:00,0.00013330245384234223
2023-12-19 11:01:42+00:00,0.00013487704608478913
2023-12-19 12:01:37+00:00,0.00011613209891213932
2023-12-19 13:02:20+00:00,0.00010535454604649142
2023-12-19 14:01:20+00:00,0.00011204259164498253
2023-12-19 15:03:56+00:00,9.265487210385056e-05
2023-12-19 16:02:41+00:00,0.00013733177104436098
2023-12-19 17:02:33+00:00,0.00011054466517563478
2023-12-19 18:03:37+00:00,9.541773608283918e-05
2023-12-19 19:02:08+00:00,0.00014045242847638057
2023-12-19 20:01:42+00:00,0.00014856320248048281
2023-12-19 21:02:12+00:00,0.00012590346109998119
2023-12-19 22:01:49+00:00,0.00013823853615520284
2023-12-19 23:01:43+00:00,0.00015581736550065637
2023-12-20 00:01:46+00:00,0.00012588534749889333
2023-12-20 01:02:30+00:00,0.0001486480516037819
2023-12-20 02:02:36+00:00,0.00010770505385252693
2023-12-20 03:02:58+00:00,0.00011987783150928988
2023-12-20 04:02:16+00:00,0.00011338746432443195
2023-12-20 05:01:19+00:00,0.00013887513887513887
2023-12-20 06:00:36+00:00,0.00010871360158529201
2023-12-20 07:00:57+00:00,0.00011435405116448245
2023-12-20 08:00:44+00:00,0.00012343850184616065
2023-12-20 09:00:59+00:00,0.00010812549210961152
2023-12-20 10:00:43+00:00,0.0001365417829148399
2023-12-20 11:00:46+00:00,0.00011945932781295667
2023-12-20 12:00:26+00:00,8.751506307142935e-05
2023-12-20 13:00:52+00:00,9.421536832351579e-05
2023-12-20 14:01:46+00:00,9.658090687426878e-05
2023-12-20 15:02:43+00:00,6.0698637732525893e-05
2023-12-20 16:02:17+00:00,9.314556627104549e-05
2023-12-20 17:03:08+00:00,5.911468769292422e-05
2023-12-20 18:01:27+00:00,9.066796578975858e-05
2023-12-20 19:01:43+00:00,9.975411957553272e-05
2023-12-20 20:01:43+00:00,6.350733442151575e-05
2023-12-20 21:01:52+00:00,5.361485860117133e-05
2023-12-20 22:01:38+00:00,6.982398878435067e-05
2023-12-20 23:01:40+00:00,0.00010498006222339072
2023-12-21 00:00:08+00:00,9.674168994030995e-05
2023-12-21 01:03:24+00:00,7.881644123210829e-05
2023-12-21 02:01:53+00:00,6.255959491895092e-05
2023-12-21 03:01:45+00:00,7.813870854535884e-05
2023-12-21 04:01:41+00:00,9.897315759513071e-05
2023-12-21 05:01:59+00:00,9.469589352448806e-05
2023-12-21 06:01:41+00:00,6.197497374868742e-05
2023-12-21 07:01:40+00:00,7.715487957220188e-05
2023-12-21 08:01:22+00:00,6.243027452696051e-05
2023-12-21 09:01:38+00:00,7.78050778050778e-05
2023-12-21 10:01:31+00:00,8.192423646611613e-05
2023-12-21 11:01:50+00:00,9.146732455902013e-05
2023-12-21 12:01:41+00:00,6.451822493665129e-05
2023-12-21 13:01:55+00:00,6.890178658279564e-05
2023-12-21 14:03:33+00:00,0.00016175882168463626
2023-12-21 15:00:30+00:00,8.925328664789099e-05
2023-12-21 16:00:52+00:00,0.00010927648042311855
2023-12-21 17:00:30+00:00,8.528455551541822e-05
2023-12-21 18:00:56+00:00,8.205419953393215e-05
2023-12-21 19:01:08+00:00,9.771581909810851e-05
2023-12-21 20:00:43+00:00,0.00011604820530605166
2023-12-21 21:00:50+00:00,0.00011848216448483956
2023-12-21 22:02:15+00:00,0.00012487599076849173
2023-12-21 23:00:45+00:00,0.00011527500416042604
2023-12-22 00:00:25+00:00,9.688298630022203e-05
2023-12-22 01:01:50+00:00,0.00011556442716814623
2023-12-22 02:04:03+00:00,0.00011815489318797658
2023-12-22 03:01:31+00:00,9.645571493504434e-05
2023-12-22 04:01:34+00:00,0.0001068725852287846
2023-12-22 05:01:53+00:00,0.00013002449675151773
2023-12-22 06:01:51+00:00,0.00012894546537348987
2023-12-22 07:02:04+00:00,0.00011785992591722798
2023-12-22 08:02:34+00:00,0.00010351020583743789
2023-12-22 09:01:55+00:00,0.00014348284619689208
2023-12-22 10:01:49+00:00,0.0001251641938887573
2023-12-22 11:01:53+00:00,0.00012771563777156378
2023-12-22 12:01:43+00:00,0.00015250362260505555
2023-12-22 13:01:33+00:00,0.00011438999181775118
2023-12-22 14:01:30+00:00,0.00014801974884619512
2023-12-22 15:01:56+00:00,0.0001579753451359659
2023-12-22 16:01:57+00:00,0.00027269039001526755
2023-12-22 17:01:57+00:00,0.00024841348563871203
2023-12-22 18:01:42+00:00,0.00020102670060600898
2023-12-22 19:01:41+00:00,0.00016743539990032974
2023-12-22 20:01:44+00:00,0.00011904407859798194
2023-12-22 21:01:52+00:00,0.00015141050842054933
2023-12-22 22:01:40+00:00,0.00015190181968481405
2023-12-22 23:02:05+00:00,0.00015758280069726904
2023-12-23 00:01:43+00:00,0.00016104095796779392
2023-12-23 01:01:41+00:00,0.00012086752885081964
2023-12-23 02:02:14+00:00,0.00010617852857795098
2023-12-23 03:01:42+00:00,0.00010165755315619951
2023-12-23 04:02:16+00:00,0.0001298856258330825
2023-12-23 05:02:11+00:00,0.00015941841540832713
2023-12-23 06:01:45+00:00,0.00016578304960801815
2023-12-23 07:01:42+00:00,0.00013338060094320365
2023-12-23 08:02:00+00:00,0.00012645014097845502
2023-12-23 09:01:55+00:00,0.000159479190185896
2023-12-23 10:01:44+00:00,0.00013744452682591362
2023-12-23 11:00:41+00:00,0.00013164540638130958
2023-12-23 12:00:44+00:00,0.00011668461869883669
2023-12-23 13:01:07+00:00,0.0001518915198830032
2023-12-23 14:00:46+00:00,0.0001321641325619906
2023-12-23 15:00:49+00:00,0.00013601365935375794
2023-12-23 16:01:25+00:00,0.00011672587933495766
2023-12-23 17:01:13+00:00,0.00013631536604987932
2023-12-23 18:00:47+00:00,0.00011984544381238595
2023-12-23 19:01:06+00:00,0.00013962580284836637
2023-12-23 20:01:11+00:00,0.00011812461072571465
2023-12-23 21:01:07+00:00,0.00010752572552983301
2023-12-23 22:01:00+00:00,0.00014195739558478965
2023-12-23 23:00:56+00:00,0.00014176693464424097
2023-12-24 00:01:06+00:00,0.00015111800577725473
2023-12-24 01:00:50+00:00,0.00012885516769043084
2023-12-24 02:00:54+00:00,0.00013825848511037845
2023-12-24 03:00:55+00:00,0.0001263566716322622
2023-12-24 04:01:11+00:00,0.0001363486649879408
2023-12-24 05:01:07+00:00,0.0001207050234512617
2023-12-24 06:00:56+00:00,0.00010305123776626367
2023-12-24 07:00:49+00:00,0.00011524318993149731
2023-12-24 08:00:55+00:00,0.00014911650932781845
2023-12-24 09:01:02+00:00,0.00011519626228313634
2023-12-24 10:00:52+00:00,0.0001590039335245019
2023-12-24 11:00:48+00:00,0.00013715192705115366
2023-12-24 12:00:49+00:00,0.00015980153628762365
2023-12-24 13:01:06+00:00,0.00015558266588871797
2023-12-24 14:00:46+00:00,0.00014079747452276533
2023-12-24 15:00:49+00:00,0.00016155345565490063
2023-12-24 16:01:12+00:00,0.0001566532493601113
2023-12-24 17:01:03+00:00,0.00017030516556855313
2023-12-24 18:01:01+00:00,0.00015290490516119395
2023-12-24 19:00:56+00:00,0.00017496216400571268
2023-12-24 20:01:07+00:00,0.00015390511065455979
2023-12-24 21:01:00+00:00,0.00014321245956938055
2023-12-24 22:01:06+00:00,0.00013713213615652642
2023-12-24 23:01:08+00:00,0.00013908849509564842
2023-12-25 00:00:49+00:00,0.00016576267133338406
2023-12-25 01:01:05+00:00,0.00014017877557241936
2023-12-25 02:00:47+00:00,0.00016475649368284973
2023-12-25 03:01:02+00:00,0.00014794023757302006
2023-12-25 04:01:04+00:00,0.00016836756803605477
2023-12-25 05:01:01+00:00,0.00014336878780337378
2023-12-25 06:01:13+00:00,0.00017473734272990617
2023-12-25 07:01:01+00:00,0.00017712941582684132
2023-12-25 08:00:49+00:00,0.00018375026957084324
2023-12-25 09:00:55+00:00,0.00018036741110847887
2023-12-25 10:00:59+00:00,0.00017451789002185782
2023-12-25 11:00:41+00:00,0.000161219247428553
2023-12-25 12:01:15+00:00,0.00012711218055451117
2023-12-25 13:00:57+00:00,0.00012783624601718645
2023-12-25 14:00:48+00:00,0.00010744668328856832
2023-12-25 15:01:09+00:00,0.00013171638204479192
2023-12-25 16:01:19+00:00,0.00010841189267585208
2023-12-25 17:01:14+00:00,0.00013280034111501972
2023-12-25 18:01:25+00:00,0.00013596742989561408
2023-12-25 19:01:11+00:00,0.00013912296880465546
2023-12-25 20:01:02+00:00,0.00014760288502333474
2023-12-25 21:00:55+00:00,0.00011308605183332448
2023-12-25 22:00:54+00:00,0.00013260244811069718
2023-12-25 23:01:07+00:00,0.0001469575808928666
2023-12-26 00:01:00+00:00,0.00012965432569166614
2023-12-26 01:00:26+00:00,0.00010921266276836219
2023-12-26 02:00:49+00:00,0.00011845061274901245
2023-12-26 03:01:06+00:00,0.0001459105036828884
2023-12-26 04:00:53+00:00,0.0001613575912331099
2023-12-26 05:00:55+00:00,0.00011712469520959996
2023-12-26 06:00:50+00:00,0.00010508183525623827
2023-12-26 07:00:50+00:00,0.00011696556787630779
2023-12-26 08:00:47+00:00,0.00014549503773054554
2023-12-26 09:00:49+00:00,0.00011803888492398192
2023-12-26 10:00:49+00:00,0.00011830497453126693
2023-12-26 11:01:11+00:00,0.00016819446097901493
2023-12-26 12:01:03+00:00,0.00015931478441199342
2023-12-26 13:01:17+00:00,0.0001485522857512172
2023-12-26 14:00:45+00:00,0.00012810423788944076
2023-12-26 15:01:01+00:00,0.00011482274924373728
2023-12-26 16:01:01+00:00,0.00011905921572447532
2023-12-26 17:01:11+00:00,0.0001535892793251873
2023-12-26 18:01:22+00:00,0.00011479314621911463
2023-12-26 19:01:03+00:00,0.0001281943445299098
2023-12-26 20:01:14+00:00,0.00013243698223541398
2023-12-26 21:01:07+00:00,0.000145820682954834
2023-12-26 22:00:55+00:00,0.00014965514201978802
2023-12-26 23:01:56+00:00,0.00016098262406287389
2023-12-27 00:02:02+00:00,0.000123712582723408
2023-12-27 01:02:04+00:00,0.00011651624647709701
2023-12-27 02:01:57+00:00,0.00015344820027182252
2023-12-27 03:01:25+00:00,0.00012027192296250593
2023-12-27 04:01:00+00:00,0.0001492619824202554
2023-12-27 05:01:19+00:00,0.0001639857163388721
2023-12-27 06:00:57+00:00,0.00015728129621862653
2023-12-27 07:00:52+00:00,0.00015387659097403883
2023-12-27 08:00:44+00:00,0.0001632286799225222
2023-12-27 09:00:55+00:00,0.00014860502148637743
2023-12-27 10:00:53+00:00,0.00014546898111894197
2023-12-27 11:01:23+00:00,0.00015225712705624656
2023-12-27 12:01:42+00:00,0.00012815708530087078
2023-12-27 13:01:57+00:00,0.00011970769681133651
2023-12-27 14:02:13+00:00,0.00014156792728453173
2023-12-27 15:02:21+00:00,0.0001453630295305783
2023-12-27 16:01:48+00:00,0.00015047776690993905
2023-12-27 17:01:31+00:00,0.0001414026786001049
2023-12-27 18:01:24+00:00,0.00011781464543146936
2023-12-27 19:02:32+00:00,0.00011856899853433613
2023-12-27 20:02:15+00:00,0.00011144278606965173
2023-12-27 21:02:05+00:00,0.00014204187194750512
2023-12-27 22:01:47+00:00,0.00013045522547552898
2023-12-27 23:02:12+00:00,0.00012972631759142363
2023-12-28 00:01:14+00:00,0.00015013900769888792
2023-12-28 01:00:42+00:00,0.00020903264208501187
2023-12-28 02:01:01+00:00,0.000248909733348896
2023-12-28 03:01:00+00:00,0.0002906361641454029
2023-12-28 04:00:51+00:00,0.0003411910145601318
2023-12-28 05:00:43+00:00,0.0003419599796937135
2023-12-28 06:00:46+00:00,0.00039555975136304814
2023-12-28 07:00:57+00:00,0.0004335665825265467
2023-12-28 08:00:45+00:00,0.0002837638455288029
2023-12-28 09:00:57+00:00,0.00027870413973200906
2023-12-28 10:01:00+00:00,0.0002947705282986557
2023-12-28 11:00:51+00:00,0.0002811552423660047
2023-12-28 12:01:34+00:00,0.00026040400162112586
2023-12-28 13:00:51+00:00,0.0002259578800707358
2023-12-28 14:01:06+00:00,0.00028375010741600067
2023-12-28 15:01:03+00:00,0.00035101700060716456
2023-12-28 16:02:04+00:00,0.00028356908736510843
2023-12-28 17:02:17+00:00,0.00026373746303026333
2023-12-28 18:02:08+00:00,0.0002552291678020601
2023-12-28 19:01:58+00:00,0.0002303632378439091
2023-12-28 20:01:58+00:00,0.00025482087668132156
2023-12-28 21:01:44+00:00,0.0002278952701598405
2023-12-28 22:01:58+00:00,0.00022041644397421495
2023-12-28 23:01:36+00:00,0.00023352379290792516
2023-12-29 00:01:34+00:00,0.0002226042675429529
2023-12-29 01:01:35+00:00,0.00022624734751618695
2023-12-29 02:01:28+00:00,0.00019851266100061335
2023-12-29 03:01:41+00:00,0.0002370641077544232
2023-12-29 04:01:37+00:00,0.0002473530565116989
2023-12-29 05:01:36+00:00,0.00020986955906831013
2023-12-29 06:01:31+00:00,0.00022681588526104196
2023-12-29 07:01:26+00:00,0.0002159594886197287
2023-12-29 08:01:36+00:00,0.00019980427336486705
2023-12-29 09:01:30+00:00,0.00023538742340619703
2023-12-29 10:01:31+00:00,0.00023528391662963486
2023-12-29 11:01:50+00:00,0.00024295991778006167
2023-12-29 12:01:38+00:00,0.00023965381419491298
2023-12-29 13:01:49+00:00,0.00020604653673810937
2023-12-29 14:01:46+00:00,0.00020570187757924075
2023-12-29 15:01:36+00:00,0.00023316620842093915
2023-12-29 16:00:44+00:00,0.00014931142003377939
2023-12-29 17:00:56+00:00,9.874938561520398e-05
2023-12-29 18:01:48+00:00,0.00010731621410410222
2023-12-29 19:01:40+00:00,0.00014009449511042743
2023-12-29 20:01:41+00:00,0.00010698297050561798
2023-12-29 21:01:43+00:00,0.00010894668029049517
2023-12-29 22:01:41+00:00,0.0001031943466009158
2023-12-29 23:01:47+00:00,0.00011559249720911211
2023-12-30 00:01:32+00:00,0.0001515836355819158
2023-12-30 01:01:43+00:00,0.000164726553920492
2023-12-30 02:01:36+00:00,0.00013517097764138535
2023-12-30 03:01:53+00:00,0.00011489403777067335
2023-12-30 04:00:21+00:00,0.0001160979800427341
2023-12-30 05:01:41+00:00,0.00013602223472190055
2023-12-30 06:01:28+00:00,0.00018278559904524056
2023-12-30 07:01:32+00:00,0.0001544861679706035
2023-12-30 08:01:41+00:00,0.00011813638419699694
2023-12-30 09:01:32+00:00,0.0001020457920517765
2023-12-30 10:01:32+00:00,0.00013197670541687968
2023-12-30 11:01:27+00:00,0.00015396344856754893
2023-12-30 12:01:34+00:00,0.00011634607896581265
2023-12-30 13:01:37+00:00,0.00014259681093394078
2023-12-30 14:01:33+00:00,0.00013610203764193498
2023-12-30 15:01:35+00:00,0.00015127129431819438
2023-12-30 16:01:46+00:00,0.0001310937913980394
2023-12-30 17:01:48+00:00,0.00011386602311922157
2023-12-30 18:01:36+00:00,0.00013390420005283084
2023-12-30 19:01:37+00:00,9.723690004403346e-05
2023-12-30 20:01:38+00:00,9.961766034575845e-05
2023-12-30 21:01:47+00:00,9.612221694832934e-05
2023-12-30 22:01:25+00:00,0.00011276941262248538
2023-12-30 23:01:45+00:00,9.55244708774961e-05
2023-12-31 00:01:41+00:00,0.0001177676790068721
2023-12-31 01:01:38+00:00,0.00013794248889971542
2023-12-31 02:01:37+00:00,0.00010575729360645562
2023-12-31 03:01:33+00:00,0.00011161255182686215
2023-12-31 04:01:46+00:00,0.00010592157343709931
2023-12-31 05:01:31+00:00,0.00014336458588513017
2023-12-31 06:01:30+00:00,0.00014856159058091747
2023-12-31 07:01:30+00:00,0.00015530361857431278
2023-12-31 08:01:43+00:00,0.00015308764940239044
2023-12-31 09:01:36+00:00,0.00011065129351362119
2023-12-31 10:01:31+00:00,0.00014484356894553882
2023-12-31 11:01:27+00:00,0.00010989471825545721
2023-12-31 12:01:33+00:00,0.00010541842529777032
2023-12-31 13:01:33+00:00,0.00012570449773455632
2023-12-31 14:01:38+00:00,0.00010754522593581406
2023-12-31 15:01:40+00:00,0.00010213974331954167
2023-12-31 16:01:38+00:00,0.00013025452288045405
2023-12-31 17:01:35+00:00,0.0001401757453684234
2023-12-31 18:01:51+00:00,0.00012939733203656015
2023-12-31 19:01:34+00:00,0.00010449789523693775
2023-12-31 20:01:43+00:00,0.00010323886639676114
2023-12-31 21:01:33+00:00,0.00010319091040350078
2023-12-31 22:01:35+00:00,0.0001518073359845371
2023-12-31 23:02:13+00:00,0.0001247745641573709
2024-01-01 00:01:50+00:00,0.00012711627647091691
2024-01-01 01:01:30+00:00,0.0001504580612085683
2024-01-01 02:01:37+00:00,0.00015291370106761565
2024-01-01 03:01:32+00:00,0.00011535211580796514
2024-01-01 04:01:44+00:00,0.00011202347349748418
2024-01-01 05:01:31+00:00,0.00010505143318168575
2024-01-01 06:01:33+00:00,0.00013403425394548064
2024-01-01 07:01:33+00:00,0.00016147495995609174
2024-01-01 08:01:36+00:00,0.0001461738712668849
2024-01-01 09:01:34+00:00,0.000120483676477156
2024-01-01 10:01:46+00:00,0.00014219912338422758
2024-01-01 11:01:41+00:00,0.00014701691896705252
2024-01-01 12:01:39+00:00,0.0001246371976647206
2024-01-01 13:01:31+00:00,0.00014603414044389232
2024-01-01 14:01:22+00:00,0.0001471170981703065
2024-01-01 15:01:34+00:00,0.00013269785803540822
2024-01-01 16:02:02+00:00,0.00014128125240826572
2024-01-01 17:01:49+00:00,0.0001331876050397091
2024-01-01 18:01:50+00:00,0.00013805323327408772
2024-01-01 19:01:43+00:00,0.00013590638922031154
2024-01-01 20:01:58+00:00,0.00015470301084428135
2024-01-01 21:02:01+00:00,0.00011859582542694497
2024-01-01 22:00:03+00:00,0.0001223260281149044
2024-01-01 23:01:53+00:00,0.00010869399115865306
2024-01-02 00:02:11+00:00,0.00013839820522314913
2024-01-02 01:01:54+00:00,0.00014487808576782676
2024-01-02 02:02:06+00:00,9.757282077294164e-05
2024-01-02 03:01:52+00:00,0.00011002964160603611
2024-01-02 04:01:59+00:00,0.00011170808389680864
2024-01-02 05:01:55+00:00,9.408602150537633e-05
2024-01-02 06:01:56+00:00,0.00010073496228483012
2024-01-02 07:02:01+00:00,0.00010488833426567409
2024-01-02 08:02:00+00:00,0.0001362189278708557
2024-01-02 09:01:51+00:00,0.00013991791482330368
2024-01-02 10:01:53+00:00,9.853318704261959e-05
2024-01-02 11:02:23+00:00,9.405458611060588e-05
2024-01-02 12:01:57+00:00,9.166326815342678e-05
2024-01-02 13:02:12+00:00,9.145980610521104e-05
2024-01-02 14:01:53+00:00,0.00013514154247351804
2024-01-02 15:02:03+00:00,0.00010045844776506714
2024-01-02 16:02:06+00:00,9.020977499238369e-05
2024-01-02 17:01:55+00:00,0.00011445264385607307
2024-01-02 18:02:11+00:00,9.136729105527859e-05
2024-01-02 19:01:55+00:00,9.632392231273377e-05
2024-01-02 20:01:08+00:00,9.1940963763287e-05
2024-01-02 21:01:41+00:00,0.00010034594499912419
2024-01-02 22:00:10+00:00,0.00012651692044594995
2024-01-02 23:01:43+00:00,0.00011096863286644309
2024-01-03 00:01:08+00:00,8.81224793968087e-05
2024-01-03 01:01:49+00:00,0.0001271979254428676
2024-01-03 02:01:43+00:00,0.00011967062729337761
2024-01-03 03:01:36+00:00,9.275121940573748e-05
2024-01-03 04:01:43+00:00,8.742405035625299e-05
2024-01-03 05:01:55+00:00,0.00010885082474339496
2024-01-03 06:01:28+00:00,0.00013282384409629347
2024-01-03 07:01:41+00:00,0.00012952661431064573
2024-01-03 08:01:39+00:00,0.00011717770680502719
2024-01-03 09:01:47+00:00,0.00011172270968445148
2024-01-03 10:01:38+00:00,0.0001328429345578794
2024-01-03 11:01:39+00:00,0.00010432406540529949
2024-01-03 12:01:21+00:00,8.963579284757743e-05
2024-01-03 13:03:48+00:00,-3.782808589885351e-05
2024-01-03 14:02:54+00:00,4.877294410144772e-07
2024-01-03 15:01:35+00:00,6.551223056430128e-06
2024-01-03 16:01:52+00:00,3.2003608787886176e-05
2024-01-03 17:00:44+00:00,1.3704971554570152e-05
2024-01-03 18:00:52+00:00,2.5378298691488582e-05
2024-01-03 19:01:09+00:00,2.742698327563509e-05
2024-01-03 20:01:34+00:00,6.506594438954163e-05
2024-01-03 21:01:25+00:00,7.154077519757431e-05
2024-01-03 22:01:22+00:00,6.165247555976033e-05
2024-01-03 23:01:31+00:00,3.337581163905577e-05
2024-01-04 00:01:29+00:00,2.893448015399235e-05
2024-01-04 01:01:30+00:00,5.721507911430863e-05
2024-01-04 02:01:38+00:00,3.2045021729576636e-05
2024-01-04 03:01:25+00:00,6.45236033706906e-05
2024-01-04 04:02:05+00:00,3.705102587845412e-05
2024-01-04 05:01:24+00:00,3.3957902421219125e-05
2024-01-04 06:01:20+00:00,6.470987938942412e-05
2024-01-04 07:01:18+00:00,6.614795423695947e-05
2024-01-04 08:01:18+00:00,3.479197424788828e-05
2024-01-04 09:00:47+00:00,2.731643356643357e-05
2024-01-04 10:01:39+00:00,6.312880312249994e-05
2024-01-04 11:01:26+00:00,3.4417824861502574e-05
2024-01-04 12:03:17+00:00,5.7584133449713895e-05
2024-01-04 13:01:23+00:00,5.7457360590298786e-05
2024-01-04 14:01:27+00:00,5.482048434217833e-05
2024-01-04 15:01:28+00:00,7.097865601266961e-05
2024-01-04 16:01:41+00:00,4.717970724264531e-05
2024-01-04 17:02:06+00:00,3.1347026510628135e-05
2024-01-04 18:01:33+00:00,3.481915770117138e-05
2024-01-04 19:01:30+00:00,4.0236051502145924e-05
2024-01-04 20:01:37+00:00,5.105780443111777e-05
2024-01-04 21:01:28+00:00,7.023459017950422e-05
2024-01-04 22:01:07+00:00,5.041877239186657e-05
2024-01-04 23:01:49+00:00,4.4975145626460715e-05
2024-01-05 00:01:35+00:00,3.4144487595159206e-05
2024-01-05 01:01:18+00:00,5.579984118142059e-05
2024-01-05 02:01:29+00:00,2.5854660045836516e-05
2024-01-05 03:01:23+00:00,2.6536228923047336e-05
2024-01-05 04:01:33+00:00,6.0658933384674626e-05
2024-01-05 05:01:32+00:00,3.515455466075132e-05
2024-01-05 06:01:16+00:00,6.871478788462464e-05
2024-01-05 07:01:08+00:00,3.710836412657527e-05
2024-01-05 08:01:21+00:00,3.10935092449923e-05
2024-01-05 09:00:45+00:00,3.509658783173858e-05
2024-01-05 10:01:33+00:00,7.182962014102549e-05
2024-01-05 11:01:20+00:00,3.340714584954217e-05
2024-01-05 12:01:15+00:00,2.5624020258048955e-05
2024-01-05 13:01:26+00:00,2.8245577926559075e-05
2024-01-05 14:01:44+00:00,2.675196277987787e-05
2024-01-05 15:01:34+00:00,2.482968369829684e-05
2024-01-05 16:01:45+00:00,4.1171590992265836e-05
2024-01-05 17:01:57+00:00,2.7951295690791084e-05
2024-01-05 18:01:22+00:00,2.650968105157516e-05
2024-01-05 19:01:26+00:00,2.548947626040137e-05
2024-01-05 20:01:30+00:00,3.617242433506573e-05
2024-01-05 21:01:25+00:00,5.232863013865684e-05
2024-01-05 22:01:27+00:00,3.0461429737666166e-05
2024-01-05 23:00:41+00:00,2.280799922148696e-05
2024-01-06 00:00:34+00:00,2.4230382476587392e-05
2024-01-06 01:00:36+00:00,2.1710406691314625e-05
2024-01-06 02:00:43+00:00,2.3278134833371806e-05
2024-01-06 03:00:30+00:00,2.0763937854068905e-05
2024-01-06 04:00:36+00:00,5.1139954304603574e-05
2024-01-06 05:00:29+00:00,8.831985186628984e-05
2024-01-06 06:01:01+00:00,8.267192506778407e-05
2024-01-06 07:00:24+00:00,7.445545544294623e-05
2024-01-06 08:00:44+00:00,0.00011900884423621378
2024-01-06 09:00:42+00:00,0.00011851001721513935
2024-01-06 10:00:31+00:00,9.216429503510844e-05
2024-01-06 11:00:49+00:00,9.418588764268237e-05
2024-01-06 12:00:41+00:00,0.00010401142573273722
2024-01-06 13:00:34+00:00,0.00011062446493045647
2024-01-06 14:00:37+00:00,9.927775433719689e-05
2024-01-06 15:00:37+00:00,0.0001323216845435223
2024-01-06 16:00:48+00:00,0.0001295998032827196
2024-01-06 17:00:42+00:00,9.772090967139841e-05
2024-01-06 18:00:46+00:00,0.00011554083072581139
2024-01-06 19:00:52+00:00,8.847971521512307e-05
2024-01-06 20:00:42+00:00,7.603240563769313e-05
2024-01-06 21:00:37+00:00,0.0001013633669235329
2024-01-06 22:00:37+00:00,8.341778096344447e-05
2024-01-06 23:00:46+00:00,8.362654244511621e-05
2024-01-07 00:01:01+00:00,8.173984305155459e-05
2024-01-07 01:00:43+00:00,0.00016062470655101686
2024-01-07 02:00:38+00:00,0.00014358942687747034
2024-01-07 03:00:35+00:00,0.00010717156602070219
2024-01-07 04:00:49+00:00,0.0001036663860969451
2024-01-07 05:00:30+00:00,0.00011998665167039514
2024-01-07 06:00:46+00:00,8.954154727793696e-05
2024-01-07 07:00:37+00:00,9.9277733193407e-05
2024-01-07 08:00:50+00:00,8.759259488270284e-05
2024-01-07 09:00:32+00:00,0.00010979698383046109
2024-01-07 10:00:33+00:00,8.872865842268465e-05
2024-01-07 11:00:41+00:00,0.00011338584643039933
2024-01-07 12:00:41+00:00,9.619608626198082e-05
2024-01-07 13:00:43+00:00,9.255884775717031e-05
2024-01-07 14:00:40+00:00,0.00011142206798761148
2024-01-07 15:00:52+00:00,7.870013669690568e-05
2024-01-07 16:00:51+00:00,6.809222017066719e-05
2024-01-07 17:00:38+00:00,8.804771908763505e-05
2024-01-07 18:00:44+00:00,0.0001101408238949584
2024-01-07 19:00:36+00:00,0.00011454779489871155
2024-01-07 20:01:07+00:00,8.380390785068212e-05
2024-01-07 21:01:02+00:00,6.930321563918802e-05
2024-01-07 22:00:42+00:00,6.7922446010685e-05
2024-01-07 23:00:49+00:00,5.078397765504983e-05
2024-01-08 00:00:41+00:00,6.069899686920964e-05
2024-01-08 01:00:37+00:00,7.279683713812015e-05
2024-01-08 02:00:49+00:00,9.206442466120853e-05
2024-01-08 03:01:14+00:00,5.5339179778179004e-05
2024-01-08 04:00:53+00:00,5.1814421113263864e-05
2024-01-08 05:00:40+00:00,9.955867759962395e-05
2024-01-08 06:00:39+00:00,7.529090554508224e-05
2024-01-08 07:00:44+00:00,0.00011039086314002392
2024-01-08 08:00:40+00:00,8.513016884685564e-05
2024-01-08 09:00:35+00:00,0.00010431779372680935
2024-01-08 10:00:42+00:00,7.996393379274812e-05
2024-01-08 11:00:46+00:00,0.00010883495895205495
2024-01-08 12:00:36+00:00,9.464835728952771e-05
2024-01-08 13:00:55+00:00,9.781305024625515e-05
2024-01-08 14:00:39+00:00,8.097911691479092e-05
2024-01-08 15:00:44+00:00,0.00010930450651391493
2024-01-08 16:01:03+00:00,0.00010909849855167789
2024-01-08 17:00:44+00:00,8.052495957962814e-05
2024-01-08 18:00:39+00:00,0.00010069352666490452
2024-01-08 19:02:02+00:00,9.9601593625498e-05
2024-01-08 20:00:53+00:00,7.632983003429024e-05
2024-01-08 21:00:51+00:00,6.911021984551397e-05
2024-01-08 22:00:39+00:00,0.00011120034595663186
2024-01-08 23:00:18+00:00,0.00010969083326156763
2024-01-09 00:00:52+00:00,4.55539448143689e-05
2024-01-09 01:01:02+00:00,2.8273478958410464e-05
2024-01-09 02:01:02+00:00,-3.2107297791147186e-05
2024-01-09 03:00:42+00:00,-6.187985971568713e-05
2024-01-09 04:00:36+00:00,-7.602704628113635e-05
2024-01-09 05:00:54+00:00,-7.416443642248087e-05
2024-01-09 06:00:40+00:00,-6.673288223974176e-05
2024-01-09 07:00:50+00:00,-7.138423339540658e-05
2024-01-09 08:00:44+00:00,-7.091564169462045e-05
2024-01-09 09:00:50+00:00,-5.7193131333300056e-05
2024-01-09 10:00:40+00:00,-8.338367819564015e-05
2024-01-09 11:00:39+00:00,-8.046803998788246e-05
2024-01-09 12:00:50+00:00,-7.694059017720494e-05
2024-01-09 13:03:06+00:00,-4.9640625198068127e-05
2024-01-09 14:01:04+00:00,-7.102059508211319e-05
2024-01-09 15:00:22+00:00,8.511888040452539e-05
2024-01-09 16:00:35+00:00,3.356777493606138e-05
2024-01-09 17:00:57+00:00,-1.3369636412673542e-05
2024-01-09 18:01:00+00:00,-2.3781740696583042e-05
2024-01-09 19:00:42+00:00,-2.7202170145429885e-05
2024-01-09 20:00:32+00:00,-4.4906502230911915e-05
2024-01-09 21:00:44+00:00,-6.99700723567072e-05
2024-01-09 22:00:59+00:00,-9.551706571574121e-06
2024-01-09 23:00:36+00:00,1.0518711901352224e-06
2024-01-10 00:00:49+00:00,-2.0995649094404536e-06
2024-01-10 01:01:06+00:00,3.142638056089804e-06
2024-01-10 02:01:01+00:00,2.603612512360901e-06
2024-01-10 03:00:46+00:00,-1.926346317315866e-05
2024-01-10 04:00:46+00:00,-2.0760380190095046e-06
2024-01-10 05:01:37+00:00,-7.3055813137515345e-06
2024-01-10 06:01:49+00:00,0.0
2024-01-10 07:01:46+00:00,3.1609558730560124e-06
2024-01-10 08:01:48+00:00,4.222566001369481e-06
2024-01-10 09:01:39+00:00,3.230810309094839e-05
2024-01-10 10:01:45+00:00,9.446724426204591e-05
2024-01-10 11:01:38+00:00,6.098730535295157e-05
2024-01-10 12:01:45+00:00,7.359138048497388e-05
2024-01-10 13:02:09+00:00,6.532740181769512e-05
2024-01-10 14:00:11+00:00,0.00012157749955009383
2024-01-10 15:01:45+00:00,8.487622485817432e-05
2024-01-10 16:01:49+00:00,0.0001065941553849912
2024-01-10 17:01:58+00:00,8.063833878100365e-05
2024-01-10 18:01:54+00:00,0.00011196130617258675
2024-01-10 19:01:58+00:00,0.00010024185336048879
2024-01-10 20:02:09+00:00,0.00010780645570422982
2024-01-10 21:01:59+00:00,7.844584107274624e-05
2024-01-10 22:02:27+00:00,0.0001493233082706767
2024-01-10 23:00:40+00:00,0.00015157825112382256
2024-01-11 00:01:55+00:00,0.00011170823017933698
2024-01-11 01:01:38+00:00,0.00012154343161599845
2024-01-11 02:02:00+00:00,0.00012034373651661153
2024-01-11 03:01:56+00:00,0.00012475991649269313
2024-01-11 04:01:45+00:00,0.00011036079030256752
2024-01-11 05:01:48+00:00,0.0001551318043395508
2024-01-11 06:00:08+00:00,0.00014290665296317985
2024-01-11 07:01:48+00:00,0.00011474995790537128
2024-01-11 08:01:34+00:00,0.00015309395571514063
2024-01-11 09:01:51+00:00,0.00015385348421679572
2024-01-11 10:01:48+00:00,0.00012725803384673894
2024-01-11 11:00:04+00:00,0.00014071072245328405
2024-01-11 12:01:47+00:00,0.00016571159616402895
2024-01-11 13:01:49+00:00,0.00010988831444676554
2024-01-11 14:01:35+00:00,0.00010485844110450891
2024-01-11 15:01:35+00:00,0.00012915987090953256
2024-01-11 16:01:36+00:00,0.00011195635737632458
2024-01-11 17:01:49+00:00,9.637445121087664e-05
2024-01-11 18:01:51+00:00,0.00013207011567667305
2024-01-11 19:01:18+00:00,0.000135275852705399
2024-01-11 20:01:09+00:00,0.00012962221017652186
2024-01-11 21:02:25+00:00,0.00011186867794773967
2024-01-11 22:00:54+00:00,0.00011854221760483566
2024-01-11 23:00:46+00:00,0.00013578081672315311
2024-01-12 00:02:36+00:00,0.00015286111604236936
2024-01-12 01:02:15+00:00,0.00012176536709459859
2024-01-12 02:02:24+00:00,0.00010063656374561246
2024-01-12 03:02:23+00:00,0.00013427919035273412
2024-01-12 04:02:13+00:00,0.00011122233742090022
2024-01-12 05:03:48+00:00,0.00013066704824592784
2024-01-12 06:02:28+00:00,0.00014947553485941006
2024-01-12 07:02:24+00:00,0.00012270410275211997
2024-01-12 08:02:05+00:00,0.00010475569259962049
2024-01-12 09:02:06+00:00,0.00010610748798019708
2024-01-12 10:02:12+00:00,0.00011666090769359086
2024-01-12 11:02:05+00:00,0.0001337820482328878
2024-01-12 12:02:06+00:00,0.0001075280273703401
2024-01-12 13:02:11+00:00,0.00011371020142949967
2024-01-12 14:02:07+00:00,0.00014694676747779522
2024-01-12 15:01:56+00:00,0.00013883034463270182
2024-01-12 16:02:12+00:00,8.536338403992996e-05
2024-01-12 17:02:25+00:00,8.270694893302831e-05
2024-01-12 18:02:09+00:00,9.04708162614392e-05
2024-01-12 19:01:12+00:00,0.0001192526441215129
2024-01-12 20:00:56+00:00,0.000121260867429638
2024-01-12 21:00:35+00:00,0.00013622893808777427
2024-01-12 22:00:50+00:00,9.715385469484437e-05
2024-01-12 23:01:09+00:00,6.680613318635066e-05
2024-01-13 00:01:31+00:00,0.00010948585442760794
2024-01-13 01:00:55+00:00,8.278662917838176e-05
2024-01-13 02:01:14+00:00,2.1409679481554834e-05
2024-01-13 03:01:01+00:00,3.12293105817396e-06
2024-01-13 04:01:11+00:00,1.5611535051018496e-06
2024-01-13 05:01:04+00:00,-5.104645227156712e-07
2024-01-13 06:01:20+00:00,3.6135601639140693e-06
2024-01-13 07:01:09+00:00,5.153936690825745e-06
2024-01-13 08:01:20+00:00,5.664951513952107e-06
2024-01-13 09:01:12+00:00,4.120573168015443e-06
2024-01-13 10:01:03+00:00,-3.571961037670212e-05
2024-01-13 11:01:04+00:00,-6.2306848768816665e-06
2024-01-13 12:01:04+00:00,1.5604519068722302e-06
2024-01-13 13:01:03+00:00,4.67412033055379e-06
2024-01-13 14:01:11+00:00,4.669522338994869e-06
2024-01-13 15:01:00+00:00,4.669696781022352e-06
2024-01-13 16:01:20+00:00,6.190034045187248e-06
2024-01-13 17:01:32+00:00,-1.5452702368590217e-06
2024-01-13 18:01:24+00:00,2.5728245407879277e-06
2024-01-13 19:01:27+00:00,4.120267260579064e-06
2024-01-13 20:01:18+00:00,3.5937461407365325e-06
2024-01-13 21:01:03+00:00,3.591750083313791e-06
2024-01-13 22:01:11+00:00,4.111618718360291e-06
2024-01-13 23:01:25+00:00,2.5713296741334125e-06
2024-01-14 00:01:27+00:00,3.594944840451159e-06
2024-01-14 01:01:15+00:00,-8.242982325857715e-06
2024-01-14 02:01:28+00:00,2.0547606080110907e-06
2024-01-14 03:01:08+00:00,0.0
2024-01-14 04:01:10+00:00,3.60139600504938e-06
2024-01-14 05:02:03+00:00,3.6084967077117663e-06
2024-01-14 06:02:14+00:00,4.124451930937105e-06
2024-01-14 07:02:00+00:00,6.173677906876242e-06
2024-01-14 08:02:18+00:00,8.680938718458029e-06
2024-01-14 09:02:13+00:00,1.0149501053939786e-05
2024-01-14 10:02:00+00:00,1.0617385817599379e-05
2024-01-14 11:02:00+00:00,1.2048483095978215e-05
2024-01-14 12:02:14+00:00,5.013860431481258e-06
2024-01-14 13:01:54+00:00,-2.4687923359783242e-05
2024-01-14 14:02:02+00:00,-4.037831938886867e-06
2024-01-14 15:02:23+00:00,3.5288125727590223e-06
2024-01-14 16:02:31+00:00,1.5185752119930995e-06
2024-01-14 17:02:40+00:00,-1.0159403851548303e-05
2024-01-14 18:02:16+00:00,0.0
2024-01-14 19:02:22+00:00,-1.0198085257461863e-05
2024-01-14 20:02:27+00:00,-2.508912108174554e-05
2024-01-14 21:02:03+00:00,-5.127762643756086e-06
2024-01-14 22:02:18+00:00,-4.634836668355808e-06
2024-01-14 23:02:25+00:00,-1.2365219111682658e-05
2024-01-15 00:02:11+00:00,-3.212606651575831e-05
2024-01-15 01:02:17+00:00,-3.612662942271881e-06
2024-01-15 02:02:20+00:00,5.082119615742175e-07
2024-01-15 03:02:23+00:00,2.0513073995353668e-06
2024-01-15 04:02:09+00:00,5.053617650684088e-07
2024-01-15 05:02:19+00:00,1.53806400807176e-06
2024-01-15 06:02:35+00:00,-2.5576076531490545e-06
2024-01-15 07:02:12+00:00,-2.775413536616956e-05
2024-01-15 08:02:20+00:00,-7.205269857748446e-06
2024-01-15 09:02:12+00:00,-1.0262370483938773e-06
2024-01-15 10:02:14+00:00,1.0237687022806606e-06
2024-01-15 11:02:03+00:00,2.041343351492271e-06
2024-01-15 12:02:03+00:00,5.034072073178218e-07
2024-01-15 13:02:17+00:00,-7.1571503983696915e-06
2024-01-15 14:02:13+00:00,1.0196810732450428e-06
2024-01-15 15:02:48+00:00,-3.400729611080195e-05
2024-01-15 16:02:29+00:00,-7.244485865175519e-06
2024-01-15 17:02:20+00:00,-1.5529493614272227e-06
2024-01-15 18:02:18+00:00,5.082434610140077e-07
2024-01-15 19:03:16+00:00,4.625118711380259e-06
2024-01-15 20:02:18+00:00,2.563533732653011e-06
2024-01-15 21:02:34+00:00,3.082044011588485e-06
2024-01-15 22:02:17+00:00,1.5431908248046318e-06
2024-01-15 23:02:22+00:00,5.070617625961563e-07
2024-01-16 00:02:19+00:00,1.0240213193836132e-06
2024-01-16 01:02:46+00:00,2.56e-06
2024-01-16 02:02:18+00:00,4.00068934954946e-05
2024-01-16 03:02:17+00:00,3.492830635317905e-05
2024-01-16 04:02:12+00:00,4.061909875217536e-05
2024-01-16 05:01:56+00:00,3.289692871509483e-05
2024-01-16 06:02:23+00:00,6.540496439873418e-05
2024-01-16 07:02:22+00:00,3.8239233974995036e-05
2024-01-16 08:02:17+00:00,2.375314580414812e-05
2024-01-16 09:02:25+00:00,2.263717535474788e-05
2024-01-16 10:02:31+00:00,2.2978222772337896e-05
2024-01-16 11:02:25+00:00,1.4760869033945111e-05
2024-01-16 12:02:29+00:00,1.887092823903992e-05
2024-01-16 13:02:17+00:00,4.9896735876034165e-05
2024-01-16 14:02:06+00:00,2.3997450730463773e-05
2024-01-16 15:02:35+00:00,2.211821078370835e-05
2024-01-16 16:02:43+00:00,3.0833364166697504e-05
2024-01-16 17:02:36+00:00,2.4120429683650344e-05
2024-01-16 18:02:34+00:00,2.1547743643415627e-05
2024-01-16 19:02:36+00:00,2.102024490800566e-05
2024-01-16 20:02:45+00:00,2.152336207214631e-05
2024-01-16 21:02:57+00:00,1.9445502229538e-05
2024-01-16 22:02:41+00:00,2.5528525032171087e-05
2024-01-16 23:02:39+00:00,2.2460482783972554e-05
2024-01-17 00:02:34+00:00,1.9936937931711387e-05
2024-01-17 01:02:32+00:00,2.096451498079071e-05
2024-01-17 02:02:47+00:00,1.9440726049099193e-05
2024-01-17 03:02:10+00:00,2.0992084951575635e-05
2024-01-17 04:02:11+00:00,2.3053940072051247e-05
2024-01-17 05:02:32+00:00,2.1558095988962255e-05
2024-01-17 06:02:19+00:00,1.9512134994884688e-05
2024-01-17 07:02:28+00:00,1.9553831711052918e-05
2024-01-17 08:02:37+00:00,1.8570561945204464e-05
2024-01-17 09:02:08+00:00,1.911839509695669e-05
2024-01-17 10:02:33+00:00,1.962826569455294e-05
2024-01-17 11:02:29+00:00,2.1674242330414537e-05
2024-01-17 12:02:49+00:00,1.960031697290872e-05
2024-01-17 13:02:27+00:00,1.9108675164922377e-05
2024-01-17 14:02:36+00:00,1.913477537437604e-05
2024-01-17 15:02:50+00:00,2.1234009224610568e-05
2024-01-17 16:01:12+00:00,1.710901240558936e-05
2024-01-17 17:02:56+00:00,1.869554921291738e-05
2024-01-17 18:02:31+00:00,1.8198612012581755e-05
2024-01-17 19:03:07+00:00,2.0251997158489013e-05
2024-01-17 20:02:22+00:00,2.1777545483959284e-05
2024-01-17 21:02:23+00:00,2.020289927145237e-05
2024-01-17 22:02:41+00:00,2.0203904015914457e-05
2024-01-17 23:02:31+00:00,1.9192447566382703e-05
2024-01-18 00:04:02+00:00,1.9704004281855638e-05
2024-01-18 01:02:52+00:00,2.0186335403726707e-05
2024-01-18 02:02:32+00:00,1.7594433399602388e-05
2024-01-18 03:02:17+00:00,1.8647902732539348e-05
2024-01-18 04:02:31+00:00,1.815713769785427e-05
2024-01-18 05:02:10+00:00,1.8155781084614906e-05
2024-01-18 06:04:53+00:00,2.072139303482587e-05
2024-01-18 07:01:17+00:00,1.966484055702555e-05
2024-01-18 08:01:22+00:00,1.861296206678331e-05
2024-01-18 09:01:08+00:00,1.913311232788269e-05
2024-01-18 10:01:08+00:00,1.914713849059417e-05
2024-01-18 11:01:17+00:00,1.7625970922127065e-05
2024-01-18 12:01:23+00:00,1.766952007786568e-05
2024-01-18 13:02:19+00:00,1.5646318108422727e-05
2024-01-18 14:01:22+00:00,1.0970823877527991e-05
2024-01-18 15:00:46+00:00,1.824735300743411e-05
2024-01-18 16:01:33+00:00,1.7193517731205922e-05
2024-01-18 17:03:29+00:00,1.0456429444297467e-06
2024-01-18 18:03:10+00:00,1.1098708744514066e-05
2024-01-18 19:01:22+00:00,1.2216894511324219e-05
2024-01-18 20:00:36+00:00,1.7596171073174475e-05
2024-01-18 21:01:33+00:00,1.4963105550208534e-05
2024-01-18 22:01:21+00:00,1.7101363747161533e-05
2024-01-18 23:02:45+00:00,1.7079670963278065e-05
2024-01-19 00:01:24+00:00,1.5477258167841127e-05
2024-01-19 01:00:04+00:00,1.1227737001488476e-05
2024-01-19 02:01:14+00:00,1.3947378588262567e-05
2024-01-19 03:01:04+00:00,1.075713160375531e-05
2024-01-19 04:01:03+00:00,1.1326420980415e-05
2024-01-19 05:01:01+00:00,1.5053124878968228e-05
2024-01-19 06:01:07+00:00,1.9323173638038312e-05
2024-01-19 07:00:58+00:00,1.7118493880748436e-05
2024-01-19 08:00:55+00:00,1.6017016478306556e-05
2024-01-19 09:00:59+00:00,1.8681529886603884e-05
2024-01-19 10:01:00+00:00,1.5993449083255498e-05
2024-01-19 11:01:14+00:00,1.4917162412844624e-05
2024-01-19 12:01:08+00:00,1.6514864657422093e-05
2024-01-19 13:01:08+00:00,1.600450686913435e-05
2024-01-19 14:01:11+00:00,1.8628064751050864e-05
2024-01-19 15:01:05+00:00,1.706392892803195e-05
2024-01-19 16:01:15+00:00,1.3396648907420279e-05
2024-01-19 17:03:38+00:00,-1.4680551205762605e-05
2024-01-19 18:01:21+00:00,5.426629619483688e-06
2024-01-19 19:00:50+00:00,8.105409225900999e-06
2024-01-19 20:02:48+00:00,6.950957844560651e-06
2024-01-19 21:01:38+00:00,6.390103008460496e-06
2024-01-19 22:01:26+00:00,7.455052300452674e-06
2024-01-19 23:02:10+00:00,5.312763403233634e-06
2024-01-20 00:02:29+00:00,6.371780657822635e-06
2024-01-20 01:02:09+00:00,7.431106125882683e-06
2024-01-20 02:01:51+00:00,7.4166422837660765e-06
2024-01-20 03:02:00+00:00,6.886368554371762e-06
2024-01-20 04:01:50+00:00,9.556209625014334e-06
2024-01-20 05:01:46+00:00,1.0607411180440596e-05
2024-01-20 06:01:38+00:00,7.970820420604254e-06
2024-01-20 07:01:50+00:00,9.000076271832813e-06
2024-01-20 08:01:41+00:00,8.958850027838236e-06
2024-01-20 09:01:51+00:00,6.338019242226419e-06
2024-01-20 10:01:52+00:00,5.275706386648405e-06
2024-01-20 11:01:52+00:00,6.858084553463904e-06
2024-01-20 12:01:45+00:00,8.961798435482646e-06
2024-01-20 13:01:58+00:00,6.309307490409853e-06
2024-01-20 14:01:47+00:00,7.88305332727915e-06
2024-01-20 15:02:04+00:00,7.355817151797318e-06
2024-01-20 16:02:00+00:00,8.932401402942142e-06
2024-01-20 17:02:07+00:00,9.457755359394704e-06
2024-01-20 18:02:01+00:00,8.367149515685263e-06
2024-01-20 19:02:31+00:00,8.367780276664447e-06
2024-01-20 20:00:27+00:00,1.6074007669704667e-05
2024-01-20 21:01:42+00:00,3.3252720677146316e-05
2024-01-20 22:00:45+00:00,4.920320625984065e-05
2024-01-20 23:01:13+00:00,5.715671085776459e-05
2024-01-21 00:02:44+00:00,8.764267077389915e-05
2024-01-21 01:00:38+00:00,0.0001663725623274965
2024-01-21 02:01:07+00:00,0.00012476500320833945
2024-01-21 03:01:51+00:00,0.0001352685668226496
2024-01-21 04:02:11+00:00,0.00015582149090002495
2024-01-21 05:01:57+00:00,0.0001580213811831838
2024-01-21 06:01:58+00:00,0.00016970703958830928
2024-01-21 07:01:46+00:00,0.00014074615777499188
2024-01-21 08:01:59+00:00,0.00012941382531527325
2024-01-21 09:01:56+00:00,0.00011739328680158535
2024-01-21 10:02:02+00:00,0.00015331152902698283
2024-01-21 11:00:55+00:00,0.0001624073408118047
2024-01-21 12:01:50+00:00,0.0001396103896103896
2024-01-21 13:01:49+00:00,0.00011684400027696357
2024-01-21 14:02:24+00:00,0.00015891468428949387
2024-01-21 15:02:13+00:00,0.00015445231570449043
2024-01-21 16:02:07+00:00,0.00011744231164266315
2024-01-21 17:02:06+00:00,0.00010698740240897261
2024-01-21 18:01:48+00:00,0.00015074317317663325
2024-01-21 19:02:02+00:00,0.00011827832910223863
2024-01-21 20:01:41+00:00,0.00011040523964914718
2024-01-21 21:02:10+00:00,0.00010666201198580322
2024-01-21 22:01:56+00:00,0.00013446675163406334
2024-01-21 23:01:54+00:00,0.00010883086762483747
2024-01-22 00:01:52+00:00,0.00013874980945792245
2024-01-22 01:01:45+00:00,6.770281408218533e-05
2024-01-22 02:01:31+00:00,3.667574737393084e-05
2024-01-22 03:00:57+00:00,9.988249118683901e-06
2024-01-22 04:02:06+00:00,6.653458213256483e-05
2024-01-22 05:01:00+00:00,1.8053800324968405e-05
2024-01-22 06:01:52+00:00,1.099943561847809e-05
2024-01-22 07:01:36+00:00,9.967333947566799e-06
2024-01-22 08:01:50+00:00,6.977857570317175e-06
2024-01-22 09:01:38+00:00,1.0513036164844407e-05
2024-01-22 10:01:47+00:00,8.0219700802197e-06
2024-01-22 11:02:01+00:00,8.07253157499212e-06
2024-01-22 12:01:41+00:00,1.5138670219207945e-05
2024-01-22 13:02:00+00:00,4.800883362538707e-05
2024-01-22 14:02:04+00:00,9.787974909966849e-05
2024-01-22 15:02:20+00:00,8.889471614002885e-05
2024-01-22 16:01:56+00:00,9.642938095749378e-05
2024-01-22 17:01:53+00:00,9.636615083812204e-05
2024-01-22 18:01:59+00:00,0.0001304321950174378
2024-01-22 19:05:43+00:00,4.795530565512942e-05
2024-01-22 20:02:03+00:00,3.0370028426346604e-06
2024-01-22 21:02:02+00:00,1.2661306997166107e-05
2024-01-22 22:01:39+00:00,1.3253867241041707e-05
2024-01-22 23:00:52+00:00,1.0256978562545406e-05
2024-01-23 00:02:05+00:00,2.1679612492412136e-05
2024-01-23 01:01:57+00:00,6.841754333975403e-05
2024-01-23 02:01:39+00:00,4.255895239501797e-05
2024-01-23 03:01:46+00:00,7.169282580105947e-05
2024-01-23 04:03:19+00:00,9.390856692447904e-05
2024-01-23 05:01:37+00:00,0.00012430959660716045
2024-01-23 06:00:59+00:00,0.00011713500117135003
2024-01-23 07:01:42+00:00,6.856061074747274e-05
2024-01-23 08:01:52+00:00,4.305761352741219e-05
2024-01-23 09:02:08+00:00,1.4722779903279164e-05
2024-01-23 10:01:41+00:00,-6.928702245104443e-06
2024-01-23 11:01:41+00:00,-3.2259313263739246e-05
2024-01-23 12:01:50+00:00,-8.097008641127623e-06
2024-01-23 13:01:56+00:00,-2.6944401264314215e-06
2024-01-23 14:02:36+00:00,-3.025979584689814e-05
2024-01-23 15:01:19+00:00,-1.4099359475082019e-05
2024-01-23 16:02:08+00:00,4.314924715577785e-06
2024-01-23 17:01:34+00:00,9.718172983479108e-06
2024-01-23 18:01:43+00:00,1.0216998191681737e-05
2024-01-23 19:01:23+00:00,8.613999689585597e-06
2024-01-23 20:01:30+00:00,8.654295961328552e-06
2024-01-23 21:01:37+00:00,3.785464337283572e-06
2024-01-23 22:00:23+00:00,1.3563164477798625e-05
2024-01-23 23:02:20+00:00,1.6174948240165631e-06
2024-01-24 00:01:27+00:00,7.494632917250511e-06
2024-01-24 01:02:20+00:00,1.0623456079048753e-06
2024-01-24 02:02:05+00:00,-2.133681689527542e-05
2024-01-24 03:02:10+00:00,-1.5993449083255496e-06
2024-01-24 04:02:14+00:00,2.1260245901639344e-06
2024-01-24 05:02:12+00:00,0.0
2024-01-24 06:02:05+00:00,0.0
2024-01-24 07:02:12+00:00,5.180234247665736e-07
2024-01-24 08:02:11+00:00,-1.0476406077070129e-05
2024-01-24 09:01:59+00:00,-2.0828889418673224e-06
2024-01-24 10:01:54+00:00,-5.126858486201249e-07
2024-01-24 11:00:54+00:00,1.0351063166427636e-06
2024-01-24 12:02:14+00:00,1.0363082455176547e-06
2024-01-24 13:02:06+00:00,3.955818777019767e-05
2024-01-24 14:02:02+00:00,4.564858772714108e-05
2024-01-24 15:02:08+00:00,1.0523523169437565e-05
2024-01-24 16:02:13+00:00,1.4737108190091e-05
2024-01-24 17:02:17+00:00,1.6317605571495377e-05
2024-01-24 18:03:59+00:00,2.6338416407455173e-05
2024-01-24 19:02:11+00:00,-2.6452137251415945e-05
2024-01-24 20:02:37+00:00,-4.237449895018133e-06
2024-01-24 21:02:19+00:00,-2.601060304837641e-05
2024-01-24 22:02:23+00:00,-5.301321507308432e-06
2024-01-24 23:02:07+00:00,1.1663292460878313e-05
2024-01-25 00:02:28+00:00,2.324873482744188e-05
2024-01-25 01:02:19+00:00,5.8067785872663926e-05
2024-01-25 02:01:59+00:00,8.301182801157418e-05
2024-01-25 03:02:28+00:00,7.641170627340109e-05
2024-01-25 04:02:18+00:00,7.390250127616131e-05
2024-01-25 05:02:43+00:00,3.628887636419531e-05
2024-01-25 06:02:19+00:00,2.303092650935511e-05
2024-01-25 07:02:06+00:00,1.715175377647392e-05
2024-01-25 08:02:14+00:00,1.4433439392384277e-05
2024-01-25 09:02:05+00:00,1.548082837810129e-05
2024-01-25 10:02:11+00:00,1.3862754886525096e-05
2024-01-25 11:02:04+00:00,1.2812956461573942e-05
2024-01-25 12:02:25+00:00,1.5976074231231307e-05
2024-01-25 13:02:30+00:00,1.3361742545790602e-05
2024-01-25 14:02:25+00:00,1.2340589978101248e-05
2024-01-25 15:02:03+00:00,1.1257783953476404e-05
2024-01-25 16:02:21+00:00,1.3422732254529045e-05
2024-01-25 17:02:16+00:00,1.1821642898625541e-05
2024-01-25 18:02:13+00:00,1.3430351821031855e-05
2024-01-25 19:02:21+00:00,1.2867197653023149e-05
2024-01-25 20:02:09+00:00,1.3363972476122008e-05
2024-01-25 21:02:30+00:00,1.3343245702859633e-05
2024-01-25 22:02:22+00:00,1.1737420074063633e-05
2024-01-25 23:02:26+00:00,1.2831699430272544e-05
2024-01-26 00:02:22+00:00,1.3357113529049476e-05
2024-01-26 01:02:17+00:00,1.3918519470505077e-05
2024-01-26 02:02:25+00:00,1.2297975583768727e-05
2024-01-26 03:02:23+00:00,1.1199426589358624e-05
2024-01-26 04:05:20+00:00,1.2792958755500972e-05
2024-01-26 05:02:39+00:00,1.3310488562697388e-05
2024-01-26 06:03:13+00:00,1.1190975597278356e-05
2024-01-26 07:03:19+00:00,1.1712506553121844e-05
2024-01-26 08:03:10+00:00,1.1744041437491186e-05
2024-01-26 09:03:11+00:00,1.3876787453231511e-05
2024-01-26 10:03:15+00:00,1.0652718809146247e-05
2024-01-26 11:02:04+00:00,5.298620575460764e-06
2024-01-26 12:02:17+00:00,4.9555192791971964e-05
2024-01-26 13:02:17+00:00,6.416309012875537e-05
2024-01-26 14:02:17+00:00,7.099941938252594e-05
2024-01-26 15:02:13+00:00,7.354405961191734e-05
2024-01-26 16:03:02+00:00,8.400120973839408e-05
2024-01-26 17:01:55+00:00,8.878164953622461e-05
2024-01-26 18:02:59+00:00,4.275611740409287e-05
2024-01-26 19:02:57+00:00,4.734725483339162e-05
2024-01-26 20:01:31+00:00,7.133484134621392e-05
2024-01-26 21:03:35+00:00,8.23307236299057e-05
2024-01-26 22:02:08+00:00,5.5786365001501657e-05
2024-01-26 23:02:45+00:00,4.011554477359977e-05
2024-01-27 00:02:51+00:00,3.389236545682103e-05
2024-01-27 01:02:16+00:00,4.1699508313628346e-05
2024-01-27 02:02:17+00:00,4.216694361498769e-05
2024-01-27 03:02:13+00:00,5.509806857313969e-05
2024-01-27 04:02:30+00:00,3.484351006853847e-05
2024-01-27 05:02:10+00:00,3.124375124975005e-05
2024-01-27 06:01:50+00:00,2.8717910148415567e-05
2024-01-27 07:02:37+00:00,2.8826312345865418e-05
2024-01-27 08:02:25+00:00,3.9899683675912736e-05
2024-01-27 09:03:00+00:00,4.0923743326281855e-05
2024-01-27 10:02:31+00:00,6.859110502306058e-05
2024-01-27 11:02:57+00:00,3.659271157514306e-05
2024-01-27 12:02:00+00:00,2.874096748293858e-05
2024-01-27 13:02:39+00:00,2.6641091219096334e-05
2024-01-27 14:02:08+00:00,2.6672189378820397e-05
2024-01-27 15:02:41+00:00,3.2435486909022416e-05
2024-01-27 16:01:31+00:00,4.445867389857748e-05
2024-01-27 17:02:28+00:00,3.815271121371039e-05
2024-01-27 18:02:57+00:00,3.034146709030856e-05
2024-01-27 19:02:10+00:00,4.287632890261199e-05
2024-01-27 20:02:47+00:00,0.00011803196490128486
2024-01-27 21:01:29+00:00,0.00017854376452362507
2024-01-27 22:02:37+00:00,0.0001683417712048283
2024-01-27 23:02:26+00:00,0.00012750817918320126
2024-01-28 00:02:14+00:00,0.00010436267118593378
2024-01-28 01:02:55+00:00,0.000130032583049324
2024-01-28 02:02:02+00:00,0.0001598072301159359
2024-01-28 03:02:16+00:00,0.00010060114254421448
2024-01-28 04:02:51+00:00,0.00012798955288850195
2024-01-28 05:01:26+00:00,0.00011592822960590584
2024-01-28 06:03:04+00:00,6.180698913433132e-05
2024-01-28 07:02:56+00:00,6.722188434757786e-05
2024-01-28 08:03:00+00:00,0.00010306804902911415
2024-01-28 09:01:18+00:00,0.00012323064113238966
2024-01-28 10:01:25+00:00,6.982286714415165e-05
2024-01-28 11:02:07+00:00,0.0001027818411722411
2024-01-28 12:02:48+00:00,9.323255929590771e-05
2024-01-28 13:02:48+00:00,0.0001489704834414732
2024-01-28 14:00:41+00:00,0.0001623016320344694
2024-01-28 15:03:14+00:00,0.00016882432635857296
2024-01-28 16:02:44+00:00,0.00011249952905421527
2024-01-28 17:02:38+00:00,7.110229896596727e-05
2024-01-28 18:02:31+00:00,5.6045862563174176e-05
2024-01-28 19:03:01+00:00,5.735903395311237e-05
2024-01-28 20:03:29+00:00,6.603271205781666e-05
2024-01-28 21:02:47+00:00,7.875773875976859e-05
2024-01-28 22:03:22+00:00,6.0147900521703896e-05
2024-01-28 23:03:27+00:00,5.020931117594824e-05
2024-01-29 00:03:00+00:00,7.66906602683729e-05
2024-01-29 01:03:46+00:00,6.881742290441037e-05
2024-01-29 02:03:22+00:00,8.452418690166741e-05
2024-01-29 03:03:10+00:00,9.704534521609238e-05
2024-01-29 04:03:16+00:00,7.741699002742772e-05
2024-01-29 05:03:08+00:00,8.215992112647571e-05
2024-01-29 06:03:34+00:00,5.428003997318255e-05
2024-01-29 07:02:52+00:00,5.380564136324505e-05
2024-01-29 08:03:15+00:00,4.810425337529185e-05
2024-01-29 09:00:09+00:00,5.6690870709716805e-05
2024-01-29 10:03:08+00:00,7.703142882295977e-05
2024-01-29 11:03:11+00:00,5.7559955694390856e-05
2024-01-29 12:02:43+00:00,4.846174789000817e-05
2024-01-29 13:03:29+00:00,8.093587095505066e-05
2024-01-29 14:03:22+00:00,4.6224961479198765e-05
2024-01-29 15:01:57+00:00,7.706060045619876e-05
2024-01-29 16:03:09+00:00,6.341762828382028e-05
2024-01-29 17:03:00+00:00,4.1294001052232325e-05
2024-01-29 18:02:42+00:00,4.173335125163403e-05
2024-01-29 19:03:00+00:00,7.167256313285347e-05
2024-01-29 20:02:51+00:00,6.431106573317775e-05
2024-01-29 21:03:01+00:00,4.206659124362858e-05
2024-01-29 22:02:50+00:00,3.506012048486622e-05
2024-01-29 23:03:00+00:00,3.969126303705332e-05
2024-01-30 00:03:17+00:00,3.6222478019152114e-05
2024-01-30 01:02:19+00:00,3.637481554353172e-05
2024-01-30 02:02:54+00:00,7.522444518133697e-05
2024-01-30 03:03:21+00:00,8.512772829597729e-05
2024-01-30 04:02:12+00:00,4.8419455862203954e-05
2024-01-30 05:02:46+00:00,4.544229025221206e-05
2024-01-30 06:02:27+00:00,3.989835127736106e-05
2024-01-30 07:02:41+00:00,4.100337081416234e-05
2024-01-30 08:02:32+00:00,7.120899119571098e-05
2024-01-30 09:02:17+00:00,5.121648369211099e-05
2024-01-30 10:02:13+00:00,4.155994483302138e-05
2024-01-30 11:02:50+00:00,7.27728983688833e-05
2024-01-30 12:03:03+00:00,6.496089577527042e-05
2024-01-30 13:02:57+00:00,4.603316843229442e-05
2024-01-30 14:02:27+00:00,4.058403521969146e-05
2024-01-30 15:03:07+00:00,6.788950058014664e-05
2024-01-30 16:03:14+00:00,7.954279520624716e-05
2024-01-30 17:02:31+00:00,7.53465943339361e-05
2024-01-30 18:03:31+00:00,4.455396868316904e-05
2024-01-30 19:03:22+00:00,3.996556812592228e-05
2024-01-30 20:02:21+00:00,4.152926120982428e-05
2024-01-30 21:03:06+00:00,7.066139061616732e-05
2024-01-30 22:02:49+00:00,5.63492844144986e-05
2024-01-30 23:03:22+00:00,3.963625580705743e-05
2024-01-31 00:02:42+00:00,3.889573453816761e-05
2024-01-31 01:03:30+00:00,3.593884770678901e-05
2024-01-31 02:03:24+00:00,3.913048922502849e-05
2024-01-31 03:03:09+00:00,4.222867295613222e-05
2024-01-31 04:03:41+00:00,4.7895138012470485e-05
2024-01-31 05:03:19+00:00,4.264935389225295e-05
2024-01-31 06:00:26+00:00,3.9553245714856826e-05
2024-01-31 07:03:38+00:00,3.910600543104204e-05
2024-01-31 08:02:50+00:00,5.377260366671262e-05
2024-01-31 09:03:46+00:00,6.217161774110625e-05
2024-01-31 10:02:47+00:00,5.7691339375629406e-05
2024-01-31 11:03:36+00:00,6.908598407655406e-05
2024-01-31 12:03:18+00:00,9.714249508965344e-05
2024-01-31 13:03:55+00:00,0.00010172815140934162
2024-01-31 14:03:53+00:00,5.4197084901609116e-05
2024-01-31 15:05:00+00:00,3.0022627580365837e-05
2024-01-31 16:03:19+00:00,3.683585558727673e-05
2024-01-31 17:02:58+00:00,7.434776051877544e-05
2024-01-31 18:02:15+00:00,3.655738732526798e-05
2024-01-31 19:06:54+00:00,3.396761285952611e-05
2024-01-31 20:03:58+00:00,3.7098352020468056e-05
2024-01-31 21:03:46+00:00,3.1437841100575945e-05
2024-01-31 22:04:10+00:00,3.0046556348362938e-05
2024-01-31 23:03:09+00:00,6.392827250361428e-05
2024-02-01 00:03:55+00:00,4.070704379052622e-05
2024-02-01 01:05:36+00:00,6.388533336712838e-05
2024-02-01 02:03:19+00:00,2.2335103124361852e-05
2024-02-01 03:03:25+00:00,7.605116029715862e-05
2024-02-01 04:03:45+00:00,7.692503597305522e-05
2024-02-01 05:06:01+00:00,5.77074596517982e-05
2024-02-01 06:03:34+00:00,7.81961371158992e-05
2024-02-01 07:04:33+00:00,4.1236328571066056e-05
2024-02-01 08:02:29+00:00,3.593308050379879e-05
2024-02-01 09:03:23+00:00,6.072551206651796e-05
2024-02-01 10:00:10+00:00,3.9593046827488344e-05
2024-02-01 11:03:47+00:00,3.752949833794311e-05
2024-02-01 12:02:53+00:00,3.440783705830782e-05
2024-02-01 13:02:54+00:00,4.2373851024066514e-05
2024-02-01 14:03:31+00:00,6.565252201761409e-05
2024-02-01 15:03:16+00:00,7.651387534355883e-05
2024-02-01 16:03:07+00:00,4.320331866241716e-05
2024-02-01 17:03:58+00:00,5.376004047814812e-05
2024-02-01 18:04:12+00:00,3.9414769502427956e-05
2024-02-01 19:03:47+00:00,3.985447953775853e-05
2024-02-01 20:01:05+00:00,4.7633407466043446e-05
2024-02-01 21:03:38+00:00,3.248321134837395e-05
2024-02-01 22:00:00+00:00,3.458945461863554e-05
2024-02-01 23:03:16+00:00,3.0441630441630438e-05
2024-02-02 00:03:41+00:00,2.838042381432896e-05
2024-02-02 01:04:19+00:00,5.145103771563945e-05
2024-02-02 02:03:02+00:00,3.4622987145429135e-05
2024-02-02 03:03:25+00:00,7.066582914572864e-05
2024-02-02 04:03:22+00:00,5.2231695085255767e-05
2024-02-02 05:03:54+00:00,3.134088857687293e-05
2024-02-02 06:03:17+00:00,2.923888659121956e-05
2024-02-02 07:03:08+00:00,2.872367101303912e-05
2024-02-02 08:03:35+00:00,3.7114643847476125e-05
2024-02-02 09:03:31+00:00,8.678085199824331e-05
2024-02-02 10:03:05+00:00,5.70298273155416e-05
2024-02-02 11:03:51+00:00,4.186449619413671e-05
2024-02-02 12:03:32+00:00,3.770644277418869e-05
2024-02-02 13:03:26+00:00,4.506691487220768e-05
2024-02-02 14:03:35+00:00,2.3688898434637593e-05
2024-02-02 15:02:35+00:00,0.0001266175390615108
2024-02-02 16:02:59+00:00,0.00017162821257991963
2024-02-02 17:03:08+00:00,8.25071268195464e-05
2024-02-02 18:01:02+00:00,8.406264975157003e-05
2024-02-02 19:03:03+00:00,0.00011587131028380003
2024-02-02 20:02:11+00:00,0.00013506907948890044
2024-02-02 21:03:37+00:00,0.00012767008116287018
2024-02-02 22:03:00+00:00,0.00011806003567227051
2024-02-02 23:03:04+00:00,0.0001473724103082365
2024-02-03 00:02:54+00:00,9.04478214772555e-05
2024-02-03 01:01:51+00:00,9.828310479242095e-05
2024-02-03 02:03:29+00:00,0.00010032905104703792
2024-02-03 03:02:10+00:00,9.201857788323195e-05
2024-02-03 04:03:21+00:00,8.043250608763674e-05
2024-02-03 05:00:09+00:00,7.35681763719147e-05
2024-02-03 06:02:50+00:00,6.246377907123239e-05
2024-02-03 07:02:22+00:00,9.730234671850739e-05
2024-02-03 08:02:53+00:00,6.793821730117801e-05
2024-02-03 09:02:42+00:00,3.5337165430097996e-05
2024-02-03 10:02:15+00:00,4.905311661349942e-05
2024-02-03 11:03:31+00:00,3.3217756630896945e-05
2024-02-03 12:02:41+00:00,3.164476848687375e-05
2024-02-03 13:02:54+00:00,6.003387174237254e-05
2024-02-03 14:01:56+00:00,3.5275976693335356e-05
2024-02-03 15:02:28+00:00,2.9002937006279117e-05
2024-02-03 16:03:19+00:00,4.958845131062429e-05
2024-02-03 17:03:34+00:00,3.2133237224477406e-05
2024-02-03 18:04:08+00:00,4.9435705809579114e-05
2024-02-03 19:02:32+00:00,3.101812124577255e-05
2024-02-03 20:03:08+00:00,3.941924415964479e-05
2024-02-03 21:02:56+00:00,2.840406998762845e-05
2024-02-03 22:02:30+00:00,3.0019212295869356e-05
2024-02-03 23:01:57+00:00,2.8479570654650395e-05
2024-02-04 00:03:27+00:00,2.8002891602937257e-05
2024-02-04 01:03:22+00:00,2.8050918515130722e-05
2024-02-04 02:03:00+00:00,5.868842473923305e-05
2024-02-04 03:02:26+00:00,3.4869714068344636e-05
2024-02-04 04:02:55+00:00,2.796706776440785e-05
2024-02-04 05:02:54+00:00,2.7463610082669782e-05
2024-02-04 06:02:52+00:00,2.9089108408034745e-05
2024-02-04 07:02:24+00:00,3.0172139998729598e-05
2024-02-04 08:02:59+00:00,2.700813421453991e-05
2024-02-04 09:02:49+00:00,2.754884004884005e-05
2024-02-04 10:02:54+00:00,5.71762553364505e-05
2024-02-04 11:02:50+00:00,3.4929949573854617e-05
2024-02-04 12:02:25+00:00,6.38926208522396e-05
2024-02-04 13:02:31+00:00,3.636248656168975e-05
2024-02-04 14:02:00+00:00,3.056177501170101e-05
2024-02-04 15:02:24+00:00,3.7459159638325354e-05
2024-02-04 16:02:28+00:00,8.644771134333644e-05
2024-02-04 17:02:31+00:00,8.610999092650468e-05
2024-02-04 18:02:59+00:00,5.137593899815031e-05
2024-02-04 19:02:59+00:00,4.8801682556074705e-05
2024-02-04 20:03:11+00:00,4.420698975660895e-05
2024-02-04 21:02:30+00:00,5.370840757730851e-05
2024-02-04 22:03:01+00:00,4.369030171324607e-05
2024-02-04 23:03:01+00:00,3.965383785704316e-05
2024-02-05 00:02:51+00:00,4.089333061390985e-05
2024-02-05 01:03:28+00:00,4.94777701167037e-05
2024-02-05 02:01:24+00:00,0.00010365744184257098
2024-02-05 03:03:03+00:00,9.315054412766122e-05
2024-02-05 04:02:59+00:00,8.335256854145828e-05
2024-02-05 05:02:54+00:00,4.1071862957225345e-05
2024-02-05 06:02:57+00:00,3.362840928015988e-05
2024-02-05 07:03:32+00:00,5.2758131147121644e-05
2024-02-05 08:03:03+00:00,5.7331413792664125e-05
2024-02-05 09:02:30+00:00,4.6580181187502384e-05
2024-02-05 10:00:48+00:00,3.438249895252727e-05
2024-02-05 11:02:34+00:00,6.749778509049487e-05
2024-02-05 12:02:24+00:00,4.29636896451974e-05
2024-02-05 13:02:56+00:00,3.398039978417176e-05
2024-02-05 14:02:30+00:00,4.226622083630762e-05
2024-02-05 15:02:31+00:00,2.1428750658670615e-05
2024-02-05 16:02:31+00:00,1.9458790549669793e-05
2024-02-05 17:02:39+00:00,2.0086283466565156e-05
2024-02-05 18:02:38+00:00,2.2742279561154e-05
2024-02-05 19:02:47+00:00,1.7997635903758406e-05
2024-02-05 20:03:11+00:00,2.166907716119865e-05
2024-02-05 21:04:20+00:00,1.8034540730551735e-05
2024-02-05 22:02:30+00:00,1.7051487048289096e-05
2024-02-05 23:02:47+00:00,1.4423076923076923e-05
2024-02-06 00:02:30+00:00,1.4930915703071979e-05
2024-02-06 01:02:45+00:00,1.4907817014856673e-05
2024-02-06 02:02:32+00:00,1.542823571483307e-05
2024-02-06 03:02:35+00:00,1.4864864864864865e-05
2024-02-06 04:02:49+00:00,3.3976932390237685e-05
2024-02-06 05:03:07+00:00,3.242477605083837e-05
2024-02-06 06:02:40+00:00,1.9691780821917806e-05
2024-02-06 07:02:34+00:00,2.4493448386065833e-05
2024-02-06 08:02:35+00:00,6.810896412561781e-05
2024-02-06 09:02:36+00:00,7.911807812400433e-05
2024-02-06 14:58:56+00:00,0.0001027643232328396
2024-02-06 16:02:31+00:00,8.821878667278944e-05
2024-02-06 17:03:32+00:00,8.47908213236323e-05
2024-02-06 18:03:22+00:00,7.988571428571429e-05
2024-02-06 19:03:22+00:00,8.453812205143814e-05
2024-02-06 20:02:59+00:00,8.175097473289787e-05
2024-02-06 21:03:30+00:00,7.857531611123066e-05
2024-02-06 22:03:00+00:00,7.067625389270071e-05
2024-02-06 23:03:29+00:00,2.111533586818758e-05
2024-02-07 00:03:31+00:00,9.530707940985856e-06
2024-02-07 01:03:30+00:00,7.46230740895985e-05
2024-02-07 02:03:29+00:00,9.302768122193185e-05
2024-02-07 03:03:22+00:00,9.723490613901575e-05
2024-02-07 04:03:53+00:00,2.9089847122758902e-05
2024-02-07 05:02:58+00:00,1.272944830571043e-05
2024-02-07 06:03:30+00:00,1.2204909991973807e-05
2024-02-07 07:03:22+00:00,1.0086583950727484e-05
2024-02-07 08:03:30+00:00,4.834164318231086e-05
2024-02-07 09:03:01+00:00,7.224460651808027e-05
2024-02-07 10:03:30+00:00,7.80036168207636e-05
2024-02-07 11:03:01+00:00,7.901134006185488e-05
2024-02-07 12:02:25+00:00,7.961479179139651e-05
2024-02-07 13:03:02+00:00,7.743717697380147e-05
2024-02-07 14:03:34+00:00,7.630093087135664e-05
2024-02-07 15:03:32+00:00,7.249634851082746e-05
2024-02-07 16:03:23+00:00,7.23924512987013e-05
2024-02-07 17:02:39+00:00,7.326948138213749e-05
2024-02-07 18:03:25+00:00,7.138267716535432e-05
2024-02-07 19:03:07+00:00,7.637450249224704e-05
2024-02-07 20:03:08+00:00,7.894043391514939e-05
2024-02-07 21:04:19+00:00,2.449735383537478e-05
2024-02-07 22:03:09+00:00,1.4572814077888315e-05
2024-02-07 23:03:07+00:00,1.0923708817617757e-05
2024-02-08 00:03:30+00:00,5.567350201064016e-05
2024-02-08 01:03:46+00:00,6.750592047862396e-05
2024-02-08 02:03:43+00:00,7.797392551930634e-05
2024-02-08 03:03:40+00:00,9.467152737896078e-05
2024-02-08 04:03:46+00:00,8.317320889376888e-05
2024-02-08 05:03:42+00:00,8.221966877326206e-05
2024-02-08 06:03:45+00:00,8.168183918380599e-05
2024-02-08 07:03:50+00:00,8.074821511184464e-05
2024-02-08 08:03:16+00:00,7.665352606219886e-05
2024-02-08 09:03:01+00:00,8.017694912712596e-05
2024-02-08 10:03:42+00:00,7.755056151703289e-05
2024-02-08 11:03:40+00:00,7.696724585580187e-05
2024-02-08 12:03:14+00:00,8.072197292601527e-05
2024-02-08 13:02:30+00:00,8.078356808686298e-05
2024-02-08 14:02:46+00:00,7.968550786230343e-05
2024-02-08 15:03:05+00:00,7.626696550865396e-05
2024-02-08 16:03:20+00:00,8.225828480611878e-05
2024-02-08 17:03:18+00:00,8.035136614741452e-05
2024-02-08 18:01:44+00:00,8.100899823026495e-05
2024-02-08 19:03:23+00:00,8.301266484850749e-05
2024-02-08 20:03:46+00:00,8.088903269161368e-05
2024-02-08 21:00:08+00:00,8.133144335024371e-05
2024-02-08 22:03:26+00:00,8.086991141634318e-05
2024-02-08 23:03:01+00:00,8.059101743351678e-05
2024-02-09 00:04:01+00:00,8.072802730102379e-05
2024-02-09 01:04:40+00:00,8.067860979936536e-05
2024-02-09 02:03:31+00:00,8.166756145980298e-05
2024-02-09 03:00:08+00:00,8.033937101910828e-05
2024-02-09 04:03:22+00:00,8.431730423014365e-05
2024-02-09 05:03:48+00:00,8.543981308875799e-05
2024-02-09 06:03:53+00:00,0.00014994663820704375
2024-02-09 07:03:35+00:00,0.00010699001426533523
2024-02-09 08:03:43+00:00,0.00011473061582346477
2024-02-09 09:03:53+00:00,9.315724815724816e-05
2024-02-09 10:03:52+00:00,8.746194638122361e-05
2024-02-09 11:04:00+00:00,8.789833918013884e-05
2024-02-09 12:03:51+00:00,8.880777098619499e-05
2024-02-09 13:03:16+00:00,8.408243135816057e-05
2024-02-09 14:02:04+00:00,8.439910182563702e-05
2024-02-09 15:03:28+00:00,7.710220239481329e-05
2024-02-09 16:03:45+00:00,0.00012991014435824414
2024-02-09 17:03:43+00:00,9.172754778245148e-05
2024-02-09 18:00:41+00:00,7.326971321757096e-05
2024-02-09 19:02:44+00:00,8.121758958453372e-05
2024-02-09 20:03:01+00:00,8.538785327720986e-05
2024-02-09 21:03:06+00:00,9.866378728573357e-05
2024-02-09 22:03:57+00:00,8.903133903133902e-05
2024-02-09 23:03:33+00:00,8.695278548454418e-05
2024-02-10 00:03:39+00:00,9.249809876603784e-05
2024-02-10 01:04:04+00:00,8.836907082521118e-05
2024-02-10 02:03:45+00:00,0.000131215841972404
2024-02-10 03:03:38+00:00,9.993758490288944e-05
2024-02-10 04:03:35+00:00,9.511891390340383e-05
2024-02-10 05:02:04+00:00,9.877795429549066e-05
2024-02-10 06:02:08+00:00,9.788806499767517e-05
2024-02-10 07:02:06+00:00,9.805603902630352e-05
2024-02-10 08:02:01+00:00,9.715148316785508e-05
2024-02-10 09:02:08+00:00,9.006829124496413e-05
2024-02-10 10:02:07+00:00,9.73306611255241e-05
2024-02-10 11:02:04+00:00,9.410211158967777e-05
2024-02-10 12:02:08+00:00,0.00012573124729453963
2024-02-10 13:01:40+00:00,0.00010355230782546336
2024-02-10 14:02:06+00:00,9.836227674432977e-05
2024-02-10 15:02:41+00:00,9.258459145505944e-05
2024-02-10 16:01:42+00:00,9.250807903890274e-05
2024-02-10 17:02:14+00:00,9.49998151275004e-05
2024-02-10 18:01:02+00:00,9.509122984492776e-05
2024-02-10 19:02:54+00:00,0.00014135034110114605
2024-02-10 20:02:09+00:00,0.00011095221657872677
2024-02-10 21:00:10+00:00,0.00013343104892348624
2024-02-10 22:02:45+00:00,0.00019169191888211408
2024-02-10 23:01:52+00:00,0.0001160505036871618
2024-02-11 00:02:14+00:00,9.766574212709557e-05
2024-02-11 01:02:19+00:00,9.256395149015566e-05
2024-02-11 02:02:23+00:00,9.512237032673e-05
2024-02-11 03:02:19+00:00,9.56314671838368e-05
2024-02-11 04:02:16+00:00,0.00017169234531670333
2024-02-11 05:02:16+00:00,0.00011388373682155408
2024-02-11 06:02:17+00:00,0.00011128727361424477
2024-02-11 07:02:21+00:00,0.00017848363149567967
2024-02-11 08:02:14+00:00,0.0002067354935762899
2024-02-11 09:02:20+00:00,0.00013547030241496845
2024-02-11 10:02:15+00:00,8.916373484216508e-05
2024-02-11 11:02:17+00:00,4.437397114360415e-05
2024-02-11 12:01:55+00:00,4.9967899410075955e-05
2024-02-11 13:02:21+00:00,3.4386493014674644e-05
2024-02-11 14:02:20+00:00,7.30033581544751e-05
2024-02-11 15:01:38+00:00,8.584177608719506e-05
2024-02-11 16:01:22+00:00,8.901559085304065e-05
2024-02-11 17:02:24+00:00,0.00010526251556054578
2024-02-11 18:01:58+00:00,9.962545902619346e-05
2024-02-11 19:02:02+00:00,0.0001175472020712733
2024-02-11 20:02:25+00:00,0.00011284753992362966
2024-02-11 21:02:09+00:00,9.983251219482377e-05
2024-02-11 22:02:02+00:00,0.00010125929744458354
2024-02-11 23:02:30+00:00,0.00010195147744180613
2024-02-12 00:02:28+00:00,9.952104803063323e-05
2024-02-12 01:02:01+00:00,0.0001582978828042393
2024-02-12 02:02:00+00:00,0.00010917433449785957
2024-02-12 03:02:27+00:00,9.685436605089397e-05
2024-02-12 04:02:30+00:00,3.979655129636522e-05
2024-02-12 05:02:34+00:00,2.5365696034202055e-05
2024-02-12 06:00:59+00:00,2.333163271654866e-05
2024-02-12 07:02:37+00:00,2.285593156936582e-05
2024-02-12 08:02:38+00:00,3.993377565882016e-05
2024-02-12 09:02:32+00:00,2.334121747790365e-05
2024-02-12 10:02:40+00:00,2.1322813412898554e-05
2024-02-12 11:02:32+00:00,2.188649040746392e-05
2024-02-12 12:02:14+00:00,1.9834358672363457e-05
2024-02-12 13:02:34+00:00,2.0360601922040817e-05
2024-02-12 14:02:41+00:00,1.82592360676268e-05
2024-02-12 15:02:31+00:00,4.5747229709493866e-05
2024-02-12 16:03:30+00:00,9.901725375646706e-05
2024-02-12 17:01:54+00:00,5.1790769230769235e-05
2024-02-12 18:02:47+00:00,6.769204456606724e-05
2024-02-12 19:02:41+00:00,4.0006321266198245e-05
2024-02-12 20:00:55+00:00,1.6224835073882032e-05
2024-02-12 21:01:49+00:00,1.420150053590568e-05
2024-02-12 22:02:46+00:00,1.1661594643944005e-05
2024-02-12 23:02:24+00:00,1.367997373445043e-05
2024-02-13 00:02:45+00:00,1.2654381017212877e-05
2024-02-13 01:01:17+00:00,-8.067349040033917e-06
2024-02-13 02:02:40+00:00,3.023047715785146e-06
2024-02-13 03:02:42+00:00,1.1082343262274057e-05
2024-02-13 04:02:36+00:00,2.5839950387295254e-05
2024-02-13 05:02:38+00:00,2.231284236153378e-05
2024-02-13 06:02:41+00:00,4.057459370625114e-05
2024-02-13 07:02:29+00:00,4.051442255096211e-05
2024-02-13 08:00:55+00:00,1.9727816828738267e-05
2024-02-13 09:02:20+00:00,2.5736051060325302e-05
2024-02-13 10:00:29+00:00,2.1663662864538604e-05
2024-02-13 11:00:15+00:00,2.3187142995449706e-05
2024-02-13 12:02:47+00:00,5.2541591890187704e-05
2024-02-13 13:01:48+00:00,4.499836171013191e-05
2024-02-13 14:02:53+00:00,3.3038492039285067e-05
2024-02-13 15:02:22+00:00,2.4098461538461538e-05
2024-02-13 16:01:17+00:00,2.7241434616855636e-05
2024-02-13 17:02:50+00:00,2.576057383131338e-05
2024-02-13 18:02:26+00:00,6.392773171637174e-05
2024-02-13 19:02:52+00:00,6.688731907325989e-05
2024-02-13 20:02:19+00:00,4.475750691426314e-05
2024-02-13 21:03:00+00:00,5.342391438364609e-05
2024-02-13 22:02:46+00:00,4.766942636765122e-05
2024-02-13 23:02:01+00:00,3.282240689442905e-05
2024-02-14 00:02:51+00:00,2.977863235221614e-05
2024-02-14 01:02:24+00:00,2.67704857248795e-05
2024-02-14 02:02:49+00:00,3.816633241724232e-05
2024-02-14 03:02:50+00:00,0.00010359714010044285
2024-02-14 04:02:55+00:00,6.791297261255031e-05
2024-02-14 05:02:51+00:00,3.751403229586865e-05
2024-02-14 06:02:47+00:00,6.966678962252551e-05
2024-02-14 07:02:21+00:00,5.06147390120003e-05
2024-02-14 08:02:28+00:00,3.6206959863887285e-05
2024-02-14 09:02:30+00:00,0.00010525994630217231
2024-02-14 10:02:35+00:00,0.000133223524852243
2024-02-14 11:02:33+00:00,5.530081810941911e-05
2024-02-14 12:02:58+00:00,3.116253257407586e-05
2024-02-14 13:02:37+00:00,2.263290039109652e-05
2024-02-14 14:02:50+00:00,5.5708125557081255e-05
2024-02-14 15:02:27+00:00,2.75645498953245e-05
2024-02-14 16:00:21+00:00,4.957515593639958e-05
2024-02-14 17:00:52+00:00,5.001140442491686e-05
2024-02-14 18:03:05+00:00,6.988199440093554e-05
2024-02-14 19:03:02+00:00,6.316915229935714e-05
2024-02-14 20:03:02+00:00,4.18780242642418e-05
2024-02-14 21:03:06+00:00,2.569353937814187e-05
2024-02-14 22:02:48+00:00,4.2422208593216615e-05
2024-02-14 23:02:34+00:00,1.7849283017119558e-05
2024-02-15 00:03:11+00:00,1.5515154336794077e-05
2024-02-15 01:02:55+00:00,4.541658934867323e-05
2024-02-15 02:02:55+00:00,6.714399180412786e-05
2024-02-15 03:03:15+00:00,3.8816303997791786e-05
2024-02-15 04:02:05+00:00,3.49199058391227e-05
2024-02-15 05:03:12+00:00,2.1571560055223196e-05
2024-02-15 06:02:50+00:00,1.7825126372164577e-05
2024-02-15 07:02:43+00:00,1.5002033583173551e-05
2024-02-15 08:03:15+00:00,1.7481906227054997e-05
2024-02-15 09:03:06+00:00,1.4610484483665479e-05
2024-02-15 10:02:15+00:00,-3.88896025786259e-06
2024-02-15 11:03:08+00:00,-7.765405468431179e-06
2024-02-15 12:02:14+00:00,-4.321225046323812e-05
2024-02-15 13:03:23+00:00,-3.2474634645815875e-05
2024-02-15 14:02:31+00:00,-3.7278917888767514e-05
2024-02-15 15:03:28+00:00,-4.3392231054951926e-06
2024-02-15 16:03:03+00:00,2.422684609032438e-05
2024-02-15 17:02:58+00:00,-3.6632398279156465e-05
2024-02-15 18:03:23+00:00,-4.75311110588346e-05
2024-02-15 19:03:06+00:00,-2.4963289280469894e-05
2024-02-15 20:03:32+00:00,-3.5176998932964365e-05
2024-02-15 21:03:05+00:00,-6.111026366121821e-05
2024-02-15 22:03:00+00:00,-4.252947732738898e-05
2024-02-15 23:03:32+00:00,-4.846498184766135e-05
2024-02-16 00:03:07+00:00,-3.029485585606718e-05
2024-02-16 01:03:23+00:00,-3.074526522915471e-05
2024-02-16 02:02:55+00:00,-9.725286913476468e-06
2024-02-16 03:01:22+00:00,-3.382423023723455e-06
2024-02-16 04:03:30+00:00,2.897408557785916e-06
2024-02-16 05:03:24+00:00,-5.061841237518946e-05
2024-02-16 06:02:36+00:00,-3.180109858340561e-05
2024-02-16 07:03:27+00:00,-5.302679687138427e-05
2024-02-16 08:03:21+00:00,-6.454431087503495e-05
2024-02-16 09:02:24+00:00,-3.3078018821661254e-05
2024-02-16 10:02:25+00:00,-3.899978938007536e-05
2024-02-16 11:02:55+00:00,-3.0090165653176768e-05
2024-02-16 12:02:53+00:00,-3.0438311688311688e-05
2024-02-16 13:03:36+00:00,-2.5402669121030832e-05
2024-02-16 14:03:42+00:00,-6.226790374688144e-05
2024-02-16 15:03:51+00:00,-4.7819433817903595e-05
2024-02-16 16:03:14+00:00,2.2913984786424813e-05
2024-02-16 17:03:18+00:00,-5.354846252776803e-06
2024-02-16 18:03:32+00:00,9.765959192283802e-05
2024-02-16 19:03:26+00:00,9.970791446233973e-05
2024-02-16 20:02:09+00:00,7.135149083913952e-05
2024-02-16 21:02:30+00:00,5.373127324346837e-06
2024-02-16 22:03:07+00:00,-1.121490950808925e-05
2024-02-16 23:00:30+00:00,-5.408344637260863e-05
2024-02-17 00:02:59+00:00,-4.849445694368348e-06
2024-02-17 01:03:39+00:00,3.2498835584536567e-05
2024-02-17 02:03:33+00:00,-4.392849612257808e-06
2024-02-17 03:02:53+00:00,1.0778753147725401e-05
2024-02-17 04:02:32+00:00,-8.329509758938341e-06
2024-02-17 05:02:35+00:00,-1.076633756464504e-05
2024-02-17 06:02:29+00:00,6.863668471862491e-06
2024-02-17 07:03:50+00:00,-6.86504245021961e-06
2024-02-17 08:03:23+00:00,-5.87426718516865e-06
2024-02-17 09:03:28+00:00,2.4536480787805967e-05
2024-02-17 10:02:29+00:00,2.6568422544192144e-05
2024-02-17 11:00:03+00:00,3.9447521658855276e-05
2024-02-17 12:03:52+00:00,4.918129692025774e-06
2024-02-17 13:03:48+00:00,7.3895411390534296e-06
2024-02-17 14:03:51+00:00,7.690750378106726e-05
2024-02-17 15:03:36+00:00,1.9017984790417722e-05
2024-02-17 16:03:24+00:00,8.023129743404408e-06
2024-02-17 17:03:30+00:00,4.5181267244183665e-06
2024-02-17 18:03:52+00:00,8.51176378653266e-06
2024-02-17 19:03:53+00:00,9.518652226233455e-06
2024-02-17 20:00:33+00:00,1.701902621362724e-05
2024-02-17 21:03:28+00:00,8.29077657100386e-05
2024-02-17 22:03:59+00:00,4.381289289384994e-05
2024-02-17 23:03:50+00:00,2.9346450488311564e-05
2024-02-18 00:03:59+00:00,2.7368622250892976e-05
2024-02-18 01:04:03+00:00,2.6914197538248065e-05
2024-02-18 02:03:51+00:00,2.4455414699609385e-05
2024-02-18 03:03:25+00:00,4.847823218206029e-05
2024-02-18 04:03:25+00:00,6.344505066250974e-05
2024-02-18 05:03:54+00:00,6.43319649076612e-05
2024-02-18 06:03:56+00:00,8.002958756367888e-05
2024-02-18 07:03:54+00:00,3.929786852946445e-05
2024-02-18 08:03:57+00:00,6.765777061317094e-05
2024-02-18 09:03:30+00:00,6.753438699373047e-05
2024-02-18 10:03:52+00:00,4.2120664224199456e-05
2024-02-18 11:03:54+00:00,3.418752601224805e-05
2024-02-18 12:03:28+00:00,5.8513360709397126e-05
2024-02-18 13:03:31+00:00,9.135761273715321e-05
2024-02-18 14:03:32+00:00,0.0001051290943662477
2024-02-18 15:03:44+00:00,0.00013640980296096263
2024-02-18 16:01:14+00:00,6.710408589322995e-05
2024-02-18 17:04:03+00:00,4.570168117324431e-05
2024-02-18 18:03:32+00:00,0.0001541325302633295
2024-02-18 19:02:42+00:00,6.828365248561457e-05
2024-02-18 20:03:59+00:00,3.919793014230272e-05
2024-02-18 21:02:21+00:00,2.895170789163722e-05
2024-02-18 22:03:48+00:00,4.658004989879019e-05
2024-02-18 23:03:58+00:00,5.710370031978072e-05
2024-02-19 00:03:30+00:00,3.759345630112265e-05
2024-02-19 01:04:00+00:00,6.099503419844467e-05
2024-02-19 02:01:14+00:00,3.856746082900704e-05
2024-02-19 03:03:30+00:00,7.096525817214588e-05
2024-02-19 04:03:41+00:00,5.816388255548835e-05
2024-02-19 05:03:36+00:00,3.6360886158428745e-05
2024-02-19 06:03:31+00:00,4.36610043195287e-05
2024-02-19 07:03:09+00:00,4.0622098421541315e-05
2024-02-19 08:03:05+00:00,0.00010363257751041183
2024-02-19 09:00:04+00:00,0.00013554377271990554
2024-02-19 10:02:35+00:00,0.0002059882596765043
2024-02-19 11:03:33+00:00,0.0002193121478893606
2024-02-19 12:03:31+00:00,0.00019144760387443863
2024-02-19 13:03:41+00:00,0.00016235560746042575
2024-02-19 14:03:44+00:00,0.00017427121471937714
2024-02-19 15:03:46+00:00,0.00021948644164162306
2024-02-19 16:03:46+00:00,0.0001334508502695977
2024-02-19 17:02:24+00:00,7.00824971108848e-05
2024-02-19 18:03:48+00:00,8.73697886986848e-05
2024-02-19 19:02:13+00:00,5.355842737531853e-05
2024-02-19 20:02:15+00:00,7.961689809579809e-05
2024-02-19 21:00:57+00:00,5.4812849256231795e-05
2024-02-19 22:02:28+00:00,4.7179648170779565e-05
2024-02-19 23:02:43+00:00,5.488260971498108e-05
2024-02-20 00:02:10+00:00,5.345725985517111e-05
2024-02-20 01:02:12+00:00,7.650109048827169e-05
2024-02-20 02:03:58+00:00,4.842531124969266e-05
2024-02-20 03:03:40+00:00,3.971823718775588e-05
2024-02-20 04:03:13+00:00,3.8487538870611564e-05
2024-02-20 05:03:07+00:00,9.225867678958786e-05
2024-02-20 06:02:36+00:00,6.92465970243748e-05
2024-02-20 07:02:33+00:00,4.2447223951553566e-05
2024-02-20 08:03:52+00:00,3.9738858927050806e-05
2024-02-20 09:02:42+00:00,6.299609424215698e-05
2024-02-20 10:01:19+00:00,5.000577034045008e-05
2024-02-20 11:01:54+00:00,0.00018389877385452196
2024-02-20 12:02:35+00:00,0.00021142542248346805
2024-02-20 13:02:11+00:00,0.00011333509313562337
2024-02-20 14:02:25+00:00,0.00010390665217639991
2024-02-20 15:02:24+00:00,5.51761467678594e-05
2024-02-20 16:02:52+00:00,3.1173629868687224e-05
2024-02-20 17:01:44+00:00,3.927738103655518e-05
2024-02-20 18:03:03+00:00,5.634304015182967e-05
2024-02-20 19:02:42+00:00,7.351008276989023e-05
2024-02-20 20:02:23+00:00,7.969679795976198e-05
2024-02-20 21:02:18+00:00,9.049178788198968e-05
2024-02-20 22:02:44+00:00,6.38713678864405e-05
2024-02-20 23:02:16+00:00,4.8118985126859146e-05
2024-02-21 00:02:14+00:00,5.81003509261196e-05
2024-02-21 01:02:20+00:00,4.559160816364547e-05
2024-02-21 02:01:48+00:00,1.0210749877471001e-05
2024-02-21 03:02:45+00:00,-3.753978655682456e-05
2024-02-21 04:02:44+00:00,-4.790055377713392e-07
2024-02-21 05:02:50+00:00,-3.171517245417813e-05
2024-02-21 06:01:50+00:00,-3.224822927904686e-05
2024-02-21 07:01:49+00:00,-3.727380826240007e-05
2024-02-21 08:00:02+00:00,-1.0832544938505205e-05
2024-02-21 09:02:24+00:00,-2.461276313765398e-06
2024-02-21 10:02:55+00:00,-4.471365376131256e-06
2024-02-21 11:01:19+00:00,-1.9880715705765407e-06
2024-02-21 12:02:49+00:00,-4.4981287784281745e-06
2024-02-21 13:02:23+00:00,6.474699602661688e-06
2024-02-21 14:02:53+00:00,6.981199856304633e-06
2024-02-21 15:02:02+00:00,4.000768916548525e-06
2024-02-21 16:02:47+00:00,9.001116138401163e-06
2024-02-21 17:03:33+00:00,2.4449555571527828e-05
2024-02-21 18:03:20+00:00,1.7509517347392188e-05
2024-02-21 19:03:49+00:00,1.8101294845957984e-05
2024-02-21 20:03:36+00:00,9.521287480289371e-06
2024-02-21 21:02:42+00:00,9.012581563863154e-06
2024-02-21 22:03:18+00:00,1.0472018765857628e-05
2024-02-21 23:03:27+00:00,9.42227516378797e-06
2024-02-22 00:02:21+00:00,1.1359324606336559e-05
2024-02-22 01:02:54+00:00,7.411535907409165e-06
2024-02-22 02:02:53+00:00,9.42081631194693e-06
2024-02-22 03:02:46+00:00,8.455043767987867e-06
2024-02-22 04:03:46+00:00,6.955795501998449e-06
2024-02-22 05:03:42+00:00,1.4906328630883528e-06
2024-02-22 06:03:55+00:00,-1.9766846473523144e-06
2024-02-22 07:03:47+00:00,1.136201907111343e-05
2024-02-22 08:03:27+00:00,2.3600490890210514e-05
2024-02-22 09:00:59+00:00,2.940311673037342e-06
2024-02-22 10:03:19+00:00,4.887447718407821e-06
2024-02-22 11:03:42+00:00,4.1678436911487766e-05
2024-02-22 12:03:20+00:00,3.290652707036408e-05
2024-02-22 13:02:56+00:00,4.1291601288297956e-05
2024-02-22 14:03:19+00:00,5.386011315249493e-05
2024-02-22 15:03:21+00:00,1.68009397135772e-05
2024-02-22 16:03:28+00:00,8.373050131863714e-06
2024-02-22 17:03:50+00:00,2.9562358839736538e-06
2024-02-22 18:37:14+00:00,-1.7214305111160964e-05
2024-02-22 20:12:26+00:00,0.00011992308690471979
2024-02-22 22:29:02+00:00,-0.00021322532338132467
2024-02-23 00:42:55+00:00,2.222959915586802e-05
2024-02-23 02:49:09+00:00,-5.878935198909113e-05
2024-02-23 05:37:17+00:00,3.072878250731638e-05
2024-02-23 08:19:23+00:00,1.1431162446602868e-05
2024-02-23 11:50:15+00:00,-5.468582201751664e-05
2024-02-23 13:30:57+00:00,2.9430429004178693e-05
2024-02-23 15:09:55+00:00,0.0002731072480288781
2024-02-23 16:00:36+00:00,3.954305799648506e-06
2024-02-23 17:07:25+00:00,7.523075278269443e-05
2024-02-23 18:22:19+00:00,0.00018508742989112504
2024-02-23 20:02:58+00:00,5.183585313174946e-05
2024-02-23 21:20:06+00:00,-5.5227749950144864e-05
2024-02-23 23:39:34+00:00,-5.523985414594876e-05
2024-02-24 02:10:49+00:00,-2.913668638351845e-05
2024-02-24 03:19:36+00:00,7.89258499934821e-06
2024-02-24 05:47:44+00:00,-8.331960364346743e-06
2024-02-24 07:02:06+00:00,2.2582356061052507e-05
2024-02-24 08:02:41+00:00,2.6489598417687988e-05
2024-02-24 09:02:05+00:00,2.7465476849181213e-05
2024-02-24 10:02:37+00:00,2.448255192111047e-05
2024-02-24 11:02:34+00:00,3.523070238276984e-05
2024-02-24 12:02:43+00:00,3.322855333223861e-05
2024-02-24 13:02:37+00:00,3.173301147216331e-05
2024-02-24 14:02:11+00:00,3.121670198939147e-05
2024-02-24 15:02:14+00:00,2.9249687028348797e-05
2024-02-24 16:02:34+00:00,2.719716487334025e-05
2024-02-24 17:01:42+00:00,2.7669688002423284e-05
2024-02-24 18:02:39+00:00,2.2265348099427095e-05
2024-02-24 19:01:45+00:00,2.661013996167025e-05
2024-02-24 20:02:48+00:00,3.343334263652433e-05
2024-02-24 21:02:39+00:00,3.5406988252005545e-05
2024-02-24 22:02:39+00:00,3.1539348481848566e-05
2024-02-24 23:02:15+00:00,2.4701547188673322e-05
2024-02-25 00:02:42+00:00,2.8545547452036976e-05
2024-02-25 01:02:15+00:00,2.6639225125289243e-05
2024-02-25 02:00:59+00:00,2.6661235889677645e-05
2024-02-25 03:02:44+00:00,4.310825892857143e-05
2024-02-25 04:02:51+00:00,5.094199017256235e-05
2024-02-25 05:02:43+00:00,4.21894276203999e-05
2024-02-25 06:02:15+00:00,4.65045981421413e-05
2024-02-25 07:02:46+00:00,4.0133701631809845e-05
2024-02-25 08:02:42+00:00,4.015607218338482e-05
2024-02-25 09:02:47+00:00,6.186200816629546e-05
2024-02-25 10:02:42+00:00,4.397095666697597e-05
2024-02-25 11:02:16+00:00,6.3880694092778e-05
2024-02-25 12:02:44+00:00,7.159693919020912e-05
2024-02-25 13:02:21+00:00,6.725119033793984e-05
2024-02-25 14:02:42+00:00,5.996517701683111e-05
2024-02-25 15:02:44+00:00,0.00010320638962842923
2024-02-25 16:02:46+00:00,6.0253369584080524e-05
2024-02-25 17:02:28+00:00,2.8509128024310467e-05
2024-02-25 18:02:46+00:00,2.3203740442959402e-05
2024-02-25 19:02:20+00:00,2.2242085834020177e-05
2024-02-25 20:02:24+00:00,7.529684332464523e-05
2024-02-25 21:02:56+00:00,3.4709366901147724e-05
2024-02-25 22:02:50+00:00,2.848104932621114e-05
2024-02-25 23:02:24+00:00,4.3943433406746265e-05
2024-02-26 00:02:48+00:00,4.881727166208425e-05
2024-02-26 01:03:09+00:00,4.888759802497822e-05
2024-02-26 02:06:13+00:00,7.527069711062158e-05
2024-02-26 03:02:14+00:00,7.599850341408661e-05
2024-02-26 04:02:16+00:00,0.00010374777892078931
2024-02-26 05:00:45+00:00,6.333539929601347e-05
2024-02-26 06:02:19+00:00,9.059453393495897e-05
2024-02-26 07:01:47+00:00,0.00011660583728821466
2024-02-26 08:02:15+00:00,9.622450050736557e-05
2024-02-26 09:02:16+00:00,0.0001079711921186866
2024-02-26 10:02:25+00:00,0.00011412315143535607
2024-02-26 11:02:14+00:00,0.00015704728026573063
2024-02-26 12:02:23+00:00,0.0001101654902145943
2024-02-26 13:02:18+00:00,0.00010093119992436955
2024-02-26 14:02:20+00:00,0.00012869606224946947
2024-02-26 15:01:01+00:00,0.0001432107454982697
2024-02-26 16:02:33+00:00,0.00014596135940409685
2024-02-26 17:02:27+00:00,0.00015917957478242802
2024-02-26 18:03:13+00:00,0.00010155908662358867
2024-02-26 19:01:35+00:00,0.00011190047170352687
2024-02-26 20:02:19+00:00,0.00016469784131685367
2024-02-26 21:01:21+00:00,7.372874627102686e-05
2024-02-26 22:02:23+00:00,0.0001371404657686087
2024-02-26 23:03:00+00:00,0.00010244408603363296
2024-02-27 00:03:21+00:00,9.009321919956976e-05
2024-02-27 01:03:24+00:00,0.00011504961163740852
2024-02-27 02:02:34+00:00,0.00017567900957678244
2024-02-27 03:02:40+00:00,0.00018403676273757476
2024-02-27 04:02:04+00:00,0.0001250972978983654
2024-02-27 05:02:20+00:00,0.0001189288847918078
2024-02-27 06:01:53+00:00,0.00012934443977993327
2024-02-27 07:01:18+00:00,0.00010834903529359911
2024-02-27 08:02:18+00:00,0.00014312524693796917
2024-02-27 09:00:04+00:00,0.00011009444778075012
2024-02-27 10:02:24+00:00,0.00019505782262029455
2024-02-27 11:00:30+00:00,0.00019310090583526436
2024-02-27 12:01:59+00:00,0.00010725099433466615
2024-02-27 13:02:20+00:00,0.00017703995023354385
2024-02-27 14:02:09+00:00,0.00021759524678167507
2024-02-27 15:01:47+00:00,0.0001426148836338289
2024-02-27 16:02:14+00:00,0.0001423365975859713
2024-02-27 17:01:20+00:00,0.00017222789168238654
2024-02-27 18:01:09+00:00,0.00014577920397494955
2024-02-27 19:01:10+00:00,0.00023516999802509174
2024-02-27 20:00:51+00:00,0.00021293745327174594
2024-02-27 21:01:57+00:00,0.00017288572356139925
2024-02-27 22:01:55+00:00,0.0001606299212598425
2024-02-27 23:03:18+00:00,0.00011695549589130258
2024-02-28 00:02:56+00:00,0.00013047102959566487
2024-02-28 01:02:34+00:00,0.00017455033392059656
2024-02-28 02:01:10+00:00,0.0001664864419521941
2024-02-28 03:02:23+00:00,0.0001869979373322139
2024-02-28 04:02:25+00:00,0.00015138315917324565
2024-02-28 05:01:59+00:00,0.00022692613850601196
2024-02-28 06:01:55+00:00,0.00021461698719626461
2024-02-28 07:02:23+00:00,0.0003079915282670693
2024-02-28 08:02:00+00:00,0.00024831214836424254
2024-02-28 09:02:06+00:00,0.0002770594262295082
2024-02-28 10:02:27+00:00,0.00016617365049573628
2024-02-28 11:00:25+00:00,0.00018524970375846948
2024-02-28 12:02:26+00:00,0.00010344443205885631
2024-02-28 13:02:53+00:00,0.0001346886912325286
2024-02-28 14:00:59+00:00,0.00014472045286534547
2024-02-28 15:02:39+00:00,0.00013094708759448642
2024-02-28 16:02:32+00:00,0.00015459097490347492
2024-02-28 17:00:45+00:00,0.0002675997373954577
2024-02-28 18:04:55+00:00,0.00012125704663591772
2024-02-28 19:00:54+00:00,0.00013677007721115168
2024-02-28 20:01:34+00:00,0.0003707959917826161
2024-02-28 21:03:35+00:00,0.00028830512979533977
2024-02-28 22:02:52+00:00,0.00026954855495394135
2024-02-28 23:02:34+00:00,0.0003307454363264061
2024-02-29 00:02:58+00:00,0.00027545837996040284
2024-02-29 01:02:29+00:00,0.0003471164403855204
2024-02-29 02:03:32+00:00,0.00034320249659355634
2024-02-29 03:03:56+00:00,0.0003875562550286912
2024-02-29 04:00:59+00:00,0.0009034270567880611
2024-02-29 05:00:53+00:00,0.0013677679238540753
2024-02-29 06:01:53+00:00,0.0013235480598529038
2024-02-29 07:00:22+00:00,0.0012127405236571165
2024-02-29 08:03:11+00:00,0.0010663154393049721
2024-02-29 09:03:48+00:00,0.0007922816932191615
2024-02-29 10:02:06+00:00,0.0006754210966899023
2024-02-29 11:02:09+00:00,0.00074634429067099
2024-02-29 12:02:28+00:00,0.0005582380413026952
2024-02-29 13:00:41+00:00,0.0006104208323283877
2024-02-29 14:02:03+00:00,0.0004554018732302331
2024-02-29 15:01:32+00:00,0.00046645357545436295
2024-02-29 16:01:57+00:00,0.0005822774194532119
2024-02-29 17:02:08+00:00,0.0008249497910847435
2024-02-29 18:03:01+00:00,0.0005149039884132002
2024-02-29 19:02:40+00:00,0.0006301343858511236
2024-02-29 20:02:17+00:00,0.0006727792331507502
2024-02-29 21:02:22+00:00,0.0006426329816593337
2024-02-29 22:02:33+00:00,0.00038415051311288485
2024-02-29 23:01:45+00:00,0.00013035017823443068
2024-03-01 00:01:46+00:00,0.000172585485438945
2024-03-01 01:00:25+00:00,0.00023104084676773718
2024-03-01 02:03:00+00:00,0.00029700910055739866
2024-03-01 03:04:03+00:00,0.0004367068633313401
2024-03-01 04:02:11+00:00,0.0003409325734093257
2024-03-01 05:02:48+00:00,0.0003511596655385228
2024-03-01 06:02:38+00:00,0.00023215823287852698
2024-03-01 07:02:38+00:00,0.00019089638518346991
2024-03-01 08:02:20+00:00,0.0001770475928105721
2024-03-01 09:02:22+00:00,0.0002722403256967074
2024-03-01 10:00:41+00:00,0.0003684348804177374
2024-03-01 11:02:51+00:00,0.00034840828285488543
2024-03-01 12:02:29+00:00,0.00028197423126003374
2024-03-01 13:03:02+00:00,0.000527345763349723
2024-03-01 14:02:05+00:00,0.0005870920722325694
2024-03-01 15:02:12+00:00,0.000455116603547937
2024-03-01 16:02:47+00:00,0.0004206841928412564
2024-03-01 17:01:30+00:00,0.0004815296566077003
2024-03-01 18:01:56+00:00,0.0004835534158290201
2024-03-01 19:00:34+00:00,0.0007266472810120512
2024-03-01 20:02:57+00:00,0.0005650193509973206
2024-03-01 21:00:25+00:00,0.0006307240947900587
2024-03-01 22:00:38+00:00,0.0006363491326797007
2024-03-01 23:01:48+00:00,0.000740462193535546
2024-03-02 00:03:08+00:00,0.0006376422688997871
2024-03-02 01:01:01+00:00,0.0006487958217134591
2024-03-02 02:02:16+00:00,0.0006247752191831622
2024-03-02 03:03:03+00:00,0.000588212906317837
2024-03-02 04:03:31+00:00,0.0006343280423280424
2024-03-02 05:02:25+00:00,0.0007057174058547927
2024-03-02 06:00:55+00:00,0.000616210102152628
2024-03-02 07:00:51+00:00,0.0005220662374932134
2024-03-02 08:00:22+00:00,0.0005518410684381319
2024-03-02 09:00:06+00:00,0.0005383872690669552
2024-03-02 10:03:03+00:00,0.0005028292967772433
2024-03-02 11:00:09+00:00,0.000618463466425314
2024-03-02 12:00:45+00:00,0.0006265357125356145
2024-03-02 13:03:35+00:00,0.00040052929686132556
2024-03-02 14:03:02+00:00,0.00044560536980749746
2024-03-02 15:02:49+00:00,0.0004859523043369445
2024-03-02 16:01:43+00:00,0.00039955043551559427
2024-03-02 17:00:52+00:00,0.0003661068834563124
2024-03-02 18:03:44+00:00,0.00020022732668139014
2024-03-02 19:02:14+00:00,0.0004330572637116553
2024-03-02 20:02:26+00:00,0.0004711815561959654
2024-03-02 21:01:54+00:00,0.000480640418232315
2024-03-02 22:03:21+00:00,0.0004558299389002036
2024-03-02 23:03:24+00:00,0.00042884214382326425
2024-03-03 00:03:28+00:00,0.0005158582547848485
2024-03-03 01:02:13+00:00,0.00037475839106082195
2024-03-03 02:02:54+00:00,0.0002731469644023978
2024-03-03 03:00:56+00:00,0.0002593769229668427
2024-03-03 04:00:05+00:00,0.00035892079073328136
2024-03-03 05:03:27+00:00,0.0005693422921214948
2024-03-03 06:00:02+00:00,0.0006631002420073877
2024-03-03 07:03:32+00:00,0.00034585222267580516
2024-03-03 08:01:34+00:00,0.00025754231052244297
2024-03-03 09:02:11+00:00,0.0003547057459398401
2024-03-03 10:03:06+00:00,0.00026927564850552014
2024-03-03 11:01:00+00:00,0.00043089086859688204
2024-03-03 12:03:07+00:00,0.0005366128042544487
2024-03-03 13:00:33+00:00,0.0006068473425175697
2024-03-03 14:04:14+00:00,0.0005842965524138819
2024-03-03 15:03:41+00:00,0.0005737872620486884
2024-03-03 16:04:06+00:00,0.0005799052105557067
2024-03-03 17:03:32+00:00,0.00039316847536025615
2024-03-03 18:04:01+00:00,0.0003747777983190887
2024-03-03 19:00:34+00:00,0.0005362915033955739
2024-03-03 20:02:25+00:00,0.0005449115599216276
2024-03-03 21:00:26+00:00,0.0007143008027038445
2024-03-03 22:02:06+00:00,0.0006255556284009702
2024-03-03 23:03:04+00:00,0.0006249632374566201
2024-03-04 00:00:08+00:00,0.0007055869633180492
2024-03-04 01:02:54+00:00,0.0006175541826027262
2024-03-04 02:01:53+00:00,0.000660165065868892
2024-03-04 03:02:32+00:00,0.0006105448222815444
2024-03-04 04:03:01+00:00,0.0007069662776866943
2024-03-04 05:02:04+00:00,0.0006947012315161092
2024-03-04 06:00:23+00:00,0.0004934950539596839
2024-03-04 07:00:47+00:00,0.0005945723988885458
2024-03-04 08:00:23+00:00,0.0005298050139275766
2024-03-04 09:00:32+00:00,0.0005763493698022991
2024-03-04 10:01:18+00:00,0.0005887643700680599
2024-03-04 11:00:25+00:00,0.0003857056270165363
2024-03-04 12:00:41+00:00,0.00043927506958642265
2024-03-04 13:01:30+00:00,0.00046804985409763095
2024-03-04 14:01:10+00:00,0.0004805243584059898
2024-03-04 15:01:59+00:00,0.00035471358020180613
2024-03-04 16:01:28+00:00,0.00048324311391572213
2024-03-04 17:00:33+00:00,0.0004198273531898252
2024-03-04 18:00:05+00:00,0.00027072452651408333
2024-03-04 19:01:05+00:00,0.00022380955102087462
2024-03-04 20:02:10+00:00,0.00020072461295202992
2024-03-04 21:01:44+00:00,0.00021400493337688523
2024-03-04 22:02:59+00:00,0.00022391551861550721
2024-03-04 23:00:25+00:00,0.00022781131862551485
2024-03-05 00:01:25+00:00,0.0003587217870162104
2024-03-05 01:36:30+00:00,0.0004780456641874766
2024-03-05 03:01:56+00:00,0.0009069289203775226
2024-03-05 04:00:46+00:00,0.0008389216176755867
2024-03-05 05:01:31+00:00,0.0006002941736682821
2024-03-05 06:02:12+00:00,0.0006050832593431853
2024-03-05 07:01:47+00:00,0.0008190474120127823
2024-03-05 08:01:42+00:00,0.0007562691633815156
2024-03-05 09:00:23+00:00,0.00086208800614022
2024-03-05 10:04:18+00:00,0.0008536832657403098
2024-03-05 11:03:29+00:00,0.0008930225192757138
2024-03-05 12:00:58+00:00,0.0010113859894249472
2024-03-05 13:02:42+00:00,0.0009312593012543406
2024-03-05 14:00:02+00:00,0.0006023079314373921
2024-03-05 15:00:13+00:00,0.0004548637548122809
2024-03-05 16:00:39+00:00,0.0003250698247234501
2024-03-05 17:02:49+00:00,0.0001497417138048712
2024-03-05 18:03:13+00:00,0.00017594738566453509
2024-03-05 19:00:44+00:00,0.00047230324280179054
2024-03-05 20:02:25+00:00,0.0002153357017814849
2024-03-05 21:01:54+00:00,0.0001646209635641513
2024-03-05 22:00:53+00:00,0.00048258926145318187
2024-03-05 23:02:09+00:00,0.0003164796267245887
2024-03-06 00:04:25+00:00,0.0005810474963181148
2024-03-06 01:01:40+00:00,0.0006085385239253852
2024-03-06 02:00:21+00:00,0.0006462043479970122
2024-03-06 03:01:26+00:00,0.00047771175331545577
2024-03-06 04:03:13+00:00,0.0004664239589699982
2024-03-06 05:00:04+00:00,0.000736073783709375
2024-03-06 06:07:37+00:00,0.0006036877826646843
2024-03-06 07:02:36+00:00,0.0006065855247535604
2024-03-06 08:00:22+00:00,0.0007343598741529525
2024-03-06 09:01:25+00:00,0.0006901449087622401
2024-03-06 10:02:47+00:00,0.0005118001225374682
2024-03-06 11:00:08+00:00,0.0006071077706101674
2024-03-06 12:00:27+00:00,0.0004938834380954077
2024-03-06 13:02:37+00:00,0.00031023393047854077
2024-03-06 14:03:49+00:00,0.0003556910197033213
2024-03-06 15:01:19+00:00,0.00043114868933649583
2024-03-06 16:01:49+00:00,0.00024038354054624721
2024-03-06 17:02:59+00:00,0.0003497590548733095
2024-03-06 18:00:40+00:00,0.0005533494120066559
2024-03-06 19:01:11+00:00,0.0007587601842458458
2024-03-06 20:00:30+00:00,0.0006076035259451003
2024-03-06 21:00:27+00:00,0.0005756130104224359
2024-03-06 22:01:37+00:00,0.000613349520702127
2024-03-06 23:01:55+00:00,0.0004971472090883127
2024-03-07 00:03:18+00:00,0.0001724214296109287
2024-03-07 01:02:21+00:00,0.0001693014869274821
2024-03-07 02:02:48+00:00,0.0003132017499494234
2024-03-07 03:02:10+00:00,0.00036676853281245074
2024-03-07 04:02:41+00:00,0.0003580695714726133
2024-03-07 05:00:06+00:00,0.0002714846798106435
2024-03-07 06:01:53+00:00,0.00018440969052249966
2024-03-07 07:03:26+00:00,0.0002908014839329561
2024-03-07 08:01:02+00:00,0.0002722330045463005
2024-03-07 09:01:49+00:00,0.00043250607314030597
2024-03-07 10:00:59+00:00,0.00041143641354071366
2024-03-07 11:02:11+00:00,0.0005717037936822031
2024-03-07 12:04:09+00:00,0.0003514446499752495
2024-03-07 13:03:55+00:00,0.00047806007648961227
2024-03-07 14:01:36+00:00,0.0004450606539909863
2024-03-07 15:00:38+00:00,0.0002824043658976043
2024-03-07 16:00:36+00:00,0.0002525295975756953
2024-03-07 17:00:01+00:00,0.0004409099995486113
2024-03-07 18:03:10+00:00,0.00040772667576545723
2024-03-07 19:10:33+00:00,0.0003141694029994047
2024-03-07 20:01:36+00:00,0.0004176955392361222
2024-03-07 21:02:20+00:00,0.000625241619614426
2024-03-07 22:02:08+00:00,0.0006482705611068408
2024-03-07 23:01:10+00:00,0.0008348791075730055
2024-03-08 00:01:43+00:00,0.0005784917990773961
2024-03-08 01:02:39+00:00,0.0005253570202322063
2024-03-08 02:01:13+00:00,0.0002944759726253893
2024-03-08 03:00:44+00:00,0.0002664187216786975
2024-03-08 04:00:18+00:00,0.00032733299739546966
2024-03-08 05:02:54+00:00,0.0004226741538928517
2024-03-08 06:01:41+00:00,0.0006256942575420225
2024-03-08 07:03:26+00:00,0.0006027819765129216
2024-03-08 08:02:21+00:00,0.0005133466123397893
2024-03-08 09:00:28+00:00,0.00046924935645247467
2024-03-08 10:01:52+00:00,0.0005247638932724757
2024-03-08 11:00:07+00:00,0.0005998642039104468
2024-03-08 12:00:14+00:00,0.0006004120503960196
2024-03-08 13:01:43+00:00,0.0004527667653802064
2024-03-08 14:01:36+00:00,0.0003470759592052257
2024-03-08 15:00:50+00:00,0.0003603656392827845
2024-03-08 16:00:49+00:00,0.00016860292634302058
2024-03-08 17:01:35+00:00,0.00016408846109774265
2024-03-08 18:00:11+00:00,0.0002792334181763737
2024-03-08 19:02:01+00:00,0.00015829558020903937
2024-03-08 20:01:03+00:00,0.00023221335048139615
2024-03-08 21:02:24+00:00,0.00026323646087390905
2024-03-08 22:01:50+00:00,0.0002866082307155447
2024-03-08 23:02:01+00:00,0.0003926382569076135
2024-03-09 00:03:37+00:00,0.00036759064658520866
2024-03-09 01:03:23+00:00,0.0002320846124328473
2024-03-09 02:03:04+00:00,0.0001420719748678116
2024-03-09 03:03:30+00:00,0.0001529242683390346
2024-03-09 04:00:43+00:00,0.00024856760153654605
2024-03-09 05:01:05+00:00,0.00040231382838225717
2024-03-09 06:03:38+00:00,0.0004566737201444989
2024-03-09 07:02:40+00:00,0.00047888019470785004
2024-03-09 08:03:54+00:00,0.0005355200603994385
2024-03-09 09:00:00+00:00,0.0005952712674892261
2024-03-09 10:02:18+00:00,0.0005246212573064536
2024-03-09 11:02:29+00:00,0.0003228399035077693
2024-03-09 12:00:45+00:00,0.0003396902505891972
2024-03-09 13:03:38+00:00,0.00032199858290600346
2024-03-09 14:02:33+00:00,0.0002577103335850504
2024-03-09 15:04:02+00:00,0.00021622298703855033
2024-03-09 16:01:11+00:00,0.0003763643897241624
2024-03-09 17:01:07+00:00,0.000343419307380871
2024-03-09 18:00:32+00:00,0.00045394067772802106
2024-03-09 19:02:02+00:00,0.00038972941841018086
2024-03-09 20:00:37+00:00,0.00024618741209174574
2024-03-09 21:00:04+00:00,0.00019535065660799105
2024-03-09 22:01:34+00:00,0.00036625141061668844
2024-03-09 23:02:34+00:00,0.00040107593466986606
2024-03-10 00:02:56+00:00,0.0004235095363001823
2024-03-10 01:00:34+00:00,0.0005911733733644023
2024-03-10 02:01:01+00:00,0.0005372901320498442
2024-03-10 03:02:59+00:00,0.0005885916089843199
2024-03-10 04:02:55+00:00,0.0005509553418730817
2024-03-10 05:03:00+00:00,0.0005193035835023665
2024-03-10 06:02:37+00:00,0.0005099245665390678
2024-03-10 07:02:30+00:00,0.000535179539295393
2024-03-10 08:02:09+00:00,0.0004607479174212242
2024-03-10 09:00:10+00:00,0.0004343035731473251
2024-03-10 10:02:23+00:00,0.0006213826965275032
2024-03-10 11:02:01+00:00,0.0006184642021740128
2024-03-10 12:03:14+00:00,0.0005119090757452878
2024-03-10 13:02:25+00:00,0.00039458324682215614
2024-03-10 14:00:04+00:00,0.00031203014045870443
2024-03-10 15:00:14+00:00,0.0001557810113917607
2024-03-10 16:01:50+00:00,0.00017054995801847188
2024-03-10 17:01:41+00:00,0.0003937597956695884
2024-03-10 18:01:07+00:00,0.0004667884375634224
2024-03-10 19:03:34+00:00,0.0004923593919903755
2024-03-10 20:02:43+00:00,0.0005541406416711363
2024-03-10 21:01:29+00:00,0.0006829674139126415
2024-03-10 22:00:48+00:00,0.0006139188984893767
2024-03-10 23:00:15+00:00,0.00043788400930753145
2024-03-11 00:00:40+00:00,0.00025322794239364345
2024-03-11 01:00:15+00:00,0.0002633149184483666
2024-03-11 02:03:43+00:00,0.00016615533569332242
2024-03-11 03:02:59+00:00,0.00022155728560341485
2024-03-11 04:00:05+00:00,0.000192181840135233
2024-03-11 05:00:48+00:00,0.0001788935658448587
2024-03-11 06:02:07+00:00,0.000228640767993879
2024-03-11 07:03:37+00:00,0.00030370829509017444
2024-03-11 08:03:20+00:00,0.0003302234909141544
2024-03-11 09:02:58+00:00,0.00028263265177944373
2024-03-11 10:00:32+00:00,0.00022815509189643137
2024-03-11 11:02:08+00:00,0.00045220113680110517
2024-03-11 12:01:00+00:00,0.000491353871075541
2024-03-11 13:00:45+00:00,0.00036919682009788665
2024-03-11 14:01:45+00:00,0.00026846514707057334
2024-03-11 15:00:25+00:00,0.00016926201760324982
2024-03-11 16:01:09+00:00,0.00011760773423840377
2024-03-11 17:04:01+00:00,0.0002359475213645821
2024-03-11 18:06:00+00:00,0.0001368462152400967
2024-03-11 19:00:49+00:00,0.0002824042828218122
2024-03-11 20:02:22+00:00,0.0003039505003053775
2024-03-11 21:00:28+00:00,0.0002516828144536491
2024-03-11 22:03:09+00:00,0.00036056508280801644
2024-03-11 23:04:03+00:00,0.0004368750494311184
2024-03-12 00:00:26+00:00,0.00040230590308959783
2024-03-12 01:03:26+00:00,0.00043103207771410715
2024-03-12 02:01:20+00:00,0.0003806437493687081
2024-03-12 03:01:11+00:00,0.0004686438146973137
2024-03-12 04:03:04+00:00,0.0002810583692936634
2024-03-12 05:00:13+00:00,0.0002628030805091524
2024-03-12 06:00:28+00:00,0.0003293646932222114
2024-03-12 07:02:48+00:00,0.0005068735168965537
2024-03-12 08:00:45+00:00,0.00047617393519403
2024-03-12 09:00:05+00:00,0.00043420359729910013
2024-03-12 10:06:42+00:00,0.000333475799322018
2024-03-12 11:01:39+00:00,0.0002818414682039589
2024-03-12 12:02:09+00:00,0.00029374286967968406
2024-03-12 13:00:28+00:00,0.00025808963437838465
2024-03-12 14:00:04+00:00,0.00024015580198898638
2024-03-12 15:00:46+00:00,0.00022364928353300447
2024-03-12 16:08:06+00:00,0.0003293846389120896
2024-03-12 17:03:38+00:00,0.0002588675251786585
2024-03-12 18:00:07+00:00,0.00015743114163422242
2024-03-12 19:04:56+00:00,0.00032866105751795167
2024-03-12 20:00:27+00:00,0.0003609528555047937
2024-03-12 21:01:04+00:00,0.0002501145102577084
2024-03-12 22:01:34+00:00,0.00013651833805865035
2024-03-12 23:01:36+00:00,0.00018454399536573296
2024-03-13 00:02:56+00:00,0.0002533517846231264
2024-03-13 01:02:58+00:00,0.00027204898446833936
2024-03-13 02:03:43+00:00,0.00021495078005614982
2024-03-13 03:03:25+00:00,0.0002505650610734403
2024-03-13 04:03:06+00:00,0.00023438321436498942
2024-03-13 05:00:36+00:00,0.0002256971486359251
2024-03-13 06:00:30+00:00,0.0003661385310550709
2024-03-13 07:01:20+00:00,0.0003750144887219788
2024-03-13 08:04:46+00:00,0.0003107454465504872
2024-03-13 09:02:42+00:00,0.0002243875632682574
2024-03-13 10:02:30+00:00,0.00020879471829145783
2024-03-13 11:01:18+00:00,0.00019986077719085808
2024-03-13 12:00:32+00:00,0.0001702306005932074
2024-03-13 13:07:01+00:00,0.00017834077031470173
2024-03-13 14:03:15+00:00,0.00015253816263403498
2024-03-13 15:05:12+00:00,0.00016599571785558796
2024-03-13 16:09:07+00:00,0.00019012040421414748
2024-03-13 17:02:01+00:00,0.00020681353433517214
2024-03-13 18:05:04+00:00,0.0002673844453555322
2024-03-13 19:01:10+00:00,0.0002716116021116318
2024-03-13 20:09:23+00:00,0.00034974823766364553
2024-03-13 21:01:13+00:00,0.00036780480301031244
2024-03-13 22:01:54+00:00,0.00036304390290101276
2024-03-13 23:05:22+00:00,0.00025020875404923633
2024-03-14 00:01:33+00:00,0.00022737915050610158
2024-03-14 01:01:05+00:00,0.00012868470287767648
2024-03-14 02:06:57+00:00,0.00016303112249171385
2024-03-14 03:02:22+00:00,0.0001514154989991421
2024-03-14 04:00:08+00:00,0.000265575021275347
2024-03-14 05:00:56+00:00,0.0001848429453596986
2024-03-14 06:00:20+00:00,0.00029428473911942486
2024-03-14 07:04:12+00:00,0.0005648137659465437
2024-03-14 08:00:58+00:00,0.0006007281553398058
2024-03-14 09:00:01+00:00,0.0004295925392078825
2024-03-14 10:00:29+00:00,0.00031296240698247947
2024-03-14 11:01:00+00:00,0.0003511557193983263
2024-03-14 12:00:36+00:00,0.0003673458240017479
2024-03-14 13:00:22+00:00,0.0004701845215111948
2024-03-14 14:00:04+00:00,0.00041208284946324495
2024-03-14 15:01:56+00:00,0.0004089186163786893
2024-03-14 16:02:48+00:00,0.0001591758077186082
2024-03-14 17:02:21+00:00,0.00012080957453474529
2024-03-14 18:02:02+00:00,0.00013995684526351147
2024-03-14 19:04:38+00:00,0.0002059958427598562
2024-03-14 20:00:41+00:00,0.0001416290277519091
2024-03-14 21:04:17+00:00,0.00014121037463976947
2024-03-14 22:14:35+00:00,0.00020148658654667653
2024-03-14 23:06:55+00:00,0.00017039123524454323
2024-03-15 00:02:47+00:00,0.00017116496910532403
2024-03-15 01:02:30+00:00,0.00018460142492270466
2024-03-15 02:06:24+00:00,0.00012997612911521195
2024-03-15 03:09:56+00:00,5.045093413905564e-05
2024-03-15 04:05:33+00:00,6.509723764045274e-05
2024-03-15 05:00:52+00:00,3.995920081598367e-06
2024-03-15 06:00:31+00:00,0.00021416549619799488
2024-03-15 07:01:42+00:00,0.0001861754588535277
2024-03-15 08:02:24+00:00,0.00024376383322366452
2024-03-15 09:02:08+00:00,0.0001507295814314849
2024-03-15 10:04:37+00:00,4.3894004932885484e-05
2024-03-15 11:03:00+00:00,0.00015848944025258866
2024-03-15 12:01:31+00:00,0.00012559063506586288
2024-03-15 13:01:21+00:00,0.00017203570069792244
2024-03-15 14:02:10+00:00,0.0002218930336411487
2024-03-15 15:09:51+00:00,0.00020553952896166125
2024-03-15 16:06:08+00:00,0.0001062740470307679
2024-03-15 17:40:23+00:00,9.063716704777208e-05
2024-03-15 19:05:00+00:00,7.097242911914821e-05
2024-03-15 20:07:55+00:00,0.00015051348861049922
2024-03-15 21:09:41+00:00,0.00013462243458701743
2024-03-15 22:06:53+00:00,9.634454174327651e-05
2024-03-15 23:15:49+00:00,0.00012308771232987236
2024-03-16 00:32:52+00:00,0.0002197251672481773
2024-03-16 02:04:37+00:00,0.000215701596410366
2024-03-16 03:01:19+00:00,0.0002609284427505239
2024-03-16 04:09:34+00:00,0.00026831458462749634
2024-03-16 05:02:09+00:00,0.00026904415032841125
2024-03-16 06:07:25+00:00,0.00022429766792730264
2024-03-16 07:25:54+00:00,0.00017608745641784182
2024-03-16 09:11:51+00:00,0.0003528221827511348
2024-03-16 10:02:32+00:00,0.00040088116615481583
2024-03-16 11:04:21+00:00,0.00034846600589471594
2024-03-16 12:02:46+00:00,0.000354631325422113
2024-03-16 13:02:06+00:00,0.0003464773486995002
2024-03-16 14:04:14+00:00,0.00028567447768158014
2024-03-16 15:02:23+00:00,0.00022612734258298928
2024-03-16 16:08:58+00:00,0.00022014281230382923
2024-03-16 17:00:38+00:00,0.00022196367059069605
2024-03-16 18:01:23+00:00,0.00014399713438538537
2024-03-16 19:00:20+00:00,-3.6929083872024687e-06
2024-03-16 20:00:04+00:00,-3.428978987216767e-05
2024-03-16 21:02:38+00:00,4.238167727650152e-05
2024-03-16 22:05:23+00:00,5.0658915270343926e-05
2024-03-16 23:01:30+00:00,5.5671761866452144e-05
2024-03-17 00:00:27+00:00,-2.2881361898660206e-05
2024-03-17 01:03:40+00:00,0.00020893065992478414
2024-03-17 02:00:38+00:00,0.0003856435885444659
2024-03-17 03:01:09+00:00,0.0004019431400536466
2024-03-17 04:00:59+00:00,0.000408234157571273
2024-03-17 05:03:38+00:00,0.0003430215392643555
2024-03-17 06:03:34+00:00,0.0003231199116875948
2024-03-17 07:02:31+00:00,0.0002656828372281432
2024-03-17 08:00:54+00:00,0.00014839833460786816
2024-03-17 09:06:47+00:00,7.688221644440716e-05
2024-03-17 10:02:12+00:00,7.624497265259578e-05
2024-03-17 11:02:50+00:00,0.00011252788004192084
2024-03-17 12:05:45+00:00,0.00015071539574513693
2024-03-17 13:01:49+00:00,0.00015697917368740313
2024-03-17 14:02:07+00:00,0.0001689007502218398
2024-03-17 15:04:10+00:00,0.00016741210212800096
2024-03-17 16:03:45+00:00,0.00016994199751039544
2024-03-17 17:04:01+00:00,0.00031833476281586064
2024-03-17 18:00:19+00:00,0.00041080745341614904
2024-03-17 19:05:16+00:00,0.0004069460812720158
2024-03-17 20:02:19+00:00,0.0004249411366799787
2024-03-17 21:03:00+00:00,0.00039979355609366576
2024-03-17 22:02:38+00:00,0.00035724469560483713
2024-03-17 23:07:32+00:00,0.0003927928044268529
2024-03-18 00:04:03+00:00,0.0004211215559157212
2024-03-18 01:03:19+00:00,0.00040071818235529676
2024-03-18 02:00:02+00:00,0.00038126613366431416
2024-03-18 03:02:19+00:00,0.0003363095630613402
2024-03-18 04:00:43+00:00,0.00033805345955544995
2024-03-18 05:02:51+00:00,0.00032187140989581265
2024-03-18 06:01:07+00:00,0.00033534540576794097
2024-03-18 07:01:41+00:00,0.00031565424727383206
2024-03-18 08:03:40+00:00,0.00028774640383590836
2024-03-18 09:02:52+00:00,0.00024513314844233825
2024-03-18 10:00:27+00:00,0.0001405227871121848
2024-03-18 11:01:17+00:00,4.613639142899847e-05
2024-03-18 12:04:42+00:00,0.00014545503748004222
2024-03-18 13:00:52+00:00,0.00020200274144648438
2024-03-18 14:03:03+00:00,0.00020799682698159787
2024-03-18 15:01:47+00:00,7.577465373099238e-05
2024-03-18 16:03:34+00:00,2.4300661672302108e-05
2024-03-18 17:00:23+00:00,5.681802368461335e-05
2024-03-18 18:04:26+00:00,3.628369551475649e-05
2024-03-18 19:02:55+00:00,1.024200063222226e-05
2024-03-18 20:04:11+00:00,-6.722052260798787e-06
2024-03-18 21:01:43+00:00,-9.032646264500512e-06
2024-03-18 22:03:02+00:00,5.254356566029585e-05
2024-03-18 23:03:58+00:00,6.952745349941352e-05
2024-03-19 00:03:08+00:00,6.425172785051921e-05
2024-03-19 01:05:24+00:00,5.394510308917598e-05
2024-03-19 02:00:05+00:00,-1.7621208536751475e-05
2024-03-19 03:00:46+00:00,-3.7178092129125864e-05
2024-03-19 04:01:05+00:00,3.672608947944441e-06
2024-03-19 05:02:01+00:00,9.564167339590911e-06
2024-03-19 06:01:17+00:00,-2.0273254725809473e-05
2024-03-19 07:00:06+00:00,-5.383371615087041e-05
2024-03-19 08:01:29+00:00,-2.438690648138294e-05
2024-03-19 09:00:18+00:00,5.653507090839401e-05
2024-03-19 10:01:41+00:00,5.401109542217387e-05
2024-03-19 11:03:22+00:00,2.5895021443222078e-05
2024-03-19 12:02:25+00:00,-3.793508625854998e-05
2024-03-19 13:01:00+00:00,7.852059537762662e-05
2024-03-19 14:05:19+00:00,0.00011204914087509264
2024-03-19 15:05:50+00:00,0.00012116259619885059
2024-03-19 16:02:52+00:00,0.00010258177906395357
2024-03-19 17:01:53+00:00,0.00012303541315345702
2024-03-19 18:03:36+00:00,0.00011959025743105724
2024-03-19 19:03:32+00:00,0.00012231102479832686
2024-03-19 20:06:37+00:00,0.00012377182494003016
2024-03-19 21:03:47+00:00,0.00011782354970821645
2024-03-19 22:00:50+00:00,7.260589144947762e-05
2024-03-19 23:04:08+00:00,7.884252945773255e-05
2024-03-20 00:03:45+00:00,7.740776864366108e-06
2024-03-20 01:04:10+00:00,0.00010015639806775195
2024-03-20 02:00:29+00:00,0.00015382642354148208
2024-03-20 03:04:54+00:00,0.00015611788160640452
2024-03-20 04:08:42+00:00,0.0001312954224237135
2024-03-20 05:03:34+00:00,0.00013275611016298988
2024-03-20 06:02:38+00:00,0.0001294889118512042
2024-03-20 07:03:17+00:00,3.596205017739483e-05
2024-03-20 08:02:29+00:00,1.8307253526555153e-05
2024-03-20 09:03:32+00:00,8.766167422218523e-05
2024-03-20 10:02:57+00:00,0.00012029713392078432
2024-03-20 11:03:06+00:00,0.00012996549987597997
2024-03-20 12:02:56+00:00,0.00014675681322945584
2024-03-20 13:05:03+00:00,0.0001320767323425042
2024-03-20 14:01:35+00:00,0.00013462626563430613
2024-03-20 15:03:50+00:00,0.00010840605997532003
2024-03-20 16:03:31+00:00,8.526347350273594e-05
2024-03-20 17:06:48+00:00,6.918957623955452e-05
2024-03-20 18:01:13+00:00,0.00011448359383870112
2024-03-20 19:01:23+00:00,0.00012704225144148068
2024-03-20 20:00:33+00:00,8.463068181818182e-05
2024-03-20 21:02:48+00:00,0.0001658257952764565
2024-03-20 22:02:41+00:00,0.0002551101960093738
2024-03-20 23:02:29+00:00,0.0002455598145658151
2024-03-21 00:02:52+00:00,0.00030617916050430756
2024-03-21 01:04:46+00:00,0.00034519892707548795
2024-03-21 02:01:20+00:00,0.000351421325161154
2024-03-21 03:05:46+00:00,0.00031057035428692475
2024-03-21 04:03:08+00:00,0.00029799247176913425
2024-03-21 05:00:41+00:00,0.0004820968641300019
2024-03-21 06:05:26+00:00,0.0002046756267251231
2024-03-21 07:00:00+00:00,0.0001921477291632008
2024-03-21 08:02:26+00:00,0.00015039025193479337
2024-03-21 09:03:25+00:00,0.0001351477843719733
2024-03-21 10:03:21+00:00,0.00015015828166287313
2024-03-21 11:03:41+00:00,0.00018198801481374285
2024-03-21 12:04:05+00:00,0.00017960598730564655
2024-03-21 13:00:10+00:00,0.00026226904269633424
2024-03-21 14:05:37+00:00,0.0002696025568126115
2024-03-21 15:02:37+00:00,0.00018119952817348699
2024-03-21 16:00:03+00:00,0.0001585716516172682
2024-03-21 17:07:50+00:00,0.0002172021031791945
2024-03-21 18:03:35+00:00,0.00019021932693117133
2024-03-21 19:03:34+00:00,0.00010689953106141051
2024-03-21 20:02:35+00:00,6.169436401856186e-05
2024-03-21 21:03:29+00:00,6.631109591203241e-05
2024-03-21 22:04:12+00:00,0.00012737408865893987
2024-03-21 23:03:31+00:00,0.00015658726902058868
2024-03-22 00:00:56+00:00,0.00013927666824297625
2024-03-22 01:06:07+00:00,0.00023198403317379427
2024-03-22 02:05:10+00:00,0.00020953759100878616
2024-03-22 03:00:32+00:00,0.0001769240316964665
2024-03-22 04:06:12+00:00,0.00024351745288781157
2024-03-22 05:03:15+00:00,0.0002138436106412425
2024-03-22 06:02:50+00:00,0.00015722051675620365
2024-03-22 07:00:44+00:00,7.125273265974705e-05
2024-03-22 08:00:35+00:00,0.00012004748479002819
2024-03-22 09:01:15+00:00,0.00015653820766065602
2024-03-22 10:02:18+00:00,0.00014918399007136208
2024-03-22 11:02:58+00:00,4.121820037442631e-05
2024-03-22 12:02:35+00:00,2.3442686172734914e-05
2024-03-22 13:03:27+00:00,4.898433855807386e-05
2024-03-22 14:00:24+00:00,9.809563670607931e-06
2024-03-22 15:02:25+00:00,5.3067659588742415e-06
2024-03-22 16:02:39+00:00,2.7835396453663433e-06
2024-03-22 17:03:45+00:00,-4.156790272253692e-05
2024-03-22 18:03:38+00:00,-1.9611353103804922e-05
2024-03-22 19:12:32+00:00,4.3767796151076526e-05
2024-03-22 20:07:20+00:00,3.186250271948735e-05
2024-03-22 21:06:45+00:00,2.064477769703376e-05
2024-03-22 22:03:15+00:00,-1.9908949736538234e-05
2024-03-22 23:03:26+00:00,-2.3150138570115157e-05
2024-03-23 00:05:36+00:00,0.00012346979764123298
2024-03-23 01:02:59+00:00,0.0001945423513794524
2024-03-23 02:03:55+00:00,0.00016223203226728493
2024-03-23 03:00:07+00:00,0.00015573018744660536
2024-03-23 04:01:39+00:00,0.00021232595586145926
2024-03-23 05:00:47+00:00,0.0002383703462607346
2024-03-23 06:04:42+00:00,2.5963665825309277e-05
2024-03-23 07:01:09+00:00,-1.787346210515191e-05
2024-03-23 08:02:49+00:00,-1.936711371129676e-05
2024-03-23 09:01:42+00:00,8.349416385598629e-05
2024-03-23 10:01:03+00:00,0.00018893277714201334
2024-03-23 11:02:44+00:00,0.00023430826055693152
2024-03-23 12:02:12+00:00,0.0002555626970281272
2024-03-23 13:01:46+00:00,0.0002549758553624119
2024-03-23 14:03:38+00:00,0.0002494480298913043
2024-03-23 15:00:30+00:00,0.0002307191198291774
2024-03-23 16:03:53+00:00,0.0002466319869318079
2024-03-23 17:00:32+00:00,0.0002660178909628006
2024-03-23 18:01:23+00:00,0.00023836571241769017
2024-03-23 19:01:12+00:00,0.00015443073438940966
2024-03-23 20:03:49+00:00,0.0001815239379635873
2024-03-23 21:04:06+00:00,0.00024952844646688516
2024-03-23 22:00:50+00:00,0.0002288494881599886
2024-03-23 23:03:23+00:00,0.0002307143756030035
2024-03-24 00:00:02+00:00,0.00018676832744962452
2024-03-24 01:01:36+00:00,0.00011075989608879685
2024-03-24 02:04:03+00:00,0.00010897837668442494
2024-03-24 03:04:25+00:00,9.966297831727758e-05
2024-03-24 04:04:19+00:00,0.00010898266669033798
2024-03-24 05:01:31+00:00,9.615407316468548e-05
2024-03-24 06:00:37+00:00,8.886395149350191e-05
2024-03-24 07:00:28+00:00,0.0001314727325750948
2024-03-24 08:02:34+00:00,0.00018317757009345795
2024-03-24 09:00:17+00:00,0.00019423927817461466
2024-03-24 10:02:45+00:00,0.00021972651742441728
2024-03-24 11:00:13+00:00,0.00025828838006158406
2024-03-24 12:02:58+00:00,0.00026728500133161963
2024-03-24 13:01:52+00:00,0.0001158242594814063
2024-03-24 14:00:31+00:00,1.5225334957369061e-05
2024-03-24 15:01:42+00:00,4.806683324733751e-05
2024-03-24 16:04:07+00:00,7.59092271857199e-05
2024-03-24 17:02:11+00:00,0.00010416187761482231
2024-03-24 18:01:21+00:00,9.146872640687612e-05
2024-03-24 19:00:42+00:00,7.497837608772632e-05
2024-03-24 20:03:02+00:00,8.068792217073564e-05
2024-03-24 21:08:09+00:00,0.00011258950152779678
2024-03-24 22:00:55+00:00,0.00023770024658755553
2024-03-24 23:01:02+00:00,0.0002295141181716079
2024-03-25 00:02:02+00:00,0.00026084401679219376
2024-03-25 01:02:07+00:00,0.00022911289770002053
2024-03-25 02:01:38+00:00,0.00011911376500017289
2024-03-25 03:03:30+00:00,6.922582624653379e-05
2024-03-25 04:03:02+00:00,8.156870467761741e-05
2024-03-25 05:00:26+00:00,8.78298383510537e-05
2024-03-25 06:00:24+00:00,9.513101290574892e-05
2024-03-25 07:00:00+00:00,0.00010615987243483084
2024-03-25 08:03:08+00:00,0.00025579117005982473
2024-03-25 09:02:47+00:00,0.0002729973431622764
2024-03-25 10:02:57+00:00,0.0002589567336563296
2024-03-25 11:02:08+00:00,0.0001969213419135813
2024-03-25 12:02:09+00:00,0.00019980865040195083
2024-03-25 13:03:45+00:00,0.00029973555143932246
2024-03-25 14:00:15+00:00,0.00023771583434623056
2024-03-25 15:01:18+00:00,0.000212067968758856
2024-03-25 16:04:21+00:00,0.00025456843406608575
2024-03-25 17:05:27+00:00,0.00022047733510816773
2024-03-25 18:02:11+00:00,0.00025269068017540875
2024-03-25 19:03:22+00:00,0.0002789662646216972
2024-03-25 20:00:14+00:00,0.00028703411200709395
2024-03-25 21:04:40+00:00,0.0001634501532639127
2024-03-25 22:01:23+00:00,0.00018741653395915403
2024-03-25 23:01:45+00:00,0.00010767597206694495
2024-03-26 00:01:30+00:00,-9.90558561822175e-06
2024-03-26 01:03:39+00:00,2.3841765015835966e-05
2024-03-26 02:00:06+00:00,8.601580434647729e-05
2024-03-26 03:03:55+00:00,0.00015556855115329683
2024-03-26 04:03:23+00:00,0.00017309023771059314
2024-03-26 05:00:46+00:00,0.00016688918558077436
2024-03-26 06:03:00+00:00,2.5570164419507022e-06
2024-03-26 07:00:53+00:00,1.387416685628028e-06
2024-03-26 08:00:35+00:00,0.00012636445996111015
2024-03-26 09:02:47+00:00,0.000196413820448713
2024-03-26 10:00:16+00:00,0.00015718545736045312
2024-03-26 11:03:16+00:00,0.00012794665769671058
2024-03-26 12:02:18+00:00,0.00025017054129264886
2024-03-26 13:01:08+00:00,0.0001372347929893103
2024-03-26 14:03:04+00:00,3.846763222736387e-05
2024-03-26 15:01:52+00:00,2.655441132456131e-05
2024-03-26 16:04:31+00:00,9.857106904169348e-05
2024-03-26 17:01:37+00:00,0.00012085609687411996
2024-03-26 18:01:57+00:00,-8.908623299736062e-06
2024-03-26 19:01:41+00:00,3.661246536620861e-05
2024-03-26 20:02:21+00:00,7.025597356236923e-05
2024-03-26 21:03:50+00:00,7.402742714488931e-05
2024-03-26 22:00:23+00:00,0.00014467969447695542
2024-03-26 23:00:39+00:00,0.0001888526879218059
2024-03-27 00:02:39+00:00,0.0001934270594130831
2024-03-27 01:03:45+00:00,0.00019159687815144472
2024-03-27 02:03:20+00:00,0.00021626035866181435
2024-03-27 03:05:18+00:00,0.00018218835914057246
2024-03-27 04:00:34+00:00,0.00023360931829541256
2024-03-27 05:01:59+00:00,0.000301428463129623
2024-03-27 06:01:27+00:00,0.00028395387114472286
2024-03-27 07:03:16+00:00,0.0002179453683609975
2024-03-27 08:03:50+00:00,0.0001132631034983932
2024-03-27 09:02:11+00:00,0.00011979260080546544
2024-03-27 10:01:57+00:00,0.00010110037515267842
2024-03-27 11:02:44+00:00,7.539816641775588e-05
2024-03-27 12:03:34+00:00,8.553321132405412e-05
2024-03-27 13:02:50+00:00,0.00011117672955299523
2024-03-27 14:03:20+00:00,0.0001447374055280793
2024-03-27 15:03:07+00:00,0.00013142924927612813
2024-03-27 16:02:28+00:00,0.0001151543338572238
2024-03-27 17:03:35+00:00,0.00014072411489645956
2024-03-27 18:03:31+00:00,0.0001968038517133354
2024-03-27 19:00:02+00:00,0.0001345698714608303
2024-03-27 20:02:49+00:00,6.320114365533197e-05
2024-03-27 21:00:53+00:00,4.273444290287577e-05
2024-03-27 22:02:51+00:00,0.0001554505696236704
2024-03-27 23:08:02+00:00,0.00020567997264723481
2024-03-28 00:02:01+00:00,0.00025631893504315245
2024-03-28 01:00:00+00:00,0.0004710978788284622
2024-03-28 02:01:40+00:00,0.00044412093613677346
2024-03-28 03:02:42+00:00,0.0003762861590086721
2024-03-28 04:00:39+00:00,0.0002549150674306941
2024-03-28 05:02:18+00:00,0.0002459791623233653
2024-03-28 06:00:27+00:00,0.00019113441130601318
2024-03-28 07:00:06+00:00,0.00020657168074643805
2024-03-28 08:02:46+00:00,0.0002395478810054886
2024-03-28 09:01:18+00:00,0.0002807824971422581
2024-03-28 10:02:58+00:00,0.00025964496219412967
2024-03-28 11:00:35+00:00,0.00028982116562039837
2024-03-28 12:00:19+00:00,0.00035465530501413136
2024-03-28 13:02:01+00:00,0.0003686857491202306
2024-03-28 14:00:04+00:00,0.00023419935048713463
2024-03-28 15:01:42+00:00,0.00021548463411167604
2024-03-28 16:01:14+00:00,0.00018808123333164444
2024-03-28 17:05:51+00:00,0.00022661929789221158
2024-03-28 18:03:09+00:00,0.0002028691990838313
2024-03-28 19:00:02+00:00,0.00017148424517521296
2024-03-28 20:00:45+00:00,0.00017910400734582544
2024-03-28 21:00:41+00:00,0.00022927512925671213
2024-03-28 22:04:25+00:00,0.00016134896827561132
2024-03-28 23:07:40+00:00,9.054221240190462e-05
2024-03-29 00:03:20+00:00,0.0001778309191946798
2024-03-29 01:00:15+00:00,0.0002723075745087177
2024-03-29 02:04:09+00:00,0.00023307491435062614
2024-03-29 03:01:12+00:00,0.0003627555071366583
2024-03-29 04:01:14+00:00,0.00032195459898852274
2024-03-29 05:00:04+00:00,0.00016612564887405013
2024-03-29 06:04:12+00:00,0.0001607407304244484
2024-03-29 07:01:11+00:00,0.0001299795887196434
2024-03-29 08:03:17+00:00,0.00013912576472236492
2024-03-29 09:03:21+00:00,0.00018433670501247958
2024-03-29 10:02:09+00:00,0.00016077983483970428
2024-03-29 11:01:02+00:00,9.620202284581875e-05
2024-03-29 12:01:48+00:00,9.039526979840774e-05
2024-03-29 13:03:00+00:00,0.00016839653901079926
2024-03-29 14:01:41+00:00,0.00012354701747059233
2024-03-29 15:00:22+00:00,0.00021140232519453636
2024-03-29 16:00:15+00:00,0.0003068705429327152
2024-03-29 17:00:46+00:00,0.00033496808710343535
2024-03-29 18:02:14+00:00,0.00033170175642666046
2024-03-29 19:08:52+00:00,0.00026656423150346885
2024-03-29 20:00:21+00:00,0.0001626720655345253
2024-03-29 21:01:53+00:00,0.0001529894435129591
2024-03-29 22:00:12+00:00,0.0001725430755646216
2024-03-29 23:01:50+00:00,0.00010885691514697075
2024-03-30 00:00:31+00:00,0.00015843569109134546
2024-03-30 01:01:13+00:00,0.00018721712021334535
2024-03-30 02:00:46+00:00,0.00024030210689648726
2024-03-30 03:02:56+00:00,0.0002763496625258605
2024-03-30 04:03:21+00:00,0.0002758822812233299
2024-03-30 05:00:04+00:00,0.00019607640341681043
2024-03-30 06:02:08+00:00,0.00019857074976829963
2024-03-30 07:03:22+00:00,0.00021313169621693374
2024-03-30 08:00:23+00:00,0.00020544574521351422
2024-03-30 09:03:05+00:00,0.00017452685176289748
2024-03-30 10:02:38+00:00,0.0001737641966560052
2024-03-30 11:02:30+00:00,0.00016799152598982736
2024-03-30 12:02:30+00:00,0.00017756227021730963
2024-03-30 13:00:00+00:00,0.00014075547287234803
2024-03-30 14:02:39+00:00,0.00010585684540296855
2024-03-30 15:02:44+00:00,0.00013221047360412934
2024-03-30 16:06:20+00:00,0.00010944750897469573
2024-03-30 17:02:34+00:00,0.00016791961405274218
2024-03-30 18:00:52+00:00,0.00021065241430151123
2024-03-30 19:00:21+00:00,0.0001938855240303982
2024-03-30 20:00:54+00:00,0.0001268928254563217
2024-03-30 21:10:24+00:00,0.00018073815699251708
2024-03-30 22:03:09+00:00,0.0001230404557496564
2024-03-30 23:04:55+00:00,8.232752383756031e-05
2024-03-31 00:07:33+00:00,0.00012519435847952923
2024-03-31 01:03:16+00:00,0.00017754352894488814
2024-03-31 02:00:27+00:00,0.00020731563131188728
2024-03-31 03:03:36+00:00,0.00021484838197017333
2024-03-31 04:05:26+00:00,0.0002154747484735372
2024-03-31 05:04:27+00:00,0.00020837373682682037
2024-03-31 06:03:38+00:00,0.00021031625695755525
2024-03-31 07:03:33+00:00,0.00022259090953321594
2024-03-31 08:02:51+00:00,0.00019398924329645925
2024-03-31 09:00:55+00:00,0.00017205364196364097
2024-03-31 10:03:17+00:00,0.00018496489293796784
2024-03-31 11:03:25+00:00,0.00013036907875617554
2024-03-31 12:00:38+00:00,0.00011015775559020347
2024-03-31 13:03:28+00:00,0.00011783502612916169
2024-03-31 14:04:02+00:00,0.00017210973851972952
2024-03-31 15:01:00+00:00,0.00017721378752263883
2024-03-31 16:02:08+00:00,0.0001723178462049809
2024-03-31 17:08:16+00:00,0.00015954637106316917
2024-03-31 18:02:43+00:00,0.00015878429303587581
2024-03-31 19:00:01+00:00,0.00015529468625974773
2024-03-31 20:03:10+00:00,0.00010110033722959943
2024-03-31 21:09:54+00:00,0.00015521886286713762
2024-03-31 22:04:56+00:00,0.0001719650551808149
2024-03-31 23:05:08+00:00,0.00021411016929832159
2024-04-01 00:13:24+00:00,0.0001116096849873585
2024-04-01 01:12:43+00:00,9.639529248241997e-05
2024-04-01 02:24:20+00:00,-3.458436510022549e-06
2024-04-01 04:01:56+00:00,5.341992103423855e-05
2024-04-01 05:04:25+00:00,3.590240105993153e-05
2024-04-01 06:01:39+00:00,7.346961745712396e-05
2024-04-01 07:01:48+00:00,0.00010446961323323236
2024-04-01 08:00:15+00:00,0.0001791666466256547
2024-04-01 09:03:31+00:00,0.00020218949296721606
2024-04-01 10:02:30+00:00,0.0001895801838560854
2024-04-01 11:03:23+00:00,0.00013705479552486108
2024-04-01 12:02:00+00:00,0.00010864573502369162
2024-04-01 13:05:44+00:00,0.00013001017588363804
2024-04-01 14:01:14+00:00,0.00013093527247643138
2024-04-01 15:01:42+00:00,7.486833666945216e-06
2024-04-01 16:02:14+00:00,-4.119703856102157e-06
2024-04-01 17:04:27+00:00,6.717932180686131e-05
2024-04-01 18:05:47+00:00,3.954600117276405e-05
2024-04-01 19:02:27+00:00,0.00012417681596381958
2024-04-01 20:05:35+00:00,0.00024194228656622722
2024-04-01 21:06:46+00:00,0.0001066179348677
2024-04-01 22:10:02+00:00,0.00023117270371999805
2024-04-01 23:06:27+00:00,0.00014310246415486465
2024-04-02 00:07:51+00:00,0.00022842788014054103
2024-04-02 01:08:07+00:00,0.0001247229062526112
2024-04-02 02:08:04+00:00,0.00011083028238827652
2024-04-02 03:00:12+00:00,7.3136970706093e-05
2024-04-02 04:02:34+00:00,3.2424916862513168e-06
2024-04-02 05:03:35+00:00,0.00016084812260697384
2024-04-02 06:03:26+00:00,0.0001715686274509804
2024-04-02 07:00:11+00:00,0.00022186043811644757
2024-04-02 08:03:40+00:00,0.0002656984873522308
2024-04-02 09:01:26+00:00,0.0002055265762512372
2024-04-02 10:04:24+00:00,0.00011687092737237302
2024-04-02 11:03:01+00:00,0.00017158772562003176
2024-04-02 12:00:44+00:00,0.00013542933493305702
2024-04-02 13:04:27+00:00,0.00010437111658118175
2024-04-02 14:00:28+00:00,7.525542124103713e-05
2024-04-02 15:01:44+00:00,4.3729483396612385e-05
2024-04-02 16:02:27+00:00,7.193374028558368e-05
2024-04-02 17:10:06+00:00,3.6954711144281834e-05
2024-04-02 18:08:42+00:00,4.0861776547150084e-05
2024-04-02 19:09:19+00:00,5.889751252338056e-05
2024-04-02 20:00:21+00:00,0.00010494147340502328
2024-04-02 21:01:43+00:00,3.60201687170097e-05
2024-04-02 22:03:19+00:00,0.00010071977619034686
2024-04-02 23:02:06+00:00,0.0001435559624479271
2024-04-03 00:03:16+00:00,0.0001476990996476882
2024-04-03 01:01:36+00:00,4.526331542976869e-05
2024-04-03 02:20:47+00:00,7.492768447333399e-05
2024-04-03 04:01:10+00:00,5.12081950437744e-05
2024-04-03 05:04:56+00:00,0.00012650595923816496
2024-04-03 06:02:49+00:00,0.0001172904543465223
2024-04-03 07:03:53+00:00,0.00014349720109473093
2024-04-03 08:03:56+00:00,0.0001576076105784018
2024-04-03 09:00:22+00:00,0.00014534338304273282
2024-04-03 10:02:27+00:00,0.00017436756971640692
2024-04-03 11:02:26+00:00,-1.4174095692694805e-05
2024-04-03 12:07:29+00:00,-5.3499532089925794e-05
2024-04-03 13:02:01+00:00,-4.411950289429645e-05
2024-04-03 14:02:40+00:00,-2.0802014744468053e-06
2024-04-03 15:00:59+00:00,2.3538123971475593e-05
2024-04-03 16:08:59+00:00,2.0481774645242184e-05
2024-04-03 17:10:58+00:00,3.99977803673492e-05
2024-04-03 18:13:52+00:00,4.679223237707911e-06
2024-04-03 19:00:07+00:00,-3.2951070768500355e-06
2024-04-03 20:00:41+00:00,1.4218198156184063e-06
2024-04-03 21:02:46+00:00,-1.4587016923465522e-05
2024-04-03 22:02:43+00:00,2.47204475144169e-05
2024-04-03 23:00:54+00:00,1.5732535455413994e-05
2024-04-04 00:07:32+00:00,3.275009682637322e-05
2024-04-04 01:02:51+00:00,8.145599195384763e-05
2024-04-04 02:02:26+00:00,0.00013314055538053018
2024-04-04 03:05:26+00:00,0.00013654429482636428
2024-04-04 04:05:59+00:00,0.0001709609491362928
2024-04-04 05:04:34+00:00,0.00012770552850186191
2024-04-04 06:05:15+00:00,9.693332190116894e-05
2024-04-04 07:04:23+00:00,0.0001311956324755346
2024-04-04 08:01:20+00:00,0.00017250471232384886
2024-04-04 09:07:47+00:00,0.00017789091474383175
2024-04-04 10:02:04+00:00,0.00011294721642868602
2024-04-04 11:01:00+00:00,4.9023398661039796e-05
2024-04-04 12:15:34+00:00,9.293424385945589e-05
2024-04-04 13:13:04+00:00,0.00012161859315984236
2024-04-04 14:03:04+00:00,0.00015831385551992174
2024-04-04 15:19:54+00:00,3.721191129699821e-05
2024-04-04 16:38:50+00:00,8.843922456487902e-05
2024-04-04 18:29:54+00:00,5.552288410387004e-05
2024-04-04 20:07:17+00:00,1.3407735903603943e-05
2024-04-04 21:00:59+00:00,-3.129695095006628e-05
2024-04-04 22:06:16+00:00,-6.894373480168824e-05
2024-04-04 23:05:36+00:00,-6.676902042966168e-05
2024-04-05 00:17:59+00:00,-8.655156239530054e-05
2024-04-05 01:53:59+00:00,-0.00011337741521888842
2024-04-05 03:11:51+00:00,3.181579081329645e-05
2024-04-05 04:16:36+00:00,4.123775480192756e-05
2024-04-05 05:03:39+00:00,-6.593462891492197e-05
2024-04-05 06:39:52+00:00,-1.7468879429690775e-05
2024-04-05 08:34:58+00:00,0.00014742347260611759
2024-04-05 10:35:12+00:00,-0.00015200530636705865
2024-04-05 12:01:24+00:00,1.3141986016926878e-05
2024-04-05 13:00:21+00:00,-6.0330878904417974e-05
2024-04-05 14:12:42+00:00,5.249314877606949e-05
2024-04-05 15:07:45+00:00,7.985427673607515e-05
2024-04-05 16:22:06+00:00,7.090035918432608e-05
2024-04-05 18:23:24+00:00,-3.666914328170544e-05
2024-04-05 20:12:16+00:00,8.237121554450972e-05
2024-04-05 21:00:16+00:00,3.810287945777319e-05
2024-04-05 23:44:26+00:00,0.00011853305297246242
2024-04-06 01:35:30+00:00,0.00014373413545941473
2024-04-06 03:12:07+00:00,0.00011143937867902146
2024-04-06 04:09:48+00:00,0.00013228098658897314
2024-04-06 05:11:47+00:00,0.00022169623280845127
2024-04-06 06:06:05+00:00,0.0002574876377488299
2024-04-06 07:10:31+00:00,0.0002109847157747219
2024-04-06 08:02:32+00:00,0.00023524731323436445
2024-04-06 09:13:34+00:00,0.00023858842412345866
2024-04-06 10:09:10+00:00,0.00016735876335728493
2024-04-06 11:00:00+00:00,9.929812888905855e-05
2024-04-06 12:02:20+00:00,4.77669627308509e-05
2024-04-06 13:04:07+00:00,0.00014376629351326483
2024-04-06 14:00:10+00:00,0.0001023749579933781
2024-04-06 15:01:45+00:00,3.806693086745927e-05
2024-04-06 16:19:06+00:00,2.875703862754979e-05
2024-04-06 18:15:31+00:00,3.5441657579062154e-05
2024-04-06 19:26:51+00:00,3.232115735530327e-05
2024-04-06 21:09:59+00:00,0.00011620889874739042
2024-04-06 22:54:19+00:00,0.0002005136801124689
2024-04-07 00:05:54+00:00,0.00014434414941687826
2024-04-07 01:05:50+00:00,0.0001886304772418478
2024-04-07 02:01:01+00:00,0.0002204849616024274
2024-04-07 03:07:09+00:00,0.00010554789217018527
2024-04-07 04:01:18+00:00,8.120703061057456e-05
2024-04-07 05:04:29+00:00,0.0001464363641912202
2024-04-07 06:06:43+00:00,5.352391591347618e-05
2024-04-07 07:03:56+00:00,2.939297124600639e-05
2024-04-07 08:19:17+00:00,2.9048217169516288e-05
2024-04-07 09:02:16+00:00,3.118783453989869e-05
2024-04-07 10:02:51+00:00,9.107179592676404e-05
2024-04-07 11:08:58+00:00,0.0001021214322993952
2024-04-07 12:01:19+00:00,5.355682124185165e-05
2024-04-07 13:14:13+00:00,0.00013968291000568042
2024-04-07 14:18:16+00:00,0.00013786188049040457
2024-04-07 15:10:33+00:00,0.00019331056729256685
2024-04-07 16:03:24+00:00,8.154871015335092e-05
2024-04-07 17:06:46+00:00,7.134349099210878e-05
2024-04-07 18:02:33+00:00,-5.028902598989531e-05
2024-04-07 19:04:40+00:00,-3.563232274429279e-06
2024-04-07 20:03:01+00:00,-6.314725940894165e-07
2024-04-07 21:14:59+00:00,3.0017532899377282e-05
2024-04-07 22:19:44+00:00,8.219392337110625e-05
2024-04-07 23:00:49+00:00,0.0001223043792923695
2024-04-08 00:19:50+00:00,2.2493907269397085e-05
2024-04-08 01:27:55+00:00,0.00022536360340034647
2024-04-08 03:10:53+00:00,3.5476628503950575e-05
2024-04-08 04:20:36+00:00,8.6236387190802e-05
2024-04-08 06:01:31+00:00,0.00016237362241554402
2024-04-08 07:02:34+00:00,9.443445427963718e-05
2024-04-08 08:04:09+00:00,4.979769380737316e-05
2024-04-08 09:14:47+00:00,4.3465392173512216e-05
2024-04-08 10:07:47+00:00,5.248012556861947e-05
2024-04-08 11:04:24+00:00,4.151711861619279e-05
2024-04-08 12:11:24+00:00,0.00010854044458166101
2024-04-08 13:00:57+00:00,1.9995346537533082e-05
2024-04-08 14:05:15+00:00,-5.901549645320774e-06
2024-04-08 15:02:29+00:00,1.5172542766589894e-05
2024-04-08 16:28:26+00:00,3.5292669112758256e-05
2024-04-08 18:37:33+00:00,0.00011500360982461655
2024-04-08 20:50:12+00:00,0.00010584879592352146
2024-04-08 22:54:24+00:00,0.00020951585151197518
2024-04-09 00:41:29+00:00,-0.0003170894526034713
2024-04-09 02:23:37+00:00,4.6111665004985045e-05
2024-04-09 04:28:43+00:00,1.0654513001012804e-05
2024-04-09 06:08:27+00:00,5.9062197889168835e-05
2024-04-09 07:21:18+00:00,-2.4509803921568626e-05
2024-04-09 09:02:39+00:00,5.189945497437566e-05
2024-04-09 10:55:01+00:00,0.00012437049396133416
2024-04-09 12:07:16+00:00,0.0001856608764210687
2024-04-09 13:11:25+00:00,0.00014296655603778403
2024-04-09 14:02:00+00:00,8.620245998661932e-05
2024-04-09 15:11:25+00:00,-1.940050960346154e-05
2024-04-09 16:13:37+00:00,1.2061322691712381e-05
2024-04-09 17:11:20+00:00,-3.617411007348114e-05
2024-04-09 18:16:38+00:00,3.2468909362708197e-05
2024-04-09 20:33:03+00:00,0.0001322143434162104
2024-04-09 22:30:42+00:00,0.000346899664757279
2024-04-10 00:18:55+00:00,0.00024522505182114304
2024-04-10 01:14:16+00:00,8.902015949907981e-05
2024-04-10 02:38:53+00:00,8.505437520215063e-05
2024-04-10 04:09:18+00:00,7.949984809964663e-05
2024-04-10 05:05:41+00:00,6.730968513351932e-05
2024-04-10 06:05:19+00:00,1.607081516712908e-05
2024-04-10 07:26:39+00:00,0.00014581548954594896
2024-04-10 09:01:58+00:00,-5.285468133912621e-05
2024-04-10 10:07:02+00:00,-1.3237739205947452e-06
2024-04-10 11:11:50+00:00,0.00010981784879479902
2024-04-10 12:31:17+00:00,-5.565371024734983e-05
2024-04-10 14:20:50+00:00,0.00021230331517711773
2024-04-10 16:00:26+00:00,0.00010082910713158392
2024-04-10 17:00:24+00:00,0.00010311872532284592
2024-04-10 18:03:49+00:00,2.6553858173818288e-05
2024-04-10 19:05:19+00:00,-0.00018729164614451397
2024-04-10 20:02:14+00:00,0.0001069802035680445
2024-04-10 21:01:00+00:00,0.00010071964229841437
2024-04-10 22:06:39+00:00,0.0001086379886979587
2024-04-10 23:30:00+00:00,3.060862438595351e-05
2024-04-11 01:03:10+00:00,-4.81001426720509e-05
2024-04-11 02:02:00+00:00,-3.557318243823574e-05
2024-04-11 03:06:40+00:00,-3.877317741788644e-05
2024-04-11 04:03:31+00:00,0.0001021611599136752
2024-04-11 05:13:06+00:00,0.0001964121177566573
2024-04-11 06:07:14+00:00,7.851565882155208e-05
2024-04-11 07:07:07+00:00,6.415207471620647e-05
2024-04-11 08:03:31+00:00,0.0001540880503144654
2024-04-11 09:14:26+00:00,0.00017923944505439664
2024-04-11 10:10:20+00:00,-2.417116364672992e-05
2024-04-11 11:17:03+00:00,2.5863330591399748e-05
2024-04-11 12:00:19+00:00,0.0
2024-04-11 13:09:47+00:00,2.127387557851134e-06
2024-04-11 14:06:29+00:00,4.251152964213022e-05
2024-04-11 15:14:45+00:00,-0.00010537819061743814
2024-04-11 16:10:59+00:00,6.068898067899243e-05
2024-04-11 17:03:26+00:00,-1.0416829429626504e-05
2024-04-11 18:00:17+00:00,1.4040035877787399e-05
2024-04-11 19:00:43+00:00,2.2940617256372826e-05
2024-04-11 20:05:52+00:00,0.0001572423874840596
2024-04-11 21:02:30+00:00,0.0003097341950332385
2024-04-11 22:01:54+00:00,6.51384987595596e-05
2024-04-11 23:05:32+00:00,1.7080920412033003e-05
2024-04-12 00:04:32+00:00,0.00013801492637112244
2024-04-12 01:00:52+00:00,0.0003726709985793925
2024-04-12 02:00:30+00:00,4.484810587228284e-05
2024-04-12 03:00:58+00:00,6.677248461216531e-05
2024-04-12 04:02:52+00:00,0.00010558469984206223
2024-04-12 05:00:22+00:00,8.753863558311953e-05
2024-04-12 06:00:56+00:00,6.65149165038374e-05
2024-04-12 07:01:33+00:00,0.00024319836569571145
2024-04-12 08:05:49+00:00,6.331088517108731e-05
2024-04-12 09:01:30+00:00,0.00032007303503966993
2024-04-12 10:01:37+00:00,0.0002130689976572537
2024-04-12 11:01:58+00:00,0.00011042901672999602
2024-04-12 12:06:09+00:00,9.366297186498001e-05
2024-04-12 13:01:58+00:00,9.260101239732048e-06
2024-04-12 14:02:14+00:00,3.850102669404518e-05
2024-04-12 15:00:48+00:00,-8.59983318395872e-07
2024-04-12 16:01:28+00:00,-2.3094496795884642e-05
2024-04-12 17:16:10+00:00,2.6116464615065796e-05
2024-04-12 18:01:47+00:00,2.070369293399244e-05
2024-04-12 19:01:44+00:00,-2.316477797177522e-05
2024-04-12 20:00:17+00:00,-1.6775396085740915e-05
2024-04-12 21:00:41+00:00,1.4472282684203214e-05
2024-04-12 22:00:30+00:00,6.464711718155181e-05
2024-04-12 23:08:32+00:00,2.2091200405744983e-05
2024-04-13 00:00:42+00:00,0.00011697598692915741
2024-04-13 01:01:39+00:00,-1.6668889185224698e-05
2024-04-13 02:01:17+00:00,-2.034177475808112e-05
2024-04-13 03:02:20+00:00,2.4875857176637502e-05
2024-04-13 04:00:31+00:00,0.00023918393593078656
2024-04-13 05:02:46+00:00,5.977911867309216e-05
2024-04-13 06:00:28+00:00,-0.0001843444566537505
2024-04-13 07:00:19+00:00,-7.242849858619572e-06
2024-04-13 08:00:45+00:00,-9.315757603987145e-05
2024-04-13 09:00:27+00:00,-1.632001496927206e-05
2024-04-13 10:00:31+00:00,-1.2687218476713741e-05
2024-04-13 11:00:31+00:00,5.7869857017799823e-05
2024-04-13 12:01:34+00:00,4.9667372240701544e-05
2024-04-13 13:02:26+00:00,0.00011293427871779808
2024-04-13 14:01:58+00:00,1.1136168135214933e-05
2024-04-13 15:02:33+00:00,-1.9921271322350198e-05
2024-04-13 16:00:46+00:00,2.1868949590613267e-06
2024-04-13 17:02:11+00:00,-8.145203807808733e-06
2024-04-13 18:00:29+00:00,-0.0001407272174045337
2024-04-13 19:01:18+00:00,-4.393892942547059e-05
2024-04-13 20:06:19+00:00,-5.704979118213419e-05
2024-04-13 21:28:00+00:00,-0.0002101682284263259
2024-04-13 23:07:11+00:00,1.5602547076650665e-05
2024-04-14 00:02:51+00:00,1.6816788992647203e-05
2024-04-14 01:11:05+00:00,-0.0002369856747959935
2024-04-14 02:04:06+00:00,-5.7892777364110204e-05
2024-04-14 03:01:13+00:00,-0.00011146571549256113
2024-04-14 04:00:24+00:00,7.189303669420593e-05
2024-04-14 05:02:09+00:00,0.00010046174883241624
2024-04-14 06:00:13+00:00,8.933449578610868e-05
2024-04-14 07:00:37+00:00,5.2753811305388005e-05
2024-04-14 08:00:36+00:00,-9.196412760251967e-05
2024-04-14 09:00:42+00:00,-0.00015296154478017463
2024-04-14 10:02:44+00:00,-6.386429552740039e-05
2024-04-14 11:03:05+00:00,-6.0672248513529916e-05
2024-04-14 12:01:15+00:00,-4.5724639092910433e-05
2024-04-14 13:07:23+00:00,8.126011688455213e-07
2024-04-14 14:00:25+00:00,-8.80126738250308e-05
2024-04-14 15:00:52+00:00,3.070039806559858e-05
2024-04-14 16:01:17+00:00,2.4727176815799018e-06
2024-04-14 17:00:12+00:00,3.916807018918178e-05
2024-04-14 18:00:46+00:00,-3.544181936870702e-05
2024-04-14 19:01:06+00:00,6.241128256788315e-05
2024-04-14 20:01:16+00:00,8.537144203828328e-05
2024-04-14 21:01:15+00:00,1.3733401901446522e-05
2024-04-14 22:00:48+00:00,5.530409620642969e-05
2024-04-14 23:00:26+00:00,0.0001841795620345106
2024-04-15 00:01:49+00:00,0.00014007146186111543
2024-04-15 01:00:40+00:00,-0.0002575234182927209
2024-04-15 02:00:57+00:00,-4.9501916667187786e-05
2024-04-15 03:01:08+00:00,-7.100121175401393e-05
2024-04-15 04:01:13+00:00,2.950214342619406e-05
2024-04-15 05:01:20+00:00,4.775021212466598e-05
2024-04-15 06:01:43+00:00,0.00035583779245353954
2024-04-15 07:01:29+00:00,0.00011854493058014726
2024-04-15 08:01:54+00:00,4.0816079721362226e-05
2024-04-15 09:02:09+00:00,-6.031532595594159e-05
2024-04-15 10:02:04+00:00,2.3681377825618945e-05
2024-04-15 11:00:14+00:00,9.32492617514644e-06
2024-04-15 12:00:46+00:00,-8.637095593617332e-06
2024-04-15 13:00:47+00:00,-3.013990901622258e-05
2024-04-15 14:03:18+00:00,4.364497158145212e-06
2024-04-15 15:01:55+00:00,-0.00010706768617940325
2024-04-15 16:04:00+00:00,-5.40325376545667e-05
2024-04-15 17:08:05+00:00,2.7000363466431283e-06
2024-04-15 18:01:19+00:00,-1.1415450649376065e-05
2024-04-15 19:02:13+00:00,1.21349798073936e-05
2024-04-15 20:00:05+00:00,4.032003035861109e-05
2024-04-15 21:01:14+00:00,-1.547196414633532e-05
2024-04-15 22:01:11+00:00,-7.867870136082683e-07
2024-04-15 23:00:11+00:00,0.0001120877883370141
2024-04-16 00:01:40+00:00,-7.656776740980798e-05
2024-04-16 01:00:58+00:00,-0.00011896711498484736
2024-04-16 02:03:18+00:00,-0.00024947914385640014
2024-04-16 03:01:15+00:00,-0.0001867591369162394
2024-04-16 04:01:39+00:00,-0.00018077278374159845
2024-04-16 05:01:52+00:00,-0.00016136992156888142
2024-04-16 06:00:16+00:00,-0.00014853413850199668
2024-04-16 07:00:29+00:00,6.734063103670316e-05
2024-04-16 08:00:20+00:00,2.2619549525379124e-05
2024-04-16 09:00:41+00:00,9.60036865415632e-06
2024-04-16 10:00:53+00:00,-3.49571521897857e-05
2024-04-16 11:00:47+00:00,8.23894763457661e-05
2024-04-16 12:00:26+00:00,0.00035477614352674963
2024-04-16 13:01:22+00:00,3.86857172331975e-05
2024-04-16 14:00:40+00:00,-5.404525476151718e-07
2024-04-16 15:00:25+00:00,-1.9676647099334277e-05
2024-04-16 16:00:06+00:00,-5.016831432867198e-05
2024-04-16 17:01:43+00:00,0.00035168307854366543
2024-04-16 18:00:38+00:00,8.266107841076309e-05
2024-04-16 19:01:26+00:00,4.05163749331036e-05
2024-04-16 20:01:38+00:00,6.119331866869447e-05
2024-04-16 21:00:12+00:00,3.443249188158503e-05
2024-04-16 22:00:16+00:00,6.50489553619613e-05
2024-04-16 23:01:00+00:00,6.244076132899557e-05
2024-04-17 00:01:13+00:00,4.609167178227952e-05
2024-04-17 01:01:37+00:00,0.00014410052452590929
2024-04-17 02:02:14+00:00,6.06674834347879e-05
2024-04-17 03:00:26+00:00,7.78624e-05
2024-04-17 04:00:54+00:00,1.302746554838545e-05
2024-04-17 05:01:15+00:00,0.00014319535665190166
2024-04-17 06:01:32+00:00,-7.564416982514252e-05
2024-04-17 07:02:15+00:00,-1.5186004578180749e-05
2024-04-17 08:02:35+00:00,8.835227820365362e-06
2024-04-17 09:00:15+00:00,6.35734755765273e-05
2024-04-17 10:00:58+00:00,0.00011936212878377947
2024-04-17 11:00:39+00:00,-0.00013073017052039776
2024-04-17 12:00:45+00:00,-9.9707161009843e-05
2024-04-17 13:01:19+00:00,-9.043919227209323e-05
2024-04-17 14:01:21+00:00,-0.00011085625909275593
2024-04-17 15:01:08+00:00,-0.00011939842025478045
2024-04-17 16:00:48+00:00,-3.296658709603251e-05
2024-04-17 17:04:56+00:00,-1.7603762011858517e-05
2024-04-17 18:01:05+00:00,-1.4121076537183918e-05
2024-04-17 19:01:05+00:00,0.00015562978185055526
2024-04-17 20:02:41+00:00,3.918683784455596e-05
2024-04-17 21:00:34+00:00,4.3526025975426464e-05
2024-04-17 22:00:28+00:00,4.988061207331428e-05
2024-04-17 23:00:18+00:00,4.744673108802005e-05
2024-04-18 00:01:54+00:00,5.919041047704089e-05
2024-04-18 01:00:31+00:00,-7.668502562983969e-06
2024-04-18 02:01:16+00:00,3.001549713167124e-05
2024-04-18 03:01:32+00:00,0.00015211530906677145
2024-04-18 04:00:48+00:00,4.8377137641278964e-05
2024-04-18 05:00:32+00:00,-0.000162733110987337
2024-04-18 06:00:32+00:00,-3.870672419944397e-05
2024-04-18 07:00:19+00:00,-5.15292734925928e-05
2024-04-18 08:01:21+00:00,-9.930983979163933e-05
2024-04-18 09:00:40+00:00,-7.893820349938704e-05
2024-04-18 10:00:24+00:00,7.51290304678395e-06
2024-04-18 11:00:46+00:00,-4.309750379258034e-06
2024-04-18 12:00:13+00:00,4.347089631622096e-05
2024-04-18 13:00:04+00:00,-0.0001180936457122661
2024-04-18 14:00:55+00:00,-5.807004303750995e-05
2024-04-18 15:00:12+00:00,7.199882122860129e-05
2024-04-18 16:00:51+00:00,3.5823541565305485e-05
2024-04-18 17:01:08+00:00,-4.438283863572752e-06
2024-04-18 18:03:42+00:00,-1.3938309577897058e-06
2024-04-18 19:01:55+00:00,8.474064329055469e-05
2024-04-18 20:04:01+00:00,5.084316301151556e-05
2024-04-18 21:02:00+00:00,0.00016905954072755767
2024-04-18 22:00:46+00:00,0.00017665027419535347
2024-04-18 23:00:23+00:00,3.807739093270211e-05
2024-04-19 00:00:54+00:00,1.369043706868222e-05
2024-04-19 01:00:54+00:00,-0.00014711719066297648
2024-04-19 02:00:55+00:00,-8.104468475821262e-05
2024-04-19 03:01:11+00:00,1.739481356238824e-05
2024-04-19 04:01:29+00:00,6.607598427911467e-05
2024-04-19 05:01:32+00:00,0.00010127923083190745
2024-04-19 06:01:49+00:00,-1.3846299964722802e-05
2024-04-19 07:02:11+00:00,0.0001477018592075837
2024-04-19 08:01:53+00:00,0.000122175113259632
2024-04-19 09:01:24+00:00,0.0001183813325792004
2024-04-19 10:00:10+00:00,6.660044992303949e-05
2024-04-19 11:00:10+00:00,0.00029559157105756267
2024-04-19 12:00:18+00:00,7.691753785324787e-05
2024-04-19 13:00:29+00:00,4.4197665053724714e-05
2024-04-19 14:00:28+00:00,5.550269376398559e-05
2024-04-19 15:01:03+00:00,1.0693955447336382e-05
2024-04-19 16:00:34+00:00,9.534144182539422e-05
2024-04-19 17:03:14+00:00,1.6434501935984327e-06
2024-04-19 18:01:04+00:00,0.0001938250765486378
2024-04-19 19:01:11+00:00,0.00016273912019469815
2024-04-19 20:01:08+00:00,0.0002807082762668754
2024-04-19 21:01:28+00:00,2.91267844892359e-05
2024-04-19 22:01:16+00:00,0.00036376005833181434
2024-04-19 23:01:22+00:00,0.00010677400150130718
2024-04-20 00:01:18+00:00,0.0002649056359457447
2024-04-20 01:01:31+00:00,7.363356080444794e-05
2024-04-20 02:00:59+00:00,7.735248237008006e-05
2024-04-20 03:01:15+00:00,6.1584350632236e-06
2024-04-20 04:01:24+00:00,5.711913603686518e-05
2024-04-20 05:01:13+00:00,3.541797169630416e-05
2024-04-20 06:01:30+00:00,-7.743348702949178e-05
2024-04-20 07:01:33+00:00,-3.28782766009315e-05
2024-04-20 08:01:36+00:00,-0.0001435984149316536
2024-04-20 09:01:44+00:00,-0.00025735198607539035
2024-04-20 10:01:48+00:00,-8.647318008917056e-05
2024-04-20 11:01:51+00:00,8.758845908705622e-06
2024-04-20 12:02:26+00:00,-3.9382999671808335e-05
2024-04-20 13:00:13+00:00,1.3120862827939564e-05
2024-04-20 14:00:40+00:00,5.6656445929248084e-05
2024-04-20 15:00:43+00:00,2.4984519114819283e-05
2024-04-20 16:01:03+00:00,0.0006431195088729512
2024-04-20 17:01:14+00:00,0.0002369713722873574
2024-04-20 18:01:34+00:00,0.00012156860310641519
2024-04-20 19:01:43+00:00,5.0149367963657906e-05
2024-04-20 20:01:55+00:00,4.696315655830603e-05
2024-04-20 21:02:00+00:00,6.709649555774926e-05
2024-04-20 22:01:57+00:00,6.798352287770847e-05
2024-04-20 23:05:58+00:00,-3.442641146437116e-05
2024-04-21 00:01:10+00:00,3.2826339860027945e-05
2024-04-21 01:00:16+00:00,-9.271966527196652e-05
2024-04-21 02:02:19+00:00,-3.3322380860864335e-05
2024-04-21 03:00:22+00:00,0.00015198718343705712
2024-04-21 04:00:27+00:00,3.164723683968708e-05
2024-04-21 05:00:30+00:00,3.909675757557173e-05
2024-04-21 06:00:41+00:00,0.00012026442763403314
2024-04-21 07:00:52+00:00,0.00020484054182799772
2024-04-21 08:00:55+00:00,1.4806098936118057e-05
2024-04-21 09:01:00+00:00,-0.00010796522123567771
2024-04-21 10:01:24+00:00,-7.246198058635618e-05
2024-04-21 11:01:49+00:00,4.013931429700622e-05
2024-04-21 12:01:58+00:00,-2.4412809631895787e-05
2024-04-21 13:02:01+00:00,-0.00024063161543508673
2024-04-21 14:01:58+00:00,-6.584997126364976e-05
2024-04-21 15:02:11+00:00,-1.592025462382838e-05
2024-04-21 16:00:45+00:00,7.524825487291976e-05
2024-04-21 17:00:49+00:00,-8.974399584412951e-05
2024-04-21 18:01:09+00:00,2.11736429475237e-06
2024-04-21 19:00:59+00:00,-4.493782965515929e-06
2024-04-21 20:01:24+00:00,-0.00013956114364013526
2024-04-21 21:01:31+00:00,7.387284701114488e-05
2024-04-21 22:01:31+00:00,-1.2636074729745952e-05
2024-04-21 23:01:42+00:00,2.1257298339096422e-05
2024-04-22 00:01:45+00:00,-1.7880134306127084e-05
2024-04-22 01:04:01+00:00,-1.7595067581198308e-05
2024-04-22 02:02:00+00:00,-5.09306516451804e-05
2024-04-22 03:02:07+00:00,-1.6603520578877792e-05
2024-04-22 04:00:37+00:00,8.283422493430583e-05
2024-04-22 05:00:27+00:00,6.699697734567324e-05
2024-04-22 06:00:40+00:00,7.802104453827886e-05
2024-04-22 07:00:51+00:00,4.80709310002283e-05
2024-04-22 08:01:00+00:00,-0.00018573206292602293
2024-04-22 09:01:17+00:00,-0.00019753446958164275
2024-04-22 10:01:12+00:00,-3.844187583386326e-05
2024-04-22 11:01:13+00:00,-5.9195194596413404e-05
2024-04-22 12:01:19+00:00,-9.124247468615843e-06
2024-04-22 13:01:40+00:00,6.061892749206983e-05
2024-04-22 14:02:32+00:00,9.393814484498738e-05
2024-04-22 15:00:53+00:00,-9.882878833283386e-06
2024-04-22 16:00:48+00:00,-0.00013823610727121922
2024-04-22 17:01:31+00:00,5.5839032584828145e-05
2024-04-22 18:00:31+00:00,0.00016039731215333451
2024-04-22 19:00:10+00:00,-1.7913330633353063e-05
2024-04-22 20:00:29+00:00,0.00013980792421941878
2024-04-22 21:00:21+00:00,5.9052793197118234e-05
2024-04-22 22:00:21+00:00,0.00019877875303603485
2024-04-22 23:00:02+00:00,9.394318561924702e-05
2024-04-23 00:01:28+00:00,-3.584804045981565e-05
2024-04-23 01:03:36+00:00,2.2205970759762755e-05
2024-04-23 02:01:55+00:00,9.61621977094785e-05
2024-04-23 03:05:53+00:00,4.822560873163538e-05
2024-04-23 04:02:05+00:00,-0.0001762876080439123
2024-04-23 05:02:07+00:00,-9.493208796465301e-05
2024-04-23 06:01:55+00:00,5.9636932273177245e-05
2024-04-23 07:02:09+00:00,-8.66725919202234e-05
2024-04-23 08:01:56+00:00,8.909287598610752e-05
2024-04-23 09:02:07+00:00,8.172407683936119e-05
2024-04-23 10:02:12+00:00,6.164331596783167e-05
2024-04-23 11:00:16+00:00,2.653667396088868e-05
2024-04-23 12:00:10+00:00,0.0001670925790046302
2024-04-23 13:00:20+00:00,9.560622246382765e-05
2024-04-23 14:00:11+00:00,0.0002576689812780171
2024-04-23 15:00:16+00:00,9.601634320735443e-05
2024-04-23 16:00:18+00:00,5.6883273239541504e-05
2024-04-23 17:00:34+00:00,2.139891210851687e-05
2024-04-23 18:00:41+00:00,6.0233892839271257e-05
2024-04-23 19:00:24+00:00,-1.8046564592590758e-05
2024-04-23 20:02:40+00:00,5.6568449373562536e-05
2024-04-23 21:00:46+00:00,0.00013523848607509934
2024-04-23 22:00:45+00:00,-6.433156312063801e-05
2024-04-23 23:00:59+00:00,0.00017670244413538476
2024-04-24 00:01:02+00:00,0.00010626926130361127
2024-04-24 01:00:59+00:00,0.00011864766638774058
2024-04-24 02:01:01+00:00,7.027868384824318e-05
2024-04-24 03:01:08+00:00,-9.55386370399762e-06
2024-04-24 04:01:11+00:00,8.907865390065678e-05
2024-04-24 05:01:21+00:00,5.976765232809412e-05
2024-04-24 06:01:22+00:00,-2.6954593062657872e-05
2024-04-24 07:01:39+00:00,5.2572008188863396e-05
2024-04-24 08:01:28+00:00,-1.1075655819821158e-05
2024-04-24 09:01:40+00:00,1.415018591034304e-05
2024-04-24 10:01:43+00:00,-7.222810701653318e-06
2024-04-24 11:01:35+00:00,0.0001110525695938114
2024-04-24 12:01:35+00:00,5.306549358599686e-05
2024-04-24 13:01:52+00:00,-9.611778638572944e-05
2024-04-24 14:01:48+00:00,-1.2224664102692174e-05
2024-04-24 15:00:13+00:00,3.9588532627285055e-06
2024-04-24 16:00:24+00:00,-8.981924183242063e-05
2024-04-24 17:02:04+00:00,-8.234567499918733e-05
2024-04-24 18:02:02+00:00,4.963739963739964e-05
2024-04-24 19:02:00+00:00,-4.3855089789235684e-05
2024-04-24 20:01:46+00:00,3.0352902911042445e-05
2024-04-24 21:00:10+00:00,1.9883224469246714e-05
2024-04-24 22:00:25+00:00,2.2607217573221757e-05
2024-04-24 23:01:07+00:00,7.676355377069686e-06
2024-04-25 00:02:31+00:00,-1.1571395510298542e-05
2024-04-25 01:00:29+00:00,0.00014752415299971043
2024-04-25 02:00:28+00:00,-0.00033419528885379653
2024-04-25 03:01:41+00:00,-2.746908077626566e-06
2024-04-25 04:01:37+00:00,8.302493859689775e-05
2024-04-25 05:01:41+00:00,4.8955180287823266e-05
2024-04-25 06:01:44+00:00,6.736822573590807e-05
2024-04-25 07:01:49+00:00,8.537302778126631e-05
2024-04-25 08:01:42+00:00,-1.6575281614034623e-06
2024-04-25 09:01:38+00:00,-2.360902756942361e-05
2024-04-25 10:01:40+00:00,-5.6376518893265876e-05
2024-04-25 11:01:32+00:00,-4.0018000711968464e-05
2024-04-25 12:03:55+00:00,-2.447165000066753e-05
2024-04-25 13:01:53+00:00,-0.00012872852967475877
2024-04-25 14:02:04+00:00,-6.9657733614373186e-06
2024-04-25 15:02:30+00:00,1.7784241001147368e-05
2024-04-25 16:01:24+00:00,6.664233092188225e-05
2024-04-25 17:01:41+00:00,3.328579163530235e-05
2024-04-25 18:02:10+00:00,1.4265015806111697e-05
2024-04-25 19:00:42+00:00,4.022565773055048e-05
2024-04-25 20:01:14+00:00,5.583766348939413e-05
2024-04-25 21:01:25+00:00,5.4591074657372704e-05
2024-04-25 22:01:26+00:00,6.176007731437042e-05
2024-04-25 23:02:09+00:00,4.8631740473333205e-05
2024-04-26 00:00:59+00:00,5.071386275412856e-05
2024-04-26 01:01:02+00:00,4.532669983416252e-05
2024-04-26 02:00:54+00:00,6.950765411667357e-05
2024-04-26 03:00:55+00:00,8.01109750904833e-05
2024-04-26 04:00:50+00:00,6.717398227270315e-05
2024-04-26 05:00:51+00:00,6.109463431464268e-05
2024-04-26 06:00:57+00:00,6.484921943820745e-05
2024-04-26 07:00:48+00:00,6.072531170913331e-05
2024-04-26 08:01:09+00:00,6.4453163901448e-05
2024-04-26 09:00:35+00:00,9.696604033787279e-05
2024-04-26 10:01:36+00:00,9.240954682379421e-05
2024-04-26 11:00:47+00:00,8.849727864064782e-05
2024-04-26 12:01:09+00:00,8.873109148626075e-05
2024-04-26 13:01:33+00:00,8.831920226097158e-05
2024-04-26 14:01:27+00:00,9.145847694130087e-05
2024-04-26 15:01:26+00:00,8.587220545626093e-05
2024-04-26 16:01:31+00:00,7.658746456777739e-05
2024-04-26 17:00:36+00:00,7.95157972822605e-05
2024-04-26 18:02:15+00:00,7.672146130996383e-05
2024-04-26 19:01:35+00:00,6.665372592855373e-05
2024-04-26 20:01:50+00:00,7.609153728318092e-05
2024-04-26 21:01:35+00:00,7.519701618239789e-05
2024-04-26 22:00:36+00:00,7.622104437907489e-05
2024-04-26 23:00:27+00:00,6.712820962229428e-05
2024-04-27 00:00:21+00:00,7.601659526737571e-05
2024-04-27 01:00:48+00:00,7.084357916556587e-05
2024-04-27 02:01:02+00:00,-1.9436592661708607e-05
2024-04-27 03:01:10+00:00,-1.1150528706607288e-05
2024-04-27 04:00:19+00:00,4.554562426911582e-06
2024-04-27 05:00:40+00:00,7.964644084236698e-06
2024-04-27 06:00:34+00:00,5.421075716870443e-06
2024-04-27 07:01:21+00:00,-2.5726869828899165e-06
2024-04-27 08:01:25+00:00,-1.5742025918342108e-05
2024-04-27 09:00:12+00:00,-2.037063818358366e-05
2024-04-27 10:01:27+00:00,-2.3546441495778044e-05
2024-04-27 11:01:39+00:00,-2.3345415306291846e-05
2024-04-27 12:01:26+00:00,-3.4945304809572004e-05
2024-04-27 13:00:56+00:00,-1.987405036602816e-05
2024-04-27 14:01:28+00:00,-1.5738240971635445e-05
2024-04-27 15:01:36+00:00,-2.654564137694811e-05
2024-04-27 16:01:12+00:00,-3.997805664129466e-06
2024-04-27 17:00:14+00:00,-8.569332757474172e-07
2024-04-27 18:01:28+00:00,1.2194540713152538e-05
2024-04-27 19:01:39+00:00,0.0
2024-04-27 20:01:54+00:00,-4.507187136244281e-06
2024-04-27 21:01:14+00:00,8.46229876653533e-07
2024-04-27 22:00:43+00:00,2.9390617793092218e-05
2024-04-27 23:01:48+00:00,7.332984499548102e-05
2024-04-28 00:01:43+00:00,5.592727420634114e-05
2024-04-28 01:00:07+00:00,5.689100397479923e-05
2024-04-28 02:00:12+00:00,5.305638462004891e-05
2024-04-28 03:00:09+00:00,5.201342281879195e-05
2024-04-28 04:00:45+00:00,6.734976053863777e-05
2024-04-28 05:01:43+00:00,4.4521920333413486e-05
2024-04-28 06:01:34+00:00,4.002935486023084e-05
2024-04-28 07:02:39+00:00,5.3067484662576686e-05
2024-04-28 08:00:29+00:00,5.606592542752267e-05
2024-04-28 09:00:27+00:00,7.453888825842284e-05
2024-04-28 10:01:33+00:00,5.2442706694429006e-05
2024-04-28 11:00:30+00:00,3.54729276730403e-05
2024-04-28 12:00:45+00:00,3.0494315472792844e-05
2024-04-28 13:00:24+00:00,3.1872777293162455e-05
2024-04-28 14:01:51+00:00,4.066203651093924e-05
2024-04-28 15:02:21+00:00,2.197750828079923e-05
2024-04-28 16:02:22+00:00,-2.222489187890437e-06
2024-04-28 17:00:12+00:00,4.637028250018327e-05
2024-04-28 18:00:09+00:00,6.097033353967398e-06
2024-04-28 19:00:14+00:00,-5.260217856810353e-06
2024-04-28 20:00:09+00:00,4.156414178360046e-06
2024-04-28 21:00:17+00:00,-1.108811255831908e-05
2024-04-28 22:00:22+00:00,-6.9381035850200945e-06
2024-04-28 23:00:27+00:00,7.821408926870498e-06
2024-04-29 00:00:11+00:00,2.2560669909621818e-06
2024-04-29 01:00:10+00:00,2.7716118521535482e-05
2024-04-29 02:00:21+00:00,3.079646257765239e-05
2024-04-29 03:00:18+00:00,9.367186914550817e-06
2024-04-29 04:00:25+00:00,-1.1415839132946387e-06
2024-04-29 05:00:19+00:00,1.4341365877202057e-06
2024-04-29 06:12:58+00:00,-6.748338870431894e-05
2024-04-29 08:50:05+00:00,-9.657298791508666e-05
2024-04-29 10:43:10+00:00,-1.2059081024598265e-05
2024-04-29 13:51:25+00:00,-0.00015184129550063102
2024-04-29 15:01:52+00:00,7.105157457843295e-05
2024-04-29 16:59:39+00:00,-0.00014881634547103616
2024-04-29 19:28:42+00:00,-0.00023179396092362346
2024-04-29 21:16:17+00:00,-0.00014085537342689128
2024-04-29 22:01:04+00:00,-1.5390299705836378e-05
2024-04-29 23:00:53+00:00,5.359414646489495e-05
2024-04-30 00:00:54+00:00,7.004241189765339e-05
2024-04-30 01:00:18+00:00,0.00010031430613278565
2024-04-30 02:01:05+00:00,6.671518680252305e-05
2024-04-30 03:01:27+00:00,7.621259962999542e-05
2024-04-30 04:01:00+00:00,7.164289244864004e-05
2024-04-30 05:01:02+00:00,6.887148406714882e-05
2024-04-30 06:01:07+00:00,5.958138817624875e-05
2024-04-30 07:00:55+00:00,7.530595232257568e-05
2024-04-30 08:00:28+00:00,6.547038645275792e-05
2024-04-30 09:00:12+00:00,4.715812132241002e-06
2024-04-30 10:00:20+00:00,-3.423120891683338e-05
2024-04-30 11:00:19+00:00,-6.575486586007364e-05
2024-04-30 12:00:22+00:00,-8.566012976598382e-05
2024-04-30 13:00:44+00:00,-8.974491376639472e-05
2024-04-30 14:00:07+00:00,-7.820313079605312e-05
2024-04-30 15:00:37+00:00,-4.851654057261534e-05
2024-04-30 16:01:00+00:00,-6.139900421978611e-05
2024-04-30 17:00:51+00:00,-6.325251648992655e-05
2024-04-30 18:01:32+00:00,-5.031503150315032e-05
2024-04-30 19:00:22+00:00,-5.2814244756299984e-05
2024-04-30 20:00:13+00:00,-4.0845016907937235e-05
2024-04-30 21:00:39+00:00,-3.220843785287186e-05
2024-04-30 22:00:37+00:00,-3.974502619386489e-05
2024-04-30 23:01:27+00:00,-2.979030874140085e-05
2024-05-01 00:01:43+00:00,-2.5042263045193285e-05
2024-05-01 01:01:50+00:00,-1.4155964757310142e-05
2024-05-01 02:01:15+00:00,-4.212919315105988e-05
2024-05-01 03:01:04+00:00,-7.726495988475006e-05
2024-05-01 04:01:09+00:00,-6.476141134162787e-05
2024-05-01 05:00:12+00:00,-6.85251294178282e-05
2024-05-01 06:01:18+00:00,-4.644303240775845e-05
2024-05-01 07:00:20+00:00,-2.167410048275176e-05
2024-05-01 08:00:13+00:00,-7.745705545532984e-05
2024-05-01 09:00:10+00:00,-6.099756009759609e-05
2024-05-01 10:00:11+00:00,-5.59095547645258e-05
2024-05-01 11:00:40+00:00,-2.91597956803282e-05
2024-05-01 12:01:09+00:00,-1.0364316565244617e-05
2024-05-01 13:01:11+00:00,6.601342538096904e-07
2024-05-01 14:01:52+00:00,1.1648903021683899e-05
2024-05-01 15:01:07+00:00,1.9462211409882548e-05
2024-05-01 16:00:34+00:00,-1.259769137699879e-05
2024-05-01 17:00:02+00:00,9.538690597927012e-06
2024-05-01 18:00:49+00:00,3.536610997041372e-05
2024-05-01 19:01:08+00:00,4.469501213687261e-05
2024-05-01 20:00:35+00:00,3.639881114898862e-05
2024-05-01 21:01:19+00:00,3.418476180057977e-05
2024-05-01 22:00:08+00:00,7.283042131302332e-05
2024-05-01 23:00:21+00:00,6.564018191131047e-05
2024-05-02 00:02:01+00:00,4.022273882251176e-05
2024-05-02 01:00:06+00:00,4.043949217688395e-05
2024-05-02 02:02:04+00:00,4.910433689503457e-06
2024-05-02 03:00:12+00:00,3.2912694331263105e-06
2024-05-02 04:00:29+00:00,1.4829050703490167e-05
2024-05-02 05:00:25+00:00,1.750158528852251e-05
2024-05-02 06:00:01+00:00,1.9240264394361712e-05
2024-05-02 07:00:58+00:00,3.3045395775329386e-05
2024-05-02 08:01:18+00:00,3.48350148695659e-05
2024-05-02 09:00:42+00:00,6.664837103540204e-05
2024-05-02 10:00:57+00:00,0.00010271252818236429
2024-05-02 11:00:01+00:00,9.369717272290203e-05
2024-05-02 12:01:01+00:00,9.442687716772964e-05
2024-05-02 13:00:10+00:00,0.00010172959323374608
2024-05-02 14:02:00+00:00,6.653931382287767e-05
2024-05-02 15:00:29+00:00,8.53728205479765e-05
2024-05-02 16:00:15+00:00,0.00010954414988586797
2024-05-02 17:00:48+00:00,0.00011158756309854282
2024-05-02 18:01:10+00:00,5.2168306142034553e-05
2024-05-02 19:00:41+00:00,3.9063613384238043e-05
2024-05-02 20:00:49+00:00,2.257098575018433e-05
2024-05-02 21:01:33+00:00,4.405253056474891e-06
2024-05-02 22:02:07+00:00,5.026490965901371e-06
2024-05-02 23:00:26+00:00,2.788829639212088e-05
2024-05-03 00:02:40+00:00,8.76188035605267e-05
2024-05-03 01:00:34+00:00,0.00011031347393264546
2024-05-03 02:02:05+00:00,0.00012682561103613733
2024-05-03 03:02:00+00:00,0.00015378925425324456
2024-05-03 04:00:17+00:00,0.00015304597402018009
2024-05-03 05:00:41+00:00,0.00017699266467288607
2024-05-03 06:00:37+00:00,0.00018311446052827937
2024-05-03 07:00:56+00:00,0.00013957270145305485
2024-05-03 08:00:07+00:00,0.0001259938469870546
2024-05-03 09:01:19+00:00,0.0001468251876727078
2024-05-03 10:00:52+00:00,0.00015102725303814223
2024-05-03 11:01:04+00:00,0.00014801825244182976
2024-05-03 12:00:44+00:00,0.00013063614385010576
2024-05-03 13:00:40+00:00,0.00011150454352314998
2024-05-03 14:00:35+00:00,0.00013082586802506003
2024-05-03 15:00:59+00:00,0.00015200504797754523
2024-05-03 16:00:41+00:00,0.00015545577463974027
2024-05-03 17:00:22+00:00,0.00011418322691728246
2024-05-03 18:01:30+00:00,0.0001289204581996441
2024-05-03 19:00:44+00:00,9.872181899929347e-05
2024-05-03 20:00:10+00:00,4.9650349650349656e-05
2024-05-03 21:00:03+00:00,5.36488235956321e-05
2024-05-03 22:00:13+00:00,5.948558653303711e-05
2024-05-03 23:00:12+00:00,5.0294204888008994e-05
2024-05-04 00:01:56+00:00,7.276350661891097e-05
2024-05-04 01:01:59+00:00,0.00012575367808408786
2024-05-04 02:00:01+00:00,0.0001621325274622415
2024-05-04 03:01:54+00:00,0.0001767702154753527
2024-05-04 04:02:13+00:00,0.0001633756448774482
2024-05-04 05:00:13+00:00,0.00019398169794936876
2024-05-04 06:00:03+00:00,0.00018427906295168887
2024-05-04 07:00:11+00:00,0.00010815163858051806
2024-05-04 08:00:09+00:00,7.45044338380951e-05
2024-05-04 09:00:11+00:00,7.536806116904974e-05
2024-05-04 10:00:17+00:00,0.00014511066026077357
2024-05-04 11:00:15+00:00,0.0001833479794866414
2024-05-04 12:00:19+00:00,0.00010865466352207288
2024-05-04 13:00:23+00:00,6.858895011655598e-05
2024-05-04 14:00:54+00:00,8.033239290862274e-05
2024-05-04 15:00:25+00:00,0.00011201399641555212
2024-05-04 16:00:38+00:00,7.634007365290306e-05
2024-05-04 17:00:21+00:00,7.797084376380504e-05
2024-05-04 18:02:00+00:00,7.557742244089108e-05
2024-05-04 19:00:20+00:00,0.00011558676627003627
2024-05-04 20:00:18+00:00,0.00013330434242405417
2024-05-04 21:00:09+00:00,0.00015475526123243672
2024-05-04 22:00:12+00:00,0.00014513899649797006
2024-05-04 23:00:11+00:00,0.00013755996450225586
2024-05-05 00:01:51+00:00,5.735142070580615e-05
2024-05-05 01:00:24+00:00,2.515922972039074e-05
2024-05-05 02:00:24+00:00,3.79357873572666e-05
2024-05-05 03:00:17+00:00,7.449409594329073e-05
2024-05-05 04:00:23+00:00,6.996831432192648e-05
2024-05-05 05:00:27+00:00,5.303789411327271e-05
2024-05-05 06:00:36+00:00,2.636360219028406e-05
2024-05-05 07:00:44+00:00,2.6262575829443044e-05
2024-05-05 08:00:21+00:00,4.1619357840856206e-05
2024-05-05 09:00:37+00:00,3.098066187086021e-05
2024-05-05 10:00:37+00:00,4.70421102260602e-05
2024-05-05 11:00:12+00:00,5.8264555262765376e-05
2024-05-05 12:00:46+00:00,3.1548306210355144e-05
2024-05-05 13:00:10+00:00,3.920163511509366e-05
2024-05-05 14:00:19+00:00,5.44719951691122e-05
2024-05-05 15:00:49+00:00,4.228518057285181e-05
2024-05-05 16:00:30+00:00,9.461178149331514e-05
2024-05-05 17:01:00+00:00,9.313947079986873e-05
2024-05-05 18:01:06+00:00,5.797917078962992e-05
2024-05-05 19:01:03+00:00,3.994235633925645e-05
2024-05-05 20:01:08+00:00,2.7758586656138965e-05
2024-05-05 21:00:44+00:00,3.043642464879858e-05
2024-05-05 22:00:43+00:00,4.2540077821011675e-05
2024-05-05 23:00:56+00:00,2.9379828513660247e-05
2024-05-06 00:01:33+00:00,3.736525156155614e-05
2024-05-06 01:01:07+00:00,5.0318009822075514e-05
2024-05-06 02:00:45+00:00,5.281293649279768e-05
2024-05-06 03:00:03+00:00,9.407467234479974e-05
2024-05-06 04:00:05+00:00,0.00012254944189423681
2024-05-06 05:01:17+00:00,0.0001051928299168088
2024-05-06 06:00:45+00:00,5.1019026755605876e-05
2024-05-06 07:01:45+00:00,4.901330098455468e-05
2024-05-06 08:01:55+00:00,4.584380100122862e-05
2024-05-06 09:01:44+00:00,9.677185827788202e-05
2024-05-06 10:00:22+00:00,0.0001461134749226525
2024-05-06 11:00:01+00:00,0.00011770268795693448
2024-05-06 12:00:11+00:00,0.00013988923061842152
2024-05-06 13:00:03+00:00,5.921122040525026e-05
2024-05-06 14:00:25+00:00,2.1376319593499495e-05
2024-05-06 15:00:23+00:00,4.9165819304786654e-05
2024-05-06 16:00:32+00:00,1.265134167478461e-05
2024-05-06 17:00:27+00:00,1.1358951754580684e-05
2024-05-06 18:00:33+00:00,3.197258031512175e-06
2024-05-06 19:00:30+00:00,4.8340673218074706e-05
2024-05-06 20:00:37+00:00,3.953577840471916e-05
2024-05-06 21:00:41+00:00,5.753321794023316e-05
2024-05-06 22:00:39+00:00,0.00010258200024113052
2024-05-06 23:00:12+00:00,0.00010700255539875662
2024-05-07 00:00:03+00:00,0.00010749503134077358
2024-05-07 01:01:06+00:00,0.0001227897088589869
2024-05-07 02:00:14+00:00,0.00013334349283754954
2024-05-07 03:00:04+00:00,0.00012878648155332397
2024-05-07 04:01:15+00:00,0.00010104639152108501
2024-05-07 05:01:11+00:00,9.679199635497886e-05
2024-05-07 06:00:25+00:00,7.987023811050276e-05
2024-05-07 07:01:38+00:00,8.550851044726343e-05
2024-05-07 08:01:36+00:00,8.56520764624892e-05
2024-05-07 09:00:57+00:00,0.00011189410532330257
2024-05-07 10:01:35+00:00,0.00011933631947511197
2024-05-07 11:00:03+00:00,0.00013081656116943993
2024-05-07 12:01:41+00:00,0.0001179902693662418
2024-05-07 13:00:35+00:00,0.00011518687282733727
2024-05-07 14:01:59+00:00,0.00010518867022395625
2024-05-07 15:00:32+00:00,0.00010149022816921218
2024-05-07 16:00:41+00:00,7.177262432613481e-05
2024-05-07 17:00:34+00:00,3.885709175460562e-05
2024-05-07 18:03:04+00:00,1.6320265132052204e-05
2024-05-07 19:00:11+00:00,3.022255615721429e-05
2024-05-07 20:01:03+00:00,4.225581017389891e-05
2024-05-07 21:00:14+00:00,3.226835189295081e-05
2024-05-07 22:01:18+00:00,7.612407048331603e-06
2024-05-07 23:00:09+00:00,8.197043818117435e-06
2024-05-08 00:01:49+00:00,8.271900684251625e-06
2024-05-08 01:00:16+00:00,3.371069682921815e-05
2024-05-08 02:00:58+00:00,1.434855189591669e-05
2024-05-08 03:01:00+00:00,3.857554985046185e-06
2024-05-08 04:00:59+00:00,-2.972965830712719e-05
2024-05-08 05:00:04+00:00,-2.7591596683180117e-05
2024-05-08 06:01:46+00:00,1.9657097288676235e-05
2024-05-08 07:00:01+00:00,4.009381953771826e-05
2024-05-08 08:00:04+00:00,2.7451876853152962e-05
2024-05-08 09:00:05+00:00,2.358744878153979e-05
2024-05-08 10:00:07+00:00,2.6759696840624977e-05
2024-05-08 11:02:22+00:00,6.739316498520721e-06
2024-05-08 12:00:09+00:00,-7.327221677209838e-06
2024-05-08 13:00:08+00:00,1.4133603321396783e-06
2024-05-08 14:00:04+00:00,1.3515979266487805e-05
2024-05-08 15:00:08+00:00,3.601508948493397e-05
2024-05-08 16:00:06+00:00,7.28547210935608e-06
2024-05-08 17:00:10+00:00,4.770664456528331e-06
2024-05-08 18:00:30+00:00,6.9990251117759774e-06
2024-05-08 19:00:10+00:00,8.379925720338415e-07
2024-05-08 20:00:10+00:00,2.2520085481645792e-06
2024-05-08 21:00:02+00:00,2.5137136588041692e-05
2024-05-08 22:00:10+00:00,8.342571293961146e-05
2024-05-08 23:00:14+00:00,9.333370550511851e-05
2024-05-09 00:00:23+00:00,0.00010717955528837753
2024-05-09 01:00:15+00:00,0.00011056079245885925
2024-05-09 02:00:25+00:00,0.00013251005011289166
2024-05-09 03:00:04+00:00,0.0001255723364996925
2024-05-09 04:00:28+00:00,0.00010684115302471737
2024-05-09 05:00:17+00:00,0.00011241340039859542
2024-05-09 06:00:13+00:00,0.00010351060085023422
2024-05-09 07:00:15+00:00,8.514223076298482e-05
2024-05-09 08:00:19+00:00,3.316371651314984e-05
2024-05-09 09:00:14+00:00,-3.758704818659577e-05
2024-05-09 10:01:32+00:00,-5.123765947360828e-05
2024-05-09 11:00:19+00:00,-5.1436611170117384e-05
2024-05-09 12:00:18+00:00,-3.180836577213518e-05
2024-05-09 13:00:17+00:00,3.1289496157130657e-06
2024-05-09 14:00:18+00:00,3.6894486944556085e-05
2024-05-09 15:00:31+00:00,6.242034762330865e-05
2024-05-09 16:00:25+00:00,9.737076048597828e-05
2024-05-09 17:00:19+00:00,5.793217401817558e-05
2024-05-09 18:00:17+00:00,6.415584066273972e-05
2024-05-09 19:04:58+00:00,8.132126089872568e-05
2024-05-09 20:02:23+00:00,7.854435583601274e-05
2024-05-09 21:00:12+00:00,9.471747420068799e-05
2024-05-09 22:00:37+00:00,0.00010010515667012752
2024-05-09 23:00:29+00:00,0.00013848837670318634
2024-05-10 00:00:25+00:00,0.00010108581713178141
2024-05-10 01:00:26+00:00,8.399539968538076e-05
2024-05-10 02:00:27+00:00,0.00010728020068704869
2024-05-10 03:00:27+00:00,8.700696055684454e-05
2024-05-10 04:00:11+00:00,8.744918834187944e-05
2024-05-10 05:00:22+00:00,0.00011558757125737402
2024-05-10 06:01:00+00:00,8.66504179195422e-05
2024-05-10 07:01:04+00:00,9.958141868694871e-05
2024-05-10 08:00:07+00:00,0.00010068214440918129
2024-05-10 09:01:15+00:00,8.695308693992021e-05
2024-05-10 10:01:09+00:00,7.974735341482087e-05
2024-05-10 11:00:30+00:00,7.758745922531399e-05
2024-05-10 12:01:18+00:00,9.989006331293544e-05
2024-05-10 13:01:21+00:00,0.0001005809634974533
2024-05-10 14:00:44+00:00,9.735591324839239e-05
2024-05-10 15:00:15+00:00,3.717547500118286e-05
2024-05-10 16:01:21+00:00,4.504615468834466e-05
2024-05-10 17:00:56+00:00,6.868770477668564e-05
2024-05-10 18:00:33+00:00,8.867797644220436e-05
2024-05-10 19:01:10+00:00,8.422233144803428e-05
2024-05-10 20:00:34+00:00,6.048860455262189e-05
2024-05-10 21:01:10+00:00,3.657771894377482e-05
2024-05-10 22:01:04+00:00,4.441549212365273e-05
2024-05-10 23:00:31+00:00,3.573644978418671e-05
2024-05-11 00:01:40+00:00,3.128041151119144e-05
2024-05-11 01:00:31+00:00,3.237063194189104e-05
2024-05-11 02:00:32+00:00,5.614406047665443e-05
2024-05-11 03:00:43+00:00,8.036140164110079e-05
2024-05-11 04:01:09+00:00,8.568757789779809e-05
2024-05-11 05:00:02+00:00,9.531005226456684e-05
2024-05-11 06:00:00+00:00,8.339913283187189e-05
2024-05-11 07:00:03+00:00,5.6460143950550696e-05
2024-05-11 08:00:06+00:00,5.331820760068066e-05
2024-05-11 09:00:06+00:00,8.470777621271311e-05
2024-05-11 10:00:07+00:00,9.399686237487679e-05
2024-05-11 11:00:08+00:00,8.292910382840718e-05
2024-05-11 12:01:23+00:00,8.220792168947701e-05
2024-05-11 13:00:54+00:00,9.574675505542866e-05
2024-05-11 14:00:21+00:00,9.916837746616097e-05
2024-05-11 15:00:12+00:00,0.00010260940945676144
2024-05-11 16:01:01+00:00,0.00010373308737352373
2024-05-11 17:00:12+00:00,0.00011558470308262769
2024-05-11 18:00:10+00:00,0.00010181012702038556
2024-05-11 19:00:37+00:00,8.698206854598996e-05
2024-05-11 20:00:13+00:00,6.966476895865576e-05
2024-05-11 21:01:35+00:00,6.896026370825889e-05
2024-05-11 22:00:18+00:00,6.450784217067396e-05
2024-05-11 23:01:32+00:00,5.275240526758819e-05
2024-05-12 00:01:19+00:00,5.288669428519618e-05
2024-05-12 01:00:33+00:00,6.0010854137096103e-05
2024-05-12 02:01:38+00:00,5.676391466644423e-05
2024-05-12 03:01:09+00:00,4.929396126356227e-05
2024-05-12 04:00:27+00:00,4.932863470484999e-05
2024-05-12 05:00:26+00:00,5.7376935167540656e-05
2024-05-12 06:00:04+00:00,5.563050220435865e-05
2024-05-12 07:00:08+00:00,5.861173209646979e-05
2024-05-12 08:00:07+00:00,2.638151183650498e-05
2024-05-12 09:01:22+00:00,2.0050533288981052e-05
2024-05-12 10:00:40+00:00,2.5413870880796675e-05
2024-05-12 11:00:00+00:00,5.2158501076085576e-05
2024-05-12 12:01:02+00:00,4.665584142893138e-05
2024-05-12 13:01:21+00:00,4.4349671211580076e-05
2024-05-12 14:00:53+00:00,5.051368663013161e-05
2024-05-12 15:01:21+00:00,5.3143549958300914e-05
2024-05-12 16:01:25+00:00,6.591991038924671e-05
2024-05-12 17:00:07+00:00,6.549394661282773e-05
2024-05-12 18:00:16+00:00,5.524532431636103e-05
2024-05-12 19:01:29+00:00,4.754760043109824e-05
2024-05-12 20:00:15+00:00,5.3662920712203136e-05
2024-05-12 21:00:17+00:00,5.961395431202409e-05
2024-05-12 22:01:00+00:00,3.9889373470907355e-05
2024-05-12 23:01:25+00:00,5.4690715066199314e-05
2024-05-13 00:00:07+00:00,6.229008715368808e-05
2024-05-13 01:01:36+00:00,8.028032832007678e-05
2024-05-13 02:01:34+00:00,4.9621107401342605e-05
2024-05-13 03:01:24+00:00,-5.388589123671713e-06
2024-05-13 04:00:05+00:00,1.1193270962868267e-05
2024-05-13 05:00:28+00:00,2.9458935366760468e-05
2024-05-13 06:01:33+00:00,2.489451169298712e-05
2024-05-13 07:01:03+00:00,3.490337117601178e-05
2024-05-13 08:00:11+00:00,5.701335537849741e-05
2024-05-13 09:00:24+00:00,5.3586657160033e-05
2024-05-13 10:00:35+00:00,4.7123397936312987e-05
2024-05-13 11:01:33+00:00,2.4084302021883423e-05
2024-05-13 12:00:05+00:00,2.9404776878677344e-05
2024-05-13 13:00:20+00:00,4.846382626017789e-05
2024-05-13 14:00:23+00:00,5.5523118032133767e-05
2024-05-13 15:00:05+00:00,7.198098362851116e-05
2024-05-13 16:01:35+00:00,7.005315381509356e-05
2024-05-13 17:00:15+00:00,6.517842594101353e-05
2024-05-13 18:00:09+00:00,3.17232144615324e-05
2024-05-13 19:00:06+00:00,7.313975677706337e-05
2024-05-13 20:01:49+00:00,9.661408847487808e-05
2024-05-13 21:00:33+00:00,0.00010985806982937827
2024-05-13 22:01:46+00:00,7.583788360634971e-05
2024-05-13 23:01:30+00:00,9.872333570498449e-05
2024-05-14 00:00:15+00:00,0.00011178649955285402
2024-05-14 01:00:40+00:00,0.0001118120615790217
2024-05-14 02:01:37+00:00,0.00010664096087704213
2024-05-14 03:01:38+00:00,0.00010928998500205127
2024-05-14 04:01:21+00:00,0.00016733937093783678
2024-05-14 05:00:33+00:00,0.0001895802894141665
2024-05-14 06:01:13+00:00,0.0001833976193163335
2024-05-14 07:00:36+00:00,0.00016256502601040416
2024-05-14 08:00:37+00:00,0.00016916881721143449
2024-05-14 09:00:38+00:00,0.00016449726091823824
2024-05-14 10:01:39+00:00,0.0001327162340987226
2024-05-14 11:00:54+00:00,0.0001249347415766435
2024-05-14 12:01:01+00:00,0.00012260380455452282
2024-05-14 13:01:48+00:00,8.832638829270869e-05
2024-05-14 14:01:33+00:00,7.06901332206657e-05
2024-05-14 15:01:54+00:00,7.003641893784767e-05
2024-05-14 16:01:58+00:00,6.573832240044583e-05
2024-05-14 17:00:37+00:00,4.661490999084653e-05
2024-05-14 18:00:41+00:00,3.2975355476106005e-05
2024-05-14 19:01:19+00:00,9.366842961201535e-05
2024-05-14 20:02:01+00:00,0.00013596209773214456
2024-05-14 21:01:28+00:00,0.000124496046824157
2024-05-14 22:00:24+00:00,0.00011064569559087237
2024-05-14 23:00:16+00:00,0.00013035752265819572
2024-05-15 00:00:32+00:00,8.999917450883276e-05
2024-05-15 01:00:34+00:00,6.109234427139364e-05
2024-05-15 02:00:35+00:00,4.66993350145914e-05
2024-05-15 03:00:15+00:00,3.8696370763956236e-05
2024-05-15 04:00:19+00:00,4.381346499224933e-05
2024-05-15 05:00:22+00:00,4.4220155845578664e-05
2024-05-15 06:00:10+00:00,4.227428234503658e-05
2024-05-15 07:00:07+00:00,5.325904911645077e-05
2024-05-15 08:00:15+00:00,5.707310457073104e-05
2024-05-15 09:00:13+00:00,5.836790775365052e-05
2024-05-15 10:00:20+00:00,7.546688848341741e-05
2024-05-15 11:00:19+00:00,7.95673076923077e-05
2024-05-15 12:01:30+00:00,6.63282028642332e-05
2024-05-15 13:00:17+00:00,6.897078962413412e-05
2024-05-15 14:00:25+00:00,7.284038580796686e-05
2024-05-15 15:00:25+00:00,8.784135454755081e-05
2024-05-15 16:00:36+00:00,7.769635845513402e-05
2024-05-15 17:00:25+00:00,6.280202817497307e-05
2024-05-15 18:01:24+00:00,8.430409977444605e-05
2024-05-15 19:00:54+00:00,0.00011177592215135775
2024-05-15 20:00:54+00:00,0.00010550524745478813
2024-05-15 21:00:43+00:00,0.00011676862297357785
2024-05-15 22:00:55+00:00,0.00012164708454716751
2024-05-15 23:01:26+00:00,0.00013577001683869557
2024-05-16 00:01:26+00:00,0.00013674285971188366
2024-05-16 01:01:19+00:00,0.0001522702852252913
2024-05-16 02:00:20+00:00,0.00016993620363128673
2024-05-16 03:00:15+00:00,0.00010226826172944488
2024-05-16 04:00:16+00:00,0.00012577781465195387
2024-05-16 05:00:21+00:00,0.00015434149202726225
2024-05-16 06:00:33+00:00,0.0001105435435819407
2024-05-16 07:00:27+00:00,0.00010833103854602274
2024-05-16 08:00:28+00:00,0.0001264906685111888
2024-05-16 09:00:38+00:00,0.00010917661565335783
2024-05-16 10:00:32+00:00,4.8434128044394204e-05
2024-05-16 11:00:45+00:00,5.2092261885581345e-05
2024-05-16 12:00:52+00:00,5.2462001368854676e-05
2024-05-16 13:00:31+00:00,8.859930629842134e-05
2024-05-16 14:01:16+00:00,0.00013634763562404663
2024-05-16 15:01:31+00:00,6.637045813586098e-05
2024-05-16 16:00:24+00:00,7.315463264268883e-05
2024-05-16 17:00:10+00:00,6.171272142984666e-05
2024-05-16 18:01:13+00:00,5.024116820819972e-05
2024-05-16 19:00:14+00:00,3.289259817027459e-05
2024-05-16 20:00:21+00:00,6.502882495151563e-05
2024-05-16 21:00:19+00:00,0.00012426193414951463
2024-05-16 22:00:42+00:00,0.00011727003521502508
2024-05-16 23:00:54+00:00,0.00010095515255074456
2024-05-17 00:01:05+00:00,0.00010853883352480697
2024-05-17 01:01:08+00:00,0.00010774316524706415
2024-05-17 02:01:37+00:00,9.39930927553784e-05
2024-05-17 03:01:41+00:00,6.109892746918723e-05
2024-05-17 04:01:43+00:00,6.67966099439869e-05
2024-05-17 05:01:04+00:00,6.797584087473613e-05
2024-05-17 06:00:39+00:00,9.21266449997336e-05
2024-05-17 07:01:56+00:00,0.000120424692211097
2024-05-17 08:00:24+00:00,0.00011687688871370385
2024-05-17 09:00:34+00:00,0.00010145771831410002
2024-05-17 10:00:51+00:00,7.460365176249168e-05
2024-05-17 11:00:47+00:00,7.902188912214615e-05
2024-05-17 12:00:11+00:00,6.903349182024179e-05
2024-05-17 13:01:39+00:00,5.865982149288525e-05
2024-05-17 14:01:50+00:00,6.506433600388444e-05
2024-05-17 15:01:31+00:00,8.353042145192251e-05
2024-05-17 16:00:34+00:00,8.079118028534371e-05
2024-05-17 17:00:30+00:00,5.482314697763216e-05
2024-05-17 18:00:06+00:00,4.4139686313015166e-05
2024-05-17 19:00:35+00:00,2.2994999675303593e-05
2024-05-17 20:00:31+00:00,0.000116805317965696
2024-05-17 21:00:49+00:00,0.00010256725854619186
2024-05-17 22:00:55+00:00,5.6916593638847364e-05
2024-05-17 23:00:59+00:00,7.455155146779603e-05
2024-05-18 00:01:18+00:00,3.9894864692916215e-05
2024-05-18 01:01:04+00:00,8.587530593842585e-05
2024-05-18 02:01:04+00:00,8.973201619767352e-05
2024-05-18 03:01:28+00:00,5.9152667587447405e-05
2024-05-18 04:01:38+00:00,5.317947994304261e-05
2024-05-18 05:00:33+00:00,6.701569338622135e-05
2024-05-18 06:00:27+00:00,6.617751083559477e-05
2024-05-18 07:01:26+00:00,5.6982317612071244e-05
2024-05-18 08:01:18+00:00,5.6468006840695676e-05
2024-05-18 09:01:20+00:00,5.234910571620019e-05
2024-05-18 10:01:38+00:00,5.7674478496008235e-05
2024-05-18 11:01:10+00:00,5.787520818998502e-05
2024-05-18 12:02:01+00:00,4.7315980932461645e-05
2024-05-18 13:00:20+00:00,2.9517657136600474e-05
2024-05-18 14:00:19+00:00,7.150471931147456e-05
2024-05-18 15:02:33+00:00,7.881060844067442e-05
2024-05-18 16:00:33+00:00,7.561274429513932e-05
2024-05-18 17:00:25+00:00,5.894604472039926e-05
2024-05-18 18:00:35+00:00,4.174962016031854e-05
2024-05-18 19:00:37+00:00,3.603391118623636e-05
2024-05-18 20:00:36+00:00,3.900439928773437e-05
2024-05-18 21:00:35+00:00,3.8079880922847925e-05
2024-05-18 22:00:31+00:00,4.53955309084978e-05
2024-05-18 23:00:39+00:00,5.5272375575073187e-05
2024-05-19 00:00:42+00:00,6.0446454243667823e-05
2024-05-19 01:00:44+00:00,5.9359029656641704e-05
2024-05-19 02:00:42+00:00,3.285901455548096e-05
2024-05-19 03:00:44+00:00,4.584050636188306e-05
2024-05-19 04:00:18+00:00,4.02700996121184e-05
2024-05-19 05:00:09+00:00,3.382078206532242e-05
2024-05-19 06:00:33+00:00,3.166974817525302e-05
2024-05-19 07:00:33+00:00,3.1271028521144985e-05
2024-05-19 08:00:46+00:00,4.432810452428217e-05
2024-05-19 09:00:57+00:00,4.2582417582417585e-05
2024-05-19 10:00:04+00:00,6.101595188284519e-05
2024-05-19 11:00:20+00:00,5.27648852071624e-05
2024-05-19 12:00:19+00:00,7.683675143560294e-05
2024-05-19 13:01:40+00:00,6.34434087177586e-05
2024-05-19 14:01:08+00:00,6.593742727000699e-05
2024-05-19 15:01:13+00:00,7.092085402911039e-05
2024-05-19 16:01:29+00:00,6.932169098072623e-05
2024-05-19 17:01:37+00:00,4.695314688112671e-05
2024-05-19 18:00:08+00:00,6.220092504965144e-05
2024-05-19 19:00:11+00:00,7.19256148770246e-05
2024-05-19 20:00:18+00:00,9.7654293784179e-05
2024-05-19 21:00:17+00:00,7.617255511209922e-05
2024-05-19 22:00:15+00:00,5.5666711427420445e-05
2024-05-19 23:00:25+00:00,7.734943634974465e-05
2024-05-20 00:00:27+00:00,7.545980172517877e-05
2024-05-20 01:00:34+00:00,9.379291863464307e-05
2024-05-20 02:00:40+00:00,8.322608322608322e-05
2024-05-20 03:00:42+00:00,5.2323147760569277e-05
2024-05-20 04:00:41+00:00,5.8230497651835807e-05
2024-05-20 05:00:36+00:00,6.872525732383214e-05
2024-05-20 06:00:13+00:00,6.242976651267325e-05
2024-05-20 07:00:46+00:00,4.95062575909595e-05
2024-05-20 08:00:46+00:00,3.9715636045911274e-05
2024-05-20 09:00:32+00:00,4.4850838435273065e-05
2024-05-20 10:00:59+00:00,3.354362717277971e-05
2024-05-20 11:01:08+00:00,3.539770557011709e-05
2024-05-20 12:01:28+00:00,5.630673689900915e-05
2024-05-20 13:00:36+00:00,4.489739250013222e-05
2024-05-20 14:01:55+00:00,3.4400079262855444e-05
2024-05-20 15:01:19+00:00,2.9479642646951855e-05
2024-05-20 16:00:12+00:00,0.00012098207819228086
2024-05-20 17:01:57+00:00,7.97639731191608e-05
2024-05-20 18:01:15+00:00,0.00010762630952536654
2024-05-20 19:00:06+00:00,9.62875439821917e-05
2024-05-20 20:01:04+00:00,3.712072304712717e-05
2024-05-20 21:02:04+00:00,1.915097350781998e-05
2024-05-20 22:01:04+00:00,4.277295481908624e-05
2024-05-20 23:01:00+00:00,4.4652704647844325e-05
2024-05-21 00:01:14+00:00,0.00012512103940675367
2024-05-21 01:01:18+00:00,9.213963717663641e-05
2024-05-21 02:00:21+00:00,9.767234045157696e-05
2024-05-21 03:01:24+00:00,0.00011901434350864287
2024-05-21 04:01:23+00:00,0.0001021596106341869
2024-05-21 05:00:01+00:00,0.00011469208840388682
2024-05-21 06:01:31+00:00,7.373181281950452e-05
2024-05-21 07:00:50+00:00,6.744204582380459e-05
2024-05-21 08:00:13+00:00,6.946240645283875e-05
2024-05-21 09:00:08+00:00,7.908066740714521e-05
2024-05-21 10:00:38+00:00,7.728731648381152e-05
2024-05-21 11:00:45+00:00,7.412687967634228e-05
2024-05-21 12:00:48+00:00,7.976638325544083e-05
2024-05-21 13:00:00+00:00,0.00010414696581840084
2024-05-21 14:01:14+00:00,8.540901940220241e-05
2024-05-21 15:03:17+00:00,9.616754691207557e-05
2024-05-21 16:01:15+00:00,0.00011699753039513678
2024-05-21 17:01:19+00:00,0.00011273317595009722
2024-05-21 18:01:54+00:00,0.00011455123066417267
2024-05-21 19:00:55+00:00,0.000100988499192092
2024-05-21 20:02:31+00:00,3.8320970437249784e-05
2024-05-21 21:00:12+00:00,4.856492246315423e-05
2024-05-21 22:00:05+00:00,9.540940535589461e-05
2024-05-21 23:00:37+00:00,0.00011002163715152561
2024-05-22 00:00:41+00:00,0.00016471860448625524
2024-05-22 01:00:24+00:00,7.884561304836895e-05
2024-05-22 02:00:43+00:00,6.250255368577115e-05
2024-05-22 03:00:45+00:00,0.00011874531061879474
2024-05-22 04:00:21+00:00,0.00016415305777020322
2024-05-22 05:00:51+00:00,8.060396944763926e-05
2024-05-22 06:00:18+00:00,4.35218707341682e-05
2024-05-22 07:00:50+00:00,6.400773478696712e-05
2024-05-22 08:00:54+00:00,6.774028933220987e-05
2024-05-22 09:00:59+00:00,5.501148663050944e-05
2024-05-22 10:00:26+00:00,4.458871370478705e-05
2024-05-22 11:00:50+00:00,3.5946779011508205e-05
2024-05-22 12:01:36+00:00,4.106316261012394e-05
2024-05-22 13:01:24+00:00,3.324488179933389e-05
2024-05-22 14:01:25+00:00,5.60373419994036e-05
2024-05-22 15:01:45+00:00,7.887392306758888e-05
2024-05-22 16:00:47+00:00,0.00010607086166102608
2024-05-22 17:01:56+00:00,7.894752571712064e-05
2024-05-22 18:01:38+00:00,9.57281321048223e-05
2024-05-22 19:03:31+00:00,1.5585779107935896e-05
2024-05-22 20:03:55+00:00,3.296610374235945e-05
2024-05-22 21:00:57+00:00,4.901221535213391e-05
2024-05-22 22:02:00+00:00,5.233644859813084e-05
2024-05-22 23:01:42+00:00,6.202206456104969e-05
2024-05-23 00:00:07+00:00,6.869246043684939e-05
2024-05-23 01:01:41+00:00,9.612034266902161e-05
2024-05-23 02:01:33+00:00,0.00013308911105496806
2024-05-23 03:02:00+00:00,8.543933806997033e-05
2024-05-23 04:00:46+00:00,5.690190112246488e-05
2024-05-23 05:01:20+00:00,4.84883023395321e-05
2024-05-23 06:01:59+00:00,3.775679844435509e-05
2024-05-23 07:02:14+00:00,5.13874181748171e-05
2024-05-23 08:00:02+00:00,7.207986448985477e-05
2024-05-23 09:02:01+00:00,5.567874008198097e-05
2024-05-23 10:00:15+00:00,0.00010404690045032097
2024-05-23 11:00:11+00:00,0.000122788236001684
2024-05-23 12:00:19+00:00,0.00012110243487328233
2024-05-23 13:00:26+00:00,6.998625141969037e-05
2024-05-23 14:00:34+00:00,-2.3179597551804048e-05
2024-05-23 15:00:03+00:00,2.335997408600208e-05
2024-05-23 16:01:36+00:00,9.802400230261923e-05
2024-05-23 17:01:48+00:00,9.723395336323991e-05
2024-05-23 18:01:54+00:00,0.00011750176649720799
2024-05-23 19:01:29+00:00,9.041133910717778e-05
2024-05-23 20:00:33+00:00,3.5531327576731876e-05
2024-05-23 21:01:09+00:00,2.279639126064107e-05
2024-05-23 22:00:08+00:00,3.589711338909502e-05
2024-05-23 23:01:46+00:00,3.4981422189362086e-05
2024-05-24 00:01:34+00:00,3.814462726999097e-05
2024-05-24 01:00:48+00:00,2.3286337802618773e-05
2024-05-24 02:00:14+00:00,-1.2047207952666294e-05
2024-05-24 03:00:44+00:00,-1.0426939190844393e-06
2024-05-24 04:00:20+00:00,2.375715189913081e-05
2024-05-24 05:01:27+00:00,3.0087984274616444e-05
2024-05-24 06:00:29+00:00,-3.901738614726723e-06
2024-05-24 07:00:01+00:00,2.896121952430607e-05
2024-05-24 08:00:04+00:00,2.301058260836817e-05
2024-05-24 09:00:11+00:00,6.385917553862456e-05
2024-05-24 10:00:32+00:00,6.208289926445055e-05
2024-05-24 11:01:16+00:00,8.553151954199049e-05
2024-05-24 12:00:10+00:00,0.0001108712776713
2024-05-24 13:00:20+00:00,0.00011556083071454488
2024-05-24 14:00:11+00:00,8.292126051548783e-05
2024-05-24 15:00:27+00:00,4.231999708054059e-05
2024-05-24 16:00:21+00:00,3.09459912780946e-05
2024-05-24 17:00:26+00:00,7.195608722169552e-05
2024-05-24 18:00:43+00:00,6.762190838400233e-05
2024-05-24 19:00:33+00:00,7.847435866379206e-05
2024-05-24 20:00:09+00:00,0.00012997443880455984
2024-05-24 21:00:29+00:00,5.426657135587676e-05
2024-05-24 22:00:31+00:00,1.192993145468393e-05
2024-05-24 23:00:03+00:00,2.725705271653399e-05
2024-05-25 00:00:42+00:00,2.061811584021113e-05
2024-05-25 01:00:32+00:00,7.884595418262213e-06
2024-05-25 02:00:30+00:00,1.3769215705473416e-05
2024-05-25 03:00:33+00:00,1.9885459751829462e-05
2024-05-25 04:00:36+00:00,2.3917278951450858e-05
2024-05-25 05:00:03+00:00,4.591870908814127e-05
2024-05-25 06:01:03+00:00,9.049374604565145e-05
2024-05-25 07:00:37+00:00,8.916856665146678e-05
2024-05-25 08:01:14+00:00,0.00012082092223320937
2024-05-25 09:00:18+00:00,5.560185017451059e-05
2024-05-25 10:00:37+00:00,3.8716330042025624e-05
2024-05-25 11:00:57+00:00,3.8464516513297e-05
2024-05-25 12:01:30+00:00,2.9740838334750984e-05
2024-05-25 13:00:55+00:00,1.892601160906966e-05
2024-05-25 14:01:47+00:00,9.920098118788666e-05
2024-05-25 15:01:02+00:00,0.0001571812283084352
2024-05-25 16:00:10+00:00,0.00017006293077614622
2024-05-25 17:00:13+00:00,0.0001340945933059979
2024-05-25 18:00:13+00:00,8.641624148904021e-05
2024-05-25 19:00:11+00:00,6.027432849745215e-05
2024-05-25 20:00:23+00:00,5.765041157836475e-05
2024-05-25 21:01:13+00:00,4.414179521738363e-05
2024-05-25 22:00:18+00:00,4.144812362030905e-05
2024-05-25 23:01:20+00:00,3.660744296303285e-05
2024-05-26 00:01:25+00:00,6.454535888412118e-05
2024-05-26 01:01:03+00:00,6.401899618213987e-05
2024-05-26 02:01:25+00:00,8.216317461056108e-05
2024-05-26 03:00:48+00:00,3.455425824576979e-05
2024-05-26 04:01:52+00:00,3.4193555897006096e-05
2024-05-26 05:00:23+00:00,2.7333476541862365e-05
2024-05-26 06:00:58+00:00,2.30231394767151e-05
2024-05-26 07:01:34+00:00,1.5047799921935533e-05
2024-05-26 08:00:27+00:00,2.541521194834467e-05
2024-05-26 09:01:30+00:00,1.6745101693730632e-05
2024-05-26 10:00:29+00:00,1.2938460276348635e-05
2024-05-26 11:00:40+00:00,2.3749632677049662e-05
2024-05-26 12:01:54+00:00,1.7367818454041043e-05
2024-05-26 13:01:32+00:00,1.6678146506302138e-05
2024-05-26 14:00:59+00:00,9.871188690201097e-06
2024-05-26 15:01:11+00:00,2.3205375872571914e-05
2024-05-26 16:00:15+00:00,1.9782059043481358e-05
2024-05-26 17:00:05+00:00,3.825263672515457e-05
2024-05-26 18:00:05+00:00,6.287091213818359e-05
2024-05-26 19:00:22+00:00,9.191454856577291e-05
2024-05-26 20:00:30+00:00,0.00012425595238095238
2024-05-26 21:00:29+00:00,0.00013777346170344598
2024-05-26 22:00:18+00:00,0.00014202019959984186
2024-05-26 23:00:16+00:00,0.00014421130791985532
2024-05-27 00:00:13+00:00,0.00014757119531287518
2024-05-27 01:00:20+00:00,9.829057270305063e-05
2024-05-27 02:00:11+00:00,4.329392093634301e-05
2024-05-27 03:01:24+00:00,3.228325336035526e-05
2024-05-27 04:01:28+00:00,2.5677850983489816e-05
2024-05-27 05:00:35+00:00,3.1245312903090336e-05
2024-05-27 06:00:22+00:00,3.215556225504974e-05
2024-05-27 07:01:32+00:00,2.8709579933514655e-05
2024-05-27 08:00:02+00:00,2.995480799439329e-05
2024-05-27 09:01:17+00:00,3.08857738618969e-05
2024-05-27 10:00:04+00:00,3.690136941734997e-05
2024-05-27 11:01:40+00:00,3.751072806822752e-05
2024-05-27 12:00:02+00:00,3.088900050226017e-05
2024-05-27 13:01:08+00:00,3.2210486249881056e-05
2024-05-27 14:01:49+00:00,3.674938435309718e-05
2024-05-27 15:01:09+00:00,3.540077118713595e-05
2024-05-27 16:01:42+00:00,3.9047219893825093e-05
2024-05-27 17:01:11+00:00,3.955453820032967e-05
2024-05-27 18:02:09+00:00,3.76792653185059e-05
2024-05-27 19:00:10+00:00,6.352436185371746e-05
2024-05-27 20:01:20+00:00,6.467415040664802e-05
2024-05-27 21:02:03+00:00,2.6412143187231173e-05
2024-05-27 22:09:12+00:00,5.9292638818890634e-06
2024-05-27 23:10:28+00:00,3.922160651700294e-05
2024-05-28 00:00:21+00:00,6.754909676159596e-05
2024-05-28 01:00:19+00:00,0.00010911649782063921
2024-05-28 02:01:28+00:00,8.699246957494141e-05
2024-05-28 03:00:16+00:00,9.664311271733463e-05
2024-05-28 04:00:00+00:00,4.220197866991421e-05
2024-05-28 05:00:08+00:00,9.097304771839596e-06
2024-05-28 06:00:00+00:00,5.028993594720497e-05
2024-05-28 07:00:13+00:00,8.361830616996508e-05
2024-05-28 08:00:02+00:00,0.00010711290459810632
2024-05-28 09:00:01+00:00,9.742898270804103e-05
2024-05-28 10:00:14+00:00,9.638349926119711e-05
2024-05-28 11:02:03+00:00,4.5588173406999044e-05
2024-05-28 12:02:06+00:00,4.158499188262883e-05
2024-05-28 13:02:02+00:00,4.424800120681852e-05
2024-05-28 14:00:50+00:00,4.457777858831968e-05
2024-05-28 15:00:08+00:00,5.647475425850174e-05
2024-05-28 16:00:05+00:00,5.398187362875774e-05
2024-05-28 17:00:14+00:00,4.2292451445623994e-05
2024-05-28 18:00:00+00:00,3.182595942312393e-05
2024-05-28 19:00:25+00:00,2.0167541962091638e-05
2024-05-28 20:00:04+00:00,4.220186845172353e-05
2024-05-28 21:01:14+00:00,5.091340162314964e-05
2024-05-28 22:01:42+00:00,4.5782768822073296e-05
2024-05-28 23:00:36+00:00,4.318246187035619e-05
2024-05-29 00:01:19+00:00,8.607307453022222e-05
2024-05-29 01:01:20+00:00,8.979722428479153e-05
2024-05-29 02:00:44+00:00,9.190959908637375e-05
2024-05-29 03:00:04+00:00,0.00010642124827627557
2024-05-29 04:00:22+00:00,7.21825011757562e-05
2024-05-29 05:00:04+00:00,6.330213943259812e-05
2024-05-29 06:00:39+00:00,0.00010196481770463896
2024-05-29 07:01:12+00:00,0.00012052730696798492
2024-05-29 08:00:46+00:00,3.171233528376385e-05
2024-05-29 09:00:24+00:00,1.5280350227310995e-05
2024-05-29 10:00:12+00:00,5.142321304334674e-05
2024-05-29 11:00:28+00:00,7.432469205231936e-05
2024-05-29 12:00:10+00:00,9.050151561904416e-05
2024-05-29 13:00:04+00:00,6.318394681289884e-05
2024-05-29 14:01:59+00:00,5.303255289618347e-05
2024-05-29 15:01:06+00:00,0.00010753070712308778
2024-05-29 16:00:16+00:00,6.780317237540986e-05
2024-05-29 17:01:03+00:00,0.00010511885220986079
2024-05-29 18:00:32+00:00,6.689204335471988e-05
2024-05-29 19:00:08+00:00,5.969905630149988e-05
2024-05-29 20:01:14+00:00,3.3698099313724896e-05
2024-05-29 21:02:24+00:00,3.604333912075547e-05
2024-05-29 22:00:30+00:00,3.801102015496333e-06
2024-05-29 23:01:10+00:00,2.2785271600437476e-05
2024-05-30 00:02:07+00:00,4.059386646530095e-05
2024-05-30 01:01:23+00:00,3.860078993563488e-05
2024-05-30 02:02:01+00:00,4.115025635085622e-05
2024-05-30 03:01:19+00:00,5.321251558366527e-05
2024-05-30 04:02:02+00:00,4.2754608826601246e-05
2024-05-30 05:00:49+00:00,3.311893203883495e-05
2024-05-30 06:01:24+00:00,3.654102643743263e-05
2024-05-30 07:01:27+00:00,3.852602510047587e-06
2024-05-30 08:00:15+00:00,-4.148266261390603e-06
2024-05-30 09:01:26+00:00,-6.546428706184206e-06
2024-05-30 10:01:29+00:00,3.333459338222323e-05
2024-05-30 11:01:29+00:00,5.4281812288772944e-05
2024-05-30 12:00:48+00:00,8.031621645380451e-05
2024-05-30 13:01:40+00:00,0.00011201210400945312
2024-05-30 14:01:12+00:00,0.00012817803851866583
2024-05-30 15:01:32+00:00,3.596179641313528e-05
2024-05-30 16:00:52+00:00,4.695472333680091e-05
2024-05-30 17:01:28+00:00,5.9161624891961965e-05
2024-05-30 18:00:35+00:00,6.216728987456022e-05
2024-05-30 19:00:05+00:00,7.345253963476434e-05
2024-05-30 20:00:20+00:00,4.4691842043619235e-05
2024-05-30 21:00:04+00:00,1.088938254089741e-05
2024-05-30 22:00:48+00:00,8.609462268640269e-06
2024-05-30 23:00:08+00:00,3.214234196943185e-05
2024-05-31 00:00:11+00:00,7.415693721132816e-05
2024-05-31 01:00:54+00:00,5.87343453391556e-05
2024-05-31 02:00:28+00:00,5.7870370370370366e-05
2024-05-31 03:00:07+00:00,5.5737192510861756e-05
2024-05-31 04:00:57+00:00,6.764410198130467e-05
2024-05-31 05:00:14+00:00,0.00010303934854152487
2024-05-31 06:00:55+00:00,9.645545796737768e-05
2024-05-31 07:00:24+00:00,9.928824506945097e-05
2024-05-31 08:00:02+00:00,9.374941242095103e-05
2024-05-31 09:00:42+00:00,9.10132191677933e-05
2024-05-31 10:01:09+00:00,6.433067851606384e-05
2024-05-31 11:01:10+00:00,6.0319867640976145e-05
2024-05-31 12:01:11+00:00,6.391390018207668e-05
2024-05-31 13:01:13+00:00,7.218882734295437e-05
2024-05-31 14:00:38+00:00,5.1811828491842414e-05
2024-05-31 15:00:37+00:00,3.910771829928355e-05
2024-05-31 16:00:52+00:00,1.3388609915762018e-05
2024-05-31 17:00:02+00:00,2.8633604398121637e-05
2024-05-31 18:00:22+00:00,6.821498826067644e-05
2024-05-31 19:00:04+00:00,5.805822290911855e-05
2024-05-31 20:00:05+00:00,4.966730787423922e-05
2024-05-31 21:00:14+00:00,5.000911198949294e-05
2024-05-31 22:01:33+00:00,3.99396050521251e-05
2024-05-31 23:00:01+00:00,5.213240492233003e-05
2024-06-01 00:01:32+00:00,5.8312569430933084e-05
2024-06-01 01:00:02+00:00,5.809973054287132e-05
2024-06-01 02:00:57+00:00,5.950560892898712e-05
2024-06-01 03:00:16+00:00,7.015096971181936e-05
2024-06-01 04:00:17+00:00,5.0989350285854145e-05
2024-06-01 05:01:34+00:00,4.913621137415785e-05
2024-06-01 06:01:36+00:00,5.1766005107579174e-05
2024-06-01 07:00:52+00:00,5.177867597218387e-05
2024-06-01 08:01:35+00:00,5.888005426385801e-05
2024-06-01 09:01:39+00:00,5.703395790425478e-05
2024-06-01 10:00:51+00:00,5.0198598204145144e-05
2024-06-01 11:01:44+00:00,4.2862698850805435e-05
2024-06-01 12:01:38+00:00,4.4182150185425726e-05
2024-06-01 13:00:58+00:00,2.8988686577454636e-05
2024-06-01 14:00:02+00:00,5.485632273564007e-05
2024-06-01 15:01:05+00:00,5.7816525407907994e-05
2024-06-01 16:00:06+00:00,5.81325094832043e-05
2024-06-01 17:01:26+00:00,5.5407109590580486e-05
2024-06-01 18:00:07+00:00,5.1048028655910276e-05
2024-06-01 19:00:10+00:00,5.660953568089747e-05
2024-06-01 20:01:17+00:00,4.9826231019320116e-05
2024-06-01 21:00:13+00:00,3.730368933487522e-05
2024-06-01 22:00:08+00:00,2.7950484164497917e-05
2024-06-01 23:00:00+00:00,2.3807749164585898e-05
2024-06-02 00:00:01+00:00,1.8936186111387863e-05
2024-06-02 01:00:08+00:00,2.3079508533442878e-05
2024-06-02 02:00:10+00:00,2.7451931146379215e-05
2024-06-02 03:00:06+00:00,2.1040097750735625e-05
2024-06-02 04:00:20+00:00,3.016703285728553e-05
2024-06-02 05:00:06+00:00,3.0197568199142748e-05
2024-06-02 06:00:23+00:00,3.231496772256418e-05
2024-06-02 07:01:23+00:00,2.1356941005826893e-05
2024-06-02 08:01:21+00:00,2.5603401245367493e-05
2024-06-02 09:01:21+00:00,3.4281766220714785e-05
2024-06-02 10:00:33+00:00,2.235098815227202e-05
2024-06-02 11:00:34+00:00,3.0065764904707354e-05
2024-06-02 12:01:17+00:00,3.159657493127745e-05
2024-06-02 13:00:09+00:00,3.0456181035623586e-05
2024-06-02 14:01:40+00:00,1.808460449756251e-05
2024-06-02 15:01:10+00:00,2.486430797065032e-05
2024-06-02 16:01:05+00:00,3.511563693085685e-05
2024-06-02 17:00:21+00:00,4.9439521320911914e-05
2024-06-02 18:00:37+00:00,3.6270747019800215e-05
2024-06-02 19:00:23+00:00,2.7439219347495238e-05
2024-06-02 20:01:27+00:00,3.366981773405333e-05
2024-06-02 21:00:11+00:00,4.650625749712944e-05
2024-06-02 22:00:23+00:00,5.5146353627191464e-05
2024-06-02 23:00:24+00:00,4.964728822955897e-05
2024-06-03 00:00:43+00:00,4.0054246093899226e-05
2024-06-03 01:00:45+00:00,2.8166498705208505e-05
2024-06-03 02:00:29+00:00,7.219102544645115e-05
2024-06-03 03:00:09+00:00,9.09666936429965e-05
2024-06-03 04:00:13+00:00,8.2177114378021e-05
2024-06-03 05:00:04+00:00,7.95627429988167e-05
2024-06-03 06:00:09+00:00,4.263058071922338e-05
2024-06-03 07:00:27+00:00,3.6524939539568166e-05
2024-06-03 08:00:29+00:00,4.8634653354692094e-05
2024-06-03 09:00:32+00:00,6.006905342358953e-05
2024-06-03 10:00:11+00:00,8.535143799627428e-05
2024-06-03 11:00:11+00:00,0.00010724911423033713
2024-06-03 12:00:33+00:00,0.00011266127538736959
2024-06-03 13:00:10+00:00,0.0001257118530081381
2024-06-03 14:00:20+00:00,0.00014540877561194782
2024-06-03 15:02:39+00:00,4.5197845182967274e-05
2024-06-03 16:00:27+00:00,8.305183676510767e-05
2024-06-03 17:00:01+00:00,5.894965158748956e-05
2024-06-03 18:00:18+00:00,7.791123105977973e-05
2024-06-03 19:01:19+00:00,5.713359637476548e-05
2024-06-03 20:01:22+00:00,4.75679519891202e-05
2024-06-03 21:00:12+00:00,5.728284576878129e-05
2024-06-03 22:00:39+00:00,4.1070946433841296e-05
2024-06-03 23:01:11+00:00,3.881918168711714e-05
2024-06-04 00:00:14+00:00,3.886763194886568e-05
2024-06-04 01:02:02+00:00,3.834927279490105e-05
2024-06-04 02:00:23+00:00,5.033725963958521e-05
2024-06-04 03:00:23+00:00,5.050340101873544e-05
2024-06-04 04:01:04+00:00,5.779526867142437e-05
2024-06-04 05:01:06+00:00,5.298913898945381e-05
2024-06-04 06:01:01+00:00,6.206213155934814e-05
2024-06-04 07:01:10+00:00,7.509406519745788e-05
2024-06-04 08:00:10+00:00,7.926806143733015e-05
2024-06-04 09:00:00+00:00,6.90078073142207e-05
2024-06-04 10:00:09+00:00,0.00010512269491407236
2024-06-04 11:00:16+00:00,5.244049765026597e-05
2024-06-04 12:01:15+00:00,7.10851062485388e-05
2024-06-04 13:00:33+00:00,7.48705920924045e-05
2024-06-04 14:00:04+00:00,6.685291101169691e-05
2024-06-04 15:01:55+00:00,3.818197795576087e-05
2024-06-04 16:01:19+00:00,2.7644403823641723e-05
2024-06-04 17:02:04+00:00,5.162194134860844e-05
2024-06-04 18:00:08+00:00,7.204836813525165e-05
2024-06-04 19:00:23+00:00,9.947845284680405e-05
2024-06-04 20:00:07+00:00,9.792644635806883e-05
2024-06-04 21:00:05+00:00,4.872056427034222e-05
2024-06-04 22:00:04+00:00,7.157661498627595e-05
2024-06-04 23:00:13+00:00,7.971352079955774e-05
2024-06-05 00:00:05+00:00,8.8110535063131e-05
2024-06-05 01:00:14+00:00,8.427869805648684e-05
2024-06-05 02:00:19+00:00,8.992304466862344e-05
2024-06-05 03:00:14+00:00,7.453007634338542e-05
2024-06-05 04:00:22+00:00,6.805565789796871e-05
2024-06-05 05:00:11+00:00,7.414111539948334e-05
2024-06-05 06:00:23+00:00,0.00010728925325253966
2024-06-05 07:00:28+00:00,0.00010855745121719461
2024-06-05 08:00:09+00:00,0.00012204722006944489
2024-06-05 09:00:05+00:00,0.00012223369860836936
2024-06-05 10:00:22+00:00,0.0001304379790108254
2024-06-05 11:00:01+00:00,0.00012975167525535743
2024-06-05 12:00:36+00:00,0.00012103941089403831
2024-06-05 13:00:20+00:00,0.00013077003550791082
2024-06-05 14:00:35+00:00,0.00010998713996517331
2024-06-05 15:01:10+00:00,8.925493672132763e-05
2024-06-05 16:00:33+00:00,2.1703421307476372e-05
2024-06-05 17:00:25+00:00,1.251034355941034e-05
2024-06-05 18:00:13+00:00,2.6056195550214885e-05
2024-06-05 19:01:09+00:00,9.949365383555688e-06
2024-06-05 20:01:07+00:00,-1.2742443363514955e-06
2024-06-05 21:01:14+00:00,2.139861336985363e-05
2024-06-05 22:00:38+00:00,2.4937701553796537e-05
2024-06-05 23:00:05+00:00,1.887566429113707e-05
2024-06-06 00:00:33+00:00,1.9907750546697456e-05
2024-06-06 01:00:41+00:00,1.814156306922374e-05
2024-06-06 02:01:18+00:00,1.8404004711425208e-05
2024-06-06 03:00:05+00:00,1.889950099922759e-05
2024-06-06 04:00:33+00:00,1.8912718082104386e-05
2024-06-06 05:01:18+00:00,1.9209845276222208e-05
2024-06-06 06:00:40+00:00,-1.0230368169996674e-06
2024-06-06 07:01:20+00:00,4.964499598691115e-05
2024-06-06 08:00:46+00:00,7.564623497881905e-05
2024-06-06 09:00:53+00:00,7.823444390912797e-05
2024-06-06 10:00:57+00:00,9.101679645558997e-05
2024-06-06 11:01:00+00:00,8.276832149841755e-05
2024-06-06 12:01:37+00:00,7.42427035330261e-05
2024-06-06 13:00:21+00:00,7.423439088003722e-05
2024-06-06 14:00:51+00:00,9.295284325623016e-05
2024-06-06 15:01:30+00:00,6.967499295593479e-05
2024-06-06 16:01:02+00:00,7.164493290171769e-05
2024-06-06 17:00:08+00:00,7.191602017186627e-05
2024-06-06 18:00:11+00:00,8.861258884375212e-05
2024-06-06 19:01:29+00:00,9.61552739692125e-05
2024-06-06 20:00:05+00:00,8.790326595638753e-05
2024-06-06 21:00:03+00:00,8.516817380140721e-05
2024-06-06 22:00:18+00:00,7.707543115529063e-05
2024-06-06 23:01:35+00:00,4.7746878016878956e-05
2024-06-07 00:00:07+00:00,4.440718742014497e-05
2024-06-07 01:01:38+00:00,4.699145043495601e-05
2024-06-07 02:01:38+00:00,5.013467341696386e-05
2024-06-07 03:01:09+00:00,5.848883565105092e-05
2024-06-07 04:01:00+00:00,7.421293557126397e-05
2024-06-07 05:00:09+00:00,6.102033597487946e-05
2024-06-07 06:00:14+00:00,5.876930881106596e-05
2024-06-07 07:01:14+00:00,6.546577011821326e-05
2024-06-07 08:00:10+00:00,4.933725154682638e-05
2024-06-07 09:00:13+00:00,5.042887821348328e-05
2024-06-07 10:01:13+00:00,4.99478221979278e-05
2024-06-07 11:00:17+00:00,4.921018767756013e-05
2024-06-07 12:00:12+00:00,5.185116047539046e-05
2024-06-07 13:00:09+00:00,1.661846107814292e-05
2024-06-07 14:01:12+00:00,3.8999613123837815e-06
2024-06-07 15:00:03+00:00,1.0145850503234184e-05
2024-06-07 16:01:16+00:00,5.847169034640188e-05
2024-06-07 17:00:05+00:00,4.013838232810125e-05
2024-06-07 18:00:13+00:00,1.4167338303445496e-05
2024-06-07 19:00:15+00:00,-0.00013436073962702118
2024-06-07 20:00:12+00:00,-0.00011552525482527223
2024-06-07 21:00:34+00:00,-6.471284306211089e-05
2024-06-07 22:01:14+00:00,-5.871970901867622e-06
2024-06-07 23:00:08+00:00,2.2113665990243375e-05
2024-06-08 00:00:22+00:00,2.38488116004499e-05
2024-06-08 01:00:04+00:00,1.4902707190151254e-05
2024-06-08 02:00:04+00:00,2.3602400701328477e-05
2024-06-08 03:01:23+00:00,2.8397511168697952e-05
2024-06-08 04:00:24+00:00,2.696217207258217e-05
2024-06-08 05:00:50+00:00,2.528624023951127e-05
2024-06-08 06:00:23+00:00,3.0369700487264974e-05
2024-06-08 07:00:30+00:00,3.126838073732532e-05
2024-06-08 08:01:16+00:00,3.065985186585556e-05
2024-06-08 09:00:08+00:00,2.59028491106666e-05
2024-06-08 10:01:28+00:00,2.764593165367766e-05
2024-06-08 11:00:23+00:00,1.9788273615635182e-05
2024-06-08 12:00:11+00:00,1.982234816490014e-06
2024-06-08 13:00:11+00:00,2.2797757193616626e-06
2024-06-08 14:00:11+00:00,5.15545412676918e-06
2024-06-08 15:00:15+00:00,1.2275110517117302e-05
2024-06-08 16:00:17+00:00,8.542277439503592e-06
2024-06-08 17:00:19+00:00,-7.711712205755337e-06
2024-06-08 18:00:29+00:00,-1.2014362311975229e-05
2024-06-08 19:00:27+00:00,3.137287137122738e-06
2024-06-08 20:00:08+00:00,7.4110570507688195e-06
2024-06-08 21:00:03+00:00,4.843807725462831e-06
2024-06-08 22:00:10+00:00,1.967345486396234e-05
2024-06-08 23:00:21+00:00,-1.2276961674766764e-05
2024-06-09 00:00:23+00:00,-7.450160991984655e-05
2024-06-09 01:00:20+00:00,-1.6802242121812836e-05
2024-06-09 02:00:05+00:00,-1.1351634948863133e-05
2024-06-09 03:00:27+00:00,-2.962451457638243e-05
2024-06-09 04:00:07+00:00,1.0564925270807624e-05
2024-06-09 05:00:01+00:00,4.1409896972231166e-05
2024-06-09 06:00:16+00:00,6.423212634031037e-05
2024-06-09 07:00:10+00:00,7.927751579322005e-05
2024-06-09 08:00:10+00:00,5.993109636235368e-05
2024-06-09 09:00:10+00:00,6.109401873385455e-05
2024-06-09 10:00:11+00:00,6.24687656171914e-05
2024-06-09 11:00:10+00:00,6.170596422425318e-05
2024-06-09 12:00:11+00:00,5.8544509867090734e-05
2024-06-09 13:00:27+00:00,5.294945547463209e-05
2024-06-09 14:00:03+00:00,5.041804248104623e-05
2024-06-09 15:00:14+00:00,5.234979991532253e-05
2024-06-09 16:00:00+00:00,6.10600648908035e-05
2024-06-09 17:00:27+00:00,5.636263519622572e-05
2024-06-09 18:00:01+00:00,5.3761469136054e-05
2024-06-09 19:00:04+00:00,4.652878355148283e-05
2024-06-09 20:00:02+00:00,4.611688162681299e-05
2024-06-09 21:00:11+00:00,1.01555835398302e-05
2024-06-09 22:00:01+00:00,5.659698167542823e-05
2024-06-09 23:00:00+00:00,7.224843943370824e-05
2024-06-10 00:00:00+00:00,7.883989708544904e-05
2024-06-10 01:00:01+00:00,7.398528899543098e-05
2024-06-10 02:00:13+00:00,7.172768073667744e-05
2024-06-10 03:00:04+00:00,7.338084316295327e-05
2024-06-10 04:00:05+00:00,7.57382135266823e-05
2024-06-10 05:00:34+00:00,5.277066531567921e-05
2024-06-10 06:00:07+00:00,3.5430154724020635e-05
2024-06-10 07:00:05+00:00,1.952796503853206e-05
2024-06-10 08:00:03+00:00,1.5575137926499194e-05
2024-06-10 09:00:04+00:00,1.785813053097345e-05
2024-06-10 10:00:18+00:00,1.869442756944828e-05
2024-06-10 11:00:13+00:00,1.837480184712937e-05
2024-06-10 12:00:09+00:00,2.3280036420323643e-05
2024-06-10 13:00:37+00:00,2.935792491278969e-05
2024-06-10 14:00:04+00:00,3.0840326251634374e-05
2024-06-10 15:00:34+00:00,3.3394599375362763e-05
2024-06-10 16:00:37+00:00,3.5692501696216244e-05
2024-06-10 17:00:36+00:00,3.1927195593417494e-05
2024-06-10 18:00:06+00:00,3.5971469485916315e-05
2024-06-10 19:00:42+00:00,4.4276546731022374e-05
2024-06-10 20:01:28+00:00,3.2417321370781716e-05
2024-06-10 21:01:26+00:00,4.555299523226284e-05
2024-06-10 22:01:30+00:00,5.1443554988276746e-05
2024-06-10 23:00:39+00:00,5.8072613302268816e-05
2024-06-11 00:01:33+00:00,5.561549847145565e-05
2024-06-11 01:01:28+00:00,5.557014512785073e-05
2024-06-11 02:01:28+00:00,3.3784017907262005e-05
2024-06-11 03:00:02+00:00,-1.3997466458570996e-05
2024-06-11 04:01:34+00:00,7.60336148613071e-06
2024-06-11 05:01:02+00:00,-2.348146163284302e-06
2024-06-11 06:00:57+00:00,5.870329374986739e-07
2024-06-11 07:01:08+00:00,5.604404168939841e-06
2024-06-11 08:00:20+00:00,2.062703346399484e-06
2024-06-11 09:00:02+00:00,1.2402551381998583e-05
2024-06-11 10:00:48+00:00,1.917521101229253e-05
2024-06-11 11:01:37+00:00,1.2936692780012703e-05
2024-06-11 12:00:24+00:00,9.99992937902981e-06
2024-06-11 13:00:39+00:00,5.904451375106322e-06
2024-06-11 14:00:24+00:00,-1.18478338448362e-06
2024-06-11 15:00:31+00:00,1.9120431464800045e-05
2024-06-11 16:00:32+00:00,-1.384643179765131e-05
2024-06-11 17:00:00+00:00,-1.5079457139542977e-06
2024-06-11 18:00:46+00:00,-1.374230430958663e-05
2024-06-11 19:00:44+00:00,5.4796121895799695e-06
2024-06-11 20:00:16+00:00,1.6065776548914032e-05
2024-06-11 21:00:39+00:00,1.0275836544532253e-05
2024-06-11 22:00:32+00:00,1.507606791830117e-05
2024-06-11 23:00:11+00:00,2.8282332209069703e-05
2024-06-12 00:00:35+00:00,1.0845359632125402e-05
2024-06-12 01:00:01+00:00,1.9964137149992376e-05
2024-06-12 02:00:27+00:00,2.226387190769389e-05
2024-06-12 03:00:43+00:00,3.032266047500163e-05
2024-06-12 04:00:01+00:00,3.7141718302714064e-05
2024-06-12 05:00:34+00:00,3.866211113109153e-05
2024-06-12 06:00:48+00:00,3.352661795032083e-05
2024-06-12 07:00:34+00:00,3.676971753682352e-05
2024-06-12 08:00:33+00:00,3.610074693670015e-05
2024-06-12 09:00:49+00:00,3.427112169789051e-05
2024-06-12 10:00:44+00:00,5.2381938838925356e-05
2024-06-12 11:00:21+00:00,5.6680507973589935e-05
2024-06-12 12:00:39+00:00,4.1318834995790345e-05
2024-06-12 13:00:43+00:00,5.417170153978787e-05
2024-06-12 14:00:49+00:00,3.239198045096079e-05
2024-06-12 15:00:10+00:00,2.0431096128307284e-05
2024-06-12 16:00:55+00:00,1.774068191802115e-05
2024-06-12 17:00:26+00:00,1.6223148875593426e-05
2024-06-12 18:00:09+00:00,2.315521628498728e-05
2024-06-12 19:00:36+00:00,-1.6789679048495308e-05
2024-06-12 20:00:20+00:00,-2.0943866633152857e-05
2024-06-12 21:00:07+00:00,-3.021966741942106e-05
2024-06-12 22:00:22+00:00,9.688145705332585e-06
2024-06-12 23:00:07+00:00,1.3402696967622699e-05
2024-06-13 00:00:21+00:00,9.985685813888186e-06
2024-06-13 01:00:20+00:00,1.940317929962262e-05
2024-06-13 02:00:20+00:00,8.312403234130396e-06
2024-06-13 03:00:18+00:00,7.208741897955792e-06
2024-06-13 04:00:40+00:00,-6.398524706967127e-06
2024-06-13 05:00:24+00:00,1.947635064409429e-05
2024-06-13 06:00:09+00:00,3.3377223232386565e-05
2024-06-13 07:00:33+00:00,2.5015185048138346e-05
2024-06-13 08:00:32+00:00,3.2225473801560754e-05
2024-06-13 09:00:02+00:00,2.5525870532450444e-05
2024-06-13 10:00:10+00:00,2.69737849615058e-05
2024-06-13 11:00:53+00:00,2.4595401819823577e-05
2024-06-13 12:00:05+00:00,2.170244386879918e-05
2024-06-13 13:00:59+00:00,2.0852882911062457e-05
2024-06-13 14:01:07+00:00,1.70606771520191e-05
2024-06-13 15:01:08+00:00,1.4179223720500478e-05
2024-06-13 16:01:09+00:00,3.50724597017438e-06
2024-06-13 17:00:08+00:00,1.613005428315955e-05
2024-06-13 18:01:19+00:00,1.6410855221507856e-05
2024-06-13 19:00:00+00:00,1.9594765368305763e-05
2024-06-13 20:00:22+00:00,1.784172055694816e-05
2024-06-13 21:00:11+00:00,2.4669429642786657e-05
2024-06-13 22:01:35+00:00,1.8848049092592987e-05
2024-06-13 23:00:25+00:00,3.1773826839704576e-05
2024-06-14 00:00:32+00:00,1.1495472552348611e-05
2024-06-14 01:01:44+00:00,1.710842179057762e-05
2024-06-14 02:01:18+00:00,1.9143356025420794e-05
2024-06-14 03:01:18+00:00,2.1115756577558175e-05
2024-06-14 04:00:43+00:00,2.6429110079005424e-05
2024-06-14 05:01:36+00:00,1.9386266064165014e-05
2024-06-14 06:00:16+00:00,1.0253957760445603e-05
2024-06-14 07:01:57+00:00,1.4605449522500666e-05
2024-06-14 08:01:46+00:00,1.721746683291072e-05
2024-06-14 09:00:09+00:00,2.068661664020812e-05
2024-06-14 10:00:27+00:00,1.370457472422868e-05
2024-06-14 11:01:19+00:00,2.2781917466370384e-05
2024-06-14 12:00:02+00:00,2.3371432578360566e-05
2024-06-14 13:00:08+00:00,3.656019656019656e-05
2024-06-14 14:00:18+00:00,3.628012809708411e-05
2024-06-14 15:00:15+00:00,2.056667915273763e-06
2024-06-14 16:00:24+00:00,-2.6688681863795203e-06
2024-06-14 17:00:12+00:00,-4.4958730714264886e-05
2024-06-14 18:00:07+00:00,-4.035221316141625e-05
2024-06-14 19:00:15+00:00,-4.113471994734756e-05
2024-06-14 20:00:15+00:00,-8.74751491053678e-06
2024-06-14 21:00:26+00:00,-4.211338045040729e-05
2024-06-14 22:00:16+00:00,-4.928105450298662e-05
2024-06-14 23:00:19+00:00,-5.137576513935936e-05
2024-06-15 00:00:21+00:00,-4.017774348854979e-05
2024-06-15 01:00:04+00:00,-3.912332980870903e-05
2024-06-15 02:00:16+00:00,-1.0786895919031694e-05
2024-06-15 03:00:19+00:00,3.39128631934366e-06
2024-06-15 04:00:26+00:00,-2.5241254969187342e-05
2024-06-15 05:00:24+00:00,-3.8418129107929274e-05
2024-06-15 06:00:19+00:00,-1.7160468400611983e-05
2024-06-15 07:00:40+00:00,-3.5120513722730475e-05
2024-06-15 08:00:21+00:00,-4.579324897606296e-05
2024-06-15 09:01:01+00:00,-4.670055967415829e-05
2024-06-15 10:01:21+00:00,-4.6080147667426e-05
2024-06-15 11:00:30+00:00,-6.71421346214459e-06
2024-06-15 12:01:39+00:00,6.1001508560715905e-06
2024-06-15 13:01:06+00:00,-3.3530268754621396e-06
2024-06-15 14:01:38+00:00,-3.957860853025093e-06
2024-06-15 15:01:14+00:00,-6.4072991952432215e-06
2024-06-15 16:00:56+00:00,-3.957252891135315e-06
2024-06-15 17:01:37+00:00,-4.26796682259753e-06
2024-06-15 18:01:40+00:00,-5.183357615069808e-06
2024-06-15 19:00:46+00:00,-6.1059637600422215e-06
2024-06-15 20:01:40+00:00,-4.581708354103745e-06
2024-06-15 21:00:50+00:00,-5.191719647139055e-06
2024-06-15 22:01:16+00:00,0.0
2024-06-15 23:00:48+00:00,3.664104236437318e-06
2024-06-16 00:01:01+00:00,4.267529444489177e-06
2024-06-16 01:00:29+00:00,3.3562702896798355e-06
2024-06-16 02:01:28+00:00,3.6711528154070935e-06
2024-06-16 03:01:33+00:00,0.0
2024-06-16 04:00:55+00:00,1.0754433068775264e-05
2024-06-16 05:01:37+00:00,7.691852990290974e-06
2024-06-16 06:00:44+00:00,5.217006852847985e-06
2024-06-16 07:00:35+00:00,5.512395540104515e-06
2024-06-16 08:00:37+00:00,3.972070689642514e-06
2024-06-16 09:00:17+00:00,3.3670033670033667e-06
2024-06-16 10:00:37+00:00,2.142494275638147e-06
2024-06-16 11:00:13+00:00,5.208908115743705e-06
2024-06-16 12:01:08+00:00,3.678959295994349e-06
2024-06-16 13:01:23+00:00,1.5341557724176024e-05
2024-06-16 14:00:34+00:00,3.060894610004114e-05
2024-06-16 15:00:22+00:00,2.9346597995627354e-05
2024-06-16 16:00:22+00:00,1.7391750086043394e-05
2024-06-16 17:01:54+00:00,3.5065248735645644e-05
2024-06-16 18:00:27+00:00,3.633139390031216e-05
2024-06-16 19:02:05+00:00,3.5783230693570766e-05
2024-06-16 20:01:59+00:00,3.608841514891243e-05
2024-06-16 21:00:13+00:00,3.701392152255639e-05
2024-06-16 22:00:05+00:00,3.64502540048963e-05
2024-06-16 23:00:09+00:00,4.485996367258452e-05
2024-06-17 00:00:07+00:00,4.141056093550155e-05
2024-06-17 01:00:19+00:00,4.009301579664822e-05
2024-06-17 02:00:09+00:00,3.839992978298554e-05
2024-06-17 03:00:22+00:00,1.74595123098751e-05
2024-06-17 04:00:07+00:00,1.291417607556638e-05
2024-06-17 05:00:17+00:00,1.7254258096484805e-05
2024-06-17 06:00:18+00:00,1.5090907746567392e-05
2024-06-17 07:00:16+00:00,1.4865467518953471e-05
2024-06-17 08:00:23+00:00,1.6779524505563348e-05
2024-06-17 09:00:17+00:00,1.2789121758728875e-05
2024-06-17 10:00:19+00:00,3.617352514108648e-05
2024-06-17 11:00:32+00:00,3.465639588469349e-05
2024-06-17 12:00:26+00:00,5.197890364703948e-05
2024-06-17 13:00:09+00:00,6.613707327615116e-05
2024-06-17 14:00:26+00:00,4.775567075180535e-05
2024-06-17 15:00:03+00:00,5.651186666766586e-05
2024-06-17 16:00:10+00:00,4.237735053037609e-05
2024-06-17 17:00:03+00:00,1.3402567166008026e-05
2024-06-17 18:00:40+00:00,2.611101768761561e-05
2024-06-17 19:00:29+00:00,4.728221810341567e-05
2024-06-17 20:00:37+00:00,4.9256372604390224e-05
2024-06-17 21:00:33+00:00,3.4539411133844975e-05
2024-06-17 22:00:17+00:00,2.4270579396838538e-05
2024-06-17 23:00:46+00:00,2.3038820412394885e-05
2024-06-18 00:00:45+00:00,1.6075135631545235e-05
2024-06-18 01:00:01+00:00,3.246753246753247e-06
2024-06-18 02:00:26+00:00,-6.432729728860441e-05
2024-06-18 03:00:16+00:00,1.3337820312884744e-05
2024-06-18 04:00:43+00:00,1.8815548492538665e-05
2024-06-18 05:00:25+00:00,2.738926781165256e-05
2024-06-18 06:00:02+00:00,9.556123787044322e-06
2024-06-18 07:00:25+00:00,6.484403820141821e-06
2024-06-18 08:00:45+00:00,5.10470776568983e-06
2024-06-18 09:00:02+00:00,2.4129014364839178e-05
2024-06-18 10:00:12+00:00,2.0432682484287268e-05
2024-06-18 11:00:19+00:00,4.378057991002528e-05
2024-06-18 12:00:10+00:00,4.584946877172078e-05
2024-06-18 13:01:19+00:00,2.0499391189765315e-05
2024-06-18 14:00:18+00:00,1.5676602148739603e-05
2024-06-18 15:00:53+00:00,1.8062643850695487e-05
2024-06-18 16:00:16+00:00,9.758138756381287e-06
2024-06-18 17:00:05+00:00,1.2234520143323461e-05
2024-06-18 18:00:06+00:00,1.0808412310371387e-05
2024-06-18 19:01:28+00:00,6.963194543129174e-06
2024-06-18 20:01:31+00:00,5.573548241319575e-06
2024-06-18 21:00:01+00:00,1.6276112020881305e-05
2024-06-18 22:01:22+00:00,1.7828481122058425e-05
2024-06-18 23:01:33+00:00,1.2639643038763759e-05
2024-06-19 00:00:24+00:00,1.4342969076558671e-05
2024-06-19 01:00:10+00:00,1.5020773410035156e-05
2024-06-19 02:00:10+00:00,2.7407383346055773e-05
2024-06-19 03:00:00+00:00,5.924360972318172e-05
2024-06-19 04:01:49+00:00,5.811275037261982e-05
2024-06-19 05:00:21+00:00,5.597869295595484e-05
2024-06-19 06:00:21+00:00,6.000923096511332e-05
2024-06-19 07:00:13+00:00,6.900945236786992e-05
2024-06-19 08:01:42+00:00,6.735417081425443e-05
2024-06-19 09:00:16+00:00,5.29771138868009e-05
2024-06-19 10:00:43+00:00,6.237340784090819e-05
2024-06-19 11:01:04+00:00,5.126484171500712e-05
2024-06-19 12:00:06+00:00,2.643755723719092e-05
2024-06-19 13:00:39+00:00,2.3462392584725308e-05
2024-06-19 14:00:05+00:00,2.045761947700631e-05
2024-06-19 15:00:08+00:00,1.3538001478941339e-05
2024-06-19 16:01:25+00:00,1.4293648719289075e-05
2024-06-19 17:00:42+00:00,3.194674454841368e-05
2024-06-19 18:00:39+00:00,5.110728386436382e-05
2024-06-19 19:00:00+00:00,5.6673278549164065e-05
2024-06-19 20:00:45+00:00,5.0415800415800416e-05
2024-06-19 21:00:10+00:00,5.3369778067885115e-05
2024-06-19 22:01:38+00:00,4.948505604998129e-05
2024-06-19 23:00:06+00:00,5.253738142887359e-05
2024-06-20 00:00:17+00:00,4.387110465401003e-05
2024-06-20 01:00:37+00:00,4.192846390470581e-05
2024-06-20 02:00:09+00:00,4.446182295103334e-05
2024-06-20 03:00:01+00:00,4.590412769916271e-05
2024-06-20 04:00:06+00:00,5.063869357391063e-05
2024-06-20 05:00:13+00:00,4.8491063580427775e-05
2024-06-20 06:00:21+00:00,4.5184525736484295e-05
2024-06-20 07:00:03+00:00,4.4314455375343434e-05
2024-06-20 08:00:19+00:00,5.567647152962264e-05
2024-06-20 09:00:17+00:00,5.484074248382697e-05
2024-06-20 10:00:15+00:00,4.3464065299621744e-05
2024-06-20 11:00:15+00:00,4.207487753673898e-05
2024-06-20 12:00:22+00:00,2.9906674765898028e-05
2024-06-20 13:00:01+00:00,1.1881564564421844e-05
2024-06-20 14:00:22+00:00,7.329231310860224e-06
2024-06-20 15:00:20+00:00,2.220876236624268e-05
2024-06-20 16:00:20+00:00,5.399756986634265e-05
2024-06-20 17:00:09+00:00,6.466764180074761e-05
2024-06-20 18:00:32+00:00,6.033834130239558e-05
2024-06-20 19:00:31+00:00,6.56832148257778e-05
2024-06-20 20:00:29+00:00,6.330182309250507e-05
2024-06-20 21:00:29+00:00,5.2852153667054716e-05
2024-06-20 22:00:02+00:00,4.785119387042109e-05
2024-06-20 23:00:31+00:00,4.9859048598115825e-05
2024-06-21 00:00:01+00:00,5.354948065197658e-05
2024-06-21 01:00:35+00:00,6.576997422680411e-05
2024-06-21 02:00:35+00:00,5.756748071979435e-05
2024-06-21 03:00:05+00:00,5.5889345842436706e-05
2024-06-21 04:00:14+00:00,5.840086352725105e-05
2024-06-21 05:00:09+00:00,3.0175257897870836e-05
2024-06-21 06:00:48+00:00,1.610500463018883e-05
2024-06-21 07:00:15+00:00,2.2165264209949382e-05
2024-06-21 08:00:01+00:00,1.88060230863481e-05
2024-06-21 09:00:30+00:00,8.753991027765428e-06
2024-06-21 10:00:01+00:00,1.109676378016302e-05
2024-06-21 11:00:21+00:00,2.4813875809891746e-05
2024-06-21 12:00:45+00:00,2.3798987859137026e-05
2024-06-21 13:00:45+00:00,1.5474950126400297e-05
2024-06-21 14:00:48+00:00,4.74473643518104e-06
2024-06-21 15:00:19+00:00,1.4874262575771102e-05
2024-06-21 16:00:38+00:00,8.129618639589617e-06
2024-06-21 17:00:07+00:00,8.456608095922795e-06
2024-06-21 18:00:54+00:00,7.4532746401516695e-06
2024-06-21 19:00:04+00:00,1.081076697241754e-05
2024-06-21 20:00:58+00:00,1.1420920610083641e-05
2024-06-21 21:00:17+00:00,1.1055187495979932e-05
2024-06-21 22:00:11+00:00,6.379392385053995e-06
2024-06-21 23:01:04+00:00,3.3555964249991934e-06
2024-06-22 00:01:09+00:00,2.3463011489619027e-06
2024-06-22 01:00:05+00:00,3.316481294236603e-07
2024-06-22 02:00:58+00:00,7.07470892626132e-06
2024-06-22 03:01:07+00:00,1.2761703602782906e-05
2024-06-22 04:00:33+00:00,1.0732084343072452e-05
2024-06-22 05:01:11+00:00,1.07269888786957e-05
2024-06-22 06:01:04+00:00,9.048136083966704e-06
2024-06-22 07:00:33+00:00,9.045226130653267e-06
2024-06-22 08:01:09+00:00,8.055096862539772e-06
2024-06-22 09:00:48+00:00,7.735538257808211e-06
2024-06-22 10:00:43+00:00,8.08335556256113e-06
2024-06-22 11:00:10+00:00,1.4777133735881913e-05
2024-06-22 12:00:27+00:00,1.1393260596697886e-05
2024-06-22 13:01:09+00:00,1.0384324576502952e-05
2024-06-22 14:01:12+00:00,1.1044531551214497e-05
2024-06-22 15:00:40+00:00,1.2017978896429058e-05
2024-06-22 16:01:13+00:00,1.0996832912121307e-05
2024-06-22 17:00:17+00:00,9.000720057604608e-06
2024-06-22 18:00:47+00:00,8.343351767251744e-06
2024-06-22 19:00:50+00:00,9.037959429604338e-06
2024-06-22 20:01:13+00:00,9.716234476545911e-06
2024-06-22 21:00:18+00:00,1.0062143800109476e-05
2024-06-22 22:00:45+00:00,9.390881341462432e-06
2024-06-22 23:00:17+00:00,1.0072035195719788e-05
2024-06-23 00:00:20+00:00,1.0750433485221179e-05
2024-06-23 01:01:29+00:00,1.140252691592247e-05
2024-06-23 02:01:19+00:00,1.0724917531579371e-05
2024-06-23 03:00:25+00:00,9.716859716859716e-06
2024-06-23 04:00:14+00:00,1.2377012971366611e-05
2024-06-23 05:01:12+00:00,1.0703216585569526e-05
2024-06-23 06:00:03+00:00,9.69891609795263e-06
2024-06-23 07:00:31+00:00,1.1703604999317692e-05
2024-06-23 08:01:12+00:00,1.1024253357386248e-05
2024-06-23 09:00:14+00:00,1.001401962747847e-05
2024-06-23 10:01:42+00:00,1.0996305241438878e-05
2024-06-23 11:00:23+00:00,9.01160694975128e-06
2024-06-23 12:00:36+00:00,5.345662067470923e-06
2024-06-23 13:01:07+00:00,3.009510051763573e-06
2024-06-23 14:00:25+00:00,1.333944054707778e-06
2024-06-23 15:01:52+00:00,0.0
2024-06-23 16:01:05+00:00,-1.6861629254926758e-06
2024-06-23 17:01:02+00:00,-1.3512743493939617e-06
2024-06-23 18:01:50+00:00,1.085805516185263e-05
2024-06-23 19:00:06+00:00,1.3573628379149083e-05
2024-06-23 20:00:08+00:00,1.5588007972989463e-05
2024-06-23 21:00:10+00:00,1.0840747548022966e-05
2024-06-23 22:00:11+00:00,6.061994565829033e-05
2024-06-23 23:00:11+00:00,5.566690008773413e-05
2024-06-24 00:00:14+00:00,5.786990034194005e-05
2024-06-24 01:00:15+00:00,8.257722830987175e-05
2024-06-24 02:00:10+00:00,6.345806115301286e-05
2024-06-24 03:00:18+00:00,5.01432664756447e-05
2024-06-24 04:00:20+00:00,7.047550231141255e-05
2024-06-24 05:00:11+00:00,3.1609764143163454e-05
2024-06-24 06:00:26+00:00,-1.7376049454909987e-06
2024-06-24 07:00:29+00:00,2.7920782117284053e-06
2024-06-24 08:00:33+00:00,4.19762414473408e-06
2024-06-24 09:00:11+00:00,4.904269995625694e-06
2024-06-24 10:01:02+00:00,-8.130150297454873e-06
2024-06-24 11:00:25+00:00,3.5343494588027393e-06
2024-06-24 12:00:50+00:00,4.967790313234943e-06
2024-06-24 13:00:29+00:00,8.498270601932506e-06
2024-06-24 14:00:51+00:00,1.9358981942320207e-05
2024-06-24 15:00:48+00:00,1.2300890928725703e-05
2024-06-24 16:00:49+00:00,7.067707449516375e-06
2024-06-24 17:00:12+00:00,6.392608439947837e-06
2024-06-24 18:00:52+00:00,8.904133023128508e-06
2024-06-24 19:00:01+00:00,1.4289145052833814e-05
2024-06-24 20:00:56+00:00,1.7211852081343212e-05
2024-06-24 21:00:50+00:00,1.006230690899049e-05
2024-06-24 22:00:48+00:00,2.2081641376362472e-05
2024-06-24 23:00:51+00:00,1.8762586993652332e-05
2024-06-25 00:00:49+00:00,1.9349498737341746e-05
2024-06-25 01:00:55+00:00,1.997426473680227e-05
2024-06-25 02:00:09+00:00,1.9551480817256926e-05
2024-06-25 03:00:54+00:00,1.9762845849802372e-05
2024-06-25 04:00:29+00:00,3.1064603887377495e-05
2024-06-25 05:00:31+00:00,2.446922179718278e-05
2024-06-25 06:00:51+00:00,5.351466918130605e-05
2024-06-25 07:00:28+00:00,6.0080487486965584e-05
2024-06-25 08:00:40+00:00,6.158482306919616e-05
2024-06-25 09:00:55+00:00,5.766679224884929e-05
2024-06-25 10:00:16+00:00,6.874693677503676e-05
2024-06-25 11:00:47+00:00,6.679524425673201e-05
2024-06-25 12:01:01+00:00,6.62593413013315e-05
2024-06-25 13:00:23+00:00,6.586573927705764e-05
2024-06-25 14:00:53+00:00,5.329803340539053e-05
2024-06-25 15:01:07+00:00,5.255757147219053e-05
2024-06-25 16:01:04+00:00,4.403315400081057e-05
2024-06-25 17:00:47+00:00,2.3751464673654874e-05
2024-06-25 18:00:47+00:00,2.175959993986438e-05
2024-06-25 19:01:10+00:00,2.0982873693489484e-05
2024-06-25 20:01:07+00:00,2.220515272410901e-05
2024-06-25 21:00:51+00:00,2.2569199127062628e-05
2024-06-25 22:00:45+00:00,2.1342328425963874e-05
2024-06-25 23:00:24+00:00,3.555625790139064e-05
2024-06-26 00:01:17+00:00,7.431982496194825e-05
2024-06-26 01:00:21+00:00,8.257622603814869e-05
2024-06-26 02:00:25+00:00,0.00010386311463124099
2024-06-26 03:00:17+00:00,0.00010991599277694904
2024-06-26 04:00:56+00:00,0.0001007853608733213
2024-06-26 05:00:25+00:00,9.376381782578485e-05
2024-06-26 06:01:19+00:00,7.874153306175604e-05
2024-06-26 07:00:34+00:00,8.522627783702902e-05
2024-06-26 08:01:22+00:00,7.856443875156134e-05
2024-06-26 09:00:07+00:00,7.929669769627088e-05
2024-06-26 10:00:45+00:00,6.853132335797897e-05
2024-06-26 11:01:16+00:00,7.343609793616203e-05
2024-06-26 12:01:27+00:00,7.090792325600064e-05
2024-06-26 13:00:36+00:00,7.438681141938077e-05
2024-06-26 14:00:35+00:00,5.696614845138615e-05
2024-06-26 15:01:50+00:00,6.298345206889342e-05
2024-06-26 16:01:10+00:00,4.304798805343665e-05
2024-06-26 17:00:34+00:00,4.004231983782779e-05
2024-06-26 18:00:27+00:00,1.286845399710602e-05
2024-06-26 19:00:25+00:00,6.76060926936548e-07
2024-06-26 20:00:29+00:00,1.3854415080871497e-05
2024-06-26 21:00:28+00:00,1.452201410848942e-05
2024-06-26 22:00:04+00:00,1.550814258425875e-05
2024-06-26 23:00:28+00:00,1.484054310072624e-05
2024-06-27 00:01:22+00:00,1.286144896450305e-05
2024-06-27 01:01:36+00:00,3.0550644822276718e-06
2024-06-27 02:01:18+00:00,3.3916822254653373e-06
2024-06-27 03:01:08+00:00,2.7201437673582747e-06
2024-06-27 04:00:36+00:00,5.102165767324915e-06
2024-06-27 05:00:45+00:00,4.421885472348912e-06
2024-06-27 06:01:19+00:00,2.0548733376074698e-06
2024-06-27 07:01:25+00:00,4.126638275395332e-06
2024-06-27 08:01:07+00:00,4.131582644047628e-06
2024-06-27 09:01:23+00:00,1.2028214329909664e-05
2024-06-27 10:01:27+00:00,1.910431628165969e-05
2024-06-27 11:00:50+00:00,2.448459918711131e-05
2024-06-27 12:00:39+00:00,1.5639411971169937e-05
2024-06-27 13:00:31+00:00,9.858729627604443e-06
2024-06-27 14:01:30+00:00,2.1917364736352232e-05
2024-06-27 15:01:25+00:00,4.692641249869269e-05
2024-06-27 16:01:25+00:00,6.521809291742645e-05
2024-06-27 17:01:20+00:00,8.619965086959332e-05
2024-06-27 18:00:33+00:00,6.988315356959425e-05
2024-06-27 19:01:16+00:00,8.021497613604461e-05
2024-06-27 20:00:48+00:00,9.337799412019857e-05
2024-06-27 21:00:42+00:00,9.884191544780606e-05
2024-06-27 22:00:18+00:00,9.964008637926897e-05
2024-06-27 23:01:22+00:00,0.00010415426734912512
2024-06-28 00:00:44+00:00,9.869018387955062e-05
2024-06-28 01:00:49+00:00,9.76260399433226e-05
2024-06-28 02:00:52+00:00,8.73667780790818e-05
2024-06-28 03:01:35+00:00,7.995988185680667e-05
2024-06-28 04:00:36+00:00,0.00010067193582262788
2024-06-28 05:00:31+00:00,9.680053919042145e-05
2024-06-28 06:01:15+00:00,9.155322028500916e-05
2024-06-28 07:00:12+00:00,8.902602372751626e-05
2024-06-28 08:01:16+00:00,8.917960513705193e-05
2024-06-28 09:00:19+00:00,9.0383449771908e-05
2024-06-28 10:00:10+00:00,8.737231727271283e-05
2024-06-28 11:00:59+00:00,8.85517895235838e-05
2024-06-28 12:00:56+00:00,7.419255710604902e-05
2024-06-28 13:01:08+00:00,4.9192069451331336e-05
2024-06-28 14:00:28+00:00,1.870962659524185e-05
2024-06-28 15:00:46+00:00,9.25286672221561e-06
2024-06-28 16:01:20+00:00,1.1292676507883341e-05
2024-06-28 17:01:15+00:00,9.98801438274071e-06
2024-06-28 18:01:12+00:00,2.77960870054499e-05
2024-06-28 19:01:13+00:00,7.062944965532828e-05
2024-06-28 20:00:50+00:00,8.322617690111686e-05
2024-06-28 21:00:15+00:00,4.147178300344722e-05
2024-06-28 22:00:32+00:00,1.891166719356695e-05
2024-06-28 23:00:53+00:00,1.588860126751763e-05
2024-06-29 00:00:48+00:00,1.4896020413967967e-05
2024-06-29 01:00:49+00:00,1.6209163039866435e-05
2024-06-29 02:00:49+00:00,1.7513644633110976e-05
2024-06-29 03:00:31+00:00,1.7503313184859555e-05
2024-06-29 04:00:49+00:00,2.9273059095240402e-05
2024-06-29 05:00:41+00:00,3.0335142656064198e-05
2024-06-29 06:00:27+00:00,1.8573617518058813e-05
2024-06-29 07:00:48+00:00,1.655057209351357e-05
2024-06-29 08:00:48+00:00,1.8523759086021073e-05
2024-06-29 09:00:48+00:00,1.6844573831473393e-05
2024-06-29 10:00:41+00:00,1.6182015308186483e-05
2024-06-29 11:00:49+00:00,1.8185198057012617e-05
2024-06-29 12:00:48+00:00,1.7824275888792017e-05
2024-06-29 13:00:35+00:00,1.7166168511188305e-05
2024-06-29 14:00:50+00:00,1.583604276863849e-05
2024-06-29 15:00:52+00:00,1.4852688555407902e-05
2024-06-29 16:00:48+00:00,1.755936215576435e-05
2024-06-29 17:00:52+00:00,1.5560536659844717e-05
2024-06-29 18:00:52+00:00,1.4231229008937212e-05
2024-06-29 19:00:54+00:00,1.186987104337632e-05
2024-06-29 20:00:54+00:00,1.121021393164623e-05
2024-06-29 21:00:53+00:00,1.0203332000097953e-05
2024-06-29 22:00:22+00:00,3.168334641548927e-05
2024-06-29 23:00:39+00:00,7.965211683623236e-05
2024-06-30 00:00:37+00:00,7.972472468362226e-05
2024-06-30 01:00:05+00:00,7.998556158067877e-05
2024-06-30 02:00:42+00:00,7.637484586929717e-05
2024-06-30 03:00:38+00:00,7.457724985564629e-05
2024-06-30 04:00:38+00:00,7.570889327573532e-05
2024-06-30 05:00:41+00:00,7.14102383653058e-05
2024-06-30 06:00:39+00:00,6.48776245496335e-05
2024-06-30 07:00:40+00:00,3.893451096170227e-05
2024-06-30 08:00:43+00:00,1.8793476834230217e-05
2024-06-30 09:00:40+00:00,2.653689444848168e-05
2024-06-30 10:00:38+00:00,6.555198669557987e-05
2024-06-30 11:00:05+00:00,6.739700512217239e-05
2024-06-30 12:00:39+00:00,7.8004153244927e-05
2024-06-30 13:00:41+00:00,8.456017741843089e-05
2024-06-30 14:00:15+00:00,8.078370418848167e-05
2024-06-30 15:00:20+00:00,6.8847041115165e-05
2024-06-30 16:00:29+00:00,4.5603430671839896e-05
2024-06-30 17:00:52+00:00,6.774965884112211e-05
2024-06-30 18:00:50+00:00,6.763249557464373e-05
2024-06-30 19:00:09+00:00,7.425641860275867e-05
2024-06-30 20:01:41+00:00,6.6899666718024e-05
2024-06-30 21:01:04+00:00,7.176472490862633e-05
2024-06-30 22:01:30+00:00,7.030039506453262e-05
2024-06-30 23:00:22+00:00,2.6532405653151884e-05
2024-07-01 00:00:22+00:00,1.608040201005025e-05
2024-07-01 01:01:03+00:00,1.2711796354292138e-05
2024-07-01 02:00:04+00:00,3.307756530036179e-06
2024-07-01 03:00:03+00:00,4.609023566894088e-06
2024-07-01 04:01:43+00:00,9.881891631223616e-06
2024-07-01 05:00:33+00:00,4.2793523227944725e-06
2024-07-01 06:01:21+00:00,9.552880889493411e-06
2024-07-01 07:01:40+00:00,1.0553233263664576e-05
2024-07-01 08:00:16+00:00,1.0550977924473044e-05
2024-07-01 09:00:46+00:00,8.26754769128135e-06
2024-07-01 10:01:23+00:00,7.960389103819394e-06
2024-07-01 11:00:42+00:00,9.97526135184742e-06
2024-07-01 12:01:10+00:00,8.336670136942421e-06
2024-07-01 13:00:27+00:00,7.013240999006123e-06
2024-07-01 14:01:37+00:00,5.351589807873104e-06
2024-07-01 15:01:33+00:00,7.388646006420701e-06
2024-07-01 16:01:22+00:00,1.1743858236004834e-05
2024-07-01 17:01:38+00:00,1.1362359775962512e-05
2024-07-01 18:00:16+00:00,1.1327456282098459e-05
2024-07-01 19:00:48+00:00,1.0304423479079865e-05
2024-07-01 20:00:44+00:00,9.321288672156047e-06
2024-07-01 21:01:35+00:00,9.325239729040202e-06
2024-07-01 22:01:38+00:00,8.351249879664988e-06
2024-07-01 23:00:04+00:00,5.7066400141859985e-06
2024-07-02 00:00:52+00:00,7.405670674029219e-06
2024-07-02 01:01:04+00:00,7.422533385193828e-06
2024-07-02 02:00:03+00:00,8.791868941890861e-06
2024-07-02 03:00:36+00:00,8.11773969655889e-06
2024-07-02 04:00:58+00:00,1.0119409026512853e-05
2024-07-02 05:01:14+00:00,1.3463170229100167e-05
2024-07-02 06:00:04+00:00,2.3909019633201045e-05
2024-07-02 07:01:44+00:00,1.923902565473442e-05
2024-07-02 08:00:00+00:00,2.2667836200315125e-05
2024-07-02 09:00:02+00:00,9.471204613760051e-06
2024-07-02 10:00:02+00:00,1.115139128812762e-05
2024-07-02 11:00:01+00:00,1.349523292642425e-05
2024-07-02 12:00:03+00:00,1.3139807552357078e-05
2024-07-02 13:00:03+00:00,1.176299738600058e-05
2024-07-02 14:00:05+00:00,6.3766667204101705e-06
2024-07-02 15:00:03+00:00,5.060114156175364e-06
2024-07-02 16:00:04+00:00,1.015401611645438e-05
2024-07-02 17:00:06+00:00,1.1186319334841113e-05
2024-07-02 18:00:00+00:00,1.083854391114508e-05
2024-07-02 19:00:06+00:00,1.4792875531631576e-05
2024-07-02 20:00:14+00:00,5.307843643165839e-05
2024-07-02 21:00:06+00:00,7.822471475536645e-05
2024-07-02 22:00:11+00:00,7.966322284171795e-05
2024-07-02 23:00:09+00:00,7.392124593585679e-05
2024-07-03 00:00:07+00:00,7.575308562869934e-05
2024-07-03 01:00:08+00:00,8.895872315245725e-05
2024-07-03 02:00:12+00:00,8.356264390408267e-05
2024-07-03 03:00:06+00:00,2.896711185848721e-05
2024-07-03 04:00:07+00:00,3.3891400871725937e-06
2024-07-03 05:00:08+00:00,5.801376597836775e-06
2024-07-03 06:00:00+00:00,1.5727090652395177e-05
2024-07-03 07:00:06+00:00,1.2628973701248145e-05
2024-07-03 08:00:10+00:00,5.0998529520492235e-05
2024-07-03 09:00:10+00:00,7.571372187870018e-05
2024-07-03 10:00:12+00:00,7.636605733824303e-05
2024-07-03 11:00:15+00:00,2.6202318979715133e-05
2024-07-03 12:00:11+00:00,1.0433621301281248e-06
2024-07-03 13:00:13+00:00,1.7508270132406292e-06
2024-07-03 14:00:12+00:00,-1.9956138508205126e-05
2024-07-03 15:00:01+00:00,1.3938218426996483e-06
2024-07-03 16:01:25+00:00,-6.815518099108747e-05
2024-07-03 17:00:10+00:00,-1.1584117542987607e-05
2024-07-03 18:00:24+00:00,-5.969796875131749e-06
2024-07-03 19:00:34+00:00,-2.45362563237774e-06
2024-07-03 20:00:40+00:00,-8.11245660089762e-06
2024-07-03 21:00:51+00:00,1.0258936229840934e-05
2024-07-03 22:01:57+00:00,1.4147058074267809e-05
2024-07-03 23:02:01+00:00,1.1992580860992777e-05
2024-07-04 00:01:35+00:00,1.0914963053145978e-05
2024-07-04 01:00:03+00:00,1.1937781899422502e-05
2024-07-04 02:00:48+00:00,-1.4234936258928877e-05
2024-07-04 03:00:46+00:00,3.95758313687901e-05
2024-07-04 04:00:41+00:00,7.788161993769471e-05
2024-07-04 05:01:25+00:00,6.728072993080936e-05
2024-07-04 06:01:21+00:00,8.086091504860706e-05
2024-07-04 07:01:11+00:00,6.232014624460986e-05
2024-07-04 08:00:08+00:00,2.9417995021977444e-05
2024-07-04 09:00:06+00:00,-2.4857941894226828e-05
2024-07-04 10:00:12+00:00,-2.7954449901153066e-05
2024-07-04 11:00:11+00:00,-7.108003917938948e-06
2024-07-04 12:00:10+00:00,-6.749399303461992e-06
2024-07-04 13:00:12+00:00,-3.067066521264995e-05
2024-07-04 14:00:13+00:00,-5.589274809866583e-05
2024-07-04 15:00:18+00:00,-8.48093179145796e-06
2024-07-04 16:00:23+00:00,3.4471030545929204e-06
2024-07-04 17:00:24+00:00,0.0
2024-07-04 18:00:29+00:00,6.914162971430678e-06
2024-07-04 19:00:33+00:00,1.0412231827184717e-05
2024-07-04 20:00:05+00:00,-1.5347775034902319e-06
2024-07-04 21:00:29+00:00,-1.0791799713082511e-05
2024-07-04 22:00:29+00:00,-4.979795469398651e-06
2024-07-04 23:00:32+00:00,-4.60426354804549e-06
2024-07-05 00:00:31+00:00,-4.250798019227349e-05
2024-07-05 01:00:28+00:00,-0.00010513994032027481
2024-07-05 02:00:08+00:00,-7.366498605970526e-05
2024-07-05 03:00:32+00:00,-6.874882668537384e-05
2024-07-05 04:00:39+00:00,-9.824131468934699e-05
2024-07-05 05:00:38+00:00,-6.0482574838502294e-05
2024-07-05 06:00:37+00:00,-5.104288920460395e-05
2024-07-05 07:00:16+00:00,-6.695211337694517e-05
2024-07-05 08:00:03+00:00,-6.81560054599827e-05
2024-07-05 09:00:36+00:00,-5.0259110840694046e-05
2024-07-05 10:00:32+00:00,-1.9543668372611765e-05
2024-07-05 11:00:13+00:00,-1.1101543760378868e-05
2024-07-05 12:00:44+00:00,-3.3689790880487237e-06
2024-07-05 13:00:06+00:00,0.0
2024-07-05 14:00:42+00:00,-7.893896451239472e-06
2024-07-05 15:00:00+00:00,1.0753755870875492e-05
2024-07-05 16:00:43+00:00,-6.514084507042253e-06
2024-07-05 17:00:48+00:00,-2.7839913236305184e-05
2024-07-05 18:01:03+00:00,-2.0087369933556416e-05
2024-07-05 19:00:08+00:00,-2.640321063041266e-05
2024-07-05 20:00:45+00:00,-3.5921948789669806e-05
2024-07-05 21:00:52+00:00,-3.794458824657272e-05
2024-07-05 22:00:42+00:00,-3.258920053424919e-05
2024-07-05 23:00:50+00:00,-3.729452772328146e-05
2024-07-06 00:01:05+00:00,-3.6345189216866905e-05
2024-07-06 01:01:05+00:00,-3.40158396516778e-05
2024-07-06 02:01:03+00:00,-3.836792993600646e-05
2024-07-06 03:00:41+00:00,-3.345552805124619e-05
2024-07-06 04:00:42+00:00,-3.6257520148321925e-05
2024-07-06 05:01:01+00:00,-3.61337883444258e-05
2024-07-06 06:00:45+00:00,-3.9529553225867054e-05
2024-07-06 07:00:14+00:00,-3.643265169417413e-05
2024-07-06 08:00:17+00:00,-3.580999907587099e-05
2024-07-06 09:00:12+00:00,-2.8480895720937107e-05
2024-07-06 10:00:45+00:00,7.671475973491816e-07
2024-07-06 11:01:02+00:00,1.1491188556614789e-05
2024-07-06 12:01:04+00:00,1.2225880712824793e-05
2024-07-06 13:00:52+00:00,5.365211709597563e-06
2024-07-06 14:00:26+00:00,1.0001015800312128e-05
2024-07-06 15:01:06+00:00,1.6538312371876558e-05
2024-07-06 16:01:06+00:00,1.070058550373511e-05
2024-07-06 17:01:03+00:00,2.0840534885836442e-05
2024-07-06 18:01:04+00:00,1.865918985255388e-05
2024-07-06 19:00:45+00:00,1.2965531960303063e-05
2024-07-06 20:00:19+00:00,1.4052748852610366e-05
2024-07-06 21:00:28+00:00,1.4404623662586096e-05
2024-07-06 22:01:03+00:00,1.179479011821335e-05
2024-07-06 23:00:56+00:00,1.1786342696976931e-05
2024-07-07 00:00:24+00:00,1.5802151068917144e-05
2024-07-07 01:00:47+00:00,-3.696266415510103e-06
2024-07-07 02:00:22+00:00,4.8506693206373115e-06
2024-07-07 03:00:31+00:00,1.229412921800397e-05
2024-07-07 04:01:08+00:00,1.1180379775140202e-05
2024-07-07 05:00:24+00:00,-3.6860559201654236e-07
2024-07-07 06:00:44+00:00,9.39378079373387e-06
2024-07-07 07:00:01+00:00,7.123944017147902e-06
2024-07-07 08:00:34+00:00,-1.16956415390051e-05
2024-07-07 09:00:54+00:00,-1.9664451465301233e-05
2024-07-07 10:00:52+00:00,-2.1166373319301047e-05
2024-07-07 11:00:33+00:00,-2.1878905330266422e-05
2024-07-07 12:00:29+00:00,-2.0407978158928265e-05
2024-07-07 13:01:14+00:00,-2.4225131984261844e-05
2024-07-07 14:00:48+00:00,-2.836925115483004e-05
2024-07-07 15:00:27+00:00,-3.078462920002993e-05
2024-07-07 16:00:18+00:00,1.4833347388937303e-05
2024-07-07 17:01:14+00:00,1.358718443344796e-05
2024-07-07 18:01:14+00:00,1.817523600887412e-05
2024-07-07 19:00:21+00:00,8.104853649499815e-06
2024-07-07 20:01:20+00:00,9.279450656521134e-06
2024-07-07 21:00:07+00:00,8.89987179725386e-06
2024-07-07 22:00:04+00:00,-3.128670080330718e-06
2024-07-07 23:00:14+00:00,1.9668286778750686e-06
2024-07-08 00:01:18+00:00,4.760952571390484e-06
2024-07-08 01:00:14+00:00,3.621928604543347e-06
2024-07-08 02:00:51+00:00,2.428014026769398e-05
2024-07-08 03:01:16+00:00,4.254963960956066e-05
2024-07-08 04:00:26+00:00,3.9978850277590106e-05
2024-07-08 05:00:20+00:00,4.658376034303383e-05
2024-07-08 06:00:52+00:00,2.3755907566517505e-05
2024-07-08 07:01:22+00:00,3.1612314490178184e-05
2024-07-08 08:00:44+00:00,2.6414876858646787e-05
2024-07-08 09:00:06+00:00,3.518912984319724e-05
2024-07-08 10:01:14+00:00,1.3068638037489271e-05
2024-07-08 11:00:40+00:00,8.419659353083378e-06
2024-07-08 12:01:20+00:00,6.4906490649064915e-06
2024-07-08 13:00:21+00:00,6.874112093854544e-06
2024-07-08 14:01:40+00:00,8.399123410264169e-06
2024-07-08 15:00:06+00:00,-2.1225344413871054e-05
2024-07-08 16:00:17+00:00,-5.446765574199334e-06
2024-07-08 17:00:17+00:00,2.3535835663381064e-06
2024-07-08 18:00:18+00:00,9.402561257686593e-06
2024-07-08 19:01:17+00:00,9.742721036228697e-06
2024-07-08 20:00:29+00:00,1.2826013954703182e-05
2024-07-08 21:01:58+00:00,8.157215173352475e-06
2024-07-08 22:00:58+00:00,1.0465213629894232e-05
2024-07-08 23:01:10+00:00,1.0816226194562202e-05
2024-07-09 00:01:35+00:00,8.503132977488976e-06
2024-07-09 01:01:16+00:00,5.437367679838837e-06
2024-07-09 02:00:30+00:00,1.5513003822179856e-06
2024-07-09 03:00:27+00:00,-1.94057004244997e-06
2024-07-09 04:00:51+00:00,-1.1228122356790317e-05
2024-07-09 05:00:03+00:00,4.631130458945028e-06
2024-07-09 06:00:11+00:00,1.4651167095496362e-05
2024-07-09 07:00:04+00:00,8.064218830642188e-06
2024-07-09 08:00:06+00:00,-3.8407208737639985e-06
2024-07-09 09:00:14+00:00,-9.215655555657951e-06
2024-07-09 10:00:16+00:00,4.216806459631904e-06
2024-07-09 11:00:13+00:00,3.341137000442413e-05
2024-07-09 12:00:15+00:00,3.0355018124463874e-05
2024-07-09 13:00:22+00:00,2.6569445599637734e-05
2024-07-09 14:00:45+00:00,2.354347342672893e-05
2024-07-09 15:00:21+00:00,1.967829460953633e-05
2024-07-09 16:00:36+00:00,1.6256084420168692e-05
2024-07-09 17:01:03+00:00,1.2369048613237572e-05
2024-07-09 18:00:58+00:00,6.588743299583085e-06
2024-07-09 19:00:02+00:00,4.654930036401553e-06
2024-07-09 20:01:13+00:00,7.733879985091316e-07
2024-07-09 21:00:39+00:00,-1.5450771607811016e-06
2024-07-09 22:00:07+00:00,-5.0304055938854065e-06
2024-07-09 23:00:07+00:00,-8.914613265837862e-06
2024-07-10 00:00:07+00:00,-1.0079950856749286e-05
2024-07-10 01:00:01+00:00,-1.5182800923114295e-05
2024-07-10 02:00:06+00:00,-8.576297211767129e-06
2024-07-10 03:00:06+00:00,-7.020039873826484e-06
2024-07-10 04:00:06+00:00,-6.988576007752661e-06
2024-07-10 05:00:10+00:00,-1.151002292796567e-06
2024-07-10 06:00:11+00:00,-6.098454325690425e-06
2024-07-10 07:00:10+00:00,-8.351187491452797e-06
2024-07-10 08:00:10+00:00,-1.2532013598374029e-05
2024-07-10 09:00:12+00:00,-9.89827534205259e-06
2024-07-10 10:00:13+00:00,-8.783994425189341e-06
2024-07-10 11:00:21+00:00,-6.883954877970426e-06
2024-07-10 12:00:29+00:00,-6.105274737363181e-06
2024-07-10 13:00:16+00:00,-1.1844254023009596e-05
2024-07-10 14:00:40+00:00,-8.038954476549221e-06
2024-07-10 15:00:44+00:00,-1.52371860772507e-06
2024-07-10 16:00:36+00:00,9.155329317195539e-06
2024-07-10 17:01:03+00:00,1.1400532632884608e-05
2024-07-10 18:00:15+00:00,9.142104878227163e-06
2024-07-10 19:00:19+00:00,1.1861774947857806e-05
2024-07-10 20:01:05+00:00,1.4613836524436401e-05
2024-07-10 21:01:07+00:00,1.5059543116630368e-05
2024-07-10 22:01:08+00:00,1.7457287835761836e-05
2024-07-10 23:00:44+00:00,6.975576182592682e-05
2024-07-11 00:01:34+00:00,8.585164835164834e-05
2024-07-11 01:00:52+00:00,8.785064090655768e-05
2024-07-11 02:00:57+00:00,9.350396439004034e-05
2024-07-11 03:00:12+00:00,7.820908771475597e-05
2024-07-11 04:01:23+00:00,2.7033555051837537e-06
2024-07-11 05:01:39+00:00,7.045171600052029e-05
2024-07-11 06:00:27+00:00,2.3569023569023568e-05
2024-07-11 07:01:24+00:00,9.595286980004809e-05
2024-07-11 08:00:41+00:00,6.064039499622322e-05
2024-07-11 09:00:25+00:00,6.40139840839045e-05
2024-07-11 10:01:04+00:00,7.680245034205748e-05
2024-07-11 11:00:09+00:00,3.356958408878633e-05
2024-07-11 12:00:16+00:00,9.054219397724574e-05
2024-07-11 13:01:41+00:00,7.390780982722261e-05
2024-07-11 14:01:14+00:00,7.351211479651847e-05
2024-07-11 15:01:32+00:00,5.3081319161327896e-05
2024-07-11 16:00:15+00:00,1.723820906499954e-05
2024-07-11 17:01:47+00:00,3.855301270602171e-05
2024-07-11 18:01:09+00:00,7.366472276219569e-05
2024-07-11 19:00:07+00:00,7.707105927618132e-05
2024-07-11 20:00:08+00:00,7.317005184620816e-05
2024-07-11 21:00:44+00:00,7.690515031461199e-05
2024-07-11 22:01:13+00:00,7.407961968219506e-05
2024-07-11 23:01:19+00:00,7.961037744684836e-05
2024-07-12 00:01:31+00:00,7.970742685671417e-05
2024-07-12 01:01:00+00:00,4.285620774460206e-05
2024-07-12 02:01:35+00:00,2.3095643022917117e-05
2024-07-12 03:01:16+00:00,2.3002704549070253e-05
2024-07-12 04:00:45+00:00,1.9144725117016387e-05
2024-07-12 05:01:16+00:00,1.9208507834925414e-05
2024-07-12 06:00:40+00:00,-2.1952275207949114e-05
2024-07-12 07:00:36+00:00,-2.4652979958301244e-05
2024-07-12 08:01:15+00:00,-2.7057550232930215e-05
2024-07-12 09:00:09+00:00,4.782109660181388e-05
2024-07-12 10:00:04+00:00,1.6885871871022487e-05
2024-07-12 11:00:02+00:00,4.2952271050490915e-05
2024-07-12 12:00:07+00:00,5.793550950142356e-05
2024-07-12 13:00:04+00:00,6.493997185147402e-05
2024-07-12 14:00:02+00:00,4.462063070087269e-05
2024-07-12 15:00:06+00:00,3.081604944051688e-05
2024-07-12 16:00:03+00:00,2.9221447139570985e-05
2024-07-12 17:00:05+00:00,5.827940545681729e-06
2024-07-12 18:00:03+00:00,1.544947741677292e-06
2024-07-12 19:00:07+00:00,1.9343814715414687e-05
2024-07-12 20:00:27+00:00,1.0059913612930194e-05
2024-07-12 21:00:10+00:00,1.3980930011464363e-05
2024-07-12 22:00:05+00:00,1.0878793816068146e-05
2024-07-12 23:00:08+00:00,1.2038418500559493e-05
2024-07-13 00:00:08+00:00,1.2018581788729903e-05
2024-07-13 01:00:11+00:00,1.3942204913233012e-05
2024-07-13 02:00:05+00:00,1.1588882090078064e-05
2024-07-13 03:00:04+00:00,1.0819136695987824e-05
2024-07-13 04:00:04+00:00,1.0804299481097107e-05
2024-07-13 05:00:05+00:00,1.0440350795786738e-05
2024-07-13 06:00:03+00:00,1.9641553207812256e-05
2024-07-13 07:00:08+00:00,1.3413680482082893e-05
2024-07-13 08:00:08+00:00,1.2990348978019155e-05
2024-07-13 09:00:09+00:00,1.068636526106442e-05
2024-07-13 10:00:09+00:00,1.2195233520881935e-05
2024-07-13 11:00:10+00:00,1.2931979250383576e-05
2024-07-13 12:00:09+00:00,1.4444616802474656e-05
2024-07-13 13:00:09+00:00,1.327361118697766e-05
2024-07-13 14:00:08+00:00,2.1608195647427035e-05
2024-07-13 15:00:10+00:00,2.9247923561536428e-05
2024-07-13 16:00:14+00:00,2.9148532124262882e-05
2024-07-13 17:00:31+00:00,2.9496383289618177e-05
2024-07-13 18:00:31+00:00,2.830385204104738e-05
2024-07-13 19:00:29+00:00,3.074845852648634e-05
2024-07-13 20:00:07+00:00,3.243847874720358e-05
2024-07-13 21:00:33+00:00,2.9434124265488466e-05
2024-07-13 22:00:33+00:00,2.5387352026597125e-05
2024-07-13 23:00:43+00:00,3.1319910514541384e-05
2024-07-14 00:00:39+00:00,2.6376330854421913e-05
2024-07-14 01:00:32+00:00,3.218988926678092e-05
2024-07-14 02:00:38+00:00,2.4265419571163856e-05
2024-07-14 03:00:39+00:00,1.7710242718876463e-05
2024-07-14 04:00:38+00:00,1.956787607011822e-05
2024-07-14 05:00:01+00:00,2.873690260400548e-05
2024-07-14 06:00:39+00:00,3.0103281751207305e-05
2024-07-14 07:00:38+00:00,4.3646671479127416e-05
2024-07-14 08:00:40+00:00,4.4339871580613946e-05
2024-07-14 09:00:28+00:00,4.538625761050052e-05
2024-07-14 10:00:41+00:00,3.58434581080132e-05
2024-07-14 11:00:47+00:00,2.3104953702073722e-05
2024-07-14 12:00:49+00:00,2.2094564737074683e-05
2024-07-14 13:00:49+00:00,1.8532687996014093e-05
2024-07-14 14:00:17+00:00,2.6013649136892815e-05
2024-07-14 15:00:49+00:00,3.0156545980914255e-05
2024-07-14 16:00:03+00:00,2.4896968831956613e-05
2024-07-14 17:00:48+00:00,3.0372543789454966e-05
2024-07-14 18:00:52+00:00,2.887374621309713e-05
2024-07-14 19:00:52+00:00,2.9602984279243273e-05
2024-07-14 20:00:29+00:00,3.6247580831306256e-05
2024-07-14 21:00:34+00:00,3.656720387213446e-05
2024-07-14 22:00:49+00:00,3.961511712869631e-05
2024-07-14 23:00:06+00:00,4.4040817039716237e-05
2024-07-15 00:00:52+00:00,2.492306358632049e-05
2024-07-15 01:00:38+00:00,0.00010520126248432704
2024-07-15 02:00:11+00:00,6.017674770468691e-05
2024-07-15 03:00:55+00:00,2.5900469291633663e-05
2024-07-15 04:00:55+00:00,9.90603707542521e-06
2024-07-15 05:00:04+00:00,1.0269314472252447e-05
2024-07-15 06:00:25+00:00,1.3778893279291806e-05
2024-07-15 07:00:01+00:00,1.1620143836253157e-05
2024-07-15 08:00:58+00:00,1.1936272443732615e-05
2024-07-15 09:00:26+00:00,2.447496572663734e-06
2024-07-15 10:00:15+00:00,3.4121421937009204e-05
2024-07-15 11:00:17+00:00,3.815014200330634e-05
2024-07-15 12:00:30+00:00,2.6953627161355683e-05
2024-07-15 13:00:58+00:00,4.96054019117597e-05
2024-07-15 14:00:13+00:00,7.186737927928693e-05
2024-07-15 15:01:03+00:00,4.528471715096038e-05
2024-07-15 16:00:12+00:00,3.133159268929504e-05
2024-07-15 17:00:02+00:00,3.6967586391642105e-05
2024-07-15 18:00:23+00:00,1.2841452642455958e-05
2024-07-15 19:01:14+00:00,2.2831429330499468e-05
2024-07-15 20:01:18+00:00,1.2737853163385078e-05
2024-07-15 21:00:19+00:00,1.7430748660908367e-05
2024-07-15 22:01:04+00:00,1.2606245040534682e-05
2024-07-15 23:01:49+00:00,2.0639407378527217e-05
2024-07-16 00:00:11+00:00,2.0141311441070554e-05
2024-07-16 01:00:07+00:00,6.661921480498084e-06
2024-07-16 02:00:07+00:00,1.4619090155043707e-05
2024-07-16 03:00:07+00:00,1.4915993126710366e-05
2024-07-16 04:00:08+00:00,2.549572819392013e-05
2024-07-16 05:00:07+00:00,7.29461981970503e-06
2024-07-16 06:00:07+00:00,1.672496281108029e-06
2024-07-16 07:00:12+00:00,2.6046360573214794e-05
2024-07-16 08:00:12+00:00,8.532087533808705e-06
2024-07-16 09:00:09+00:00,1.3448201665094262e-05
2024-07-16 10:00:14+00:00,3.40734499677851e-05
2024-07-16 11:00:01+00:00,4.178002811089832e-05
2024-07-16 12:00:12+00:00,2.1187935263188116e-05
2024-07-16 13:00:17+00:00,2.691562185636823e-05
2024-07-16 14:00:17+00:00,3.0308974987739085e-05
2024-07-16 15:00:15+00:00,3.064426502794757e-05
2024-07-16 16:00:00+00:00,2.3209442004649964e-05
2024-07-16 17:01:01+00:00,2.9676107852003616e-05
2024-07-16 18:01:04+00:00,6.824416191589343e-05
2024-07-16 19:01:07+00:00,4.896915403920074e-05
2024-07-16 20:01:08+00:00,8.708436645686313e-05
2024-07-16 21:00:10+00:00,8.8778990721379e-05
2024-07-16 22:00:35+00:00,3.427590063104082e-05
2024-07-16 23:00:35+00:00,5.694004533980738e-05
2024-07-17 00:00:28+00:00,7.82334486106542e-05
2024-07-17 01:00:22+00:00,5.883854702695802e-05
2024-07-17 02:00:39+00:00,4.8856631221970426e-05
2024-07-17 03:00:40+00:00,5.508102245830134e-05
2024-07-17 04:00:39+00:00,3.6075471698113216e-05
2024-07-17 05:00:03+00:00,3.9728574379836956e-05
2024-07-17 06:00:39+00:00,4.8946608030228456e-05
2024-07-17 07:00:39+00:00,3.0758118158799205e-05
2024-07-17 08:00:43+00:00,1.0927181264056329e-05
2024-07-17 09:00:07+00:00,7.294968383161046e-06
2024-07-17 10:00:36+00:00,1.9897329778343748e-05
2024-07-17 11:00:41+00:00,1.890893457110556e-05
2024-07-17 12:00:04+00:00,2.8383859435368805e-05
2024-07-17 13:00:18+00:00,3.208830702092157e-05
2024-07-17 14:00:40+00:00,3.4309610049013726e-05
2024-07-17 15:00:29+00:00,3.53616643044178e-05
2024-07-17 16:00:53+00:00,3.4810762173322726e-05
2024-07-17 17:00:24+00:00,1.767369752356085e-05
2024-07-17 18:00:09+00:00,1.467984656240779e-05
2024-07-17 19:00:45+00:00,1.4640127518698656e-05
2024-07-17 20:00:58+00:00,1.2902542200197245e-05
2024-07-17 21:00:05+00:00,2.2337202407544287e-05
2024-07-17 22:01:25+00:00,1.122586439155815e-05
2024-07-17 23:00:15+00:00,3.820863256331938e-05
2024-07-18 00:00:13+00:00,4.130071442616504e-05
2024-07-18 01:00:12+00:00,4.311581211903908e-05
2024-07-18 02:00:14+00:00,3.3167886532197136e-05
2024-07-18 03:00:14+00:00,2.9127713194049263e-05
2024-07-18 04:01:16+00:00,3.177049951727663e-05
2024-07-18 05:00:05+00:00,3.486322015583234e-05
2024-07-18 06:00:12+00:00,2.5167963297060335e-05
2024-07-18 07:01:25+00:00,3.058054099015715e-05
2024-07-18 08:01:25+00:00,1.46443172526574e-05
2024-07-18 09:00:23+00:00,4.795985521553142e-06
2024-07-18 10:00:17+00:00,1.095721507541819e-05
2024-07-18 11:01:11+00:00,1.1329834131228318e-05
2024-07-18 12:01:04+00:00,1.3702122759834521e-05
2024-07-18 13:00:15+00:00,1.742788954408641e-05
2024-07-18 14:00:15+00:00,1.603301589381198e-05
2024-07-18 15:01:04+00:00,7.91205886968228e-06
2024-07-18 16:00:57+00:00,4.876539079229121e-06
2024-07-18 17:00:45+00:00,2.655995704770054e-05
2024-07-18 18:00:33+00:00,7.831077622735549e-05
2024-07-18 19:00:24+00:00,0.00011742733352963445
2024-07-18 20:00:32+00:00,0.00011992909597366422
2024-07-18 21:00:15+00:00,0.00010380736811878179
2024-07-18 22:00:33+00:00,9.80557547130024e-05
2024-07-18 23:00:32+00:00,9.617499181614442e-05
2024-07-19 00:00:52+00:00,0.00010496317375292937
2024-07-19 01:00:40+00:00,0.00010138190849366101
2024-07-19 02:00:09+00:00,5.284467479230892e-05
2024-07-19 03:00:06+00:00,2.937671014419768e-05
2024-07-19 04:01:04+00:00,2.9206094894774613e-05
2024-07-19 05:00:09+00:00,2.7362294741218038e-05
2024-07-19 06:00:13+00:00,2.2542433550599774e-05
2024-07-19 07:01:16+00:00,2.8711629953752523e-05
2024-07-19 08:01:21+00:00,2.5716096958777503e-05
2024-07-19 09:00:57+00:00,3.880326534721581e-05
2024-07-19 10:00:24+00:00,2.418791697865574e-05
2024-07-19 11:00:54+00:00,2.593567817213618e-05
2024-07-19 12:01:02+00:00,3.466532207235598e-05
2024-07-19 13:00:46+00:00,3.6663035280315085e-05
2024-07-19 14:01:24+00:00,3.7557588302063165e-05
2024-07-19 15:01:25+00:00,3.699988488924702e-05
2024-07-19 16:00:31+00:00,3.743455283556732e-05
2024-07-19 17:01:25+00:00,3.803737487174101e-05
2024-07-19 18:00:24+00:00,4.2587614095526326e-05
2024-07-19 19:01:15+00:00,2.4140983342721492e-05
2024-07-19 20:00:01+00:00,1.2665925220633536e-05
2024-07-19 21:01:02+00:00,1.5657736905237907e-05
2024-07-19 22:00:21+00:00,7.64980196754823e-06
2024-07-19 23:01:08+00:00,1.1966207430217068e-05
2024-07-20 00:01:05+00:00,4.643790224941057e-06
2024-07-20 01:00:05+00:00,2.9908599320476625e-06
2024-07-20 02:00:42+00:00,7.651390508442086e-06
2024-07-20 03:00:30+00:00,6.999944000447997e-06
2024-07-20 04:00:21+00:00,8.644705018398934e-06
2024-07-20 05:00:39+00:00,1.0274326916189825e-05
2024-07-20 06:01:12+00:00,1.2570475661081554e-05
2024-07-20 07:01:14+00:00,1.6727541799175034e-05
2024-07-20 08:00:05+00:00,9.776853104737473e-06
2024-07-20 09:00:08+00:00,9.827275800529888e-06
2024-07-20 10:00:28+00:00,1.408616865650512e-05
2024-07-20 11:00:36+00:00,1.2129464918218599e-05
2024-07-20 12:00:07+00:00,1.4816278150928488e-05
2024-07-20 13:00:35+00:00,1.8775000395263167e-05
2024-07-20 14:00:46+00:00,4.3392504930966464e-05
2024-07-20 15:00:46+00:00,2.9613023168616916e-05
2024-07-20 16:01:09+00:00,2.7647906767444874e-05
2024-07-20 17:00:19+00:00,2.03609022556391e-05
2024-07-20 18:00:08+00:00,1.8046146146893835e-05
2024-07-20 19:01:00+00:00,2.513779234321466e-05
2024-07-20 20:00:10+00:00,2.6068433361636203e-05
2024-07-20 21:01:10+00:00,7.924514283591515e-05
2024-07-20 22:00:07+00:00,0.00010961150071171461
2024-07-20 23:01:02+00:00,0.0001236356316354527
2024-07-21 00:01:12+00:00,9.153330006925877e-05
2024-07-21 01:00:40+00:00,8.407003594461093e-05
2024-07-21 02:00:42+00:00,0.00011488233046371014
2024-07-21 03:00:45+00:00,9.840158342205095e-05
2024-07-21 04:00:02+00:00,7.707404371790148e-05
2024-07-21 05:01:12+00:00,7.085310922337434e-05
2024-07-21 06:01:11+00:00,7.316164733425562e-05
2024-07-21 07:01:10+00:00,1.526694248942764e-05
2024-07-21 08:00:05+00:00,2.0365447489840192e-05
2024-07-21 09:00:47+00:00,5.564374570708998e-05
2024-07-21 10:01:08+00:00,5.482869835087933e-05
2024-07-21 11:01:03+00:00,3.4527330651844985e-05
2024-07-21 12:00:06+00:00,2.091652405400266e-05
2024-07-21 13:00:06+00:00,2.563148381609125e-05
2024-07-21 14:01:08+00:00,4.621673162689277e-05
2024-07-21 15:00:49+00:00,3.9451257849724644e-05
2024-07-21 16:01:14+00:00,3.093181818181818e-05
2024-07-21 17:00:57+00:00,4.4691420008063474e-05
2024-07-21 18:01:15+00:00,4.705002594390013e-05
2024-07-21 19:00:24+00:00,3.409275143018165e-05
2024-07-21 20:01:14+00:00,4.316828339882122e-05
2024-07-21 21:00:23+00:00,8.257608009512765e-05
2024-07-21 22:01:15+00:00,9.630887026870846e-05
2024-07-21 23:01:11+00:00,7.569612828930899e-05
2024-07-22 00:00:36+00:00,0.00010345024399988584
2024-07-22 01:00:04+00:00,9.742778110474234e-05
2024-07-22 02:00:38+00:00,8.959545858539523e-05
2024-07-22 03:00:24+00:00,6.220710938392959e-05
2024-07-22 04:00:08+00:00,7.647000241858612e-05
2024-07-22 05:00:30+00:00,5.5561072492552135e-05
2024-07-22 06:00:13+00:00,4.36371667545347e-05
2024-07-22 07:01:16+00:00,2.545980069311629e-05
2024-07-22 08:00:14+00:00,9.35093907765408e-06
2024-07-22 09:00:01+00:00,8.478951693245199e-06
2024-07-22 10:00:50+00:00,1.9718638045029564e-05
2024-07-22 11:00:40+00:00,1.664450789360883e-05
2024-07-22 12:00:46+00:00,2.8374549854721728e-05
2024-07-22 13:00:09+00:00,3.973672612725867e-05
2024-07-22 14:00:54+00:00,4.2620635995562145e-05
2024-07-22 15:01:04+00:00,2.783688587094666e-05
2024-07-22 16:00:12+00:00,3.543957034206827e-05
2024-07-22 17:01:11+00:00,5.666119841132793e-05
2024-07-22 18:00:24+00:00,8.693625869362586e-05
2024-07-22 19:00:21+00:00,0.00011758082791155071
2024-07-22 20:00:20+00:00,0.00012159187730758308
2024-07-22 21:00:12+00:00,0.00012243062783666477
2024-07-22 22:00:02+00:00,7.560311756595539e-05
2024-07-22 23:00:27+00:00,2.0385988141154796e-05
2024-07-23 00:00:35+00:00,8.137491048759846e-06
2024-07-23 01:00:26+00:00,1.5034283652111148e-05
2024-07-23 02:01:04+00:00,1.0552676529341942e-05
2024-07-23 03:01:22+00:00,1.3585676711614124e-05
2024-07-23 04:00:48+00:00,1.8415578956523e-05
2024-07-23 05:00:49+00:00,6.077541550539173e-06
2024-07-23 06:00:46+00:00,3.6987446460671246e-06
2024-07-23 07:00:29+00:00,1.4566393143826394e-05
2024-07-23 08:01:04+00:00,2.8571641546282635e-05
2024-07-23 09:00:55+00:00,5.057997083490633e-05
2024-07-23 10:00:27+00:00,5.927973755022301e-05
2024-07-23 11:01:17+00:00,7.75720681452149e-05
2024-07-23 12:01:10+00:00,9.296171379859902e-05
2024-07-23 13:01:01+00:00,4.1580088030922536e-05
2024-07-23 14:00:28+00:00,3.08245182729248e-07
2024-07-23 15:01:07+00:00,2.376751972493938e-05
2024-07-23 16:00:59+00:00,1.6337552233402225e-05
2024-07-23 17:00:01+00:00,-6.344056540547127e-06
2024-07-23 18:01:15+00:00,-8.004736712598425e-06
2024-07-23 19:00:18+00:00,7.022978018692162e-06
2024-07-23 20:00:23+00:00,9.874786785684237e-06
2024-07-23 21:00:05+00:00,7.318731521730825e-06
2024-07-23 22:00:38+00:00,6.044627846553568e-06
2024-07-23 23:00:00+00:00,8.93918136725009e-06
2024-07-24 00:00:22+00:00,1.3737190894029578e-05
2024-07-24 01:00:29+00:00,1.3117977312350712e-05
2024-07-24 02:00:06+00:00,1.0865728448871224e-05
2024-07-24 03:01:06+00:00,1.2161393912388794e-05
2024-07-24 04:01:26+00:00,1.559944358672557e-05
2024-07-24 05:00:32+00:00,1.6847631183378224e-05
2024-07-24 06:01:19+00:00,1.4652799021107374e-05
2024-07-24 07:01:24+00:00,1.6519219035997563e-05
2024-07-24 08:00:45+00:00,3.162889572182363e-05
2024-07-24 09:00:59+00:00,0.00011857331571994715
2024-07-24 10:00:38+00:00,0.00013181090646768412
2024-07-24 11:00:02+00:00,0.00013050971928720232
2024-07-24 12:00:01+00:00,0.00013138833751544885
2024-07-24 13:01:06+00:00,0.00012420033037993693
2024-07-24 14:00:52+00:00,0.00011293051811919734
2024-07-24 15:00:08+00:00,0.00011982609864867895
2024-07-24 16:00:51+00:00,4.767461118053569e-05
2024-07-24 17:00:08+00:00,1.8298455689108023e-05
2024-07-24 18:01:51+00:00,1.4491657464413753e-05
2024-07-24 19:00:24+00:00,-6.326412390621665e-07
2024-07-24 20:01:59+00:00,4.465037910699242e-06
2024-07-24 21:00:07+00:00,7.0206634373658714e-06
2024-07-24 22:00:13+00:00,6.099818007958296e-06
2024-07-24 23:00:14+00:00,1.677210534059144e-05
2024-07-25 00:00:14+00:00,6.4958358027387014e-06
2024-07-25 01:00:15+00:00,3.2017242456425316e-07
2024-07-25 02:00:15+00:00,-1.5940827647771474e-05
2024-07-25 03:00:14+00:00,0.0
2024-07-25 04:00:15+00:00,1.4540760406264463e-05
2024-07-25 05:00:03+00:00,1.8906762834798816e-05
2024-07-25 06:00:09+00:00,1.9211946190372187e-05
2024-07-25 07:00:16+00:00,2.0856210839093083e-05
2024-07-25 08:00:27+00:00,2.016503061051647e-05
2024-07-25 09:00:34+00:00,1.6798251627003008e-05
2024-07-25 10:00:15+00:00,3.81302529440569e-05
2024-07-25 11:00:33+00:00,3.289691012367562e-05
2024-07-25 12:00:34+00:00,2.449081493770587e-05
2024-07-25 13:00:35+00:00,1.782441977800202e-05
2024-07-25 14:00:35+00:00,2.3552026879679513e-05
2024-07-25 15:00:36+00:00,2.3150384900312428e-05
2024-07-25 16:00:36+00:00,7.709392905427156e-06
2024-07-25 17:00:43+00:00,7.366778723198919e-06
2024-07-25 18:00:39+00:00,5.020927224672435e-06
2024-07-25 19:00:47+00:00,6.739700313926017e-06
2024-07-25 20:00:21+00:00,1.1530099585535263e-05
2024-07-25 21:00:10+00:00,1.5348220425002455e-05
2024-07-25 22:00:41+00:00,7.396879744177783e-06
2024-07-25 23:00:22+00:00,6.667952055014621e-07
2024-07-26 00:00:42+00:00,-3.0026423252462168e-06
2024-07-26 01:00:14+00:00,6.612003206781867e-06
2024-07-26 02:00:39+00:00,9.525687024405628e-06
2024-07-26 03:00:47+00:00,1.2370570077755637e-05
2024-07-26 04:00:49+00:00,1.0044582072249411e-05
2024-07-26 05:00:49+00:00,8.07847215216396e-06
2024-07-26 06:00:02+00:00,2.0343002394661992e-05
2024-07-26 07:00:21+00:00,2.3855582035965212e-05
2024-07-26 08:00:48+00:00,1.0304895018398838e-05
2024-07-26 09:00:37+00:00,8.043765502213775e-06
2024-07-26 10:00:53+00:00,9.952818551868757e-06
2024-07-26 11:00:46+00:00,1.2552527499691015e-05
2024-07-26 12:00:07+00:00,1.543555270855361e-05
2024-07-26 13:00:52+00:00,2.8274165310545357e-05
2024-07-26 14:00:52+00:00,3.4686892979372866e-05
2024-07-26 15:00:42+00:00,4.235754387856477e-05
2024-07-26 16:00:55+00:00,4.6135391997047335e-05
2024-07-26 17:00:51+00:00,5.899099981632278e-05
2024-07-26 18:00:56+00:00,9.294322758452673e-05
2024-07-26 19:00:33+00:00,4.0902830095351156e-05
2024-07-26 20:00:37+00:00,2.5413008448413473e-05
2024-07-26 21:00:47+00:00,1.9429817962990824e-05
2024-07-26 22:00:30+00:00,2.0589534526777626e-05
2024-07-26 23:00:33+00:00,3.4467596732844453e-05
2024-07-27 00:00:56+00:00,5.983243050181558e-05
2024-07-27 01:00:54+00:00,5.972689875544074e-05
2024-07-27 02:00:55+00:00,5.643996377543765e-05
2024-07-27 03:00:55+00:00,4.1105821331679135e-05
2024-07-27 04:00:55+00:00,7.421816772500969e-05
2024-07-27 05:00:56+00:00,0.00011033585003905234
2024-07-27 06:00:01+00:00,0.00010795196509801295
2024-07-27 07:00:37+00:00,0.00010283042784496771
2024-07-27 08:00:55+00:00,3.443141634096408e-05
2024-07-27 09:00:06+00:00,5.890412999121279e-06
2024-07-27 10:00:49+00:00,2.4388617163183637e-05
2024-07-27 11:00:13+00:00,2.556614445093415e-05
2024-07-27 12:01:05+00:00,2.343275849307971e-05
2024-07-27 13:00:44+00:00,1.9094013808601547e-05
2024-07-27 14:00:39+00:00,2.051135069191819e-05
2024-07-27 15:00:43+00:00,1.9556781420324088e-05
2024-07-27 16:00:51+00:00,1.6931991190338937e-05
2024-07-27 17:00:45+00:00,1.1770479370060005e-05
2024-07-27 18:01:21+00:00,3.4033846476698696e-05
2024-07-27 19:01:04+00:00,4.5070422535211274e-05
2024-07-27 20:00:51+00:00,2.5826978661747243e-05
2024-07-27 21:00:51+00:00,1.1549819370118869e-05
2024-07-27 22:00:37+00:00,4.020525248898563e-05
2024-07-27 23:01:36+00:00,2.929865776833411e-05
2024-07-28 00:00:02+00:00,2.4493733372523304e-05
2024-07-28 01:00:05+00:00,1.1397829853195951e-05
2024-07-28 02:00:02+00:00,1.3654453135721147e-05
2024-07-28 03:00:04+00:00,5.166554405731431e-05
2024-07-28 04:00:02+00:00,5.822864514543723e-05
2024-07-28 05:00:10+00:00,6.169507210611552e-05
2024-07-28 06:00:05+00:00,5.221467580487956e-05
2024-07-28 07:00:05+00:00,3.692741693065415e-05
2024-07-28 08:00:05+00:00,4.6489614677204625e-05
2024-07-28 09:00:06+00:00,4.833504924935078e-05
2024-07-28 10:00:05+00:00,4.7891252375406116e-05
2024-07-28 11:00:06+00:00,4.9604688787814025e-05
2024-07-28 12:00:11+00:00,4.158888118442208e-05
2024-07-28 13:00:11+00:00,4.0391162954028424e-05
2024-07-28 14:00:14+00:00,4.169881810055695e-05
2024-07-28 15:00:15+00:00,5.0859818823890685e-05
2024-07-28 16:00:03+00:00,7.607330770593718e-05
2024-07-28 17:00:09+00:00,5.2970182602665853e-05
2024-07-28 18:00:11+00:00,4.97622845342395e-05
2024-07-28 19:00:16+00:00,3.4245680880647126e-05
2024-07-28 20:00:15+00:00,3.775149746582706e-05
2024-07-28 21:00:01+00:00,7.091532211482923e-05
2024-07-28 22:00:16+00:00,9.273426994945984e-05
2024-07-28 23:00:19+00:00,9.541899095558255e-05
2024-07-29 00:00:43+00:00,0.00010388988814352214
2024-07-29 01:00:15+00:00,0.00010131942313593127
2024-07-29 02:00:18+00:00,9.465785488090321e-05
2024-07-29 03:00:18+00:00,8.29435184764673e-05
2024-07-29 04:00:15+00:00,6.506787602114368e-05
2024-07-29 05:00:22+00:00,4.4334864619788817e-05
2024-07-29 06:00:25+00:00,3.796797036063223e-05
2024-07-29 07:00:26+00:00,3.941771152284529e-05
2024-07-29 08:00:02+00:00,5.2746025244815135e-05
2024-07-29 09:00:31+00:00,0.00010042027745750735
2024-07-29 10:00:22+00:00,0.0001322092340618428
2024-07-29 11:00:34+00:00,0.00012978960672068994
2024-07-29 12:00:06+00:00,0.0001080726546370622
2024-07-29 13:00:35+00:00,4.016709511568124e-05
2024-07-29 14:00:32+00:00,1.3736716677408236e-05
2024-07-29 15:00:34+00:00,-1.5732665703545145e-06
2024-07-29 16:00:05+00:00,1.913685145210429e-05
2024-07-29 17:00:17+00:00,2.5704105870376654e-05
2024-07-29 18:01:05+00:00,3.5120147874306844e-05
2024-07-29 19:00:36+00:00,3.963037426538819e-05
2024-07-29 20:01:30+00:00,4.348767269438024e-05
2024-07-29 21:01:21+00:00,5.6320294153998274e-05
2024-07-29 22:00:08+00:00,5.0717221059161044e-05
2024-07-29 23:00:51+00:00,4.4601649097495326e-05
2024-07-30 00:01:48+00:00,3.819142324425109e-05
2024-07-30 01:00:52+00:00,1.3264165009940359e-05
2024-07-30 02:00:36+00:00,2.6442493768674624e-05
2024-07-30 03:00:02+00:00,2.783950521359419e-05
2024-07-30 04:00:39+00:00,3.0964305896377954e-05
2024-07-30 05:01:30+00:00,3.06140601916666e-05
2024-07-30 06:00:37+00:00,2.8391753535416122e-05
2024-07-30 07:00:37+00:00,3.0025259960637853e-05
2024-07-30 08:00:07+00:00,1.8670643967202726e-05
2024-07-30 09:01:38+00:00,1.1241066128000123e-05
2024-07-30 10:00:53+00:00,1.2539451042124837e-05
2024-07-30 11:00:50+00:00,1.510313015843631e-05
2024-07-30 12:00:30+00:00,1.8353373929708512e-05
2024-07-30 13:00:51+00:00,1.12883245586869e-05
2024-07-30 14:00:52+00:00,2.6861381908571878e-05
2024-07-30 15:00:55+00:00,2.8329165364176307e-05
2024-07-30 16:00:16+00:00,3.91874098689573e-05
2024-07-30 17:00:32+00:00,2.482475261498894e-05
2024-07-30 18:00:54+00:00,1.877930560058196e-05
2024-07-30 19:00:56+00:00,7.929396652208733e-06
2024-07-30 20:00:59+00:00,6.63708000350578e-06
2024-07-30 21:00:39+00:00,2.4281185873635633e-05
2024-07-30 22:00:57+00:00,2.925544649269811e-05
2024-07-30 23:00:43+00:00,3.7138740975986375e-05
2024-07-31 00:00:41+00:00,3.9466980831688205e-05
2024-07-31 01:00:08+00:00,3.2530754031487025e-05
2024-07-31 02:00:21+00:00,3.349838398955564e-05
2024-07-31 03:00:09+00:00,4.0140144125492694e-05
2024-07-31 04:00:21+00:00,3.6517346337110164e-05
2024-07-31 05:00:22+00:00,2.802802802802803e-05
2024-07-31 06:00:24+00:00,3.374011770554371e-05
2024-07-31 07:00:01+00:00,3.8109404456040156e-05
2024-07-31 08:00:23+00:00,3.432622989780559e-05
2024-07-31 09:00:02+00:00,3.43556239196968e-05
2024-07-31 10:00:05+00:00,3.40253108348135e-05
2024-07-31 11:00:25+00:00,3.21520639063047e-05
2024-07-31 12:00:29+00:00,3.353335405261103e-05
2024-07-31 13:00:31+00:00,3.3160077368207396e-05
2024-07-31 14:00:23+00:00,4.12296048829532e-05
2024-07-31 15:00:04+00:00,4.447167648337748e-05
2024-07-31 16:00:30+00:00,2.6331381982793357e-05
2024-07-31 17:00:18+00:00,3.631778857972072e-06
2024-07-31 18:00:29+00:00,-5.278383197939369e-06
2024-07-31 19:00:28+00:00,4.296310414383507e-06
2024-07-31 20:00:31+00:00,-2.104579565133731e-05
2024-07-31 21:00:49+00:00,-2.0646786381733973e-05
2024-07-31 22:00:27+00:00,-4.083632799738648e-06
2024-07-31 23:00:34+00:00,8.848617556703053e-06
2024-08-01 00:00:16+00:00,2.010831329046614e-05
2024-08-01 01:01:18+00:00,2.6871448167744463e-05
2024-08-01 02:00:13+00:00,2.1098114810337507e-05
2024-08-01 03:01:30+00:00,3.7598614269412953e-06
2024-08-01 04:01:32+00:00,-3.772279511086219e-06
2024-08-01 05:00:46+00:00,-3.283639048590889e-05
2024-08-01 06:00:39+00:00,-5.879959139266999e-06
2024-08-01 07:00:08+00:00,2.764862172035868e-06
2024-08-01 08:01:31+00:00,3.8014608233731737e-06
2024-08-01 09:00:42+00:00,3.7899788985891017e-06
2024-08-01 10:01:31+00:00,1.4468788755684167e-05
2024-08-01 11:00:23+00:00,1.552383633322846e-05
2024-08-01 12:00:38+00:00,1.4168982537641544e-05
2024-08-01 13:00:48+00:00,1.2072834466369124e-05
2024-08-01 14:00:09+00:00,-2.0761360616529364e-06
2024-08-01 15:00:46+00:00,-3.950890796639896e-05
2024-08-01 16:01:01+00:00,-2.4862090427754142e-05
2024-08-01 17:00:55+00:00,4.666448151534494e-06
2024-08-01 18:01:54+00:00,2.2083746154247274e-05
2024-08-01 19:00:16+00:00,1.6062602965403626e-05
2024-08-01 20:00:11+00:00,2.5495750708215297e-05
2024-08-01 21:00:48+00:00,3.074665485772834e-05
2024-08-01 22:00:24+00:00,3.135343168697884e-05
2024-08-01 23:00:58+00:00,5.553587095903354e-05
2024-08-02 00:00:06+00:00,3.817859274766481e-05
2024-08-02 01:00:05+00:00,3.539465715631519e-05
2024-08-02 02:00:07+00:00,2.6779672486128028e-05
2024-08-02 03:00:10+00:00,3.1962769765776826e-05
2024-08-02 04:00:08+00:00,3.939522998296422e-05
2024-08-02 05:00:08+00:00,4.326988558975756e-05
2024-08-02 06:00:09+00:00,2.1723147419895358e-05
2024-08-02 07:00:10+00:00,7.88655755206764e-06
2024-08-02 08:00:15+00:00,8.959000309821337e-06
2024-08-02 09:00:15+00:00,9.660466793755475e-06
2024-08-02 10:00:15+00:00,1.176561189738675e-05
2024-08-02 11:00:19+00:00,1.4241385500457331e-05
2024-08-02 12:00:20+00:00,1.1729179639850207e-05
2024-08-02 13:00:24+00:00,1.1734184452845645e-05
2024-08-02 14:00:30+00:00,2.1566064638783268e-05
2024-08-02 15:01:02+00:00,-1.7815082865830157e-06
2024-08-02 16:00:34+00:00,-2.1911756972321066e-06
2024-08-02 17:00:39+00:00,1.766753237575308e-05
2024-08-02 18:00:39+00:00,3.345305013104136e-05
2024-08-02 19:00:39+00:00,2.210237821589603e-05
2024-08-02 20:00:40+00:00,1.7012510766006942e-05
2024-08-02 21:00:08+00:00,2.327891240921224e-05
2024-08-02 22:00:45+00:00,1.4492495117143952e-05
2024-08-02 23:00:46+00:00,1.904889964591457e-05
2024-08-03 00:00:48+00:00,3.252287816256953e-05
2024-08-03 01:00:46+00:00,1.235610751161474e-05
2024-08-03 02:00:47+00:00,7.907174292194942e-06
2024-08-03 03:00:24+00:00,1.6491969949165506e-05
2024-08-03 04:00:03+00:00,1.860635456583684e-05
2024-08-03 05:00:08+00:00,1.706752182433636e-05
2024-08-03 06:00:17+00:00,1.6649794874527147e-05
2024-08-03 07:00:50+00:00,1.802907973075632e-05
2024-08-03 08:00:50+00:00,1.794096446968232e-05
2024-08-03 09:00:33+00:00,1.7288114641920588e-05
2024-08-03 10:00:48+00:00,1.6592186186451927e-05
2024-08-03 11:00:17+00:00,1.6243375928256206e-05
2024-08-03 12:00:05+00:00,1.8092367697899125e-05
2024-08-03 13:00:20+00:00,1.8050445733691806e-05
2024-08-03 14:00:03+00:00,1.8035292974100224e-05
2024-08-03 15:00:06+00:00,1.8718179095537587e-05
2024-08-03 16:00:51+00:00,7.378696015504151e-07
2024-08-03 17:00:38+00:00,0.0
2024-08-03 18:00:52+00:00,-1.8767125806866872e-05
2024-08-03 19:00:39+00:00,-1.0052070280956757e-05
2024-08-03 20:00:51+00:00,-5.450075254040815e-06
2024-08-03 21:00:27+00:00,1.951603974516556e-06
2024-08-03 22:00:54+00:00,1.3232408186150829e-05
2024-08-03 23:00:17+00:00,4.2582864580912095e-06
2024-08-04 00:00:33+00:00,-1.9273000194583176e-06
2024-08-04 01:00:00+00:00,2.3121387283236993e-06
2024-08-04 02:00:54+00:00,4.632718108368542e-06
2024-08-04 03:00:27+00:00,1.1144733928703224e-05
2024-08-04 04:00:04+00:00,1.2668374209954117e-05
2024-08-04 05:00:59+00:00,9.229264150769259e-06
2024-08-04 06:00:49+00:00,1.2327753629889946e-05
2024-08-04 07:00:38+00:00,1.4259276394929212e-05
2024-08-04 08:00:58+00:00,1.1222593831289482e-05
2024-08-04 09:00:24+00:00,1.5501559494238275e-06
2024-08-04 10:00:34+00:00,-7.753096568087134e-07
2024-08-04 11:00:19+00:00,5.053429980570916e-06
2024-08-04 12:00:25+00:00,1.0473397570171764e-05
2024-08-04 13:01:01+00:00,2.7062466869402673e-06
2024-08-04 14:00:21+00:00,-1.163645842060677e-06
2024-08-04 15:00:50+00:00,-1.4976773229136115e-05
2024-08-04 16:00:31+00:00,-3.5943295856456857e-06
2024-08-04 17:00:42+00:00,-1.2127444892890409e-05
2024-08-04 18:01:17+00:00,-9.830425165888425e-06
2024-08-04 19:01:05+00:00,-6.959872598942257e-06
2024-08-04 20:00:18+00:00,-4.4235821356822744e-06
2024-08-04 21:00:21+00:00,-1.4360250825714423e-05
2024-08-04 22:00:16+00:00,-1.632559428795366e-05
2024-08-04 23:00:18+00:00,-1.5861228531170265e-05
2024-08-05 00:00:18+00:00,-2.2726185349983255e-05
2024-08-05 01:01:28+00:00,-6.347098399554726e-05
2024-08-05 02:00:26+00:00,-8.093109295514105e-05
2024-08-05 03:01:00+00:00,-2.8393720578524716e-05
2024-08-05 04:01:01+00:00,-3.1485520547649386e-05
2024-08-05 05:01:20+00:00,-1.8518518518518518e-05
2024-08-05 06:01:13+00:00,-4.919914721478161e-05
2024-08-05 07:00:50+00:00,-0.00010946954187707566
2024-08-05 08:00:01+00:00,-9.452911337819588e-06
2024-08-05 09:00:23+00:00,-2.325157497806993e-05
2024-08-05 10:00:03+00:00,-3.109962675854149e-05
2024-08-05 11:00:21+00:00,-4.1535195242396165e-05
2024-08-05 12:00:27+00:00,-2.645959160195571e-05
2024-08-05 13:00:46+00:00,-1.0937052249498521e-05
2024-08-05 14:00:22+00:00,2.786773678775932e-05
2024-08-05 15:00:18+00:00,7.293293892157189e-05
2024-08-05 16:00:19+00:00,5.0588298501047655e-05
2024-08-05 17:00:19+00:00,2.3162620900908463e-05
2024-08-05 18:00:19+00:00,1.6061787329845113e-05
2024-08-05 19:00:19+00:00,-5.259725231953883e-06
2024-08-05 20:00:31+00:00,3.538675706406809e-06
2024-08-05 21:00:05+00:00,-6.1761745855183e-06
2024-08-05 22:00:07+00:00,-3.778061305186794e-05
2024-08-05 23:01:16+00:00,-4.4922999612642506e-05
2024-08-06 00:01:36+00:00,-4.9858297470347436e-05
2024-08-06 01:00:08+00:00,3.172953223897494e-05
2024-08-06 02:00:42+00:00,4.179288963637654e-05
2024-08-06 03:01:26+00:00,4.0072896628530935e-05
2024-08-06 04:00:44+00:00,3.7561538929070684e-05
2024-08-06 05:01:31+00:00,3.979472587775011e-05
2024-08-06 06:00:53+00:00,4.0027912339074244e-05
2024-08-06 07:01:03+00:00,2.6419082125603863e-05
2024-08-06 08:00:22+00:00,2.2242369295859777e-05
2024-08-06 09:00:46+00:00,8.061146496815287e-06
2024-08-06 10:00:22+00:00,1.2424404492533015e-05
2024-08-06 11:01:25+00:00,1.466172420219926e-05
2024-08-06 12:00:34+00:00,2.0348142374642765e-05
2024-08-06 13:00:34+00:00,2.389569752281617e-05
2024-08-06 14:00:14+00:00,1.0483389070018556e-05
2024-08-06 15:00:58+00:00,5.052674854822961e-05
2024-08-06 16:00:32+00:00,5.5260831122900086e-05
2024-08-06 17:00:46+00:00,5.9786396621704724e-05
2024-08-06 18:00:08+00:00,5.634206806121822e-05
2024-08-06 19:01:33+00:00,4.5088369528593745e-05
2024-08-06 20:00:57+00:00,3.2751738149445124e-05
2024-08-06 21:00:54+00:00,4.5490131443405165e-05
2024-08-06 22:01:08+00:00,5.9268574255792857e-05
2024-08-06 23:01:49+00:00,1.544974198930878e-05
2024-08-07 00:00:04+00:00,4.827678968660438e-05
2024-08-07 01:00:02+00:00,2.203899605890894e-05
2024-08-07 02:01:56+00:00,3.481534970084588e-05
2024-08-07 03:00:01+00:00,1.5342757195753123e-05
2024-08-07 04:00:46+00:00,3.8216560509554137e-05
2024-08-07 05:01:54+00:00,2.3167155425219943e-05
2024-08-07 06:00:40+00:00,1.9746263538998367e-05
2024-08-07 07:00:03+00:00,1.3065082529626668e-05
2024-08-07 08:00:48+00:00,3.712480252764613e-05
2024-08-07 09:00:01+00:00,5.3356056633455685e-05
2024-08-07 10:01:17+00:00,3.621812804731836e-05
2024-08-07 11:00:02+00:00,5.206422245802632e-05
2024-08-07 12:01:23+00:00,4.4103547459252154e-05
2024-08-07 13:00:03+00:00,4.368098404520857e-05
2024-08-07 14:02:09+00:00,3.694110145851598e-05
2024-08-07 15:00:08+00:00,-1.6458362873984645e-05
2024-08-07 16:00:05+00:00,1.0189525168127164e-05
2024-08-07 17:00:09+00:00,2.8147389969293758e-05
2024-08-07 18:00:36+00:00,8.553327377835279e-06
2024-08-07 19:00:13+00:00,-1.7653564304244915e-05
2024-08-07 20:00:06+00:00,-1.904593676291809e-05
2024-08-07 21:00:04+00:00,1.687557766400465e-05
2024-08-07 22:00:35+00:00,2.1168027048610752e-05
2024-08-07 23:00:57+00:00,1.2153429226599957e-05
2024-08-08 00:00:18+00:00,-8.66026711185309e-07
2024-08-08 01:00:55+00:00,-1.4866766058417152e-05
2024-08-08 02:00:35+00:00,3.754492444407619e-05
2024-08-08 03:00:00+00:00,5.0581689428426914e-05
2024-08-08 04:00:25+00:00,1.5917866623763173e-05
2024-08-08 05:00:24+00:00,1.799294748791931e-05
2024-08-08 06:00:44+00:00,4.2271914491792746e-05
2024-08-08 07:00:20+00:00,4.8051270735963736e-05
2024-08-08 08:00:59+00:00,4.769507284794811e-05
2024-08-08 09:00:29+00:00,3.1366684064720766e-05
2024-08-08 10:00:09+00:00,4.0894613489313114e-05
2024-08-08 11:01:01+00:00,5.250157504725141e-05
2024-08-08 12:01:01+00:00,5.7824997254036566e-05
2024-08-08 13:00:41+00:00,4.26468688193844e-05
2024-08-08 14:01:06+00:00,7.4465338866935405e-06
2024-08-08 15:01:28+00:00,2.3003806030487685e-05
2024-08-08 16:01:14+00:00,2.4415016211570768e-05
2024-08-08 17:00:36+00:00,2.7362727580045393e-05
2024-08-08 18:00:28+00:00,9.270010837590958e-06
2024-08-08 19:00:28+00:00,1.2142288189924815e-06
2024-08-08 20:01:06+00:00,-8.92039810685001e-06
2024-08-08 21:01:10+00:00,-1.1360204210875008e-05
2024-08-08 22:01:35+00:00,2.504581551618815e-05
2024-08-08 23:01:23+00:00,2.7843822509954454e-05
2024-08-09 00:00:50+00:00,3.6485010545344986e-05
2024-08-09 01:01:15+00:00,2.495086569957885e-05
2024-08-09 02:00:56+00:00,6.256223345294681e-06
2024-08-09 03:00:19+00:00,-1.5658456981690926e-06
2024-08-09 04:00:19+00:00,1.2974390911321216e-05
2024-08-09 05:00:56+00:00,2.75902609223301e-06
2024-08-09 06:01:11+00:00,1.2700076219512195e-05
2024-08-09 07:00:06+00:00,9.930458174741722e-06
2024-08-09 08:00:27+00:00,1.2291726173474246e-05
2024-08-09 09:01:00+00:00,1.7416338863234707e-05
2024-08-09 10:00:55+00:00,2.020326865118225e-05
2024-08-09 11:00:53+00:00,9.148641550876188e-06
2024-08-09 12:00:17+00:00,1.2347922564848113e-05
2024-08-09 13:01:40+00:00,1.5915170225209245e-06
2024-08-09 14:00:07+00:00,1.1237796004125022e-05
2024-08-09 15:00:17+00:00,7.250439860018174e-06
2024-08-09 16:00:51+00:00,3.2375989266338693e-06
2024-08-09 17:00:33+00:00,-1.2178843886707522e-06
2024-08-09 18:00:54+00:00,8.091542249895577e-06
2024-08-09 19:00:04+00:00,3.234862688336037e-06
2024-08-09 20:00:48+00:00,6.054734802615646e-06
2024-08-09 21:01:03+00:00,1.246499951723472e-05
2024-08-09 22:01:17+00:00,1.6496836818467184e-05
2024-08-09 23:00:00+00:00,1.5259302101407364e-05
2024-08-10 00:00:19+00:00,1.2858231486751101e-05
2024-08-10 01:00:42+00:00,1.6444739705188565e-05
2024-08-10 02:00:41+00:00,2.566595746729179e-05
2024-08-10 03:00:54+00:00,1.9608031511192238e-05
2024-08-10 04:00:00+00:00,9.211007057285156e-06
2024-08-10 05:01:03+00:00,2.129793965583764e-05
2024-08-10 06:00:53+00:00,1.9310611180843873e-05
2024-08-10 07:00:44+00:00,7.220286115871152e-06
2024-08-10 08:00:11+00:00,5.994858809085329e-06
2024-08-10 09:00:22+00:00,6.785508913168488e-06
2024-08-10 10:00:02+00:00,1.2351112174121023e-05
2024-08-10 11:00:03+00:00,3.988969532162622e-05
2024-08-10 12:00:02+00:00,5.503709021296961e-05
2024-08-10 13:00:04+00:00,6.066033850250477e-05
2024-08-10 14:00:02+00:00,6.325975610927996e-05
2024-08-10 15:00:02+00:00,5.8084304449828854e-05
2024-08-10 16:00:02+00:00,4.671553830674141e-05
2024-08-10 17:00:05+00:00,4.776324713659334e-05
2024-08-10 18:00:07+00:00,2.9342343199771582e-05
2024-08-10 19:00:09+00:00,2.6095538137442827e-05
2024-08-10 20:00:11+00:00,2.133166472311499e-05
2024-08-10 21:00:11+00:00,2.216163842237252e-05
2024-08-10 22:00:08+00:00,2.1357785624786423e-05
2024-08-10 23:00:09+00:00,2.056999591639047e-05
2024-08-11 00:00:10+00:00,2.3766969616306044e-05
2024-08-11 01:00:11+00:00,1.2617848623679527e-05
2024-08-11 02:00:00+00:00,1.015633059184305e-05
2024-08-11 03:00:13+00:00,9.645497841113357e-06
2024-08-11 04:00:01+00:00,1.486516155000183e-05
2024-08-11 05:00:14+00:00,1.6030191721092985e-05
2024-08-11 06:00:13+00:00,1.68242312987609e-05
2024-08-11 07:00:14+00:00,1.6802331976680235e-05
2024-08-11 08:00:13+00:00,2.015481232656638e-05
2024-08-11 09:00:02+00:00,2.5849247698385904e-05
2024-08-11 10:00:15+00:00,2.6675936768149882e-05
2024-08-11 11:00:05+00:00,3.3204180520824745e-05
2024-08-11 12:00:15+00:00,3.07205928438439e-05
2024-08-11 13:00:08+00:00,1.473106272101247e-05
2024-08-11 14:00:17+00:00,2.1884937572113353e-05
2024-08-11 15:00:16+00:00,2.825790043799746e-05
2024-08-11 16:00:18+00:00,2.6886720826057243e-05
2024-08-11 17:00:18+00:00,3.642982055961071e-05
2024-08-11 18:00:18+00:00,4.0736310473152576e-05
2024-08-11 19:00:18+00:00,3.36667363897393e-05
2024-08-11 20:00:22+00:00,2.560654666999635e-05
2024-08-11 21:00:19+00:00,-1.0124686338967884e-05
2024-08-11 22:00:23+00:00,-4.325679805657863e-05
2024-08-11 23:00:21+00:00,-4.640389524626196e-05
2024-08-12 00:00:22+00:00,-5.1163205276762634e-05
2024-08-12 01:00:01+00:00,2.142539195805925e-05
2024-08-12 02:00:24+00:00,7.309140367822436e-05
2024-08-12 03:00:24+00:00,0.00011519767007103922
2024-08-12 04:00:23+00:00,7.943511930500414e-05
2024-08-12 05:00:24+00:00,0.00010967919376068208
2024-08-12 06:00:23+00:00,0.00011742409364075573
2024-08-12 07:00:27+00:00,6.929367883398451e-05
2024-08-12 08:00:10+00:00,5.834998237160653e-05
2024-08-12 09:00:41+00:00,4.3693562481794354e-05
2024-08-12 10:00:13+00:00,7.914631309606885e-05
2024-08-12 11:00:37+00:00,9.221782768940597e-05
2024-08-12 12:00:28+00:00,9.425461429247516e-05
2024-08-12 13:00:17+00:00,4.687573863797521e-05
2024-08-12 14:00:38+00:00,6.619542777772493e-05
2024-08-12 15:00:34+00:00,3.400495411276775e-05
2024-08-12 16:00:38+00:00,6.467544684854187e-05
2024-08-12 17:00:12+00:00,7.56821033313983e-05
2024-08-12 18:00:43+00:00,6.214530275315417e-05
2024-08-12 19:00:42+00:00,5.115162058923641e-06
2024-08-12 20:00:46+00:00,3.5158583416299244e-05
2024-08-12 21:00:31+00:00,3.000236910684672e-05
2024-08-12 22:00:19+00:00,4.378822593777811e-05
2024-08-12 23:00:44+00:00,5.139988887528605e-05
2024-08-13 00:00:46+00:00,4.73939393939394e-05
2024-08-13 01:00:46+00:00,1.855907353104933e-05
2024-08-13 02:00:46+00:00,9.276007606326238e-06
2024-08-13 03:00:01+00:00,1.5156319952245931e-05
2024-08-13 04:00:44+00:00,5.9013483400687394e-06
2024-08-13 05:00:43+00:00,4.006550634116617e-05
2024-08-13 06:00:08+00:00,2.4202766030403474e-05
2024-08-13 07:00:52+00:00,3.2940548882136085e-05
2024-08-13 08:00:52+00:00,4.122779474590624e-05
2024-08-13 09:00:10+00:00,9.550277435559503e-06
2024-08-13 10:00:24+00:00,1.9954209734742166e-05
2024-08-13 11:00:28+00:00,4.04075322405631e-05
2024-08-13 12:00:32+00:00,1.601261017079477e-05
2024-08-13 13:00:35+00:00,3.8737693760365045e-05
2024-08-13 14:00:00+00:00,2.667928460134018e-05
2024-08-13 15:00:03+00:00,3.732082952119549e-05
2024-08-13 16:00:57+00:00,4.121642188570124e-05
2024-08-13 17:00:52+00:00,4.597798715445774e-05
2024-08-13 18:00:43+00:00,4.3770285735727284e-05
2024-08-13 19:00:06+00:00,5.636554937622125e-05
2024-08-13 20:00:41+00:00,3.149896515551019e-05
2024-08-13 21:00:24+00:00,1.3405028779157832e-05
2024-08-13 22:00:21+00:00,1.4944395143779618e-05
2024-08-13 23:00:38+00:00,3.410512847049084e-05
2024-08-14 00:00:39+00:00,2.1927928266631576e-05
2024-08-14 01:00:31+00:00,4.6209956384418706e-05
2024-08-14 02:00:35+00:00,5.7393289806393175e-05
2024-08-14 03:00:42+00:00,3.4641115772763354e-05
2024-08-14 04:00:39+00:00,1.2179934713285657e-05
2024-08-14 05:00:15+00:00,2.7509953017981473e-05
2024-08-14 06:00:35+00:00,5.741387446908919e-05
2024-08-14 07:00:38+00:00,6.493874505284834e-05
2024-08-14 08:00:39+00:00,6.740584467801293e-05
2024-08-14 09:00:39+00:00,6.310229273556865e-05
2024-08-14 10:00:39+00:00,1.3397292157474952e-05
2024-08-14 11:00:38+00:00,1.0998547361669213e-05
2024-08-14 12:00:45+00:00,3.541009612660762e-05
2024-08-14 13:00:00+00:00,2.2400799826452752e-05
2024-08-14 14:01:38+00:00,1.58048576134665e-06
2024-08-14 15:00:43+00:00,3.1404303839055356e-05
2024-08-14 16:00:45+00:00,1.2913413287350086e-05
2024-08-14 17:00:05+00:00,2.020819387448218e-05
2024-08-14 18:00:47+00:00,5.42613056535557e-05
2024-08-14 19:00:29+00:00,3.484933958410333e-05
2024-08-14 20:00:49+00:00,2.1099389228206553e-05
2024-08-14 21:00:24+00:00,3.321018860587206e-05
2024-08-14 22:00:25+00:00,5.7992738740667925e-05
2024-08-14 23:00:25+00:00,5.401005926388022e-05
2024-08-15 00:00:04+00:00,3.246512896438868e-05
2024-08-15 01:00:03+00:00,1.0955622425428731e-05
2024-08-15 02:00:35+00:00,3.451637115090312e-05
2024-08-15 03:00:37+00:00,1.2996636279432555e-05
2024-08-15 04:00:27+00:00,3.449249951295539e-05
2024-08-15 05:00:36+00:00,2.9632733402843417e-05
2024-08-15 06:00:39+00:00,4.62962962962963e-05
2024-08-15 07:00:37+00:00,4.55566186952022e-05
2024-08-15 08:00:38+00:00,3.865649630331383e-05
2024-08-15 09:00:38+00:00,4.176643500944149e-05
2024-08-15 10:00:14+00:00,2.024157734653619e-05
2024-08-15 11:00:09+00:00,1.6652529566039758e-05
2024-08-15 12:00:38+00:00,1.824995133346311e-05
2024-08-15 13:00:15+00:00,3.114865520924362e-05
2024-08-15 14:00:11+00:00,3.5824356311289306e-05
2024-08-15 15:00:01+00:00,8.159973888083559e-05
2024-08-15 16:00:01+00:00,9.579186343911948e-05
2024-08-15 17:00:10+00:00,9.025554511818721e-05
2024-08-15 18:00:05+00:00,8.324004014823965e-05
2024-08-15 19:00:10+00:00,6.359716508896268e-05
2024-08-15 20:00:11+00:00,-1.1686528419512292e-05
2024-08-15 21:00:12+00:00,-2.644569816643159e-05
2024-08-15 22:00:55+00:00,-3.2368729063244135e-05
2024-08-15 23:00:20+00:00,-1.3814374987441477e-05
2024-08-16 00:00:07+00:00,1.5389685614988215e-05
2024-08-16 01:00:14+00:00,6.273309267864622e-05
2024-08-16 02:00:22+00:00,0.00012867408229144805
2024-08-16 03:00:00+00:00,0.00017410163556050778
2024-08-16 04:00:08+00:00,0.0002566770001192322
2024-08-16 05:00:18+00:00,6.936324540716225e-05
2024-08-16 06:00:08+00:00,7.659465122254947e-05
2024-08-16 07:00:24+00:00,5.827365766688665e-05
2024-08-16 08:00:06+00:00,-1.4754775629045267e-05
2024-08-16 09:00:08+00:00,-2.9520585688420057e-05
2024-08-16 10:00:01+00:00,1.927089484665958e-05
2024-08-16 11:00:17+00:00,3.613994617454825e-05
2024-08-16 12:00:03+00:00,3.661426652974168e-05
2024-08-16 13:00:06+00:00,5.1916980680662717e-05
2024-08-16 14:00:02+00:00,7.350449498674427e-05
2024-08-16 15:00:01+00:00,1.2950145450897782e-05
2024-08-16 16:00:09+00:00,1.6831853221390396e-05
2024-08-16 17:00:05+00:00,1.4691804633259104e-05
2024-08-16 18:00:24+00:00,1.1709884106292807e-05
2024-08-16 19:00:06+00:00,2.8558656998112645e-05
2024-08-16 20:00:05+00:00,6.556095436957576e-05
2024-08-16 21:00:39+00:00,9.88513473438643e-05
2024-08-16 22:00:27+00:00,3.424610051993068e-05
2024-08-16 23:00:19+00:00,4.542794512939029e-06
2024-08-17 00:00:07+00:00,9.529114528418246e-06
2024-08-17 01:00:16+00:00,2.6114725720766428e-05
2024-08-17 02:00:25+00:00,3.838039677901806e-05
2024-08-17 03:00:38+00:00,3.378866259804746e-05
2024-08-17 04:00:28+00:00,3.7984342483401056e-05
2024-08-17 05:00:06+00:00,4.088935588112845e-05
2024-08-17 06:00:08+00:00,2.6417225695855093e-05
2024-08-17 07:00:24+00:00,2.7647624047786507e-05
2024-08-17 08:00:29+00:00,1.3602010129787908e-05
2024-08-17 09:00:27+00:00,1.1941714940983412e-05
2024-08-17 10:00:26+00:00,1.4814961135418621e-05
2024-08-17 11:00:27+00:00,2.05862586970272e-05
2024-08-17 12:00:03+00:00,3.0072288203474977e-05
2024-08-17 13:00:02+00:00,4.443873872984209e-05
2024-08-17 14:00:06+00:00,6.724665636594463e-05
2024-08-17 15:00:11+00:00,5.474066084910285e-05
2024-08-17 16:00:10+00:00,4.0333225778064594e-05
2024-08-17 17:00:13+00:00,4.38288920056101e-05
2024-08-17 18:00:23+00:00,6.0174280535442536e-05
2024-08-17 19:00:37+00:00,5.379925044177331e-05
2024-08-17 20:00:28+00:00,6.803845144484512e-05
2024-08-17 21:00:14+00:00,7.409602845287492e-05
2024-08-17 22:00:39+00:00,4.047598198040418e-06
2024-08-17 23:00:19+00:00,3.890747801727492e-05
2024-08-18 00:00:11+00:00,6.688003424257753e-05
2024-08-18 01:00:15+00:00,4.65520759446933e-05
2024-08-18 02:00:16+00:00,5.027884025810972e-05
2024-08-18 03:00:29+00:00,3.128840339412855e-05
2024-08-18 04:00:08+00:00,3.455409506523415e-05
2024-08-18 05:00:15+00:00,3.9500694023577246e-05
2024-08-18 06:00:08+00:00,4.477378637931203e-05
2024-08-18 07:00:59+00:00,4.1060869225815264e-05
2024-08-18 08:00:05+00:00,5.126152163724418e-05
2024-08-18 09:00:00+00:00,5.127353699507774e-05
2024-08-18 10:00:09+00:00,7.113378928163751e-05
2024-08-18 11:00:09+00:00,4.2522792216628104e-05
2024-08-18 12:00:03+00:00,-2.6665373800058177e-05
2024-08-18 13:00:15+00:00,2.975868725868726e-05
2024-08-18 14:01:04+00:00,6.219482833341359e-05
2024-08-18 15:00:25+00:00,1.2884081924589942e-05
2024-08-18 16:00:14+00:00,2.1777635819855396e-05
2024-08-18 17:00:16+00:00,2.617487289528118e-05
2024-08-18 18:00:02+00:00,2.9551528108449545e-05
2024-08-18 19:00:29+00:00,2.5190661023230413e-05
2024-08-18 20:00:11+00:00,2.030907229561741e-05
2024-08-18 21:00:11+00:00,2.804412926636558e-05
2024-08-18 22:00:13+00:00,7.350851228572269e-06
2024-08-18 23:00:10+00:00,3.688258551842162e-06
2024-08-19 00:00:12+00:00,6.18456727819668e-06
2024-08-19 01:00:05+00:00,1.494783206608935e-05
2024-08-19 02:00:03+00:00,1.4537840263236614e-05
2024-08-19 03:00:03+00:00,3.361888634326128e-05
2024-08-19 04:00:04+00:00,3.1093289819310676e-05
2024-08-19 05:00:03+00:00,3.5670907751428627e-05
2024-08-19 06:00:19+00:00,5.107939482129687e-05
2024-08-19 07:00:00+00:00,4.862406367508154e-05
2024-08-19 08:00:11+00:00,2.0395722993904265e-05
2024-08-19 09:00:18+00:00,2.702945491930091e-05
2024-08-19 10:00:22+00:00,4.076884672990514e-05
2024-08-19 11:00:21+00:00,7.021626609958672e-05
2024-08-19 12:00:06+00:00,9.643755660662171e-05
2024-08-19 13:00:14+00:00,4.464071136745975e-05
2024-08-19 14:00:11+00:00,7.399499116969158e-05
2024-08-19 15:00:21+00:00,4.33603522465726e-05
2024-08-19 16:00:23+00:00,3.1214103780652254e-05
2024-08-19 17:00:23+00:00,1.3337068646382584e-05
2024-08-19 18:00:09+00:00,0.00012507952286282305
2024-08-19 19:00:08+00:00,8.890962145423506e-05
2024-08-19 20:00:25+00:00,5.62510548313759e-05
2024-08-19 21:00:10+00:00,5.99704168445296e-05
2024-08-19 22:00:25+00:00,5.9592979946962255e-05
2024-08-19 23:00:06+00:00,5.914821800853768e-05
2024-08-20 00:00:05+00:00,8.58419264410171e-05
2024-08-20 01:00:01+00:00,4.332640006279188e-05
2024-08-20 02:00:08+00:00,4.873294346978558e-06
2024-08-20 03:00:08+00:00,3.672168623348445e-05
2024-08-20 04:00:08+00:00,0.00014015646624634785
2024-08-20 05:00:08+00:00,8.146366241458295e-05
2024-08-20 06:00:10+00:00,8.620985582424288e-05
2024-08-20 07:00:09+00:00,8.089613887487746e-05
2024-08-20 08:00:01+00:00,4.8670465337132e-05
2024-08-20 09:00:03+00:00,4.397934634805017e-05
2024-08-20 10:00:04+00:00,2.8503292130241043e-05
2024-08-20 11:00:09+00:00,2.372321648858439e-05
2024-08-20 12:00:13+00:00,3.485320961362945e-05
2024-08-20 13:00:14+00:00,2.8506813128337674e-05
2024-08-20 14:00:11+00:00,5.1242694936745066e-05
2024-08-20 15:00:15+00:00,3.129664403678559e-05
2024-08-20 16:00:08+00:00,5.8750303914417705e-05
2024-08-20 17:00:18+00:00,6.846957232043877e-05
2024-08-20 18:00:17+00:00,5.097037892835992e-05
2024-08-20 19:00:06+00:00,3.9419187286998325e-05
2024-08-20 20:00:20+00:00,-1.5237123523693102e-05
2024-08-20 21:00:23+00:00,1.5196897260142465e-05
2024-08-20 22:00:22+00:00,2.7706303545443157e-05
2024-08-20 23:00:23+00:00,5.6667470460573905e-05
2024-08-21 00:00:22+00:00,2.3359470931188178e-05
2024-08-21 01:00:24+00:00,3.8308539571618003e-05
2024-08-21 02:00:05+00:00,4.1202132816286956e-05
2024-08-21 03:00:23+00:00,3.3786066626123385e-05
2024-08-21 04:00:24+00:00,3.7325653078523544e-05
2024-08-21 05:00:18+00:00,4.258355672986056e-05
2024-08-21 06:00:27+00:00,3.53124759189335e-05
2024-08-21 07:00:24+00:00,2.7588258437209124e-05
2024-08-21 08:00:06+00:00,2.631956740201943e-05
2024-08-21 09:00:25+00:00,4.2307766004330414e-05
2024-08-21 10:00:26+00:00,6.404585144439743e-06
2024-08-21 11:00:26+00:00,6.4005843176073725e-06
2024-08-21 12:00:14+00:00,7.211954535838606e-06
2024-08-21 13:00:02+00:00,3.969781541718795e-05
2024-08-21 14:00:22+00:00,7.079073628930271e-05
2024-08-21 15:00:09+00:00,6.0939935721021534e-05
2024-08-21 16:00:13+00:00,5.169213606331926e-05
2024-08-21 17:00:19+00:00,2.9606653094149732e-05
2024-08-21 18:00:30+00:00,6.530569334136154e-05
2024-08-21 19:01:12+00:00,7.5181538227578606e-06
2024-08-21 20:00:02+00:00,2.751642948323956e-06
2024-08-21 21:01:01+00:00,1.1320507173715431e-05
2024-08-21 22:00:21+00:00,1.1310120123212897e-05
2024-08-21 23:00:27+00:00,1.1712015591035155e-05
2024-08-22 00:00:33+00:00,0.0001018043416972089
2024-08-22 01:00:18+00:00,0.0002296506706296206
2024-08-22 02:00:22+00:00,0.00025478169106977973
2024-08-22 03:00:40+00:00,4.774578518658837e-05
2024-08-22 04:00:52+00:00,-4.4321171765912784e-05
2024-08-22 05:00:46+00:00,1.1858794956691682e-05
2024-08-22 06:00:11+00:00,1.8205659337526843e-05
2024-08-22 07:00:06+00:00,0.00016490452146843322
2024-08-22 08:00:09+00:00,0.00016725048756934845
2024-08-22 09:00:23+00:00,0.00018883066610017469
2024-08-22 10:00:54+00:00,0.00016421358326183092
2024-08-22 11:00:22+00:00,0.00018461031936409388
2024-08-22 12:00:02+00:00,0.00016663693801105908
2024-08-22 13:00:29+00:00,0.0002440140480382649
2024-08-22 14:00:18+00:00,0.00019156368305278361
2024-08-22 15:00:06+00:00,9.065281758757366e-05
2024-08-22 16:00:03+00:00,7.935379950729581e-05
2024-08-22 17:00:14+00:00,7.844194671510749e-05
2024-08-22 18:00:10+00:00,6.665025889569391e-05
2024-08-22 19:00:35+00:00,6.949130055721921e-05
2024-08-22 20:00:16+00:00,0.00013738252929047215
2024-08-22 21:00:16+00:00,0.00015138343304450387
2024-08-22 22:00:17+00:00,8.030229665707748e-05
2024-08-22 23:00:33+00:00,6.64048418616123e-05
2024-08-23 00:00:44+00:00,2.5694062280585235e-05
2024-08-23 01:00:11+00:00,2.4021099998109317e-05
2024-08-23 02:00:11+00:00,3.888171475431469e-05
2024-08-23 03:00:12+00:00,5.1789564873492215e-05
2024-08-23 04:00:08+00:00,6.2786097767731e-05
2024-08-23 05:00:27+00:00,6.825649378159804e-05
2024-08-23 06:00:02+00:00,6.131076242431058e-05
2024-08-23 07:00:24+00:00,4.714210900385291e-05
2024-08-23 08:00:08+00:00,2.991058525169459e-05
2024-08-23 09:00:08+00:00,1.5124580002047636e-05
2024-08-23 10:00:17+00:00,5.67248244542462e-05
2024-08-23 11:00:01+00:00,6.731730095727294e-05
2024-08-23 12:00:02+00:00,7.264035992126722e-05
2024-08-23 13:00:02+00:00,7.165356538644883e-05
2024-08-23 14:00:04+00:00,0.00012031680888401935
2024-08-23 15:00:08+00:00,0.0001302491562621028
2024-08-23 16:00:09+00:00,0.00012346335914278374
2024-08-23 17:00:10+00:00,0.0001330694690869387
2024-08-23 18:00:11+00:00,0.00012895453971233147
2024-08-23 19:00:05+00:00,0.00013348801927624826
2024-08-23 20:00:06+00:00,0.00010574986022488264
2024-08-23 21:00:02+00:00,8.74450977614055e-05
2024-08-23 22:00:23+00:00,5.1361751212940376e-05
2024-08-23 23:00:00+00:00,2.1183505624676677e-05
2024-08-24 00:00:00+00:00,6.015918015178461e-05
2024-08-24 01:00:04+00:00,9.451348679565033e-05
2024-08-24 02:00:03+00:00,8.536736793557313e-05
2024-08-24 03:00:07+00:00,0.00020315422735614044
2024-08-24 04:00:07+00:00,0.00012218048443397064
2024-08-24 05:00:04+00:00,0.0001049490022172949
2024-08-24 06:00:14+00:00,0.0001534454452677819
2024-08-24 07:00:08+00:00,0.00015201952951620062
2024-08-24 08:00:10+00:00,0.0001343536810687891
2024-08-24 09:00:13+00:00,5.334281650071124e-05
2024-08-24 10:00:21+00:00,3.328333436881485e-05
2024-08-24 11:00:04+00:00,0.0001607500728354625
2024-08-24 12:00:27+00:00,0.0001802076699922168
2024-08-24 13:00:19+00:00,0.00011463159202655448
2024-08-24 14:00:14+00:00,9.153820837373136e-05
2024-08-24 15:00:31+00:00,8.076864935041838e-05
2024-08-24 16:00:10+00:00,0.00012267171905854727
2024-08-24 17:00:17+00:00,0.00014003440215233978
2024-08-24 18:00:02+00:00,8.520647737745206e-05
2024-08-24 19:00:03+00:00,0.00011231110994038055
2024-08-24 20:00:25+00:00,0.00011984193593509582
2024-08-24 21:00:06+00:00,8.10556161395856e-05
2024-08-24 22:00:09+00:00,7.728111779408777e-06
2024-08-24 23:00:30+00:00,4.077635327635328e-06
2024-08-25 00:00:36+00:00,8.528518904290076e-06
2024-08-25 01:00:09+00:00,1.929707336629694e-05
2024-08-25 02:00:17+00:00,3.7732127005191754e-05
2024-08-25 03:00:12+00:00,3.4736851541419776e-05
2024-08-25 04:00:02+00:00,6.669304651246447e-05
2024-08-25 05:00:18+00:00,7.578431725678061e-05
2024-08-25 06:00:03+00:00,7.391464875233009e-05
2024-08-25 07:00:06+00:00,0.00011518759768359999
2024-08-25 08:00:08+00:00,7.796511150261528e-05
2024-08-25 09:00:07+00:00,-1.2200814608027092e-05
2024-08-25 10:00:13+00:00,4.2389192359863624e-05
2024-08-25 11:00:15+00:00,5.96505396079583e-05
2024-08-25 12:00:14+00:00,5.076825815673016e-05
2024-08-25 13:00:15+00:00,4.351091895060824e-05
2024-08-25 14:00:08+00:00,3.798045365035373e-05
2024-08-25 15:00:23+00:00,6.810133478616181e-06
2024-08-25 16:00:03+00:00,4.4165609711904325e-05
2024-08-25 17:00:00+00:00,5.7419261247211994e-05
2024-08-25 18:00:01+00:00,9.451435419730893e-06
2024-08-25 19:00:26+00:00,-1.6265404909591232e-05
2024-08-25 20:01:01+00:00,-2.1966831539132963e-05
2024-08-25 21:00:36+00:00,-2.3501687790586587e-05
2024-08-25 22:00:26+00:00,9.815739624591011e-06
2024-08-25 23:00:01+00:00,1.1683680857225601e-05
2024-08-26 00:01:00+00:00,2.9056655042796973e-05
2024-08-26 01:01:00+00:00,2.043763795405619e-05
2024-08-26 02:00:04+00:00,1.2159191454815787e-05
2024-08-26 03:00:01+00:00,7.095640072512865e-05
2024-08-26 04:00:13+00:00,0.00010019384097725112
2024-08-26 05:00:05+00:00,6.156512221816855e-05
2024-08-26 06:00:26+00:00,8.361936756006718e-06
2024-08-26 07:00:48+00:00,-4.199908298945438e-06
2024-08-26 08:00:10+00:00,1.9496128298286177e-05
2024-08-26 09:00:11+00:00,2.896932874606544e-05
2024-08-26 10:00:09+00:00,5.6438326071833926e-05
2024-08-26 11:00:18+00:00,6.021826032071278e-05
2024-08-26 12:00:26+00:00,3.2442485821873255e-05
2024-08-26 13:00:08+00:00,5.3042812468289625e-05
2024-08-26 14:00:14+00:00,6.91560880168393e-05
2024-08-26 15:01:08+00:00,-7.361289482010908e-06
2024-08-26 16:00:24+00:00,1.3992537313432836e-05
2024-08-26 17:00:53+00:00,1.165675065744074e-05
2024-08-26 18:00:32+00:00,7.026485164747656e-06
2024-08-26 19:00:08+00:00,-1.8070187020776942e-05
2024-08-26 20:00:29+00:00,-1.570437925129845e-06
2024-08-26 21:00:34+00:00,7.890499194847021e-06
2024-08-26 22:00:39+00:00,9.498119372364271e-06
2024-08-26 23:00:42+00:00,1.1461209309386235e-05
2024-08-27 00:00:00+00:00,1.9354226921435684e-05
2024-08-27 01:00:04+00:00,4.215483248702165e-05
2024-08-27 02:00:21+00:00,7.622379600728007e-05
2024-08-27 03:00:04+00:00,2.1612188104334703e-05
2024-08-27 04:00:24+00:00,1.2997324914217655e-05
2024-08-27 05:00:12+00:00,3.226781531020933e-05
2024-08-27 06:00:44+00:00,1.2953611938048761e-05
2024-08-27 07:00:17+00:00,1.1783559577677227e-05
2024-08-27 08:00:19+00:00,1.5647829570627327e-06
2024-08-27 09:00:10+00:00,2.0880419878008413e-05
2024-08-27 10:00:29+00:00,-2.2144809780545218e-05
2024-08-27 11:00:31+00:00,3.1471741417232476e-05
2024-08-27 12:00:12+00:00,-1.873863527610298e-05
2024-08-27 13:00:35+00:00,7.466004810594808e-05
2024-08-27 14:00:26+00:00,0.0001250035945363048
2024-08-27 15:00:00+00:00,3.554447852760736e-05
2024-08-27 16:00:48+00:00,-1.1998809718075966e-06
2024-08-27 17:00:01+00:00,1.2004456054087278e-05
2024-08-27 18:00:52+00:00,1.2825693722818766e-05
2024-08-27 19:00:37+00:00,-3.038854334638716e-05
2024-08-27 20:00:04+00:00,4.072519596006056e-05
2024-08-27 21:00:04+00:00,4.922867077786103e-05
2024-08-27 22:00:48+00:00,8.104360731931181e-07
2024-08-27 23:01:00+00:00,1.877290294158874e-05
2024-08-28 00:00:20+00:00,5.8312355251233514e-05
2024-08-28 01:00:57+00:00,8.007288555954851e-06
2024-08-28 02:00:58+00:00,8.443908323281062e-06
2024-08-28 03:00:01+00:00,9.280742459396753e-06
2024-08-28 04:00:01+00:00,1.679926591443063e-05
2024-08-28 05:00:46+00:00,3.607385928879223e-05
2024-08-28 06:00:06+00:00,6.203718609143594e-05
2024-08-28 07:00:35+00:00,1.3000745201506515e-05
2024-08-28 08:00:22+00:00,1.8523384130320548e-05
2024-08-28 09:00:04+00:00,4.673983345460425e-05
2024-08-28 10:01:06+00:00,2.6741025306679238e-05
2024-08-28 11:00:49+00:00,3.0658008571911576e-05
2024-08-28 12:01:06+00:00,2.642612876046984e-05
2024-08-28 13:00:57+00:00,2.2666785392735947e-05
2024-08-28 14:00:27+00:00,1.6531385818333365e-05
2024-08-28 15:00:47+00:00,3.7222321481746174e-06
2024-08-28 16:00:22+00:00,4.583116519233078e-06
2024-08-28 17:00:12+00:00,1.8066273263731277e-05
2024-08-28 18:00:04+00:00,2.938301709978739e-05
2024-08-28 19:00:04+00:00,3.220269225750108e-05
2024-08-28 20:00:05+00:00,1.2530700215528045e-05
2024-08-28 21:00:07+00:00,2.1302403913627524e-05
2024-08-28 22:00:00+00:00,3.384069305739381e-05
2024-08-28 23:00:16+00:00,1.2581021780264907e-05
2024-08-29 00:00:33+00:00,1.2135824794052641e-05
2024-08-29 01:00:38+00:00,1.0842251744471253e-05
2024-08-29 02:00:42+00:00,1.0402510192661286e-05
2024-08-29 03:00:38+00:00,1.2062268465355926e-05
2024-08-29 04:00:46+00:00,1.2032591589138792e-05
2024-08-29 05:00:24+00:00,9.955598032773829e-06
2024-08-29 06:00:49+00:00,1.4072748956469887e-05
2024-08-29 07:00:09+00:00,1.1960632883819481e-05
2024-08-29 08:00:27+00:00,7.836260786003705e-06
2024-08-29 09:00:30+00:00,9.097771244686346e-06
2024-08-29 10:00:38+00:00,1.0335481180687245e-05
2024-08-29 11:00:27+00:00,1.074735285653326e-05
2024-08-29 12:00:36+00:00,1.1537357885675271e-05
2024-08-29 13:00:02+00:00,1.2741933891964982e-05
2024-08-29 14:00:30+00:00,9.86251651971517e-06
2024-08-29 15:01:04+00:00,9.424681252951361e-06
2024-08-29 16:00:50+00:00,9.80863355925886e-06
2024-08-29 17:00:49+00:00,7.772198913267762e-06
2024-08-29 18:00:45+00:00,8.212479419506857e-06
2024-08-29 19:00:41+00:00,0.0
2024-08-29 20:00:11+00:00,-2.510140969516848e-06
2024-08-29 21:00:11+00:00,-2.092302740111858e-06
2024-08-29 22:00:59+00:00,-1.2154140255558907e-05
2024-08-29 23:01:04+00:00,-1.4247336170726555e-05
2024-08-30 00:00:29+00:00,-2.2914582916583317e-05
2024-08-30 01:00:07+00:00,1.3294636267528375e-05
2024-08-30 02:00:14+00:00,1.2048192771084335e-05
2024-08-30 03:00:22+00:00,1.0379070370296518e-05
2024-08-30 04:00:28+00:00,1.1230122682851353e-05
2024-08-30 05:00:14+00:00,1.0799329903075267e-05
2024-08-30 06:00:14+00:00,1.039638074122899e-05
2024-08-30 07:00:02+00:00,1.620543505360259e-05
2024-08-30 08:00:27+00:00,1.158412398787939e-05
2024-08-30 09:00:08+00:00,9.913455533195205e-06
2024-08-30 10:00:15+00:00,1.274419798422523e-05
2024-08-30 11:00:04+00:00,1.9655053805709793e-05
2024-08-30 12:00:06+00:00,1.10745786738069e-05
2024-08-30 13:00:07+00:00,4.261827481066194e-05
2024-08-30 14:00:09+00:00,3.0811551620441125e-05
2024-08-30 15:00:10+00:00,9.935222350276199e-06
2024-08-30 16:00:10+00:00,1.046315281630684e-05
2024-08-30 17:00:14+00:00,1.4348394418717766e-05
2024-08-30 18:00:15+00:00,-1.2638645946027927e-05
2024-08-30 19:00:03+00:00,-1.2923699121068334e-05
2024-08-30 20:00:19+00:00,1.6558768666021606e-06
2024-08-30 21:00:19+00:00,3.316898251904975e-06
2024-08-30 22:00:11+00:00,-5.7859687776024444e-06
2024-08-30 23:00:08+00:00,2.87927810264478e-06
2024-08-31 00:00:15+00:00,9.443447745598645e-06
2024-08-31 01:00:38+00:00,1.4316293866970405e-05
2024-08-31 02:00:22+00:00,9.83767830791933e-06
2024-08-31 03:00:22+00:00,1.4390619448063484e-05
2024-08-31 04:00:19+00:00,4.40052909008351e-05
2024-08-31 05:00:43+00:00,3.325352487363661e-05
2024-08-31 06:00:09+00:00,0.00010003739347779024
2024-08-31 07:00:07+00:00,0.00012179159121329028
2024-08-31 08:00:35+00:00,0.00012204984565009419
2024-08-31 09:00:34+00:00,0.00011532682193839219
2024-08-31 10:00:13+00:00,0.00011773979257966647
2024-08-31 11:00:14+00:00,0.00011827542209429988
2024-08-31 12:00:02+00:00,1.93319708144506e-05
2024-08-31 13:00:17+00:00,8.05873819462948e-05
2024-08-31 14:00:06+00:00,0.00010774955828208749
2024-08-31 15:00:01+00:00,3.786202536647043e-05
2024-08-31 16:00:05+00:00,-2.4650942652047014e-06
2024-08-31 17:00:05+00:00,-2.4679658038658215e-06
2024-08-31 18:00:06+00:00,-7.419058076386622e-06
2024-08-31 19:00:05+00:00,4.921986513756952e-06
2024-08-31 20:00:07+00:00,6.5664283953660336e-06
2024-08-31 21:00:08+00:00,5.756432788957127e-06
2024-08-31 22:00:08+00:00,4.515830054919592e-06
2024-08-31 23:00:08+00:00,2.868012299929039e-06
2024-09-01 00:00:10+00:00,1.3565375242943537e-05
2024-09-01 01:00:08+00:00,3.661245889984893e-05
2024-09-01 02:00:02+00:00,7.0095539824761154e-06
2024-09-01 03:00:12+00:00,1.284129905008206e-05
2024-09-01 04:00:03+00:00,7.918486751111952e-05
2024-09-01 05:00:10+00:00,1.4549591354069993e-05
2024-09-01 06:00:18+00:00,6.60174896706647e-05
2024-09-01 07:00:18+00:00,5.028612806871096e-06
2024-09-01 08:00:04+00:00,-3.7709286540298657e-06
2024-09-01 09:00:21+00:00,-6.277999879462403e-06
2024-09-01 10:00:04+00:00,4.177881332101395e-06
2024-09-01 11:00:13+00:00,-2.8120340144279206e-05
2024-09-01 12:00:24+00:00,-1.3016474763565969e-05
2024-09-01 13:00:12+00:00,-4.199517459291938e-06
2024-09-01 14:00:14+00:00,-1.8956435583504364e-05
2024-09-01 15:00:27+00:00,-4.153400132241493e-05
2024-09-01 16:00:22+00:00,-3.0092168711469206e-05
2024-09-01 17:00:34+00:00,-1.230781770573312e-05
2024-09-01 18:00:35+00:00,-3.0721966205837174e-05
2024-09-01 19:00:21+00:00,-4.420300943636827e-05
2024-09-01 20:00:02+00:00,-4.437704768377169e-05
2024-09-01 21:00:02+00:00,-3.9999595759517336e-05
2024-09-01 22:00:02+00:00,-2.0721443292689117e-05
2024-09-01 23:00:38+00:00,-5.330719224022289e-05
2024-09-02 00:00:41+00:00,-2.7359994997029485e-05
2024-09-02 01:00:02+00:00,1.9607022974202385e-05
2024-09-02 02:00:08+00:00,3.0049961327006294e-05
2024-09-02 03:00:01+00:00,2.3992041051419e-05
2024-09-02 04:00:24+00:00,4.809781182767487e-05
2024-09-02 05:00:47+00:00,-1.7486016453709458e-06
2024-09-02 06:00:17+00:00,4.69194013513798e-05
2024-09-02 07:00:13+00:00,5.774460087981774e-05
2024-09-02 08:00:10+00:00,8.338512424552052e-05
2024-09-02 09:00:09+00:00,5.320785922894139e-05
2024-09-02 10:00:12+00:00,2.3414085914085914e-05
2024-09-02 11:00:01+00:00,1.9320535410677302e-05
2024-09-02 12:00:18+00:00,1.5408953629322213e-05
2024-09-02 13:00:02+00:00,1.1982324529853047e-05
2024-09-02 14:00:23+00:00,2.7446902700421073e-05
2024-09-02 15:00:03+00:00,4.756077495783801e-05
2024-09-02 16:00:24+00:00,2.692832449400396e-05
2024-09-02 17:00:17+00:00,2.4379478125192468e-05
2024-09-02 18:00:36+00:00,1.1536331754137699e-05
2024-09-02 19:00:40+00:00,-1.236627936735425e-05
2024-09-02 20:00:55+00:00,-2.174246687471223e-05
2024-09-02 21:00:31+00:00,1.6127881980173807e-05
2024-09-02 22:00:10+00:00,1.6858764837433337e-05
2024-09-02 23:00:32+00:00,1.1368229587712206e-05
2024-09-03 00:00:08+00:00,1.0506449203689874e-05
2024-09-03 01:00:09+00:00,1.597215215417213e-05
2024-09-03 02:00:14+00:00,4.1474376376195214e-05
2024-09-03 03:00:16+00:00,4.7922939193582267e-05
2024-09-03 04:00:05+00:00,3.2957128694032464e-05
2024-09-03 05:00:26+00:00,0.00011669343505320217
2024-09-03 06:00:08+00:00,4.181387506022161e-05
2024-09-03 07:00:25+00:00,3.3901539883278253e-05
2024-09-03 08:00:25+00:00,1.841692789968652e-05
2024-09-03 09:00:02+00:00,1.2996557070086777e-05
2024-09-03 10:00:49+00:00,1.0912718405513795e-05
2024-09-03 11:00:18+00:00,1.593741819865896e-05
2024-09-03 12:00:30+00:00,1.1717179837607523e-05
2024-09-03 13:00:37+00:00,1.1666416529090998e-05
2024-09-03 14:00:03+00:00,-1.2544910780594529e-06
2024-09-03 15:00:08+00:00,7.361078677239545e-05
2024-09-03 16:00:04+00:00,2.9395525745368287e-05
2024-09-03 17:00:48+00:00,7.2605703854870635e-06
2024-09-03 18:00:33+00:00,-4.185509968659718e-07
2024-09-03 19:00:59+00:00,-1.65836633057109e-05
2024-09-03 20:00:10+00:00,-2.2984043965922326e-05
2024-09-03 21:00:11+00:00,-3.957069624001797e-05
2024-09-03 22:00:04+00:00,-2.8534622895175393e-05
2024-09-03 23:00:09+00:00,-5.962791363668906e-06
2024-09-04 00:00:08+00:00,9.838052106760323e-06
2024-09-04 01:00:02+00:00,-2.0573380103484103e-05
2024-09-04 02:00:15+00:00,-7.418739652534736e-06
2024-09-04 03:00:07+00:00,1.0062496717609369e-05
2024-09-04 04:00:05+00:00,1.349768939631558e-05
2024-09-04 05:00:10+00:00,8.700102354145343e-06
2024-09-04 06:00:14+00:00,7.403379621883889e-06
2024-09-04 07:00:15+00:00,3.487604863794891e-06
2024-09-04 08:00:04+00:00,2.607697924272452e-06
2024-09-04 09:00:08+00:00,-8.644486415807061e-06
2024-09-04 10:00:09+00:00,-2.5463058882028756e-05
2024-09-04 11:00:09+00:00,6.065839853504245e-06
2024-09-04 12:00:10+00:00,5.217082815972621e-06
2024-09-04 13:00:10+00:00,1.2184289998641544e-05
2024-09-04 14:00:12+00:00,1.6119078252319534e-05
2024-09-04 15:00:11+00:00,1.2986743132610231e-05
2024-09-04 16:00:15+00:00,-9.856575508776262e-06
2024-09-04 17:00:18+00:00,1.687557819187329e-06
2024-09-04 18:00:18+00:00,7.177833875726147e-06
2024-09-04 19:00:00+00:00,3.8136110320139934e-06
2024-09-04 20:00:03+00:00,4.237849291484572e-06
2024-09-04 21:00:04+00:00,5.521591361414181e-06
2024-09-04 22:00:04+00:00,1.1875299174025074e-05
2024-09-04 23:00:04+00:00,1.0583032582727598e-05
2024-09-05 00:00:06+00:00,1.2287286523654044e-05
2024-09-05 01:00:05+00:00,3.475147001973591e-05
2024-09-05 02:00:06+00:00,8.907665682581696e-06
2024-09-05 03:00:06+00:00,1.7040688992083136e-05
2024-09-05 04:00:09+00:00,1.074059553042653e-05
2024-09-05 05:00:08+00:00,1.0324925402413968e-05
2024-09-05 06:00:11+00:00,5.7170272696319684e-05
2024-09-05 07:00:12+00:00,2.2338878518167097e-05
2024-09-05 08:00:01+00:00,1.0254832589857969e-05
2024-09-05 09:00:02+00:00,9.81064834253295e-06
2024-09-05 10:00:02+00:00,8.97408284873286e-06
2024-09-05 11:00:05+00:00,1.0267783801544273e-05
2024-09-05 12:00:07+00:00,2.8207153334085523e-05
2024-09-05 13:00:16+00:00,2.692252466616069e-05
2024-09-05 14:00:00+00:00,1.7474218366344737e-05
2024-09-05 15:00:00+00:00,2.544840082249231e-06
2024-09-05 16:00:07+00:00,1.0213565657906832e-05
2024-09-05 17:00:15+00:00,2.0535145902211637e-05
2024-09-05 18:00:20+00:00,1.1472450821427479e-05
2024-09-05 19:01:02+00:00,1.6484408285824423e-05
2024-09-05 20:01:24+00:00,-8.253517675168993e-05
2024-09-05 21:11:23+00:00,-1.3618021147264647e-05
2024-09-05 22:02:13+00:00,0.00010552491830065359
2024-09-05 23:00:08+00:00,1.4019168026101141e-05
2024-09-06 00:00:13+00:00,1.0586907219640188e-05
2024-09-06 01:00:12+00:00,1.2273678649082522e-05
2024-09-06 02:00:12+00:00,1.5204038192543941e-05
2024-09-06 03:00:12+00:00,9.132415478944231e-05
2024-09-06 04:00:11+00:00,7.78625183090055e-05
2024-09-06 05:00:11+00:00,1.095787844141127e-05
2024-09-06 06:00:17+00:00,-8.863362405162021e-05
2024-09-06 07:00:16+00:00,2.320281958313922e-05
2024-09-06 08:00:18+00:00,1.315132684765446e-05
2024-09-06 09:00:06+00:00,2.973240832507433e-06
2024-09-06 10:00:07+00:00,-7.308741768048746e-05
2024-09-06 11:00:05+00:00,-0.00010907280417197061
2024-09-06 12:00:03+00:00,-0.00011738696774326228
2024-09-06 13:00:17+00:00,7.714700103891296e-06
2024-09-06 14:00:11+00:00,3.784922257325157e-05
2024-09-06 15:00:08+00:00,2.6644436754852307e-05
2024-09-06 16:00:12+00:00,4.8108400165269994e-05
2024-09-06 17:00:03+00:00,8.042636698015078e-06
2024-09-06 18:00:03+00:00,9.461402882754296e-06
2024-09-06 19:00:06+00:00,1.358385585898871e-05
2024-09-06 20:00:21+00:00,2.7788713910761154e-05
2024-09-06 21:02:41+00:00,3.204704638562178e-06
2024-09-06 22:00:11+00:00,1.2378144048588342e-05
2024-09-06 23:00:12+00:00,-8.647265889761025e-06
2024-09-07 00:00:12+00:00,1.5388293594731465e-05
2024-09-07 01:00:12+00:00,1.5334300751554008e-05
2024-09-07 02:00:11+00:00,5.155982024618458e-05
2024-09-07 03:00:14+00:00,1.4454408431918978e-05
2024-09-07 04:00:16+00:00,5.737367165473867e-05
2024-09-07 05:00:17+00:00,2.25904757773271e-05
2024-09-07 06:00:16+00:00,1.885227358419425e-05
2024-09-07 07:00:17+00:00,1.2977804516447862e-05
2024-09-07 08:00:16+00:00,1.4250435637848644e-05
2024-09-07 09:00:15+00:00,2.2600131878416608e-05
2024-09-07 10:00:18+00:00,7.180469123982766e-05
2024-09-07 11:00:03+00:00,8.538631440343201e-05
2024-09-07 12:00:05+00:00,9.223794593678502e-05
2024-09-07 13:00:05+00:00,9.234828496042215e-05
2024-09-07 14:00:05+00:00,5.174954734936208e-05
2024-09-07 15:00:09+00:00,5.9597563925908e-05
2024-09-07 16:00:09+00:00,5.504760307008346e-05
2024-09-07 17:00:10+00:00,1.6624134925385672e-05
2024-09-07 18:00:14+00:00,1.624310906388675e-05
2024-09-07 19:00:14+00:00,1.5810943280876138e-05
2024-09-07 20:00:14+00:00,2.325091613664125e-05
2024-09-07 21:00:18+00:00,3.1560343376535935e-05
2024-09-07 22:00:05+00:00,1.138346402068574e-05
2024-09-07 23:00:07+00:00,1.139220533319308e-05
2024-09-08 00:00:14+00:00,1.314848319097909e-05
2024-09-08 01:00:14+00:00,2.4500640608262796e-05
2024-09-08 02:00:17+00:00,4.233009301935809e-05
2024-09-08 03:00:17+00:00,1.2585824277721632e-05
2024-09-08 04:00:18+00:00,2.8577663698053602e-05
2024-09-08 05:00:18+00:00,9.109933471457277e-06
2024-09-08 06:00:01+00:00,5.642999447173806e-06
2024-09-08 07:00:03+00:00,6.53929856867833e-06
2024-09-08 08:00:07+00:00,5.659647030516064e-06
2024-09-08 09:00:11+00:00,5.225752508361204e-06
2024-09-08 10:00:11+00:00,7.382613319986236e-06
2024-09-08 11:00:12+00:00,9.981350086998197e-06
2024-09-08 12:00:12+00:00,1.34640454711373e-05
2024-09-08 13:00:12+00:00,1.0459703990377072e-05
2024-09-08 14:00:17+00:00,1.1799997902222596e-05
2024-09-08 15:00:06+00:00,1.3554517297495932e-05
2024-09-08 16:00:05+00:00,1.1393763413710392e-05
2024-09-08 17:00:10+00:00,7.031472702893884e-06
2024-09-08 18:00:11+00:00,1.1843975364531243e-05
2024-09-08 19:00:12+00:00,9.615182751453824e-06
2024-09-08 20:00:15+00:00,1.2220556947166529e-05
2024-09-08 21:00:15+00:00,2.928062610812115e-05
2024-09-08 22:00:16+00:00,3.4467951403435276e-05
2024-09-08 23:00:17+00:00,3.388346174296527e-05
2024-09-09 00:00:17+00:00,1.2138499656457556e-05
2024-09-09 01:00:17+00:00,2.6414270566955652e-05
2024-09-09 02:00:16+00:00,1.2064024169434356e-05
2024-09-09 03:00:16+00:00,8.159097238697433e-06
2024-09-09 04:00:16+00:00,1.3329203448453875e-05
2024-09-09 05:00:16+00:00,1.67773108809895e-05
2024-09-09 06:00:16+00:00,3.2785527146954965e-05
2024-09-09 07:00:16+00:00,1.5941159432283692e-05
2024-09-09 08:00:16+00:00,3.652624195411784e-05
2024-09-09 09:00:16+00:00,4.923541743741522e-05
2024-09-09 10:00:18+00:00,1.1914493582931413e-05
2024-09-09 11:00:13+00:00,1.0172526041666666e-05
2024-09-09 12:00:14+00:00,1.3145568589116976e-05
2024-09-09 13:00:13+00:00,2.2539121913375458e-05
2024-09-09 14:00:16+00:00,1.5708140506819432e-05
2024-09-09 15:00:14+00:00,1.1504479077187386e-05
2024-09-09 16:00:03+00:00,1.3135136235069084e-05
2024-09-09 17:00:03+00:00,1.4843842774017338e-05
2024-09-09 18:00:05+00:00,1.0153323970037455e-05
2024-09-09 19:00:10+00:00,1.4940712228890547e-05
2024-09-09 20:00:13+00:00,1.1267877850792423e-05
2024-09-09 21:00:14+00:00,1.3653983376082387e-05
2024-09-09 22:00:17+00:00,1.4000384098329173e-05
2024-09-09 23:00:15+00:00,7.618001983955005e-06
2024-09-10 00:00:15+00:00,1.684409109284463e-05
2024-09-10 01:00:15+00:00,6.645915299622029e-05
2024-09-10 02:00:02+00:00,7.556301282175625e-05
2024-09-10 03:00:01+00:00,1.0951356508026128e-05
2024-09-10 04:00:01+00:00,8.917792748938822e-06
2024-09-10 05:00:01+00:00,1.578390139189727e-05
2024-09-10 06:00:02+00:00,5.40260695381221e-05
2024-09-10 07:04:36+00:00,3.182200562759261e-05
2024-09-10 08:00:00+00:00,6.956118933420831e-05
2024-09-10 09:00:19+00:00,8.26353185835596e-05
2024-09-10 10:00:03+00:00,4.001152516327314e-05
2024-09-10 11:00:03+00:00,1.0004805382027871e-05
2024-09-10 12:00:04+00:00,4.890697763922565e-05
2024-09-10 13:00:09+00:00,9.326784835531711e-05
2024-09-10 14:00:17+00:00,6.706424242424243e-05
2024-09-10 15:00:16+00:00,1.177594509758047e-05
2024-09-10 16:00:16+00:00,1.6205240345191144e-06
2024-09-10 17:00:18+00:00,-2.1557657947921853e-05
2024-09-10 18:00:00+00:00,-2.9226947245360222e-05
2024-09-10 19:00:06+00:00,-2.1458560099517957e-05
2024-09-10 20:00:07+00:00,-5.465303822312042e-05
2024-09-10 21:00:07+00:00,-6.589940903048005e-05
2024-09-10 22:00:11+00:00,-6.965193472196572e-05
2024-09-10 23:00:06+00:00,-7.204266604493923e-05
2024-09-11 00:00:06+00:00,-7.125920743202535e-05
2024-09-11 01:00:11+00:00,-5.2240764318829034e-05
2024-09-11 02:00:16+00:00,3.656931103418012e-06
2024-09-11 03:00:19+00:00,8.130320217069755e-07
2024-09-11 04:00:00+00:00,-7.389162561576355e-06
2024-09-11 05:00:13+00:00,-1.944080384447357e-05
2024-09-11 06:00:14+00:00,-1.539322138868633e-05
2024-09-11 07:00:00+00:00,-1.3312427595573843e-05
2024-09-11 08:00:01+00:00,1.3686903375439225e-05
2024-09-11 09:00:01+00:00,0.00010890262566834291
2024-09-11 10:00:03+00:00,0.00013586518864641846
2024-09-11 11:00:05+00:00,0.00015037886340977068
2024-09-11 12:00:06+00:00,0.00014933843075176965
2024-09-11 13:00:13+00:00,0.00015086344103135444
2024-09-11 14:00:20+00:00,7.728129393815503e-05
2024-09-11 15:00:16+00:00,1.9739893134388548e-05
2024-09-11 16:00:19+00:00,9.629398815925699e-06
2024-09-11 17:00:19+00:00,1.1206518707415229e-05
2024-09-11 18:00:01+00:00,1.1528232304756632e-05
2024-09-11 19:00:02+00:00,8.200594616944614e-06
2024-09-11 20:00:01+00:00,9.844263747514322e-06
2024-09-11 21:00:00+00:00,1.1051297667930608e-05
2024-09-11 22:00:00+00:00,1.5145707405769325e-05
2024-09-11 23:00:00+00:00,1.9707345913189138e-05
2024-09-12 00:00:04+00:00,2.0937610846175067e-05
2024-09-12 01:00:04+00:00,1.7200538622580868e-05
2024-09-12 02:00:06+00:00,1.1442815364383992e-05
2024-09-12 03:00:04+00:00,2.202794121966263e-05
2024-09-12 04:00:12+00:00,3.0109186085122174e-05
2024-09-12 05:00:04+00:00,3.3293049003937465e-05
2024-09-12 06:00:05+00:00,3.530248139924428e-05
2024-09-12 07:00:07+00:00,3.575329640321448e-05
2024-09-12 08:00:12+00:00,1.0967584694126249e-05
2024-09-12 09:00:15+00:00,9.744974029644211e-06
2024-09-12 10:00:13+00:00,9.352546079350204e-06
2024-09-12 11:00:14+00:00,9.376896423467689e-06
2024-09-12 12:00:13+00:00,1.6323091393635365e-05
2024-09-12 13:00:15+00:00,8.58491213955633e-05
2024-09-12 14:00:13+00:00,6.14733943149405e-05
2024-09-12 15:00:03+00:00,8.58920998900581e-06
2024-09-12 16:00:02+00:00,2.465215804991569e-06
2024-09-12 17:00:07+00:00,9.460420287565175e-06
2024-09-12 18:00:03+00:00,1.5157476442468474e-05
2024-09-12 19:00:12+00:00,7.35972366690872e-06
2024-09-12 20:00:06+00:00,3.257615777425603e-06
2024-09-12 21:00:05+00:00,2.2408497818814925e-05
2024-09-12 22:00:05+00:00,1.0193190831024118e-05
2024-09-12 23:00:04+00:00,2.070040426671862e-05
2024-09-13 00:00:15+00:00,1.6196614849165378e-05
2024-09-13 01:00:00+00:00,1.4188952469928764e-05
2024-09-13 02:00:19+00:00,1.220846192913232e-05
2024-09-13 03:00:05+00:00,1.1811524058158066e-05
2024-09-13 04:00:10+00:00,1.590393047290949e-05
2024-09-13 05:00:09+00:00,1.5493936516947412e-05
2024-09-13 06:00:11+00:00,3.482461341082935e-05
2024-09-13 07:00:11+00:00,1.131950916433675e-05
2024-09-13 08:00:13+00:00,1.3329455673501042e-05
2024-09-13 09:00:13+00:00,3.4529614710020625e-05
2024-09-13 10:00:13+00:00,4.618825080994295e-05
2024-09-13 11:00:14+00:00,2.486313436511394e-05
2024-09-13 12:00:04+00:00,-7.495001752939727e-06
2024-09-13 13:00:04+00:00,-3.965265796722937e-06
2024-09-13 14:00:08+00:00,1.3875935055294364e-05
2024-09-13 15:00:04+00:00,7.860418593239851e-06
2024-09-13 16:00:06+00:00,1.4756604582657494e-05
2024-09-13 17:00:19+00:00,1.2813702740734528e-05
2024-09-13 18:00:14+00:00,3.106099436186571e-05
2024-09-13 19:00:14+00:00,1.3598970283731601e-05
2024-09-13 20:00:14+00:00,1.1686721080040016e-05
2024-09-13 21:00:15+00:00,1.43857356235997e-05
2024-09-13 22:00:00+00:00,2.5978982249401954e-05
2024-09-13 23:00:04+00:00,9.456568249893026e-05
2024-09-14 00:00:02+00:00,0.00011901094900730866
2024-09-14 01:00:06+00:00,0.00011888333581978219
2024-09-14 02:00:08+00:00,0.00011490836586570266
2024-09-14 03:00:15+00:00,3.6880357808423406e-05
2024-09-14 04:00:11+00:00,1.359491263077411e-05
2024-09-14 05:00:14+00:00,6.456732609487177e-05
2024-09-14 06:00:20+00:00,0.00010673847390910026
2024-09-14 07:00:21+00:00,0.0001210609415435784
2024-09-14 08:00:20+00:00,0.00012573809701771433
2024-09-14 09:00:04+00:00,0.00011193799320396527
2024-09-14 10:00:09+00:00,1.5244188446312313e-05
2024-09-14 11:00:07+00:00,-1.1767142373009e-06
2024-09-14 12:00:07+00:00,5.0859165058097726e-05
2024-09-14 13:00:08+00:00,1.0245494536682277e-05
2024-09-14 14:00:12+00:00,1.0263457164518576e-05
2024-09-14 15:00:10+00:00,1.219431561646941e-05
2024-09-14 16:00:14+00:00,1.1007996374725036e-05
2024-09-14 17:00:19+00:00,1.1828608198644916e-05
2024-09-14 18:00:03+00:00,1.067342175670291e-05
2024-09-14 19:00:05+00:00,4.5972966031561825e-05
2024-09-14 20:00:09+00:00,6.973515286957348e-05
2024-09-14 21:00:13+00:00,7.202355511231419e-05
2024-09-14 22:00:13+00:00,1.0669271549557582e-05
2024-09-14 23:00:16+00:00,1.5791768564332973e-05
2024-09-15 00:00:15+00:00,6.040535546775064e-05
2024-09-15 01:00:15+00:00,7.681907571288102e-05
2024-09-15 02:00:14+00:00,7.267789962001564e-05
2024-09-15 03:00:14+00:00,7.982257455643639e-05
2024-09-15 04:00:15+00:00,6.957481533193083e-05
2024-09-15 05:00:02+00:00,-4.3334279496641115e-06
2024-09-15 06:00:01+00:00,6.313634036744213e-06
2024-09-15 07:00:03+00:00,1.1839812078502691e-05
2024-09-15 08:00:05+00:00,5.638681468442123e-05
2024-09-15 09:00:04+00:00,7.60644386215508e-05
2024-09-15 10:00:15+00:00,3.8682722096427317e-05
2024-09-15 11:00:00+00:00,1.1092190755239299e-05
2024-09-15 12:00:00+00:00,3.690124750023807e-05
2024-09-15 13:00:16+00:00,7.097044325599985e-05
2024-09-15 14:00:17+00:00,8.058246904685159e-05
2024-09-15 15:00:00+00:00,8.525552976838915e-05
2024-09-15 16:00:00+00:00,3.1838721545616634e-05
2024-09-15 17:00:15+00:00,1.0632164897789455e-05
2024-09-15 18:00:01+00:00,3.4822420851658007e-05
2024-09-15 19:00:05+00:00,6.83793116533222e-05
2024-09-15 20:00:04+00:00,1.655691795337572e-05
2024-09-15 21:00:05+00:00,3.125890465606656e-05
2024-09-15 22:00:01+00:00,3.706679675916626e-05
2024-09-15 23:00:01+00:00,5.041774704696053e-05
2024-09-16 00:00:15+00:00,2.2555445984879246e-05
2024-09-16 01:00:15+00:00,-1.29529399189591e-05
2024-09-16 02:00:01+00:00,-1.5082705295096408e-05
2024-09-16 03:00:03+00:00,-5.7522866079269075e-06
2024-09-16 04:00:02+00:00,5.342101885041127e-06
2024-09-16 05:00:02+00:00,7.110094005543664e-05
2024-09-16 06:00:03+00:00,3.32276611664632e-05
2024-09-16 07:00:03+00:00,1.3511123339360113e-05
2024-09-16 08:00:02+00:00,5.3866118211644875e-05
2024-09-16 09:00:06+00:00,8.29940341935421e-05
2024-09-16 10:00:06+00:00,9.81026262310458e-05
2024-09-16 11:00:06+00:00,0.00010330566363181983
2024-09-16 12:00:07+00:00,0.00010257868976272916
2024-09-16 13:00:07+00:00,0.00010450065896886127
2024-09-16 14:00:09+00:00,8.586247017294761e-05
2024-09-16 15:00:14+00:00,6.162887662311877e-05
2024-09-16 16:00:17+00:00,1.0780624738696768e-05
2024-09-16 17:00:16+00:00,2.084813787995556e-05
2024-09-16 18:00:22+00:00,1.2964580885528074e-05
2024-09-16 19:00:11+00:00,1.2133874402346416e-05
2024-09-16 20:00:12+00:00,1.2969139275094432e-05
2024-09-16 21:00:16+00:00,4.1174631667053234e-05
2024-09-16 22:00:15+00:00,8.620219820147152e-05
2024-09-16 23:00:15+00:00,0.00010124833622393417
2024-09-17 00:00:15+00:00,0.00010425249703571214
2024-09-17 01:00:19+00:00,4.10092102487872e-05
2024-09-17 02:00:00+00:00,1.6776597351593574e-05
2024-09-17 03:00:00+00:00,1.3830910828345822e-05
2024-09-17 04:00:09+00:00,1.2949755750152969e-05
2024-09-17 05:00:05+00:00,-1.2506503381758515e-06
2024-09-17 06:00:05+00:00,1.2852165256346442e-05
2024-09-17 07:00:08+00:00,2.7751262776916043e-05
2024-09-17 08:00:13+00:00,6.787928157037272e-05
2024-09-17 09:00:04+00:00,8.431535928262509e-05
2024-09-17 10:00:04+00:00,9.013863665684202e-05
2024-09-17 11:00:06+00:00,8.376413730267198e-05
2024-09-17 12:00:09+00:00,5.285797825419008e-05
2024-09-17 13:00:09+00:00,2.0673911964666764e-05
2024-09-17 14:00:15+00:00,4.06143378659319e-05
2024-09-17 15:00:18+00:00,1.61060122504807e-05
2024-09-17 16:00:19+00:00,1.6374912768696986e-05
2024-09-17 17:00:02+00:00,3.318616702229127e-05
2024-09-17 18:00:19+00:00,3.681957426753594e-05
2024-09-17 19:00:05+00:00,6.961521450685537e-05
2024-09-17 20:00:08+00:00,3.698808490491596e-05
2024-09-17 21:00:16+00:00,1.3995828926689929e-05
2024-09-17 22:00:14+00:00,4.317107587254911e-05
2024-09-17 23:00:10+00:00,8.399458481970809e-05
2024-09-18 00:00:13+00:00,9.766880631410288e-05
2024-09-18 01:00:12+00:00,0.00010260458557994975
2024-09-18 02:00:17+00:00,0.0001060713042613495
2024-09-18 03:00:15+00:00,6.620714314091614e-05
2024-09-18 04:00:16+00:00,8.894335296675495e-05
2024-09-18 05:00:19+00:00,6.966389963491012e-05
2024-09-18 06:00:19+00:00,1.4038844769638026e-05
2024-09-18 07:00:20+00:00,1.8974805894469974e-05
2024-09-18 08:00:00+00:00,-9.04057401723236e-06
2024-09-18 09:00:02+00:00,-1.8894718157074674e-05
2024-09-18 10:00:02+00:00,4.2470851396559575e-05
2024-09-18 11:00:03+00:00,4.969882511977417e-06
2024-09-18 12:00:09+00:00,9.106635118207306e-06
2024-09-18 13:00:10+00:00,1.8228829993535874e-05
2024-09-18 14:00:09+00:00,1.6979312675832313e-05
2024-09-18 15:00:09+00:00,2.153788021915738e-05
2024-09-18 16:00:09+00:00,2.4048415352763177e-05
2024-09-18 17:00:04+00:00,2.48847834526144e-05
2024-09-18 18:00:02+00:00,9.9243762529525e-06
2024-09-18 19:00:04+00:00,6.30695278632445e-05
2024-09-18 20:00:08+00:00,5.9136022708232726e-05
2024-09-18 21:00:08+00:00,3.0478280641398265e-05
2024-09-18 22:00:09+00:00,4.6267996658640853e-05
2024-09-18 23:00:13+00:00,1.1828873025665128e-05
2024-09-19 00:00:14+00:00,4.3392351343722325e-05
2024-09-19 01:00:13+00:00,1.1200230536477594e-05
2024-09-19 02:00:14+00:00,8.39610420764765e-06
2024-09-19 03:00:16+00:00,9.979772027878172e-06
2024-09-19 04:00:14+00:00,9.97527741045248e-06
2024-09-19 05:00:18+00:00,1.238606926988391e-05
2024-09-19 06:00:17+00:00,1.1185939868378134e-05
2024-09-19 07:00:24+00:00,2.5604087434213055e-05
2024-09-19 08:00:15+00:00,1.0800172802764846e-05
2024-09-19 09:00:14+00:00,2.5157413530375778e-05
2024-09-19 10:00:14+00:00,3.0727675022269904e-05
2024-09-19 11:00:13+00:00,7.057213668507124e-05
2024-09-19 12:00:20+00:00,6.0615051828597134e-05
2024-09-19 13:00:05+00:00,1.3523580310583923e-05
2024-09-19 14:00:08+00:00,1.74832845302023e-05
2024-09-19 15:00:12+00:00,1.2290555978674792e-05
2024-09-19 16:00:02+00:00,1.2695117189360102e-05
2024-09-19 17:00:08+00:00,5.108062429775943e-06
2024-09-19 18:00:09+00:00,2.5119425626336765e-05
2024-09-19 19:00:15+00:00,5.0077938663211064e-05
2024-09-19 20:00:12+00:00,8.465648280532771e-05
2024-09-19 21:00:15+00:00,5.176373150623047e-05
2024-09-19 22:00:13+00:00,5.267925382851643e-05
2024-09-19 23:00:12+00:00,2.2538338900698452e-05
2024-09-20 00:00:00+00:00,3.757892238309993e-05
2024-09-20 01:00:12+00:00,1.2700802256226536e-05
2024-09-20 02:00:02+00:00,1.2353948766040517e-05
2024-09-20 03:00:05+00:00,1.1562796129143415e-05
2024-09-20 04:00:07+00:00,5.8360012196051525e-05
2024-09-20 05:00:17+00:00,2.122421258171322e-05
2024-09-20 06:00:17+00:00,8.986529586131852e-06
2024-09-20 07:00:18+00:00,1.2495664482503258e-05
2024-09-20 08:00:19+00:00,1.5233898940658104e-05
2024-09-20 09:00:07+00:00,-8.596660816682778e-06
2024-09-20 10:00:04+00:00,-3.432873556760401e-05
2024-09-20 11:00:03+00:00,-2.845247005988024e-05
2024-09-20 12:00:07+00:00,-2.6603686765769232e-05
2024-09-20 13:00:06+00:00,-2.6613433536871768e-05
2024-09-20 14:00:13+00:00,1.3006176751577295e-05
2024-09-20 15:00:11+00:00,1.503066902143983e-05
2024-09-20 16:00:13+00:00,1.427769158282489e-05
2024-09-20 17:00:10+00:00,1.1507172931471355e-05
2024-09-20 18:00:12+00:00,1.274074074074074e-05
2024-09-20 19:00:12+00:00,1.2355367550651266e-05
2024-09-20 20:00:13+00:00,1.1532990271426252e-05
2024-09-20 21:00:18+00:00,4.681904761904762e-05
2024-09-20 22:00:00+00:00,7.19183603789869e-05
2024-09-20 23:00:02+00:00,8.043149129447388e-05
2024-09-21 00:00:02+00:00,8.367832207580595e-05
2024-09-21 01:00:02+00:00,8.415353397432251e-05
2024-09-21 02:00:04+00:00,8.406216393692245e-05
2024-09-21 03:00:03+00:00,8.386438220254902e-05
2024-09-21 04:02:04+00:00,5.3610232168045446e-05
2024-09-21 05:00:20+00:00,7.238311601534908e-05
2024-09-21 06:00:17+00:00,2.9002784877732426e-05
2024-09-21 07:00:02+00:00,1.1492831251367628e-05
2024-09-21 08:00:19+00:00,9.093325233502923e-06
2024-09-21 09:00:19+00:00,1.1821672435642817e-05
2024-09-21 10:00:01+00:00,1.0985490861126813e-05
2024-09-21 11:00:19+00:00,1.2548835020004707e-05
2024-09-21 12:00:05+00:00,5.134669840164821e-05
2024-09-21 13:00:07+00:00,1.2143730599191045e-05
2024-09-21 14:00:06+00:00,8.969617527269322e-06
2024-09-21 15:00:06+00:00,7.706612143696398e-06
2024-09-21 16:00:08+00:00,1.0371148846728248e-05
2024-09-21 17:00:07+00:00,1.2245310404380017e-05
2024-09-21 18:00:04+00:00,8.034599280099904e-06
2024-09-21 19:00:12+00:00,1.2256682328493797e-05
2024-09-21 20:00:12+00:00,7.264411729591228e-06
2024-09-21 21:00:15+00:00,9.55756112340363e-06
2024-09-21 22:00:14+00:00,2.105698529411765e-05
2024-09-21 23:00:16+00:00,4.6287199169933976e-05
2024-09-22 00:00:10+00:00,2.5087120728347535e-05
2024-09-22 01:00:16+00:00,1.2928909260239954e-05
2024-09-22 02:00:14+00:00,1.3702133878982755e-05
2024-09-22 03:00:15+00:00,9.945360209376004e-06
2024-09-22 04:00:18+00:00,8.439596078720425e-06
2024-09-22 05:00:00+00:00,9.224411482547412e-06
2024-09-22 06:00:05+00:00,1.1181354535946018e-05
2024-09-22 07:00:10+00:00,1.1571395510298543e-05
2024-09-22 08:00:00+00:00,1.1575038660629126e-05
2024-09-22 09:00:03+00:00,8.477321314540088e-06
2024-09-22 10:00:08+00:00,9.660177056847498e-06
2024-09-22 11:00:09+00:00,1.087493821057835e-05
2024-09-22 12:00:18+00:00,1.0900558116054483e-05
2024-09-22 13:00:16+00:00,1.8725715088244933e-05
2024-09-22 14:00:06+00:00,1.132910680121544e-05
2024-09-22 15:00:05+00:00,1.1769690692528603e-05
2024-09-22 16:00:05+00:00,3.0264436456947708e-05
2024-09-22 17:00:04+00:00,1.7296858633802952e-05
2024-09-22 18:00:05+00:00,1.44745122718691e-05
2024-09-22 19:00:07+00:00,1.408834330474965e-05
2024-09-22 20:00:00+00:00,2.3118451496397735e-05
2024-09-22 21:00:02+00:00,4.0661774366096727e-05
2024-09-22 22:00:08+00:00,1.3319787786431879e-05
2024-09-22 23:00:10+00:00,8.261809666789414e-06
2024-09-23 00:00:09+00:00,1.2152875835451378e-05
2024-09-23 01:00:08+00:00,1.5715943286764082e-05
2024-09-23 02:00:10+00:00,1.3236613819922226e-05
2024-09-23 03:00:14+00:00,1.1658598916216645e-05
2024-09-23 04:00:16+00:00,2.3126092707880447e-05
2024-09-23 05:00:06+00:00,4.322371468272348e-05
2024-09-23 06:00:10+00:00,3.434923575729504e-05
2024-09-23 07:00:12+00:00,7.557892008959146e-05
2024-09-23 08:00:12+00:00,1.277714795472708e-05
2024-09-23 09:00:16+00:00,-1.2062602195748658e-05
2024-09-23 10:00:06+00:00,1.4789554818517306e-05
2024-09-23 11:00:08+00:00,4.0417890956578516e-05
2024-09-23 12:00:15+00:00,8.912241371257766e-05
2024-09-23 13:00:15+00:00,1.6770605090173605e-05
2024-09-23 14:00:16+00:00,1.4074199178066768e-05
2024-09-23 15:00:02+00:00,3.903124560828219e-05
2024-09-23 16:00:20+00:00,1.831087336693756e-05
2024-09-23 17:00:05+00:00,1.3257309777265961e-05
2024-09-23 18:00:09+00:00,1.4829317645295463e-05
2024-09-23 19:00:09+00:00,3.0342355126924404e-05
2024-09-23 20:00:09+00:00,-5.8313118119052065e-06
2024-09-23 21:00:08+00:00,-2.3719289074751696e-05
2024-09-23 22:00:09+00:00,1.3604426570620785e-05
2024-09-23 23:00:12+00:00,-4.7564687975646884e-05
2024-09-24 00:00:15+00:00,1.4263235838578305e-05
2024-09-24 01:00:13+00:00,7.217765096070112e-05
2024-09-24 02:00:13+00:00,9.433051869722558e-05
2024-09-24 03:00:16+00:00,9.72978983653953e-05
2024-09-24 04:00:07+00:00,1.8095616572553442e-05
2024-09-24 05:00:10+00:00,2.009071430559034e-05
2024-09-24 06:00:11+00:00,0.00010489594946116686
2024-09-24 07:00:13+00:00,3.789116151304799e-05
2024-09-24 08:00:11+00:00,1.3877966415321276e-05
2024-09-24 09:00:11+00:00,6.685848134417824e-05
2024-09-24 10:00:19+00:00,3.8793421343756915e-05
2024-09-24 11:00:20+00:00,6.018032937712761e-05
2024-09-24 12:00:01+00:00,0.00011247199676815161
2024-09-24 13:00:02+00:00,0.00012047729726761956
2024-09-24 14:00:06+00:00,4.991905759258074e-05
2024-09-24 15:00:00+00:00,2.4575505613834554e-05
2024-09-24 16:00:13+00:00,1.3494127555600803e-05
2024-09-24 17:00:13+00:00,1.5850772585958888e-05
2024-09-24 18:00:00+00:00,8.915329275041505e-05
2024-09-24 19:00:01+00:00,3.4795139143843164e-05
2024-09-24 20:00:08+00:00,2.0590442374215277e-05
2024-09-24 21:00:16+00:00,2.2486711981630057e-05
2024-09-24 22:00:15+00:00,5.1535057581837675e-05
2024-09-24 23:00:05+00:00,2.849535411746469e-05
2024-09-25 00:00:05+00:00,3.377725956020332e-05
2024-09-25 01:00:13+00:00,0.00010492772070188198
2024-09-25 02:00:07+00:00,6.645520866373646e-05
2024-09-25 03:00:05+00:00,6.031105521727723e-05
2024-09-25 04:00:06+00:00,3.319118885297553e-05
2024-09-25 05:00:11+00:00,3.4747214693004326e-05
2024-09-25 06:00:10+00:00,3.595174944591796e-05
2024-09-25 07:00:09+00:00,2.3196158621193308e-05
2024-09-25 08:00:13+00:00,1.2593535623677679e-05
2024-09-25 09:00:14+00:00,1.2207183281745087e-05
2024-09-25 10:00:03+00:00,6.992397773437141e-05
2024-09-25 11:00:01+00:00,6.95432868672047e-05
2024-09-25 12:00:01+00:00,3.427036116391286e-05
2024-09-25 13:00:01+00:00,1.407061788365489e-05
2024-09-25 14:00:07+00:00,1.296169161060003e-05
2024-09-25 15:00:10+00:00,4.298836720904326e-05
2024-09-25 16:00:06+00:00,1.4066251038310223e-05
2024-09-25 17:00:03+00:00,9.860873365626253e-06
2024-09-25 18:00:04+00:00,4.55879939459144e-06
2024-09-25 19:00:04+00:00,2.653342208200742e-06
2024-09-25 20:00:11+00:00,2.650056006338278e-06
2024-09-25 21:00:10+00:00,-4.53827581825113e-06
2024-09-25 22:00:07+00:00,-6.418915855991442e-06
2024-09-25 23:00:06+00:00,7.565399690092061e-07
2024-09-26 00:00:09+00:00,5.0079367263985614e-05
2024-09-26 01:00:08+00:00,1.0739219334278924e-05
2024-09-26 02:00:08+00:00,1.5039333641832486e-05
2024-09-26 03:00:38+00:00,1.8056067871634085e-05
2024-09-26 04:00:20+00:00,5.981301531213191e-05
2024-09-26 05:00:05+00:00,1.4545621611687954e-05
2024-09-26 06:00:05+00:00,7.085843855430499e-05
2024-09-26 07:00:07+00:00,3.3732121975353064e-05
2024-09-26 08:00:10+00:00,2.476068808275446e-05
2024-09-26 09:00:13+00:00,1.2462155882560022e-05
2024-09-26 10:00:13+00:00,2.2354183161784113e-05
2024-09-26 11:00:14+00:00,4.700439873722137e-05
2024-09-26 12:00:12+00:00,0.00010135365714935731
2024-09-26 13:00:14+00:00,0.00013166371960293422
2024-09-26 14:00:02+00:00,0.00014131612993461312
2024-09-26 15:00:18+00:00,0.00014621339440434
2024-09-26 16:00:17+00:00,0.00013200103591160222
2024-09-26 17:00:04+00:00,6.46159089940778e-05
2024-09-26 18:00:08+00:00,2.430262045646661e-05
2024-09-26 19:00:15+00:00,1.1284369497494244e-05
2024-09-26 20:00:02+00:00,6.690122976470389e-06
2024-09-26 21:00:09+00:00,5.670932638516361e-06
2024-09-26 22:00:04+00:00,0.00010611603022118902
2024-09-26 23:00:03+00:00,0.0001432876222579739
2024-09-27 00:00:00+00:00,0.00015287273344940337
2024-09-27 01:00:09+00:00,0.00016197057852079574
2024-09-27 02:00:03+00:00,0.0001617951863288355
2024-09-27 03:00:04+00:00,0.0001393536557414623
2024-09-27 04:00:05+00:00,0.00015135093943422268
2024-09-27 05:00:07+00:00,0.00013216659133899128
2024-09-27 06:00:10+00:00,0.0001304412641621944
2024-09-27 07:00:13+00:00,0.0001467372652841104
2024-09-27 08:00:15+00:00,3.666405944466172e-05
2024-09-27 09:00:03+00:00,1.4168663773560463e-05
2024-09-27 10:00:03+00:00,6.691902886291729e-05
2024-09-27 11:00:18+00:00,0.00010372699423694018
2024-09-27 12:00:16+00:00,9.301230639347988e-05
2024-09-27 13:00:16+00:00,5.099418807298548e-05
2024-09-27 14:00:17+00:00,8.298256648442918e-05
2024-09-27 15:00:14+00:00,7.354636601442304e-05
2024-09-27 16:00:14+00:00,7.591336861117273e-05
2024-09-27 17:00:01+00:00,0.0001055686199988915
2024-09-27 18:00:03+00:00,0.00012064469684850424
2024-09-27 19:00:03+00:00,0.00012656091798852516
2024-09-27 20:00:05+00:00,0.00010554885404101327
2024-09-27 21:00:08+00:00,-1.3372322514641083e-06
2024-09-27 22:00:06+00:00,-4.06706092120019e-05
2024-09-27 23:00:06+00:00,-5.474758549523548e-05
2024-09-28 00:00:09+00:00,-4.3670727872342145e-05
2024-09-28 01:00:07+00:00,-6.743536270160155e-05
2024-09-28 02:00:06+00:00,-4.6523398272745534e-05
2024-09-28 03:00:09+00:00,-2.7261046868890007e-05
2024-09-28 04:00:07+00:00,-2.649801642511309e-05
2024-09-28 05:00:14+00:00,-2.6800816333013043e-05
2024-09-28 06:00:17+00:00,-1.0294645349069018e-05
2024-09-28 07:00:18+00:00,-1.440845682289907e-05
2024-09-28 08:00:21+00:00,-2.5676585322336033e-05
2024-09-28 09:00:05+00:00,5.8874458874458877e-05
2024-09-28 10:00:05+00:00,1.3994837969601376e-05
2024-09-28 11:00:04+00:00,1.291264590963595e-05
2024-09-28 12:00:06+00:00,1.2808479650457156e-05
2024-09-28 13:00:03+00:00,1.1113086770981507e-05
2024-09-28 14:00:09+00:00,1.1123605504364498e-05
2024-09-28 15:00:15+00:00,1.7072863133335437e-05
2024-09-28 16:00:15+00:00,1.5759400818469618e-05
2024-09-28 17:00:14+00:00,1.2182452035923995e-05
2024-09-28 18:00:19+00:00,1.0921291118738192e-05
2024-09-28 19:00:18+00:00,1.504360185932158e-05
2024-09-28 20:00:02+00:00,1.2444478480624903e-05
2024-09-28 21:00:11+00:00,1.3698944469940341e-05
2024-09-28 22:00:11+00:00,1.0595587612024258e-05
2024-09-28 23:00:16+00:00,1.1589186516367796e-05
2024-09-29 00:00:12+00:00,1.3903228561004201e-05
2024-09-29 01:00:14+00:00,1.3286762246302967e-05
2024-09-29 02:00:14+00:00,1.1010458380311809e-05
2024-09-29 03:00:13+00:00,1.1269478110314125e-05
2024-09-29 04:00:15+00:00,8.697736269173677e-06
2024-09-29 05:00:13+00:00,1.2900727892210004e-05
2024-09-29 06:00:16+00:00,1.069314938524112e-05
2024-09-29 07:00:15+00:00,1.2055167450265589e-05
2024-09-29 08:00:00+00:00,1.0159194818889335e-05
2024-09-29 09:00:00+00:00,1.282719206845379e-05
2024-09-29 10:00:00+00:00,4.959166298795485e-05
2024-09-29 11:00:04+00:00,0.00011048502927853276
2024-09-29 12:00:07+00:00,3.083658813153585e-05
2024-09-29 13:00:03+00:00,8.536431566667718e-06
2024-09-29 14:00:12+00:00,9.286041696302968e-05
2024-09-29 15:00:14+00:00,9.481145539310518e-05
2024-09-29 16:00:16+00:00,2.6432870976184242e-05
2024-09-29 17:00:18+00:00,2.382370458606313e-05
2024-09-29 18:00:04+00:00,4.119340652387129e-05
2024-09-29 19:00:05+00:00,7.785398927783032e-05
2024-09-29 20:00:07+00:00,2.5170260176380126e-05
2024-09-29 21:00:05+00:00,5.785085070166217e-05
2024-09-29 22:00:05+00:00,6.60881856374416e-05
2024-09-29 23:00:04+00:00,3.614068291144231e-05
2024-09-30 00:00:03+00:00,3.579069600973507e-05
2024-09-30 01:00:06+00:00,1.6081436393898703e-05
2024-09-30 02:00:01+00:00,3.364534287398745e-05
2024-09-30 03:00:00+00:00,6.580425615057721e-05
2024-09-30 04:00:01+00:00,0.0001239467468678234
2024-09-30 05:00:14+00:00,0.00013389425828713472
2024-09-30 06:00:14+00:00,0.0001392450461759168
2024-09-30 07:00:11+00:00,0.00014278969433025358
2024-09-30 08:00:04+00:00,0.0001535888944040751
2024-09-30 09:00:08+00:00,0.0001678053155062775
2024-09-30 10:00:08+00:00,0.00020167522601604674
2024-09-30 11:00:15+00:00,0.0002054309816205108
2024-09-30 12:00:18+00:00,0.00014521736965703805
2024-09-30 13:00:18+00:00,0.0001512857795687757
2024-09-30 14:00:14+00:00,0.00010685445385962437
2024-09-30 15:00:04+00:00,0.000135694841090903
2024-09-30 16:00:03+00:00,0.0001471782651742713
2024-09-30 17:00:03+00:00,0.00014742830054515288
2024-09-30 18:00:03+00:00,0.00015312210896189983
2024-09-30 19:00:12+00:00,0.00015463138317296668
2024-09-30 20:00:10+00:00,0.00015484341724573863
2024-09-30 21:00:17+00:00,0.00019151830602708936
2024-09-30 22:00:18+00:00,0.00018733150221846609
2024-09-30 23:00:15+00:00,0.00016849523094510894
2024-10-01 00:00:16+00:00,6.452338518505702e-05
2024-10-01 01:00:14+00:00,-1.8039895923677363e-06
2024-10-01 02:00:17+00:00,-2.1537427741929924e-06
2024-10-01 03:00:18+00:00,-2.506092992412825e-06
2024-10-01 04:00:20+00:00,-5.6958128078817725e-06
2024-10-01 05:00:03+00:00,-1.7687375635640063e-06
2024-10-01 06:00:16+00:00,-7.044644372772026e-07
2024-10-01 07:00:09+00:00,-3.5164537915993947e-06
2024-10-01 08:00:10+00:00,-4.216704898124409e-06
2024-10-01 09:00:07+00:00,-0.00010589109454290613
2024-10-01 10:00:10+00:00,-4.645152572147665e-05
2024-10-01 11:00:11+00:00,-2.0763642507180266e-05
2024-10-01 12:00:09+00:00,-7.731458426530045e-06
2024-10-01 13:00:32+00:00,-5.989999746186452e-06
2024-10-01 14:01:20+00:00,-2.646715428728409e-05
2024-10-01 15:00:09+00:00,-3.2748803577042654e-05
2024-10-01 16:00:08+00:00,-4.5699763698782826e-05
2024-10-01 17:00:51+00:00,-7.231703789412785e-05
2024-10-01 18:00:41+00:00,-7.82655365140467e-05
2024-10-01 19:00:19+00:00,-5.865246584857606e-05
2024-10-01 20:00:00+00:00,-2.2908589322994333e-05
2024-10-01 21:00:05+00:00,-2.11482066320776e-05
2024-10-01 22:00:17+00:00,-9.369173545201577e-06
2024-10-01 23:00:07+00:00,1.1710698894510023e-06
2024-10-02 00:00:03+00:00,1.5528821867574698e-06
2024-10-02 01:00:14+00:00,3.496568700581829e-06
2024-10-02 02:00:34+00:00,1.929499072356215e-06
2024-10-02 03:00:17+00:00,2.6920764142652295e-06
2024-10-02 04:00:40+00:00,3.837779991881619e-06
2024-10-02 05:00:02+00:00,1.0406934255927327e-05
2024-10-02 06:00:26+00:00,1.0802297572725588e-05
2024-10-02 07:00:04+00:00,1.3072740197752893e-05
2024-10-02 08:00:04+00:00,2.0695173885449914e-05
2024-10-02 09:00:05+00:00,4.218830547168421e-05
2024-10-02 10:00:02+00:00,5.489621127061159e-05
2024-10-02 11:00:28+00:00,1.2052692016842027e-05
2024-10-02 12:00:09+00:00,1.1723439375750302e-05
2024-10-02 13:00:07+00:00,1.179645917481409e-05
2024-10-02 14:00:05+00:00,1.3838794183530126e-05
2024-10-02 15:00:34+00:00,1.2599958409739682e-05
2024-10-02 16:00:02+00:00,1.177933998002224e-05
2024-10-02 17:00:11+00:00,1.1325283132078301e-05
2024-10-02 18:00:08+00:00,1.1376050024484874e-05
2024-10-02 19:00:43+00:00,7.9199825056809e-06
2024-10-02 20:00:17+00:00,9.596284318711796e-06
2024-10-02 21:00:04+00:00,2.590420799892863e-05
2024-10-02 22:00:07+00:00,6.475019069412662e-05
2024-10-02 23:00:04+00:00,2.7440275643534116e-05
2024-10-03 00:00:05+00:00,8.494745567316763e-05
2024-10-03 01:00:37+00:00,9.3918816099825e-05
2024-10-03 02:00:08+00:00,7.324034172525895e-05
2024-10-03 03:00:09+00:00,2.196963989754407e-05
2024-10-03 04:00:04+00:00,1.1766034752160245e-05
2024-10-03 05:00:03+00:00,1.0610004526935266e-05
2024-10-03 06:00:43+00:00,1.0641316685584564e-05
2024-10-03 07:00:08+00:00,1.49695502515414e-05
2024-10-03 08:00:10+00:00,4.6570670708601745e-05
2024-10-03 09:00:05+00:00,9.099392924832357e-05
2024-10-03 10:00:05+00:00,6.443560792964327e-06
2024-10-03 11:00:08+00:00,-7.612649895097493e-06
2024-10-03 12:00:28+00:00,1.1175111894881107e-05
2024-10-03 13:00:13+00:00,1.2406304055352681e-05
2024-10-03 14:00:23+00:00,2.088073111479582e-05
2024-10-03 15:00:09+00:00,4.05363748458693e-05
2024-10-03 16:01:22+00:00,4.3222384890586674e-05
2024-10-03 17:00:16+00:00,-4.614159154491763e-05
2024-10-03 18:00:19+00:00,1.4509155276979774e-05
2024-10-03 19:00:00+00:00,1.2041461159062887e-05
2024-10-03 20:00:27+00:00,3.99696821422061e-05
2024-10-03 21:00:27+00:00,4.8685407786983386e-05
2024-10-03 22:00:08+00:00,9.398866362706583e-05
2024-10-03 23:00:08+00:00,4.168492863540217e-05
2024-10-04 00:00:07+00:00,1.1891058875010702e-05
2024-10-04 01:00:07+00:00,1.5046098279631213e-05
2024-10-04 02:00:00+00:00,1.3374388423975671e-05
2024-10-04 03:00:04+00:00,1.5285485843288496e-05
2024-10-04 04:00:05+00:00,1.4099069461415547e-05
2024-10-04 05:00:18+00:00,1.0914639283340666e-05
2024-10-04 06:00:10+00:00,0.00010071587950911118
2024-10-04 07:00:09+00:00,0.00013476491904466215
2024-10-04 08:00:10+00:00,0.00014792910378582817
2024-10-04 09:00:10+00:00,0.00015629099913151134
2024-10-04 10:00:19+00:00,0.00017205525618947096
2024-10-04 11:00:23+00:00,0.000178176859642125
2024-10-04 12:00:08+00:00,0.00017129312420140368
2024-10-04 13:00:17+00:00,0.0001687313625151861
2024-10-04 14:00:04+00:00,0.00017944234839422103
2024-10-04 15:00:06+00:00,8.731939833447707e-05
2024-10-04 16:00:10+00:00,3.85933707594538e-05
2024-10-04 17:00:19+00:00,3.9538183694530446e-05
2024-10-04 18:00:23+00:00,1.3791708424894954e-05
2024-10-04 19:00:04+00:00,3.55703650666887e-05
2024-10-04 20:00:06+00:00,3.534487476512761e-05
2024-10-04 21:00:04+00:00,1.8946353531862254e-05
2024-10-04 22:00:03+00:00,1.705910182691608e-05
2024-10-04 23:00:02+00:00,0.00010331184991385361
2024-10-05 00:00:04+00:00,0.00014097979862641633
2024-10-05 01:00:04+00:00,0.00015916923469666856
2024-10-05 02:00:04+00:00,0.00016624211381668447
2024-10-05 03:00:10+00:00,0.0001707791195591377
2024-10-05 04:00:11+00:00,4.9548760589607206e-05
2024-10-05 05:00:35+00:00,1.0761321999796956e-05
2024-10-05 06:00:03+00:00,5.020558718828475e-05
2024-10-05 07:00:04+00:00,1.9514390140870937e-05
2024-10-05 08:00:11+00:00,1.2224198961905984e-05
2024-10-05 09:00:11+00:00,1.3726584734207565e-05
2024-10-05 10:00:02+00:00,0.00011134216190580424
2024-10-05 11:00:03+00:00,0.0001786395190790254
2024-10-05 12:00:03+00:00,0.00019947192427869243
2024-10-05 13:00:24+00:00,7.033488456976e-05
2024-10-05 14:00:22+00:00,5.2920641883247436e-05
2024-10-05 15:00:03+00:00,0.00010300782859497322
2024-10-05 16:00:24+00:00,0.00012277057386275245
2024-10-05 17:00:06+00:00,9.678982988842144e-05
2024-10-05 18:00:07+00:00,5.984829769518633e-05
2024-10-05 19:00:08+00:00,1.0322142601546945e-05
2024-10-05 20:00:12+00:00,3.300418194211602e-05
2024-10-05 21:00:10+00:00,5.385482291647422e-06
2024-10-05 22:00:12+00:00,8.8386168210503e-06
2024-10-05 23:00:07+00:00,2.1395229404913656e-05
2024-10-06 00:00:07+00:00,2.208813311391479e-05
2024-10-06 01:00:07+00:00,0.00011014856013758279
2024-10-06 02:00:16+00:00,0.0001348559445660102
2024-10-06 03:00:07+00:00,3.6462748744314085e-05
2024-10-06 04:00:07+00:00,1.0661156269143908e-05
2024-10-06 05:00:12+00:00,1.1076471666972308e-05
2024-10-06 06:00:14+00:00,6.0067588664205556e-05
2024-10-06 07:00:00+00:00,8.074842241593107e-05
2024-10-06 08:00:17+00:00,4.168732213348022e-05
2024-10-06 09:00:04+00:00,1.1456223478842648e-05
2024-10-06 10:00:03+00:00,3.27984401746565e-05
2024-10-06 11:00:16+00:00,7.788804281093364e-05
2024-10-06 12:00:08+00:00,0.00010034890429399537
2024-10-06 13:00:07+00:00,0.00010469376753195727
2024-10-06 14:00:16+00:00,0.0001031754702208627
2024-10-06 15:00:10+00:00,8.957947513437824e-05
2024-10-06 16:00:16+00:00,3.0277204629048174e-05
2024-10-06 17:00:16+00:00,3.620318939258197e-05
2024-10-06 18:00:17+00:00,2.8049294952922067e-05
2024-10-06 19:00:18+00:00,7.779662994981731e-05
2024-10-06 20:00:13+00:00,0.00011600815542003107
2024-10-06 21:00:01+00:00,9.796238244514106e-05
2024-10-06 22:00:00+00:00,3.61291254945174e-05
2024-10-06 23:00:01+00:00,2.2971360381861574e-05
2024-10-07 00:00:19+00:00,9.066549172294107e-05
2024-10-07 01:00:22+00:00,0.0001130277259706767
2024-10-07 02:00:23+00:00,5.7938233249135284e-05
2024-10-07 03:00:02+00:00,4.990252047944188e-05
2024-10-07 04:00:03+00:00,2.6634552222465515e-05
2024-10-07 05:00:04+00:00,8.549331836834905e-05
2024-10-07 06:00:05+00:00,0.00013645263536828426
2024-10-07 07:00:23+00:00,8.72490865919585e-05
2024-10-07 08:00:02+00:00,4.460180407848093e-05
2024-10-07 09:00:22+00:00,9.75688902141692e-05
2024-10-07 10:00:03+00:00,8.52026273391994e-05
2024-10-07 11:00:08+00:00,3.1561965202509983e-05
2024-10-07 12:00:05+00:00,1.1942197256788598e-05
2024-10-07 13:00:03+00:00,7.966786355475763e-05
2024-10-07 14:00:29+00:00,0.00012729129710261787
2024-10-07 15:00:02+00:00,3.360696429204638e-05
2024-10-07 16:00:05+00:00,8.885808475284123e-06
2024-10-07 17:00:04+00:00,4.958083194202692e-05
2024-10-07 18:00:03+00:00,1.222320007822848e-05
2024-10-07 19:02:41+00:00,3.7325820315654417e-06
2024-10-07 20:00:11+00:00,1.1633145905420992e-05
2024-10-07 21:00:28+00:00,1.0885530714678343e-05
2024-10-07 22:00:02+00:00,1.1584709260588659e-05
2024-10-07 23:00:16+00:00,9.335653047314992e-06
2024-10-08 00:00:02+00:00,8.305677964564858e-06
2024-10-08 01:00:35+00:00,1.2931861146880738e-05
2024-10-08 02:00:48+00:00,1.1803752331492521e-05
2024-10-08 03:00:35+00:00,1.4467719529136506e-05
2024-10-08 04:00:01+00:00,8.602779275122656e-05
2024-10-08 05:00:01+00:00,0.00013248663712366943
2024-10-08 06:00:03+00:00,0.00014106574419931183
2024-10-08 07:00:06+00:00,0.00012113440242953964
2024-10-08 08:00:13+00:00,6.004649000464899e-05
2024-10-08 09:00:16+00:00,1.3551571257284667e-05
2024-10-08 10:00:20+00:00,1.4328885582779301e-05
2024-10-08 11:00:27+00:00,3.7978215777283764e-05
2024-10-08 12:00:06+00:00,0.0001126042459926819
2024-10-08 13:00:10+00:00,5.772091639393038e-05
2024-10-08 14:00:55+00:00,4.0332489388636535e-05
2024-10-08 15:00:30+00:00,1.5547861469114257e-05
2024-10-08 16:00:15+00:00,7.259205140453911e-05
2024-10-08 17:00:21+00:00,0.00012035184804352297
2024-10-08 18:00:08+00:00,0.0001422784383800017
2024-10-08 19:00:24+00:00,0.00014845328046682126
2024-10-08 20:00:17+00:00,0.00015463358543129317
2024-10-08 21:00:17+00:00,0.00015231460757982694
2024-10-08 22:00:24+00:00,0.0001510531893138002
2024-10-08 23:00:05+00:00,0.00015264449899575987
2024-10-09 00:00:05+00:00,0.00015315861657165782
2024-10-09 01:00:09+00:00,0.00012834448549598428
2024-10-09 02:00:04+00:00,0.00011745459586857064
2024-10-09 03:00:08+00:00,9.586128827411027e-05
2024-10-09 04:00:08+00:00,8.995525665407973e-05
2024-10-09 05:00:05+00:00,8.575366380300455e-05
2024-10-09 06:00:08+00:00,7.98532783127006e-05
2024-10-09 07:00:14+00:00,8.055603918298527e-05
2024-10-09 08:00:08+00:00,8.221063837597738e-05
2024-10-09 09:00:17+00:00,8.612611619446587e-05
2024-10-09 10:00:03+00:00,8.521351529826105e-05
2024-10-09 11:00:08+00:00,9.664347076674826e-05
2024-10-09 12:00:21+00:00,9.506511997225442e-05
2024-10-09 13:01:12+00:00,6.628724168341046e-05
2024-10-09 14:00:10+00:00,2.4775392947978995e-05
2024-10-09 15:00:19+00:00,3.32825296558816e-05
2024-10-09 16:00:09+00:00,7.949920046518389e-05
2024-10-09 17:00:03+00:00,0.00016219928145891127
2024-10-09 18:00:21+00:00,0.00019033752240897635
2024-10-09 19:00:13+00:00,8.418896802684392e-05
2024-10-09 20:00:10+00:00,4.318236017096839e-05
2024-10-09 21:00:06+00:00,1.1923673710654648e-05
2024-10-09 22:00:15+00:00,4.523984075576054e-05
2024-10-09 23:00:18+00:00,6.626674107142857e-05
2024-10-10 00:00:02+00:00,6.997309084160712e-05
2024-10-10 01:00:11+00:00,6.99886770738589e-05
2024-10-10 02:00:15+00:00,6.841563308811932e-05
2024-10-10 03:00:23+00:00,6.918238993710693e-05
2024-10-10 04:00:17+00:00,6.486346241162354e-05
2024-10-10 05:00:21+00:00,1.5040447233483274e-05
2024-10-10 06:00:01+00:00,2.6999250020832756e-05
2024-10-10 07:00:15+00:00,0.00011338498134932756
2024-10-10 08:00:09+00:00,4.446403712296984e-05
2024-10-10 09:00:13+00:00,1.4359729392250777e-05
2024-10-10 10:00:03+00:00,1.9931716284915678e-05
2024-10-10 11:00:04+00:00,3.2027602242682214e-05
2024-10-10 12:00:08+00:00,0.00010905657555248102
2024-10-10 13:00:19+00:00,0.00014174859188588885
2024-10-10 14:00:14+00:00,8.818383625554969e-05
2024-10-10 15:00:13+00:00,5.1717439711943905e-05
2024-10-10 16:00:10+00:00,2.652310674813977e-05
2024-10-10 17:00:18+00:00,1.7421967075998937e-05
2024-10-10 18:00:00+00:00,1.3487641091584514e-05
2024-10-10 19:00:10+00:00,1.590861173403868e-06
2024-10-10 20:00:34+00:00,1.0369093781416057e-05
2024-10-10 21:00:07+00:00,2.8687819151988067e-05
2024-10-10 22:00:18+00:00,4.361198663073598e-06
2024-10-10 23:00:13+00:00,4.334289148189157e-06
2024-10-11 00:00:14+00:00,4.323487487374095e-06
2024-10-11 01:00:15+00:00,5.0997322876211305e-06
2024-10-11 02:00:08+00:00,7.06713780918728e-06
2024-10-11 03:00:09+00:00,2.222284602140879e-05
2024-10-11 04:00:10+00:00,1.550228905348569e-05
2024-10-11 05:00:14+00:00,0.00011279279614504456
2024-10-11 06:00:13+00:00,8.162564183511452e-05
2024-10-11 07:00:06+00:00,2.819264821767951e-05
2024-10-11 08:00:07+00:00,1.622217896307832e-05
2024-10-11 09:00:06+00:00,1.4663924707277306e-05
2024-10-11 10:00:10+00:00,1.3086997107182137e-05
2024-10-11 11:00:12+00:00,1.650858612393883e-05
2024-10-11 12:00:19+00:00,2.4943122680004056e-05
2024-10-11 13:00:06+00:00,3.645977265609167e-05
2024-10-11 14:00:17+00:00,3.952907796191722e-05
2024-10-11 15:00:06+00:00,5.3197255164938135e-05
2024-10-11 16:00:12+00:00,2.70418517909056e-05
2024-10-11 17:00:06+00:00,1.1010646055126148e-05
2024-10-11 18:00:08+00:00,3.509518720452117e-05
2024-10-11 19:00:04+00:00,1.4685813955590097e-05
2024-10-11 20:00:01+00:00,1.1272127185665462e-05
2024-10-11 21:00:11+00:00,1.0887002289154454e-05
2024-10-11 22:00:01+00:00,2.9985695392836903e-05
2024-10-11 23:00:09+00:00,1.2749061377366815e-05
2024-10-12 00:00:07+00:00,1.689387045329633e-05
2024-10-12 01:00:08+00:00,0.00010233826056445736
2024-10-12 02:00:20+00:00,0.00012861334101299543
2024-10-12 03:00:00+00:00,3.4978922378386184e-05
2024-10-12 04:00:04+00:00,1.1718891833992956e-05
2024-10-12 05:00:08+00:00,0.00010324296359494269
2024-10-12 06:00:13+00:00,0.00012781347564074638
2024-10-12 07:00:11+00:00,7.690846083549733e-05
2024-10-12 08:00:17+00:00,1.3531067330591038e-05
2024-10-12 09:00:01+00:00,5.398353502181835e-05
2024-10-12 10:00:08+00:00,0.00010231524789522919
2024-10-12 11:00:11+00:00,0.00011315968736555285
2024-10-12 12:00:08+00:00,0.00011042862387292605
2024-10-12 13:00:34+00:00,2.6946914578280787e-05
2024-10-12 14:00:21+00:00,1.4952163845560124e-05
2024-10-12 15:00:18+00:00,2.089921258431798e-05
2024-10-12 16:00:09+00:00,1.3430871305391152e-05
2024-10-12 17:00:38+00:00,1.344435381954092e-05
2024-10-12 18:00:24+00:00,1.380527485128646e-05
2024-10-12 19:00:22+00:00,1.3813937644548828e-05
2024-10-12 20:00:00+00:00,1.5335164933828942e-05
2024-10-12 21:00:01+00:00,4.708351269909599e-05
2024-10-12 22:00:06+00:00,1.2678061402644845e-05
2024-10-12 23:00:06+00:00,1.2675791565585585e-05
2024-10-13 00:00:07+00:00,1.1571210898987183e-05
2024-10-13 01:00:09+00:00,1.714526044509669e-05
2024-10-13 02:00:12+00:00,4.609351812711918e-05
2024-10-13 03:00:13+00:00,0.00011821235893325168
2024-10-13 04:00:12+00:00,0.00014751587766316832
2024-10-13 05:00:14+00:00,0.0001477803318727103
2024-10-13 06:00:11+00:00,0.00010874536991363151
2024-10-13 07:00:24+00:00,8.628340400354995e-05
2024-10-13 08:00:18+00:00,5.347382403360289e-05
2024-10-13 09:00:01+00:00,9.51600480054454e-05
2024-10-13 10:00:03+00:00,0.00010761846879859857
2024-10-13 11:00:05+00:00,0.00012124929485400119
2024-10-13 12:00:00+00:00,4.720289151426876e-05
2024-10-13 13:00:00+00:00,2.8799454174933342e-05
2024-10-13 14:00:00+00:00,3.5079547083273615e-05
2024-10-13 15:00:02+00:00,3.688211217559484e-07
2024-10-13 16:00:07+00:00,1.361754666279323e-05
2024-10-13 17:00:13+00:00,1.360112435961373e-05
2024-10-13 18:00:13+00:00,1.0947780536876257e-05
2024-10-13 19:00:06+00:00,1.3653741125068269e-05
2024-10-13 20:00:05+00:00,1.9693952701781186e-05
2024-10-13 21:00:07+00:00,8.976619882190387e-05
2024-10-13 22:00:02+00:00,0.00012493998061260543
2024-10-13 23:00:12+00:00,0.00013599314759715083
2024-10-14 00:00:12+00:00,0.00014129584154140917
2024-10-14 01:00:12+00:00,0.0001760690551863623
2024-10-14 02:02:44+00:00,0.0001078654126422319
2024-10-14 03:00:07+00:00,6.172289682251145e-05
2024-10-14 04:00:02+00:00,8.772245514908319e-05
2024-10-14 05:00:10+00:00,3.3753884234238246e-05
2024-10-14 06:00:11+00:00,2.0453530934737973e-05
2024-10-14 07:00:12+00:00,1.0039981437189876e-05
2024-10-14 08:00:01+00:00,1.3378761661820582e-05
2024-10-14 09:00:21+00:00,1.4480742839829616e-05
2024-10-14 10:00:00+00:00,1.0363891703553589e-05
2024-10-14 11:00:02+00:00,5.530532966400907e-06
2024-10-14 12:00:10+00:00,2.4677276746242263e-05
2024-10-14 13:00:10+00:00,1.2891360666318889e-05
2024-10-14 14:00:15+00:00,2.7625774626720536e-05
2024-10-14 15:00:11+00:00,1.0571916159803963e-05
2024-10-14 16:00:02+00:00,2.131478767592504e-05
2024-10-14 17:00:13+00:00,9.765455460842693e-06
2024-10-14 18:00:12+00:00,1.4131909416634777e-05
2024-10-14 19:01:39+00:00,1.447638246845782e-05
2024-10-14 20:00:00+00:00,0.00014303795273679285
2024-10-14 21:00:40+00:00,7.777998634529129e-05
2024-10-14 22:00:07+00:00,6.229958772331654e-05
2024-10-14 23:00:04+00:00,0.00019618507539631395
2024-10-15 00:00:11+00:00,0.00015742803289924606
2024-10-15 01:00:41+00:00,0.00012020253595438685
2024-10-15 02:00:07+00:00,5.6270437847708836e-05
2024-10-15 03:00:08+00:00,1.5166398509611314e-05
2024-10-15 04:00:15+00:00,1.0992566606779459e-05
2024-10-15 05:00:07+00:00,1.3876198690086843e-05
2024-10-15 06:00:06+00:00,1.3592182992169253e-05
2024-10-15 07:00:23+00:00,1.3626229846866312e-05
2024-10-15 08:00:03+00:00,6.021401782334928e-05
2024-10-15 09:00:10+00:00,0.00011318775790921595
2024-10-15 10:00:19+00:00,7.360900441257585e-05
2024-10-15 11:00:05+00:00,1.579845549196718e-05
2024-10-15 12:00:04+00:00,1.3794726109765238e-05
2024-10-15 13:00:20+00:00,1.1297902318214038e-05
2024-10-15 14:00:13+00:00,1.629471269162582e-05
2024-10-15 15:00:00+00:00,9.79146358445899e-06
2024-10-15 16:00:08+00:00,8.452071110326877e-06
2024-10-15 17:00:04+00:00,1.0223586146427006e-05
2024-10-15 18:00:08+00:00,1.5974691487136583e-05
2024-10-15 19:00:14+00:00,1.4394207756974625e-05
2024-10-15 20:00:18+00:00,1.3026939711323016e-05
2024-10-15 21:08:17+00:00,-0.00010628491005849497
2024-10-15 22:00:03+00:00,4.0306055142693814e-05
2024-10-15 23:00:17+00:00,0.00010880349344978165
2024-10-16 00:00:17+00:00,0.00013082822218196563
2024-10-16 01:00:17+00:00,0.00012512011805889217
2024-10-16 02:00:02+00:00,0.00012369046495465426
2024-10-16 03:00:17+00:00,0.00012088147197261446
2024-10-16 04:00:16+00:00,0.00012108561288608093
2024-10-16 05:00:16+00:00,0.00011986506618264012
2024-10-16 06:00:16+00:00,0.00011597671300303818
2024-10-16 07:00:17+00:00,0.00011549643352151718
2024-10-16 08:00:17+00:00,9.34328106558759e-05
2024-10-16 09:00:04+00:00,2.61285796814393e-05
2024-10-16 10:00:11+00:00,5.1601280380897234e-05
2024-10-16 11:00:08+00:00,2.158852651131644e-05
2024-10-16 12:00:19+00:00,1.2600493512696012e-05
2024-10-16 13:00:04+00:00,7.334633744072822e-05
2024-10-16 14:01:29+00:00,9.351850383084024e-05
2024-10-16 15:00:35+00:00,6.233476340494245e-05
2024-10-16 16:00:15+00:00,0.00012989640018403644
2024-10-16 17:00:21+00:00,5.723087672494561e-05
2024-10-16 18:00:21+00:00,4.3372999913254e-05
2024-10-16 19:00:09+00:00,4.0124723713293345e-05
2024-10-16 20:00:20+00:00,4.2056701234178456e-05
2024-10-16 21:00:17+00:00,5.3965058482954505e-05
2024-10-16 22:00:06+00:00,0.00012197916911943614
2024-10-16 23:00:15+00:00,0.00016233894009397949
2024-10-17 00:00:16+00:00,0.00014721807245105247
2024-10-17 01:00:20+00:00,8.197930881279553e-05
2024-10-17 02:00:17+00:00,5.298897829251516e-05
2024-10-17 03:00:24+00:00,0.00020066190140393615
2024-10-17 04:00:18+00:00,0.00027892284039588734
2024-10-17 05:00:09+00:00,0.00023650596122195015
2024-10-17 06:00:09+00:00,0.00018322655607016638
2024-10-17 07:00:15+00:00,0.00015074916241451762
2024-10-17 08:00:08+00:00,0.00018437359676695106
2024-10-17 09:00:11+00:00,0.00016835570387456136
2024-10-17 10:00:11+00:00,0.00011506753344086547
2024-10-17 11:00:01+00:00,0.0001248153196907982
2024-10-17 12:00:14+00:00,0.00012124506494249585
2024-10-17 13:00:17+00:00,8.664150572670635e-05
2024-10-17 14:00:01+00:00,0.0001028203656636878
2024-10-17 15:00:20+00:00,9.967938178230845e-05
2024-10-17 16:00:17+00:00,0.0001376751584522921
2024-10-17 17:00:15+00:00,0.00021685406130832554
2024-10-17 18:00:16+00:00,0.0002501935031815997
2024-10-17 19:00:25+00:00,0.00024937893036641056
2024-10-17 20:00:15+00:00,0.0002487562189054726
2024-10-17 21:00:15+00:00,0.0002665891126976032
2024-10-17 22:00:36+00:00,0.00024195956138088425
2024-10-17 23:00:04+00:00,0.00020686640333484257
2024-10-18 00:00:21+00:00,0.00017323354782554633
2024-10-18 01:00:25+00:00,0.00017946532528708518
2024-10-18 02:00:01+00:00,0.00019797964681233162
2024-10-18 03:00:06+00:00,0.00020158593320352558
2024-10-18 04:00:05+00:00,0.0001739618406285073
2024-10-18 05:00:06+00:00,0.00015848543163845204
2024-10-18 06:00:11+00:00,0.0001257365612841565
2024-10-18 07:00:12+00:00,0.0001348587574844704
2024-10-18 08:00:18+00:00,0.00014303160277604027
2024-10-18 09:00:10+00:00,0.00013325121690609048
2024-10-18 10:00:11+00:00,0.00014014805574736968
2024-10-18 11:00:12+00:00,0.0001861930742678989
2024-10-18 12:00:13+00:00,0.00017622660898185312
2024-10-18 13:00:18+00:00,0.00015700481289407904
2024-10-18 14:00:07+00:00,0.00013102814628899247
2024-10-18 15:00:11+00:00,9.858183382534008e-05
2024-10-18 16:00:01+00:00,0.00013340841006617056
2024-10-18 17:00:05+00:00,0.00012459444746869896
2024-10-18 18:00:18+00:00,0.00011870845204178538
2024-10-18 19:00:20+00:00,0.0001434702283820601
2024-10-18 20:00:20+00:00,0.00015057315081166248
2024-10-18 21:00:02+00:00,0.0001277111591638818
2024-10-18 22:00:06+00:00,0.00011351170714342795
2024-10-18 23:00:06+00:00,0.00012290454206135805
2024-10-19 00:00:25+00:00,0.00013365168987814881
2024-10-19 01:00:09+00:00,0.00012567703763857974
2024-10-19 02:00:09+00:00,0.000114200079735733
2024-10-19 03:00:13+00:00,0.0001307549617149472
2024-10-19 04:00:01+00:00,0.00014680889281914526
2024-10-19 05:00:13+00:00,0.0001125367994223185
2024-10-19 06:00:20+00:00,9.767380385937087e-05
2024-10-19 07:00:02+00:00,8.014807639081096e-05
2024-10-19 08:00:04+00:00,7.264073277203953e-05
2024-10-19 09:00:05+00:00,8.093068909979471e-05
2024-10-19 10:00:08+00:00,6.582769302948137e-05
2024-10-19 11:00:03+00:00,8.164036987384414e-05
2024-10-19 12:00:13+00:00,9.295354394883342e-05
2024-10-19 13:00:06+00:00,0.00010405872491324415
2024-10-19 14:00:07+00:00,0.0001046898513108666
2024-10-19 15:00:06+00:00,0.00011880738052109951
2024-10-19 16:00:03+00:00,9.26442560008839e-05
2024-10-19 17:00:04+00:00,6.202132765708801e-05
2024-10-19 18:00:18+00:00,7.360693698576144e-05
2024-10-19 19:00:06+00:00,8.11823804901551e-05
2024-10-19 20:00:15+00:00,7.435266682781863e-05
2024-10-19 21:00:03+00:00,8.734055782554628e-05
2024-10-19 22:00:35+00:00,9.908978950497573e-05
2024-10-19 23:00:04+00:00,0.00010976262590688173
2024-10-20 00:00:07+00:00,0.00011018016576085065
2024-10-20 01:00:14+00:00,9.976265217058419e-05
2024-10-20 02:00:13+00:00,0.00011684814915832686
2024-10-20 03:00:22+00:00,9.660104820919222e-05
2024-10-20 04:00:00+00:00,8.933370009098412e-05
2024-10-20 05:00:01+00:00,9.743745069311393e-05
2024-10-20 06:00:03+00:00,8.884919009758371e-05
2024-10-20 07:00:23+00:00,0.00010862039732105011
2024-10-20 08:00:05+00:00,0.00012487278291325375
2024-10-20 09:00:18+00:00,9.984165463895857e-05
2024-10-20 10:00:11+00:00,0.00011371508946753346
2024-10-20 11:00:04+00:00,9.206606715802135e-05
2024-10-20 12:00:05+00:00,0.00010087185300250499
2024-10-20 13:00:08+00:00,6.527553331874924e-05
2024-10-20 14:00:01+00:00,3.367981285813416e-05
2024-10-20 15:00:00+00:00,1.7310682324618283e-05
2024-10-20 16:00:02+00:00,1.3188094021829066e-05
2024-10-20 17:00:04+00:00,2.4262422360248446e-05
2024-10-20 18:00:14+00:00,1.9631779210302756e-05
2024-10-20 19:00:14+00:00,1.6002503502770212e-05
2024-10-20 20:00:13+00:00,2.1936190801457195e-05
2024-10-20 21:00:15+00:00,7.15502192702346e-05
2024-10-20 22:00:12+00:00,9.389951727913209e-05
2024-10-20 23:00:21+00:00,9.558060576970587e-05
2024-10-21 00:00:12+00:00,0.00011106422186117499
2024-10-21 01:00:18+00:00,0.00011482752846617549
2024-10-21 02:00:19+00:00,0.00013990120556841342
2024-10-21 03:00:05+00:00,0.00011526892402792726
2024-10-21 04:00:13+00:00,0.00013405257936507936
2024-10-21 05:00:15+00:00,7.53696953022904e-05
2024-10-21 06:03:47+00:00,3.368000597789537e-05
2024-10-21 07:00:14+00:00,1.7744999290200028e-05
2024-10-21 08:00:26+00:00,4.8887019980738196e-05
2024-10-21 09:00:07+00:00,9.248369361062734e-05
2024-10-21 10:00:11+00:00,0.00011410119145665185
2024-10-21 11:00:34+00:00,0.00011637147190217055
2024-10-21 12:00:15+00:00,0.00012449998278770352
2024-10-21 13:00:16+00:00,0.00010237969987263969
2024-10-21 14:00:16+00:00,2.9343877045807968e-05
2024-10-21 15:00:15+00:00,4.094137795496659e-05
2024-10-21 16:00:01+00:00,2.86695376407404e-05
2024-10-21 17:00:15+00:00,3.6259746188910215e-05
2024-10-21 18:00:14+00:00,6.696545522773777e-05
2024-10-21 19:00:57+00:00,3.763478800880709e-05
2024-10-21 20:00:29+00:00,6.37497455765411e-05
2024-10-21 21:00:14+00:00,9.296212628290942e-05
2024-10-21 22:00:17+00:00,6.394577664812461e-05
2024-10-21 23:00:15+00:00,7.10833096388968e-05
2024-10-22 00:00:13+00:00,4.223396352174185e-05
2024-10-22 01:00:11+00:00,3.141229686714693e-05
2024-10-22 02:00:02+00:00,7.036462803510619e-05
2024-10-22 03:00:08+00:00,9.245481337977371e-05
2024-10-22 04:00:06+00:00,9.069991733259851e-05
2024-10-22 05:00:19+00:00,9.240579790247474e-05
2024-10-22 06:00:21+00:00,0.00010833006623609765
2024-10-22 07:00:10+00:00,0.00010543604232528477
2024-10-22 08:00:10+00:00,0.0001051426449656538
2024-10-22 09:00:13+00:00,0.00010163618597495477
2024-10-22 10:00:27+00:00,9.722697706264978e-05
2024-10-22 11:00:36+00:00,0.00010668140385731974
2024-10-22 12:00:05+00:00,0.00010314180424734454
2024-10-22 13:00:02+00:00,0.00010108468742947415
2024-10-22 14:00:07+00:00,8.394680260291333e-05
2024-10-22 15:00:07+00:00,0.00012610379992024156
2024-10-22 16:00:01+00:00,7.471707818930041e-05
2024-10-22 17:00:03+00:00,4.4113304572659115e-05
2024-10-22 18:00:18+00:00,3.487944112064549e-05
2024-10-22 19:00:05+00:00,3.1695903074847115e-05
2024-10-22 20:00:03+00:00,3.221165202826036e-05
2024-10-22 21:00:28+00:00,3.277293497615149e-05
2024-10-22 22:00:18+00:00,3.6617866660950706e-05
2024-10-22 23:00:01+00:00,5.518135083946856e-05
2024-10-23 00:00:13+00:00,5.529355526858398e-05
2024-10-23 01:00:54+00:00,4.6473470973870364e-05
2024-10-23 02:00:20+00:00,7.399976989674116e-05
2024-10-23 03:00:41+00:00,5.228579052509357e-05
2024-10-23 04:00:19+00:00,4.6490732287002016e-05
2024-10-23 05:00:12+00:00,4.702375784935035e-05
2024-10-23 06:00:13+00:00,4.46003616636528e-05
2024-10-23 07:00:11+00:00,8.372927581999569e-05
2024-10-23 08:00:22+00:00,3.460125861809747e-05
2024-10-23 09:00:02+00:00,2.0921822982436002e-05
2024-10-23 10:00:15+00:00,1.6295845645750045e-05
2024-10-23 11:00:07+00:00,1.8790510901115208e-05
2024-10-23 12:00:05+00:00,2.731384702788926e-06
2024-10-23 13:00:01+00:00,-1.0020332164901872e-05
2024-10-23 14:00:14+00:00,-3.3109710253889304e-06
2024-10-23 15:00:08+00:00,2.1819147180587348e-05
2024-10-23 16:00:10+00:00,3.800159447249535e-05
2024-10-23 17:00:14+00:00,4.9820284645931765e-05
2024-10-23 18:00:27+00:00,1.3685432131204977e-05
2024-10-23 19:13:59+00:00,-0.0001257925082656495
2024-10-23 20:01:54+00:00,5.777518077569206e-06
2024-10-23 21:00:05+00:00,3.7967817754474776e-05
2024-10-23 22:00:18+00:00,-4.1520142684872946e-05
2024-10-23 23:00:15+00:00,-3.853128815739088e-05
2024-10-24 00:00:14+00:00,-2.4862672917086077e-05
2024-10-24 01:00:22+00:00,1.5765685357476916e-05
2024-10-24 02:00:01+00:00,2.3012922641175428e-05
2024-10-24 03:00:07+00:00,2.5732762598405634e-05
2024-10-24 04:00:08+00:00,2.7933917311039463e-05
2024-10-24 05:00:02+00:00,3.541125046424592e-05
2024-10-24 06:00:13+00:00,3.0644308914058816e-05
2024-10-24 07:00:15+00:00,3.1339317053602765e-05
2024-10-24 08:00:04+00:00,5.517013069261329e-05
2024-10-24 09:00:10+00:00,7.646123834983021e-05
2024-10-24 10:00:01+00:00,4.416387753472197e-05
2024-10-24 11:00:16+00:00,2.962538364980663e-05
2024-10-24 12:00:02+00:00,5.672058972613651e-05
2024-10-24 13:00:03+00:00,5.091031934850891e-05
2024-10-24 14:00:06+00:00,6.221422039323274e-05
2024-10-24 15:00:02+00:00,0.00010012797724848916
2024-10-24 16:00:02+00:00,0.00013357969174462893
2024-10-24 17:00:04+00:00,0.00015157944198033617
2024-10-24 18:00:01+00:00,7.21174392432833e-05
2024-10-24 19:00:04+00:00,4.777777777777778e-05
2024-10-24 20:00:20+00:00,2.8330016360584445e-05
2024-10-24 21:00:24+00:00,4.797394670660375e-05
2024-10-24 22:00:15+00:00,3.167720226949556e-05
2024-10-24 23:00:13+00:00,4.0483549597628724e-05
2024-10-25 00:00:14+00:00,5.009069051335049e-05
2024-10-25 01:00:02+00:00,5.7604401805869074e-05
2024-10-25 02:00:29+00:00,8.301075880913076e-05
2024-10-25 03:00:19+00:00,7.200137104663701e-05
2024-10-25 04:00:07+00:00,5.973694346566999e-05
2024-10-25 05:00:12+00:00,5.579067219489141e-05
2024-10-25 06:00:12+00:00,4.9707101014430636e-05
2024-10-25 07:00:21+00:00,9.328526363226677e-05
2024-10-25 08:00:00+00:00,7.679513856388914e-05
2024-10-25 09:00:12+00:00,6.632368796173689e-05
2024-10-25 10:00:15+00:00,0.00011807613897604211
2024-10-25 11:00:12+00:00,9.032314006589978e-05
2024-10-25 12:00:11+00:00,0.00010475243673143006
2024-10-25 13:00:19+00:00,8.904030737793383e-05
2024-10-25 14:00:25+00:00,8.127555664725686e-05
2024-10-25 15:00:10+00:00,8.569737820147364e-05
2024-10-25 16:00:22+00:00,8.042582218222983e-05
2024-10-25 17:00:44+00:00,6.508409250175193e-05
2024-10-25 18:00:47+00:00,6.853328633740142e-05
2024-10-25 19:00:05+00:00,8.713291260844504e-05
2024-10-25 20:00:03+00:00,8.77604147352651e-05
2024-10-25 21:00:02+00:00,7.744372037914693e-05
2024-10-25 22:00:18+00:00,0.00012168231329139596
2024-10-25 23:00:02+00:00,9.567969382497976e-05
2024-10-26 00:00:17+00:00,-4.052444283603245e-05
2024-10-26 01:00:20+00:00,-2.859578191473313e-05
2024-10-26 02:00:00+00:00,5.3510290149723e-06
2024-10-26 03:00:02+00:00,-1.4464744073682621e-05
2024-10-26 04:00:04+00:00,-2.126908812444631e-05
2024-10-26 05:00:06+00:00,-1.0617398737309359e-05
2024-10-26 06:00:49+00:00,-2.5232701581249295e-05
2024-10-26 07:00:12+00:00,-2.7321508421523328e-05
2024-10-26 08:00:24+00:00,-7.44130669345537e-06
2024-10-26 09:00:01+00:00,-2.4153153287058364e-05
2024-10-26 10:00:10+00:00,-2.6294879887127317e-05
2024-10-26 11:00:00+00:00,-8.341984279994068e-06
2024-10-26 12:00:01+00:00,-8.341984279994068e-06
2024-10-26 13:00:07+00:00,-1.2312530595896813e-06
2024-10-26 14:00:17+00:00,9.306411745436137e-06
2024-10-26 15:00:04+00:00,4.362694843339594e-06
2024-10-26 16:00:06+00:00,-2.0917962016398607e-05
2024-10-26 17:01:07+00:00,-1.6161405131954964e-05
2024-10-26 18:00:32+00:00,3.3177521860300515e-05
2024-10-26 19:00:01+00:00,2.7535263494114795e-05
2024-10-26 20:00:06+00:00,2.051014484233423e-05
2024-10-26 21:00:07+00:00,1.8938755159949263e-05
2024-10-26 22:00:28+00:00,1.7385130040772706e-05
2024-10-26 23:00:06+00:00,1.6111143540949155e-05
2024-10-27 00:00:38+00:00,1.5773720660952395e-05
2024-10-27 01:00:07+00:00,1.5515478971962617e-05
2024-10-27 02:00:14+00:00,1.6127618546761326e-05
2024-10-27 03:00:06+00:00,1.5733275223360212e-05
2024-10-27 04:00:06+00:00,1.5407594312603772e-05
2024-10-27 05:00:03+00:00,1.658966820663587e-05
2024-10-27 06:00:18+00:00,1.6296789894541663e-05
2024-10-27 07:00:17+00:00,1.4783427495291903e-05
2024-10-27 08:00:10+00:00,1.477925256518874e-05
2024-10-27 09:00:05+00:00,1.1458476594450999e-05
2024-10-27 10:00:22+00:00,9.075530192473845e-06
2024-10-27 11:00:33+00:00,7.888009206319148e-06
2024-10-27 12:00:03+00:00,7.576364073041682e-06
2024-10-27 13:00:15+00:00,6.636719316041154e-06
2024-10-27 14:00:21+00:00,-3.2992126551458353e-06
2024-10-27 15:00:18+00:00,-3.886633858974819e-06
2024-10-27 16:00:07+00:00,-9.220243111599936e-06
2024-10-27 17:00:04+00:00,-1.145326012644399e-05
2024-10-27 18:00:28+00:00,-4.0361923614182127e-05
2024-10-27 19:00:09+00:00,-3.4935667075353374e-05
2024-10-27 20:00:15+00:00,-2.298915619186396e-05
2024-10-27 21:00:10+00:00,-1.6210746784031246e-05
2024-10-27 22:00:09+00:00,-1.4752751533351276e-05
2024-10-27 23:00:10+00:00,-1.5279345372460496e-05
2024-10-28 00:00:50+00:00,-7.541310085022528e-06
2024-10-28 01:00:30+00:00,2.122876948530182e-05
2024-10-28 02:00:11+00:00,1.4048495406142002e-05
2024-10-28 03:00:32+00:00,6.097306035984558e-06
2024-10-28 04:00:32+00:00,1.5334504719110485e-05
2024-10-28 05:00:20+00:00,7.5134763877037075e-06
2024-10-28 06:00:00+00:00,4.925868462614189e-06
2024-10-28 07:00:21+00:00,5.245085355022344e-06
2024-10-28 08:00:07+00:00,8.419820033316838e-06
2024-10-28 09:00:29+00:00,8.720342116461914e-06
2024-10-28 10:00:14+00:00,8.7316722200102e-06
2024-10-28 11:00:13+00:00,9.79822303412771e-06
2024-10-28 12:00:05+00:00,1.0894400704729395e-05
2024-10-28 13:00:08+00:00,1.71036068086038e-05
2024-10-28 14:00:15+00:00,2.5748653476509705e-05
2024-10-28 15:00:36+00:00,1.9986621531226562e-05
2024-10-28 16:00:14+00:00,1.29344971680472e-05
2024-10-28 17:00:09+00:00,4.297992349895163e-05
2024-10-28 18:00:21+00:00,1.914688155572575e-05
2024-10-28 19:00:04+00:00,1.293715765756837e-05
2024-10-28 20:00:08+00:00,8.312728583938597e-06
2024-10-28 21:00:00+00:00,6.1182781964491e-06
2024-10-28 22:00:06+00:00,1.1312745946423946e-05
2024-10-28 23:00:01+00:00,8.911433192571288e-06
2024-10-29 00:00:15+00:00,1.9760329546873047e-05
2024-10-29 01:00:04+00:00,1.5310465621880497e-05
2024-10-29 02:00:05+00:00,1.3584413545773437e-05
2024-10-29 03:00:09+00:00,3.99880023995201e-05
2024-10-29 04:00:13+00:00,2.197143593462509e-05
2024-10-29 05:00:16+00:00,1.8564572557190086e-05
2024-10-29 06:00:20+00:00,1.5404107762069884e-05
2024-10-29 07:00:05+00:00,2.5779605602363232e-05
2024-10-29 08:00:32+00:00,5.950998924188735e-05
2024-10-29 09:00:12+00:00,6.191882858893249e-05
2024-10-29 10:00:05+00:00,5.486842744088945e-05
2024-10-29 11:00:21+00:00,0.00010056092901973865
2024-10-29 12:00:19+00:00,0.00011750810504621985
2024-10-29 13:00:10+00:00,8.5928266480137e-05
2024-10-29 14:00:13+00:00,0.00015615199649810814
2024-10-29 15:00:34+00:00,0.00013126987719319145
2024-10-29 16:00:09+00:00,9.012096893338139e-05
2024-10-29 17:00:35+00:00,8.169747282484063e-05
2024-10-29 18:00:00+00:00,0.00010733883003172045
2024-10-29 19:00:25+00:00,0.00011229309706276174
2024-10-29 20:00:09+00:00,8.932893796537495e-05
2024-10-29 21:00:13+00:00,8.341917948538869e-05
2024-10-29 22:00:02+00:00,7.704798668577503e-05
2024-10-29 23:00:19+00:00,8.536144474603895e-05
2024-10-30 00:00:16+00:00,7.401610784257725e-05
2024-10-30 01:00:10+00:00,6.608170786670699e-05
2024-10-30 02:00:04+00:00,7.96930578314216e-05
2024-10-30 03:00:08+00:00,7.059004723115887e-05
2024-10-30 04:00:02+00:00,8.373027686811551e-05
2024-10-30 05:00:23+00:00,9.263587545177803e-05
2024-10-30 06:00:12+00:00,9.32181734553074e-05
2024-10-30 07:00:17+00:00,6.627632524144536e-05
2024-10-30 08:00:04+00:00,6.075514808457383e-05
2024-10-30 09:00:33+00:00,6.716624874334115e-05
2024-10-30 10:00:16+00:00,5.14183261830057e-05
2024-10-30 11:00:01+00:00,3.4370392904780845e-05
2024-10-30 12:00:04+00:00,2.4069609097286493e-05
2024-10-30 13:00:25+00:00,8.470281832055672e-05
2024-10-30 14:00:45+00:00,5.47276282927289e-05
2024-10-30 15:00:38+00:00,4.2004173888436913e-05
2024-10-30 16:00:11+00:00,4.5529455318437485e-05
2024-10-30 17:00:13+00:00,8.608815426997245e-05
2024-10-30 18:00:14+00:00,7.389454763331337e-05
2024-10-30 19:00:00+00:00,0.00010265526847979764
2024-10-30 20:00:18+00:00,7.118789365274025e-05
2024-10-30 21:00:02+00:00,0.00011845564887081937
2024-10-30 22:00:02+00:00,8.596003783400332e-05
2024-10-30 23:00:13+00:00,0.00010170630755987406
2024-10-31 00:00:13+00:00,0.00010100275521184385
2024-10-31 01:00:01+00:00,0.00011921962754951227
2024-10-31 02:00:05+00:00,0.0001534826792828099
2024-10-31 03:00:05+00:00,0.00010478585581466242
2024-10-31 04:00:19+00:00,8.98510978675527e-05
2024-10-31 05:00:05+00:00,9.337023363036901e-05
2024-10-31 06:00:12+00:00,4.706423514067449e-05
2024-10-31 07:00:11+00:00,2.600523838135183e-05
2024-10-31 08:00:19+00:00,2.010991247710157e-05
2024-10-31 09:00:01+00:00,1.610890793319782e-05
2024-10-31 10:00:10+00:00,3.532686561054485e-05
2024-10-31 11:00:06+00:00,2.573741541797073e-05
2024-10-31 12:00:17+00:00,2.672038340222835e-05
2024-10-31 13:00:19+00:00,3.1957935908470785e-05
2024-10-31 14:00:27+00:00,3.9536035080274415e-05
2024-10-31 15:00:20+00:00,6.851110475645791e-05
2024-10-31 16:00:03+00:00,7.629339747962518e-05
2024-10-31 17:00:15+00:00,8.56037692650656e-05
2024-10-31 18:00:04+00:00,7.159005275056518e-05
2024-10-31 19:00:16+00:00,4.9244847354985716e-05
2024-10-31 20:00:03+00:00,4.935339139614674e-05
2024-10-31 21:00:39+00:00,8.568259428201101e-06
2024-10-31 22:00:07+00:00,5.555625109547538e-05
2024-10-31 23:00:05+00:00,3.75520606701063e-05
2024-11-01 00:00:15+00:00,2.2447627363193324e-05
2024-11-01 01:00:07+00:00,1.2064896573396844e-05
2024-11-01 02:00:09+00:00,8.490117503226243e-06
2024-11-01 03:00:10+00:00,1.660883270930805e-05
2024-11-01 04:00:18+00:00,2.1372039916163543e-05
2024-11-01 05:00:15+00:00,1.5935630338530232e-05
2024-11-01 06:00:01+00:00,1.4606263225774137e-05
2024-11-01 07:00:11+00:00,1.2873073138734012e-05
2024-11-01 08:00:38+00:00,7.439498248591535e-06
2024-11-01 09:00:06+00:00,6.352634755264746e-06
2024-11-01 10:00:15+00:00,7.114534519721491e-06
2024-11-01 11:00:08+00:00,8.355795148247978e-06
2024-11-01 12:00:10+00:00,8.289543235595907e-06
2024-11-01 13:00:03+00:00,1.1069152848251866e-05
2024-11-01 14:00:11+00:00,4.436910196937614e-05
2024-11-01 15:00:18+00:00,3.2956151050032e-05
2024-11-01 16:00:11+00:00,2.0625676063826537e-05
2024-11-01 17:00:11+00:00,1.001392706163649e-05
2024-11-01 18:00:01+00:00,-1.5454899512243372e-06
2024-11-01 19:00:07+00:00,-1.5283408361728058e-05
2024-11-01 20:00:06+00:00,-7.520950329352873e-06
2024-11-01 21:00:26+00:00,-1.8113573976209595e-06
2024-11-01 22:00:00+00:00,-9.93972121059902e-06
2024-11-01 23:00:00+00:00,-2.8882050247200082e-06
2024-11-02 00:00:01+00:00,7.132472796158421e-05
2024-11-02 01:00:02+00:00,0.0001459414236390767
2024-11-02 02:00:05+00:00,0.00014852255054432348
2024-11-02 03:00:09+00:00,0.0001631453151923516
2024-11-02 04:00:07+00:00,0.0001488700145884331
2024-11-02 05:00:03+00:00,0.00010984702802625213
2024-11-02 06:00:18+00:00,9.42751758980876e-05
2024-11-02 07:00:20+00:00,0.00011019792741631496
2024-11-02 08:00:01+00:00,3.675917128367123e-05
2024-11-02 09:00:12+00:00,-1.80752017653695e-05
2024-11-02 10:00:04+00:00,-2.2328161026983235e-05
2024-11-02 11:00:05+00:00,2.7875915284230538e-05
2024-11-02 12:00:07+00:00,6.123546666166326e-05
2024-11-02 13:00:11+00:00,4.9620364827825206e-05
2024-11-02 14:00:04+00:00,-5.4905787092768346e-05
2024-11-02 15:00:13+00:00,-7.226489292089933e-05
2024-11-02 16:00:12+00:00,-8.328823982531306e-05
2024-11-02 17:00:14+00:00,-9.03093332319334e-05
2024-11-02 18:00:04+00:00,-6.439924236185458e-05
2024-11-02 19:00:21+00:00,-8.49495659441901e-05
2024-11-02 20:00:20+00:00,-1.2060402726809217e-05
2024-11-02 21:00:29+00:00,1.149331594391914e-05
2024-11-02 22:00:27+00:00,2.6430002575166605e-05
2024-11-02 23:00:07+00:00,2.329892113679633e-05
2024-11-03 00:00:11+00:00,2.0994878836935363e-05
2024-11-03 01:00:19+00:00,2.0744952439785426e-05
2024-11-03 02:00:22+00:00,2.0607574710384315e-05
2024-11-03 03:00:15+00:00,-1.5951405969122543e-05
2024-11-03 04:00:12+00:00,-4.9313555310083636e-05
2024-11-03 05:00:17+00:00,4.556835252879319e-05
2024-11-03 06:00:00+00:00,3.961311194005216e-05
2024-11-03 07:00:06+00:00,5.177371061450298e-05
2024-11-03 08:00:30+00:00,3.764873492863362e-05
2024-11-03 09:00:02+00:00,3.978503829663925e-05
2024-11-03 10:00:18+00:00,3.688776420373832e-05
2024-11-03 11:00:07+00:00,6.121611605252012e-05
2024-11-03 12:00:29+00:00,4.192574524661616e-05
2024-11-03 13:00:09+00:00,6.484883301492298e-05
2024-11-03 14:00:15+00:00,3.760684912129438e-05
2024-11-03 15:00:10+00:00,2.210508416935895e-05
2024-11-03 16:00:39+00:00,1.6332003850914595e-05
2024-11-03 17:00:19+00:00,9.975778972864239e-06
2024-11-03 18:00:07+00:00,6.246718086158337e-06
2024-11-03 19:00:33+00:00,5.139274334463974e-06
2024-11-03 20:00:05+00:00,7.369653088721641e-06
2024-11-03 21:00:04+00:00,7.293518668175206e-06
2024-11-03 22:00:03+00:00,7.737431650475128e-06
2024-11-03 23:00:03+00:00,5.509769423094731e-06
2024-11-04 00:00:16+00:00,7.703132122589467e-06
2024-11-04 01:00:17+00:00,9.701502468626486e-06
2024-11-04 02:00:17+00:00,1.7382033929730228e-05
2024-11-04 03:00:01+00:00,1.1232851486971735e-05
2024-11-04 04:00:15+00:00,1.7239001517032135e-05
2024-11-04 05:00:00+00:00,2.2190953980892765e-05
2024-11-04 06:00:14+00:00,2.2905971582817213e-05
2024-11-04 07:00:12+00:00,5.3977948758626155e-05
2024-11-04 08:00:19+00:00,3.3866384722130446e-05
2024-11-04 09:00:19+00:00,2.5418277551940693e-05
2024-11-04 10:00:05+00:00,3.886713064648442e-05
2024-11-04 11:00:08+00:00,5.451518665103415e-05
2024-11-04 12:00:02+00:00,3.6040596127477995e-05
2024-11-04 13:00:51+00:00,3.102585806385917e-05
2024-11-04 14:00:09+00:00,1.7200531006053216e-05
2024-11-04 15:00:07+00:00,1.1687218658743416e-05
2024-11-04 16:00:15+00:00,8.762035851064506e-06
2024-11-04 17:00:19+00:00,8.77120238831867e-06
2024-11-04 18:00:06+00:00,6.892645299254092e-06
2024-11-04 19:00:11+00:00,5.841091697487565e-06
2024-11-04 20:00:11+00:00,6.056889237325106e-06
2024-11-04 21:00:01+00:00,6.320593124458799e-06
2024-11-04 22:00:06+00:00,5.874016454941292e-06
2024-11-04 23:00:04+00:00,5.069277996385496e-06
2024-11-05 00:00:14+00:00,4.239499917246998e-06
2024-11-05 01:00:17+00:00,1.293981711559487e-05
2024-11-05 02:00:01+00:00,2.2146949926753737e-05
2024-11-05 03:00:01+00:00,2.598140304515874e-05
2024-11-05 04:00:06+00:00,3.7016015596081236e-05
2024-11-05 05:00:13+00:00,3.415668555013777e-05
2024-11-05 06:00:27+00:00,5.417555997154143e-05
2024-11-05 07:00:17+00:00,5.8149018565395744e-05
2024-11-05 08:00:00+00:00,3.492814371257485e-05
2024-11-05 09:00:01+00:00,3.72567136598015e-05
2024-11-05 10:00:07+00:00,2.8750059486984248e-05
2024-11-05 11:00:16+00:00,2.8024143144561242e-05
2024-11-05 12:00:15+00:00,4.2195136312783366e-05
2024-11-05 13:00:20+00:00,3.5231736748463014e-05
2024-11-05 14:00:33+00:00,5.1414637012662684e-05
2024-11-05 15:00:33+00:00,5.484260173302622e-05
2024-11-05 16:00:08+00:00,4.3480504587155964e-05
2024-11-05 17:00:02+00:00,3.4682311621966795e-05
2024-11-05 18:00:01+00:00,4.679921717673087e-05
2024-11-05 19:00:19+00:00,3.952420985662675e-05
2024-11-05 20:00:01+00:00,1.294405292679419e-05
2024-11-05 21:00:04+00:00,-9.27542685713616e-06
2024-11-05 22:00:05+00:00,-3.2674073025757146e-05
2024-11-05 23:00:14+00:00,-2.7374314902281093e-05
2024-11-06 00:00:22+00:00,-1.9568701819484157e-05
2024-11-06 01:00:19+00:00,4.773820652545658e-05
2024-11-06 02:00:08+00:00,6.884332094617147e-05
2024-11-06 03:00:03+00:00,0.00011388985849689875
2024-11-06 04:00:31+00:00,1.2044108556501624e-05
2024-11-06 05:00:10+00:00,4.5780742527081425e-05
2024-11-06 06:00:00+00:00,4.884935347880671e-05
2024-11-06 07:00:29+00:00,8.056384053522311e-05
2024-11-06 08:00:10+00:00,7.823004522674489e-05
2024-11-06 09:00:10+00:00,4.840395308251147e-05
2024-11-06 10:00:17+00:00,6.224740952323073e-05
2024-11-06 11:00:05+00:00,6.703233720789929e-05
2024-11-06 12:00:31+00:00,5.076359224025183e-05
2024-11-06 13:00:08+00:00,5.146891029775074e-05
2024-11-06 14:00:05+00:00,6.254972703299124e-05
2024-11-06 15:00:20+00:00,5.414370228042676e-05
2024-11-06 16:00:18+00:00,4.180042803638309e-05
2024-11-06 17:00:18+00:00,7.290390246941786e-05
2024-11-06 18:00:16+00:00,0.00012421891665496016
2024-11-06 19:00:00+00:00,0.0001050562146075311
2024-11-06 20:00:05+00:00,0.00013532462444194702
2024-11-06 21:00:25+00:00,0.0001294665976178146
2024-11-06 22:00:27+00:00,0.00010992212934896869
2024-11-06 23:00:14+00:00,0.00010460937262723102
2024-11-07 00:00:11+00:00,0.00011020135180324878
2024-11-07 01:00:14+00:00,0.00011974415648720528
2024-11-07 02:00:14+00:00,0.00016007824639568738
2024-11-07 03:00:47+00:00,0.00014139064880904645
2024-11-07 04:00:07+00:00,0.00011159321965247682
2024-11-07 05:00:14+00:00,9.177837857175711e-05
2024-11-07 06:00:14+00:00,7.790299879801519e-05
2024-11-07 07:00:16+00:00,6.627680311890839e-05
2024-11-07 08:00:13+00:00,7.238943393085655e-05
2024-11-07 09:00:05+00:00,8.490526905248313e-05
2024-11-07 10:00:05+00:00,5.218896344537596e-05
2024-11-07 11:00:05+00:00,3.8008007173092564e-05
2024-11-07 12:00:04+00:00,3.534328420351403e-05
2024-11-07 13:00:03+00:00,5.8619090544349906e-05
2024-11-07 14:00:04+00:00,3.6177355869414215e-05
2024-11-07 15:00:07+00:00,3.0227927469920353e-05
2024-11-07 16:00:08+00:00,5.785414112197524e-05
2024-11-07 17:00:05+00:00,9.6701505168663e-05
2024-11-07 18:00:04+00:00,7.888261239650236e-05
2024-11-07 19:00:06+00:00,5.881809408431038e-05
2024-11-07 20:00:22+00:00,3.996988076082023e-05
2024-11-07 21:00:13+00:00,3.531065417469808e-05
2024-11-07 22:00:20+00:00,4.7509222712380366e-05
2024-11-07 23:00:40+00:00,2.8570538061151338e-05
2024-11-08 00:00:01+00:00,1.1685397926750733e-05
2024-11-08 01:00:01+00:00,1.5609360483320416e-05
2024-11-08 02:00:11+00:00,2.8733325098814227e-05
2024-11-08 03:00:00+00:00,1.574595218739806e-05
2024-11-08 04:00:22+00:00,9.259642229345467e-06
2024-11-08 05:00:20+00:00,7.280055937152964e-06
2024-11-08 06:00:00+00:00,7.202771235712724e-06
2024-11-08 07:00:04+00:00,7.141776365562113e-06
2024-11-08 08:00:09+00:00,8.974384670889122e-06
2024-11-08 09:00:07+00:00,1.678264635091995e-05
2024-11-08 10:00:23+00:00,4.078821214109098e-05
2024-11-08 11:00:17+00:00,4.390715961311439e-05
2024-11-08 12:00:07+00:00,4.049259238638032e-05
2024-11-08 13:00:15+00:00,5.621526023244063e-05
2024-11-08 14:00:12+00:00,5.426990569657317e-05
2024-11-08 15:00:01+00:00,9.103230635405499e-05
2024-11-08 16:00:12+00:00,0.00011209758474705326
2024-11-08 17:00:06+00:00,8.634929709752835e-05
2024-11-08 18:00:12+00:00,6.791043621339744e-05
2024-11-08 19:00:16+00:00,7.934340738307396e-05
2024-11-08 20:00:03+00:00,7.15680128038493e-05
2024-11-08 21:00:15+00:00,5.2024830032515514e-05
2024-11-08 22:00:08+00:00,7.891334430965343e-05
2024-11-08 23:00:17+00:00,7.321733534638517e-05
2024-11-09 00:00:09+00:00,2.8419762361360984e-05
2024-11-09 01:00:19+00:00,1.3349634216078718e-05
2024-11-09 02:00:08+00:00,1.6341751660989342e-05
2024-11-09 03:00:05+00:00,1.1879870747006272e-05
2024-11-09 04:00:16+00:00,8.354855695694693e-06
2024-11-09 05:00:09+00:00,2.7321556397639274e-05
2024-11-09 06:00:18+00:00,8.627410088731981e-05
2024-11-09 07:00:07+00:00,0.0001083631742529098
2024-11-09 08:00:21+00:00,0.0001180215976403481
2024-11-09 09:00:19+00:00,0.00016962928508748793
2024-11-09 10:00:02+00:00,0.00019504088153640293
2024-11-09 11:00:02+00:00,0.00010880680597527963
2024-11-09 12:00:07+00:00,0.00013468113287843506
2024-11-09 13:00:18+00:00,0.00012362460798005228
2024-11-09 14:00:05+00:00,0.0001773375878214471
2024-11-09 15:00:03+00:00,0.00014196006765557868
2024-11-09 16:00:08+00:00,0.0001482494609420251
2024-11-09 17:00:05+00:00,0.0001065825375170532
2024-11-09 18:00:14+00:00,6.592791310232679e-05
2024-11-09 19:00:09+00:00,0.00010615262359428806
2024-11-09 20:00:11+00:00,6.023535062439962e-05
2024-11-09 21:00:02+00:00,3.268220821335986e-05
2024-11-09 22:00:04+00:00,5.2542589015410915e-05
2024-11-09 23:00:09+00:00,6.540680697984069e-05
2024-11-10 00:00:01+00:00,0.00011099363798373022
2024-11-10 01:00:15+00:00,0.00010053320318736004
2024-11-10 02:00:04+00:00,7.11122489310481e-05
2024-11-10 03:00:01+00:00,8.880206020779683e-05
2024-11-10 04:00:01+00:00,7.493062797150886e-05
2024-11-10 05:00:02+00:00,0.00012843367992131517
2024-11-10 06:00:11+00:00,0.0001543445573027403
2024-11-10 07:00:03+00:00,0.00018522467430046746
2024-11-10 08:00:10+00:00,0.00019980976789040516
2024-11-10 09:00:17+00:00,0.00017100762957116548
2024-11-10 10:00:07+00:00,0.0002012702801961589
2024-11-10 11:00:19+00:00,0.00023685431915826762
2024-11-10 12:00:01+00:00,0.00022949236788634953
2024-11-10 13:00:10+00:00,0.00025382442102658224
2024-11-10 14:00:08+00:00,0.00023121241054014575
2024-11-10 15:00:01+00:00,0.00020453214877894004
2024-11-10 16:00:17+00:00,0.00024163159440148768
2024-11-10 17:00:11+00:00,0.0002297868805114551
2024-11-10 18:00:04+00:00,0.0002783087368749192
2024-11-10 19:00:01+00:00,0.00017658133761735316
2024-11-10 20:00:01+00:00,6.62718197697009e-05
2024-11-10 21:00:05+00:00,9.732801039829171e-05
2024-11-10 22:00:01+00:00,4.571931064028079e-05
2024-11-10 23:00:08+00:00,3.90391052420792e-05
2024-11-11 00:00:12+00:00,3.064698792109566e-05
2024-11-11 01:00:10+00:00,4.418910300454893e-05
2024-11-11 02:00:08+00:00,5.0910580355145274e-05
2024-11-11 03:00:17+00:00,4.2616445174795614e-05
2024-11-11 04:00:02+00:00,2.6246233908518215e-05
2024-11-11 05:00:01+00:00,1.9441019597692148e-05
2024-11-11 06:00:30+00:00,1.3053376125201023e-05
2024-11-11 07:00:14+00:00,1.0758851021224054e-05
2024-11-11 08:00:08+00:00,1.1257289148058598e-05
2024-11-11 09:00:16+00:00,1.6361777472751006e-05
2024-11-11 10:00:11+00:00,1.2308546573504235e-05
2024-11-11 11:00:08+00:00,2.0409591423282957e-05
2024-11-11 12:00:18+00:00,3.8174431670844493e-05
2024-11-11 13:00:12+00:00,3.546700579341529e-05
2024-11-11 14:00:00+00:00,4.570194804293192e-05
2024-11-11 15:00:12+00:00,5.856995952454322e-05
2024-11-11 16:00:00+00:00,5.897732230700314e-05
2024-11-11 17:00:08+00:00,4.808480114768471e-05
2024-11-11 18:00:06+00:00,3.365603538078634e-05
2024-11-11 19:00:08+00:00,3.485878228402134e-05
2024-11-11 20:00:08+00:00,4.158220685710022e-05
2024-11-11 21:00:09+00:00,7.491897937179277e-05
2024-11-11 22:00:06+00:00,4.525428304943302e-05
2024-11-11 23:00:00+00:00,3.40256351216517e-05
2024-11-12 00:00:01+00:00,5.2575659725425653e-05
2024-11-12 01:00:02+00:00,4.0776381366379784e-05
2024-11-12 02:00:05+00:00,4.021033446349429e-05
2024-11-12 03:00:17+00:00,3.642572405851881e-05
2024-11-12 04:00:01+00:00,2.4952134075196594e-05
2024-11-12 05:00:13+00:00,8.447182043820609e-05
2024-11-12 06:00:10+00:00,0.00011086120305171817
2024-11-12 07:00:22+00:00,7.223980216922349e-05
2024-11-12 08:00:09+00:00,6.600939728200934e-05
2024-11-12 09:00:06+00:00,8.002251501403565e-05
2024-11-12 10:00:28+00:00,5.151393642564932e-05
2024-11-12 11:00:15+00:00,0.00011249968663039936
2024-11-12 12:00:17+00:00,-5.150599744681927e-05
2024-11-12 13:00:01+00:00,-2.6638171496924478e-05
2024-11-12 14:00:09+00:00,5.6267690845055196e-05
2024-11-12 15:00:08+00:00,0.00011616261896278324
2024-11-12 16:00:06+00:00,7.513470660163125e-05
2024-11-12 17:00:11+00:00,7.135224296094957e-05
2024-11-12 18:00:10+00:00,7.527050379557187e-05
2024-11-12 19:00:14+00:00,7.764037099830458e-05
2024-11-12 20:00:17+00:00,9.65780793123901e-05
2024-11-12 21:00:07+00:00,7.641804458633671e-05
2024-11-12 22:00:13+00:00,5.7792589376942255e-05
2024-11-12 23:00:12+00:00,6.605123483110504e-05
2024-11-13 00:00:18+00:00,4.301234644948565e-05
2024-11-13 01:00:02+00:00,0.00010097663423289209
2024-11-13 02:00:14+00:00,0.0004471219617564468
2024-11-13 03:00:02+00:00,0.0005576938021645537
2024-11-13 04:00:03+00:00,0.0005007129469603957
2024-11-13 05:00:18+00:00,0.00033752906020176945
2024-11-13 06:00:19+00:00,0.000273269816388678
2024-11-13 07:00:10+00:00,0.0003833788823957894
2024-11-13 08:00:12+00:00,0.00043803167866697984
2024-11-13 09:00:02+00:00,0.0004696525910023225
2024-11-13 10:00:06+00:00,0.00039939893575959565
2024-11-13 11:00:05+00:00,0.000339092338031284
2024-11-13 12:00:22+00:00,0.0004030037254300871
2024-11-13 13:00:18+00:00,0.0004418724706858981
2024-11-13 14:00:03+00:00,0.000359667184402526
2024-11-13 15:00:02+00:00,0.000454725903294302
2024-11-13 16:00:25+00:00,0.0005082730255601792
2024-11-13 17:00:11+00:00,0.0004582901610717831
2024-11-13 18:00:00+00:00,0.00035215443484658894
2024-11-13 19:00:45+00:00,0.0003476405931098926
2024-11-13 20:01:13+00:00,0.0003436380405093824
2024-11-13 21:00:00+00:00,0.00036695553745844925
2024-11-13 22:00:03+00:00,0.00031768808494150256
2024-11-13 23:00:12+00:00,0.0002896347997634707
2024-11-14 00:00:06+00:00,0.00028079223005141876
2024-11-14 01:00:52+00:00,0.0001935941453066279
2024-11-14 02:00:18+00:00,0.00012631034596954777
2024-11-14 03:00:00+00:00,0.00011344016561658015
2024-11-14 04:00:05+00:00,9.77034227610117e-05
2024-11-14 05:00:16+00:00,0.00012727455358867572
2024-11-14 06:00:03+00:00,8.42588047613204e-05
2024-11-14 07:00:00+00:00,0.0001810201973806086
2024-11-14 08:00:06+00:00,0.00012944172768768097
2024-11-14 09:00:11+00:00,6.911306825475534e-05
2024-11-14 10:00:21+00:00,0.0001224767532327829
2024-11-14 11:00:24+00:00,0.00010387423914884292
2024-11-14 12:00:15+00:00,0.00018970740441348678
2024-11-14 13:00:00+00:00,0.00021616174947714675
2024-11-14 14:00:01+00:00,0.00022323610310715628
2024-11-14 15:00:12+00:00,0.00030786098810562664
2024-11-14 16:00:00+00:00,0.0002517844625122162
2024-11-14 17:00:13+00:00,0.00018834852444387789
2024-11-14 18:00:39+00:00,0.00013234189803539535
2024-11-14 19:00:18+00:00,0.00021192839612082202
2024-11-14 20:00:02+00:00,0.00019931720357834026
2024-11-14 21:00:03+00:00,0.00022947580459151508
2024-11-14 22:00:07+00:00,0.0003129221710031041
2024-11-14 23:00:15+00:00,0.000276187063156573
2024-11-15 00:00:06+00:00,0.0002124528833239461
2024-11-15 01:00:03+00:00,0.000216481746744681
2024-11-15 02:00:04+00:00,0.00020495966213655316
2024-11-15 03:00:00+00:00,0.00019129267647170027
2024-11-15 04:00:08+00:00,0.00016739466886685108
2024-11-15 05:00:09+00:00,0.00019514155822420495
2024-11-15 06:00:03+00:00,0.00012286624519784598
2024-11-15 07:00:08+00:00,0.00011187802757082846
2024-11-15 08:00:23+00:00,9.949008036333473e-05
2024-11-15 09:00:05+00:00,7.160960487314061e-05
2024-11-15 10:00:20+00:00,5.588663005583019e-05
2024-11-15 11:00:16+00:00,6.765949871063108e-05
2024-11-15 12:00:09+00:00,4.907459564937323e-05
2024-11-15 13:00:12+00:00,4.5138246438253675e-05
2024-11-15 14:00:16+00:00,6.861054234615767e-05
2024-11-15 15:00:00+00:00,0.00011897606759434683
2024-11-15 16:00:08+00:00,5.579088605629821e-05
2024-11-15 17:00:12+00:00,2.8252779838976387e-05
2024-11-15 18:00:01+00:00,1.805059164285377e-05
2024-11-15 19:00:38+00:00,2.0817604476617667e-05
2024-11-15 20:00:02+00:00,1.4523146178444477e-05
2024-11-15 21:00:11+00:00,3.3117237724994456e-05
2024-11-15 22:00:54+00:00,8.149869690211987e-05
2024-11-15 23:00:06+00:00,0.00022674379945475097
2024-11-16 00:00:07+00:00,0.00024676698769749214
2024-11-16 01:00:08+00:00,0.0002422662467944885
2024-11-16 02:00:05+00:00,0.00029428068457068736
2024-11-16 03:00:10+00:00,0.0002790049793164828
2024-11-16 04:00:11+00:00,0.00023968673498696926
2024-11-16 05:00:02+00:00,0.00021406307515895907
2024-11-16 06:00:06+00:00,0.00015668394496385336
2024-11-16 07:00:05+00:00,0.00013594239755524508
2024-11-16 08:00:00+00:00,0.00021229999106105302
2024-11-16 09:00:12+00:00,0.00012629860022898628
2024-11-16 10:00:00+00:00,0.000127291258579778
2024-11-16 11:00:01+00:00,0.00014238906870326376
2024-11-16 12:00:04+00:00,0.00018163507045785603
2024-11-16 13:00:09+00:00,0.00016866160324901144
2024-11-16 14:00:10+00:00,0.00016570277018763195
2024-11-16 15:00:12+00:00,0.00017278118322505454
2024-11-16 16:00:03+00:00,0.00016020873925306228
2024-11-16 17:00:07+00:00,0.00019529279757722327
2024-11-16 18:00:03+00:00,0.00021193866966330983
2024-11-16 19:00:06+00:00,0.00028672114704593184
2024-11-16 20:00:02+00:00,0.00026884739727059024
2024-11-16 21:00:24+00:00,0.00027993819072806895
2024-11-16 22:00:01+00:00,0.0002857406172578485
2024-11-16 23:00:04+00:00,0.0002727131997686109
2024-11-17 00:00:06+00:00,0.00027538698036120907
2024-11-17 01:00:09+00:00,0.000268051750630205
2024-11-17 02:00:03+00:00,0.00027845181604994
2024-11-17 03:00:07+00:00,0.00014873321793524297
2024-11-17 04:00:10+00:00,0.00011602878321853904
2024-11-17 05:00:12+00:00,0.00011771426947290633
2024-11-17 06:00:20+00:00,0.00030789489384551135
2024-11-17 07:00:15+00:00,0.0002689647358731058
2024-11-17 08:00:13+00:00,0.00031543492239997076
2024-11-17 09:00:05+00:00,0.0002456217102257467
2024-11-17 10:00:04+00:00,0.00023761008697554837
2024-11-17 11:00:11+00:00,0.00023300928394656605
2024-11-17 12:00:00+00:00,0.0002521834603225397
2024-11-17 13:00:15+00:00,0.00027313262467004354
2024-11-17 14:00:03+00:00,0.00028326276887256116
2024-11-17 15:00:08+00:00,0.00028492237019368805
2024-11-17 16:00:17+00:00,0.00028524145235494657
2024-11-17 17:00:18+00:00,0.0002954129802839832
2024-11-17 18:00:13+00:00,0.0003117175161619971
2024-11-17 19:00:02+00:00,0.00033242332090322406
2024-11-17 20:01:02+00:00,0.00034394425032913193
2024-11-17 21:00:12+00:00,0.0003422683383772878
2024-11-17 22:00:17+00:00,0.00041671775949841174
2024-11-17 23:00:30+00:00,0.00041584284960128926
2024-11-18 00:00:01+00:00,0.0003952781847832386
2024-11-18 01:00:07+00:00,0.0003951902151455883
2024-11-18 02:00:00+00:00,0.00037884279255006334
2024-11-18 03:00:29+00:00,0.00020488478140264944
2024-11-18 04:00:10+00:00,0.00014692020020929498
2024-11-18 05:00:23+00:00,0.00028049273456364263
2024-11-18 06:00:08+00:00,0.0005066485526290962
2024-11-18 07:00:05+00:00,0.00031200997718042515
2024-11-18 08:00:08+00:00,0.00041517901292314276
2024-11-18 09:00:11+00:00,0.00034467995601575123
2024-11-18 10:00:18+00:00,0.00030976198504578857
2024-11-18 11:00:03+00:00,0.000304022769584042
2024-11-18 12:00:35+00:00,0.00033576132671136853
2024-11-18 13:00:00+00:00,0.0002954101869923818
2024-11-18 14:00:11+00:00,0.00025503896283014967
2024-11-18 15:00:19+00:00,0.00021513787250925764
2024-11-18 16:00:16+00:00,0.00022515525834607286
2024-11-18 17:00:08+00:00,0.00033048256207781555
2024-11-18 18:00:11+00:00,0.0003891893636419871
2024-11-18 19:00:12+00:00,0.00037129953897218227
2024-11-18 20:00:08+00:00,0.0003685675302516974
2024-11-18 21:00:21+00:00,0.00027339284896269806
2024-11-18 22:00:05+00:00,0.00017509167313508738
2024-11-18 23:00:10+00:00,0.0001297383762073763
2024-11-19 00:00:03+00:00,0.00018015429236204557
2024-11-19 01:00:03+00:00,0.00015431634202724975
2024-11-19 02:00:00+00:00,0.00010497554666343318
2024-11-19 03:00:09+00:00,0.000115401853407441
2024-11-19 04:00:11+00:00,0.00012768885077095305
2024-11-19 05:00:15+00:00,0.0002388868052696043
2024-11-19 06:00:04+00:00,0.0002491120087528714
2024-11-19 07:00:07+00:00,0.00024552311454371277
2024-11-19 08:00:20+00:00,0.00021062779359549378
2024-11-19 09:00:14+00:00,0.00019171630132621044
2024-11-19 10:00:01+00:00,8.042119939858386e-05
2024-11-19 11:00:12+00:00,0.00014312274424555088
2024-11-19 12:00:11+00:00,0.00019076961541366407
2024-11-19 13:00:21+00:00,0.0001935935092200929
2024-11-19 14:00:03+00:00,0.0002049044777795358
2024-11-19 15:00:06+00:00,0.00021218390039454043
2024-11-19 16:00:23+00:00,0.0002157455658994451
2024-11-19 17:00:04+00:00,0.0001958191504169461
2024-11-19 18:00:01+00:00,0.00014981331712987956
2024-11-19 19:00:28+00:00,0.00015894895965194733
2024-11-19 20:00:27+00:00,0.00013180407020018018
2024-11-19 21:00:16+00:00,0.00012779268538796744
2024-11-19 22:00:07+00:00,8.495470827962648e-05
2024-11-19 23:00:19+00:00,0.000248469252387245
2024-11-20 00:00:02+00:00,7.070681099426633e-05
2024-11-20 01:00:41+00:00,4.0713353856308236e-05
2024-11-20 02:00:14+00:00,0.00018138709301271003
2024-11-20 03:00:23+00:00,0.00023960976724735783
2024-11-20 04:00:11+00:00,0.0003530271382374393
2024-11-20 05:00:17+00:00,-3.733086770240529e-05
2024-11-20 06:00:34+00:00,-5.241130841919729e-05
2024-11-20 07:00:12+00:00,3.7598832321586064e-06
2024-11-20 08:00:09+00:00,-2.949717333772693e-05
2024-11-20 09:00:05+00:00,5.64374123077159e-05
2024-11-20 10:00:21+00:00,3.20469575705539e-05
2024-11-20 11:00:07+00:00,4.2665223042489025e-05
2024-11-20 12:00:08+00:00,2.354307025677512e-05
2024-11-20 13:00:16+00:00,0.00011127583793291371
2024-11-20 14:00:14+00:00,6.009137453256827e-05
2024-11-20 15:00:35+00:00,5.9675954935485105e-05
2024-11-20 16:00:09+00:00,0.00010037938302356773
2024-11-20 17:00:00+00:00,0.00010218141858453288
2024-11-20 18:00:04+00:00,1.3476132126573093e-05
2024-11-20 19:00:05+00:00,-2.3171160048109164e-05
2024-11-20 20:00:16+00:00,-5.0316389456905016e-05
2024-11-20 21:00:04+00:00,-9.060782325631038e-05
2024-11-20 22:00:11+00:00,-0.0001481544521067091
2024-11-20 23:00:29+00:00,-0.00014609678521394388
2024-11-21 00:00:04+00:00,-3.259645728603371e-05
2024-11-21 01:00:04+00:00,-1.28902337338151e-05
2024-11-21 02:00:10+00:00,5.0296547480328366e-05
2024-11-21 03:00:11+00:00,0.0002295208983421427
2024-11-21 04:00:18+00:00,0.00015010974911458443
2024-11-21 05:00:14+00:00,0.00014181011861026557
2024-11-21 06:00:14+00:00,5.46668575668042e-05
2024-11-21 07:00:02+00:00,4.592750099672449e-05
2024-11-21 08:00:18+00:00,4.410208131239971e-05
2024-11-21 09:00:07+00:00,2.8679933397926605e-05
2024-11-21 10:00:09+00:00,3.874979485402724e-05
2024-11-21 11:00:09+00:00,3.384588863088444e-05
2024-11-21 12:00:14+00:00,1.6353850219664917e-06
2024-11-21 13:00:14+00:00,1.902372712509015e-05
2024-11-21 14:16:15+00:00,6.853070175438597e-05
2024-11-21 15:02:17+00:00,3.621446515250775e-05
2024-11-21 16:00:10+00:00,8.675105573169174e-07
2024-11-21 17:01:57+00:00,2.186724039342756e-05
2024-11-21 18:00:16+00:00,4.2722186076772936e-05
2024-11-21 19:05:39+00:00,5.8410297357257854e-05
2024-11-21 22:00:04+00:00,2.3271280050293812e-05
2024-11-22 01:00:24+00:00,1.9437403784851265e-05
2024-11-22 02:00:15+00:00,2.1574066364128403e-05
2024-11-22 03:00:04+00:00,2.1902695716395865e-05
2024-11-22 04:00:12+00:00,2.8438336487205803e-05
2024-11-22 05:00:14+00:00,4.216411774379214e-05
2024-11-22 06:00:10+00:00,5.605405500909919e-05
2024-11-22 07:00:17+00:00,8.341231266693358e-05
2024-11-22 08:00:00+00:00,6.765547617114557e-05
2024-11-22 09:00:16+00:00,4.794454435537132e-05
2024-11-22 10:00:13+00:00,5.239756952415936e-05
2024-11-22 11:00:09+00:00,5.007909929529718e-05
2024-11-22 12:00:12+00:00,6.732357362163491e-05
2024-11-22 13:00:12+00:00,0.00011502184071515644
2024-11-22 14:00:12+00:00,9.865416634131227e-05
2024-11-22 15:00:01+00:00,9.336830311160685e-05
2024-11-22 16:00:01+00:00,0.00010656755261071807
2024-11-22 17:00:11+00:00,0.00016577561383179245
2024-11-22 18:00:10+00:00,9.268462941387566e-05
2024-11-22 19:00:35+00:00,7.052843428155278e-05
2024-11-22 20:00:28+00:00,5.637761510699211e-05
2024-11-22 21:00:23+00:00,3.0585963454116075e-05
2024-11-22 22:00:40+00:00,2.3429739270452714e-05
2024-11-22 23:00:17+00:00,3.740056921841933e-05
2024-11-23 00:00:16+00:00,7.069773999625641e-05
2024-11-23 01:00:05+00:00,7.590865698760442e-05
2024-11-23 02:00:18+00:00,6.764912691902027e-05
2024-11-23 03:00:13+00:00,8.288696375221171e-05
2024-11-23 04:00:13+00:00,0.0001311221912168128
2024-11-23 05:00:10+00:00,8.898729104776658e-05
2024-11-23 06:00:28+00:00,0.0001065502701017848
2024-11-23 07:00:10+00:00,8.670300967822346e-05
2024-11-23 08:00:35+00:00,8.159754943057623e-05
2024-11-23 09:00:19+00:00,0.00012226967053590045
2024-11-23 10:00:11+00:00,0.0001528534104894954
2024-11-23 11:00:02+00:00,0.0001464669799369343
2024-11-23 12:00:16+00:00,0.00011269622401357658
2024-11-23 13:00:08+00:00,0.00010724288951697096
2024-11-23 14:00:28+00:00,0.00017226046314000425
2024-11-23 15:00:00+00:00,0.00016141957151872332
2024-11-23 16:00:01+00:00,0.000105513242316693
2024-11-23 17:00:19+00:00,8.865891819400984e-05
2024-11-23 18:00:17+00:00,0.00012049337601260228
2024-11-23 19:00:00+00:00,0.00010073638586711804
2024-11-23 20:00:02+00:00,8.964015879113843e-05
2024-11-23 21:00:09+00:00,3.704330892002879e-05
2024-11-23 22:00:33+00:00,3.669481100424961e-05
2024-11-23 23:00:28+00:00,0.00013382871362411003
2024-11-24 00:00:06+00:00,7.235381712573299e-05
2024-11-24 01:00:15+00:00,3.444190339734935e-05
2024-11-24 02:00:13+00:00,5.3537899113658884e-05
2024-11-24 03:00:04+00:00,8.824766062514536e-05
2024-11-24 04:00:11+00:00,5.0151579798342734e-05
2024-11-24 05:00:12+00:00,4.1233696959792264e-05
2024-11-24 06:00:03+00:00,4.9706105509493295e-05
2024-11-24 07:00:26+00:00,5.355215251477396e-05
2024-11-24 08:00:09+00:00,6.728074603105722e-05
2024-11-24 09:00:15+00:00,9.143194591886911e-05
2024-11-24 10:00:16+00:00,3.9529066579045405e-05
2024-11-24 11:00:02+00:00,1.9854710292322894e-05
2024-11-24 12:00:08+00:00,1.2883671633969648e-05
2024-11-24 13:00:15+00:00,9.859016070196195e-08
2024-11-24 14:00:08+00:00,2.6350776749032807e-05
2024-11-24 15:00:11+00:00,2.847723704866562e-05
2024-11-24 16:00:41+00:00,2.125058263396921e-05
2024-11-24 17:00:23+00:00,2.8459597060547487e-05
2024-11-24 18:01:23+00:00,1.6385682554709973e-05
2024-11-24 19:00:12+00:00,2.0323962716173384e-05
2024-11-24 20:00:15+00:00,3.760926871664476e-05
2024-11-24 21:00:03+00:00,3.9090408147754045e-05
2024-11-24 22:00:03+00:00,3.9557242281614504e-05
2024-11-24 23:00:05+00:00,7.619856983890733e-05
2024-11-25 00:00:04+00:00,8.769793502632149e-05
2024-11-25 01:00:14+00:00,0.00010063642289996857
2024-11-25 02:00:08+00:00,5.763695610321887e-05
2024-11-25 03:00:10+00:00,2.7722000565561127e-05
2024-11-25 04:00:12+00:00,1.719500799271406e-05
2024-11-25 05:00:13+00:00,2.1293711257275354e-05
2024-11-25 06:00:16+00:00,3.3494108827564746e-05
2024-11-25 07:00:03+00:00,4.9453887782063774e-05
2024-11-25 08:00:05+00:00,5.452204683971456e-05
2024-11-25 09:00:06+00:00,0.0001237830901838266
2024-11-25 10:00:12+00:00,0.00013724793174767322
2024-11-25 11:00:06+00:00,0.00017591918498699298
2024-11-25 12:00:03+00:00,0.0001831091703871651
2024-11-25 13:00:00+00:00,0.00013941690620050448
2024-11-25 14:00:03+00:00,0.00011557204194847632
2024-11-25 15:00:35+00:00,8.860583080431267e-05
2024-11-25 16:00:38+00:00,4.324304663061665e-05
2024-11-25 17:00:20+00:00,4.870594700384191e-05
2024-11-25 18:00:00+00:00,1.808546639659037e-05
2024-11-25 19:00:12+00:00,5.976972821596266e-06
2024-11-25 20:00:00+00:00,3.711511624454408e-06
2024-11-25 21:00:21+00:00,5.9700754908138424e-06
2024-11-25 22:00:27+00:00,1.5082139112198532e-05
2024-11-25 23:00:14+00:00,1.0131352991535255e-05
2024-11-26 00:00:36+00:00,1.1201923808654094e-05
2024-11-26 01:00:12+00:00,1.01345759328274e-05
2024-11-26 02:00:15+00:00,1.106513737102463e-05
2024-11-26 03:00:19+00:00,9.042318345842779e-06
2024-11-26 04:00:07+00:00,1.3047413080950184e-05
2024-11-26 05:00:18+00:00,1.57213316892725e-05
2024-11-26 06:00:11+00:00,1.6211690246635393e-05
2024-11-26 07:00:11+00:00,3.34275068784423e-05
2024-11-26 08:00:35+00:00,2.5086832336461618e-05
2024-11-26 09:00:07+00:00,2.3032371601438286e-05
2024-11-26 10:00:01+00:00,1.9342414039383737e-05
2024-11-26 11:00:34+00:00,2.3583808455538383e-05
2024-11-26 12:00:19+00:00,1.8064103377535267e-05
2024-11-26 13:00:03+00:00,2.1542258325870967e-05
2024-11-26 14:00:06+00:00,1.4958157048682486e-05
2024-11-26 15:00:27+00:00,1.902800876428817e-05
2024-11-26 16:00:10+00:00,1.6302692255170746e-05
2024-11-26 17:00:03+00:00,1.6773372466007818e-05
2024-11-26 18:00:12+00:00,1.5415265200517465e-05
2024-11-26 19:00:31+00:00,7.563838799467506e-06
2024-11-26 20:00:40+00:00,8.712526341427254e-06
2024-11-26 21:00:11+00:00,1.48750219869942e-05
2024-11-26 22:00:14+00:00,2.374708815155468e-05
2024-11-26 23:00:14+00:00,4.71884779405256e-05
2024-11-27 00:00:12+00:00,3.264261786455175e-05
2024-11-27 01:00:00+00:00,1.8366918283679812e-05
2024-11-27 02:00:00+00:00,1.3781572541256854e-05
2024-11-27 03:00:07+00:00,1.8632263370255198e-05
2024-11-27 04:00:09+00:00,3.5960324616771866e-05
2024-11-27 05:00:14+00:00,4.758165305247815e-05
2024-11-27 06:00:17+00:00,5.1998942046216146e-05
2024-11-27 07:00:00+00:00,5.374924003617173e-05
2024-11-27 08:00:03+00:00,5.2647336425360036e-05
2024-11-27 09:00:08+00:00,4.186100657739895e-05
2024-11-27 10:00:08+00:00,4.68019316780944e-05
2024-11-27 11:00:11+00:00,3.967165831340229e-05
2024-11-27 12:00:12+00:00,4.869733049509589e-05
2024-11-27 13:00:39+00:00,3.0029983815408453e-05
2024-11-27 14:02:47+00:00,4.317178368169869e-05
2024-11-27 15:01:41+00:00,2.2604312971873907e-05
2024-11-27 16:01:42+00:00,3.219906059936972e-05
2024-11-27 17:00:15+00:00,3.22813647349334e-05
2024-11-27 18:00:08+00:00,3.160889421277233e-05
2024-11-27 19:00:25+00:00,2.8958755259283617e-05
2024-11-27 20:00:02+00:00,2.8664959502455186e-05
2024-11-27 21:00:06+00:00,3.0597107182593644e-05
2024-11-27 22:00:13+00:00,4.177244403415647e-05
2024-11-27 23:00:36+00:00,4.575267084748283e-05
2024-11-28 00:00:12+00:00,4.926180564524943e-05
2024-11-28 01:00:07+00:00,3.751663412389469e-05
2024-11-28 02:00:03+00:00,3.93566016888959e-05
2024-11-28 03:00:06+00:00,5.4217827327639075e-05
2024-11-28 04:00:11+00:00,4.2107852209742935e-05
2024-11-28 05:01:04+00:00,4.401588008636197e-05
2024-11-28 06:00:14+00:00,6.889224840090755e-05
2024-11-28 07:00:12+00:00,4.3808728335769474e-05
2024-11-28 08:00:17+00:00,2.4133298825501288e-05
2024-11-28 09:00:16+00:00,2.3789985713650137e-05
2024-11-28 10:00:17+00:00,3.325985092627375e-05
2024-11-28 11:00:04+00:00,1.828173957878872e-05
2024-11-28 12:00:20+00:00,1.2154318709921912e-05
2024-11-28 13:00:12+00:00,1.2673566525627632e-05
2024-11-28 14:00:07+00:00,9.987590418904511e-06
2024-11-28 15:00:12+00:00,2.615955334431204e-05
2024-11-28 16:00:00+00:00,1.4145890021677791e-05
2024-11-28 17:00:08+00:00,2.0384591135489564e-05
2024-11-28 18:00:41+00:00,3.167367281697586e-05
2024-11-28 19:00:30+00:00,1.7670043742204576e-05
2024-11-28 20:00:00+00:00,1.4418652470353997e-05
2024-11-28 21:00:18+00:00,2.8066488873695773e-05
2024-11-28 22:00:03+00:00,-2.8186446453268125e-06
2024-11-28 23:00:00+00:00,1.588622720170649e-05
2024-11-29 00:00:14+00:00,2.8797529722392113e-05
2024-11-29 01:00:15+00:00,5.330452725086928e-05
2024-11-29 02:00:14+00:00,6.95526271926442e-05
2024-11-29 03:00:01+00:00,6.519847528267092e-05
2024-11-29 04:00:18+00:00,5.73443962970258e-05
2024-11-29 05:00:21+00:00,2.5975658139540612e-05
2024-11-29 06:00:19+00:00,4.598114541481812e-05
2024-11-29 07:00:05+00:00,2.7462829523097164e-05
2024-11-29 08:00:04+00:00,2.4727136053647998e-05
2024-11-29 09:00:01+00:00,2.8148555082082423e-05
2024-11-29 10:00:03+00:00,4.068706308327307e-05
2024-11-29 11:00:05+00:00,6.564926084825011e-05
2024-11-29 12:00:15+00:00,3.8204602017202984e-05
2024-11-29 13:00:08+00:00,5.173241636192564e-05
2024-11-29 14:00:09+00:00,2.428864812301797e-05
2024-11-29 15:00:16+00:00,2.1155264746175144e-05
2024-11-29 16:00:07+00:00,4.421492924562048e-05
2024-11-29 17:00:10+00:00,5.3053346090317546e-05
2024-11-29 18:00:48+00:00,3.9320046781846364e-05
2024-11-29 19:00:18+00:00,3.806514352720672e-05
2024-11-29 20:00:08+00:00,6.775657683538639e-05
2024-11-29 21:00:14+00:00,6.75758334028415e-05
2024-11-29 22:00:01+00:00,5.56932416251288e-05
2024-11-29 23:00:22+00:00,2.4156051585684716e-05
2024-11-30 00:00:18+00:00,3.746160185809545e-05
2024-11-30 01:00:18+00:00,3.4036123244008976e-05
2024-11-30 02:00:01+00:00,1.9972471403483795e-05
2024-11-30 03:00:07+00:00,2.049324174289255e-05
2024-11-30 04:00:09+00:00,2.5216411277928554e-05
2024-11-30 05:00:12+00:00,5.579495945961988e-05
2024-11-30 06:00:18+00:00,7.156307960180173e-05
2024-11-30 07:00:00+00:00,9.369321206067384e-05
2024-11-30 08:00:03+00:00,8.74242420698318e-05
2024-11-30 09:00:05+00:00,0.00010589172714348104
2024-11-30 10:00:08+00:00,6.61970979162499e-05
2024-11-30 11:00:11+00:00,5.185166089365312e-05
2024-11-30 12:00:17+00:00,4.5505472519712837e-05
2024-11-30 13:00:20+00:00,4.3297642723168424e-05
2024-11-30 14:00:05+00:00,4.377926429301718e-05
2024-11-30 15:00:03+00:00,4.5362776771872515e-05
2024-11-30 16:00:17+00:00,3.5270629465143135e-05
2024-11-30 17:00:02+00:00,2.810748589436341e-05
2024-11-30 18:00:38+00:00,2.351580026619886e-05
2024-11-30 19:00:04+00:00,1.9727234182880295e-05
2024-11-30 20:00:09+00:00,1.8835894622587533e-05
2024-11-30 21:00:18+00:00,2.042779193116294e-05
2024-11-30 22:00:02+00:00,7.148583863736768e-05
2024-11-30 23:00:15+00:00,4.688927993308916e-05
2024-12-01 00:00:12+00:00,4.593061545325147e-05
2024-12-01 01:00:38+00:00,2.774339063481792e-05
2024-12-01 02:02:46+00:00,2.7978875948658763e-05
2024-12-01 03:00:06+00:00,2.6424427034584217e-05
2024-12-01 04:00:31+00:00,3.196587411002625e-05
2024-12-01 05:00:05+00:00,6.411426239160062e-05
2024-12-01 06:00:04+00:00,6.45797001164188e-05
2024-12-01 07:00:03+00:00,9.802590458889985e-05
2024-12-01 08:00:03+00:00,8.764750064931874e-05
2024-12-01 09:00:04+00:00,7.607359960453387e-05
2024-12-01 10:00:15+00:00,0.0001002478398688154
2024-12-01 11:00:04+00:00,7.10594315245478e-05
2024-12-01 12:00:05+00:00,6.279391229198015e-05
2024-12-01 13:00:02+00:00,9.488650159951533e-05
2024-12-01 14:00:06+00:00,4.633475719371491e-05
2024-12-01 15:05:27+00:00,3.8625064410400716e-05
2024-12-01 16:00:07+00:00,2.5988308426796356e-05
2024-12-01 17:01:33+00:00,4.5077872871329065e-05
2024-12-01 18:05:46+00:00,5.8680044182621504e-05
2024-12-01 19:00:11+00:00,6.266230411572241e-05
2024-12-01 20:06:31+00:00,-1.732870002402913e-06
2024-12-01 21:00:01+00:00,1.9332023757037435e-05
2024-12-01 22:00:17+00:00,8.252421658907494e-06
2024-12-01 23:01:50+00:00,3.259105192955486e-05
2024-12-02 00:00:03+00:00,4.611409262572053e-05
2024-12-02 01:00:01+00:00,5.126276629899127e-05
2024-12-02 02:00:12+00:00,6.374586526284756e-05
2024-12-02 03:00:02+00:00,3.7925267383518884e-05
2024-12-02 04:00:08+00:00,2.0411405672826127e-05
2024-12-02 05:00:00+00:00,9.751190486906895e-06
2024-12-02 06:00:02+00:00,6.186106816935122e-05
2024-12-02 07:00:17+00:00,4.597057882954909e-05
2024-12-02 08:00:19+00:00,3.3412293880711194e-05
2024-12-02 09:00:10+00:00,7.981459365503542e-06
2024-12-02 10:00:08+00:00,1.5906629883335374e-05
2024-12-02 11:00:05+00:00,2.2983366341445633e-05
2024-12-02 12:00:00+00:00,1.7482014212980015e-05
2024-12-02 13:00:05+00:00,1.986909657169274e-05
2024-12-02 14:00:03+00:00,2.3357593984962402e-05
2024-12-02 15:00:16+00:00,3.536381842456609e-05
2024-12-02 16:00:13+00:00,4.8780946514924615e-05
2024-12-02 17:01:24+00:00,3.0502052415535203e-05
2024-12-02 18:00:40+00:00,-1.0597531521594433e-05
2024-12-02 19:00:16+00:00,3.815724371538945e-05
2024-12-02 20:01:33+00:00,3.0131380215434153e-05
2024-12-02 21:00:22+00:00,4.6924691477531626e-05
2024-12-02 22:04:29+00:00,1.78472112105384e-05
2024-12-02 23:02:15+00:00,9.880349583180163e-06
2024-12-03 00:00:06+00:00,5.809212967449027e-06
2024-12-03 01:00:16+00:00,1.868236205520154e-06
2024-12-03 02:00:11+00:00,3.0503559501313273e-05
2024-12-03 03:00:09+00:00,1.595664967446817e-05
2024-12-03 04:00:07+00:00,1.7858326939289742e-05
2024-12-03 05:00:19+00:00,3.7619096016620856e-05
2024-12-03 06:00:07+00:00,7.88060760092204e-05
2024-12-03 07:03:23+00:00,9.829735984508573e-05
2024-12-03 08:00:03+00:00,4.0132700107794934e-05
2024-12-03 09:00:02+00:00,6.790405605584525e-05
2024-12-03 10:00:03+00:00,8.745531392863646e-05
2024-12-03 11:00:19+00:00,0.00010496131567415609
2024-12-03 12:00:19+00:00,9.335194807064004e-05
2024-12-03 13:00:10+00:00,8.799363072645317e-05
2024-12-03 14:00:40+00:00,5.237069018116676e-05
2024-12-03 15:00:45+00:00,5.135337806233186e-05
2024-12-03 16:00:08+00:00,6.549823921503786e-05
2024-12-03 17:00:12+00:00,6.499664141370648e-05
2024-12-03 18:00:17+00:00,4.916049980006023e-05
2024-12-03 19:01:07+00:00,6.180817019228171e-05
2024-12-03 20:01:27+00:00,4.089670169638289e-05
2024-12-03 21:00:14+00:00,8.419298562820994e-05
2024-12-03 22:01:39+00:00,7.075931739554473e-05
2024-12-03 23:00:12+00:00,7.277382493763042e-05
2024-12-04 00:00:15+00:00,4.0032384872752814e-05
2024-12-04 01:00:14+00:00,5.192177362349609e-05
2024-12-04 02:00:06+00:00,4.683745838761036e-05
2024-12-04 03:00:13+00:00,6.331490030947187e-05
2024-12-04 04:00:06+00:00,0.00010046150436935767
2024-12-04 05:01:00+00:00,6.178504024958595e-05
2024-12-04 06:00:24+00:00,4.383818387063529e-05
2024-12-04 07:00:05+00:00,4.075867924753944e-05
2024-12-04 08:00:09+00:00,4.820923522297665e-05
2024-12-04 09:00:07+00:00,5.29421562328979e-05
2024-12-04 10:00:15+00:00,6.780169825885583e-05
2024-12-04 11:00:04+00:00,0.00011059328214558141
2024-12-04 12:00:16+00:00,9.911992750937812e-05
2024-12-04 13:00:00+00:00,7.394832346664417e-05
2024-12-04 14:00:06+00:00,5.9555592164235156e-05
2024-12-04 15:00:24+00:00,8.276936701081316e-05
2024-12-04 16:00:08+00:00,0.00012318929847317733
2024-12-04 17:00:50+00:00,0.00013597888257714757
2024-12-04 18:00:19+00:00,7.257196763114839e-05
2024-12-04 19:00:07+00:00,4.7171376565832044e-05
2024-12-04 20:00:14+00:00,4.235094716815313e-05
2024-12-04 21:00:03+00:00,3.0419161103304984e-05
2024-12-04 22:00:07+00:00,5.3984084429928066e-05
2024-12-04 23:00:02+00:00,9.820606198013347e-05
2024-12-05 00:00:14+00:00,9.841715718796023e-05
2024-12-05 01:00:02+00:00,9.32303150341941e-05
2024-12-05 02:00:05+00:00,6.310260006524571e-05
2024-12-05 03:00:05+00:00,7.737198305329319e-05
2024-12-05 04:00:07+00:00,9.682059604603127e-05
2024-12-05 05:00:07+00:00,0.0001156372183424865
2024-12-05 06:00:02+00:00,8.182517303255576e-05
2024-12-05 07:00:10+00:00,7.026534589005484e-05
2024-12-05 08:00:10+00:00,9.406228423997965e-05
2024-12-05 09:00:10+00:00,0.0001221324746675399
2024-12-05 10:00:11+00:00,0.00015829536122226597
2024-12-05 11:00:05+00:00,0.000135049001880515
2024-12-05 12:00:07+00:00,0.00010303046651785212
2024-12-05 13:00:02+00:00,9.89166095305308e-05
2024-12-05 14:00:07+00:00,0.00010787390541349068
2024-12-05 15:00:13+00:00,0.00010770947886017583
2024-12-05 16:00:13+00:00,8.620643227086268e-05
2024-12-05 17:00:10+00:00,8.781944242776246e-05
2024-12-05 18:00:11+00:00,0.00013131093275291344
2024-12-05 19:00:10+00:00,0.00011593684891562285
2024-12-05 20:00:10+00:00,9.780920851908688e-05
2024-12-05 21:00:20+00:00,6.816972032048963e-05
2024-12-05 22:00:12+00:00,5.290081155439627e-05
2024-12-05 23:00:15+00:00,7.981026632830984e-05
2024-12-06 00:00:11+00:00,4.3181267700104345e-05
2024-12-06 01:00:03+00:00,5.328462409714614e-05
2024-12-06 02:00:16+00:00,7.445387079637469e-05
2024-12-06 03:00:01+00:00,4.023931161207294e-05
2024-12-06 04:00:10+00:00,6.927705309571928e-05
2024-12-06 05:00:12+00:00,0.00011604054066454389
2024-12-06 06:00:00+00:00,0.00014551729360229648
2024-12-06 07:00:09+00:00,0.00013789646664622062
2024-12-06 08:00:18+00:00,0.0001219615540535898
2024-12-06 09:00:18+00:00,0.00014084806623516227
2024-12-06 10:00:08+00:00,0.00012226432532347505
2024-12-06 11:00:12+00:00,0.00010855924133097704
2024-12-06 12:00:00+00:00,6.7045698347994e-05
2024-12-06 13:00:04+00:00,5.439270833577028e-05
2024-12-06 14:00:09+00:00,5.23775461144271e-05
2024-12-06 15:00:02+00:00,5.7704703629314775e-05
2024-12-06 16:00:15+00:00,3.820072280397936e-05
2024-12-06 17:00:06+00:00,4.3387308675383685e-05
2024-12-06 18:00:19+00:00,3.483201807976041e-05
2024-12-06 19:00:13+00:00,6.775735621603967e-05
2024-12-06 20:00:14+00:00,0.00012699345556595803
2024-12-06 21:00:10+00:00,0.00014312525165666864
2024-12-06 22:00:17+00:00,0.00016569150998034486
2024-12-06 23:00:05+00:00,0.00012781215330595998
2024-12-07 00:00:06+00:00,0.00010906802912881731
2024-12-07 01:00:07+00:00,0.00011164150714777245
2024-12-07 02:00:01+00:00,8.212232705048885e-05
2024-12-07 03:00:16+00:00,9.556116941768732e-05
2024-12-07 04:00:04+00:00,0.00011296000073334279
2024-12-07 05:00:06+00:00,0.00012677476170028083
2024-12-07 06:00:11+00:00,0.00018067056602035647
2024-12-07 07:00:18+00:00,0.00017693299294795642
2024-12-07 08:00:01+00:00,0.00011735688391475714
2024-12-07 09:00:19+00:00,0.00010711514456327385
2024-12-07 10:00:05+00:00,8.859797202875381e-05
2024-12-07 11:00:04+00:00,0.00010117400699503219
2024-12-07 12:00:19+00:00,9.309205266243805e-05
2024-12-07 13:00:21+00:00,0.00014707288810005182
2024-12-07 14:00:17+00:00,0.00014705974218363056
2024-12-07 15:00:18+00:00,0.00017443842502094388
2024-12-07 16:00:00+00:00,0.00014372855170454292
2024-12-07 17:00:06+00:00,0.0001216496886757167
2024-12-07 18:00:03+00:00,0.0001090786308932608
2024-12-07 19:00:02+00:00,0.0001461547846775283
2024-12-07 20:00:06+00:00,0.0001120030423208562
2024-12-07 21:00:09+00:00,8.294618744518448e-05
2024-12-07 22:00:05+00:00,6.042314519611136e-05
2024-12-07 23:00:01+00:00,4.845429784331814e-05
2024-12-08 00:00:02+00:00,3.9492217839073596e-05
2024-12-08 01:00:01+00:00,4.67246565462893e-05
2024-12-08 02:00:08+00:00,6.870061074954041e-05
2024-12-08 03:00:13+00:00,6.022195271442171e-05
2024-12-08 04:00:10+00:00,6.103410131876869e-05
2024-12-08 05:00:07+00:00,8.102371611831792e-05
2024-12-08 06:00:08+00:00,8.999649223508403e-05
2024-12-08 07:00:21+00:00,7.176721381368578e-05
2024-12-08 08:00:02+00:00,8.260165519480796e-05
2024-12-08 09:00:17+00:00,6.134471948978488e-05
2024-12-08 10:00:14+00:00,8.517828649724105e-05
2024-12-08 11:00:06+00:00,7.647096318992783e-05
2024-12-08 12:00:18+00:00,5.091997446458711e-05
2024-12-08 13:00:08+00:00,5.157069605705193e-05
2024-12-08 14:00:06+00:00,5.1008645533141214e-05
2024-12-08 15:00:07+00:00,5.3264951042526595e-05
2024-12-08 16:00:12+00:00,8.594617740459542e-05
2024-12-08 17:00:00+00:00,9.497265846960887e-05
2024-12-08 18:00:36+00:00,0.00014543282964278863
2024-12-08 19:00:18+00:00,0.00019064772268637323
2024-12-08 20:00:04+00:00,0.00013784060643310796
2024-12-08 21:00:06+00:00,0.00017139776908302526
2024-12-08 22:00:08+00:00,0.00013560384228894962
2024-12-08 23:00:14+00:00,0.00012834256896525692
2024-12-09 00:00:10+00:00,8.241429481550357e-05
2024-12-09 01:00:07+00:00,7.17338369569224e-05
2024-12-09 02:00:03+00:00,0.00012766546723367135
2024-12-09 03:00:13+00:00,0.00013733950909310946
2024-12-09 04:00:04+00:00,0.0001043049430397087
2024-12-09 05:00:06+00:00,0.0001061390377169493
2024-12-09 06:00:05+00:00,9.888576619855748e-05
2024-12-09 07:00:06+00:00,7.500000000000001e-05
2024-12-09 08:00:12+00:00,5.885544653907553e-05
2024-12-09 09:00:18+00:00,6.741692540258706e-05
2024-12-09 10:00:00+00:00,4.857123880935423e-05
2024-12-09 11:00:03+00:00,4.046198983457073e-05
2024-12-09 12:00:10+00:00,3.5197614409557135e-05
2024-12-09 13:00:32+00:00,4.3182943362004745e-05
2024-12-09 14:00:05+00:00,5.0844935310534626e-05
2024-12-09 15:00:08+00:00,0.0001618719312370304
2024-12-09 16:00:12+00:00,0.00010650666094565571
2024-12-09 17:00:00+00:00,5.5488421923077796e-05
2024-12-09 18:00:17+00:00,4.425698490276649e-05
2024-12-09 19:00:19+00:00,3.8978845951015054e-05
2024-12-09 20:00:03+00:00,3.266492245299589e-05
2024-12-09 21:00:10+00:00,3.707137756236903e-05
2024-12-09 22:00:01+00:00,2.1006894485125368e-05
2024-12-09 23:00:00+00:00,8.856163440423821e-06
2024-12-10 00:00:17+00:00,8.450309764212213e-05
2024-12-10 01:00:19+00:00,5.902277556408909e-05
2024-12-10 02:00:23+00:00,2.9376206847260685e-05
2024-12-10 03:00:11+00:00,2.4368845428875457e-05
2024-12-10 04:00:00+00:00,6.152860279006431e-06
2024-12-10 05:00:01+00:00,2.6211643102588334e-05
2024-12-10 06:00:03+00:00,2.0069970526963978e-05
2024-12-10 07:00:08+00:00,1.573652118887259e-05
2024-12-10 08:00:10+00:00,2.744052471924142e-05
2024-12-10 09:00:14+00:00,3.0891309081922524e-05
2024-12-10 10:00:04+00:00,3.1998381186658445e-05
2024-12-10 11:00:11+00:00,3.274918490917559e-05
2024-12-10 12:00:01+00:00,3.476401531553008e-05
2024-12-10 13:00:05+00:00,3.811859888927902e-05
2024-12-10 14:00:13+00:00,3.5498448032763204e-05
2024-12-10 15:00:18+00:00,3.5181220787864636e-05
2024-12-10 16:00:14+00:00,1.1766501723633495e-05
2024-12-10 17:00:22+00:00,1.0827327550082896e-06
2024-12-10 18:00:09+00:00,1.207197851293257e-06
2024-12-10 19:00:00+00:00,-1.9846730317335986e-06
2024-12-10 20:00:02+00:00,4.582075444526776e-05
2024-12-10 21:00:06+00:00,1.949934191983575e-05
2024-12-10 22:00:04+00:00,1.0310041127904721e-05
2024-12-10 23:00:10+00:00,1.3037361899359199e-05
2024-12-11 00:00:05+00:00,1.9985432840063243e-05
2024-12-11 01:00:05+00:00,2.1583743546950637e-05
2024-12-11 02:00:13+00:00,1.7536658110509525e-05
2024-12-11 03:00:06+00:00,1.49395273912987e-05
2024-12-11 04:00:08+00:00,1.963495717648028e-05
2024-12-11 05:00:02+00:00,1.2200697623047246e-05
2024-12-11 06:00:20+00:00,1.8051763258085607e-05
2024-12-11 07:00:12+00:00,2.3093172175805426e-05
2024-12-11 08:00:14+00:00,2.801740668960968e-05
2024-12-11 09:00:05+00:00,3.7295195567094983e-05
2024-12-11 10:00:13+00:00,3.667738320782923e-05
2024-12-11 11:00:15+00:00,3.646468583787046e-05
2024-12-11 12:00:03+00:00,5.5322473163633827e-05
2024-12-11 13:00:11+00:00,5.910249467131053e-05
2024-12-11 14:00:20+00:00,3.928065066078096e-05
2024-12-11 15:00:06+00:00,4.0944971321483335e-05
2024-12-11 16:00:03+00:00,3.952482645560814e-05
2024-12-11 17:00:16+00:00,2.5118206886867595e-05
2024-12-11 18:00:10+00:00,2.8139690252049802e-05
2024-12-11 19:00:14+00:00,2.1302806614338856e-05
2024-12-11 20:00:21+00:00,3.74189675289151e-05
2024-12-11 21:00:11+00:00,3.078704205147461e-05
2024-12-11 22:00:17+00:00,2.0801928006989985e-05
2024-12-11 23:00:19+00:00,1.6784558206450068e-05
2024-12-12 00:00:07+00:00,2.722041014358388e-05
2024-12-12 01:00:05+00:00,2.9830998793021296e-05
2024-12-12 02:00:10+00:00,3.1419598570598006e-05
2024-12-12 03:00:12+00:00,2.8710699606450142e-05
2024-12-12 04:00:09+00:00,1.6046024601015813e-05
2024-12-12 05:00:13+00:00,1.1604315182132285e-05
2024-12-12 06:00:16+00:00,2.705076703114669e-05
2024-12-12 07:00:18+00:00,3.723803378975792e-05
2024-12-12 08:00:00+00:00,6.341604887671285e-05
2024-12-12 09:00:01+00:00,8.303417050961998e-05
2024-12-12 10:00:02+00:00,9.035083931818292e-05
2024-12-12 11:00:09+00:00,8.573471024083002e-05
2024-12-12 12:00:11+00:00,7.580884549891051e-05
2024-12-12 13:00:14+00:00,3.558183362081688e-05
2024-12-12 14:00:02+00:00,2.1443931669364776e-05
2024-12-12 15:00:09+00:00,1.3386515398962128e-05
2024-12-12 16:00:13+00:00,9.849875640193668e-06
2024-12-12 17:00:01+00:00,2.4308510510061645e-05
2024-12-12 18:00:05+00:00,3.1705119440733775e-05
2024-12-12 19:00:06+00:00,4.516560480337221e-05
2024-12-12 20:00:13+00:00,3.0157991319372516e-05
2024-12-12 21:00:16+00:00,4.491719976185284e-05
2024-12-12 22:00:04+00:00,4.3278934883926514e-05
2024-12-12 23:00:11+00:00,3.970129850944706e-05
2024-12-13 00:00:27+00:00,2.000507205519184e-05
2024-12-13 01:00:04+00:00,1.2373133046156865e-05
2024-12-13 02:00:14+00:00,9.780301513994627e-06
2024-12-13 03:00:13+00:00,9.244445320954816e-06
2024-12-13 04:00:41+00:00,1.893299272941639e-05
2024-12-13 05:00:07+00:00,3.47071210412382e-05
2024-12-13 06:00:16+00:00,4.130655633916872e-05
2024-12-13 07:00:05+00:00,7.47107494933197e-05
2024-12-13 08:00:11+00:00,4.15813408889361e-05
2024-12-13 09:00:09+00:00,2.4980324139751655e-05
2024-12-13 10:00:16+00:00,2.316902887787759e-05
2024-12-13 11:00:02+00:00,2.8882528867674147e-05
2024-12-13 12:00:04+00:00,2.8830565440885723e-05
2024-12-13 13:00:07+00:00,1.5714201200934716e-05
2024-12-13 14:00:08+00:00,9.345172359391023e-06
2024-12-13 15:00:14+00:00,8.174406969215375e-06
2024-12-13 16:00:00+00:00,1.2040785835176436e-05
2024-12-13 17:00:02+00:00,2.305428022692789e-05
2024-12-13 18:00:11+00:00,2.7595646510806458e-05
2024-12-13 19:00:01+00:00,3.130378419784973e-05
2024-12-13 20:00:01+00:00,7.286335832358376e-05
2024-12-13 21:00:06+00:00,6.541853047762933e-05
2024-12-13 22:00:05+00:00,7.443708282439452e-05
2024-12-13 23:00:09+00:00,7.036917979278456e-05
2024-12-14 00:00:15+00:00,0.00011949904031183089
2024-12-14 01:00:12+00:00,0.0001978573499137732
2024-12-14 02:00:54+00:00,0.00013872365353869437
2024-12-14 03:00:12+00:00,6.698053373664439e-05
2024-12-14 04:00:14+00:00,3.527184546550151e-05
2024-12-14 05:00:12+00:00,2.2777525589023444e-05
2024-12-14 06:00:21+00:00,1.882318465426928e-05
2024-12-14 07:00:20+00:00,1.1985508165066485e-05
2024-12-14 08:00:01+00:00,9.456570547236484e-06
2024-12-14 09:00:07+00:00,8.444898138605738e-06
2024-12-14 10:00:14+00:00,3.132185526467225e-05
2024-12-14 11:00:15+00:00,4.3814755939057855e-05
2024-12-14 12:00:01+00:00,8.673564687377113e-05
2024-12-14 13:00:03+00:00,7.197613728475118e-05
2024-12-14 14:00:11+00:00,3.539685910970628e-05
2024-12-14 15:00:11+00:00,1.7849671941818838e-05
2024-12-14 16:00:00+00:00,2.1219107733760157e-05
2024-12-14 17:00:20+00:00,2.42979471074714e-05
2024-12-14 18:00:16+00:00,2.0726519589429117e-05
2024-12-14 19:00:16+00:00,2.1491976260763865e-05
2024-12-14 20:00:02+00:00,1.3201977996703339e-05
2024-12-14 21:00:00+00:00,1.4401290355615864e-05
2024-12-14 22:00:08+00:00,9.692826132534248e-06
2024-12-14 23:00:12+00:00,8.181252486509094e-06
2024-12-15 00:00:05+00:00,8.21217220798779e-06
2024-12-15 01:00:15+00:00,1.3351064098229111e-05
2024-12-15 02:00:00+00:00,1.226445948325744e-05
2024-12-15 03:00:06+00:00,1.2337158789472758e-05
2024-12-15 04:00:03+00:00,1.057429902549592e-05
2024-12-15 05:00:00+00:00,3.081393308229584e-05
2024-12-15 06:00:03+00:00,6.584932124430195e-05
2024-12-15 07:00:05+00:00,7.924754601842745e-05
2024-12-15 08:00:04+00:00,6.009329299041856e-05
2024-12-15 09:00:07+00:00,2.811610040816943e-05
2024-12-15 10:00:04+00:00,3.044631153921485e-05
2024-12-15 11:00:08+00:00,6.281497164157763e-05
2024-12-15 12:00:16+00:00,7.043452781944719e-05
2024-12-15 13:00:00+00:00,0.00010188992803601194
2024-12-15 14:00:05+00:00,0.00013110004459269923
2024-12-15 15:00:11+00:00,7.113268077640855e-05
2024-12-15 16:00:07+00:00,6.347162471282334e-05
2024-12-15 17:00:19+00:00,6.836020272865835e-05
2024-12-15 18:00:17+00:00,7.012808023419818e-05
2024-12-15 19:00:02+00:00,7.090989831029873e-05
2024-12-15 20:00:05+00:00,6.964235231099626e-05
2024-12-15 21:00:18+00:00,4.7703250417229596e-05
2024-12-15 22:00:20+00:00,4.504630473484328e-05
2024-12-15 23:00:02+00:00,5.188540340894912e-05
2024-12-16 00:00:11+00:00,5.0884665873924294e-05
2024-12-16 01:00:08+00:00,5.4200840756092536e-05
2024-12-16 02:00:01+00:00,7.847184103633767e-05
2024-12-16 03:00:35+00:00,0.00012002026401961791
2024-12-16 04:00:14+00:00,0.00015348637051062938
2024-12-16 05:00:15+00:00,7.297876533477853e-05
2024-12-16 06:00:13+00:00,7.501048114626748e-05
2024-12-16 07:00:01+00:00,0.00012962364463961907
2024-12-16 08:00:02+00:00,8.792431968172014e-05
2024-12-16 09:00:16+00:00,8.349537168915389e-05
2024-12-16 10:00:05+00:00,7.858509554456676e-05
2024-12-16 11:00:10+00:00,5.837110287048482e-05
2024-12-16 12:00:03+00:00,5.076251792940774e-05
2024-12-16 13:00:07+00:00,6.680958838041416e-05
2024-12-16 14:00:19+00:00,7.042289103968188e-05
2024-12-16 15:00:03+00:00,7.333611989605785e-05
2024-12-16 16:00:12+00:00,7.980195537728754e-05
2024-12-16 17:00:09+00:00,9.267129034339986e-05
2024-12-16 18:00:10+00:00,0.00015671217571130343
2024-12-16 19:00:02+00:00,9.422024039189448e-05
2024-12-16 20:00:21+00:00,6.301219194830575e-05
2024-12-16 21:00:02+00:00,5.1910788740038976e-05
2024-12-16 22:00:04+00:00,4.7326925741888224e-05
2024-12-16 23:00:16+00:00,4.8513089264084244e-05
2024-12-17 00:00:02+00:00,4.807489510368049e-05
2024-12-17 01:00:11+00:00,2.9453348254431363e-05
2024-12-17 02:00:14+00:00,4.336426432361706e-05
2024-12-17 03:00:15+00:00,4.8771417518375705e-05
2024-12-17 04:00:20+00:00,3.533906399235912e-05
2024-12-17 05:00:02+00:00,3.231308632616318e-05
2024-12-17 06:00:17+00:00,4.5943817274875295e-05
2024-12-17 07:00:04+00:00,4.994744481705792e-05
2024-12-17 08:00:04+00:00,4.848271012719361e-05
2024-12-17 09:00:00+00:00,4.9701913554930926e-05
2024-12-17 10:00:06+00:00,5.256177248578317e-05
2024-12-17 11:00:04+00:00,5.341873983255962e-05
2024-12-17 12:00:08+00:00,5.087435273181161e-05
2024-12-17 13:02:33+00:00,3.868186352457801e-05
2024-12-17 14:00:14+00:00,3.517888528399608e-05
2024-12-17 15:00:55+00:00,2.6791983345856787e-05
2024-12-17 16:00:17+00:00,4.254852724301487e-06
2024-12-17 17:01:46+00:00,9.355517135565186e-06
2024-12-17 18:00:07+00:00,8.71589904498649e-06
2024-12-17 19:00:07+00:00,2.555491564384675e-05
2024-12-17 20:00:10+00:00,1.4274210892213202e-05
2024-12-17 21:00:13+00:00,1.2180131020732456e-05
2024-12-17 22:00:04+00:00,1.1251406425803226e-05
2024-12-17 23:00:09+00:00,9.833463910484342e-06
2024-12-18 00:00:21+00:00,9.1672356675012e-06
2024-12-18 01:00:12+00:00,1.1945570015299869e-05
2024-12-18 02:00:38+00:00,1.2911042586374191e-05
2024-12-18 03:00:00+00:00,1.4000896057347669e-05
2024-12-18 04:00:18+00:00,1.2662042475814936e-05
2024-12-18 05:00:02+00:00,9.038625922262653e-06
2024-12-18 06:00:16+00:00,7.336318271394574e-06
2024-12-18 07:00:08+00:00,2.7343037941720264e-05
2024-12-18 08:00:14+00:00,4.056762920306984e-05
2024-12-18 09:00:03+00:00,5.153047408765206e-05
2024-12-18 10:00:06+00:00,5.648395115489993e-05
2024-12-18 11:00:15+00:00,6.468004077429771e-05
2024-12-18 12:00:02+00:00,8.523426993213825e-05
2024-12-18 13:00:06+00:00,6.684716477600064e-05
2024-12-18 14:00:16+00:00,4.267378847200975e-05
2024-12-18 15:00:06+00:00,3.442524136640928e-05
2024-12-18 16:00:04+00:00,2.5473779516906202e-05
2024-12-18 17:00:08+00:00,2.9274614095531524e-05
2024-12-18 18:00:22+00:00,3.335672697026409e-05
2024-12-18 19:00:35+00:00,3.20098292809105e-05
2024-12-18 20:01:34+00:00,1.6687430588247534e-05
2024-12-18 21:00:38+00:00,-2.1043789232581007e-05
2024-12-18 22:00:09+00:00,-1.7134366330010639e-06
2024-12-18 23:00:32+00:00,1.4375581385719924e-05
2024-12-19 00:00:16+00:00,2.891586344823755e-06
2024-12-19 01:00:19+00:00,1.1557000180578128e-06
2024-12-19 02:00:43+00:00,4.762555384225012e-06
2024-12-19 03:00:11+00:00,-1.5133457057077509e-05
2024-12-19 04:00:12+00:00,-1.1979709036290897e-05
2024-12-19 05:00:18+00:00,-1.1329990482031017e-05
2024-12-19 06:00:18+00:00,-2.2951826052811323e-07
2024-12-19 07:00:01+00:00,3.096962445738223e-05
2024-12-19 08:00:13+00:00,3.446992154645856e-05
2024-12-19 09:00:12+00:00,4.688768962544729e-05
2024-12-19 10:00:22+00:00,5.317537385900175e-05
2024-12-19 11:00:00+00:00,6.641882220561346e-05
2024-12-19 12:00:06+00:00,4.508168583974801e-05
2024-12-19 13:00:12+00:00,3.7537356069262545e-05
2024-12-19 14:00:12+00:00,3.379368557657675e-05
2024-12-19 15:00:02+00:00,2.6898258372255342e-05
2024-12-19 16:00:12+00:00,1.683507391835074e-05
2024-12-19 17:00:06+00:00,1.315254391527771e-05
2024-12-19 18:00:03+00:00,-1.6962164457097325e-05
2024-12-19 19:00:05+00:00,-3.866136966266933e-05
2024-12-19 20:00:23+00:00,-2.169700565542315e-05
2024-12-19 21:00:08+00:00,4.387840416637415e-06
2024-12-19 22:00:07+00:00,1.1291440816841043e-05
2024-12-19 23:00:18+00:00,2.5184317508440707e-05
2024-12-20 00:00:21+00:00,5.154412019301896e-05
2024-12-20 01:00:15+00:00,4.4948027058928046e-05
2024-12-20 02:00:15+00:00,3.147540774597832e-05
2024-12-20 03:00:19+00:00,2.0712575112395028e-05
2024-12-20 04:00:01+00:00,1.7856421945697843e-05
2024-12-20 05:00:06+00:00,1.5901284823813764e-05
2024-12-20 06:00:01+00:00,1.614137923492487e-05
2024-12-20 07:00:03+00:00,1.1450646922066107e-05
2024-12-20 08:00:03+00:00,4.0213280348592644e-05
2024-12-20 09:00:13+00:00,-7.1108362961817895e-06
2024-12-20 10:00:16+00:00,3.260808287818644e-05
2024-12-20 11:00:02+00:00,1.2979142986264226e-05
2024-12-20 12:00:21+00:00,2.407318247472316e-05
2024-12-20 13:00:04+00:00,3.378923957388939e-05
2024-12-20 14:00:09+00:00,7.617883519548264e-05
2024-12-20 15:00:14+00:00,3.605703969158929e-05
2024-12-20 16:00:01+00:00,4.47599375350205e-05
2024-12-20 17:00:06+00:00,4.1020909808114857e-05
2024-12-20 18:00:36+00:00,2.702074870865019e-05
2024-12-20 19:00:18+00:00,2.33170703467972e-05
2024-12-20 20:00:06+00:00,3.3087113506916194e-06
2024-12-20 21:00:04+00:00,-3.986999193031364e-06
2024-12-20 22:00:34+00:00,-6.977373466652923e-06
2024-12-20 23:00:05+00:00,-1.2747541317968296e-05
2024-12-21 00:03:46+00:00,2.369264011827366e-06
2024-12-21 01:00:00+00:00,6.324590640870769e-06
2024-12-21 02:00:10+00:00,-4.008457814940277e-06
2024-12-21 03:00:02+00:00,5.401567998024569e-06
2024-12-21 04:00:17+00:00,2.3645168255143276e-05
2024-12-21 05:00:00+00:00,4.074306822187821e-05
2024-12-21 06:00:04+00:00,3.884447126263388e-05
2024-12-21 07:00:09+00:00,3.158160687215765e-05
2024-12-21 08:00:12+00:00,1.597485847727649e-05
2024-12-21 09:00:13+00:00,4.68051085583233e-05
2024-12-21 10:00:05+00:00,4.594220887003334e-05
2024-12-21 11:00:02+00:00,2.1274397820613853e-05
2024-12-21 12:00:01+00:00,1.1482127882754882e-05
2024-12-21 13:00:06+00:00,8.51740611461368e-06
2024-12-21 14:00:14+00:00,-9.335523185313665e-06
2024-12-21 15:00:19+00:00,-2.6580457566658177e-05
2024-12-21 16:00:14+00:00,-1.582337608238202e-05
2024-12-21 17:00:20+00:00,1.127316672663032e-05
2024-12-21 18:00:18+00:00,1.2655375602287846e-07
2024-12-21 19:00:20+00:00,1.4492933685354868e-05
2024-12-21 20:00:02+00:00,-7.169232694955564e-06
2024-12-21 21:00:01+00:00,-3.883917474521501e-06
2024-12-21 22:00:04+00:00,2.1157674680890174e-05
2024-12-21 23:00:09+00:00,1.3111811847992722e-05
2024-12-22 00:00:08+00:00,7.532674847849944e-06
2024-12-22 01:00:10+00:00,5.071057214007976e-06
2024-12-22 02:00:16+00:00,4.695732205522808e-06
2024-12-22 03:00:11+00:00,5.624805675683315e-06
2024-12-22 04:00:13+00:00,5.904135728995447e-06
2024-12-22 05:00:17+00:00,5.019644153842739e-06
2024-12-22 06:00:20+00:00,5.616553105311975e-06
2024-12-22 07:00:21+00:00,-3.991034540009323e-07
2024-12-22 08:00:02+00:00,-2.2592956613864676e-06
2024-12-22 09:00:02+00:00,-2.6419450805269935e-06
2024-12-22 10:00:02+00:00,-3.666516777616009e-06
2024-12-22 11:00:02+00:00,-6.637016122483399e-06
2024-12-22 12:00:03+00:00,-1.5591915903442382e-06
2024-12-22 13:00:16+00:00,2.1253234796456652e-05
2024-12-22 14:00:14+00:00,2.2575120660127668e-05
2024-12-22 15:00:15+00:00,2.8075136975034483e-05
2024-12-22 16:00:17+00:00,3.6534543286323304e-05
2024-12-22 17:00:02+00:00,3.996011292868281e-05
2024-12-22 18:00:03+00:00,5.035387814475083e-05
2024-12-22 19:00:16+00:00,5.401085503028396e-05
2024-12-22 20:00:05+00:00,5.080026289136046e-05
2024-12-22 21:00:06+00:00,4.564001716705207e-05
2024-12-22 22:00:05+00:00,4.2131184668433825e-05
2024-12-22 23:00:06+00:00,2.6743477005038673e-05
2024-12-23 00:00:06+00:00,1.1074388634820595e-05
2024-12-23 01:00:08+00:00,6.4418462331304145e-06
2024-12-23 02:00:04+00:00,-6.319370257648278e-06
2024-12-23 03:00:08+00:00,2.429763632593821e-06
2024-12-23 04:00:01+00:00,-3.972680669571491e-06
2024-12-23 05:00:07+00:00,1.8381773352419267e-06
2024-12-23 06:00:08+00:00,-3.028636102101077e-06
2024-12-23 07:00:10+00:00,3.177865360374017e-05
2024-12-23 08:00:00+00:00,2.094272687687303e-05
2024-12-23 09:00:05+00:00,1.7588405722947435e-05
2024-12-23 10:00:08+00:00,1.653275599899686e-05
2024-12-23 11:00:12+00:00,1.5425994778894074e-05
2024-12-23 12:00:13+00:00,3.156459997464182e-05
2024-12-23 13:00:19+00:00,5.9406693470966765e-06
2024-12-23 14:00:03+00:00,1.408621426611972e-05
2024-12-23 15:00:03+00:00,4.0131889441460416e-07
2024-12-23 16:00:02+00:00,2.0325203252032523e-06
2024-12-23 17:00:05+00:00,-5.00050297077253e-06
2024-12-23 18:00:04+00:00,-5.761528687008413e-06
2024-12-23 19:00:00+00:00,-9.1075676718318e-06
2024-12-23 20:00:14+00:00,7.96807669751906e-07
2024-12-23 21:00:29+00:00,6.43550151822341e-06
2024-12-23 22:00:01+00:00,9.446827810516703e-06
2024-12-23 23:00:21+00:00,8.366649570853905e-06
2024-12-24 00:00:05+00:00,8.225551661154168e-06
2024-12-24 01:00:03+00:00,8.895778604956264e-06
2024-12-24 02:00:07+00:00,8.415609277059386e-06
2024-12-24 03:00:06+00:00,8.079626391569412e-06
2024-12-24 04:00:08+00:00,8.067463106113844e-06
2024-12-24 05:00:09+00:00,8.299323539757993e-06
2024-12-24 06:00:15+00:00,7.365231764461439e-06
2024-12-24 07:00:14+00:00,3.145064345686835e-05
2024-12-24 08:00:18+00:00,3.9181800064768454e-05
2024-12-24 09:00:01+00:00,3.940601637095043e-05
2024-12-24 10:00:01+00:00,3.912033065585277e-05
2024-12-24 11:00:01+00:00,3.967784074356011e-05
2024-12-24 12:00:05+00:00,3.319503371053306e-05
2024-12-24 13:00:10+00:00,3.721249785300501e-05
2024-12-24 14:00:12+00:00,4.59170129092402e-05
2024-12-24 15:00:18+00:00,4.243172256134633e-05
2024-12-24 16:00:01+00:00,5.742932814442463e-05
2024-12-24 17:00:03+00:00,4.845037328306276e-05
2024-12-24 18:00:09+00:00,8.019552729808933e-05
2024-12-24 19:00:11+00:00,5.880860942763956e-05
2024-12-24 20:00:12+00:00,4.8904100179489255e-05
2024-12-24 21:00:02+00:00,5.1835228556367186e-05
2024-12-24 22:00:07+00:00,5.387599341175624e-05
2024-12-24 23:00:17+00:00,7.704053179528627e-05
2024-12-25 00:00:22+00:00,5.623268368669512e-05
2024-12-25 01:00:05+00:00,4.851972218426385e-05
2024-12-25 02:00:07+00:00,4.442543636898238e-05
2024-12-25 03:00:41+00:00,4.3733673676300443e-05
2024-12-25 04:00:17+00:00,5.195151631408893e-05
2024-12-25 05:00:18+00:00,5.550771557246457e-05
2024-12-25 06:00:03+00:00,5.709462397188597e-05
2024-12-25 07:00:05+00:00,5.525949397474675e-05
2024-12-25 08:00:10+00:00,5.499927834307571e-05
2024-12-25 09:00:09+00:00,5.4550817284106674e-05
2024-12-25 10:00:27+00:00,5.5239346396169734e-05
2024-12-25 11:00:24+00:00,5.362133626352627e-05
2024-12-25 12:00:02+00:00,5.441558829682316e-05
2024-12-25 13:00:06+00:00,4.60232659633704e-05
2024-12-25 14:00:10+00:00,4.497824362913756e-05
2024-12-25 15:00:12+00:00,4.741319622139404e-05
2024-12-25 16:00:06+00:00,4.590803300017207e-05
2024-12-25 17:00:16+00:00,3.805226763114697e-05
2024-12-25 18:00:02+00:00,3.189153234256973e-05
2024-12-25 19:00:08+00:00,4.09701399961877e-05
2024-12-25 20:00:16+00:00,4.864620257938004e-05
2024-12-25 21:00:04+00:00,5.10660081907974e-05
2024-12-25 22:00:06+00:00,5.081675718266319e-05
2024-12-25 23:00:17+00:00,5.277139315755905e-05
2024-12-26 00:00:18+00:00,5.220858252019725e-05
2024-12-26 01:00:01+00:00,4.9020928568648766e-05
2024-12-26 02:00:11+00:00,4.571442312894906e-05
2024-12-26 03:00:01+00:00,4.593041466881912e-05
2024-12-26 04:00:01+00:00,4.553160058363756e-05
2024-12-26 05:00:00+00:00,4.223520180262149e-05
2024-12-26 06:00:02+00:00,4.072184689860135e-05
2024-12-26 07:00:17+00:00,4.173195445523869e-05
2024-12-26 08:00:14+00:00,3.938843382398227e-05
2024-12-26 09:00:06+00:00,2.9673127079071074e-05
2024-12-26 10:00:10+00:00,2.120114706057874e-05
2024-12-26 11:00:12+00:00,1.8937899471316973e-05
2024-12-26 12:00:12+00:00,3.178140395447281e-05
2024-12-26 13:00:13+00:00,3.774097031977882e-05
2024-12-26 14:00:18+00:00,3.851669869532044e-05
2024-12-26 15:00:03+00:00,3.2500475616716344e-05
2024-12-26 16:00:19+00:00,2.9888363028069536e-05
2024-12-26 17:00:22+00:00,2.8508257892036064e-05
2024-12-26 18:00:07+00:00,2.505639677878145e-05
2024-12-26 19:00:09+00:00,1.7125633648444993e-05
2024-12-26 20:00:04+00:00,1.6085286159187213e-05
2024-12-26 21:00:15+00:00,1.505808300496392e-05
2024-12-26 22:00:09+00:00,1.521265693056623e-05
2024-12-26 23:00:17+00:00,1.4508960665092547e-05
2024-12-27 00:00:04+00:00,1.041366272549585e-05
2024-12-27 01:00:06+00:00,8.681407106058712e-06
2024-12-27 02:00:07+00:00,8.524135196748934e-06
2024-12-27 03:00:09+00:00,8.361869873377399e-06
2024-12-27 04:00:17+00:00,1.7359057051441077e-05
2024-12-27 05:00:15+00:00,2.2231608901536205e-05
2024-12-27 06:00:15+00:00,1.2745063677524399e-05
2024-12-27 07:00:17+00:00,8.995478446414509e-06
2024-12-27 08:00:01+00:00,8.634295498241576e-06
2024-12-27 09:00:14+00:00,7.417204225867062e-06
2024-12-27 10:00:02+00:00,3.2066623494041865e-05
2024-12-27 11:00:12+00:00,4.3944178593448276e-05
2024-12-27 12:00:11+00:00,4.9234135667396056e-05
2024-12-27 13:00:17+00:00,5.17129261994235e-05
2024-12-27 14:00:04+00:00,5.233754039311252e-05
2024-12-27 15:00:13+00:00,5.259211924887382e-05
2024-12-27 16:00:03+00:00,5.123774235793912e-05
2024-12-27 17:00:07+00:00,2.4737635996020412e-05
2024-12-27 18:00:17+00:00,1.386941686352084e-05
2024-12-27 19:00:02+00:00,9.436249489587587e-06
2024-12-27 20:00:08+00:00,8.8848565880368e-06
2024-12-27 21:00:12+00:00,8.494314289628716e-06
2024-12-27 22:00:42+00:00,1.3979020286354239e-05
2024-12-27 23:00:07+00:00,1.0545068874583852e-05
2024-12-28 00:00:03+00:00,9.233150704288678e-06
2024-12-28 01:00:06+00:00,8.937949939794533e-06
2024-12-28 02:00:10+00:00,8.927343387656532e-06
2024-12-28 03:00:17+00:00,3.457920649820878e-06
2024-12-28 04:00:03+00:00,-1.8446728739754914e-05
2024-12-28 05:00:05+00:00,-2.416538133054596e-05
2024-12-28 06:00:12+00:00,-2.7953016292942267e-05
2024-12-28 07:00:04+00:00,-2.9614281362644058e-05
2024-12-28 08:00:10+00:00,-2.985604667385376e-05
2024-12-28 09:00:01+00:00,-2.030636789467021e-05
2024-12-28 10:00:01+00:00,-1.683789774126532e-05
2024-12-28 11:00:10+00:00,2.5417326518290928e-05
2024-12-28 12:00:03+00:00,4.8414445079459305e-05
2024-12-28 13:00:09+00:00,5.825763649103315e-05
2024-12-28 14:00:03+00:00,6.1890945788262e-05
2024-12-28 15:00:08+00:00,6.406628305505771e-05
2024-12-28 16:00:02+00:00,6.417592069765982e-05
2024-12-28 17:00:16+00:00,8.078543216594273e-05
2024-12-28 18:00:15+00:00,0.00011013225448337412
2024-12-28 19:00:10+00:00,0.0001897497791436997
2024-12-28 20:00:09+00:00,0.0002563044147221644
2024-12-28 21:00:01+00:00,0.00024398127715651477
2024-12-28 22:00:14+00:00,0.00020912363305453495
2024-12-28 23:00:03+00:00,0.00015386806002674457
2024-12-29 00:00:16+00:00,0.00010762751665410141
2024-12-29 01:00:01+00:00,0.00012068474668581119
2024-12-29 02:00:04+00:00,0.00015541274382637515
2024-12-29 03:00:09+00:00,0.00014175089082750045
2024-12-29 04:00:14+00:00,0.00013413662063212531
2024-12-29 05:00:00+00:00,0.00010898304927722413
2024-12-29 06:00:10+00:00,8.967350248673382e-05
2024-12-29 07:00:17+00:00,8.363714610679046e-05
2024-12-29 08:00:08+00:00,9.355691498975319e-05
2024-12-29 09:00:14+00:00,8.715063298880803e-05
2024-12-29 10:00:01+00:00,7.984559246696952e-05
2024-12-29 11:00:03+00:00,8.068685546116171e-05
2024-12-29 13:00:09+00:00,7.629115553466481e-05
2024-12-29 14:00:07+00:00,4.1012879391435674e-05
2024-12-29 15:00:07+00:00,6.96398228362907e-06
2024-12-29 16:00:14+00:00,5.311804147436775e-06
2024-12-29 17:00:04+00:00,2.239481508954783e-05
2024-12-29 18:00:08+00:00,3.2875882182130365e-05
2024-12-29 19:00:04+00:00,3.6811739224056036e-05
2024-12-29 20:00:07+00:00,3.7089482971086806e-05
2024-12-29 21:00:13+00:00,4.022714713112412e-05
2024-12-29 22:00:53+00:00,4.314816756088806e-05
2024-12-29 23:00:14+00:00,1.923481051753453e-05
2024-12-30 00:00:02+00:00,-1.3265699283219176e-05
2024-12-30 01:00:01+00:00,-2.5429116338207246e-05
2024-12-30 02:00:08+00:00,-2.7168092532160724e-05
2024-12-30 03:00:11+00:00,-3.0344411900434164e-05
2024-12-30 04:00:01+00:00,-3.3281648890350674e-05
2024-12-30 05:00:05+00:00,-1.4364249536131587e-05
2024-12-30 06:00:07+00:00,-3.935223079925956e-06
2024-12-30 07:00:11+00:00,3.0014694041237307e-06
2024-12-30 08:00:11+00:00,2.949809997901048e-05
2024-12-30 09:00:14+00:00,4.893392389722189e-05
2024-12-30 10:00:02+00:00,6.403094782386423e-05
2024-12-30 11:00:02+00:00,6.683873625601957e-05
2024-12-30 12:00:11+00:00,1.7817344129453556e-05
2024-12-30 13:00:10+00:00,-3.5051642753657057e-06
2024-12-30 14:00:11+00:00,-1.6237725838289098e-05
2024-12-30 15:00:03+00:00,-1.867373566890116e-05
2024-12-30 16:00:06+00:00,-1.6460151979393495e-05
2024-12-30 17:00:17+00:00,-1.6673875013717378e-05
2024-12-30 18:00:17+00:00,-1.8650449626191243e-06
2024-12-30 19:00:18+00:00,2.648430705984663e-05
2024-12-30 20:00:00+00:00,3.709739836835631e-05
2024-12-30 21:00:12+00:00,4.430557901255418e-05
2024-12-30 22:00:33+00:00,4.552761311634869e-05
2024-12-30 23:00:04+00:00,5.990292373851752e-05
2024-12-31 00:00:13+00:00,4.9849732964950456e-05
2024-12-31 01:00:15+00:00,4.655996475197073e-05
2024-12-31 02:00:05+00:00,4.5234015980016966e-05
2024-12-31 03:00:10+00:00,4.37312e-05
2024-12-31 04:00:17+00:00,4.316325254255227e-05
2024-12-31 05:00:05+00:00,4.350843596474599e-05
2024-12-31 06:00:06+00:00,4.341282704329706e-05
2024-12-31 07:00:12+00:00,4.4435806914806475e-05
2024-12-31 08:00:11+00:00,4.480395461184136e-05
2024-12-31 09:00:44+00:00,7.618314736437091e-05
2024-12-31 10:00:17+00:00,5.741484644388889e-05
2024-12-31 11:00:20+00:00,4.960130002645403e-05
2024-12-31 12:00:15+00:00,4.630952343575849e-05
2024-12-31 13:00:02+00:00,4.521360598678429e-05
2024-12-31 14:00:04+00:00,7.943698882796053e-05
2024-12-31 15:00:11+00:00,6.839059752465949e-05
2024-12-31 16:00:06+00:00,5.292287679554281e-05
2024-12-31 17:00:05+00:00,2.1879318286503916e-05
2024-12-31 18:00:07+00:00,-3.746782047703235e-06
2024-12-31 19:00:13+00:00,-1.36727295455966e-05
2024-12-31 20:00:02+00:00,-1.0591657853361242e-05
2024-12-31 21:00:10+00:00,-3.5415446801276845e-06
2024-12-31 22:00:16+00:00,-7.094345333812596e-06
2024-12-31 23:00:17+00:00,-5.258290645229506e-06
2025-01-01 00:00:06+00:00,-6.981442894769292e-06
2025-01-01 01:00:08+00:00,-6.818095969579834e-06
2025-01-01 02:00:16+00:00,-9.15418012638796e-06
2025-01-01 03:00:16+00:00,-1.0458045446843761e-05
2025-01-01 04:00:18+00:00,-4.3141044546658214e-06
2025-01-01 05:00:16+00:00,-7.4762412921463274e-06
2025-01-01 06:00:02+00:00,-5.642117731559947e-06
2025-01-01 07:00:12+00:00,-4.334135016974049e-06
2025-01-01 08:00:13+00:00,-3.678651203291225e-06
2025-01-01 09:00:16+00:00,-9.23331211824719e-06
2025-01-01 10:00:16+00:00,-1.2209961646768009e-05
2025-01-01 11:00:10+00:00,-1.047442026264028e-05
2025-01-01 12:00:06+00:00,-4.763795156808257e-06
2025-01-01 13:00:03+00:00,-1.3151987657365428e-06
2025-01-01 14:00:07+00:00,-2.628489927803302e-06
2025-01-01 15:00:09+00:00,-1.3104384613688414e-06
2025-01-01 16:00:15+00:00,3.7974882507348197e-06
2025-01-01 17:00:18+00:00,7.715826547716956e-06
2025-01-01 18:00:02+00:00,8.633220002699843e-06
2025-01-01 19:00:02+00:00,8.70837701562578e-06
2025-01-01 20:00:13+00:00,8.52940629129008e-06
2025-01-01 21:00:02+00:00,7.458539657450513e-06
2025-01-01 22:00:03+00:00,1.0895451664317934e-05
2025-01-01 23:00:10+00:00,7.80767493524331e-06
2025-01-02 00:00:17+00:00,2.3072876449361192e-05
2025-01-02 01:00:22+00:00,3.439923510039307e-05
2025-01-02 02:00:03+00:00,2.1532835685575268e-05
2025-01-02 03:00:11+00:00,2.31563430739396e-05
2025-01-02 04:00:01+00:00,3.4215619084423486e-05
2025-01-02 05:00:03+00:00,2.9451311036044844e-05
2025-01-02 06:00:03+00:00,4.509745560155496e-06
2025-01-02 07:00:04+00:00,-3.519107607429361e-06
2025-01-02 08:00:03+00:00,-2.4963006628730915e-07
2025-01-02 09:00:07+00:00,7.296178448810011e-05
2025-01-02 10:00:07+00:00,9.183712926800973e-05
2025-01-02 11:00:20+00:00,0.00010373664748176061
2025-01-02 12:00:10+00:00,0.00010821173339274093
2025-01-02 13:00:11+00:00,0.0001075662227425728
2025-01-07 00:00:02+00:00,7.742934572202865e-06
2025-01-07 01:00:05+00:00,8.688287416270651e-06
2025-01-07 02:00:08+00:00,8.42308401072913e-06
2025-01-07 03:00:08+00:00,3.609353731959604e-06
2025-01-07 04:00:16+00:00,-1.7448170023262525e-05
2025-01-07 05:00:12+00:00,-8.078818236796643e-06
2025-01-07 06:00:20+00:00,1.1715472609327358e-06
2025-01-07 07:00:13+00:00,4.795604923999253e-06
2025-01-07 08:00:12+00:00,5.746700755244183e-06
2025-01-07 09:00:58+00:00,6.239671414537064e-06
2025-01-07 10:00:14+00:00,6.54950415968315e-06
2025-01-07 11:00:15+00:00,9.22396551636395e-06
2025-01-07 12:00:11+00:00,1.057708580132002e-05
2025-01-07 13:00:00+00:00,1.1189992278311351e-05
2025-01-07 14:00:00+00:00,1.0122603442615747e-05
2025-01-07 15:00:07+00:00,7.986322483712617e-06
2025-01-07 16:00:17+00:00,6.68576120065574e-06
2025-01-07 17:00:01+00:00,6.5414513032812844e-06
2025-01-07 18:00:12+00:00,7.630811966513011e-06
2025-01-07 19:00:12+00:00,6.462442764584816e-06
2025-01-07 20:00:13+00:00,1.9859357600271525e-06
2025-01-07 21:00:25+00:00,3.64902640809739e-06
2025-01-07 22:00:25+00:00,2.7210497912346978e-06
2025-01-07 23:00:05+00:00,5.2161589946728595e-06
2025-01-08 00:00:12+00:00,7.1345810288636615e-06
2025-01-08 01:00:12+00:00,1.0431635228537039e-05
2025-01-08 02:00:12+00:00,1.6296744648169614e-05
2025-01-08 03:00:18+00:00,1.2828004960161918e-05
2025-01-08 04:00:15+00:00,1.3297311469429863e-05
2025-01-08 05:00:49+00:00,1.3169921891684867e-05
2025-01-08 06:00:18+00:00,1.0689638462174358e-05
2025-01-08 07:00:27+00:00,1.1135633452305005e-05
2025-01-08 08:00:07+00:00,8.087393691774966e-06
2025-01-08 09:00:10+00:00,7.058978946552215e-06
