time,fundingRate
2023-10-23 21:00:27+00:00,-8.704007405293192e-06
2023-10-23 22:00:15+00:00,-2.2720778849191452e-05
2023-10-23 23:01:39+00:00,-8.94468799652843e-05
2023-10-24 00:01:29+00:00,-2.48807866980944e-05
2023-10-24 01:00:57+00:00,1.1629142000845752e-05
2023-10-24 02:00:28+00:00,9.284024671265913e-06
2023-10-24 03:00:17+00:00,1.4961951289933772e-05
2023-10-24 04:01:00+00:00,1.3785492340664773e-05
2023-10-24 05:00:21+00:00,1.48391594559269e-05
2023-10-24 06:00:17+00:00,1.7784179511967626e-05
2023-10-24 07:00:20+00:00,1.708483711516206e-05
2023-10-24 08:00:22+00:00,1.7037279286892583e-05
2023-10-24 09:00:22+00:00,3.307884318781966e-05
2023-10-24 10:00:21+00:00,3.46135579905124e-05
2023-10-24 11:00:23+00:00,1.710237727253419e-05
2023-10-24 12:00:26+00:00,1.1846361127888225e-05
2023-10-24 13:00:20+00:00,8.307288824872353e-06
2023-10-24 14:00:24+00:00,5.315934407953163e-06
2023-10-24 15:00:55+00:00,4.7771427816329035e-06
2023-10-24 16:01:16+00:00,8.6898215006683e-06
2023-10-24 17:00:31+00:00,9.156257907894824e-06
2023-10-24 18:00:20+00:00,8.807848157389527e-06
2023-10-24 19:01:18+00:00,1.8512160131288842e-05
2023-10-24 20:05:41+00:00,2.2239138404803092e-05
2023-10-24 21:01:05+00:00,1.370744187432896e-05
2023-10-24 22:00:42+00:00,4.702946133647843e-05
2023-10-24 23:03:03+00:00,4.1066661133474426e-05
2023-10-25 00:00:33+00:00,6.118379060538327e-05
2023-10-25 01:00:12+00:00,5.383913916433553e-05
2023-10-25 02:05:03+00:00,5.715693624940894e-05
2023-10-25 03:00:25+00:00,2.3925412593071862e-05
2023-10-25 04:09:21+00:00,1.6441715576803108e-05
2023-10-25 05:04:23+00:00,7.178628022278009e-05
2023-10-25 06:04:12+00:00,-6.50055707804293e-05
2023-10-25 07:08:38+00:00,-0.00010701936021129104
2023-10-25 08:03:27+00:00,-9.514079114707832e-05
2023-10-25 09:07:12+00:00,-5.734120588282484e-05
2023-10-25 10:02:37+00:00,-4.61001108777056e-06
2023-10-25 11:02:01+00:00,3.0886659982108056e-06
2023-10-25 12:06:13+00:00,2.0754179616378263e-06
2023-10-25 13:01:27+00:00,7.375877560755656e-06
2023-10-25 14:00:10+00:00,1.8208950291478103e-05
2023-10-25 15:04:23+00:00,6.0891345258826246e-05
2023-10-25 16:04:22+00:00,6.507573901899599e-05
2023-10-25 17:02:19+00:00,1.1604879913553157e-05
2023-10-25 18:04:44+00:00,4.221978653127908e-05
2023-10-25 19:02:33+00:00,6.013095131215236e-05
2023-10-25 20:06:59+00:00,3.998365522580349e-05
2023-10-25 21:01:59+00:00,2.6980159728729828e-05
2023-10-25 22:01:02+00:00,3.431856707918432e-05
2023-10-25 23:05:46+00:00,4.3554238414916156e-05
2023-10-26 00:04:27+00:00,9.59196603224544e-05
2023-10-26 01:08:51+00:00,8.268877676152888e-05
2023-10-26 02:03:46+00:00,7.478806262568802e-05
2023-10-26 03:02:52+00:00,8.531330941287012e-05
2023-10-26 04:07:22+00:00,0.00010255545794308758
2023-10-26 05:02:26+00:00,8.780530473959377e-05
2023-10-26 06:02:07+00:00,3.8016221861160096e-05
2023-10-26 07:06:34+00:00,4.224521973526691e-05
2023-10-26 08:01:41+00:00,4.257348640618053e-05
2023-10-26 09:00:43+00:00,1.877557158558126e-05
2023-10-26 10:05:06+00:00,4.910333087653887e-06
2023-10-26 11:00:11+00:00,1.3479634058139273e-05
2023-10-26 12:01:16+00:00,1.597822444496226e-05
2023-10-26 13:03:49+00:00,0.00010261231428208241
2023-10-26 14:03:19+00:00,8.857021264682608e-05
2023-10-26 15:07:33+00:00,6.376573114322707e-05
2023-10-26 16:02:17+00:00,5.5136778224084325e-05
2023-10-26 17:01:43+00:00,9.333889990606409e-05
2023-10-26 18:06:14+00:00,0.0001429353742273378
2023-10-26 19:01:21+00:00,0.00012346806400281626
2023-10-26 20:00:46+00:00,0.00015604749190109408
2023-10-26 21:05:07+00:00,0.0001439607691171058
2023-10-26 22:00:18+00:00,0.0001430309414964044
2023-10-26 23:02:05+00:00,0.0002152736016475591
2023-10-27 00:03:47+00:00,0.00017468693034241835
2023-10-27 01:03:15+00:00,0.0001682434856985007
2023-10-27 02:07:56+00:00,0.00013404561881441473
2023-10-27 03:03:06+00:00,0.00018425302800302514
2023-10-27 04:02:31+00:00,0.00018839817331117034
2023-10-27 05:07:11+00:00,0.00013295106264129706
2023-10-27 06:02:46+00:00,0.0001138987381216601
2023-10-27 07:01:35+00:00,0.00013184740957888555
2023-10-27 08:05:56+00:00,0.0001127591400328396
2023-10-27 09:01:19+00:00,0.0001351831241840642
2023-10-27 10:00:26+00:00,0.0001552056673602033
2023-10-27 11:04:55+00:00,0.00015525996449848093
2023-10-27 12:00:21+00:00,0.00011544013652622727
2023-10-27 13:09:01+00:00,0.00018326519870984616
2023-10-27 14:04:02+00:00,0.00014368080315382796
2023-10-27 15:04:12+00:00,0.00011286732380784077
2023-10-27 16:07:45+00:00,0.00014939827222276814
2023-10-27 17:02:35+00:00,0.00011513555589431745
2023-10-27 18:01:41+00:00,0.00016200109916150756
2023-10-27 19:01:11+00:00,0.00011691033312639561
2023-10-27 20:01:08+00:00,0.00014801269875725835
2023-10-27 21:00:19+00:00,0.00016865479065652684
2023-10-27 22:08:46+00:00,0.00014567599501206819
2023-10-27 23:03:53+00:00,0.00013143732062139606
2023-10-28 00:00:58+00:00,0.00014493628396477842
2023-10-28 01:07:43+00:00,0.00013002058248218407
2023-10-28 02:02:53+00:00,0.0001405227101633143
2023-10-28 03:02:19+00:00,0.00014287906364037178
2023-10-28 04:06:41+00:00,0.0001586447992283665
2023-10-28 05:01:36+00:00,0.000177048354659476
2023-10-28 06:00:36+00:00,0.00015544765702995788
2023-10-28 07:04:30+00:00,0.000125983078925033
2023-10-28 08:03:34+00:00,0.0001229770544020308
2023-10-28 09:07:48+00:00,0.00015430627286692661
2023-10-28 10:02:41+00:00,0.00014569927199805266
2023-10-28 11:01:52+00:00,0.00014347405707231857
2023-10-28 12:06:01+00:00,0.00013009701276823913
2023-10-28 13:01:21+00:00,0.00010867872827669583
2023-10-28 14:00:31+00:00,0.00014125977431037303
2023-10-28 15:05:03+00:00,0.00011951712182808785
2023-10-28 16:02:57+00:00,0.00012212501802359588
2023-10-28 17:08:35+00:00,0.00011443568709869043
2023-10-28 18:03:30+00:00,0.00012279860053672958
2023-10-28 19:02:40+00:00,0.00012547622282676522
2023-10-28 20:07:14+00:00,0.0001307975585789782
2023-10-28 21:02:14+00:00,0.00012789326475439933
2023-10-28 22:01:40+00:00,0.00015667225127358232
2023-10-28 23:04:17+00:00,9.559182752678288e-05
2023-10-29 00:01:06+00:00,0.00011367551943835375
2023-10-29 01:00:21+00:00,0.0001249370712931727
2023-10-29 02:04:51+00:00,0.0001107466158863546
2023-10-29 03:01:56+00:00,0.00014966591640413001
2023-10-29 04:08:31+00:00,0.0001368228779288173
2023-10-29 05:03:52+00:00,0.00014832041234430206
2023-10-29 06:03:11+00:00,0.00014597136397281055
2023-10-29 07:00:19+00:00,0.00015494000433257047
2023-10-29 08:02:52+00:00,0.0001598571082321369
2023-10-29 09:02:20+00:00,0.00015463348794651628
2023-10-29 10:06:58+00:00,6.058201813954943e-05
2023-10-29 11:01:57+00:00,2.6115198232832994e-05
2023-10-29 12:01:01+00:00,5.6653448134040606e-05
2023-10-29 13:05:32+00:00,6.933694530443757e-05
2023-10-29 14:00:56+00:00,7.246951887862709e-05
2023-10-29 15:09:13+00:00,0.00013063045486585685
2023-10-29 16:04:19+00:00,0.00020357003188777931
2023-10-29 17:03:35+00:00,0.00022338322638004645
2023-10-29 18:08:05+00:00,0.00027858943589645694
2023-10-29 19:03:21+00:00,0.00027254284805358853
2023-10-29 20:02:31+00:00,0.00025815282338392386
2023-10-29 21:06:58+00:00,0.000240526830568268
2023-10-29 22:02:14+00:00,0.0002805501173424653
2023-10-29 23:01:20+00:00,0.0003069292662251665
2023-10-30 00:05:45+00:00,0.0002719636163844639
2023-10-30 01:00:32+00:00,0.00030640663320943715
2023-10-30 02:01:48+00:00,0.0003508468347751686
2023-10-30 03:04:12+00:00,0.00035352923071799624
2023-10-30 04:03:48+00:00,0.0003353992740731623
2023-10-30 05:00:28+00:00,0.0003362676277366372
2023-10-30 06:02:40+00:00,0.0002646365154410916
2023-10-30 07:02:11+00:00,0.00021212536180465264
2023-10-30 08:06:12+00:00,0.00020922339733891053
2023-10-30 09:02:18+00:00,0.0002535341217629923
2023-10-30 10:00:15+00:00,0.00029577739686844354
2023-10-30 11:04:08+00:00,0.0002064207558811928
2023-10-30 12:03:16+00:00,0.0002155483306670054
2023-10-30 13:07:35+00:00,0.0001869230676247836
2023-10-30 14:02:47+00:00,0.0002894779860243263
2023-10-30 15:02:19+00:00,0.00029856574631565737
2023-10-30 16:05:13+00:00,0.0002118308683863221
2023-10-30 17:01:44+00:00,0.00017753465840602555
2023-10-30 18:01:13+00:00,0.00022853452348016537
2023-10-30 19:05:32+00:00,0.0002530117939067185
2023-10-30 20:00:32+00:00,0.0002850238913654334
2023-10-30 21:08:58+00:00,0.0002564056657353441
2023-10-30 22:04:03+00:00,0.00028294439947576993
2023-10-30 23:03:14+00:00,0.00029059369749618756
2023-10-31 00:07:43+00:00,0.0002733361146159251
2023-10-31 01:02:58+00:00,0.0003543261012701019
2023-10-31 02:02:26+00:00,0.0004584743102857153
2023-10-31 03:06:47+00:00,0.00048691491823679673
2023-10-31 04:01:49+00:00,0.0005155365195994938
2023-10-31 05:00:59+00:00,0.0004962108126931012
2023-10-31 06:04:40+00:00,0.00048432899354863493
2023-10-31 07:00:50+00:00,0.0004090033827161358
2023-10-31 08:00:28+00:00,0.00024243882635401732
2023-10-31 09:04:48+00:00,0.00018299554065281972
2023-10-31 10:04:21+00:00,0.0001611346106642805
2023-10-31 11:08:36+00:00,0.00014173442286367018
2023-10-31 12:00:21+00:00,0.00013242251482981825
2023-10-31 13:03:07+00:00,9.075367268879866e-05
2023-10-31 14:07:21+00:00,3.970663047432915e-05
2023-10-31 15:02:39+00:00,8.982718184919913e-05
2023-10-31 16:02:02+00:00,7.173542740312067e-05
2023-10-31 17:06:23+00:00,0.00011071512736723576
2023-10-31 18:01:04+00:00,0.00011543201977230459
2023-10-31 19:01:20+00:00,0.00012687755036299981
2023-10-31 20:05:12+00:00,0.00010607867468846076
2023-10-31 21:00:18+00:00,0.00012015647356906308
2023-10-31 22:08:58+00:00,0.0001076999613565392
2023-10-31 23:00:44+00:00,0.00011354122446275143
2023-11-01 00:00:27+00:00,0.00011522031945579846
2023-11-01 01:00:52+00:00,0.00014119469793719394
2023-11-01 02:00:49+00:00,0.00016169931659370658
2023-11-01 03:00:46+00:00,0.00017500863025914169
2023-11-01 04:00:47+00:00,0.0001796393286683014
2023-11-01 05:00:51+00:00,0.00018819534399045434
2023-11-01 06:00:49+00:00,0.0001743522832541226
2023-11-01 07:00:43+00:00,0.00018485675189735596
2023-11-01 08:00:45+00:00,0.00014434722069044069
2023-11-01 09:00:54+00:00,5.717347147320746e-05
2023-11-01 10:00:56+00:00,3.4852042695377525e-05
2023-11-01 11:00:52+00:00,6.386518805550917e-05
2023-11-01 12:00:48+00:00,0.0001421590726648043
2023-11-01 13:00:45+00:00,0.00018262189556894954
2023-11-01 14:00:52+00:00,0.00019536082460071743
2023-11-01 15:00:57+00:00,0.00018696949073501124
2023-11-01 16:01:19+00:00,0.0002275773982194427
2023-11-01 17:00:53+00:00,0.0002494501955642528
2023-11-01 18:03:21+00:00,0.00023113374614544798
2023-11-01 19:01:33+00:00,0.0002482713295207468
2023-11-01 20:00:56+00:00,0.00021221551550961386
2023-11-01 21:00:50+00:00,0.00016611456711546394
2023-11-01 22:01:19+00:00,0.00011664247801101017
2023-11-01 23:00:27+00:00,6.332725684152102e-05
2023-11-02 00:00:57+00:00,-4.6792796630468536e-05
2023-11-02 01:00:50+00:00,-0.00010894746904486107
2023-11-02 02:01:02+00:00,1.608973027249749e-05
2023-11-02 03:01:02+00:00,0.0001246707662642311
2023-11-02 04:00:50+00:00,0.0001942463115754192
2023-11-02 05:00:54+00:00,0.00019863554456589277
2023-11-02 06:00:54+00:00,0.00018138954133238905
2023-11-02 07:01:15+00:00,0.00017612105223308586
2023-11-02 08:01:01+00:00,0.00016810250381587834
2023-11-02 09:01:00+00:00,0.00023250322424511142
2023-11-02 10:01:15+00:00,0.00023881556782570404
2023-11-02 11:00:59+00:00,0.00027153367937694713
2023-11-02 12:01:14+00:00,0.00028549564664127577
2023-11-02 13:02:25+00:00,0.00037208634212446026
2023-11-02 14:01:10+00:00,0.00032326429711630863
2023-11-02 15:01:21+00:00,0.0002534504693497381
2023-11-02 16:00:06+00:00,0.0001845415826850878
2023-11-02 17:03:02+00:00,0.00018695437407461625
2023-11-02 18:01:11+00:00,0.0001831985506040879
2023-11-02 19:01:03+00:00,0.0001770763104554127
2023-11-02 20:01:06+00:00,0.00017179308402944448
2023-11-02 21:01:19+00:00,0.00016633443609338923
2023-11-02 22:01:07+00:00,0.00016310466298993966
2023-11-02 23:01:12+00:00,0.00015354768356788434
2023-11-03 00:01:05+00:00,0.0001787608134967206
2023-11-03 01:01:15+00:00,0.0001621473657710881
2023-11-03 02:01:26+00:00,0.00011971839283664888
2023-11-03 03:01:17+00:00,0.00014970420491869872
2023-11-03 04:01:13+00:00,0.00013302730984346257
2023-11-03 05:01:17+00:00,0.00013058936106861228
2023-11-03 06:01:17+00:00,0.0001428708651418365
2023-11-03 07:01:23+00:00,0.000158739284203504
2023-11-03 08:01:18+00:00,0.00015077284724700874
2023-11-03 09:01:36+00:00,9.730669633005624e-05
2023-11-03 10:01:30+00:00,8.422887967882611e-05
2023-11-03 11:02:24+00:00,7.313094597488817e-05
2023-11-03 12:02:00+00:00,7.603860932389496e-05
2023-11-03 13:01:24+00:00,8.658939272293247e-05
2023-11-03 14:01:26+00:00,8.507538971042407e-05
2023-11-03 15:02:02+00:00,8.17191332088823e-05
2023-11-03 16:01:29+00:00,8.457484091599387e-05
2023-11-03 17:01:26+00:00,7.969446405118002e-05
2023-11-03 18:01:39+00:00,8.36170058050483e-05
2023-11-03 19:01:24+00:00,9.849043231180742e-05
2023-11-03 20:01:28+00:00,8.426325749577962e-05
2023-11-03 21:01:16+00:00,8.220649039491302e-05
2023-11-03 22:01:31+00:00,4.26031482070104e-05
2023-11-03 23:01:37+00:00,2.7272788163113932e-05
2023-11-04 00:01:37+00:00,9.451739205440026e-06
2023-11-04 01:01:36+00:00,-8.93389610856176e-06
2023-11-04 02:01:34+00:00,-9.221465196455107e-06
2023-11-04 03:01:44+00:00,1.0511904021278475e-05
2023-11-04 04:01:48+00:00,1.704130723035412e-05
2023-11-04 05:01:34+00:00,1.7729244640283284e-05
2023-11-04 06:01:46+00:00,2.8087613692283224e-05
2023-11-04 07:01:43+00:00,3.249754399481446e-05
2023-11-04 08:02:38+00:00,2.7982510699521796e-05
2023-11-04 09:01:54+00:00,4.5263099342560054e-05
2023-11-04 10:01:51+00:00,3.8743998996372454e-05
2023-11-04 11:02:05+00:00,3.60348743876093e-05
2023-11-04 12:01:53+00:00,3.365906853574376e-05
2023-11-04 13:01:59+00:00,3.50743992633647e-05
2023-11-04 14:01:57+00:00,3.523626885824841e-05
2023-11-04 15:02:07+00:00,3.490245743428768e-05
2023-11-04 16:01:59+00:00,3.3223909706626506e-05
2023-11-04 17:02:05+00:00,5.0884116656687785e-05
2023-11-04 18:02:01+00:00,8.181520538016631e-05
2023-11-04 19:02:07+00:00,8.748633563560378e-05
2023-11-04 20:02:06+00:00,9.82182369496986e-05
2023-11-04 21:02:05+00:00,9.931035966031958e-05
2023-11-04 22:02:11+00:00,0.00010911159301663153
2023-11-04 23:00:15+00:00,0.00010089033494886257
2023-11-05 00:00:18+00:00,9.775834853020331e-05
2023-11-05 01:00:16+00:00,9.044758026222439e-05
2023-11-05 02:00:11+00:00,0.000103427649980762
2023-11-05 03:00:17+00:00,8.897549139555137e-05
2023-11-05 04:00:25+00:00,8.651211994545214e-05
2023-11-05 05:00:15+00:00,7.488707060986563e-05
2023-11-05 06:00:19+00:00,7.790152442784529e-05
2023-11-05 07:00:22+00:00,7.51345425277413e-05
2023-11-05 08:00:16+00:00,7.634904663414889e-05
2023-11-05 09:00:16+00:00,7.465190712836818e-05
2023-11-05 10:00:34+00:00,7.590612524372232e-05
2023-11-05 11:00:23+00:00,8.951925896819867e-05
2023-11-05 12:00:19+00:00,9.038605514942619e-05
2023-11-05 13:00:29+00:00,8.398136595727736e-05
2023-11-05 14:00:58+00:00,7.20501034197605e-05
2023-11-05 15:00:17+00:00,7.650782924672685e-05
2023-11-05 16:00:17+00:00,0.0001582874623506184
2023-11-05 17:00:24+00:00,0.00020826332444640077
2023-11-05 18:00:33+00:00,0.00021637049513425504
2023-11-05 19:00:30+00:00,0.00022570487330369796
2023-11-05 20:01:01+00:00,0.00020099598771102545
2023-11-05 21:00:28+00:00,0.0001506723847795113
2023-11-05 22:00:35+00:00,0.00012508719036852546
2023-11-05 23:01:07+00:00,0.00017958803569743814
2023-11-06 00:00:41+00:00,0.00035026186007476167
2023-11-06 01:00:31+00:00,0.00036592251853440766
2023-11-06 02:00:37+00:00,0.0003589459510188759
2023-11-06 03:00:39+00:00,0.0003126991161590135
2023-11-06 04:00:34+00:00,0.0003097611312201645
2023-11-06 05:00:36+00:00,0.00030175968074459044
2023-11-06 06:00:32+00:00,0.00024086753461050636
2023-11-06 07:00:35+00:00,0.00023738170618569293
2023-11-06 08:00:38+00:00,0.00022595160622659492
2023-11-06 09:00:36+00:00,0.00024343950117313064
2023-11-06 10:00:38+00:00,0.00023200081357428777
2023-11-06 11:00:46+00:00,0.00024064344215527097
2023-11-06 12:00:43+00:00,0.00024633437278612853
2023-11-06 13:00:44+00:00,0.00026542934571228017
2023-11-06 14:00:40+00:00,0.00016527162438167582
2023-11-06 15:00:39+00:00,0.00015624452190771414
2023-11-06 16:00:41+00:00,0.00015410058474944595
2023-11-06 17:00:38+00:00,0.00010740928672706474
2023-11-06 18:00:46+00:00,8.26672206145214e-05
2023-11-06 19:00:40+00:00,8.437742861029202e-05
2023-11-06 20:00:52+00:00,7.839087819833794e-05
2023-11-06 21:00:41+00:00,7.209152671882266e-05
2023-11-06 22:00:41+00:00,0.00015981832117108557
2023-11-06 23:00:40+00:00,0.0003523866028088666
2023-11-07 00:00:49+00:00,0.00039124635267258877
2023-11-07 01:00:47+00:00,0.00033632721098255703
2023-11-07 02:00:47+00:00,0.00023739682264783472
2023-11-07 03:00:52+00:00,0.0001519992434202711
2023-11-07 04:00:01+00:00,7.933734113789148e-05
2023-11-07 05:00:48+00:00,2.843649498290991e-05
2023-11-07 06:00:50+00:00,1.3754138531149968e-05
2023-11-07 07:00:50+00:00,9.765009253885265e-06
2023-11-07 08:00:48+00:00,8.846347785316833e-06
2023-11-07 09:00:52+00:00,3.3276872423115424e-05
2023-11-07 10:00:57+00:00,7.76323612531568e-05
2023-11-07 11:00:51+00:00,0.00010369935556335381
2023-11-07 12:00:55+00:00,8.78863819980312e-05
2023-11-07 13:00:54+00:00,9.925049456662741e-05
2023-11-07 14:00:49+00:00,0.00011431038535075063
2023-11-07 15:00:54+00:00,0.000163082997657489
2023-11-07 16:01:01+00:00,0.00014942121355645825
2023-11-07 17:01:02+00:00,0.0001533712354773963
2023-11-07 18:01:22+00:00,0.00015520178832575973
2023-11-07 19:00:57+00:00,0.00016077588009453476
2023-11-07 20:01:00+00:00,0.00013988546720542172
2023-11-07 21:01:19+00:00,0.00010373032562677824
2023-11-07 22:01:19+00:00,8.440086410256097e-05
2023-11-07 23:01:03+00:00,7.792366858571563e-05
2023-11-08 00:00:59+00:00,7.890198133550618e-05
2023-11-08 01:01:05+00:00,7.578870163108857e-05
2023-11-08 02:01:06+00:00,0.000342525029069763
2023-11-08 03:00:59+00:00,0.0005303918190790267
2023-11-08 04:01:01+00:00,0.0005414387469307718
2023-11-08 05:01:01+00:00,0.000538992153960475
2023-11-08 06:01:04+00:00,0.0005562629912779891
2023-11-08 07:01:13+00:00,0.0005402894710822566
2023-11-08 08:01:02+00:00,0.0005292780664569284
2023-11-08 09:01:08+00:00,0.0005173596371058188
2023-11-08 10:01:06+00:00,0.000522456310122639
2023-11-08 11:01:07+00:00,0.0005373800406652589
2023-11-08 12:01:01+00:00,0.0005236019176775234
2023-11-08 13:01:06+00:00,0.0005041169682118207
2023-11-08 14:01:03+00:00,0.0005121801021679313
2023-11-08 15:01:05+00:00,0.0004585226392174766
2023-11-08 16:01:01+00:00,0.00043651236179730377
2023-11-08 17:01:03+00:00,0.00045735803835911335
2023-11-08 18:01:04+00:00,0.0004228884424420333
2023-11-08 19:01:00+00:00,0.00045581707231682675
2023-11-08 20:01:04+00:00,0.0005776368730206803
2023-11-08 21:01:01+00:00,0.0005835638617524795
2023-11-08 22:01:13+00:00,0.000564566881742047
2023-11-08 23:01:02+00:00,0.0006210057247276906
2023-11-09 00:01:06+00:00,0.0002867221030151292
2023-11-09 01:01:04+00:00,5.624449827651983e-05
2023-11-09 02:01:07+00:00,-0.000233473348406177
2023-11-09 03:01:02+00:00,-0.0003056207524559558
2023-11-09 04:01:02+00:00,-0.0002670414183333074
2023-11-09 05:01:10+00:00,-0.00015843371593315033
2023-11-09 06:01:11+00:00,-7.768178865910463e-06
2023-11-09 07:01:29+00:00,5.561562336758715e-05
2023-11-09 08:01:34+00:00,0.0001627864678064751
2023-11-09 09:01:32+00:00,2.0726624030284563e-05
2023-11-09 10:00:59+00:00,-1.2154917036937398e-05
2023-11-09 11:01:26+00:00,-1.7225037641739472e-05
2023-11-09 12:01:30+00:00,1.2470218668907957e-06
2023-11-09 13:01:20+00:00,5.0156401272301735e-05
2023-11-09 14:03:34+00:00,1.699783794039028e-05
2023-11-09 15:03:44+00:00,3.318446435568358e-05
2023-11-09 16:02:02+00:00,6.519023258013476e-05
2023-11-09 17:02:47+00:00,5.280870451310814e-05
2023-11-09 18:01:43+00:00,7.107154374790298e-05
2023-11-09 19:02:16+00:00,7.595907443482787e-05
2023-11-09 20:01:33+00:00,7.635211620241767e-05
2023-11-09 21:00:38+00:00,8.817406475360498e-05
2023-11-09 22:00:39+00:00,0.00012793001306298687
2023-11-09 23:00:34+00:00,0.00017747722408897217
2023-11-10 00:00:25+00:00,0.00017590455440136737
2023-11-10 01:00:42+00:00,0.00016854674995901117
2023-11-10 02:00:41+00:00,0.00018693283478921267
2023-11-10 03:00:49+00:00,9.677391873627098e-05
2023-11-10 04:00:38+00:00,4.0700002005181665e-05
2023-11-10 05:00:44+00:00,3.8597857199282716e-05
2023-11-10 06:00:49+00:00,4.397736756921661e-05
2023-11-10 07:01:58+00:00,3.487769264694407e-05
2023-11-10 08:00:37+00:00,3.797886059651711e-05
2023-11-10 09:00:38+00:00,3.695090482276302e-05
2023-11-10 10:03:31+00:00,3.453712139351916e-05
2023-11-10 11:00:36+00:00,5.2475704452696814e-05
2023-11-10 12:03:04+00:00,4.3881452500325555e-05
2023-11-10 13:00:47+00:00,4.428371475349073e-05
2023-11-10 14:01:25+00:00,7.413445812009617e-05
2023-11-10 15:00:47+00:00,5.175448715755586e-05
2023-11-10 16:00:35+00:00,3.642897360227383e-05
2023-11-10 17:01:14+00:00,4.867638564837136e-05
2023-11-10 18:01:07+00:00,4.995208765381213e-05
2023-11-10 19:03:25+00:00,3.188290147186129e-05
2023-11-10 20:00:28+00:00,1.8371781877207297e-05
2023-11-10 21:01:42+00:00,6.827102036002361e-05
2023-11-10 22:01:55+00:00,0.00010688439110115308
2023-11-10 23:02:47+00:00,0.00011951411083708888
2023-11-11 00:02:27+00:00,0.0001315437312924407
2023-11-11 01:00:55+00:00,0.0001228742168311928
2023-11-11 02:01:18+00:00,5.3902313440157204e-05
2023-11-11 03:00:38+00:00,-6.688372970310024e-06
2023-11-11 04:00:41+00:00,-2.5300177889081363e-05
2023-11-11 05:00:49+00:00,-2.476557865838062e-05
2023-11-11 06:00:40+00:00,-2.4871540035108062e-05
2023-11-11 07:00:46+00:00,-2.6613752046259967e-05
2023-11-11 08:01:00+00:00,-3.6260747181307184e-05
2023-11-11 09:00:56+00:00,-4.2634928178370364e-05
2023-11-11 10:00:42+00:00,-3.1706668839316096e-05
2023-11-11 11:00:38+00:00,-3.059435839767506e-05
2023-11-11 12:00:52+00:00,-3.708133803987148e-05
2023-11-11 13:00:45+00:00,-3.095822049310214e-05
2023-11-11 14:01:30+00:00,-2.7052267824951742e-05
2023-11-11 15:02:36+00:00,-6.120935642356437e-07
2023-11-11 16:01:18+00:00,9.667028363998113e-05
2023-11-11 17:02:35+00:00,0.00014916145057492056
2023-11-11 18:00:41+00:00,0.000160297974786031
2023-11-11 19:00:44+00:00,0.0001764028813580147
2023-11-11 20:01:20+00:00,0.00016653838051089754
2023-11-11 21:00:55+00:00,0.00017324255196140932
2023-11-11 22:01:44+00:00,0.00016890913996244928
2023-11-11 23:00:47+00:00,0.00013612952671697765
2023-11-12 00:03:11+00:00,5.2589754357464055e-05
2023-11-12 01:01:46+00:00,-2.237078756484298e-05
2023-11-12 02:01:22+00:00,-1.526279605099015e-05
2023-11-12 03:00:42+00:00,1.5106227243865033e-05
2023-11-12 04:00:43+00:00,2.7133343111091743e-05
2023-11-12 05:00:40+00:00,2.9657010819363147e-05
2023-11-12 06:00:39+00:00,2.9476956608278736e-05
2023-11-12 07:01:38+00:00,4.373109342970758e-05
2023-11-12 08:01:34+00:00,3.409928539654015e-05
2023-11-12 09:00:44+00:00,3.446760695159603e-05
2023-11-12 10:00:45+00:00,6.435431611145119e-06
2023-11-12 11:01:04+00:00,3.008468042556012e-06
2023-11-12 12:00:47+00:00,4.574363275515553e-06
2023-11-12 13:00:42+00:00,5.886061892545465e-06
2023-11-12 14:00:42+00:00,7.502232348463436e-07
2023-11-12 15:01:55+00:00,-6.227785209731879e-06
2023-11-12 16:00:45+00:00,-5.481301550023989e-06
2023-11-12 17:00:49+00:00,1.0636823411137254e-05
2023-11-12 18:00:55+00:00,6.156981576818234e-05
2023-11-12 19:00:43+00:00,2.7062862885216614e-05
2023-11-12 20:00:59+00:00,1.162096858052366e-06
2023-11-12 21:00:58+00:00,-3.1343514994934875e-05
2023-11-12 22:00:43+00:00,-2.441109418400601e-05
2023-11-12 23:00:44+00:00,1.0291750050759114e-05
2023-11-13 00:01:13+00:00,2.6703413775533837e-05
2023-11-13 01:01:00+00:00,2.5776889029970533e-05
2023-11-13 02:00:46+00:00,0.00018127190714708224
2023-11-13 03:00:45+00:00,0.0002015428216605036
2023-11-13 04:01:12+00:00,0.00018741799061013846
2023-11-13 05:00:48+00:00,0.00011907440789084807
2023-11-13 06:00:50+00:00,6.741980132129517e-05
2023-11-13 07:00:47+00:00,5.681848217040108e-05
2023-11-13 08:00:39+00:00,6.929318702155459e-05
2023-11-13 09:01:32+00:00,9.080524239741003e-05
2023-11-13 10:00:44+00:00,7.570283113857447e-05
2023-11-13 11:00:40+00:00,7.808255453568483e-05
2023-11-13 12:00:47+00:00,8.273722317724375e-05
2023-11-13 13:00:46+00:00,9.400956908036129e-05
2023-11-13 14:00:48+00:00,8.950096660099161e-05
2023-11-13 15:02:20+00:00,8.867135911116972e-05
2023-11-13 16:01:35+00:00,7.813765098653443e-05
2023-11-13 17:02:57+00:00,8.595887211174643e-05
2023-11-13 18:01:52+00:00,7.077883494646026e-05
2023-11-13 19:00:55+00:00,6.736162646830556e-05
2023-11-13 20:00:41+00:00,7.483417444233723e-05
2023-11-13 21:01:00+00:00,7.606658382295982e-05
2023-11-13 22:00:51+00:00,4.109082671354777e-06
2023-11-13 23:00:40+00:00,-3.681258283476304e-05
2023-11-14 00:00:47+00:00,-5.53482553217171e-05
2023-11-14 01:01:31+00:00,-5.61067199162307e-05
2023-11-14 02:00:48+00:00,-3.628629994819518e-05
2023-11-14 03:00:51+00:00,-2.948447973214632e-05
2023-11-14 04:00:40+00:00,-2.644205937701388e-05
2023-11-14 05:00:41+00:00,-3.8980397291024e-06
2023-11-14 06:00:44+00:00,3.7128287474367784e-05
2023-11-14 07:01:12+00:00,4.529435009463921e-05
2023-11-14 08:00:40+00:00,5.786503029951939e-05
2023-11-14 09:00:45+00:00,6.769701946660305e-05
2023-11-14 10:00:41+00:00,7.963365541549792e-05
2023-11-14 11:00:49+00:00,5.102576970148783e-05
2023-11-14 12:00:44+00:00,4.190992859861633e-06
2023-11-14 13:00:48+00:00,-1.4893762535574163e-05
2023-11-14 14:01:47+00:00,3.5843008867872068e-06
2023-11-14 15:00:03+00:00,2.1648298329903648e-05
2023-11-14 16:01:17+00:00,5.282461281440869e-05
2023-11-14 17:00:48+00:00,0.00010528097923408733
2023-11-14 18:00:46+00:00,2.8497726169686545e-05
2023-11-14 19:02:01+00:00,-1.4461036198358468e-05
2023-11-14 20:00:52+00:00,-8.62523243390889e-06
2023-11-14 21:00:52+00:00,3.971023537170859e-05
2023-11-14 22:00:56+00:00,0.0003832730552957944
2023-11-14 23:00:45+00:00,0.0005412957823610774
2023-11-15 00:01:16+00:00,0.0005547533646766563
2023-11-15 01:01:05+00:00,0.0003128944270599451
2023-11-15 02:00:57+00:00,0.0001590582022044078
2023-11-15 03:00:53+00:00,0.00012081352456287538
2023-11-15 04:00:49+00:00,9.895437664251011e-05
2023-11-15 05:00:46+00:00,0.00011669614713550346
2023-11-15 06:00:49+00:00,9.880992899217077e-05
2023-11-15 07:00:57+00:00,8.874704369804193e-05
2023-11-15 08:00:45+00:00,8.597963662408689e-05
2023-11-15 09:00:46+00:00,9.427542306646221e-05
2023-11-15 10:00:50+00:00,7.692320787261946e-05
2023-11-15 11:00:48+00:00,6.208867464294064e-05
2023-11-15 12:01:06+00:00,5.310993226203692e-05
2023-11-15 13:02:12+00:00,2.8118137526830992e-05
2023-11-15 14:00:52+00:00,2.317076233957269e-05
2023-11-15 15:00:48+00:00,1.649628299704204e-05
2023-11-15 16:02:22+00:00,1.3330108909352087e-05
2023-11-15 17:00:50+00:00,1.4170812141085997e-05
2023-11-15 18:00:48+00:00,7.886736308279631e-05
2023-11-15 19:02:13+00:00,0.00013207684557246222
2023-11-15 20:02:01+00:00,0.00013278495902844186
2023-11-15 21:01:41+00:00,0.00014022423981657913
2023-11-15 22:01:01+00:00,0.00011395099815237543
2023-11-15 23:01:07+00:00,0.00012496904678909823
2023-11-16 00:01:47+00:00,0.00011633100644840195
2023-11-16 01:00:48+00:00,8.83675932132091e-05
2023-11-16 02:01:18+00:00,5.5748140208635516e-05
2023-11-16 03:00:41+00:00,4.264076721603206e-05
2023-11-16 04:00:45+00:00,4.2644503274987345e-05
2023-11-16 05:00:44+00:00,4.420851913640104e-05
2023-11-16 06:00:56+00:00,4.6116304033500616e-05
2023-11-16 07:00:52+00:00,4.822350200954798e-05
2023-11-16 08:00:59+00:00,5.5806418476017945e-05
2023-11-16 09:01:11+00:00,4.8750817184687776e-05
2023-11-16 10:00:45+00:00,4.98128356700092e-05
2023-11-16 11:00:46+00:00,5.139342855433359e-05
2023-11-16 12:00:53+00:00,5.781634505232666e-05
2023-11-16 13:00:49+00:00,1.9247983748759075e-06
2023-11-16 14:00:55+00:00,-2.8709532840596433e-05
2023-11-16 15:00:57+00:00,7.203230817733217e-05
2023-11-16 16:01:12+00:00,6.312424950049539e-05
2023-11-16 17:00:48+00:00,6.028318298994041e-05
2023-11-16 18:01:02+00:00,7.365900132005025e-05
2023-11-16 19:00:56+00:00,6.536815294656993e-05
2023-11-16 20:00:43+00:00,1.2302581304823579e-05
2023-11-16 21:01:03+00:00,2.6750408605835812e-05
2023-11-16 22:02:11+00:00,2.343960250439668e-06
2023-11-16 23:01:47+00:00,-3.761999165051157e-06
2023-11-17 00:01:10+00:00,-1.9009847083216604e-05
2023-11-17 01:01:04+00:00,-2.0393195082058857e-05
2023-11-17 02:00:57+00:00,-1.6645935228582302e-05
2023-11-17 03:00:47+00:00,-2.7806275864375306e-05
2023-11-17 04:00:49+00:00,-2.6330054067197947e-05
2023-11-17 05:00:51+00:00,-2.329110197092793e-05
2023-11-17 06:00:55+00:00,2.007637771094734e-06
2023-11-17 07:00:49+00:00,3.8027195618694418e-06
2023-11-17 08:00:46+00:00,-1.8985810244883647e-05
2023-11-17 09:01:04+00:00,-1.8967107768197093e-05
2023-11-17 10:00:53+00:00,-3.0946792133268835e-05
2023-11-17 11:00:46+00:00,-6.0483469811775194e-05
2023-11-17 12:00:48+00:00,-3.275787885177912e-05
2023-11-17 13:01:18+00:00,-2.7882100903776625e-05
2023-11-17 14:01:20+00:00,-2.650776689100564e-05
2023-11-17 15:01:51+00:00,-3.796772717095811e-05
2023-11-17 16:01:43+00:00,-3.582601476191119e-05
2023-11-17 17:01:06+00:00,-4.373913670057649e-05
2023-11-17 18:00:51+00:00,-2.994918593174656e-05
2023-11-17 19:00:52+00:00,-2.2153672667977417e-05
2023-11-17 20:00:19+00:00,1.4963881890744993e-05
2023-11-17 21:00:42+00:00,1.7181657388435114e-05
2023-11-17 22:00:25+00:00,2.124514153523316e-05
2023-11-17 23:00:40+00:00,2.406468954375019e-05
2023-11-18 00:00:41+00:00,2.5239984700911302e-05
2023-11-18 01:00:45+00:00,2.065360911688942e-05
2023-11-18 02:00:35+00:00,1.6991436008281217e-05
2023-11-18 03:00:37+00:00,1.653342664534708e-05
2023-11-18 04:00:48+00:00,1.423231990947879e-05
2023-11-18 05:00:51+00:00,7.685748958042642e-06
2023-11-18 06:00:34+00:00,4.13756393236766e-06
2023-11-18 07:00:47+00:00,3.829218064526238e-06
2023-11-18 08:00:29+00:00,4.827321622963674e-06
2023-11-18 09:00:29+00:00,3.747606411232909e-06
2023-11-18 10:00:36+00:00,4.852424893975061e-06
2023-11-18 11:00:41+00:00,5.0176793603466075e-06
2023-11-18 12:00:32+00:00,4.042910713593968e-06
2023-11-18 13:00:35+00:00,4.799946105868285e-06
2023-11-18 14:00:31+00:00,2.9682726146000115e-06
2023-11-18 15:00:33+00:00,6.53072997766773e-06
2023-11-18 16:00:36+00:00,8.49750129059474e-06
2023-11-18 17:00:39+00:00,-2.53404179925308e-06
2023-11-18 18:00:34+00:00,-7.754956127098612e-06
2023-11-18 19:00:35+00:00,-1.0706077412578582e-05
2023-11-18 20:04:29+00:00,-1.2708275486877928e-05
2023-11-18 21:00:34+00:00,-6.4415597225921816e-06
2023-11-18 22:02:32+00:00,1.1215212198360646e-05
2023-11-18 23:00:35+00:00,1.867816281171792e-05
2023-11-19 00:00:42+00:00,2.139171234365631e-05
2023-11-19 01:00:42+00:00,2.035072426510459e-05
2023-11-19 02:00:42+00:00,1.9913606726377768e-05
2023-11-19 03:00:35+00:00,2.161637873188588e-05
2023-11-19 04:00:42+00:00,2.8596049305658455e-05
2023-11-19 05:00:41+00:00,2.0823171673446692e-05
2023-11-19 06:00:43+00:00,2.2914679012028378e-05
2023-11-19 07:00:52+00:00,2.3412645583043735e-05
2023-11-19 08:00:49+00:00,4.666113247736904e-05
2023-11-19 09:00:41+00:00,6.940327499247722e-05
2023-11-19 10:00:44+00:00,7.145909033503148e-05
2023-11-19 11:00:46+00:00,6.895525323238182e-05
2023-11-19 12:00:42+00:00,7.375962597189492e-05
2023-11-19 13:01:23+00:00,7.615992828490196e-05
2023-11-19 14:00:48+00:00,0.0001226342252602057
2023-11-19 15:00:49+00:00,0.00012482800807463366
2023-11-19 16:00:46+00:00,0.00015475961421300234
2023-11-19 17:00:51+00:00,0.00015762581975742513
2023-11-19 18:01:02+00:00,0.00021176438673146342
2023-11-19 19:00:56+00:00,0.00020772052850899427
2023-11-19 20:01:03+00:00,0.00020291509641195442
2023-11-19 21:01:14+00:00,0.00024240360107570912
2023-11-19 22:01:16+00:00,0.00026969575944029594
2023-11-19 23:01:03+00:00,0.000267779975687513
2023-11-20 00:01:20+00:00,0.0002855262113011672
2023-11-20 01:01:16+00:00,0.00027571832008990406
2023-11-20 02:01:14+00:00,0.0002841066785738924
2023-11-20 03:01:09+00:00,0.0003005640216897608
2023-11-20 04:01:19+00:00,0.0002842123136564187
2023-11-20 05:01:29+00:00,0.0002791047594766039
2023-11-20 06:01:24+00:00,0.00028598444366207846
2023-11-20 07:01:21+00:00,0.00029009056625811875
2023-11-20 08:01:35+00:00,0.0002501754645756961
2023-11-20 09:01:54+00:00,0.0002158775489866866
2023-11-20 10:01:42+00:00,0.00022220265810374238
2023-11-20 11:01:40+00:00,0.0002383679209967671
2023-11-20 12:01:38+00:00,0.00021076483387998725
2023-11-20 13:02:20+00:00,0.00019393260878188093
2023-11-20 14:01:57+00:00,0.00019736725359491365
2023-11-20 15:04:21+00:00,0.00019193637877808423
2023-11-20 16:01:56+00:00,0.00010736659640553633
2023-11-20 17:01:48+00:00,5.28255822541976e-05
2023-11-20 18:02:07+00:00,6.302464558016837e-05
2023-11-20 19:01:15+00:00,5.2000147557916485e-05
2023-11-20 20:01:08+00:00,5.564499904126745e-05
2023-11-20 21:01:23+00:00,5.691936395838537e-05
2023-11-20 22:01:13+00:00,-9.103090040175359e-06
2023-11-20 23:01:38+00:00,1.4672177158054786e-05
2023-11-21 00:01:29+00:00,5.342109371509081e-05
2023-11-21 01:01:37+00:00,-1.0556909760462223e-05
2023-11-21 02:01:45+00:00,-2.795922501433442e-05
2023-11-21 03:02:06+00:00,-4.865959427917983e-05
2023-11-21 04:01:55+00:00,-4.519296243088767e-05
2023-11-21 05:01:54+00:00,-4.732613782837241e-05
2023-11-21 06:01:50+00:00,-4.897993857267254e-05
2023-11-21 07:01:51+00:00,-4.304672134760551e-05
2023-11-21 08:02:02+00:00,-4.894464847448389e-05
2023-11-21 09:02:04+00:00,-4.237054765592003e-05
2023-11-21 10:01:51+00:00,-4.101745049000205e-05
2023-11-21 11:01:51+00:00,-4.418809957306259e-05
2023-11-21 12:01:54+00:00,-5.8327296522101055e-05
2023-11-21 13:01:55+00:00,-5.0060500588167034e-05
2023-11-21 14:02:07+00:00,-4.7559406000363323e-05
2023-11-21 15:01:56+00:00,-8.661208022873439e-05
2023-11-21 16:02:47+00:00,-0.00010096695693905982
2023-11-21 17:01:59+00:00,2.5696350857610663e-06
2023-11-21 18:02:51+00:00,2.2087470972164514e-05
2023-11-21 19:02:49+00:00,2.8282322788648937e-05
2023-11-21 20:02:14+00:00,4.1059389782683656e-05
2023-11-21 21:02:13+00:00,3.990183802444843e-05
2023-11-21 22:01:52+00:00,3.581000795991586e-05
2023-11-21 23:02:13+00:00,2.5065758296713634e-05
2023-11-22 00:02:31+00:00,3.723804572685553e-05
2023-11-22 01:02:06+00:00,3.587118854963702e-05
2023-11-22 02:02:00+00:00,2.936449309164166e-05
2023-11-22 03:01:51+00:00,0.00011157781415767211
2023-11-22 04:02:02+00:00,0.00020043111971898626
2023-11-22 05:01:52+00:00,0.00021580945738115635
2023-11-22 06:01:52+00:00,0.00020997825314553222
2023-11-22 07:01:57+00:00,0.00020889194630064586
2023-11-22 08:02:02+00:00,0.0001853412874148335
2023-11-22 09:02:05+00:00,0.0001663842654809443
2023-11-22 10:01:54+00:00,0.0001704369012115659
2023-11-22 11:02:05+00:00,0.00014880207044584687
2023-11-22 12:02:06+00:00,0.0001497005082498381
2023-11-22 13:02:07+00:00,0.00015854545003621831
2023-11-22 14:02:06+00:00,0.0001604806313182548
2023-11-22 15:02:04+00:00,0.0001459631697519735
2023-11-22 16:02:35+00:00,0.00015199147543746314
2023-11-22 17:02:03+00:00,0.0001518327763558295
2023-11-22 18:02:41+00:00,0.00013976857208719483
2023-11-22 19:02:45+00:00,0.0001559001602669561
2023-11-22 20:02:11+00:00,0.00013860883934204611
2023-11-22 21:02:09+00:00,0.000139431530728763
2023-11-22 22:27:34+00:00,3.486751528947198e-05
2023-11-23 02:19:10+00:00,0.0004561892129094447
2023-11-23 05:51:24+00:00,0.0004991708649645925
2023-11-23 07:01:40+00:00,0.0002427288669870881
2023-11-23 08:02:25+00:00,0.0001277744989943676
2023-11-23 09:01:47+00:00,8.433239036809182e-05
2023-11-23 10:02:12+00:00,6.239535510634106e-05
2023-11-23 11:02:09+00:00,5.513433628975068e-05
2023-11-23 12:02:13+00:00,7.571972983561544e-05
2023-11-23 13:02:26+00:00,8.933237710762176e-05
2023-11-23 14:00:30+00:00,9.910383160684541e-05
2023-11-23 15:00:50+00:00,9.248150398538118e-05
2023-11-23 16:01:06+00:00,9.070719027155002e-05
2023-11-23 17:00:59+00:00,0.00011211051786886713
2023-11-23 18:00:36+00:00,0.0001994270268574163
2023-11-23 19:01:29+00:00,0.0002957640905925471
2023-11-23 20:02:02+00:00,0.00028550522140614583
2023-11-23 21:00:53+00:00,0.00029511529046986174
2023-11-23 22:02:00+00:00,0.00031479930850352784
2023-11-23 23:01:48+00:00,0.00032978227618551167
2023-11-24 00:01:49+00:00,0.0003079906333152992
2023-11-24 01:01:45+00:00,0.000314637544311532
2023-11-24 02:01:50+00:00,0.0003233666131652815
2023-11-24 03:01:44+00:00,0.00033059898925426963
2023-11-24 04:01:46+00:00,0.0003182015556451123
2023-11-24 05:01:48+00:00,0.00030809652444907076
2023-11-24 06:01:44+00:00,0.00030537961160504763
2023-11-24 07:02:00+00:00,0.00028211891072703457
2023-11-24 08:02:03+00:00,0.000280811049078441
2023-11-24 09:01:50+00:00,0.0002888375358618785
2023-11-24 10:01:57+00:00,0.0003072072689782675
2023-11-24 11:01:35+00:00,0.0002813715794896696
2023-11-24 12:02:38+00:00,0.0002735373969730127
2023-11-24 13:02:58+00:00,0.00026779668281419857
2023-11-24 14:02:07+00:00,0.0002693006625488563
2023-11-24 15:01:57+00:00,0.000256796271943236
2023-11-24 16:02:19+00:00,0.00027714472125922026
2023-11-24 17:02:02+00:00,0.0002914007452228154
2023-11-24 18:01:52+00:00,0.00031897605881300894
2023-11-24 19:01:56+00:00,0.0002750304560504525
2023-11-24 20:01:54+00:00,0.00025985255400790447
2023-11-24 21:01:49+00:00,0.0002784562896085454
2023-11-24 22:12:55+00:00,0.0001601721197940331
2023-11-24 23:00:57+00:00,0.0002462480270717369
2023-11-25 00:01:31+00:00,0.00028672200678303946
2023-11-25 01:01:00+00:00,0.0002839434604176015
2023-11-25 02:01:02+00:00,0.0002907265464529096
2023-11-25 03:00:57+00:00,0.0002541491832810178
2023-11-25 04:01:04+00:00,0.00024758986589229617
2023-11-25 05:01:03+00:00,0.0002503150643149838
2023-11-25 06:00:04+00:00,0.00025392091599169377
2023-11-25 07:01:01+00:00,0.0002569705838247218
2023-11-25 08:00:58+00:00,0.00022168719154895292
2023-11-25 09:01:04+00:00,0.00018904252355512135
2023-11-25 10:01:03+00:00,0.00014770224254750098
2023-11-25 11:01:09+00:00,9.476441830825398e-05
2023-11-25 12:01:10+00:00,7.297198212483627e-05
2023-11-25 13:01:04+00:00,7.319779979508213e-05
2023-11-25 14:01:11+00:00,7.065521043253779e-05
2023-11-25 15:01:05+00:00,6.710779486669909e-05
2023-11-25 16:01:11+00:00,7.055326295217672e-05
2023-11-25 17:01:07+00:00,6.901705147745636e-05
2023-11-25 18:01:11+00:00,6.978900098849381e-05
2023-11-25 19:01:13+00:00,7.212000740646095e-05
2023-11-25 20:01:16+00:00,7.394342236997953e-05
2023-11-25 21:01:15+00:00,7.375415079328157e-05
2023-11-25 22:01:04+00:00,8.101527977830916e-05
2023-11-25 23:01:06+00:00,7.919479749534158e-05
2023-11-26 00:01:01+00:00,8.424639675266325e-05
2023-11-26 01:01:13+00:00,8.93390072917558e-05
2023-11-26 02:01:06+00:00,8.558428962719426e-05
2023-11-26 03:01:08+00:00,9.37284997681552e-05
2023-11-26 04:01:09+00:00,9.196646582346434e-05
2023-11-26 05:01:03+00:00,9.409772940401762e-05
2023-11-26 06:01:05+00:00,0.00010569673306517516
2023-11-26 07:01:11+00:00,8.98793334070702e-05
2023-11-26 08:01:16+00:00,9.240587903602731e-05
2023-11-26 09:01:09+00:00,9.353102732424025e-05
2023-11-26 10:01:05+00:00,7.853724155089021e-05
2023-11-26 11:01:05+00:00,7.457811387748032e-05
2023-11-26 12:00:24+00:00,7.632667836519075e-05
2023-11-26 13:01:11+00:00,3.341992319110025e-05
2023-11-26 14:01:09+00:00,1.9663098753212897e-05
2023-11-26 15:01:05+00:00,3.895812239612479e-06
2023-11-26 16:00:51+00:00,1.1162298543205727e-05
2023-11-26 17:01:06+00:00,1.0670960898959627e-05
2023-11-26 18:01:23+00:00,1.1045603983351644e-05
2023-11-26 19:01:25+00:00,1.0076782529478063e-05
2023-11-26 20:01:22+00:00,1.0848081652253962e-05
2023-11-26 21:01:07+00:00,8.788311800181658e-06
2023-11-26 22:01:20+00:00,1.450365082467088e-05
2023-11-26 23:01:18+00:00,2.9063505077303975e-05
2023-11-27 00:01:07+00:00,6.519541281221538e-05
2023-11-27 01:01:12+00:00,0.00010347961263364659
2023-11-27 02:01:06+00:00,0.0001015675968459236
2023-11-27 03:01:08+00:00,9.392753329859284e-05
2023-11-27 04:01:04+00:00,0.0001769707112586367
2023-11-27 05:01:12+00:00,0.00019879234013392267
2023-11-27 06:01:13+00:00,0.0001870225113328514
2023-11-27 07:01:04+00:00,0.0001983447046700625
2023-11-27 08:01:10+00:00,0.00018662656490990082
2023-11-27 09:01:12+00:00,0.0001750533193722823
2023-11-27 10:01:22+00:00,0.00018763206352554322
2023-11-27 11:07:32+00:00,2.5976918884993377e-05
2023-11-27 12:01:37+00:00,0.00013103690376568453
2023-11-27 13:01:47+00:00,0.00015571763137480214
2023-11-27 14:01:32+00:00,0.00013102866322768503
2023-11-27 15:01:47+00:00,3.535374480843488e-05
2023-11-27 16:02:28+00:00,1.8218230642760533e-05
2023-11-27 17:01:31+00:00,1.73763374391331e-05
2023-11-27 18:01:40+00:00,1.5767248913544317e-05
2023-11-27 19:02:06+00:00,2.4817585996531186e-05
2023-11-27 20:02:42+00:00,3.2937823046626575e-06
2023-11-27 21:01:43+00:00,-1.4515312301578599e-05
2023-11-27 22:17:03+00:00,-4.947231831505619e-06
2023-11-27 23:01:26+00:00,-1.2257225501617174e-05
2023-11-28 00:00:46+00:00,-1.640983847887685e-05
2023-11-28 01:01:03+00:00,-1.7690863312722832e-05
2023-11-28 02:01:09+00:00,-2.1009066517019447e-05
2023-11-28 03:01:22+00:00,-1.8287038842513708e-05
2023-11-28 04:01:15+00:00,-1.8325557688886033e-05
2023-11-28 05:01:17+00:00,-1.8821655974266278e-05
2023-11-28 06:01:23+00:00,-2.00684705664149e-05
2023-11-28 07:01:21+00:00,-9.635846667816758e-06
2023-11-28 08:01:21+00:00,-4.6885516872041655e-06
2023-11-28 09:01:26+00:00,-7.386368642001889e-06
2023-11-28 10:01:57+00:00,0.00010572577037079459
2023-11-28 11:01:53+00:00,0.00010664414041035816
2023-11-28 12:02:06+00:00,0.0001269841795084761
2023-11-28 13:03:50+00:00,0.00014240169628732013
2023-11-28 14:01:51+00:00,0.0001688571512243542
2023-11-28 15:02:11+00:00,0.00016179958999267574
2023-11-28 16:01:57+00:00,0.00016098871829808872
2023-11-28 17:02:05+00:00,0.00016875469979206413
2023-11-28 18:01:59+00:00,0.00017554066654236326
2023-11-28 19:02:25+00:00,0.000282726459525817
2023-11-28 20:02:01+00:00,0.00038638542481291796
2023-11-28 21:01:50+00:00,0.00041789957406735046
2023-11-28 22:01:53+00:00,0.0004046293833138011
2023-11-28 23:02:02+00:00,0.000384098996461049
2023-11-29 00:03:45+00:00,0.0003655053267117269
2023-11-29 01:02:01+00:00,0.00039850894902778285
2023-11-29 02:01:57+00:00,0.00037590627712420473
2023-11-29 03:00:39+00:00,0.0004410329247861015
2023-11-29 04:00:18+00:00,0.0004396438553581729
2023-11-29 05:00:32+00:00,0.00043258196795658194
2023-11-29 06:00:21+00:00,0.00047255104483212514
2023-11-29 07:06:21+00:00,0.00040831001604469823
2023-11-29 08:00:35+00:00,0.0003998994103763395
2023-11-29 09:28:23+00:00,0.0003724549243008314
2023-11-29 11:02:35+00:00,0.0003006826270908022
2023-11-29 12:04:11+00:00,0.00028462486309521024
2023-11-29 13:38:20+00:00,0.0002594316969745062
2023-11-29 15:06:54+00:00,0.00024173110166423318
2023-11-29 16:01:30+00:00,0.00025161170782952524
2023-11-29 17:01:50+00:00,0.0002661838402032454
2023-11-29 18:16:37+00:00,0.0002698923346192686
2023-11-29 19:01:27+00:00,0.0002694901212985942
2023-11-29 20:01:22+00:00,0.0002770376071179265
2023-11-29 21:02:04+00:00,0.0002737982756320873
2023-11-29 22:17:55+00:00,0.00011807998720444783
2023-11-29 23:09:02+00:00,0.00020984442744899153
2023-11-30 00:12:26+00:00,0.00015687986657962944
2023-11-30 01:03:46+00:00,0.00024288956245309724
2023-11-30 02:01:50+00:00,0.0003090210227083593
2023-11-30 03:00:44+00:00,0.0003103389615725259
2023-11-30 04:00:48+00:00,0.00030549158712009876
2023-11-30 05:00:44+00:00,0.0003194784118256594
2023-11-30 06:00:46+00:00,0.00026643099886169215
2023-11-30 07:00:46+00:00,0.000258538178483274
2023-11-30 08:03:13+00:00,0.00018446664904562567
2023-11-30 09:13:47+00:00,3.6199426080876267e-05
2023-11-30 10:27:33+00:00,0.0004618768724693356
2023-11-30 12:04:09+00:00,0.00023606393915120283
2023-11-30 13:00:31+00:00,0.00021404603323076822
2023-11-30 14:00:14+00:00,0.00018768797604857304
2023-11-30 15:56:27+00:00,-8.79547636711123e-06
2023-11-30 17:11:15+00:00,0.00019882598546230754
2023-11-30 18:00:49+00:00,0.00021255168026402995
2023-11-30 19:00:52+00:00,0.00022153415216245292
2023-11-30 20:00:49+00:00,0.0002386895917149983
2023-11-30 21:01:01+00:00,0.0002277129996869367
2023-11-30 22:14:14+00:00,0.00011842573730247548
2023-11-30 23:25:15+00:00,0.00022377323838783475
2023-12-01 01:03:08+00:00,0.00014531442466404943
2023-12-01 02:22:18+00:00,0.00014533017354779326
2023-12-01 04:01:40+00:00,0.0001210842998919892
2023-12-01 05:01:44+00:00,8.055500702705479e-05
2023-12-01 06:04:12+00:00,5.7074829634113574e-05
2023-12-01 07:02:00+00:00,7.400744185855823e-05
2023-12-01 08:02:07+00:00,7.563936347372625e-05
2023-12-01 09:00:29+00:00,7.257181825966023e-05
2023-12-01 10:01:29+00:00,7.609160766854882e-05
2023-12-01 11:01:26+00:00,5.757720790752691e-05
2023-12-01 12:01:20+00:00,5.86600913722442e-05
2023-12-01 13:01:25+00:00,5.58213005993874e-05
2023-12-01 14:01:31+00:00,5.761984810123844e-05
2023-12-01 15:01:28+00:00,5.484160097229586e-05
2023-12-01 16:06:35+00:00,5.912705098115876e-05
2023-12-01 17:02:20+00:00,6.763793580549877e-05
2023-12-01 18:01:40+00:00,7.176137872489574e-05
2023-12-01 19:01:26+00:00,7.70566900073349e-05
2023-12-01 20:01:18+00:00,5.861385472593563e-05
2023-12-01 21:49:07+00:00,-2.5362135097284504e-05
2023-12-02 00:07:55+00:00,1.2533776019617665e-05
2023-12-02 01:22:46+00:00,0.00014361589912265362
2023-12-02 03:20:55+00:00,0.0002106040183056086
2023-12-02 05:20:18+00:00,6.717257540541311e-06
2023-12-02 07:00:48+00:00,0.00017400762921761348
2023-12-02 08:10:32+00:00,0.00022372263220639632
2023-12-02 09:07:34+00:00,4.941649523370121e-05
2023-12-02 11:07:46+00:00,2.861692365192083e-05
2023-12-02 12:04:47+00:00,2.6755323844508065e-05
2023-12-02 13:08:21+00:00,7.514907685182961e-05
2023-12-02 14:42:20+00:00,0.00010644025362739
2023-12-02 16:45:13+00:00,-3.547681152366893e-05
2023-12-02 18:01:22+00:00,6.089442629682698e-05
2023-12-02 19:09:02+00:00,0.00029100685971278914
2023-12-02 20:09:41+00:00,0.00018143631301515664
2023-12-02 21:15:26+00:00,7.132636967673181e-05
2023-12-02 22:13:31+00:00,-2.7399907288404684e-05
2023-12-02 23:04:21+00:00,-3.089951197516992e-05
2023-12-03 00:30:08+00:00,4.0536540605915454e-05
2023-12-03 02:14:36+00:00,-4.2252406646734014e-05
2023-12-03 03:10:04+00:00,-7.656988236613753e-05
2023-12-03 04:00:34+00:00,4.0333832643324835e-05
2023-12-03 05:08:20+00:00,-0.00014120343001131175
2023-12-03 06:43:17+00:00,-2.5536811398663334e-05
2023-12-03 08:05:09+00:00,-0.0002641878622332305
2023-12-03 09:02:27+00:00,-7.804297420413671e-05
2023-12-03 11:27:50+00:00,5.90948191811827e-05
2023-12-03 15:17:38+00:00,-0.00018546977834719356
2023-12-03 17:04:07+00:00,1.742876488741144e-05
2023-12-03 18:29:14+00:00,-9.462662324942328e-06
2023-12-03 23:12:44+00:00,-0.00016337244279485496
2023-12-04 00:22:20+00:00,-0.00019110096553596686
2023-12-04 02:00:03+00:00,2.2512824441100882e-05
2023-12-04 03:11:19+00:00,6.207456895505699e-05
2023-12-04 04:03:41+00:00,5.729357925252052e-05
2023-12-04 05:02:54+00:00,4.319606557639286e-05
2023-12-04 06:06:23+00:00,1.1049771530227105e-05
2023-12-04 07:00:59+00:00,2.0648931735740407e-05
2023-12-04 08:02:22+00:00,2.852116771503987e-06
2023-12-04 09:10:29+00:00,-1.1442338414481627e-05
2023-12-04 10:26:05+00:00,-4.4234479576557764e-05
2023-12-04 12:26:00+00:00,-4.276795180853357e-05
2023-12-04 14:04:27+00:00,-9.717997786315139e-05
2023-12-04 15:21:59+00:00,-2.1955007924012594e-05
2023-12-04 17:00:45+00:00,-1.6894706264284582e-05
2023-12-04 18:07:33+00:00,1.7631317561140135e-05
2023-12-04 19:06:13+00:00,1.2039452880076764e-05
2023-12-04 20:32:06+00:00,6.905486909877826e-05
2023-12-04 22:20:04+00:00,0.0001612131747817655
2023-12-05 00:15:51+00:00,9.204735070988775e-05
2023-12-05 01:18:30+00:00,1.6837259056721954e-05
2023-12-05 02:01:02+00:00,5.6630859717609e-05
2023-12-05 05:20:54+00:00,3.621933875685227e-05
2023-12-05 07:03:35+00:00,-3.901869588039728e-05
2023-12-05 08:03:53+00:00,-6.5722520349744996e-06
2023-12-05 09:33:03+00:00,0.00016733712302796028
2023-12-05 11:13:21+00:00,5.205746869998732e-05
2023-12-05 12:02:24+00:00,4.592058216708672e-06
2023-12-05 13:02:59+00:00,0.0001188449187666878
2023-12-05 14:05:24+00:00,6.293611885307215e-05
2023-12-05 15:08:16+00:00,0.0001962781650013819
2023-12-05 16:17:30+00:00,3.7595202396474785e-05
2023-12-05 17:03:26+00:00,6.782748337070277e-05
2023-12-05 18:10:07+00:00,0.000249229686316227
2023-12-05 19:41:39+00:00,3.8282487824742336e-05
2023-12-05 21:23:14+00:00,-0.00013533629552863515
2023-12-05 23:05:51+00:00,1.3304252521726955e-05
2023-12-06 00:27:07+00:00,0.0001994661454794212
2023-12-06 02:14:42+00:00,-3.873604126879453e-06
2023-12-06 03:07:33+00:00,-0.0001172810376587236
2023-12-06 04:05:41+00:00,-9.284282122035776e-06
2023-12-06 05:23:29+00:00,-4.5519799426822736e-05
2023-12-06 07:08:53+00:00,5.4735583300105954e-05
2023-12-06 08:04:06+00:00,7.999230945472433e-05
2023-12-06 09:00:52+00:00,0.00032096786058724894
2023-12-06 10:03:27+00:00,0.0001806059817858276
2023-12-06 11:02:14+00:00,4.639627647829944e-05
2023-12-06 12:14:22+00:00,2.8513713539176742e-05
2023-12-06 14:37:32+00:00,0.00011345706619908542
2023-12-06 16:01:21+00:00,0.0001311463203087648
2023-12-06 17:01:11+00:00,0.0001762458501543687
2023-12-06 18:00:48+00:00,0.0001941682929158606
2023-12-06 19:02:40+00:00,0.0002074061606993496
2023-12-06 20:00:59+00:00,0.0001934876912336356
2023-12-06 21:01:14+00:00,0.0001704695149130241
2023-12-06 22:01:34+00:00,0.00016442540730418254
2023-12-06 23:01:36+00:00,0.00017678777187398267
2023-12-07 00:01:35+00:00,0.00018884564329667403
2023-12-07 01:01:23+00:00,0.00022360187163934968
2023-12-07 02:01:26+00:00,0.00022329883527391547
2023-12-07 03:01:27+00:00,0.00024475592180657707
2023-12-07 04:01:28+00:00,0.00026825923139677237
2023-12-07 05:01:32+00:00,0.0003016039894297469
2023-12-07 06:01:26+00:00,0.0002772663929224123
2023-12-07 07:01:33+00:00,0.0002714323660674071
2023-12-07 08:01:35+00:00,0.0001814301084436493
2023-12-07 09:01:08+00:00,7.60308267331413e-05
2023-12-07 10:01:09+00:00,1.8290763203498754e-05
2023-12-07 11:01:42+00:00,1.027759020722493e-06
2023-12-07 12:03:33+00:00,-1.997330702797942e-06
2023-12-07 13:01:46+00:00,-7.40759154174678e-05
2023-12-07 14:01:28+00:00,-8.342902473057116e-05
2023-12-07 15:01:15+00:00,-8.121496082724906e-05
2023-12-07 16:01:56+00:00,-4.090491529128332e-05
2023-12-07 17:03:00+00:00,-2.1001330361986805e-05
2023-12-07 18:03:25+00:00,-1.8285102935991123e-05
2023-12-07 19:00:23+00:00,-3.3117264287266396e-06
2023-12-07 20:02:15+00:00,4.182759124378591e-05
2023-12-07 21:00:52+00:00,5.9929769811234515e-05
2023-12-07 22:00:54+00:00,0.00012806885947328704
2023-12-07 23:00:50+00:00,0.0005541381608596964
2023-12-08 00:00:37+00:00,0.00045279541561862147
2023-12-08 01:01:00+00:00,0.00032342816870014647
2023-12-08 02:02:46+00:00,0.00027604631302142763
2023-12-08 03:02:08+00:00,0.0002571690477733126
2023-12-08 04:02:09+00:00,0.00023764506321922896
2023-12-08 05:01:27+00:00,0.00024551013312196544
2023-12-08 06:00:49+00:00,0.00026653427830652157
2023-12-08 07:01:41+00:00,0.00025438858332273227
2023-12-08 08:01:47+00:00,0.00024203402987395552
2023-12-08 09:00:28+00:00,0.00022924080000270194
2023-12-08 10:01:10+00:00,0.00026613737291288466
2023-12-08 11:03:39+00:00,0.0003499572285639763
2023-12-08 12:03:38+00:00,0.0002870200281769209
2023-12-08 13:03:00+00:00,0.00026574988976110943
2023-12-08 14:01:57+00:00,0.00017110944500650386
2023-12-08 15:02:25+00:00,9.423647734165779e-05
2023-12-08 16:04:03+00:00,4.628345094961139e-05
2023-12-08 17:04:25+00:00,3.7399372376756626e-05
2023-12-08 18:02:04+00:00,4.696238620521014e-05
2023-12-08 19:02:56+00:00,-3.419567255400296e-05
2023-12-08 20:02:00+00:00,-7.118363223241774e-05
2023-12-08 21:03:26+00:00,-8.340186875536753e-05
2023-12-08 22:01:02+00:00,-8.249416555460021e-05
2023-12-08 23:01:42+00:00,-6.895045186304414e-05
2023-12-09 00:02:15+00:00,-6.483937060833983e-05
2023-12-09 01:01:37+00:00,-3.23385590160909e-05
2023-12-09 02:00:45+00:00,-1.8874560743548585e-05
2023-12-09 03:00:44+00:00,-9.811488856862207e-06
2023-12-09 04:00:51+00:00,-6.520327738109892e-06
2023-12-09 05:00:39+00:00,4.749985143374411e-07
2023-12-09 06:02:11+00:00,2.7123253302222975e-05
2023-12-09 07:02:03+00:00,4.1440105458771845e-05
2023-12-09 08:01:26+00:00,5.247210955269033e-05
2023-12-09 09:00:46+00:00,7.992083965909866e-05
2023-12-09 10:00:53+00:00,9.79502911277971e-05
2023-12-09 11:00:03+00:00,0.00012628473781887322
2023-12-09 12:00:56+00:00,0.00015611319120629276
2023-12-09 13:01:05+00:00,0.00011429066351918826
2023-12-09 14:01:26+00:00,8.856989170094785e-05
2023-12-09 15:01:46+00:00,9.020826549036682e-05
2023-12-09 16:02:43+00:00,9.098574934193206e-05
2023-12-09 17:04:29+00:00,7.735158799584339e-05
2023-12-09 18:05:17+00:00,1.6373463116525727e-05
2023-12-09 19:01:14+00:00,-3.203156796637588e-05
2023-12-09 20:00:38+00:00,-5.342863172239482e-05
2023-12-09 21:02:01+00:00,-6.347000553936722e-05
2023-12-09 22:00:49+00:00,-5.83762342660413e-05
2023-12-09 23:01:58+00:00,-4.154704481016456e-05
2023-12-10 00:01:31+00:00,-2.879799387840775e-07
2023-12-10 01:00:42+00:00,1.9100854715075808e-05
2023-12-10 02:00:37+00:00,2.8392539002495006e-05
2023-12-10 03:00:39+00:00,-1.6303643741807706e-05
2023-12-10 04:01:06+00:00,-2.3270980219562693e-05
2023-12-10 05:00:30+00:00,-2.1765155731860532e-05
2023-12-10 06:00:38+00:00,-2.164089670232414e-05
2023-12-10 07:00:25+00:00,-2.4682431684302e-05
2023-12-10 08:00:34+00:00,-2.2328947477373787e-05
2023-12-10 09:00:52+00:00,-1.4970508084300885e-05
2023-12-10 10:00:45+00:00,-2.4729570134642354e-05
2023-12-10 11:00:42+00:00,-4.3923987883227417e-05
2023-12-10 12:01:01+00:00,-5.082834438470607e-05
2023-12-10 13:00:32+00:00,-3.888008120797741e-05
2023-12-10 14:00:34+00:00,-2.781308802803251e-05
2023-12-10 15:00:29+00:00,-1.9321123084330285e-05
2023-12-10 16:00:54+00:00,-1.3657762264899052e-05
2023-12-10 17:04:59+00:00,-1.2488194468183554e-05
2023-12-10 18:00:55+00:00,-1.4294601194477731e-05
2023-12-10 19:00:14+00:00,-1.3685549813965268e-05
2023-12-10 20:01:42+00:00,-7.099116752074105e-06
2023-12-10 21:00:37+00:00,-2.8522466139450537e-06
2023-12-10 22:00:56+00:00,2.3486962511371463e-05
2023-12-10 23:01:27+00:00,3.893065014828218e-05
2023-12-11 00:01:34+00:00,3.0981323081835984e-05
2023-12-11 01:00:29+00:00,3.1389506900691676e-05
2023-12-11 02:01:02+00:00,3.3183274151875826e-05
2023-12-11 03:02:37+00:00,5.2322802152261e-05
2023-12-11 04:01:03+00:00,0.0002881987193200395
2023-12-11 05:01:50+00:00,0.0003492531619217466
2023-12-11 06:00:49+00:00,0.0003813319719421416
2023-12-11 07:01:53+00:00,0.0005441846959472026
2023-12-11 08:02:11+00:00,0.0005482389539418723
2023-12-11 09:01:41+00:00,0.0005418026403943003
2023-12-11 10:00:08+00:00,0.0005357830891611527
2023-12-11 11:01:39+00:00,0.0005718579605140962
2023-12-11 12:01:42+00:00,0.000592392891856743
2023-12-11 13:01:35+00:00,0.0005771949696842568
2023-12-11 14:02:07+00:00,0.0005180752857062584
2023-12-11 15:02:56+00:00,0.00047616563446968997
2023-12-11 16:02:48+00:00,0.00035359153525063976
2023-12-11 17:01:16+00:00,0.0002986644062749557
2023-12-11 18:01:41+00:00,0.00025866087499915095
2023-12-11 19:01:35+00:00,0.00023600797835525937
2023-12-11 20:01:32+00:00,0.00020435022060592356
2023-12-11 21:07:03+00:00,0.0001856120932960338
2023-12-11 22:01:45+00:00,0.00014378537494981472
2023-12-11 23:01:49+00:00,0.00010383119286723161
2023-12-12 00:03:18+00:00,0.00011128040920800675
2023-12-12 01:01:41+00:00,0.00012168780436579277
2023-12-12 02:01:34+00:00,0.0001349289511270128
2023-12-12 03:01:27+00:00,0.00014557720984487653
2023-12-12 04:02:26+00:00,0.00012984025124292793
2023-12-12 05:01:58+00:00,0.0001225968423808268
2023-12-12 06:01:29+00:00,0.00015500146832035896
2023-12-12 07:01:57+00:00,0.00014054879521835384
2023-12-12 08:01:33+00:00,0.0002208552462494039
2023-12-12 09:01:28+00:00,0.0003042901014934501
2023-12-12 10:01:30+00:00,0.0003125715767497442
2023-12-12 11:01:33+00:00,0.00031121446886532735
2023-12-12 12:02:02+00:00,0.00032479154097655
2023-12-12 13:01:25+00:00,0.000337134964456558
2023-12-12 14:04:59+00:00,0.000352216915020708
2023-12-12 15:03:09+00:00,0.0003331409037368935
2023-12-12 16:01:54+00:00,0.00031198724160397793
2023-12-12 17:00:52+00:00,0.00030646819541933345
2023-12-12 18:03:56+00:00,0.00027980169941555275
2023-12-12 19:02:05+00:00,0.00029983661663058193
2023-12-12 20:03:02+00:00,0.00028594704407765254
2023-12-12 21:03:28+00:00,0.00028855916892722
2023-12-12 22:02:30+00:00,0.0002758497655955911
2023-12-12 23:01:54+00:00,0.00033410561999810116
2023-12-13 00:01:46+00:00,0.0003641442150397117
2023-12-13 01:03:10+00:00,0.0003312533191715348
2023-12-13 02:00:05+00:00,0.00027814617111860995
2023-12-13 03:02:25+00:00,0.0003005114232879539
2023-12-13 04:02:08+00:00,0.00028331226407588467
2023-12-13 05:02:13+00:00,0.0002705554041813278
2023-12-13 06:01:53+00:00,0.00024984093936645396
2023-12-13 07:00:02+00:00,0.00024692002660172454
2023-12-13 08:02:12+00:00,0.00026068525892589123
2023-12-13 09:02:39+00:00,0.0002581667985885736
2023-12-13 10:03:49+00:00,0.00024742247665121504
2023-12-13 11:02:26+00:00,0.0002289621838203852
2023-12-13 12:01:55+00:00,0.00022661204983689425
2023-12-13 13:01:49+00:00,0.00023996977992575943
2023-12-13 14:02:40+00:00,0.0002513536720362691
2023-12-13 15:02:40+00:00,0.00022664551617449224
2023-12-13 16:02:25+00:00,0.0002415636018841327
2023-12-13 17:01:56+00:00,0.00021317725150015278
2023-12-13 18:03:47+00:00,0.00023372288752220946
2023-12-13 19:03:00+00:00,0.00021576643271595673
2023-12-13 20:04:03+00:00,0.00023203767398418415
2023-12-13 21:03:38+00:00,0.00020160489566810325
2023-12-13 22:00:04+00:00,0.0001908008014009426
2023-12-13 23:02:26+00:00,0.00021532513337976946
2023-12-14 00:03:04+00:00,0.00023356080094963009
2023-12-14 01:01:11+00:00,0.00021868156779457191
2023-12-14 02:00:49+00:00,0.0002047807487339514
2023-12-14 03:01:08+00:00,0.00019970271510312578
2023-12-14 04:00:32+00:00,0.0003096681102750554
2023-12-14 05:00:57+00:00,0.00035239060551454053
2023-12-14 06:00:42+00:00,0.00033468202143451296
2023-12-14 07:00:31+00:00,0.00035040830001587594
2023-12-14 08:00:57+00:00,0.00033440115976040956
2023-12-14 09:01:29+00:00,0.00031465332165617985
2023-12-14 10:00:43+00:00,0.0003417560541875459
2023-12-14 11:00:24+00:00,0.00034256335996936697
2023-12-14 12:01:57+00:00,0.00032574055013205995
2023-12-14 13:00:50+00:00,0.0003256836561059956
2023-12-14 14:02:11+00:00,0.0002985534986880362
2023-12-14 15:02:04+00:00,0.0003346086239481238
2023-12-14 16:03:21+00:00,0.00031947676636016794
2023-12-14 17:01:20+00:00,0.0003599905287136316
2023-12-14 18:03:29+00:00,0.00030346767268443395
2023-12-14 19:02:32+00:00,0.00030340907792562714
2023-12-14 20:00:41+00:00,0.00031621779964638094
2023-12-14 21:01:58+00:00,0.00030659557502287453
2023-12-14 22:01:29+00:00,0.00027116330472289545
2023-12-14 23:03:59+00:00,0.00023088629943227544
2023-12-15 00:02:35+00:00,0.000279756269557335
2023-12-15 01:01:28+00:00,0.00031010820129131903
2023-12-15 02:02:04+00:00,0.0003186704824807512
2023-12-15 03:01:47+00:00,0.0002929082327604466
2023-12-15 04:03:07+00:00,0.00021262250400302574
2023-12-15 05:01:01+00:00,0.00012546812815030577
2023-12-15 06:01:02+00:00,9.917972120471171e-05
2023-12-15 07:00:33+00:00,0.00011193501247039697
2023-12-15 08:04:20+00:00,0.00012441784961783844
2023-12-15 09:04:47+00:00,0.00012380044805563914
2023-12-15 10:02:56+00:00,0.0001115312914089582
2023-12-15 11:03:34+00:00,0.00012444498912563446
2023-12-15 12:01:54+00:00,0.00010783070420280448
2023-12-15 13:02:26+00:00,0.00011014174372087021
2023-12-15 14:03:00+00:00,0.00011224484937108545
2023-12-15 15:03:52+00:00,0.00011373725991669945
2023-12-15 16:03:57+00:00,0.00011065316514702241
2023-12-15 17:04:16+00:00,0.00010210895171602704
2023-12-15 18:04:35+00:00,0.00010447866806453857
2023-12-15 19:02:42+00:00,0.00011954513406164289
2023-12-15 20:02:14+00:00,0.0001215136564363419
2023-12-15 21:04:19+00:00,0.00015188918543591683
2023-12-15 22:04:27+00:00,0.00015428096866619518
2023-12-15 23:04:45+00:00,0.00011054213489277814
2023-12-16 00:04:30+00:00,7.842311651443951e-05
2023-12-16 01:03:25+00:00,8.568042695536078e-05
2023-12-16 02:02:52+00:00,0.0001096924305490694
2023-12-16 03:01:14+00:00,0.00010315393973581066
2023-12-16 04:01:35+00:00,0.00011127186092215334
2023-12-16 05:02:24+00:00,0.00010185968962598822
2023-12-16 06:01:08+00:00,0.00011079849566242612
2023-12-16 07:01:27+00:00,0.00011027309810892126
2023-12-16 08:01:44+00:00,0.00011791535663671481
2023-12-16 09:01:13+00:00,0.00011413610449656183
2023-12-16 10:01:34+00:00,0.00013708378987678003
2023-12-16 11:01:49+00:00,0.0001542462602282692
2023-12-16 12:02:10+00:00,0.00017527326459774423
2023-12-16 13:01:49+00:00,0.00017467575244119806
2023-12-16 14:02:06+00:00,0.00016597090161380346
2023-12-16 15:02:38+00:00,0.0001999855838956004
2023-12-16 16:04:06+00:00,0.0002388443383226749
2023-12-16 17:05:00+00:00,0.0002509755103353663
2023-12-16 18:03:40+00:00,0.0002669451833935731
2023-12-16 19:03:03+00:00,0.00028271882823181906
2023-12-16 20:03:09+00:00,0.00025949742962628217
2023-12-16 21:02:48+00:00,0.00028777575972050676
2023-12-16 22:02:11+00:00,0.0002942429470070649
2023-12-16 23:02:44+00:00,0.0002976967318927171
2023-12-17 00:01:41+00:00,0.00030458349804059366
2023-12-17 01:02:30+00:00,0.000310931914101963
2023-12-17 02:02:58+00:00,0.000315495345979755
2023-12-17 03:01:41+00:00,0.00030020083870806766
2023-12-17 04:01:22+00:00,0.0002934417865895853
2023-12-17 05:01:12+00:00,0.00030293991710419804
2023-12-17 06:01:53+00:00,0.00029584485275689073
2023-12-17 07:01:34+00:00,0.0002887257993778598
2023-12-17 08:00:58+00:00,0.00027395801692448756
2023-12-17 09:01:29+00:00,0.0002945166116910939
2023-12-17 10:01:38+00:00,0.0002915404425893957
2023-12-17 11:00:58+00:00,0.000292587094604756
2023-12-17 12:01:02+00:00,0.0002796066439103353
2023-12-17 13:01:02+00:00,0.00027512481194591314
2023-12-17 14:01:05+00:00,0.00026961145805949187
2023-12-17 15:02:41+00:00,0.0002982022940699089
2023-12-17 16:03:56+00:00,0.00033126786736488895
2023-12-17 17:03:36+00:00,0.0003235726058704037
2023-12-17 18:01:18+00:00,0.00032997914980253636
2023-12-17 19:01:51+00:00,0.0003235584098450631
2023-12-17 20:02:24+00:00,0.00031372803016217017
2023-12-17 21:05:04+00:00,0.00034616566314112914
2023-12-17 22:01:07+00:00,0.00033566473150203755
2023-12-17 23:02:19+00:00,0.0003062050347043188
2023-12-18 00:03:37+00:00,0.0002970291388103951
2023-12-18 01:00:02+00:00,0.00028314570340398355
2023-12-18 02:03:09+00:00,0.00023222937126795578
2023-12-18 03:02:02+00:00,0.00021928297856048013
2023-12-18 04:01:33+00:00,0.0002512539280064148
2023-12-18 05:01:07+00:00,0.0002898058427576015
2023-12-18 06:01:52+00:00,0.0003102928384453055
2023-12-18 07:02:42+00:00,0.0002916252020008913
2023-12-18 08:02:55+00:00,0.00024332694158240618
2023-12-18 09:02:36+00:00,0.0002938487940451644
2023-12-18 10:01:50+00:00,0.0002543765703522041
2023-12-18 11:00:47+00:00,0.00022888465244074737
2023-12-18 12:02:36+00:00,0.00023081052407155476
2023-12-18 13:01:59+00:00,0.0002240726778477832
2023-12-18 14:01:59+00:00,0.00020158390899217962
2023-12-18 15:03:02+00:00,0.00017433613006511927
2023-12-18 16:03:55+00:00,0.00014555267579052737
2023-12-18 17:03:37+00:00,0.00015229863313973258
2023-12-18 18:02:36+00:00,0.00017061307146573506
2023-12-18 19:03:45+00:00,0.00018133728850197635
2023-12-18 20:03:07+00:00,0.00019633135926329788
2023-12-18 21:03:26+00:00,0.00019379641438036987
2023-12-18 22:03:03+00:00,0.0002149070390555828
2023-12-18 23:02:56+00:00,0.00021230789055606532
2023-12-19 00:00:32+00:00,0.00021239321294113305
2023-12-19 01:02:04+00:00,0.00023921817702893505
2023-12-19 02:02:59+00:00,0.0002668458645386743
2023-12-19 03:04:17+00:00,0.00026657497498066326
2023-12-19 04:03:32+00:00,0.0002457719861319306
2023-12-19 05:02:35+00:00,0.0002379246148232551
2023-12-19 06:02:27+00:00,0.0002452515440012562
2023-12-19 07:02:31+00:00,0.0002587406698884813
2023-12-19 08:02:01+00:00,0.00026925130547022645
2023-12-19 09:02:04+00:00,0.0002622641258618495
2023-12-19 10:01:40+00:00,0.0002788989680811697
2023-12-19 11:01:53+00:00,0.00027680370593261493
2023-12-19 12:01:49+00:00,0.00026132936267584246
2023-12-19 13:02:58+00:00,0.00025257034630169454
2023-12-19 14:03:30+00:00,0.00023507435787147816
2023-12-19 15:02:56+00:00,0.00021593583673830768
2023-12-19 16:03:56+00:00,0.00023499198422715406
2023-12-19 17:04:07+00:00,0.00020284881797949335
2023-12-19 18:04:46+00:00,0.00019347118959765105
2023-12-19 19:03:09+00:00,0.0002214544236751688
2023-12-19 20:01:56+00:00,0.0002177439770795366
2023-12-19 21:02:11+00:00,0.0001996764669158178
2023-12-19 22:03:07+00:00,0.00021085221727456936
2023-12-19 23:01:58+00:00,0.00019501356803144703
2023-12-20 00:03:34+00:00,0.0001949130399530951
2023-12-20 01:03:32+00:00,0.0002083047362928156
2023-12-20 02:04:09+00:00,0.00019621534757069224
2023-12-20 03:00:54+00:00,0.0001854580808386916
2023-12-20 04:02:32+00:00,0.00019080056189232315
2023-12-20 05:01:42+00:00,0.0002325399317729148
2023-12-20 06:00:56+00:00,0.00023231405429789735
2023-12-20 07:01:52+00:00,0.00024073327334068442
2023-12-20 08:00:52+00:00,0.00026018059584537087
2023-12-20 09:01:24+00:00,0.00023300655017331954
2023-12-20 10:01:39+00:00,0.0002368361112423468
2023-12-20 11:01:31+00:00,0.00021720093008744662
2023-12-20 12:00:39+00:00,0.00021533184117319645
2023-12-20 13:00:51+00:00,0.00022581461297465342
2023-12-20 14:02:36+00:00,0.00023311269130350557
2023-12-20 15:04:01+00:00,0.0001975800626176814
2023-12-20 16:03:43+00:00,0.0002097094966039558
2023-12-20 17:04:58+00:00,0.00019363721054622648
2023-12-20 18:05:34+00:00,0.00016669847955372869
2023-12-20 19:02:22+00:00,0.00015356232822905458
2023-12-20 20:01:48+00:00,0.00014150336412465403
2023-12-20 21:02:12+00:00,0.00012562108082847217
2023-12-20 22:02:08+00:00,0.00013952247345159515
2023-12-20 23:01:54+00:00,0.00014899263436123346
2023-12-21 00:01:51+00:00,0.00013759245118397773
2023-12-21 01:01:54+00:00,0.00013823331700546355
2023-12-21 02:01:59+00:00,6.113661750808338e-05
2023-12-21 03:01:57+00:00,0.0001182418789497149
2023-12-21 04:01:54+00:00,0.00017002562472827215
2023-12-21 05:02:02+00:00,0.0001898683970847183
2023-12-21 06:01:59+00:00,0.00019888800658768313
2023-12-21 07:02:17+00:00,0.00021723741557432659
2023-12-21 08:01:48+00:00,0.00018821838260839804
2023-12-21 09:01:52+00:00,0.00020548933314620946
2023-12-21 10:01:40+00:00,0.00018632914618730903
2023-12-21 11:02:15+00:00,0.000210933363406332
2023-12-21 12:02:05+00:00,0.00022392643773297145
2023-12-21 13:02:01+00:00,0.00018877189557580756
2023-12-21 14:04:19+00:00,0.0001918884874475578
2023-12-21 15:02:23+00:00,0.00020253504489367864
2023-12-21 16:01:03+00:00,0.00022942744373874633
2023-12-21 17:01:12+00:00,0.0002103487621037459
2023-12-21 18:01:40+00:00,0.0002522034821671482
2023-12-21 19:01:18+00:00,0.0002824677931804696
2023-12-21 20:01:07+00:00,0.0002642755684756574
2023-12-21 21:01:14+00:00,0.00028184769804011703
2023-12-21 22:02:46+00:00,0.0002744746353739512
2023-12-21 23:00:49+00:00,0.00027631299486078356
2023-12-22 00:02:20+00:00,0.00026093492327426986
2023-12-22 01:01:05+00:00,0.00026342260297131256
2023-12-22 02:02:25+00:00,0.00020393873017012981
2023-12-22 03:01:39+00:00,0.00015664038576880806
2023-12-22 04:02:14+00:00,0.00014782364676002298
2023-12-22 05:02:30+00:00,4.937450074073224e-05
2023-12-22 06:01:53+00:00,3.0013949339770988e-05
2023-12-22 07:01:43+00:00,8.106882284483958e-05
2023-12-22 08:02:29+00:00,0.00012829543600168333
2023-12-22 09:01:49+00:00,0.00015160460352014524
2023-12-22 10:02:07+00:00,0.0001560673120987357
2023-12-22 11:03:36+00:00,0.0001571637078233661
2023-12-22 12:02:18+00:00,0.00015834924804151383
2023-12-22 13:02:14+00:00,0.00011178694765099614
2023-12-22 14:02:19+00:00,0.0001250543053959386
2023-12-22 15:02:19+00:00,0.00010173517264737067
2023-12-22 16:02:47+00:00,0.00010957618012743827
2023-12-22 17:02:19+00:00,0.00011778880658728912
2023-12-22 18:02:25+00:00,0.00014509115914362807
2023-12-22 19:02:21+00:00,0.000180385475325059
2023-12-22 20:02:09+00:00,0.00017030220293318024
2023-12-22 21:02:09+00:00,0.00018034267734809732
2023-12-22 22:02:23+00:00,0.0001680910657600841
2023-12-22 23:00:34+00:00,0.0001897359904704316
2023-12-23 00:02:22+00:00,0.00023805904484790097
2023-12-23 01:02:10+00:00,0.00022568487131068607
2023-12-23 02:02:28+00:00,0.0002328765742690605
2023-12-23 03:00:32+00:00,-1.5228891308517681e-05
2023-12-23 04:04:04+00:00,-5.534420347521975e-05
2023-12-23 05:00:32+00:00,-3.250934245119236e-05
2023-12-23 06:02:29+00:00,4.020566578393643e-06
2023-12-23 07:02:06+00:00,1.707082709398626e-05
2023-12-23 08:02:28+00:00,3.656094417507909e-05
2023-12-23 09:02:22+00:00,5.9367877721587796e-05
2023-12-23 10:00:38+00:00,6.380583818398267e-05
2023-12-23 11:00:56+00:00,9.002770356800192e-05
2023-12-23 12:00:09+00:00,7.391529125237298e-05
2023-12-23 13:01:39+00:00,3.2602200048495975e-05
2023-12-23 14:01:10+00:00,2.8849181279076237e-05
2023-12-23 15:01:21+00:00,2.65442746705789e-05
2023-12-23 16:01:39+00:00,3.270577758197335e-05
2023-12-23 17:01:36+00:00,4.275156775290812e-05
2023-12-23 18:00:15+00:00,3.7006858979020736e-05
2023-12-23 19:01:31+00:00,2.9231272693470284e-05
2023-12-23 20:01:32+00:00,-9.645337599528126e-06
2023-12-23 21:01:23+00:00,-8.483813268818539e-06
2023-12-23 22:01:20+00:00,-2.842363578787291e-06
2023-12-23 23:01:21+00:00,3.1661520355490832e-06
2023-12-24 00:01:36+00:00,1.5983574088677732e-05
2023-12-24 01:01:29+00:00,1.9825640611411876e-05
2023-12-24 02:01:40+00:00,-3.511710806771688e-05
2023-12-24 03:01:31+00:00,-3.909189394821225e-05
2023-12-24 04:01:22+00:00,1.5363783146246835e-05
2023-12-24 05:01:28+00:00,0.00012104037044150404
2023-12-24 06:01:20+00:00,0.00017429409199276147
2023-12-24 07:01:14+00:00,0.0002196795564493818
2023-12-24 08:01:35+00:00,0.000251058492920215
2023-12-24 09:01:24+00:00,0.00025644876015465016
2023-12-24 10:01:23+00:00,0.0002715019100150846
2023-12-24 11:01:16+00:00,0.0002533710649650942
2023-12-24 12:01:00+00:00,0.00026556881267005385
2023-12-24 13:01:02+00:00,0.0002647696554220597
2023-12-24 14:01:28+00:00,0.00022213158746588508
2023-12-24 15:01:27+00:00,0.00018786538040509455
2023-12-24 16:01:36+00:00,0.00020814143580896884
2023-12-24 17:01:22+00:00,0.00023172589010974528
2023-12-24 18:01:14+00:00,0.0001026131496833215
2023-12-24 19:01:33+00:00,4.969017718773895e-05
2023-12-24 20:02:50+00:00,4.140234026919983e-05
2023-12-24 21:01:24+00:00,6.150718067913376e-05
2023-12-24 22:01:35+00:00,3.7973677296729034e-05
2023-12-24 23:01:19+00:00,2.344400368998917e-05
2023-12-25 00:01:17+00:00,3.160611827192136e-05
2023-12-25 01:01:05+00:00,4.886305292911982e-05
2023-12-25 02:01:19+00:00,5.96409772869518e-05
2023-12-25 03:01:05+00:00,5.133856273073391e-05
2023-12-25 04:01:25+00:00,4.547979915278396e-05
2023-12-25 05:01:20+00:00,4.6148047049336594e-05
2023-12-25 06:01:12+00:00,5.643633600157935e-05
2023-12-25 07:01:11+00:00,5.42965922247529e-05
2023-12-25 08:01:01+00:00,5.845959963915586e-05
2023-12-25 09:01:30+00:00,6.0670501919551027e-05
2023-12-25 10:01:03+00:00,6.122984180607405e-05
2023-12-25 11:00:52+00:00,6.367099821159161e-05
2023-12-25 12:01:13+00:00,6.047846584103268e-05
2023-12-25 13:01:40+00:00,6.68045534050855e-05
2023-12-25 14:01:27+00:00,6.336486183582939e-05
2023-12-25 15:01:52+00:00,7.704589217256713e-05
2023-12-25 16:01:02+00:00,7.402010846314404e-05
2023-12-25 17:01:38+00:00,7.979473480484669e-05
2023-12-25 18:01:26+00:00,8.545581742521737e-05
2023-12-25 19:01:24+00:00,8.596403729225782e-05
2023-12-25 20:01:35+00:00,8.208158843335443e-05
2023-12-25 21:01:31+00:00,9.614140736661178e-05
2023-12-25 22:01:21+00:00,0.00011821933616747313
2023-12-25 23:01:17+00:00,0.00019992140453803698
2023-12-26 00:01:21+00:00,0.0002560329562982236
2023-12-26 01:01:28+00:00,0.0002554114086601427
2023-12-26 02:01:14+00:00,0.00027451287936652543
2023-12-26 03:01:39+00:00,0.0002837528650975765
2023-12-26 04:01:16+00:00,0.0002663611807636897
2023-12-26 05:01:12+00:00,0.00024755223774574914
2023-12-26 06:01:56+00:00,0.00022275079043666016
2023-12-26 07:01:56+00:00,0.00022379708024701669
2023-12-26 08:01:00+00:00,0.0002391678248164603
2023-12-26 09:01:24+00:00,0.0002173713925603769
2023-12-26 10:01:44+00:00,0.00022760959932833976
2023-12-26 11:01:16+00:00,0.0002308153067329243
2023-12-26 12:01:12+00:00,0.000235503863865155
2023-12-26 13:01:43+00:00,0.0001996225543736216
2023-12-26 14:01:01+00:00,0.00017886611942086224
2023-12-26 15:01:19+00:00,0.00017160930801717628
2023-12-26 16:01:38+00:00,0.00016442833301619043
2023-12-26 17:01:39+00:00,0.00018153192340949835
2023-12-26 18:01:03+00:00,0.00017707613376174972
2023-12-26 19:01:46+00:00,0.00022318937346171855
2023-12-26 20:00:21+00:00,0.0002496344125955035
2023-12-26 21:01:50+00:00,0.000252200734896352
2023-12-26 22:01:29+00:00,0.00024013558950820594
2023-12-26 23:02:49+00:00,0.0002473956708046457
2023-12-27 00:02:36+00:00,0.00023271788525784157
2023-12-27 01:02:29+00:00,0.00022997144054417255
2023-12-27 02:02:28+00:00,0.00022327410590722025
2023-12-27 03:03:05+00:00,0.00022428387241437298
2023-12-27 04:01:12+00:00,0.00017626677302113187
2023-12-27 05:01:29+00:00,0.0001571789786738427
2023-12-27 06:01:23+00:00,0.00013076430504998967
2023-12-27 07:01:05+00:00,0.00011872127968449962
2023-12-27 08:01:07+00:00,0.00011721599261893988
2023-12-27 09:01:12+00:00,0.00013883957551678628
2023-12-27 10:01:34+00:00,0.00021620656766291007
2023-12-27 11:01:33+00:00,0.0002623973207966124
2023-12-27 12:01:54+00:00,0.0002650862322941896
2023-12-27 13:02:11+00:00,0.0003033157566242194
2023-12-27 14:02:31+00:00,0.0003324658719601183
2023-12-27 15:02:35+00:00,0.00032709797727971466
2023-12-27 16:02:10+00:00,0.00030790206892819966
2023-12-27 17:01:35+00:00,0.00029453134125739995
2023-12-27 18:01:11+00:00,0.00030149234594438755
2023-12-27 19:02:55+00:00,0.00029338435866578825
2023-12-27 20:01:13+00:00,0.00029098088703091935
2023-12-27 21:02:29+00:00,0.000286570795658756
2023-12-27 22:02:12+00:00,0.0003165729148626599
2023-12-27 23:02:10+00:00,0.0004365949836084702
2023-12-28 00:01:11+00:00,0.0004854495237404096
2023-12-28 01:01:02+00:00,0.0004705908296448769
2023-12-28 02:01:14+00:00,0.00054775617629154
2023-12-28 03:01:27+00:00,0.0005178388643667743
2023-12-28 04:01:10+00:00,0.0004953819522101407
2023-12-28 05:01:19+00:00,0.0005261767517350796
2023-12-28 06:01:11+00:00,0.0005338131014396501
2023-12-28 07:01:28+00:00,0.0005194270168662351
2023-12-28 08:01:08+00:00,0.00044185424834688206
2023-12-28 09:01:18+00:00,0.00044554518882691205
2023-12-28 10:01:34+00:00,0.0003821731460819938
2023-12-28 11:01:18+00:00,0.00040497854501923337
2023-12-28 12:01:37+00:00,0.00037534975652940165
2023-12-28 13:00:54+00:00,0.00029344393304489314
2023-12-28 14:01:26+00:00,0.0003389322760905065
2023-12-28 15:01:17+00:00,0.0002480881813436722
2023-12-28 16:02:22+00:00,0.00025699708061353936
2023-12-28 17:02:44+00:00,0.0003031385183393313
2023-12-28 18:02:36+00:00,0.00029007497110791156
2023-12-28 19:02:29+00:00,0.00021119901995814405
2023-12-28 20:02:06+00:00,0.0002040510557030241
2023-12-28 21:02:05+00:00,0.0001852003163451284
2023-12-28 22:02:09+00:00,0.00015461742360059502
2023-12-28 23:02:11+00:00,0.0001096787935546143
2023-12-29 00:02:24+00:00,7.907418348430083e-05
2023-12-29 01:01:13+00:00,6.941100995467779e-05
2023-12-29 02:02:05+00:00,2.5431725297106487e-05
2023-12-29 03:01:56+00:00,-4.806205576670751e-05
2023-12-29 04:02:03+00:00,-4.526588813009644e-05
2023-12-29 05:01:26+00:00,-2.9030527641264924e-05
2023-12-29 06:02:06+00:00,-2.6883315059782113e-05
2023-12-29 07:01:43+00:00,-1.4091259040292512e-05
2023-12-29 08:02:17+00:00,1.3812474781115345e-05
2023-12-29 09:01:50+00:00,3.5789923845920783e-05
2023-12-29 10:02:01+00:00,5.5251544141362845e-05
2023-12-29 11:02:02+00:00,7.090625629897648e-05
2023-12-29 12:00:25+00:00,8.410952476150945e-05
2023-12-29 13:02:19+00:00,7.95828549156233e-05
2023-12-29 14:01:55+00:00,7.956860055137341e-05
2023-12-29 15:02:07+00:00,8.7498251127048e-05
2023-12-29 16:02:58+00:00,8.88918647371065e-05
2023-12-29 17:02:16+00:00,8.80451464180982e-05
2023-12-29 18:02:08+00:00,9.75852908547627e-05
2023-12-29 19:02:01+00:00,0.00012888673035770757
2023-12-29 20:02:18+00:00,0.00012013384343368052
2023-12-29 21:02:02+00:00,0.00012900964760089657
2023-12-29 22:02:23+00:00,0.00021663768741369662
2023-12-29 23:01:58+00:00,0.00023620870087154297
2023-12-30 00:01:43+00:00,0.000251167095537305
2023-12-30 01:01:57+00:00,0.00024601161359735264
2023-12-30 02:01:48+00:00,0.00023019210235014498
2023-12-30 03:03:23+00:00,0.00023494528216726546
2023-12-30 04:02:03+00:00,0.0002247698901501076
2023-12-30 05:01:53+00:00,0.0002504088525267568
2023-12-30 06:01:40+00:00,0.0002462426563135246
2023-12-30 07:01:39+00:00,0.0002297914767666155
2023-12-30 08:01:18+00:00,0.00022650881750974506
2023-12-30 09:01:54+00:00,0.00022665470473112953
2023-12-30 10:01:51+00:00,0.00021769617533871053
2023-12-30 11:01:35+00:00,0.00024488510441904863
2023-12-30 12:01:39+00:00,0.00023045770959154673
2023-12-30 13:00:56+00:00,0.0002383799549076318
2023-12-30 14:01:56+00:00,0.00019640860559483802
2023-12-30 15:01:53+00:00,0.00019637426848366445
2023-12-30 16:01:55+00:00,0.0001865612111698331
2023-12-30 17:02:02+00:00,0.0001812829153430376
2023-12-30 18:01:58+00:00,0.00019430689914030935
2023-12-30 19:02:05+00:00,0.00019825938533772947
2023-12-30 20:02:01+00:00,0.00021033024228394838
2023-12-30 21:01:58+00:00,0.00021030765988341735
2023-12-30 22:01:44+00:00,0.00021578173023816167
2023-12-30 23:02:13+00:00,0.00020536895187777852
2023-12-31 00:01:57+00:00,0.00023917212443332566
2023-12-31 01:01:51+00:00,0.00023675572302972234
2023-12-31 02:01:56+00:00,0.00021761868745315513
2023-12-31 03:01:44+00:00,0.00021215590699913788
2023-12-31 04:01:57+00:00,0.00019801042603700018
2023-12-31 05:01:36+00:00,0.00021475597157956624
2023-12-31 06:01:44+00:00,0.00021891270207588276
2023-12-31 07:01:39+00:00,0.00022051533229743413
2023-12-31 08:02:01+00:00,0.00022431198939453376
2023-12-31 09:01:51+00:00,0.00020334117314013065
2023-12-31 10:01:39+00:00,0.00022620502520928336
2023-12-31 11:01:41+00:00,0.00023833579142599812
2023-12-31 12:01:44+00:00,0.00022239481797774405
2023-12-31 13:01:44+00:00,0.0002405011735944052
2023-12-31 14:01:51+00:00,0.000281435190313984
2023-12-31 15:02:02+00:00,0.00032645920315333305
2023-12-31 16:00:17+00:00,0.0003165061524995467
2023-12-31 17:00:29+00:00,0.00032793582192524305
2023-12-31 18:02:40+00:00,0.00031423044234809775
2023-12-31 19:01:44+00:00,0.000321159060468459
2023-12-31 20:01:54+00:00,0.0004063876498673934
2023-12-31 21:01:39+00:00,0.00042247611396745903
2023-12-31 22:01:54+00:00,0.00046374044483432495
2023-12-31 23:01:57+00:00,0.000426128359726498
2024-01-01 00:02:06+00:00,0.00034635097151028806
2024-01-01 01:01:37+00:00,0.00037468232963406715
2024-01-01 02:01:47+00:00,0.0004338288551245348
2024-01-01 03:01:40+00:00,0.0004592666235313915
2024-01-01 04:01:58+00:00,0.0004698055745020012
2024-01-01 05:00:31+00:00,0.00039062965314141295
2024-01-01 06:01:41+00:00,0.00039721453858165357
2024-01-01 07:01:41+00:00,0.0004072527993419012
2024-01-01 08:01:45+00:00,0.0003972789581283816
2024-01-01 09:01:48+00:00,0.0003922272664559047
2024-01-01 10:02:00+00:00,0.00038037226897487175
2024-01-01 11:01:56+00:00,0.0003783390930987538
2024-01-01 12:01:47+00:00,0.00030504434966103865
2024-01-01 13:01:51+00:00,0.00022518162375180436
2024-01-01 14:01:57+00:00,0.00023078636416401722
2024-01-01 15:01:54+00:00,0.00020023913519138362
2024-01-01 16:02:08+00:00,0.0002050390840798677
2024-01-01 17:02:09+00:00,0.00020406274832621558
2024-01-01 18:02:15+00:00,0.00018999880198766669
2024-01-01 19:02:09+00:00,0.00022074283925286779
2024-01-01 20:01:58+00:00,0.00021307221790203235
2024-01-01 21:02:27+00:00,0.0001924007097440816
2024-01-01 22:02:22+00:00,0.00017435680578720228
2024-01-01 23:02:23+00:00,0.00017055765694247522
2024-01-02 00:02:15+00:00,0.00017046971598409251
2024-01-02 01:01:35+00:00,0.00020041543459161095
2024-01-02 02:02:37+00:00,0.00021433890774982434
2024-01-02 03:02:19+00:00,0.00023554138855797144
2024-01-02 04:02:48+00:00,0.0002330724822545461
2024-01-02 05:02:19+00:00,0.00025650053004536296
2024-01-02 06:02:26+00:00,0.00025579610963459494
2024-01-02 07:02:17+00:00,0.00029273847560672774
2024-01-02 08:02:15+00:00,0.00027784457120584826
2024-01-02 09:02:26+00:00,0.00028471674695043696
2024-01-02 10:02:15+00:00,0.00026976588784206673
2024-01-02 11:02:30+00:00,0.00028680038367910816
2024-01-02 12:00:03+00:00,0.00026493999211634714
2024-01-02 13:02:24+00:00,3.471991210304851e-05
2024-01-02 14:02:31+00:00,2.785743829400007e-05
2024-01-02 15:02:35+00:00,4.4454256757032246e-05
2024-01-02 16:02:52+00:00,3.7997716911905745e-05
2024-01-02 17:00:50+00:00,3.1144718280775216e-05
2024-01-02 18:02:33+00:00,2.8075902092465473e-05
2024-01-02 19:02:24+00:00,2.939505557763854e-05
2024-01-02 20:02:30+00:00,4.1239693771870095e-05
2024-01-02 21:02:22+00:00,4.933667299597214e-05
2024-01-02 22:02:26+00:00,4.8158224969630634e-05
2024-01-02 23:02:16+00:00,4.7594170423834054e-05
2024-01-03 00:02:10+00:00,5.3945920363097115e-05
2024-01-03 01:02:09+00:00,7.301688725588944e-05
2024-01-03 02:02:04+00:00,8.742054066555829e-05
2024-01-03 03:02:00+00:00,9.17390369400562e-05
2024-01-03 04:02:13+00:00,9.608005705578742e-05
2024-01-03 05:02:16+00:00,0.00010425028337901618
2024-01-03 06:03:29+00:00,0.00011291988526999923
2024-01-03 07:02:18+00:00,0.00010439948754987597
2024-01-03 08:02:18+00:00,0.00012433612306110851
2024-01-03 09:02:24+00:00,0.00014474292931185087
2024-01-03 10:02:08+00:00,0.00013854234641475684
2024-01-03 11:02:12+00:00,0.00010085121015615139
2024-01-03 12:01:13+00:00,-5.0809608338827366e-05
2024-01-03 13:00:02+00:00,-0.00019064650018454696
2024-01-03 14:02:17+00:00,-0.00012508099990497914
2024-01-03 15:02:22+00:00,-6.258081020445618e-05
2024-01-03 16:01:58+00:00,-4.0231255001068284e-05
2024-01-03 17:01:31+00:00,0.00014363249839089332
2024-01-03 18:01:13+00:00,0.00023499754740161283
2024-01-03 19:01:28+00:00,0.00023271409687200805
2024-01-03 20:02:25+00:00,0.00023636628417428486
2024-01-03 21:00:50+00:00,0.00024128984327934842
2024-01-03 22:01:15+00:00,0.00016707134641363237
2024-01-03 23:02:09+00:00,0.00012919792609454966
2024-01-04 00:02:00+00:00,0.00012116908260303137
2024-01-04 01:02:11+00:00,9.849390603601616e-05
2024-01-04 02:02:14+00:00,9.345597262098938e-05
2024-01-04 03:01:50+00:00,0.00011824332994020684
2024-01-04 04:02:19+00:00,9.667488981145063e-05
2024-01-04 05:01:50+00:00,0.0001024358287802027
2024-01-04 06:01:56+00:00,7.293221478791038e-05
2024-01-04 07:01:53+00:00,4.98318490006523e-05
2024-01-04 08:01:50+00:00,6.634667426846576e-05
2024-01-04 09:01:56+00:00,0.00013094926013494933
2024-01-04 10:02:01+00:00,0.00014280195343055173
2024-01-04 11:01:51+00:00,0.0001492778490314635
2024-01-04 12:03:42+00:00,0.00014512677721282232
2024-01-04 13:02:05+00:00,0.00013646008894437943
2024-01-04 14:02:12+00:00,0.00018778500164157603
2024-01-04 15:01:15+00:00,0.000230856105213557
2024-01-04 16:01:47+00:00,0.00024358792917555957
2024-01-04 17:01:52+00:00,0.00022241493708633023
2024-01-04 18:00:28+00:00,0.00023517095861335158
2024-01-04 19:01:08+00:00,0.000225625532198124
2024-01-04 20:02:12+00:00,0.0002263975848667608
2024-01-04 21:01:57+00:00,0.00021282646920875426
2024-01-04 22:02:01+00:00,0.00018138687309248434
2024-01-04 23:02:13+00:00,0.00018989039520668575
2024-01-05 00:01:58+00:00,0.00019019002724271237
2024-01-05 01:01:47+00:00,0.00017883290480093722
2024-01-05 02:00:46+00:00,0.0001754952648232989
2024-01-05 03:01:53+00:00,0.0001681915398156153
2024-01-05 04:01:50+00:00,0.00019070359374804218
2024-01-05 05:01:54+00:00,0.0002327321824109815
2024-01-05 06:01:50+00:00,0.0002665818569899122
2024-01-05 07:00:46+00:00,0.0002630907176901876
2024-01-05 08:01:57+00:00,0.00012728278703178948
2024-01-05 09:02:29+00:00,6.468774332745703e-05
2024-01-05 10:01:53+00:00,5.337771186100661e-05
2024-01-05 11:01:31+00:00,6.496857775539628e-05
2024-01-05 12:01:50+00:00,0.00012057642483886551
2024-01-05 13:01:57+00:00,0.00013050250421445082
2024-01-05 14:02:18+00:00,0.00013216828548406133
2024-01-05 15:02:01+00:00,0.00011603404622679817
2024-01-05 16:01:50+00:00,0.0001560466224385683
2024-01-05 17:02:56+00:00,0.00014685001588495518
2024-01-05 18:02:02+00:00,0.00018585193533598803
2024-01-05 19:01:46+00:00,0.00019445307060857037
2024-01-05 20:02:02+00:00,0.00018167994880406065
2024-01-05 21:02:02+00:00,0.00019205728866900266
2024-01-05 22:02:00+00:00,0.00018223063902047615
2024-01-05 23:01:32+00:00,0.00017349375906383266
2024-01-06 00:01:14+00:00,0.0001960032698715842
2024-01-06 01:01:08+00:00,0.00018189237132892178
2024-01-06 02:01:13+00:00,0.00018099412003328493
2024-01-06 03:01:19+00:00,0.00018747042377722172
2024-01-06 04:01:08+00:00,0.00017704015326054182
2024-01-06 05:00:29+00:00,0.0001860239165907539
2024-01-06 06:01:11+00:00,0.00016915104512667947
2024-01-06 07:00:47+00:00,0.00011554343219804184
2024-01-06 08:01:13+00:00,-2.4893869075829606e-05
2024-01-06 09:01:11+00:00,-5.5330912365205996e-05
2024-01-06 10:01:05+00:00,-6.141635130399625e-05
2024-01-06 11:01:05+00:00,-6.22951028191811e-05
2024-01-06 12:01:17+00:00,-1.7859038214911958e-05
2024-01-06 13:01:10+00:00,2.6420036017279014e-05
2024-01-06 14:01:12+00:00,3.676736556593875e-05
2024-01-06 15:01:24+00:00,5.3288365295552076e-05
2024-01-06 16:01:15+00:00,4.5000514099387304e-05
2024-01-06 17:01:13+00:00,4.299172302620852e-05
2024-01-06 18:01:11+00:00,4.2970794941316566e-05
2024-01-06 19:00:59+00:00,4.321392476895044e-05
2024-01-06 20:01:15+00:00,4.6415065545725343e-05
2024-01-06 21:01:14+00:00,4.8690620628877774e-05
2024-01-06 22:01:21+00:00,4.7801107262311946e-05
2024-01-06 23:01:12+00:00,5.314298193732005e-05
2024-01-07 00:01:11+00:00,5.572403064256328e-05
2024-01-07 01:01:26+00:00,6.844293709509944e-05
2024-01-07 02:01:12+00:00,5.690268989237879e-05
2024-01-07 03:01:10+00:00,5.459687796612447e-05
2024-01-07 04:01:17+00:00,5.867753273965814e-05
2024-01-07 05:01:04+00:00,6.145647253572878e-05
2024-01-07 06:01:11+00:00,7.122499824156137e-05
2024-01-07 07:01:09+00:00,7.564311190109025e-05
2024-01-07 08:01:17+00:00,7.935215262844854e-05
2024-01-07 09:01:07+00:00,7.695430490320264e-05
2024-01-07 10:01:07+00:00,7.737573724526337e-05
2024-01-07 11:01:07+00:00,8.736570443003694e-05
2024-01-07 12:01:30+00:00,7.98296792297578e-05
2024-01-07 13:01:17+00:00,8.285717282381106e-05
2024-01-07 14:01:18+00:00,8.234448725889999e-05
2024-01-07 15:01:12+00:00,7.440787153974885e-05
2024-01-07 16:00:10+00:00,7.463134496554869e-05
2024-01-07 17:01:00+00:00,7.268118899061231e-05
2024-01-07 18:01:20+00:00,8.150152919018031e-05
2024-01-07 19:01:12+00:00,5.4064613141812234e-05
2024-01-07 20:01:44+00:00,3.974562211110432e-05
2024-01-07 21:01:17+00:00,3.544420571667587e-05
2024-01-07 22:01:23+00:00,3.600289402104712e-05
2024-01-07 23:00:47+00:00,5.779270435425082e-05
2024-01-08 00:01:08+00:00,6.985303631726792e-05
2024-01-08 01:01:08+00:00,7.461075017814768e-05
2024-01-08 02:01:24+00:00,9.379881205793333e-05
2024-01-08 03:01:07+00:00,7.83429443023327e-05
2024-01-08 04:01:30+00:00,6.755670136538869e-05
2024-01-08 05:01:21+00:00,8.268099927391892e-05
2024-01-08 06:01:14+00:00,7.32496471214502e-05
2024-01-08 07:01:17+00:00,6.254612965000779e-05
2024-01-08 08:01:10+00:00,5.113655626312315e-05
2024-01-08 09:01:06+00:00,4.0766406963772295e-05
2024-01-08 10:01:15+00:00,3.688586435166479e-05
2024-01-08 11:01:22+00:00,4.146600857240983e-05
2024-01-08 12:01:14+00:00,3.916802214864395e-05
2024-01-08 13:01:31+00:00,4.588966347806307e-05
2024-01-08 14:01:09+00:00,2.4019007394854187e-05
2024-01-08 15:01:18+00:00,1.87292094773797e-05
2024-01-08 16:01:25+00:00,1.9522486958901158e-05
2024-01-08 17:00:02+00:00,2.7127882436264264e-05
2024-01-08 18:02:46+00:00,4.080792872661601e-05
2024-01-08 19:01:00+00:00,5.681263621833854e-05
2024-01-08 20:01:27+00:00,5.265141139153664e-05
2024-01-08 21:01:10+00:00,4.830821787120672e-05
2024-01-08 22:01:11+00:00,4.9312404402681974e-05
2024-01-08 23:01:25+00:00,4.4131094031927184e-05
2024-01-09 00:01:22+00:00,3.3587190690954416e-05
2024-01-09 01:01:08+00:00,2.9132037917487717e-05
2024-01-09 02:01:29+00:00,2.7185977356898275e-05
2024-01-09 03:01:05+00:00,2.515706287722718e-05
2024-01-09 04:01:09+00:00,2.9026646219105777e-05
2024-01-09 05:01:07+00:00,3.823208530002017e-05
2024-01-09 06:01:25+00:00,4.3067876409830436e-05
2024-01-09 07:01:14+00:00,4.742998860326364e-05
2024-01-09 08:02:31+00:00,4.6030204581931594e-05
2024-01-09 09:01:06+00:00,4.660077144065126e-05
2024-01-09 10:01:20+00:00,4.4871160678149034e-05
2024-01-09 11:01:13+00:00,5.81444758286506e-05
2024-01-09 12:01:22+00:00,6.292837738068374e-05
2024-01-09 13:01:42+00:00,5.742624557305255e-05
2024-01-09 14:01:15+00:00,6.695935850147997e-05
2024-01-09 15:02:44+00:00,6.374367216374319e-05
2024-01-09 16:01:14+00:00,8.277559005847214e-05
2024-01-09 17:01:28+00:00,7.427328677683688e-05
2024-01-09 18:01:31+00:00,8.853462996166655e-05
2024-01-09 19:00:03+00:00,8.899971694114575e-05
2024-01-09 20:01:18+00:00,6.039070594348408e-05
2024-01-09 21:01:16+00:00,5.1811291014551936e-05
2024-01-09 22:01:23+00:00,6.378732545048612e-05
2024-01-09 23:01:09+00:00,5.989988864297648e-05
2024-01-10 00:01:31+00:00,5.0127574173073436e-05
2024-01-10 01:01:18+00:00,6.215520910404524e-05
2024-01-10 02:01:07+00:00,4.992049609796199e-05
2024-01-10 03:01:25+00:00,5.662486182238988e-05
2024-01-10 04:01:18+00:00,6.013771324855913e-05
2024-01-10 05:02:29+00:00,5.755079710190546e-05
2024-01-10 06:02:36+00:00,6.120294510083249e-05
2024-01-10 07:02:44+00:00,5.871381579881423e-05
2024-01-10 08:02:43+00:00,5.5476365408305924e-05
2024-01-10 09:02:27+00:00,5.502138708552356e-05
2024-01-10 10:02:36+00:00,8.384312891334669e-05
2024-01-10 11:02:24+00:00,6.894744487647579e-05
2024-01-10 12:02:31+00:00,3.8931394370517115e-05
2024-01-10 13:02:21+00:00,2.2702886957036373e-06
2024-01-10 14:02:36+00:00,1.1555818005003579e-06
2024-01-10 15:02:18+00:00,4.699655951253694e-06
2024-01-10 16:02:21+00:00,-2.0858563946559087e-06
2024-01-10 17:02:33+00:00,2.6361964900588615e-05
2024-01-10 18:02:31+00:00,4.7040475544870995e-05
2024-01-10 19:02:38+00:00,4.184341218771042e-05
2024-01-10 20:02:20+00:00,5.5036973212883816e-05
2024-01-10 21:02:16+00:00,4.096284687607365e-05
2024-01-10 22:05:37+00:00,5.9657880740297555e-05
2024-01-10 23:01:37+00:00,6.988603663289904e-05
2024-01-11 00:02:38+00:00,8.87583390925563e-05
2024-01-11 01:02:19+00:00,9.694278933683576e-05
2024-01-11 02:02:39+00:00,0.00010049983527501846
2024-01-11 03:02:50+00:00,0.00010844896997708558
2024-01-11 04:02:46+00:00,0.00010220612922110706
2024-01-11 05:02:37+00:00,0.00010543085073778249
2024-01-11 06:02:48+00:00,0.00012118975899359032
2024-01-11 07:02:42+00:00,0.00018523431555538634
2024-01-11 08:02:12+00:00,0.00020574333469253355
2024-01-11 09:02:46+00:00,0.000206260469460121
2024-01-11 10:02:47+00:00,0.00021433632041398452
2024-01-11 11:02:28+00:00,0.000211083835062005
2024-01-11 12:02:40+00:00,0.00022399375968063537
2024-01-11 13:02:51+00:00,0.00022354022736071114
2024-01-11 14:02:21+00:00,0.00019661626708160896
2024-01-11 15:02:00+00:00,0.00018730625236238109
2024-01-11 16:02:22+00:00,0.00016528402899356972
2024-01-11 17:02:57+00:00,0.0001398161314158496
2024-01-11 18:02:44+00:00,0.00015857411212577546
2024-01-11 19:01:48+00:00,0.00015527629240503794
2024-01-11 20:01:39+00:00,0.00014353902954814142
2024-01-11 21:00:50+00:00,0.00011957138542834798
2024-01-11 22:01:51+00:00,9.819855748323108e-05
2024-01-11 23:01:42+00:00,8.950519079888647e-05
2024-01-12 00:03:33+00:00,8.780470592535605e-05
2024-01-12 01:02:16+00:00,5.5147898279517825e-05
2024-01-12 02:03:11+00:00,4.360660947915339e-05
2024-01-12 03:03:01+00:00,4.09626980207625e-05
2024-01-12 04:03:05+00:00,4.4614722518156344e-05
2024-01-12 05:03:07+00:00,4.998981211545118e-05
2024-01-12 06:03:19+00:00,5.843460341697643e-05
2024-01-12 07:03:03+00:00,5.3700722069676604e-05
2024-01-12 08:03:00+00:00,5.044219625262992e-05
2024-01-12 09:03:00+00:00,4.892188232430709e-05
2024-01-12 10:03:05+00:00,6.134210792361168e-05
2024-01-12 11:01:10+00:00,9.231901169006878e-05
2024-01-12 12:02:23+00:00,0.00011623157564389105
2024-01-12 13:02:44+00:00,0.00012070007591354812
2024-01-12 14:02:50+00:00,0.00014375127825540525
2024-01-12 15:02:28+00:00,0.0001343925979017669
2024-01-12 16:02:53+00:00,8.452886735348085e-05
2024-01-12 17:02:50+00:00,5.384788484162079e-05
2024-01-12 18:03:07+00:00,5.088541876616209e-05
2024-01-12 19:01:35+00:00,6.442644794950229e-05
2024-01-12 20:01:50+00:00,6.843477754753252e-05
2024-01-12 21:01:29+00:00,6.761100140582714e-05
2024-01-12 22:01:43+00:00,5.030766462099711e-05
2024-01-12 23:01:51+00:00,3.8171633966497474e-05
2024-01-13 00:01:29+00:00,5.600012345574535e-05
2024-01-13 01:02:05+00:00,4.605596192957767e-05
2024-01-13 02:00:55+00:00,4.621273960247965e-05
2024-01-13 03:02:00+00:00,6.316151006609434e-05
2024-01-13 04:01:58+00:00,5.803308752941522e-05
2024-01-13 05:01:56+00:00,6.120642514286446e-05
2024-01-13 06:02:14+00:00,6.676626904745138e-05
2024-01-13 07:01:55+00:00,6.164323451830939e-05
2024-01-13 08:01:58+00:00,6.065926618347365e-05
2024-01-13 09:01:52+00:00,6.02036203903987e-05
2024-01-13 10:01:37+00:00,6.204261636723934e-05
2024-01-13 11:01:53+00:00,8.89391313435201e-05
2024-01-13 12:00:01+00:00,0.0001074230123006195
2024-01-13 13:01:54+00:00,0.00010504402613976537
2024-01-13 14:02:05+00:00,9.03524168989094e-05
2024-01-13 15:01:58+00:00,8.561124098006097e-05
2024-01-13 16:02:04+00:00,9.76103275437158e-05
2024-01-13 17:01:59+00:00,9.2356357003498e-05
2024-01-13 18:01:53+00:00,9.734463742613521e-05
2024-01-13 19:02:25+00:00,9.640699760576237e-05
2024-01-13 20:02:02+00:00,9.477083778507604e-05
2024-01-13 21:02:13+00:00,9.785825448941573e-05
2024-01-13 22:01:57+00:00,0.00011396239787611003
2024-01-13 23:02:12+00:00,0.00011518436109566426
2024-01-14 00:02:13+00:00,0.00011584650817751109
2024-01-14 01:02:08+00:00,0.00011705055044236088
2024-01-14 02:02:06+00:00,0.00011614026765361807
2024-01-14 03:02:10+00:00,0.00010070457225348419
2024-01-14 04:01:50+00:00,9.54481462607583e-05
2024-01-14 05:02:48+00:00,0.00010533794522344122
2024-01-14 06:01:10+00:00,0.00011677930020108522
2024-01-14 07:02:43+00:00,0.00010879576780779776
2024-01-14 08:03:15+00:00,8.816023244804137e-05
2024-01-14 09:03:04+00:00,8.033725261507694e-05
2024-01-14 10:02:48+00:00,7.829508463309207e-05
2024-01-14 11:02:36+00:00,5.649797897712684e-05
2024-01-14 12:03:07+00:00,4.413295042365333e-05
2024-01-14 13:02:33+00:00,4.567029657016073e-05
2024-01-14 14:02:42+00:00,5.2533560298428286e-05
2024-01-14 15:03:23+00:00,4.351868519346991e-05
2024-01-14 16:03:31+00:00,5.340786610006285e-05
2024-01-14 17:02:57+00:00,9.517339590517837e-05
2024-01-14 18:03:01+00:00,0.00013097826953121697
2024-01-14 19:03:41+00:00,0.00012086539756353005
2024-01-14 20:03:14+00:00,0.00010433241555678914
2024-01-14 21:02:51+00:00,0.00010768873678074091
2024-01-14 22:02:48+00:00,9.662972822246304e-05
2024-01-14 23:03:07+00:00,9.20703266727e-05
2024-01-15 00:02:52+00:00,8.588739511680833e-05
2024-01-15 01:03:19+00:00,0.0001108823323883422
2024-01-15 02:03:12+00:00,0.00011665293667984533
2024-01-15 03:03:10+00:00,0.00011921047432585978
2024-01-15 04:02:37+00:00,0.00011803621049059063
2024-01-15 05:03:03+00:00,9.292832704138315e-05
2024-01-15 06:03:18+00:00,7.530428301604012e-05
2024-01-15 07:03:21+00:00,6.199542123214288e-05
2024-01-15 08:02:52+00:00,5.620773206498828e-05
2024-01-15 09:02:58+00:00,6.826588113485872e-05
2024-01-15 10:03:09+00:00,7.557673362843649e-05
2024-01-15 11:02:46+00:00,8.911210736711314e-05
2024-01-15 12:03:09+00:00,7.110089153517134e-05
2024-01-15 13:02:52+00:00,4.00350544865184e-05
2024-01-15 14:00:44+00:00,2.0992219494963066e-05
2024-01-15 15:03:01+00:00,3.421981560553589e-05
2024-01-15 16:03:07+00:00,4.394982405955625e-05
2024-01-15 17:03:12+00:00,5.077030807776029e-05
2024-01-15 18:03:14+00:00,6.409573158564428e-05
2024-01-15 19:03:16+00:00,6.620107128008842e-05
2024-01-15 20:00:00+00:00,4.099318824590431e-05
2024-01-15 21:03:32+00:00,2.8236906440696765e-05
2024-01-15 22:02:46+00:00,2.6154940510630995e-05
2024-01-15 23:03:07+00:00,2.0584103593779322e-05
2024-01-16 00:03:20+00:00,1.526074195911772e-05
2024-01-16 01:03:35+00:00,-4.424230042001131e-06
2024-01-16 02:03:10+00:00,-6.036620858832869e-06
2024-01-16 03:03:06+00:00,-4.91753725354796e-06
2024-01-16 04:02:57+00:00,-6.031912033081571e-06
2024-01-16 05:02:39+00:00,-6.028814071946487e-06
2024-01-16 06:03:02+00:00,-3.886147705052946e-06
2024-01-16 07:02:58+00:00,1.4973518546547526e-06
2024-01-16 08:01:53+00:00,8.914608656542516e-06
2024-01-16 09:02:48+00:00,6.897898722039447e-05
2024-01-16 10:03:01+00:00,8.973830237784832e-05
2024-01-16 11:01:56+00:00,9.722550230866014e-05
2024-01-16 12:02:28+00:00,8.756947282907823e-05
2024-01-16 13:02:59+00:00,6.782920879659803e-05
2024-01-16 14:03:08+00:00,5.689734861414187e-05
2024-01-16 15:00:24+00:00,5.6182258317144075e-05
2024-01-16 16:02:11+00:00,4.904865074054732e-05
2024-01-16 17:03:05+00:00,3.532608334712508e-05
2024-01-16 18:02:59+00:00,2.9221332617008284e-05
2024-01-16 19:03:05+00:00,3.0447409385422014e-05
2024-01-16 20:01:45+00:00,3.4698033066280405e-05
2024-01-16 21:03:16+00:00,7.605894158656385e-06
2024-01-16 22:02:58+00:00,1.582412571459456e-06
2024-01-16 23:02:39+00:00,3.938000641869543e-06
2024-01-17 00:03:12+00:00,9.706984948293502e-06
2024-01-17 01:02:19+00:00,3.3374884643417286e-05
2024-01-17 02:03:35+00:00,5.255815189555681e-05
2024-01-17 03:02:37+00:00,5.282420132849344e-05
2024-01-17 04:00:50+00:00,4.2399046375197605e-05
2024-01-17 05:03:26+00:00,3.763661965634156e-05
2024-01-17 06:03:28+00:00,3.308764777679103e-05
2024-01-17 07:03:04+00:00,7.884581335354142e-06
2024-01-17 08:02:07+00:00,-3.131201947407549e-06
2024-01-17 09:03:03+00:00,-1.3272652684704861e-05
2024-01-17 10:03:09+00:00,-1.0940970019160394e-05
2024-01-17 11:03:30+00:00,-1.2076776764237618e-05
2024-01-17 12:03:20+00:00,8.931425961980455e-06
2024-01-17 13:01:16+00:00,1.5208417293693245e-05
2024-01-17 14:03:03+00:00,8.379470683451383e-06
2024-01-17 15:00:49+00:00,3.5851821725029602e-06
2024-01-17 16:03:21+00:00,1.1212769102023974e-05
2024-01-17 17:04:29+00:00,9.67667019005166e-06
2024-01-17 18:03:26+00:00,1.0520707844580468e-05
2024-01-17 19:03:39+00:00,-3.0009385125669754e-06
2024-01-17 20:03:27+00:00,-5.0199015656427325e-06
2024-01-17 21:00:51+00:00,-5.785344710227458e-06
2024-01-17 22:03:11+00:00,-1.3691742470930904e-05
2024-01-17 23:03:37+00:00,-1.4450344935086762e-05
2024-01-18 00:01:46+00:00,-1.4867217953568398e-06
2024-01-18 01:03:26+00:00,7.427190131419505e-06
2024-01-18 02:03:20+00:00,9.83272725213962e-06
2024-01-18 03:03:17+00:00,1.4172337436247952e-05
2024-01-18 04:03:24+00:00,2.7488372711813074e-05
2024-01-18 05:01:01+00:00,4.844474812805076e-05
2024-01-18 06:05:41+00:00,7.379179769184915e-05
2024-01-18 07:02:15+00:00,6.514650867189256e-05
2024-01-18 08:02:06+00:00,7.787850618803844e-05
2024-01-18 09:02:06+00:00,6.458560823483773e-05
2024-01-18 10:02:22+00:00,6.661266357362433e-05
2024-01-18 11:02:04+00:00,5.181939395936832e-05
2024-01-18 12:02:06+00:00,5.154781029709584e-05
2024-01-18 13:02:44+00:00,6.85271603086356e-05
2024-01-18 14:02:26+00:00,8.086269888995646e-05
2024-01-18 15:01:50+00:00,8.686023438111658e-05
2024-01-18 16:02:23+00:00,8.5306636462139e-05
2024-01-18 17:02:28+00:00,4.237853818910152e-05
2024-01-18 18:01:19+00:00,5.049517359889544e-05
2024-01-18 19:03:09+00:00,4.882672228476793e-05
2024-01-18 20:06:53+00:00,3.934104406775367e-05
2024-01-18 21:01:41+00:00,4.153272183180748e-05
2024-01-18 22:02:22+00:00,6.458385391555594e-05
2024-01-18 23:02:11+00:00,5.6990988744033196e-05
2024-01-19 00:02:06+00:00,5.7022569936563016e-05
2024-01-19 01:02:31+00:00,5.466898752689006e-05
2024-01-19 02:02:02+00:00,5.181967397562183e-05
2024-01-19 03:01:56+00:00,5.1515786786349936e-05
2024-01-19 04:02:13+00:00,6.680767092863508e-05
2024-01-19 05:02:06+00:00,6.313331446170907e-05
2024-01-19 06:01:53+00:00,6.0926859863763016e-05
2024-01-19 07:01:55+00:00,5.4114022236064224e-05
2024-01-19 08:01:51+00:00,3.212869881217343e-05
2024-01-19 09:01:52+00:00,2.7344340440272694e-05
2024-01-19 10:01:44+00:00,3.672940473192939e-05
2024-01-19 11:02:01+00:00,3.289396000100504e-05
2024-01-19 12:01:51+00:00,6.931345846944925e-05
2024-01-19 13:01:57+00:00,9.108360231941081e-05
2024-01-19 14:02:11+00:00,9.007396814225289e-05
2024-01-19 15:02:20+00:00,8.325177106788027e-05
2024-01-19 16:02:17+00:00,7.233875434532035e-05
2024-01-19 17:04:49+00:00,-3.1314160202768645e-05
2024-01-19 18:03:20+00:00,5.7595755374849794e-05
2024-01-19 19:01:09+00:00,2.488147609033749e-05
2024-01-19 20:01:31+00:00,2.4963675853560354e-05
2024-01-19 21:01:57+00:00,3.7365716984912636e-05
2024-01-19 22:01:54+00:00,4.122641645032105e-05
2024-01-19 23:03:07+00:00,5.674747775932494e-05
2024-01-20 00:03:02+00:00,8.642900955086872e-05
2024-01-20 01:03:07+00:00,9.375210586013246e-05
2024-01-20 02:00:39+00:00,0.00011885964972610351
2024-01-20 03:02:48+00:00,0.00010500498774439059
2024-01-20 04:02:39+00:00,0.00010511798068838074
2024-01-20 05:02:42+00:00,0.00010896996708878199
2024-01-20 06:02:36+00:00,8.87466123852131e-05
2024-01-20 07:02:40+00:00,0.00010000272098156271
2024-01-20 08:02:42+00:00,8.587967066215977e-05
2024-01-20 09:02:57+00:00,7.567455661035825e-05
2024-01-20 10:02:37+00:00,6.587795984625084e-05
2024-01-20 11:02:29+00:00,7.085413858619621e-05
2024-01-20 12:02:27+00:00,7.52734793036644e-05
2024-01-20 13:02:46+00:00,7.53893445635653e-05
2024-01-20 14:02:44+00:00,7.227074234441658e-05
2024-01-20 15:02:39+00:00,6.209509930739244e-05
2024-01-20 16:02:36+00:00,6.47239434962604e-05
2024-01-20 17:03:08+00:00,6.118211880130752e-05
2024-01-20 18:02:55+00:00,4.165821267060248e-05
2024-01-20 19:00:28+00:00,3.2562127059627736e-05
2024-01-20 20:03:02+00:00,3.226590168094746e-05
2024-01-20 21:03:07+00:00,3.360739685108697e-05
2024-01-20 22:02:40+00:00,4.097104402178173e-05
2024-01-20 23:02:53+00:00,4.7763685609236196e-05
2024-01-21 00:02:48+00:00,4.15749811805981e-05
2024-01-21 01:02:57+00:00,3.9874529922844055e-05
2024-01-21 02:02:45+00:00,4.324687092154408e-05
2024-01-21 03:02:59+00:00,4.418679169098527e-05
2024-01-21 04:02:46+00:00,4.0150094119983895e-05
2024-01-21 05:02:57+00:00,3.9695738203518996e-05
2024-01-21 06:02:54+00:00,4.094486303720115e-05
2024-01-21 07:02:55+00:00,4.046473584562645e-05
2024-01-21 08:02:41+00:00,4.738474701117519e-05
2024-01-21 09:02:54+00:00,6.201713993103491e-05
2024-01-21 10:02:52+00:00,5.871889355695293e-05
2024-01-21 11:02:43+00:00,6.150354597352458e-05
2024-01-21 12:02:36+00:00,5.654037137743458e-05
2024-01-21 13:02:47+00:00,5.499625093154772e-05
2024-01-21 14:03:01+00:00,6.397600712113692e-05
2024-01-21 15:03:02+00:00,6.194721877283921e-05
2024-01-21 16:03:27+00:00,5.655785618743908e-05
2024-01-21 17:02:41+00:00,5.315765118770688e-05
2024-01-21 18:02:45+00:00,6.0005175325588465e-05
2024-01-21 19:02:47+00:00,5.696541161796449e-05
2024-01-21 20:02:36+00:00,5.559171838552635e-05
2024-01-21 21:03:08+00:00,5.518909487374632e-05
2024-01-21 22:03:11+00:00,5.6149409736998623e-05
2024-01-21 23:02:30+00:00,5.181894249922647e-05
2024-01-22 00:02:45+00:00,4.840074559151141e-05
2024-01-22 01:02:51+00:00,5.304395920467179e-05
2024-01-22 02:02:29+00:00,4.82548594942031e-05
2024-01-22 03:02:32+00:00,6.129792657870934e-05
2024-01-22 04:02:33+00:00,6.76778765906742e-05
2024-01-22 05:02:58+00:00,6.265606134448042e-05
2024-01-22 06:02:50+00:00,8.202757665984344e-05
2024-01-22 07:02:34+00:00,6.488199233160962e-05
2024-01-22 08:02:50+00:00,5.7576166385753176e-05
2024-01-22 09:02:31+00:00,5.618972621127989e-05
2024-01-22 10:02:21+00:00,5.661548214179503e-05
2024-01-22 11:02:44+00:00,4.413039991161216e-05
2024-01-22 12:02:36+00:00,4.836550197887344e-05
2024-01-22 13:02:47+00:00,4.721887933350715e-05
2024-01-22 14:02:47+00:00,7.004202192788367e-05
2024-01-22 15:02:37+00:00,4.700715600168457e-05
2024-01-22 16:02:26+00:00,3.91743677584494e-05
2024-01-22 17:02:37+00:00,3.7947174279871724e-05
2024-01-22 18:02:39+00:00,3.8208545390744696e-05
2024-01-22 19:03:09+00:00,4.003083193061064e-05
2024-01-22 20:02:36+00:00,1.6470654932621702e-05
2024-01-22 21:03:27+00:00,3.6766379822144826e-05
2024-01-22 22:02:40+00:00,3.6930544231985785e-05
2024-01-22 23:02:09+00:00,3.4440118212692946e-05
2024-01-23 00:03:09+00:00,3.0139507366582216e-05
2024-01-23 01:02:50+00:00,4.369432670229812e-05
2024-01-23 02:02:33+00:00,3.505156251434275e-05
2024-01-23 03:02:52+00:00,3.5610947612602535e-05
2024-01-23 04:03:45+00:00,3.278414626030934e-05
2024-01-23 05:02:23+00:00,3.2192921873292316e-05
2024-01-23 06:02:43+00:00,3.5261577624640705e-05
2024-01-23 07:02:32+00:00,3.4765492295236406e-05
2024-01-23 08:02:45+00:00,3.278945692417307e-05
2024-01-23 09:01:01+00:00,2.515260684789462e-05
2024-01-23 10:02:27+00:00,-6.082371340091258e-06
2024-01-23 11:02:38+00:00,2.127890916529501e-05
2024-01-23 12:02:38+00:00,3.0228026451770407e-05
2024-01-23 13:02:36+00:00,3.419476795145586e-05
2024-01-23 14:01:14+00:00,3.737883100937636e-05
2024-01-23 15:02:59+00:00,3.308802991432772e-05
2024-01-23 16:02:59+00:00,4.202709632123414e-05
2024-01-23 17:00:44+00:00,2.6709797068369055e-05
2024-01-23 18:02:18+00:00,1.0938510724606016e-05
2024-01-23 19:02:22+00:00,9.205506947743786e-06
2024-01-23 20:02:08+00:00,1.3398901888902737e-05
2024-01-23 21:02:29+00:00,2.575813255298495e-05
2024-01-23 22:02:57+00:00,4.739154478764104e-05
2024-01-23 23:03:05+00:00,5.049972482231154e-05
2024-01-24 00:00:16+00:00,3.843316300582916e-05
2024-01-24 01:03:04+00:00,7.359416437888563e-05
2024-01-24 02:02:51+00:00,8.059784465266213e-05
2024-01-24 03:03:02+00:00,8.251026908012586e-05
2024-01-24 04:02:47+00:00,8.289427803169013e-05
2024-01-24 05:00:14+00:00,7.843036421368221e-05
2024-01-24 06:02:56+00:00,6.310644298199045e-05
2024-01-24 07:02:55+00:00,5.649814898437123e-05
2024-01-24 08:02:47+00:00,4.0927882653381716e-05
2024-01-24 09:02:58+00:00,2.0109980402934963e-05
2024-01-24 10:02:42+00:00,1.6743707878753585e-05
2024-01-24 11:02:49+00:00,1.6929708732535482e-05
2024-01-24 12:02:45+00:00,1.4263416660672977e-05
2024-01-24 13:03:00+00:00,1.3947319737177026e-05
2024-01-24 14:02:48+00:00,9.666378411437083e-06
2024-01-24 15:03:03+00:00,1.0111536596425422e-05
2024-01-24 16:03:24+00:00,1.2884831123808518e-05
2024-01-24 17:02:06+00:00,1.4469116027431618e-05
2024-01-24 18:03:12+00:00,1.9918833714358016e-05
2024-01-24 19:00:20+00:00,1.8398494327518097e-05
2024-01-24 20:03:15+00:00,1.81313903311017e-05
2024-01-24 21:03:04+00:00,1.7302832660209416e-05
2024-01-24 22:03:09+00:00,1.9837865888181604e-05
2024-01-24 23:03:00+00:00,2.7875254301145913e-05
2024-01-25 00:01:04+00:00,4.5957220870569746e-05
2024-01-25 01:02:59+00:00,3.923875856974648e-05
2024-01-25 02:02:52+00:00,8.868658261979323e-05
2024-01-25 03:02:54+00:00,9.88369119871525e-05
2024-01-25 04:02:42+00:00,0.00010014499854103414
2024-01-25 05:00:28+00:00,0.00010361026796145688
2024-01-25 06:02:53+00:00,7.456881853638263e-05
2024-01-25 07:02:57+00:00,7.100030094350592e-05
2024-01-25 08:02:57+00:00,7.016757710558933e-05
2024-01-25 09:03:02+00:00,6.94989891121172e-05
2024-01-25 10:02:43+00:00,6.76022273016773e-05
2024-01-25 11:02:53+00:00,6.63618142704693e-05
2024-01-25 12:03:11+00:00,6.875699963923306e-05
2024-01-25 13:03:00+00:00,6.436675589182048e-05
2024-01-25 14:02:56+00:00,6.237743793837072e-05
2024-01-25 15:03:13+00:00,6.2640114128267e-05
2024-01-25 16:02:58+00:00,4.137147084878295e-05
2024-01-25 17:02:49+00:00,2.1426254793390733e-05
2024-01-25 18:03:21+00:00,1.1802633407308469e-05
2024-01-25 19:03:05+00:00,1.017035784216177e-05
2024-01-25 20:02:49+00:00,1.378223185202318e-05
2024-01-25 21:03:32+00:00,1.2372968289860423e-05
2024-01-25 22:02:17+00:00,1.4303939149586588e-05
2024-01-25 23:02:56+00:00,1.2912134188191184e-05
2024-01-26 00:03:09+00:00,1.4360831511101943e-05
2024-01-26 01:03:29+00:00,1.4986042832480696e-05
2024-01-26 02:03:04+00:00,1.674972555969542e-05
2024-01-26 03:03:15+00:00,1.8352307643556056e-05
2024-01-26 04:02:58+00:00,1.7867890444127745e-05
2024-01-26 05:05:13+00:00,3.6974822332913185e-05
2024-01-26 06:05:49+00:00,3.8045962269683666e-05
2024-01-26 07:05:49+00:00,3.740525280993859e-05
2024-01-26 08:06:15+00:00,4.246481380927934e-05
2024-01-26 09:03:14+00:00,4.722920905609644e-05
2024-01-26 10:05:17+00:00,4.946247540537703e-05
2024-01-26 11:05:09+00:00,5.537308774013061e-05
2024-01-26 12:03:23+00:00,5.2492281112340096e-05
2024-01-26 13:04:40+00:00,5.4826282199095174e-05
2024-01-26 14:04:46+00:00,5.422351234084948e-05
2024-01-26 15:06:17+00:00,6.075578924997776e-05
2024-01-26 16:04:21+00:00,5.819221790097921e-05
2024-01-26 17:04:53+00:00,5.234295335477742e-05
2024-01-26 18:02:33+00:00,4.220625978154718e-05
2024-01-26 19:05:17+00:00,3.5506960809266894e-05
2024-01-26 20:04:56+00:00,3.8108437020657525e-05
2024-01-26 21:01:48+00:00,3.982246376606618e-05
2024-01-26 22:05:09+00:00,4.190023221417339e-05
2024-01-26 23:06:49+00:00,4.4105704276322935e-05
2024-01-27 00:03:07+00:00,4.4510738271349476e-05
2024-01-27 01:05:32+00:00,4.959113508264731e-05
2024-01-27 02:05:41+00:00,4.9548535933820286e-05
2024-01-27 03:05:38+00:00,4.8023262352235284e-05
2024-01-27 04:05:29+00:00,6.427066199307369e-05
2024-01-27 05:01:42+00:00,6.855769248251016e-05
2024-01-27 06:05:02+00:00,6.64966326528464e-05
2024-01-27 07:02:26+00:00,6.850306283162191e-05
2024-01-27 08:04:43+00:00,6.865157706322624e-05
2024-01-27 09:04:38+00:00,7.646806039948823e-05
2024-01-27 10:05:10+00:00,8.190302148184754e-05
2024-01-27 11:05:29+00:00,7.80447691013822e-05
2024-01-27 12:01:47+00:00,7.602480538916571e-05
2024-01-27 13:06:01+00:00,7.07638595772303e-05
2024-01-27 14:04:03+00:00,6.727314587165367e-05
2024-01-27 15:00:03+00:00,7.498694827450088e-05
2024-01-27 16:04:55+00:00,6.81080737479088e-05
2024-01-27 17:05:28+00:00,6.073794595142156e-05
2024-01-27 18:02:22+00:00,0.00011129284856693237
2024-01-27 19:03:42+00:00,0.00016028635591067828
2024-01-27 20:06:10+00:00,0.00011558576071274243
2024-01-27 21:05:47+00:00,9.564937296326345e-05
2024-01-27 22:06:26+00:00,0.00010367501407626645
2024-01-27 23:03:48+00:00,9.492970623653643e-05
2024-01-28 00:06:02+00:00,9.89503478444128e-05
2024-01-28 01:02:21+00:00,0.0001314122435776478
2024-01-28 02:04:57+00:00,0.00011342328118952066
2024-01-28 03:05:22+00:00,0.00010050254124308554
2024-01-28 04:06:04+00:00,0.00010305446974420472
2024-01-28 05:03:19+00:00,0.00010467263278432248
2024-01-28 06:02:52+00:00,0.00010757158646891316
2024-01-28 07:06:45+00:00,0.00012705451914242128
2024-01-28 08:05:29+00:00,0.00014451392616648327
2024-01-28 09:14:48+00:00,0.00015091898041851042
2024-01-28 10:04:46+00:00,0.0001464845314842212
2024-01-28 11:00:07+00:00,0.00014724156054478387
2024-01-28 12:05:18+00:00,0.00014136889121174785
2024-01-28 13:06:09+00:00,0.00013262192607514257
2024-01-28 14:03:53+00:00,0.00015191177406494332
2024-01-28 15:04:51+00:00,0.00015954231379659815
2024-01-28 16:05:32+00:00,0.00018118079022335116
2024-01-28 17:04:39+00:00,0.00016027225891555912
2024-01-28 18:05:23+00:00,0.00016022147665906302
2024-01-28 19:05:00+00:00,0.00019266807270182644
2024-01-28 20:00:35+00:00,0.00021888784405744332
2024-01-28 21:04:53+00:00,0.00020491656289576199
2024-01-28 22:02:56+00:00,0.00018089753772835583
2024-01-28 23:01:09+00:00,0.00015925753198957432
2024-01-29 00:03:31+00:00,0.0001634588855524127
2024-01-29 01:06:40+00:00,0.00015814679890917475
2024-01-29 02:06:10+00:00,0.00015315459637547788
2024-01-29 03:05:14+00:00,0.0001533156185728201
2024-01-29 04:06:23+00:00,0.00013286823333712796
2024-01-29 05:00:59+00:00,0.00012788814989300788
2024-01-29 06:05:57+00:00,0.00011600667828835112
2024-01-29 07:05:45+00:00,0.00011067611953438705
2024-01-29 08:05:13+00:00,8.825407969133563e-05
2024-01-29 09:05:42+00:00,6.071202113425428e-05
2024-01-29 10:05:12+00:00,7.297431635559761e-05
2024-01-29 11:05:54+00:00,6.590460292502354e-05
2024-01-29 12:06:07+00:00,5.68740080787776e-05
2024-01-29 13:06:31+00:00,5.3880133916726963e-05
2024-01-29 14:06:00+00:00,4.6489583612386054e-05
2024-01-29 15:02:29+00:00,4.094675573722537e-05
2024-01-29 16:06:26+00:00,6.124663353247766e-05
2024-01-29 17:04:35+00:00,6.43913565854668e-05
2024-01-29 18:05:26+00:00,3.5948315550156265e-05
2024-01-29 19:06:49+00:00,-6.638102592204225e-05
2024-01-29 20:04:13+00:00,-9.87818460686601e-05
2024-01-29 21:05:04+00:00,-0.00011942333811193675
2024-01-29 22:06:50+00:00,-0.0001026253104272474
2024-01-29 23:05:34+00:00,-9.37565663514818e-05
2024-01-30 00:05:31+00:00,-8.99341923138047e-05
2024-01-30 01:05:22+00:00,-0.00010033214536393546
2024-01-30 02:06:23+00:00,-8.977140545406723e-05
2024-01-30 03:06:56+00:00,-8.040947764581645e-05
2024-01-30 04:03:17+00:00,-7.15406755591959e-05
2024-01-30 05:01:14+00:00,-7.16864863321493e-06
2024-01-30 06:00:52+00:00,1.59061584312705e-05
2024-01-30 07:06:17+00:00,2.305543583989027e-05
2024-01-30 08:04:33+00:00,5.569859328860957e-05
2024-01-30 09:05:06+00:00,7.972074998143285e-05
2024-01-30 10:06:28+00:00,7.37797770800926e-05
2024-01-30 11:00:49+00:00,7.144089225004431e-05
2024-01-30 12:05:44+00:00,5.897857717239162e-05
2024-01-30 13:05:37+00:00,4.538160801817419e-05
2024-01-30 14:04:56+00:00,3.4049336884817974e-05
2024-01-30 15:04:33+00:00,4.5014652287814114e-05
2024-01-30 16:00:26+00:00,7.333800566572683e-05
2024-01-30 17:05:07+00:00,-2.645458269530632e-05
2024-01-30 18:05:53+00:00,-5.8283093312782534e-05
2024-01-30 19:00:05+00:00,-5.8535651580335336e-05
2024-01-30 20:03:02+00:00,-6.639721685132148e-05
2024-01-30 21:04:53+00:00,-6.561645821882041e-05
2024-01-30 22:06:59+00:00,-7.408646918987934e-05
2024-01-30 23:05:59+00:00,-9.51595939451128e-05
2024-01-31 00:05:32+00:00,-8.725139709272095e-05
2024-01-31 01:06:20+00:00,-9.58090319703302e-05
2024-01-31 02:06:30+00:00,-0.00010031506303644837
2024-01-31 03:06:47+00:00,-0.00010373401726324008
2024-01-31 04:07:19+00:00,-0.0001073889205444761
2024-01-31 05:03:27+00:00,-8.915864225790572e-05
2024-01-31 06:05:44+00:00,-8.407115501320498e-05
2024-01-31 07:06:03+00:00,-6.731653494648654e-05
2024-01-31 08:00:32+00:00,-6.639380239499978e-05
2024-01-31 09:01:04+00:00,-0.00019266847251318936
2024-01-31 10:05:59+00:00,-0.00016446676341390072
2024-01-31 11:03:28+00:00,-0.00015376773463126407
2024-01-31 12:06:02+00:00,-0.00017879764540198992
2024-01-31 13:06:10+00:00,-0.00010126134413981433
2024-01-31 14:06:18+00:00,-3.4511394547974555e-05
2024-01-31 15:02:36+00:00,-3.833389097540497e-05
2024-01-31 16:10:23+00:00,-6.979429839305607e-06
2024-01-31 17:02:32+00:00,-1.6366296857683802e-05
2024-01-31 18:06:18+00:00,-7.325858215988584e-06
2024-01-31 19:01:41+00:00,5.699522578530616e-06
2024-01-31 20:05:14+00:00,1.4277931047069122e-06
2024-01-31 21:01:55+00:00,-1.9640326214413248e-05
2024-01-31 22:01:59+00:00,-1.3513678936486275e-05
2024-01-31 23:03:07+00:00,2.5071958045213597e-06
2024-02-01 00:06:08+00:00,1.0744635424976473e-05
2024-02-01 01:09:13+00:00,1.983687925747194e-05
2024-02-01 02:07:44+00:00,-1.329327293714657e-06
2024-02-01 03:01:40+00:00,5.030930074294703e-06
2024-02-01 04:07:36+00:00,2.1275755101976628e-05
2024-02-01 05:06:28+00:00,2.997409034348563e-05
2024-02-01 06:03:29+00:00,1.8522886444193016e-05
2024-02-01 07:08:14+00:00,1.0362758449919524e-05
2024-02-01 08:06:02+00:00,-2.5879531164883593e-05
2024-02-01 09:05:03+00:00,-2.4605601869494767e-05
2024-02-01 10:05:43+00:00,-8.979222997834697e-06
2024-02-01 11:06:57+00:00,-4.605451675949095e-06
2024-02-01 12:05:53+00:00,-4.9179528037325354e-06
2024-02-01 13:07:24+00:00,-7.638317450190064e-06
2024-02-01 14:03:15+00:00,-1.6468187967928984e-05
2024-02-01 15:00:52+00:00,2.7165039567039764e-06
2024-02-01 16:00:59+00:00,3.41473602572112e-05
2024-02-01 17:00:04+00:00,3.4533738333795425e-05
2024-02-01 18:06:39+00:00,2.5345486547963762e-05
2024-02-01 19:01:17+00:00,3.9896412891112826e-05
2024-02-01 20:00:11+00:00,5.469098119034542e-06
2024-02-01 21:04:18+00:00,4.889314875269756e-05
2024-02-01 22:01:53+00:00,4.9722658276978347e-05
2024-02-01 23:02:46+00:00,-3.7112484415512335e-05
2024-02-02 00:01:17+00:00,-7.463490810896376e-05
2024-02-02 01:00:25+00:00,0.00013564771361103883
2024-02-02 02:04:20+00:00,0.0004249128359977278
2024-02-02 03:01:50+00:00,0.0004181005705998751
2024-02-02 04:07:27+00:00,0.00047965221905154953
2024-02-02 05:06:30+00:00,0.0003957245115974803
2024-02-02 06:07:03+00:00,0.00039159752341705404
2024-02-02 07:05:57+00:00,0.0003480966436680855
2024-02-02 08:01:23+00:00,0.0002696142192804391
2024-02-02 09:01:01+00:00,0.00022927324389425646
2024-02-02 10:00:13+00:00,0.00020577230774922097
2024-02-02 11:02:50+00:00,0.00018594014297390835
2024-02-02 12:00:07+00:00,-3.324386797176901e-05
2024-02-02 13:06:52+00:00,-7.919886368323688e-05
2024-02-02 14:02:14+00:00,-6.298292838417809e-05
2024-02-02 15:04:27+00:00,-5.0157548292340635e-05
2024-02-02 16:01:44+00:00,4.414172416408109e-05
2024-02-02 17:01:46+00:00,6.673703649718548e-05
2024-02-02 18:02:11+00:00,5.999985091086223e-05
2024-02-02 19:01:04+00:00,6.199814246454478e-05
2024-02-02 20:06:25+00:00,8.498392180543366e-05
2024-02-02 21:03:33+00:00,9.506367523785685e-05
2024-02-02 22:02:12+00:00,9.791213416395438e-05
2024-02-02 23:03:59+00:00,0.00011441329652292375
2024-02-03 00:06:48+00:00,0.00010825272637797211
2024-02-03 01:04:36+00:00,0.00011185894513357221
2024-02-03 02:07:17+00:00,0.00012383379552153223
2024-02-03 03:05:21+00:00,0.00010762540817854645
2024-02-03 04:00:51+00:00,0.00010545415599277207
2024-02-03 05:05:54+00:00,0.0001580658958528228
2024-02-03 06:03:49+00:00,0.00017674595871797045
2024-02-03 07:05:59+00:00,0.0001635392157150015
2024-02-03 08:03:47+00:00,0.0001689568642418547
2024-02-03 09:03:22+00:00,0.00018581425559071035
2024-02-03 10:01:20+00:00,0.0001978074257926205
2024-02-03 11:05:21+00:00,0.0001766954841225054
2024-02-03 12:05:19+00:00,0.00016970975154578867
2024-02-03 13:05:58+00:00,0.00014910761829078526
2024-02-03 14:05:43+00:00,0.00014567579811628896
2024-02-03 15:05:10+00:00,0.0001517601020481583
2024-02-03 16:05:46+00:00,0.0001516134111620956
2024-02-03 17:06:39+00:00,0.0001334721178511864
2024-02-03 18:06:50+00:00,0.00012780554282339465
2024-02-03 19:06:35+00:00,0.0001246760968694006
2024-02-03 20:03:21+00:00,0.00012537768683546242
2024-02-03 21:06:50+00:00,0.00012523268953147076
2024-02-03 22:00:29+00:00,9.8834728174912e-05
2024-02-03 23:06:06+00:00,6.0193284659335645e-05
2024-02-04 00:05:23+00:00,3.907786427162653e-05
2024-02-04 01:05:54+00:00,2.449483841391191e-05
2024-02-04 02:00:32+00:00,1.6028559689650474e-05
2024-02-04 03:04:50+00:00,1.3128514146226037e-05
2024-02-04 04:01:11+00:00,1.1698073314746486e-05
2024-02-04 05:06:21+00:00,1.0217392930863594e-05
2024-02-04 06:02:52+00:00,1.091565946433829e-05
2024-02-04 07:04:26+00:00,3.9508157305679123e-07
2024-02-04 08:05:42+00:00,-6.934080777695944e-05
2024-02-04 09:06:05+00:00,-6.510333027847482e-05
2024-02-04 10:05:24+00:00,-4.8365667871325615e-05
2024-02-04 11:04:56+00:00,-4.9515176100450766e-05
2024-02-04 12:05:01+00:00,-3.962083741901751e-05
2024-02-04 13:05:57+00:00,-4.432963850068323e-05
2024-02-04 14:05:04+00:00,-3.6496284352868716e-05
2024-02-04 15:06:53+00:00,-3.715110154615707e-05
2024-02-04 16:06:00+00:00,-1.6348778786094116e-05
2024-02-04 17:01:51+00:00,5.622120493381281e-05
2024-02-04 18:03:13+00:00,8.865414994405333e-05
2024-02-04 19:01:42+00:00,0.0001239984980093282
2024-02-04 20:02:36+00:00,9.701438095478016e-05
2024-02-04 21:05:35+00:00,7.148071167753145e-05
2024-02-04 22:04:58+00:00,8.687981430849556e-05
2024-02-04 23:03:21+00:00,7.878323223569719e-05
2024-02-05 00:06:08+00:00,6.999740928484045e-05
2024-02-05 01:06:12+00:00,6.523307462896668e-05
2024-02-05 02:03:34+00:00,-1.0174509070914913e-05
2024-02-05 03:05:34+00:00,-1.951508325222564e-05
2024-02-05 04:06:29+00:00,2.138860002413058e-05
2024-02-05 05:02:36+00:00,2.8239020976922316e-05
2024-02-05 06:01:49+00:00,2.338826796847166e-05
2024-02-05 07:07:17+00:00,2.1235444809337613e-05
2024-02-05 08:00:35+00:00,3.2696252797560134e-05
2024-02-05 09:05:31+00:00,4.599062173935911e-05
2024-02-05 10:02:54+00:00,9.857966887683142e-05
2024-02-05 11:03:59+00:00,0.00025390584050427644
2024-02-05 12:03:42+00:00,0.00023818262561035974
2024-02-05 13:01:15+00:00,0.000205708483163146
2024-02-05 14:04:27+00:00,0.00016289859873021162
2024-02-05 15:01:31+00:00,0.00014736854827921675
2024-02-05 16:00:07+00:00,9.219511090269699e-05
2024-02-05 17:05:04+00:00,-5.1402096887510945e-06
2024-02-05 18:01:50+00:00,-3.0451786981437327e-05
2024-02-05 19:00:45+00:00,-4.7930576454447046e-05
2024-02-05 20:00:08+00:00,-9.217287463011162e-06
2024-02-05 21:00:26+00:00,-1.0010801887631307e-06
2024-02-05 22:03:25+00:00,8.399101095046116e-05
2024-02-05 23:05:13+00:00,1.8809461434683658e-05
2024-02-06 00:03:01+00:00,2.9187051638953083e-05
2024-02-06 01:06:13+00:00,8.398513149205228e-05
2024-02-06 02:01:25+00:00,0.0001800626684250536
2024-02-06 03:04:46+00:00,0.0002207975452498222
2024-02-06 04:05:03+00:00,0.0001800130785489621
2024-02-06 05:00:06+00:00,0.00018517038069667166
2024-02-06 06:04:45+00:00,0.00018512905706914894
2024-02-06 07:01:22+00:00,0.00016878438377722365
2024-02-06 08:04:34+00:00,0.00010388519416739528
2024-02-06 09:04:44+00:00,8.396939190646104e-05
2024-02-06 14:55:47+00:00,0.00011511328780522489
2024-02-06 16:04:46+00:00,0.00013835064657016004
2024-02-06 17:05:39+00:00,9.508456757700963e-05
2024-02-06 18:05:54+00:00,0.0001134095732664735
2024-02-06 19:05:29+00:00,0.00014536327024504406
2024-02-06 20:05:15+00:00,0.00015381443944344344
2024-02-06 21:05:59+00:00,0.00014653379878582531
2024-02-06 22:04:51+00:00,0.00014673933535200813
2024-02-06 23:06:26+00:00,0.00014692215987592667
2024-02-07 00:03:19+00:00,0.0001449310672390524
2024-02-07 01:06:40+00:00,0.0001428398201828306
2024-02-07 02:05:03+00:00,0.00017661347011821093
2024-02-07 03:05:03+00:00,0.00014949762000570095
2024-02-07 04:05:29+00:00,0.00017511025572754536
2024-02-07 05:05:02+00:00,0.00015852396541177313
2024-02-07 06:05:33+00:00,0.00015624536993910298
2024-02-07 07:05:27+00:00,0.00013962929189762882
2024-02-07 08:05:12+00:00,0.0001687565562321235
2024-02-07 09:01:01+00:00,0.00014676122340591708
2024-02-07 10:05:58+00:00,0.00016997561749714478
2024-02-07 11:05:06+00:00,0.00018871990900578702
2024-02-07 12:03:49+00:00,0.0001633905685001168
2024-02-07 13:05:39+00:00,0.00016785211541195535
2024-02-07 14:05:38+00:00,0.0001541051890797382
2024-02-07 15:02:06+00:00,0.00014019981680795748
2024-02-07 16:07:24+00:00,0.00015839990679178946
2024-02-07 17:02:51+00:00,0.00014228447365232082
2024-02-07 18:06:26+00:00,0.00011133858716189559
2024-02-07 19:05:38+00:00,0.00012547392661922923
2024-02-07 20:02:19+00:00,0.00011833943253200477
2024-02-07 21:02:45+00:00,0.00013550821417011386
2024-02-07 22:06:00+00:00,0.00013391597212887636
2024-02-07 23:00:48+00:00,0.00015880027006756167
2024-02-08 00:07:17+00:00,0.00018548512089891018
2024-02-08 01:05:41+00:00,0.0002003583113833117
2024-02-08 02:05:25+00:00,0.00020546934921629147
2024-02-08 03:05:42+00:00,0.0002318554649040176
2024-02-08 04:01:24+00:00,0.00022582680526389885
2024-02-08 05:05:43+00:00,0.00022379942916578768
2024-02-08 06:06:21+00:00,0.0002005003255499443
2024-02-08 07:00:16+00:00,0.00018550619295656037
2024-02-08 08:01:37+00:00,0.00017800406888459123
2024-02-08 09:05:22+00:00,0.00011546004103938128
2024-02-08 10:01:13+00:00,7.29477648853971e-05
2024-02-08 11:05:20+00:00,6.56881640039983e-05
2024-02-08 12:05:43+00:00,6.598124670082576e-05
2024-02-08 13:00:19+00:00,0.00011528257194786719
2024-02-08 14:04:12+00:00,0.00012901089382762144
2024-02-08 15:00:23+00:00,0.00013192356308296753
2024-02-08 16:05:04+00:00,0.0001591536151582973
2024-02-08 17:01:56+00:00,0.00011112143720419042
2024-02-08 18:00:26+00:00,0.00011857281212925487
2024-02-08 19:03:59+00:00,0.00010718116116236851
2024-02-08 20:05:09+00:00,7.540540649186742e-05
2024-02-08 21:00:15+00:00,7.401875373102288e-05
2024-02-08 22:05:51+00:00,7.232676444589745e-05
2024-02-08 23:06:06+00:00,8.860693250942451e-05
2024-02-09 00:04:45+00:00,7.761150839635461e-05
2024-02-09 01:06:54+00:00,6.863460257485352e-05
2024-02-09 02:02:07+00:00,7.96968719346073e-05
2024-02-09 03:05:39+00:00,0.00010318622341618057
2024-02-09 04:05:27+00:00,6.954583258347849e-05
2024-02-09 05:06:33+00:00,7.667881747187154e-05
2024-02-09 06:00:06+00:00,9.549773539840876e-05
2024-02-09 07:05:35+00:00,8.556376668452391e-05
2024-02-09 08:05:41+00:00,8.253496582153464e-05
2024-02-09 09:00:37+00:00,0.00011042389780696638
2024-02-09 10:05:26+00:00,8.377499550121876e-05
2024-02-09 11:00:16+00:00,9.043684930250034e-05
2024-02-09 12:03:14+00:00,9.195591187774997e-05
2024-02-09 13:01:23+00:00,9.728932579907212e-05
2024-02-09 14:05:35+00:00,0.00010547389507325913
2024-02-09 15:02:48+00:00,7.080299081411468e-05
2024-02-09 16:06:47+00:00,9.484889526800796e-05
2024-02-09 17:01:36+00:00,7.445952564479059e-05
2024-02-09 18:01:14+00:00,8.068541356437946e-05
2024-02-09 19:02:52+00:00,9.73287060862432e-05
2024-02-09 20:05:56+00:00,0.00011824316345386356
2024-02-09 21:05:52+00:00,0.0001211045987957132
2024-02-09 22:05:58+00:00,0.00011686034941108686
2024-02-09 23:06:08+00:00,0.00010373738242644674
2024-02-10 00:02:01+00:00,8.709541116304108e-05
2024-02-10 01:04:13+00:00,9.279354596789981e-05
2024-02-10 02:00:10+00:00,0.00014378308191157415
2024-02-10 03:04:33+00:00,0.00012917173951869964
2024-02-10 04:05:13+00:00,0.00013614532722088248
2024-02-10 05:03:43+00:00,0.00014008683621714448
2024-02-10 06:03:38+00:00,0.0001451371925146618
2024-02-10 07:04:05+00:00,0.00014549266208803934
2024-02-10 08:03:39+00:00,0.00014694255630552536
2024-02-10 09:00:51+00:00,0.00016254185927025417
2024-02-10 10:04:18+00:00,0.00015545874764076858
2024-02-10 11:03:16+00:00,0.00016924821229389605
2024-02-10 12:04:14+00:00,0.00017886166283414577
2024-02-10 13:04:09+00:00,0.00017760274047864974
2024-02-10 14:04:13+00:00,0.00018387460289651504
2024-02-10 15:04:40+00:00,0.00013928487848465721
2024-02-10 16:03:24+00:00,0.00012595171460170665
2024-02-10 17:04:21+00:00,0.00011736842452256076
2024-02-10 18:03:50+00:00,0.00013123919263833506
2024-02-10 19:05:18+00:00,0.00015034833593864094
2024-02-10 20:04:44+00:00,0.0001622112740481636
2024-02-10 21:05:00+00:00,0.00011819138607334974
2024-02-10 22:03:34+00:00,0.00010182769857771403
2024-02-10 23:04:14+00:00,0.00014017226223982617
2024-02-11 00:01:36+00:00,0.00014317672274851372
2024-02-11 01:02:22+00:00,0.00013180816817877347
2024-02-11 02:04:19+00:00,0.0001483559816859188
2024-02-11 03:01:30+00:00,0.00012785963950662398
2024-02-11 04:03:51+00:00,0.00013201821653555508
2024-02-11 05:03:58+00:00,0.0001234326883704221
2024-02-11 06:02:41+00:00,8.457192405256049e-05
2024-02-11 07:01:17+00:00,7.52851164663855e-05
2024-02-11 08:01:05+00:00,6.058724326234164e-05
2024-02-11 09:01:34+00:00,5.104698299924872e-05
2024-02-11 10:00:43+00:00,4.289609958191929e-05
2024-02-11 11:04:01+00:00,4.52123891242305e-05
2024-02-11 12:01:00+00:00,5.162434827154256e-05
2024-02-11 13:01:02+00:00,5.322275131743276e-05
2024-02-11 14:01:50+00:00,6.332105047726607e-05
2024-02-11 15:00:13+00:00,7.238760538144209e-05
2024-02-11 16:02:23+00:00,8.298656054690258e-05
2024-02-11 17:00:38+00:00,8.709078182489865e-05
2024-02-11 18:03:59+00:00,8.859209835008041e-05
2024-02-11 19:05:01+00:00,0.00013349611535908343
2024-02-11 20:00:10+00:00,0.00015664085927137418
2024-02-11 21:03:33+00:00,9.356233831825504e-05
2024-02-11 22:00:05+00:00,7.338303074116288e-05
2024-02-11 23:05:01+00:00,6.529674399294739e-05
2024-02-12 00:03:48+00:00,6.69467605504589e-05
2024-02-12 01:04:22+00:00,7.133136210422352e-05
2024-02-12 02:02:30+00:00,4.676407817337087e-05
2024-02-12 03:04:28+00:00,1.9810929150656048e-05
2024-02-12 04:04:35+00:00,9.676953637446144e-06
2024-02-12 05:00:41+00:00,-6.908488240878521e-06
2024-02-12 06:04:46+00:00,1.3796569093684144e-05
2024-02-12 07:00:07+00:00,0.00012092699511447016
2024-02-12 08:04:38+00:00,0.00017674760449731523
2024-02-12 09:04:38+00:00,0.00018254068717344873
2024-02-12 10:04:54+00:00,0.00015801465047075912
2024-02-12 11:04:45+00:00,0.00018031882150770147
2024-02-12 12:03:58+00:00,0.00016619334814207853
2024-02-12 13:03:02+00:00,0.0001435534086420527
2024-02-12 14:02:42+00:00,0.0002372170228445281
2024-02-12 15:02:04+00:00,0.00022749542749155046
2024-02-12 16:00:53+00:00,0.00021167530259739078
2024-02-12 17:03:47+00:00,0.00022502402495343547
2024-02-12 18:00:40+00:00,0.00020629725030170436
2024-02-12 19:01:36+00:00,0.00019306779695547695
2024-02-12 20:00:35+00:00,0.0001694723739546575
2024-02-12 21:04:15+00:00,0.00015612609807701315
2024-02-12 22:00:54+00:00,0.00015719052954197603
2024-02-12 23:04:11+00:00,0.00017003517857343457
2024-02-13 00:03:06+00:00,0.00016376088757635195
2024-02-13 01:00:44+00:00,0.00016802425345818105
2024-02-13 02:04:20+00:00,0.00012571131329741305
2024-02-13 03:00:26+00:00,0.00011710834924179468
2024-02-13 04:00:36+00:00,0.00010980287565344045
2024-02-13 05:00:41+00:00,0.00010512935989636023
2024-02-13 06:00:22+00:00,0.00010923662879476648
2024-02-13 07:02:09+00:00,9.298705100042796e-05
2024-02-13 08:00:41+00:00,9.765926787117452e-05
2024-02-13 09:03:40+00:00,0.00010304898899232992
2024-02-13 10:04:47+00:00,0.00010967642505119597
2024-02-13 11:00:13+00:00,0.000113535013241938
2024-02-13 12:00:43+00:00,0.0001293292580395055
2024-02-13 13:04:23+00:00,0.00013555279581158286
2024-02-13 14:04:36+00:00,0.00013958267752057043
2024-02-13 15:01:02+00:00,0.00010826420431938951
2024-02-13 16:04:48+00:00,0.00013524442658858666
2024-02-13 17:04:35+00:00,0.00013499703936443842
2024-02-13 18:04:55+00:00,-7.660095438096336e-05
2024-02-13 19:01:36+00:00,-0.00028246735069479846
2024-02-13 20:04:25+00:00,-0.0002465588781008379
2024-02-13 21:02:48+00:00,-0.00011611437395574906
2024-02-13 22:00:38+00:00,-2.2335560219180855e-05
2024-02-13 23:05:16+00:00,2.7211353323810213e-05
2024-02-14 00:05:04+00:00,4.81695303315449e-05
2024-02-14 01:04:28+00:00,5.7614255700139963e-05
2024-02-14 02:04:21+00:00,6.373350870725606e-05
2024-02-14 03:01:21+00:00,0.00015142208133874058
2024-02-14 04:04:55+00:00,0.0002361341242251938
2024-02-14 05:04:22+00:00,0.00025407252720886585
2024-02-14 06:04:56+00:00,0.00026415662466832427
2024-02-14 07:04:26+00:00,0.0002498307876136533
2024-02-14 08:04:33+00:00,0.00026345544624093716
2024-02-14 09:04:29+00:00,0.00024779123411138184
2024-02-14 10:05:06+00:00,0.0002482064406090424
2024-02-14 11:01:53+00:00,0.00022768263044299397
2024-02-14 12:02:56+00:00,0.0002062869519492014
2024-02-14 13:03:16+00:00,0.00020688522317551075
2024-02-14 14:05:56+00:00,0.00020018737724640835
2024-02-14 15:01:40+00:00,0.00017471616951037787
2024-02-14 16:04:25+00:00,0.000106623709817014
2024-02-14 17:01:42+00:00,9.513661267436052e-05
2024-02-14 18:05:07+00:00,9.537932418216243e-05
2024-02-14 19:04:37+00:00,0.00010396999020546251
2024-02-14 20:05:03+00:00,8.497293266335464e-05
2024-02-14 21:04:45+00:00,8.100801755352154e-05
2024-02-14 22:03:59+00:00,9.873428236300505e-05
2024-02-14 23:00:58+00:00,7.816243996854792e-05
2024-02-15 00:00:29+00:00,7.833259790206894e-05
2024-02-15 01:02:29+00:00,8.910492422621293e-05
2024-02-15 02:04:37+00:00,7.139012814639202e-05
2024-02-15 03:05:46+00:00,7.724085332824025e-05
2024-02-15 04:05:12+00:00,7.596128013407724e-05
2024-02-15 05:03:10+00:00,7.504198412426407e-05
2024-02-15 06:04:45+00:00,8.95568647171998e-05
2024-02-15 07:04:39+00:00,2.1424944534891148e-05
2024-02-15 08:00:46+00:00,1.1530534114603636e-05
2024-02-15 09:04:41+00:00,1.7637835251184742e-05
2024-02-15 10:04:19+00:00,2.588556753105472e-05
2024-02-15 11:00:15+00:00,2.8550268855058177e-05
2024-02-15 12:04:57+00:00,3.513006025102304e-05
2024-02-15 13:05:19+00:00,3.707795901203469e-05
2024-02-15 14:01:17+00:00,3.815676541174564e-05
2024-02-15 15:02:40+00:00,5.237726828271014e-05
2024-02-15 16:02:10+00:00,2.2918252490737204e-05
2024-02-15 17:07:03+00:00,2.9154015965699275e-05
2024-02-15 18:06:04+00:00,4.5828381567777594e-05
2024-02-15 19:00:17+00:00,5.1393545354302476e-05
2024-02-15 20:01:11+00:00,3.9475564120737865e-05
2024-02-15 21:03:12+00:00,3.256382183207389e-05
2024-02-15 22:01:16+00:00,3.191170012118614e-05
2024-02-15 23:05:20+00:00,3.35440130739828e-05
2024-02-16 00:05:38+00:00,2.6789705481962115e-05
2024-02-16 01:05:57+00:00,1.982179620367394e-05
2024-02-16 02:06:05+00:00,2.5200647665038787e-05
2024-02-16 03:04:55+00:00,3.1255893351285435e-05
2024-02-16 04:05:23+00:00,2.986619911202679e-05
2024-02-16 05:05:29+00:00,3.135629940259979e-05
2024-02-16 06:03:53+00:00,3.8470751805623055e-05
2024-02-16 07:02:53+00:00,4.141986091636479e-05
2024-02-16 08:05:47+00:00,4.290285550423105e-05
2024-02-16 09:04:28+00:00,4.19085683451943e-05
2024-02-16 10:04:29+00:00,4.2900260628056286e-05
2024-02-16 11:04:29+00:00,5.875919375678008e-05
2024-02-16 12:04:59+00:00,4.7566963998791706e-05
2024-02-16 13:05:34+00:00,6.170722919073662e-05
2024-02-16 14:04:48+00:00,4.9644338456544266e-05
2024-02-16 15:02:00+00:00,3.666446772065536e-05
2024-02-16 16:05:14+00:00,8.974569159016157e-06
2024-02-16 17:05:53+00:00,1.056335233471281e-05
2024-02-16 18:06:25+00:00,2.0536372199845378e-05
2024-02-16 19:05:37+00:00,3.54146119915269e-05
2024-02-16 20:00:52+00:00,3.293828507545931e-05
2024-02-16 21:01:36+00:00,4.026332016495464e-05
2024-02-16 22:05:29+00:00,3.4078270386565325e-05
2024-02-16 23:05:34+00:00,3.091448932457227e-05
2024-02-17 00:01:42+00:00,3.1049824137598084e-05
2024-02-17 01:06:14+00:00,5.085920918456723e-05
2024-02-17 02:05:59+00:00,5.3307644125685234e-05
2024-02-17 03:04:35+00:00,7.238714874585382e-05
2024-02-17 04:04:42+00:00,7.451765912046897e-05
2024-02-17 05:04:27+00:00,6.218932354408175e-05
2024-02-17 06:04:32+00:00,6.40468647772599e-05
2024-02-17 07:07:00+00:00,6.679257917578868e-05
2024-02-17 08:01:58+00:00,6.755699340608954e-05
2024-02-17 09:05:51+00:00,6.35858815411547e-05
2024-02-17 10:02:24+00:00,6.809191861795642e-05
2024-02-17 11:05:27+00:00,9.742511195361075e-05
2024-02-17 12:06:35+00:00,0.00011088230127416875
2024-02-17 13:04:59+00:00,0.00013344444660036843
2024-02-17 14:00:38+00:00,8.956860054740371e-05
2024-02-17 15:05:33+00:00,7.661003699884234e-05
2024-02-17 16:05:30+00:00,0.00010662367105272859
2024-02-17 17:05:31+00:00,9.631268862984493e-05
2024-02-17 18:06:25+00:00,0.00011219890145598325
2024-02-17 19:02:04+00:00,9.21164745347871e-05
2024-02-17 20:00:11+00:00,7.786480884561224e-05
2024-02-17 21:01:49+00:00,7.404354873855451e-05
2024-02-17 22:06:28+00:00,7.863424517777819e-05
2024-02-17 23:05:34+00:00,7.296285450520653e-05
2024-02-18 00:05:50+00:00,6.880186491696636e-05
2024-02-18 01:05:53+00:00,6.92681952349236e-05
2024-02-18 02:05:29+00:00,6.605809262573894e-05
2024-02-18 03:06:08+00:00,6.360729728565325e-05
2024-02-18 04:05:27+00:00,5.009046856634303e-05
2024-02-18 05:05:55+00:00,3.550791861070901e-05
2024-02-18 06:05:29+00:00,3.6892911027146136e-05
2024-02-18 07:05:32+00:00,3.3668372343470194e-05
2024-02-18 08:06:05+00:00,4.105406567028618e-05
2024-02-18 09:04:55+00:00,3.562856276231906e-05
2024-02-18 10:06:28+00:00,3.614763811869533e-05
2024-02-18 11:05:53+00:00,3.5693820244646685e-05
2024-02-18 12:02:26+00:00,4.2747173043552776e-05
2024-02-18 13:05:59+00:00,4.610624596674218e-05
2024-02-18 14:00:12+00:00,4.872946912104158e-05
2024-02-18 15:04:37+00:00,5.354786615395075e-05
2024-02-18 16:05:54+00:00,5.376365672162395e-05
2024-02-18 17:00:30+00:00,4.8894439156042406e-05
2024-02-18 18:05:44+00:00,4.9006306965480234e-05
2024-02-18 19:05:09+00:00,5.4101596230848767e-05
2024-02-18 20:05:32+00:00,4.9023002572491815e-05
2024-02-18 21:06:01+00:00,4.806578236804714e-05
2024-02-18 22:05:31+00:00,6.61672480744957e-05
2024-02-18 23:06:20+00:00,9.488364308797711e-05
2024-02-19 00:05:01+00:00,8.37336136945113e-05
2024-02-19 01:00:40+00:00,8.929163336464283e-05
2024-02-19 02:05:39+00:00,7.147134938156444e-05
2024-02-19 03:06:03+00:00,7.850912483480748e-05
2024-02-19 04:02:21+00:00,7.114747683337686e-05
2024-02-19 05:06:41+00:00,7.370351901713527e-05
2024-02-19 06:05:45+00:00,7.697531022072347e-05
2024-02-19 07:05:31+00:00,0.00010780533151658141
2024-02-19 08:03:12+00:00,8.188001977179664e-05
2024-02-19 09:05:02+00:00,6.629662754883387e-05
2024-02-19 10:04:31+00:00,6.520348496860082e-05
2024-02-19 11:05:37+00:00,6.452616876550637e-05
2024-02-19 12:01:43+00:00,7.141063144112031e-05
2024-02-19 13:05:44+00:00,6.321101579051225e-05
2024-02-19 14:03:52+00:00,5.698955694391492e-05
2024-02-19 15:05:37+00:00,5.7664391880680415e-05
2024-02-19 16:05:59+00:00,0.00012045969645309714
2024-02-19 17:03:40+00:00,0.00014809054457629804
2024-02-19 18:05:39+00:00,0.0001479858540463061
2024-02-19 19:04:21+00:00,0.00015535903850899603
2024-02-19 20:03:46+00:00,0.00010779081576268026
2024-02-19 21:04:02+00:00,7.845132506688424e-05
2024-02-19 22:04:07+00:00,6.735568879965999e-05
2024-02-19 23:04:15+00:00,6.553950237590755e-05
2024-02-20 00:04:21+00:00,7.788365340801393e-05
2024-02-20 01:04:08+00:00,7.667908906406788e-05
2024-02-20 02:05:38+00:00,7.015753689691171e-05
2024-02-20 03:00:06+00:00,8.40202594128207e-05
2024-02-20 04:02:29+00:00,6.347670656236919e-05
2024-02-20 05:05:07+00:00,6.980551653138202e-05
2024-02-20 06:05:59+00:00,6.222051206859857e-05
2024-02-20 07:05:10+00:00,6.155273206821644e-05
2024-02-20 08:05:42+00:00,5.443170228367956e-05
2024-02-20 09:01:20+00:00,5.0911914917582336e-05
2024-02-20 10:04:09+00:00,4.914804960728492e-05
2024-02-20 11:04:14+00:00,6.563715261919253e-05
2024-02-20 12:04:09+00:00,5.505799160613568e-05
2024-02-20 13:02:10+00:00,5.0434440947132796e-05
2024-02-20 14:00:22+00:00,7.032293019567413e-05
2024-02-20 15:04:56+00:00,4.325647551179075e-05
2024-02-20 16:03:24+00:00,2.8548509167075176e-05
2024-02-20 17:01:58+00:00,2.5962788631536675e-05
2024-02-20 18:03:32+00:00,1.7774025602581856e-05
2024-02-20 19:05:12+00:00,3.7540220377292556e-05
2024-02-20 20:05:11+00:00,6.71003722367335e-05
2024-02-20 21:02:21+00:00,5.8078590137423184e-05
2024-02-20 22:03:50+00:00,5.6702944784180456e-05
2024-02-20 23:04:18+00:00,4.262925561213936e-05
2024-02-21 00:03:58+00:00,3.769652969230413e-05
2024-02-21 01:04:01+00:00,4.679829389524811e-05
2024-02-21 02:03:53+00:00,5.1674656733711263e-05
2024-02-21 03:00:46+00:00,5.5794603613378405e-05
2024-02-21 04:04:21+00:00,5.1926082286997566e-05
2024-02-21 05:04:56+00:00,4.955140097721321e-05
2024-02-21 06:02:25+00:00,5.451350052382004e-05
2024-02-21 07:01:44+00:00,5.181602404966936e-05
2024-02-21 08:04:48+00:00,5.140725259105854e-05
2024-02-21 09:03:58+00:00,5.0977229904512505e-05
2024-02-21 10:04:54+00:00,2.9513450238827947e-05
2024-02-21 11:00:38+00:00,1.4228737202814222e-05
2024-02-21 12:04:53+00:00,1.3084260791729114e-05
2024-02-21 13:05:06+00:00,1.5511348498827162e-05
2024-02-21 14:05:27+00:00,1.7008085374276263e-05
2024-02-21 15:04:22+00:00,1.3600894962184141e-05
2024-02-21 16:05:32+00:00,2.1033061608471668e-05
2024-02-21 17:05:10+00:00,2.788777724502758e-05
2024-02-21 18:06:10+00:00,1.869314878680986e-05
2024-02-21 19:06:09+00:00,2.1943495511414208e-05
2024-02-21 20:05:20+00:00,3.7065996208512396e-05
2024-02-21 21:05:13+00:00,4.334118909329562e-05
2024-02-21 22:04:49+00:00,4.7437478102610155e-05
2024-02-21 23:06:45+00:00,4.197870290131675e-05
2024-02-22 00:01:09+00:00,2.7242667799391823e-06
2024-02-22 01:05:45+00:00,-8.254683296459029e-06
2024-02-22 02:05:13+00:00,-1.2468387854590426e-05
2024-02-22 03:05:15+00:00,-1.9683971787599675e-06
2024-02-22 04:06:12+00:00,2.058887228992492e-06
2024-02-22 05:05:41+00:00,2.84511422016077e-06
2024-02-22 06:05:50+00:00,3.532077728764944e-06
2024-02-22 07:05:15+00:00,8.403101522729043e-06
2024-02-22 08:05:18+00:00,1.951952000284987e-05
2024-02-22 09:04:28+00:00,2.5444051743844065e-05
2024-02-22 10:04:57+00:00,2.6211204721001473e-05
2024-02-22 11:05:44+00:00,2.2836638765702597e-05
2024-02-22 12:05:21+00:00,2.2338502377904324e-05
2024-02-22 13:05:19+00:00,2.4962596346098282e-05
2024-02-22 14:02:13+00:00,2.6783977983011802e-05
2024-02-22 15:05:59+00:00,3.628931512511008e-05
2024-02-22 16:05:47+00:00,3.7598985608436244e-05
2024-02-22 17:05:20+00:00,3.3424133611745485e-05
2024-02-22 18:01:21+00:00,3.256870407688007e-05
2024-02-22 19:24:44+00:00,5.756837884641767e-06
2024-02-22 21:05:51+00:00,3.777105851149811e-05
2024-02-22 22:12:23+00:00,-5.3198099439068146e-05
2024-02-22 23:08:10+00:00,-9.451394030160159e-06
2024-02-23 00:09:51+00:00,2.4959404589658017e-05
2024-02-23 01:00:34+00:00,5.365514647091388e-05
2024-02-23 02:31:56+00:00,-0.00010578372517388199
2024-02-23 04:09:27+00:00,-0.00010278569039606558
2024-02-23 05:11:37+00:00,9.259104698802436e-05
2024-02-23 06:00:35+00:00,7.62852299755571e-05
2024-02-23 07:28:11+00:00,7.068818153417293e-05
2024-02-23 09:06:48+00:00,-5.373322561598767e-06
2024-02-23 10:18:38+00:00,7.853137806722621e-06
2024-02-23 11:34:23+00:00,7.575802858926511e-05
2024-02-23 13:12:36+00:00,4.402876866079677e-05
2024-02-23 14:22:39+00:00,0.00016401288100276805
2024-02-23 16:04:20+00:00,-3.397315926543807e-05
2024-02-23 17:20:01+00:00,0.00010787736374919932
2024-02-23 19:14:04+00:00,5.620809654484997e-05
2024-02-23 20:39:57+00:00,8.406661662300274e-05
2024-02-23 22:10:44+00:00,1.526086294523139e-05
2024-02-23 23:15:36+00:00,-0.0001398663581801413
2024-02-24 00:10:51+00:00,1.2938305094560288e-05
2024-02-24 01:47:42+00:00,-9.049406922416221e-05
2024-02-24 03:40:46+00:00,0.00020121721758021484
2024-02-24 05:15:55+00:00,0.000104849238786825
2024-02-24 06:05:26+00:00,0.0001083058542661919
2024-02-24 07:04:05+00:00,0.00012602368763409407
2024-02-24 08:00:00+00:00,0.00017533898506988778
2024-02-24 09:04:16+00:00,0.00015002544829265314
2024-02-24 10:05:05+00:00,0.00015512738178676794
2024-02-24 11:00:50+00:00,0.0001297706992344547
2024-02-24 12:04:37+00:00,8.024376575782339e-05
2024-02-24 13:04:17+00:00,6.906928156625321e-05
2024-02-24 14:02:15+00:00,6.108776452770856e-05
2024-02-24 15:04:14+00:00,5.655509354454003e-05
2024-02-24 16:04:09+00:00,5.534239248568856e-05
2024-02-24 17:03:45+00:00,5.526451054149509e-05
2024-02-24 18:02:01+00:00,6.016402873766152e-05
2024-02-24 19:03:48+00:00,4.382123444682115e-05
2024-02-24 20:00:55+00:00,3.790707820513849e-05
2024-02-24 21:04:19+00:00,3.693471803655443e-05
2024-02-24 22:01:33+00:00,3.8178914222583046e-05
2024-02-24 23:04:49+00:00,3.828346262309489e-05
2024-02-25 00:04:40+00:00,4.0970664811009895e-05
2024-02-25 01:04:19+00:00,4.046580610493127e-05
2024-02-25 02:01:36+00:00,4.035354818980053e-05
2024-02-25 03:04:49+00:00,4.932909471309962e-05
2024-02-25 04:04:46+00:00,5.2328251075199596e-05
2024-02-25 05:04:45+00:00,5.5555372457102424e-05
2024-02-25 06:04:26+00:00,5.929597233947172e-05
2024-02-25 07:04:42+00:00,6.883326931927361e-05
2024-02-25 08:02:29+00:00,6.933142430681122e-05
2024-02-25 09:04:46+00:00,6.972091163353166e-05
2024-02-25 10:04:47+00:00,7.6418123991807e-05
2024-02-25 11:03:25+00:00,8.204654876995101e-05
2024-02-25 12:04:44+00:00,0.00011236383531407509
2024-02-25 13:01:24+00:00,0.0001263063138804353
2024-02-25 14:04:42+00:00,0.0001048574335799405
2024-02-25 15:04:24+00:00,0.00011858531164654011
2024-02-25 16:04:55+00:00,0.00010836963056266117
2024-02-25 17:04:47+00:00,9.916926617474874e-05
2024-02-25 18:04:37+00:00,8.187489473035636e-05
2024-02-25 19:04:51+00:00,9.471487405855809e-05
2024-02-25 20:04:03+00:00,0.0001093577917774103
2024-02-25 21:05:02+00:00,8.054680057624173e-05
2024-02-25 22:04:33+00:00,8.142238229845524e-05
2024-02-25 23:03:57+00:00,8.461884336649243e-05
2024-02-26 00:04:25+00:00,9.058471139779795e-05
2024-02-26 01:06:04+00:00,9.877909096891661e-05
2024-02-26 02:07:27+00:00,9.244224283476435e-05
2024-02-26 03:04:49+00:00,0.00010284056360865683
2024-02-26 04:01:39+00:00,0.00010654651749719948
2024-02-26 05:04:17+00:00,0.00011008216071629049
2024-02-26 06:04:21+00:00,0.0001105146779909773
2024-02-26 07:03:55+00:00,0.00011697882088899062
2024-02-26 08:03:49+00:00,0.00010995649543321244
2024-02-26 09:04:22+00:00,0.00010647438873884058
2024-02-26 10:04:49+00:00,9.451792235819955e-05
2024-02-26 11:03:16+00:00,9.090568753460883e-05
2024-02-26 12:04:21+00:00,8.310012154639177e-05
2024-02-26 13:04:23+00:00,0.00010080761887147455
2024-02-26 14:03:49+00:00,0.00011095267260002105
2024-02-26 15:04:13+00:00,0.00010730814231402695
2024-02-26 16:04:14+00:00,9.757841523063561e-05
2024-02-26 17:02:12+00:00,0.00011723643463193742
2024-02-26 18:04:54+00:00,0.00014331823513570867
2024-02-26 19:00:11+00:00,0.00012644097514686575
2024-02-26 20:04:16+00:00,0.00013872804004061377
2024-02-26 21:02:35+00:00,0.00013786699689489617
2024-02-26 22:01:42+00:00,0.00010999109538502204
2024-02-26 23:05:01+00:00,0.00011262423707640973
2024-02-27 00:02:22+00:00,0.00010167223743941631
2024-02-27 01:05:27+00:00,8.569185717558168e-05
2024-02-27 02:00:27+00:00,0.00011128128931777222
2024-02-27 03:01:59+00:00,8.907774538153456e-05
2024-02-27 04:03:11+00:00,7.16795933789326e-05
2024-02-27 05:04:35+00:00,4.2652866858052175e-05
2024-02-27 06:04:03+00:00,4.123871685418508e-05
2024-02-27 07:03:43+00:00,4.923727039614841e-05
2024-02-27 08:03:59+00:00,4.848523597252958e-05
2024-02-27 09:04:27+00:00,5.787536691218179e-05
2024-02-27 10:04:04+00:00,9.714865071594104e-05
2024-02-27 11:01:49+00:00,9.495684899424508e-05
2024-02-27 12:03:23+00:00,7.18118273701629e-05
2024-02-27 13:03:08+00:00,7.307145101023081e-05
2024-02-27 14:02:37+00:00,7.964060573231789e-05
2024-02-27 15:04:01+00:00,8.83235252510519e-05
2024-02-27 16:05:18+00:00,8.805975432684314e-05
2024-02-27 17:04:21+00:00,0.00012384003326440187
2024-02-27 18:03:59+00:00,0.00016672107674049638
2024-02-27 19:04:00+00:00,0.00020309151262699532
2024-02-27 20:04:06+00:00,0.00017172062078910688
2024-02-27 21:03:08+00:00,0.00016081064974521157
2024-02-27 22:04:03+00:00,0.00015326496984018954
2024-02-27 23:04:36+00:00,0.00019955235711142363
2024-02-28 00:00:50+00:00,0.00019854112068294792
2024-02-28 01:03:38+00:00,0.00020581916748134074
2024-02-28 02:03:37+00:00,0.00018454306384102213
2024-02-28 03:00:03+00:00,0.00018504159635207863
2024-02-28 04:04:27+00:00,0.00010864585782159678
2024-02-28 05:04:08+00:00,0.00010326789356133383
2024-02-28 06:04:05+00:00,8.694568007007954e-05
2024-02-28 07:04:24+00:00,9.22339562480181e-05
2024-02-28 08:04:15+00:00,0.0001008231547752275
2024-02-28 09:04:38+00:00,0.00010384547821531615
2024-02-28 10:01:55+00:00,0.00010895719132683765
2024-02-28 11:03:53+00:00,7.62437728895569e-05
2024-02-28 12:04:26+00:00,6.003008484197222e-05
2024-02-28 13:05:08+00:00,6.364380844135433e-05
2024-02-28 14:01:14+00:00,9.657223198928306e-05
2024-02-28 15:04:31+00:00,6.756893849573191e-05
2024-02-28 16:04:59+00:00,7.582511627569029e-05
2024-02-28 17:04:22+00:00,9.82167915853751e-05
2024-02-28 18:04:26+00:00,-7.395913609812307e-07
2024-02-28 19:00:57+00:00,9.029313554369614e-06
2024-02-28 20:05:08+00:00,4.518751001087026e-05
2024-02-28 21:05:04+00:00,7.405317602443239e-05
2024-02-28 22:04:14+00:00,0.00013147596519508638
2024-02-28 23:05:15+00:00,0.00015711682210572419
2024-02-29 00:03:57+00:00,0.00017491958654016753
2024-02-29 01:04:44+00:00,0.00018796632673897528
2024-02-29 02:04:37+00:00,0.00015991911188147415
2024-02-29 03:07:10+00:00,0.00016369713789163193
2024-02-29 04:04:25+00:00,0.00017502173859340153
2024-02-29 05:04:33+00:00,0.00020334870394092652
2024-02-29 06:05:22+00:00,0.0002680215961373451
2024-02-29 07:01:15+00:00,0.00024859894715581785
2024-02-29 08:01:57+00:00,0.00021643925910815815
2024-02-29 09:00:46+00:00,0.00018195016798872005
2024-02-29 10:03:45+00:00,0.00016774871276641222
2024-02-29 11:04:16+00:00,0.00021038578511798305
2024-02-29 12:00:56+00:00,0.00019807920492171164
2024-02-29 13:01:16+00:00,0.00024576378968224833
2024-02-29 14:03:16+00:00,0.0002690664175277396
2024-02-29 15:03:58+00:00,0.0002593672492448769
2024-02-29 16:04:12+00:00,0.0003577504313754032
2024-02-29 17:03:04+00:00,0.00027910765833397675
2024-02-29 18:05:26+00:00,0.00024369903906100906
2024-02-29 19:04:40+00:00,0.00023964645218009444
2024-02-29 20:04:15+00:00,0.0003484161088985433
2024-02-29 21:03:58+00:00,0.0003350825095184581
2024-02-29 22:03:52+00:00,0.00021420591574772193
2024-02-29 23:00:39+00:00,2.346046013067381e-05
2024-03-01 00:03:34+00:00,0.00031832509432535037
2024-03-01 01:03:51+00:00,0.0002900471259173976
2024-03-01 02:04:42+00:00,0.00022925593173284223
2024-03-01 03:06:20+00:00,0.00017437148340340125
2024-03-01 04:04:40+00:00,0.0002123611474983696
2024-03-01 05:04:49+00:00,0.0003278581248446683
2024-03-01 06:04:34+00:00,0.00020202192531132136
2024-03-01 07:05:11+00:00,0.0003490421505438449
2024-03-01 08:03:53+00:00,0.00027788327506232793
2024-03-01 09:03:25+00:00,0.0003577999403368316
2024-03-01 10:03:52+00:00,0.00015969778856893824
2024-03-01 11:05:01+00:00,0.000198875217679366
2024-03-01 12:04:27+00:00,0.00016518306741787958
2024-03-01 13:01:23+00:00,0.0002506007289369872
2024-03-01 14:04:37+00:00,0.00037689594878759583
2024-03-01 15:04:15+00:00,0.00033058641942413795
2024-03-01 16:05:15+00:00,0.00031965625648767515
2024-03-01 17:04:45+00:00,0.0003527503354932758
2024-03-01 18:03:12+00:00,0.00035393895163063463
2024-03-01 19:04:43+00:00,0.00034633881143460225
2024-03-01 20:05:45+00:00,0.00031537301841889735
2024-03-01 21:03:57+00:00,0.0003120491496652798
2024-03-01 22:00:46+00:00,0.0003734096084380695
2024-03-01 23:04:50+00:00,0.000394496048964354
2024-03-02 00:05:27+00:00,0.00036706992030140505
2024-03-02 01:05:05+00:00,0.0003688531665933373
2024-03-02 02:04:10+00:00,0.0003743725476770758
2024-03-02 03:05:30+00:00,0.000343667159027975
2024-03-02 04:04:59+00:00,0.0003375665822499727
2024-03-02 05:04:51+00:00,0.0004355340512208699
2024-03-02 06:01:10+00:00,0.0005094438125878653
2024-03-02 07:04:27+00:00,0.0003754551528067077
2024-03-02 08:04:31+00:00,0.00031459259694129944
2024-03-02 09:00:02+00:00,0.0003429472183853443
2024-03-02 10:05:38+00:00,0.0003556838613014209
2024-03-02 11:05:42+00:00,0.0003147452930289163
2024-03-02 12:06:16+00:00,0.00029773564067896434
2024-03-02 13:05:15+00:00,0.0003382601061798977
2024-03-02 14:03:19+00:00,0.00036433530426835305
2024-03-02 15:02:14+00:00,0.00026595133694404764
2024-03-02 16:00:11+00:00,0.00021195055226175898
2024-03-02 17:02:04+00:00,0.0002555810829178988
2024-03-02 18:06:11+00:00,0.00029869572961460113
2024-03-02 19:02:41+00:00,0.0003149922088251641
2024-03-02 20:00:59+00:00,0.00030117992833102707
2024-03-02 21:06:36+00:00,0.00030484261040660004
2024-03-02 22:04:53+00:00,0.0003159743628533661
2024-03-02 23:06:27+00:00,0.0003570310358911779
2024-03-03 00:04:55+00:00,0.0003373211554538566
2024-03-03 01:04:14+00:00,0.000339101841492972
2024-03-03 02:00:12+00:00,0.0003446165809114209
2024-03-03 03:05:27+00:00,0.00041013814939126503
2024-03-03 04:05:52+00:00,0.0004520984804194873
2024-03-03 05:06:17+00:00,0.0004581939642142214
2024-03-03 06:05:03+00:00,0.00044441885728709757
2024-03-03 07:05:32+00:00,0.00047341356896881645
2024-03-03 08:00:45+00:00,0.00028019601445411935
2024-03-03 09:05:40+00:00,0.00024685567113718514
2024-03-03 10:04:23+00:00,0.00027979982760732155
2024-03-03 11:04:32+00:00,0.00026665632809615516
2024-03-03 12:02:04+00:00,0.00030912471660659636
2024-03-03 13:04:43+00:00,0.0003054548695544586
2024-03-03 14:05:13+00:00,0.0002848183786457216
2024-03-03 15:01:44+00:00,0.0002614095057086811
2024-03-03 16:05:55+00:00,0.00028704019513505966
2024-03-03 17:07:05+00:00,0.00019114742634698202
2024-03-03 18:00:37+00:00,0.00017558935931206207
2024-03-03 19:05:44+00:00,0.00020642276776007174
2024-03-03 20:00:47+00:00,0.00022126015528025893
2024-03-03 21:00:45+00:00,0.00020828276305567188
2024-03-03 22:04:18+00:00,0.0002353293431223605
2024-03-03 23:05:40+00:00,0.00018931566734403522
2024-03-04 00:04:11+00:00,0.0001541662413021065
2024-03-04 01:06:04+00:00,0.0001431527414829735
2024-03-04 02:04:24+00:00,0.00014537999183045154
2024-03-04 03:03:38+00:00,0.00013566506698483118
2024-03-04 04:05:27+00:00,0.0001418930324113649
2024-03-04 05:04:21+00:00,0.000175863381754253
2024-03-04 06:01:49+00:00,0.00015627347551510704
2024-03-04 07:01:24+00:00,0.0001475449510674611
2024-03-04 08:03:42+00:00,0.00014954186079570213
2024-03-04 09:01:10+00:00,0.0001488304991698675
2024-03-04 10:04:20+00:00,0.00015525135577590236
2024-03-04 11:03:50+00:00,0.0001495352923941882
2024-03-04 12:04:22+00:00,0.00016906938094273297
2024-03-04 13:04:10+00:00,0.00020863621032256476
2024-03-04 14:02:36+00:00,0.00017141865006525258
2024-03-04 15:04:50+00:00,0.00018868060439732086
2024-03-04 16:05:00+00:00,0.00014855402626752143
2024-03-04 17:03:23+00:00,9.021602259347224e-05
2024-03-04 18:01:59+00:00,9.625279633494845e-05
2024-03-04 19:07:20+00:00,7.66947196995088e-06
2024-03-04 20:01:53+00:00,2.191847415518801e-05
2024-03-04 21:04:06+00:00,1.257005966948403e-05
2024-03-04 22:04:54+00:00,1.5719215016571615e-05
2024-03-04 23:05:04+00:00,1.5108203898299003e-05
2024-03-05 00:04:11+00:00,1.1814312693282889e-05
2024-03-05 01:03:21+00:00,2.330919253576889e-06
2024-03-05 02:04:49+00:00,1.632747456743593e-05
2024-03-05 03:03:54+00:00,1.0614157627286822e-05
2024-03-05 04:04:32+00:00,2.3960930550351704e-05
2024-03-05 05:00:32+00:00,3.391136275923328e-05
2024-03-05 06:04:13+00:00,0.00017068776875955755
2024-03-05 07:04:45+00:00,0.0002080890329063456
2024-03-05 08:03:39+00:00,0.00015660091889229836
2024-03-05 09:05:43+00:00,0.0001496774018378001
2024-03-05 10:04:40+00:00,0.00018043987731924328
2024-03-05 11:05:57+00:00,0.00019205377027741027
2024-03-05 12:04:20+00:00,0.00018390107162257515
2024-03-05 13:11:25+00:00,0.00015128751113451468
2024-03-05 14:00:02+00:00,0.00019376216583816928
2024-03-05 15:16:00+00:00,0.0001027727037839721
2024-03-05 16:04:51+00:00,0.0001480512928941783
2024-03-05 17:04:31+00:00,0.00010734133624964778
2024-03-05 18:06:50+00:00,7.375046575649414e-05
2024-03-05 19:01:17+00:00,5.992946409024347e-05
2024-03-05 20:05:19+00:00,-0.00014142315093363823
2024-03-05 21:03:53+00:00,-0.00011746699766047106
2024-03-05 22:04:08+00:00,1.926445096641929e-05
2024-03-05 23:05:45+00:00,7.196485928592641e-05
2024-03-06 00:05:51+00:00,0.00012278863624587275
2024-03-06 01:05:13+00:00,0.00012597060432451961
2024-03-06 02:01:59+00:00,0.00011585593571563806
2024-03-06 03:04:26+00:00,6.949598750667676e-05
2024-03-06 04:05:27+00:00,7.507917586534135e-05
2024-03-06 05:09:16+00:00,0.00011579551631740624
2024-03-06 06:06:50+00:00,0.0001740541385692068
2024-03-06 07:01:39+00:00,0.00026547423211961994
2024-03-06 08:03:06+00:00,0.00023753994385375396
2024-03-06 09:04:28+00:00,0.00021775057388800738
2024-03-06 10:04:17+00:00,0.00021383369801006272
2024-03-06 11:07:13+00:00,0.0002139471196022805
2024-03-06 12:04:33+00:00,0.0002459656636545912
2024-03-06 13:06:06+00:00,0.0002037624790813088
2024-03-06 14:03:13+00:00,0.00014506906680922021
2024-03-06 15:02:29+00:00,0.00019917679911466392
2024-03-06 16:05:17+00:00,0.00015710491087723915
2024-03-06 17:14:08+00:00,0.00019934351576461571
2024-03-06 18:03:25+00:00,0.0001840492185549327
2024-03-06 19:03:04+00:00,0.00022320420550415917
2024-03-06 20:04:24+00:00,0.00022924636083939927
2024-03-06 21:05:18+00:00,0.00020107049071879372
2024-03-06 22:00:48+00:00,0.0002037971603754711
2024-03-06 23:01:56+00:00,0.00019659323581319984
2024-03-07 00:03:08+00:00,0.00020062084827338254
2024-03-07 01:03:00+00:00,0.00021371116448469572
2024-03-07 02:06:08+00:00,0.00017786809521642884
2024-03-07 03:00:18+00:00,0.00017895000642253502
2024-03-07 04:12:17+00:00,0.00018221022512132808
2024-03-07 05:08:23+00:00,0.00012692007476475595
2024-03-07 06:05:41+00:00,0.00012768968484419443
2024-03-07 07:05:38+00:00,0.00014783360758664025
2024-03-07 08:06:16+00:00,0.00019358103729776106
2024-03-07 09:05:53+00:00,0.00018645225129967487
2024-03-07 10:05:59+00:00,0.00021562652218039304
2024-03-07 11:06:10+00:00,0.00023427424454423732
2024-03-07 12:06:25+00:00,0.00021421089036748742
2024-03-07 13:01:46+00:00,0.00022954808358926948
2024-03-07 14:04:21+00:00,0.00019288257689863998
2024-03-07 15:03:46+00:00,0.00023247038323300113
2024-03-07 16:03:26+00:00,0.00021672340466603345
2024-03-07 17:00:14+00:00,0.00021435005289362576
2024-03-07 18:05:55+00:00,0.00021742260576178797
2024-03-07 19:05:00+00:00,0.0002490600512948835
2024-03-07 20:05:02+00:00,0.00017709659464746773
2024-03-07 21:05:36+00:00,0.00017592178220639978
2024-03-07 22:04:33+00:00,0.00018488008944558771
2024-03-07 23:03:21+00:00,0.00018850976574788568
2024-03-08 00:05:36+00:00,0.00022826412733852004
2024-03-08 01:03:32+00:00,0.00022409400189517072
2024-03-08 02:04:17+00:00,0.0002174735840302409
2024-03-08 03:05:08+00:00,0.00023311431970043489
2024-03-08 04:04:30+00:00,0.0003150346149661425
2024-03-08 05:05:31+00:00,0.00030747205379367057
2024-03-08 06:01:18+00:00,0.0003153806926069028
2024-03-08 07:04:47+00:00,0.00035547908095728424
2024-03-08 08:00:46+00:00,0.0003371398903147904
2024-03-08 09:01:39+00:00,0.00036697013702917093
2024-03-08 10:04:38+00:00,0.0003673761676194113
2024-03-08 11:04:12+00:00,0.0003963086660568082
2024-03-08 12:03:57+00:00,0.00035605577228686443
2024-03-08 13:00:04+00:00,0.0003547478289211893
2024-03-08 14:04:04+00:00,0.00027634277310726815
2024-03-08 15:05:24+00:00,0.00020400593379205095
2024-03-08 16:01:21+00:00,0.00010192743324000733
2024-03-08 17:11:10+00:00,0.00020740724017883114
2024-03-08 18:05:42+00:00,0.00023698226111045227
2024-03-08 19:05:00+00:00,0.00023384217833116695
2024-03-08 20:09:08+00:00,0.00028945216986820294
2024-03-08 21:05:16+00:00,0.00027796356965675205
2024-03-08 22:05:09+00:00,0.00027411036546119537
2024-03-08 23:02:53+00:00,0.00026940827956327065
2024-03-09 00:05:52+00:00,0.0002691560820366604
2024-03-09 01:06:21+00:00,0.0002604517547492255
2024-03-09 02:06:28+00:00,0.00028601141334699316
2024-03-09 03:06:06+00:00,0.0002732594196427941
2024-03-09 04:04:29+00:00,0.00027671042611975856
2024-03-09 05:06:07+00:00,0.0002965472660457707
2024-03-09 06:06:45+00:00,0.00030217230697024867
2024-03-09 07:05:47+00:00,0.00033101483433860057
2024-03-09 08:04:27+00:00,0.0003634649811611434
2024-03-09 09:06:24+00:00,0.00038149219302405853
2024-03-09 10:06:19+00:00,0.0003603689589250494
2024-03-09 11:05:44+00:00,0.00030396248820548766
2024-03-09 12:05:51+00:00,0.0002939847802567378
2024-03-09 13:02:05+00:00,0.00026669965905039186
2024-03-09 14:06:43+00:00,0.00026330742377819077
2024-03-09 15:05:45+00:00,0.00025165693521908165
2024-03-09 16:08:21+00:00,0.00023766613121159965
2024-03-09 17:05:59+00:00,0.00024224431838676562
2024-03-09 18:00:06+00:00,0.00016032973698656345
2024-03-09 19:05:02+00:00,0.00024825730219236905
2024-03-09 20:01:50+00:00,0.00023716378909520783
2024-03-09 21:05:20+00:00,0.00025395228388159325
2024-03-09 22:04:29+00:00,0.0002470190242330481
2024-03-09 23:04:45+00:00,0.0002624087126454118
2024-03-10 00:01:57+00:00,0.0002663200773660012
2024-03-10 01:04:45+00:00,0.00025528185178136397
2024-03-10 02:04:28+00:00,0.0002254771164220771
2024-03-10 03:05:24+00:00,0.0002221709219377709
2024-03-10 04:03:17+00:00,0.00021593402874156426
2024-03-10 05:06:55+00:00,0.00021821740890663906
2024-03-10 06:05:54+00:00,0.00022827353973270737
2024-03-10 07:04:38+00:00,0.00024242389845855218
2024-03-10 08:04:56+00:00,0.00023824045165091566
2024-03-10 09:03:40+00:00,0.00020492249454953393
2024-03-10 10:00:12+00:00,0.00018217512267269253
2024-03-10 11:04:53+00:00,0.0002296260369688144
2024-03-10 12:05:57+00:00,0.00020471342864100383
2024-03-10 13:02:29+00:00,0.00019371176500519667
2024-03-10 14:05:26+00:00,0.000186467980131749
2024-03-10 15:03:27+00:00,0.00016971216723007728
2024-03-10 16:04:02+00:00,0.00016368640922349
2024-03-10 17:07:23+00:00,0.00022827913493391125
2024-03-10 18:04:38+00:00,0.00020830227811837886
2024-03-10 19:04:36+00:00,0.00020975907487470847
2024-03-10 20:05:15+00:00,0.00020283282458449372
2024-03-10 21:05:02+00:00,0.00017660932620483134
2024-03-10 22:05:15+00:00,0.00017193082457474612
2024-03-10 23:01:37+00:00,0.0001742152085290374
2024-03-11 00:03:01+00:00,9.353533114891729e-05
2024-03-11 01:03:02+00:00,3.850096884423531e-05
2024-03-11 02:04:21+00:00,1.3083203734315228e-06
2024-03-11 03:03:37+00:00,0.00010496195402236436
2024-03-11 04:05:04+00:00,0.00014851056526610983
2024-03-11 05:01:20+00:00,0.00019099062523586928
2024-03-11 06:04:37+00:00,0.0001875849526945504
2024-03-11 07:05:46+00:00,0.00023319273498775665
2024-03-11 08:04:18+00:00,0.00020524758607961153
2024-03-11 09:04:14+00:00,0.00029362735758299053
2024-03-11 10:04:00+00:00,0.00030640616070829146
2024-03-11 11:05:15+00:00,0.0003661417034180168
2024-03-11 12:06:15+00:00,0.0003198435165201809
2024-03-11 13:00:04+00:00,0.0002987154538243034
2024-03-11 14:02:16+00:00,0.0002975747323564985
2024-03-11 15:11:24+00:00,0.00031981476402346437
2024-03-11 16:03:53+00:00,0.0002929850357083901
2024-03-11 17:06:09+00:00,0.0002827573304853345
2024-03-11 18:05:58+00:00,0.00027650245032378215
2024-03-11 19:01:39+00:00,0.00030508638207792636
2024-03-11 20:06:13+00:00,0.00026911239014022097
2024-03-11 21:02:52+00:00,0.00031859218946764885
2024-03-11 22:06:13+00:00,0.00032677262828974073
2024-03-11 23:12:10+00:00,0.00028149729637574016
2024-03-12 00:00:59+00:00,0.00029124849768342504
2024-03-12 01:04:25+00:00,0.0002495065731252635
2024-03-12 02:03:32+00:00,0.00025193327128214586
2024-03-12 03:04:20+00:00,0.0002866321987964321
2024-03-12 04:03:39+00:00,0.0002711362960493789
2024-03-12 05:05:53+00:00,0.00020004032402431654
2024-03-12 06:03:59+00:00,0.0001938303191182878
2024-03-12 07:02:04+00:00,0.00014893474861660448
2024-03-12 08:05:01+00:00,0.00014926385828653978
2024-03-12 09:02:50+00:00,0.0001002043863139054
2024-03-12 10:01:15+00:00,0.0001146547583443464
2024-03-12 11:04:03+00:00,0.000190377726160317
2024-03-12 12:00:59+00:00,0.00023126569002978345
2024-03-12 13:01:28+00:00,0.00020097119436478968
2024-03-12 14:03:38+00:00,0.00023816760320124545
2024-03-12 15:05:04+00:00,0.00021982060254734925
2024-03-12 16:06:51+00:00,0.00027564328674182733
2024-03-12 17:00:15+00:00,0.00021797678750156904
2024-03-12 18:03:10+00:00,0.0001406149382105113
2024-03-12 19:06:20+00:00,0.0001842531146187776
2024-03-12 20:04:35+00:00,0.00017858441143078714
2024-03-12 21:06:48+00:00,0.00014722394452374113
2024-03-12 22:05:40+00:00,0.0001290587605521341
2024-03-12 23:07:51+00:00,0.00011955377780324664
2024-03-13 00:05:56+00:00,0.00014865028498680752
2024-03-13 01:05:31+00:00,0.0001208378225217722
2024-03-13 02:07:01+00:00,0.00014892062953967923
2024-03-13 03:06:10+00:00,0.00018354194830446754
2024-03-13 04:02:16+00:00,0.0001832968153662091
2024-03-13 05:06:18+00:00,0.00018416849986105526
2024-03-13 06:04:06+00:00,0.00023042575124443727
2024-03-13 07:05:52+00:00,0.0002892412204476669
2024-03-13 08:05:17+00:00,0.00028370736480425713
2024-03-13 09:02:25+00:00,0.00028036664489628583
2024-03-13 10:05:57+00:00,0.00028992730054518476
2024-03-13 11:03:12+00:00,0.00031830370383850574
2024-03-13 12:04:11+00:00,0.0003178987500508075
2024-03-13 13:08:05+00:00,0.00028867591205132255
2024-03-13 14:06:13+00:00,0.00027928221496703923
2024-03-13 15:05:47+00:00,0.0002446505844090995
2024-03-13 16:14:26+00:00,0.00028746566855221997
2024-03-13 17:09:35+00:00,0.0003918327661881351
2024-03-13 18:05:54+00:00,0.00039911645064305497
2024-03-13 19:04:25+00:00,0.00042297092248487516
2024-03-13 20:08:43+00:00,0.0003492558144777421
2024-03-13 21:02:20+00:00,0.0003760752586574599
2024-03-13 22:11:31+00:00,0.00034318545142144274
2024-03-13 23:02:33+00:00,0.00034065723495658334
2024-03-14 00:07:49+00:00,0.0003697360644392682
2024-03-14 01:01:00+00:00,0.00033754486409005006
2024-03-14 02:00:31+00:00,0.00038854212320131484
2024-03-14 03:00:20+00:00,0.0004794006157526743
2024-03-14 04:03:17+00:00,0.0004721642744940122
2024-03-14 05:04:48+00:00,0.0004602101685736645
2024-03-14 06:04:23+00:00,0.0004059841425301872
2024-03-14 07:04:13+00:00,0.00044958223232642613
2024-03-14 08:06:08+00:00,0.0004605234908611032
2024-03-14 09:03:58+00:00,0.0004419445406748895
2024-03-14 10:04:44+00:00,0.0004738749809281881
2024-03-14 11:00:34+00:00,0.00043323907416451907
2024-03-14 12:03:31+00:00,0.0003140917361083028
2024-03-14 13:06:27+00:00,0.0003450616628864045
2024-03-14 14:00:38+00:00,0.00022862264820063422
2024-03-14 15:07:41+00:00,0.00036108993810204866
2024-03-14 16:25:41+00:00,0.0002882683830560971
2024-03-14 18:00:40+00:00,0.00030987042094521815
2024-03-14 19:13:02+00:00,0.0002978143512184893
2024-03-14 20:11:38+00:00,0.00032018310103234263
2024-03-14 21:01:22+00:00,0.0003316863330337078
2024-03-14 22:02:03+00:00,0.00029368335590539135
2024-03-14 23:11:52+00:00,0.00028162521755166134
2024-03-15 00:11:54+00:00,0.0002671155770384612
2024-03-15 01:08:45+00:00,0.0002629483493313139
2024-03-15 02:24:52+00:00,0.0001912495357889233
2024-03-15 04:08:31+00:00,0.00011070996339430914
2024-03-15 05:14:05+00:00,0.00010846742535365561
2024-03-15 06:04:11+00:00,0.0002076999107990529
2024-03-15 07:01:25+00:00,0.00025383962917481593
2024-03-15 08:12:43+00:00,0.00024103799250049435
2024-03-15 09:05:36+00:00,0.00014719436032475464
2024-03-15 10:14:36+00:00,0.00024030772784221463
2024-03-15 11:01:16+00:00,0.00024230697222881963
2024-03-15 12:09:41+00:00,0.00024590359867633334
2024-03-15 13:03:57+00:00,0.00024247686625235808
2024-03-15 14:07:44+00:00,0.0001429289325217983
2024-03-15 16:06:11+00:00,0.0001243903282554264
2024-03-15 17:04:30+00:00,0.00012254015758280743
2024-03-15 18:12:29+00:00,0.00017191445781411334
2024-03-15 19:06:50+00:00,0.00018325956360136885
2024-03-15 20:07:31+00:00,0.00020776773822952163
2024-03-15 21:11:47+00:00,0.0001945809140831045
2024-03-15 22:13:52+00:00,0.0002106614577402086
2024-03-15 23:05:56+00:00,0.00023530487662283458
2024-03-16 00:22:41+00:00,0.000222227848676213
2024-03-16 02:10:25+00:00,0.00021113233519924555
2024-03-16 03:03:18+00:00,0.00018777572301554926
2024-03-16 04:35:39+00:00,0.00020672091065914474
2024-03-16 06:08:02+00:00,0.00019355948821086667
2024-03-16 07:23:51+00:00,0.00016107420016310003
2024-03-16 09:00:58+00:00,0.00019198123957054274
2024-03-16 10:05:53+00:00,0.0001710755650626927
2024-03-16 11:06:38+00:00,0.0001723958767466793
2024-03-16 12:04:15+00:00,0.00017613477859575803
2024-03-16 13:02:29+00:00,0.00019683912291002849
2024-03-16 14:01:15+00:00,0.00022508602633939545
2024-03-16 15:04:28+00:00,0.00033150446589813397
2024-03-16 16:03:18+00:00,0.0003627921581870946
2024-03-16 17:10:53+00:00,0.00031178915768821403
2024-03-16 18:02:21+00:00,0.0003229326734014635
2024-03-16 19:01:04+00:00,0.00037040562494685845
2024-03-16 20:02:15+00:00,0.00035322092026914757
2024-03-16 21:04:54+00:00,0.0001843791168363644
2024-03-16 22:07:01+00:00,0.00011501253175208255
2024-03-16 23:05:13+00:00,7.929007648869947e-05
2024-03-17 00:06:53+00:00,7.516245869632297e-05
2024-03-17 01:02:46+00:00,0.00010071578095890405
2024-03-17 02:06:52+00:00,0.00015401710894066703
2024-03-17 03:02:54+00:00,0.00018310085980366656
2024-03-17 04:02:21+00:00,0.0001874807728674469
2024-03-17 05:06:25+00:00,0.00015818900333588215
2024-03-17 06:03:28+00:00,0.00016191306672228332
2024-03-17 07:00:05+00:00,0.00014045973086262054
2024-03-17 08:01:09+00:00,0.00010023791729347869
2024-03-17 09:01:36+00:00,0.00016298111956416402
2024-03-17 10:06:06+00:00,0.00016135445102553582
2024-03-17 11:06:05+00:00,0.00017543362238939836
2024-03-17 12:06:24+00:00,0.0001449327709894968
2024-03-17 13:00:00+00:00,0.00013493527082131926
2024-03-17 14:06:08+00:00,0.00020914564673317728
2024-03-17 15:07:57+00:00,0.0002029366048021192
2024-03-17 16:06:23+00:00,0.00021547985281149634
2024-03-17 17:07:31+00:00,0.00016848541685940638
2024-03-17 18:05:04+00:00,0.00019644482335796914
2024-03-17 19:06:23+00:00,0.00014649320574407345
2024-03-17 20:05:21+00:00,0.0001819679739592214
2024-03-17 21:05:06+00:00,0.0001677135657500439
2024-03-17 22:05:54+00:00,0.0001506667665829465
2024-03-17 23:02:47+00:00,0.00016606824521814503
2024-03-18 00:05:16+00:00,0.00014483453421079598
2024-03-18 01:04:21+00:00,0.0001373048447656798
2024-03-18 02:05:27+00:00,0.00018406496736953453
2024-03-18 03:01:13+00:00,0.00018210588192418627
2024-03-18 04:05:32+00:00,0.00014715990794075565
2024-03-18 05:00:37+00:00,0.00017438227284856126
2024-03-18 06:05:08+00:00,0.00016513378214017498
2024-03-18 07:05:10+00:00,0.00019206077909448175
2024-03-18 08:06:01+00:00,0.00021379297308718492
2024-03-18 09:02:22+00:00,0.0001444610776102893
2024-03-18 10:00:34+00:00,0.00011703452064418489
2024-03-18 11:01:28+00:00,0.0001474698768121756
2024-03-18 12:05:45+00:00,0.00012727836609477262
2024-03-18 13:03:07+00:00,0.00013603317524610325
2024-03-18 14:02:23+00:00,0.00010856536619854351
2024-03-18 15:03:39+00:00,0.00010911671101683565
2024-03-18 16:05:40+00:00,0.00016049133747118104
2024-03-18 17:02:52+00:00,0.0001923236518760361
2024-03-18 18:07:05+00:00,0.00016035096533211258
2024-03-18 19:05:04+00:00,0.00014450425358678265
2024-03-18 20:05:03+00:00,0.0001786657609549015
2024-03-18 21:07:54+00:00,0.00021458994246740742
2024-03-18 22:04:58+00:00,0.00018601290645487955
2024-03-18 23:07:03+00:00,0.00013498055148429523
2024-03-19 00:00:42+00:00,0.00012720354295813908
2024-03-19 01:05:10+00:00,9.96494350868099e-05
2024-03-19 02:01:33+00:00,9.166085545229436e-06
2024-03-19 03:05:22+00:00,7.214312791208119e-05
2024-03-19 04:05:02+00:00,6.245660647887099e-05
2024-03-19 05:07:00+00:00,5.2932599536221694e-05
2024-03-19 06:01:47+00:00,4.673468231954743e-05
2024-03-19 07:02:32+00:00,3.910448519429875e-05
2024-03-19 08:01:47+00:00,1.924260898888359e-05
2024-03-19 09:00:12+00:00,5.042814518441324e-06
2024-03-19 10:04:27+00:00,4.7545022777848105e-07
2024-03-19 11:05:12+00:00,1.3782758695592636e-05
2024-03-19 12:05:36+00:00,3.788048517049752e-05
2024-03-19 13:03:54+00:00,5.794920391591068e-05
2024-03-19 14:05:40+00:00,6.424766759011872e-05
2024-03-19 15:02:26+00:00,4.5889872302220935e-05
2024-03-19 16:05:59+00:00,6.081952377246333e-05
2024-03-19 17:06:36+00:00,5.206794476246668e-05
2024-03-19 18:03:09+00:00,4.096726992995486e-05
2024-03-19 19:05:38+00:00,3.976349816661e-05
2024-03-19 20:06:34+00:00,4.517681221625765e-05
2024-03-19 21:06:56+00:00,3.127589326805632e-05
2024-03-19 22:05:46+00:00,4.617342431305038e-05
2024-03-19 23:02:55+00:00,3.511813598088791e-05
2024-03-20 00:05:54+00:00,3.14605423477563e-05
2024-03-20 01:07:53+00:00,5.501775785146156e-05
2024-03-20 02:11:39+00:00,5.937747309935173e-05
2024-03-20 03:09:02+00:00,7.469389987970707e-05
2024-03-20 04:06:29+00:00,5.046250404237571e-05
2024-03-20 05:07:09+00:00,4.138294415375393e-05
2024-03-20 06:06:08+00:00,3.861820615511661e-05
2024-03-20 07:07:53+00:00,2.8963221659979773e-05
2024-03-20 08:01:44+00:00,3.6185974594484366e-05
2024-03-20 09:07:26+00:00,2.8487451481438844e-05
2024-03-20 10:06:24+00:00,3.0109056839256964e-05
2024-03-20 11:07:11+00:00,3.708127434678408e-05
2024-03-20 12:06:46+00:00,5.956064485266155e-05
2024-03-20 13:03:35+00:00,5.5249136428706134e-05
2024-03-20 14:04:50+00:00,4.04673744973447e-05
2024-03-20 15:06:55+00:00,4.229195959136069e-05
2024-03-20 16:06:55+00:00,3.07929810877348e-05
2024-03-20 17:02:07+00:00,2.2668008063984258e-05
2024-03-20 18:12:19+00:00,2.374747679443426e-05
2024-03-20 19:02:58+00:00,7.117117472697059e-05
2024-03-20 20:07:30+00:00,3.092063287128704e-05
2024-03-20 21:02:11+00:00,3.1397098153848464e-05
2024-03-20 22:00:35+00:00,2.353465422373025e-05
2024-03-20 23:05:17+00:00,2.994340410247449e-05
2024-03-21 00:05:55+00:00,3.081136617554402e-05
2024-03-21 01:07:30+00:00,2.8003822010215083e-05
2024-03-21 02:01:52+00:00,3.7995914222197726e-05
2024-03-21 03:00:09+00:00,2.7217080718208055e-05
2024-03-21 04:05:20+00:00,2.9026069294857487e-05
2024-03-21 05:07:40+00:00,2.3889649793173154e-05
2024-03-21 06:12:10+00:00,2.571863583783314e-05
2024-03-21 07:06:26+00:00,3.2440363062137186e-05
2024-03-21 08:05:57+00:00,3.586072930736879e-05
2024-03-21 09:02:09+00:00,3.780485256545719e-05
2024-03-21 10:06:26+00:00,2.9200813316180454e-05
2024-03-21 11:06:07+00:00,2.5997208897521096e-05
2024-03-21 12:02:00+00:00,2.361609427902655e-05
2024-03-21 13:06:32+00:00,2.2488221453747832e-05
2024-03-21 14:08:34+00:00,2.315140681538116e-05
2024-03-21 15:00:58+00:00,2.5184644701018633e-05
2024-03-21 16:06:53+00:00,2.0249484444482355e-05
2024-03-21 17:02:16+00:00,3.585959792677554e-05
2024-03-21 18:11:54+00:00,2.1259571728662017e-05
2024-03-21 19:07:36+00:00,2.185805057906272e-05
2024-03-21 20:09:13+00:00,5.6233133784593316e-05
2024-03-21 21:00:05+00:00,7.815003653827428e-05
2024-03-21 22:09:57+00:00,3.3477935480383687e-05
2024-03-21 23:01:17+00:00,2.637632962716204e-05
2024-03-22 00:05:44+00:00,3.168475299728519e-05
2024-03-22 01:06:07+00:00,3.35916841602098e-05
2024-03-22 02:07:07+00:00,2.5583594211087055e-05
2024-03-22 03:06:31+00:00,2.4133562407491455e-05
2024-03-22 04:04:30+00:00,4.2737120990945894e-05
2024-03-22 05:00:50+00:00,3.3262416456889164e-05
2024-03-22 06:07:19+00:00,2.8507357526839033e-05
2024-03-22 07:04:12+00:00,2.196475414090761e-05
2024-03-22 08:05:12+00:00,3.688166155979865e-05
2024-03-22 09:07:03+00:00,4.1446367428437755e-05
2024-03-22 10:04:15+00:00,4.214802929351617e-05
2024-03-22 11:02:55+00:00,3.903226051337411e-05
2024-03-22 12:04:45+00:00,3.645158841790231e-05
2024-03-22 13:04:52+00:00,7.600839841178549e-05
2024-03-22 14:04:42+00:00,3.0043118290696425e-05
2024-03-22 15:06:48+00:00,3.71173474317865e-05
2024-03-22 16:05:48+00:00,8.393109609719378e-05
2024-03-22 17:09:38+00:00,6.865812036394943e-05
2024-03-22 18:07:30+00:00,4.9473702216309324e-05
2024-03-22 19:08:16+00:00,3.9961014518730963e-05
2024-03-22 20:01:53+00:00,4.9773465123526784e-05
2024-03-22 21:07:14+00:00,4.063500851965612e-05
2024-03-22 22:01:06+00:00,3.607023195887076e-05
2024-03-22 23:07:19+00:00,4.143488016859765e-05
2024-03-23 00:07:17+00:00,6.12803186741465e-05
2024-03-23 01:07:17+00:00,4.384786279389896e-05
2024-03-23 02:07:36+00:00,5.8044037751951415e-05
2024-03-23 03:07:47+00:00,6.069377565983528e-05
2024-03-23 04:06:09+00:00,6.33570244571476e-05
2024-03-23 05:08:00+00:00,6.905589120379786e-05
2024-03-23 06:07:28+00:00,7.167406413797769e-05
2024-03-23 07:04:51+00:00,9.326829437942633e-05
2024-03-23 08:07:12+00:00,9.897728862929135e-05
2024-03-23 09:05:58+00:00,0.00010037016401333986
2024-03-23 10:06:44+00:00,0.00010552307919334098
2024-03-23 11:06:16+00:00,0.00010116718390662311
2024-03-23 12:06:30+00:00,0.00010549854526132977
2024-03-23 13:06:13+00:00,0.00018762342819184428
2024-03-23 14:07:05+00:00,0.0002017593486128194
2024-03-23 15:02:21+00:00,0.0002313066706267748
2024-03-23 16:10:59+00:00,0.00019504315368107882
2024-03-23 17:11:52+00:00,0.00022933880179736604
2024-03-23 18:06:41+00:00,0.00022325790828330486
2024-03-23 19:05:18+00:00,0.00026438594308081945
2024-03-23 20:08:10+00:00,0.00020939827462026508
2024-03-23 21:08:19+00:00,0.00019526702772513073
2024-03-23 22:06:56+00:00,0.0002148110065310425
2024-03-23 23:07:31+00:00,0.00023723536433897468
2024-03-24 00:07:26+00:00,0.00024079316267054348
2024-03-24 01:06:15+00:00,0.00028094724370423966
2024-03-24 02:05:37+00:00,0.0001312873828161164
2024-03-24 03:06:04+00:00,5.167939541336119e-05
2024-03-24 04:09:12+00:00,5.068226519145113e-05
2024-03-24 05:07:24+00:00,5.702655448671727e-05
2024-03-24 06:05:49+00:00,5.2231988401949684e-05
2024-03-24 07:08:01+00:00,0.000105406343148669
2024-03-24 08:06:41+00:00,0.00013745233479342238
2024-03-24 09:05:04+00:00,0.00015418089942169328
2024-03-24 10:06:18+00:00,0.00013744360839501664
2024-03-24 11:05:31+00:00,0.00015945432243408183
2024-03-24 12:06:34+00:00,0.00019076473161628964
2024-03-24 13:06:18+00:00,0.00018726082725596224
2024-03-24 14:06:32+00:00,0.0001533653639184554
2024-03-24 15:06:49+00:00,0.0001529695453301707
2024-03-24 16:07:39+00:00,0.0001242578738261636
2024-03-24 17:05:08+00:00,0.00012715075995682783
2024-03-24 18:13:43+00:00,0.00014288787037378746
2024-03-24 19:07:30+00:00,0.0001458295885889011
2024-03-24 20:05:10+00:00,0.00014427052743089827
2024-03-24 21:01:24+00:00,0.00016463856988378937
2024-03-24 22:10:26+00:00,0.00017922799672846993
2024-03-24 23:04:24+00:00,0.00018519623387830254
2024-03-25 00:05:31+00:00,0.0001803431963423376
2024-03-25 01:06:27+00:00,0.0001865431112020299
2024-03-25 02:07:05+00:00,0.0001069727761981108
2024-03-25 03:00:03+00:00,8.447461799475166e-05
2024-03-25 04:07:23+00:00,8.137251483227816e-05
2024-03-25 05:00:33+00:00,8.33844496665336e-05
2024-03-25 06:06:06+00:00,0.00022645530368653837
2024-03-25 07:06:01+00:00,0.0002746420904529408
2024-03-25 08:06:42+00:00,0.00024223600297269813
2024-03-25 09:06:07+00:00,0.00024752302023519886
2024-03-25 10:05:17+00:00,0.00025997621942349774
2024-03-25 11:02:58+00:00,0.0002827043930909962
2024-03-25 12:05:29+00:00,0.0003090935500213904
2024-03-25 13:06:15+00:00,0.00029789522596770067
2024-03-25 14:06:25+00:00,0.0002694769917187536
2024-03-25 15:01:56+00:00,0.0002373360812410692
2024-03-25 16:06:09+00:00,0.00026869273739298354
2024-03-25 17:03:49+00:00,0.00026556107630259845
2024-03-25 18:06:27+00:00,0.00026354956812093687
2024-03-25 19:06:16+00:00,0.00026344751360241113
2024-03-25 20:05:28+00:00,0.0002843416539646414
2024-03-25 21:10:43+00:00,0.00025184446829417474
2024-03-25 22:06:25+00:00,0.0002822322408566252
2024-03-25 23:06:03+00:00,0.00028782562144602335
2024-03-26 00:06:29+00:00,0.0002756448934543616
2024-03-26 01:04:34+00:00,0.00024397573937045357
2024-03-26 02:00:04+00:00,0.00022584175879474655
2024-03-26 03:06:03+00:00,0.00023258013951375217
2024-03-26 04:04:00+00:00,0.0002542901616312571
2024-03-26 05:02:55+00:00,0.00023935018607948758
2024-03-26 06:05:15+00:00,0.00025682906340135153
2024-03-26 07:05:36+00:00,0.0003279823720262109
2024-03-26 08:00:36+00:00,0.0003417305074621117
2024-03-26 09:01:50+00:00,0.0003021314736366341
2024-03-26 10:03:55+00:00,0.00030567471215543535
2024-03-26 11:06:50+00:00,0.0002812227936393477
2024-03-26 12:04:53+00:00,0.0002083732260400778
2024-03-26 13:04:43+00:00,0.00021849074765041681
2024-03-26 14:05:02+00:00,0.00015504162245409607
2024-03-26 15:01:38+00:00,0.00015337727930871234
2024-03-26 16:01:09+00:00,0.0001753467192595399
2024-03-26 17:05:54+00:00,0.0001752898420571544
2024-03-26 18:01:31+00:00,0.00018358379549436018
2024-03-26 19:08:00+00:00,0.00015199206977695168
2024-03-26 20:06:47+00:00,0.00012115887257804848
2024-03-26 21:08:04+00:00,0.00014267921508193747
2024-03-26 22:04:21+00:00,5.052233793117166e-05
2024-03-26 23:01:38+00:00,2.0193314819924654e-05
2024-03-27 00:08:57+00:00,3.0907369299938673e-06
2024-03-27 01:00:41+00:00,7.88477169263643e-06
2024-03-27 02:03:17+00:00,4.680724253447602e-06
2024-03-27 03:06:54+00:00,3.284996831126968e-05
2024-03-27 04:05:11+00:00,5.853069055913559e-05
2024-03-27 05:06:11+00:00,7.155167041886321e-05
2024-03-27 06:06:15+00:00,7.1834712803683e-05
2024-03-27 07:06:16+00:00,7.352987415471729e-05
2024-03-27 08:06:08+00:00,0.00014375390397658008
2024-03-27 09:04:30+00:00,0.00016858384001139945
2024-03-27 10:04:51+00:00,0.00019032272623582287
2024-03-27 11:06:33+00:00,0.00016736999762763025
2024-03-27 12:03:34+00:00,5.933945270332612e-05
2024-03-27 13:06:19+00:00,4.6514894967692324e-05
2024-03-27 14:04:35+00:00,3.678032731130952e-05
2024-03-27 15:07:02+00:00,1.3711196736327495e-05
2024-03-27 16:00:34+00:00,7.028105136249644e-06
2024-03-27 17:06:18+00:00,3.762139543200385e-05
2024-03-27 18:03:01+00:00,8.365039408877964e-05
2024-03-27 19:04:40+00:00,0.00010141085581798943
2024-03-27 20:04:48+00:00,0.00012179721780708937
2024-03-27 21:05:59+00:00,0.00013468912042683675
2024-03-27 22:06:25+00:00,0.00013479695484895586
2024-03-27 23:08:28+00:00,0.00011009550364282987
2024-03-28 00:01:32+00:00,0.00011244150191031218
2024-03-28 01:05:07+00:00,0.0001353283315079459
2024-03-28 02:05:17+00:00,0.00013869527275288155
2024-03-28 03:05:43+00:00,9.026838775357625e-05
2024-03-28 04:06:19+00:00,7.321039287376695e-05
2024-03-28 05:06:12+00:00,8.052273055378469e-05
2024-03-28 06:06:26+00:00,0.00015210256487453597
2024-03-28 07:06:42+00:00,0.000164561966343655
2024-03-28 08:04:19+00:00,0.00013796017395327346
2024-03-28 09:00:37+00:00,0.00013908761549748022
2024-03-28 10:04:57+00:00,0.00023904927548765398
2024-03-28 11:06:24+00:00,0.0003103302693744999
2024-03-28 12:06:38+00:00,0.0003340973466926682
2024-03-28 13:05:25+00:00,0.0003202432809199607
2024-03-28 14:07:01+00:00,0.0002378785553118287
2024-03-28 15:05:48+00:00,0.00020078286136900118
2024-03-28 16:07:31+00:00,0.00021330798760549598
2024-03-28 17:03:28+00:00,0.00022132107378408132
2024-03-28 18:07:00+00:00,0.0002057787187608662
2024-03-28 19:05:14+00:00,0.0001970054802621031
2024-03-28 20:05:31+00:00,0.00018558313338921332
2024-03-28 21:06:28+00:00,0.00017585902958763982
2024-03-28 22:07:25+00:00,0.00018029561986300925
2024-03-28 23:10:19+00:00,0.0001863843104120663
2024-03-29 00:06:27+00:00,0.00017222225436823977
2024-03-29 01:01:44+00:00,0.00017662666815349923
2024-03-29 02:06:59+00:00,0.000135045935188505
2024-03-29 03:01:33+00:00,0.00013840143774628946
2024-03-29 04:06:31+00:00,0.0001314664435998495
2024-03-29 05:02:53+00:00,0.00013670756108818272
2024-03-29 06:05:46+00:00,0.00012401392281215023
2024-03-29 07:06:37+00:00,0.00010602513843305808
2024-03-29 08:06:14+00:00,0.0001642034493125575
2024-03-29 09:06:57+00:00,0.00017593076062022715
2024-03-29 10:05:03+00:00,0.0001666728705037558
2024-03-29 11:05:40+00:00,0.0001788319441191347
2024-03-29 12:05:18+00:00,0.00017316898798812067
2024-03-29 13:00:38+00:00,0.0001535627588417475
2024-03-29 14:06:14+00:00,0.0001588535740806042
2024-03-29 15:05:41+00:00,0.0001709489586681141
2024-03-29 16:04:20+00:00,0.0001577741318576835
2024-03-29 17:08:37+00:00,0.0001452867491830088
2024-03-29 18:08:20+00:00,0.00014792251395057625
2024-03-29 19:07:36+00:00,0.00016257368850025318
2024-03-29 20:06:05+00:00,0.00018253878544390408
2024-03-29 21:05:29+00:00,0.00018684693621425717
2024-03-29 22:06:26+00:00,0.0001762272945363995
2024-03-29 23:06:43+00:00,0.00013175705955659035
2024-03-30 00:05:54+00:00,0.00014246647237137607
2024-03-30 01:06:46+00:00,0.00016072382184087504
2024-03-30 02:05:01+00:00,0.0001578839738243408
2024-03-30 03:06:59+00:00,0.00018936097025978814
2024-03-30 04:06:36+00:00,0.00022757098825937
2024-03-30 05:01:33+00:00,0.00016837293380186585
2024-03-30 06:05:22+00:00,0.00016241333936571048
2024-03-30 07:06:49+00:00,0.00019083944303494016
2024-03-30 08:06:05+00:00,0.0002249919792891033
2024-03-30 09:06:05+00:00,0.00021780486213203733
2024-03-30 10:03:15+00:00,0.000228781866468532
2024-03-30 11:05:54+00:00,0.00024217046291234918
2024-03-30 12:03:37+00:00,0.00019097421341877934
2024-03-30 13:01:47+00:00,0.00017631295144449218
2024-03-30 14:06:41+00:00,0.00018299185075598345
2024-03-30 15:04:26+00:00,0.00016523102582260014
2024-03-30 16:10:16+00:00,0.00015912968775979076
2024-03-30 17:06:30+00:00,0.00016721939681650836
2024-03-30 18:06:36+00:00,0.0001416226353796408
2024-03-30 19:07:34+00:00,0.0001478635241596474
2024-03-30 20:04:09+00:00,0.00016364186963934894
2024-03-30 21:04:42+00:00,0.00017915275858870704
2024-03-30 22:09:17+00:00,0.00016198573344797357
2024-03-30 23:05:20+00:00,0.00018796038535772193
2024-03-31 00:08:30+00:00,0.00019815053425742554
2024-03-31 01:07:02+00:00,0.00023147949235236521
2024-03-31 02:04:26+00:00,0.0002431272345261091
2024-03-31 03:05:57+00:00,0.00023302170020721678
2024-03-31 04:08:35+00:00,0.0002059258484105436
2024-03-31 05:06:20+00:00,0.00023728689523799324
2024-03-31 06:05:43+00:00,0.00026883685865288236
2024-03-31 07:05:59+00:00,0.00022108275778124584
2024-03-31 08:06:21+00:00,0.00020537748190173065
2024-03-31 09:07:33+00:00,0.0002044555601697871
2024-03-31 10:07:21+00:00,0.00019997569954682205
2024-03-31 11:05:20+00:00,0.00019164299288791688
2024-03-31 12:07:44+00:00,0.00014225889916962779
2024-03-31 13:06:07+00:00,0.00017433048165683182
2024-03-31 14:06:16+00:00,0.00014816919017054738
2024-03-31 15:06:35+00:00,0.00013343666873148576
2024-03-31 16:08:17+00:00,0.00010400081038734533
2024-03-31 17:06:36+00:00,0.00010096713239049171
2024-03-31 18:04:56+00:00,7.57467459597374e-05
2024-03-31 19:02:34+00:00,7.803273348100965e-05
2024-03-31 20:06:50+00:00,5.921127624796043e-05
2024-03-31 21:04:36+00:00,0.00010952536640248482
2024-03-31 22:08:18+00:00,0.0001718226146561026
2024-03-31 23:08:40+00:00,0.00016531918808692113
2024-04-01 00:13:20+00:00,0.00015140066488517537
2024-04-01 01:28:16+00:00,0.00012316765117282438
2024-04-01 03:09:59+00:00,0.00013568072085546904
2024-04-01 04:14:01+00:00,0.00011586344145917233
2024-04-01 05:07:55+00:00,0.00012111012778917437
2024-04-01 06:04:43+00:00,7.702753553819375e-05
2024-04-01 07:04:08+00:00,6.766899015168902e-05
2024-04-01 08:05:25+00:00,0.0001356621793285508
2024-04-01 09:03:15+00:00,0.00018468996682147824
2024-04-01 10:04:55+00:00,0.00020752487602432274
2024-04-01 11:06:00+00:00,0.00019791710671041818
2024-04-01 12:05:38+00:00,0.00020386211398970138
2024-04-01 13:04:05+00:00,0.00021485327489323273
2024-04-01 14:05:42+00:00,0.0002343084247292675
2024-04-01 15:03:30+00:00,7.56411738406667e-05
2024-04-01 16:20:51+00:00,2.1707001310327485e-05
2024-04-01 18:15:00+00:00,8.087067820947658e-05
2024-04-01 19:10:33+00:00,0.0001372973531377717
2024-04-01 20:20:31+00:00,0.0001872158340246053
2024-04-01 22:17:23+00:00,0.0002115979849803505
2024-04-01 23:13:22+00:00,0.000190580206980904
2024-04-02 00:36:55+00:00,8.645328795217524e-06
2024-04-02 02:03:30+00:00,0.00012431848920992558
2024-04-02 03:01:25+00:00,0.00010575316585919343
2024-04-02 04:04:57+00:00,2.033837211239491e-05
2024-04-02 05:03:15+00:00,7.804948708609944e-05
2024-04-02 06:06:36+00:00,5.733336403092296e-05
2024-04-02 07:04:26+00:00,1.1262257423359831e-05
2024-04-02 08:06:31+00:00,-1.0605969258252522e-05
2024-04-02 09:00:17+00:00,2.2792621990818875e-06
2024-04-02 10:06:35+00:00,7.991380824091763e-06
2024-04-02 11:04:47+00:00,1.7574561083712293e-05
2024-04-02 12:01:57+00:00,1.8879200697068583e-05
2024-04-02 13:02:39+00:00,2.2622351254578136e-05
2024-04-02 14:03:13+00:00,3.7964181745322694e-05
2024-04-02 15:08:43+00:00,4.1558812815200255e-05
2024-04-02 16:00:52+00:00,3.198857855885428e-05
2024-04-02 17:05:10+00:00,3.893106761417748e-05
2024-04-02 18:05:19+00:00,3.764613725524933e-05
2024-04-02 19:01:49+00:00,4.4194865147619124e-05
2024-04-02 20:11:40+00:00,7.450857446462921e-05
2024-04-02 21:17:35+00:00,4.891217486033622e-05
2024-04-02 22:08:40+00:00,4.976204886007222e-05
2024-04-02 23:06:37+00:00,5.373988550429959e-05
2024-04-03 00:12:44+00:00,4.532528108057135e-05
2024-04-03 01:07:33+00:00,3.979262031182046e-05
2024-04-03 02:17:12+00:00,1.7665351044505372e-05
2024-04-03 03:02:13+00:00,5.231230331748733e-06
2024-04-03 04:05:05+00:00,2.082122802702376e-05
2024-04-03 05:08:25+00:00,-1.8873015764272054e-07
2024-04-03 06:02:22+00:00,-5.0390840214858345e-06
2024-04-03 07:01:52+00:00,1.9655135914621135e-05
2024-04-03 08:03:01+00:00,2.843514196215271e-05
2024-04-03 09:00:10+00:00,3.762618527654895e-05
2024-04-03 10:05:53+00:00,4.363409225311282e-05
2024-04-03 11:14:23+00:00,4.57790956362283e-05
2024-04-03 12:22:25+00:00,3.662426653888455e-05
2024-04-03 14:01:58+00:00,3.28811677112127e-05
2024-04-03 15:17:04+00:00,4.464075121331272e-05
2024-04-03 17:06:43+00:00,2.8025373698660626e-05
2024-04-03 18:07:10+00:00,-0.00024645165634559757
2024-04-03 20:07:00+00:00,1.8110242854268045e-05
2024-04-03 21:04:54+00:00,-7.42207810097759e-05
2024-04-03 23:22:38+00:00,6.128449589020137e-05
2024-04-04 01:06:08+00:00,4.399797692122581e-05
2024-04-04 03:11:41+00:00,1.625053696206725e-05
2024-04-04 04:08:20+00:00,1.082544452206786e-05
2024-04-04 05:31:44+00:00,9.869096306589399e-06
2024-04-04 07:10:06+00:00,3.0391595737230665e-05
2024-04-04 08:09:52+00:00,2.3268567996213273e-05
2024-04-04 09:19:04+00:00,3.366150054557927e-05
2024-04-04 10:05:12+00:00,3.7319879389969873e-05
2024-04-04 11:03:04+00:00,0.00010258513420248465
2024-04-04 12:27:31+00:00,0.00012935236061103689
2024-04-04 14:32:20+00:00,0.00011685529935592841
2024-04-04 16:23:53+00:00,0.0001224924372728737
2024-04-04 18:13:19+00:00,0.0001864569951406294
2024-04-04 19:38:28+00:00,2.8621510343531485e-05
2024-04-04 21:55:12+00:00,-7.201095650939228e-07
2024-04-05 01:50:04+00:00,-0.0001656612976169414
2024-04-05 03:50:57+00:00,4.139166772460267e-05
2024-04-05 05:11:55+00:00,-7.7621865573695e-05
2024-04-05 07:50:56+00:00,5.389616996098349e-05
2024-04-05 09:21:59+00:00,-0.00013072414017768248
2024-04-05 11:18:52+00:00,-1.1428858772601143e-05
2024-04-05 12:05:19+00:00,-3.968165034767863e-05
2024-04-05 13:38:34+00:00,7.647301715494569e-05
2024-04-05 16:34:58+00:00,8.427515522744924e-05
2024-04-05 18:53:24+00:00,-2.7158950527008625e-05
2024-04-05 20:16:27+00:00,-1.7295366491329258e-05
2024-04-05 21:01:33+00:00,2.881528273740699e-05
2024-04-06 00:14:41+00:00,6.492130070831466e-05
2024-04-06 02:21:34+00:00,9.350152934234654e-05
2024-04-06 04:24:09+00:00,0.00011849730610245374
2024-04-06 06:37:52+00:00,0.00014279613723102016
2024-04-06 08:31:24+00:00,0.00011441506445026555
2024-04-06 10:04:11+00:00,0.00015536299947834891
2024-04-06 11:03:37+00:00,0.00018500332047380907
2024-04-06 12:10:45+00:00,0.00017261957863861307
2024-04-06 16:25:51+00:00,0.000141310724068124
2024-04-06 18:34:45+00:00,0.00011930066961729885
2024-04-06 20:13:21+00:00,0.0001265109313427823
2024-04-06 21:41:59+00:00,0.00014939741644262177
2024-04-07 00:07:08+00:00,0.0001332574903998843
2024-04-07 01:19:45+00:00,0.00015707123640227742
2024-04-07 02:38:57+00:00,0.00017471073250600224
2024-04-07 04:10:22+00:00,0.00016947448627360629
2024-04-07 05:11:57+00:00,0.00015628513579324355
2024-04-07 06:10:27+00:00,0.0001653550542727512
2024-04-07 07:05:12+00:00,0.0001651494670868157
2024-04-07 08:07:32+00:00,0.0001291445720730379
2024-04-07 09:15:05+00:00,6.677801713524769e-05
2024-04-07 10:17:12+00:00,5.013858412263255e-05
2024-04-07 11:44:35+00:00,6.0427655939757076e-05
2024-04-07 13:14:11+00:00,6.221351724169001e-05
2024-04-07 14:09:43+00:00,4.7555113124168915e-05
2024-04-07 15:40:19+00:00,-0.0001121782515145581
2024-04-07 17:41:27+00:00,9.127390169588391e-05
2024-04-07 19:07:02+00:00,9.205941833194319e-05
2024-04-07 20:46:25+00:00,5.760484196456732e-05
2024-04-07 22:37:56+00:00,5.006957555386118e-05
2024-04-08 00:38:32+00:00,-7.458292800909309e-05
2024-04-08 05:40:05+00:00,4.05168154984356e-05
2024-04-08 09:23:12+00:00,0.00020432200672043608
2024-04-08 11:27:55+00:00,0.00013265089274724172
2024-04-08 13:11:38+00:00,2.4046322928603363e-05
2024-04-08 14:46:27+00:00,-0.00013178832252381696
2024-04-08 16:23:53+00:00,2.7581710190439798e-05
2024-04-08 18:21:04+00:00,0.00011388683757961644
2024-04-08 20:05:37+00:00,2.867780207060462e-05
2024-04-08 22:04:31+00:00,3.8147393560874705e-05
2024-04-09 02:08:38+00:00,-3.717780889368944e-05
2024-04-09 04:17:25+00:00,8.772478831457246e-05
2024-04-09 06:30:25+00:00,0.00016089181833486092
2024-04-09 08:09:19+00:00,0.00011556522234953352
2024-04-09 09:26:26+00:00,0.00013487632929547633
2024-04-09 11:55:05+00:00,7.153876446996737e-05
2024-04-09 14:26:10+00:00,-2.601735707393501e-05
2024-04-09 16:20:45+00:00,1.641044684966561e-05
2024-04-09 19:51:35+00:00,5.346860108142074e-05
2024-04-10 00:19:23+00:00,4.8399929390396865e-05
2024-04-10 02:01:00+00:00,0.000224927891675223
2024-04-10 03:03:51+00:00,-9.997013261224293e-05
2024-04-10 04:20:08+00:00,0.000280620666543824
2024-04-10 06:52:37+00:00,0.00012970677222335175
2024-04-10 08:06:00+00:00,9.660725046643827e-05
2024-04-10 09:37:42+00:00,4.239307942812152e-05
2024-04-10 11:53:25+00:00,0.00015932775950891454
2024-04-10 14:46:54+00:00,8.583305402488957e-05
2024-04-10 16:05:47+00:00,-0.00021324711509213882
2024-04-10 17:50:24+00:00,0.00010445859230102448
2024-04-10 20:09:28+00:00,0.0002559495642572657
2024-04-10 22:33:24+00:00,7.561245892151348e-05
2024-04-11 00:23:05+00:00,1.812088739170633e-05
2024-04-11 02:06:46+00:00,8.491672082020884e-05
2024-04-11 03:02:04+00:00,0.00017886750249925074
2024-04-11 04:39:53+00:00,0.0001447427573618961
2024-04-11 06:14:39+00:00,4.675212660395426e-05
2024-04-11 07:13:42+00:00,0.00023413978031567212
2024-04-11 09:02:15+00:00,0.00019139985309022338
2024-04-11 10:32:35+00:00,0.00014787488608872294
2024-04-11 12:29:13+00:00,6.273228164273157e-05
2024-04-11 14:06:29+00:00,9.584295411135323e-05
2024-04-11 15:14:16+00:00,0.00018078077710326971
2024-04-11 16:10:59+00:00,0.00035983615513765694
2024-04-11 17:03:24+00:00,0.0002596103646369694
2024-04-11 18:02:52+00:00,0.0005132184367314988
2024-04-11 19:00:45+00:00,0.0004978734625060206
2024-04-11 20:03:38+00:00,0.00014307233556429798
2024-04-11 21:08:25+00:00,0.000221483560952757
2024-04-11 22:03:46+00:00,0.0001656836281706496
2024-04-11 23:08:36+00:00,7.958655164533821e-05
2024-04-12 00:05:01+00:00,0.00013654239109498772
2024-04-12 01:02:34+00:00,0.0002530556020975601
2024-04-12 02:00:30+00:00,0.0001325919562845329
2024-04-12 03:00:51+00:00,8.841838995814315e-05
2024-04-12 04:01:11+00:00,-9.031359209849942e-05
2024-04-12 05:01:52+00:00,-4.140569049951249e-05
2024-04-12 06:01:07+00:00,-4.7268809055125855e-05
2024-04-12 07:01:36+00:00,5.9093137293463954e-06
2024-04-12 08:01:30+00:00,-4.659410351479083e-05
2024-04-12 09:05:11+00:00,0.0001598075885296407
2024-04-12 10:03:48+00:00,-1.093107913700724e-05
2024-04-12 11:01:59+00:00,1.448401112757545e-05
2024-04-12 12:01:59+00:00,-9.187221281146243e-05
2024-04-12 13:04:15+00:00,-3.402277794312864e-05
2024-04-12 14:00:53+00:00,-5.1175476502277466e-05
2024-04-12 15:08:41+00:00,-5.912432712707329e-05
2024-04-12 16:03:17+00:00,-7.659393985482431e-06
2024-04-12 17:02:38+00:00,-2.662857085911068e-05
2024-04-12 18:00:03+00:00,-6.310361148785418e-05
2024-04-12 19:01:48+00:00,-0.00014867137975059264
2024-04-12 20:01:42+00:00,-0.00022366410955253677
2024-04-12 21:06:33+00:00,-0.0001397907228529598
2024-04-12 22:02:00+00:00,-9.967438584574168e-05
2024-04-12 23:06:11+00:00,-0.0001053672904006858
2024-04-13 00:01:54+00:00,-2.131309285211413e-05
2024-04-13 01:06:58+00:00,-0.00014470585725991704
2024-04-13 02:02:27+00:00,-0.0002741501043516448
2024-04-13 03:02:54+00:00,-0.00010831962186896319
2024-04-13 04:00:20+00:00,-1.27516699463172e-07
2024-04-13 05:02:30+00:00,8.947264998319128e-05
2024-04-13 06:00:25+00:00,-2.6148500849956226e-05
2024-04-13 07:00:22+00:00,-6.320769864268637e-06
2024-04-13 08:00:25+00:00,-0.0003848355551942293
2024-04-13 09:00:47+00:00,-0.00023479945571316433
2024-04-13 10:00:45+00:00,-6.245727676785691e-05
2024-04-13 11:00:42+00:00,-5.668164705885467e-06
2024-04-13 12:01:45+00:00,-1.3685386770779561e-05
2024-04-13 13:00:07+00:00,4.8175236448072194e-05
2024-04-13 14:01:55+00:00,1.5310885905065338e-05
2024-04-13 15:02:33+00:00,-0.0001536126133653921
2024-04-13 16:08:56+00:00,-4.666605480613774e-05
2024-04-13 17:08:39+00:00,-6.0369559435239545e-05
2024-04-13 18:00:29+00:00,-0.00015213403858343807
2024-04-13 19:19:21+00:00,-0.00014135797610261144
2024-04-13 20:13:17+00:00,-0.000226082628044191
2024-04-13 21:15:01+00:00,-0.00019810721268400245
2024-04-13 22:42:50+00:00,-5.0387814713009286e-05
2024-04-14 00:00:27+00:00,-0.0002027573363592717
2024-04-14 01:06:17+00:00,-0.0002771175301494363
2024-04-14 02:06:40+00:00,-0.00017591577103569494
2024-04-14 03:01:13+00:00,-0.0002689186131714987
2024-04-14 04:01:53+00:00,-0.00021755019390910058
2024-04-14 05:01:56+00:00,-0.00016029526931982506
2024-04-14 06:00:19+00:00,-6.633262342610994e-05
2024-04-14 07:00:23+00:00,-5.623235025411258e-05
2024-04-14 08:00:23+00:00,-2.9507820711009465e-05
2024-04-14 09:01:02+00:00,-7.969883610011275e-05
2024-04-14 10:01:15+00:00,-0.0003676581495671061
2024-04-14 11:02:57+00:00,-0.00022419050245441567
2024-04-14 12:01:05+00:00,-0.0005081163421786464
2024-04-14 13:00:29+00:00,-3.781180622206711e-05
2024-04-14 14:00:19+00:00,-0.0007191962254958448
2024-04-14 15:00:44+00:00,-0.00015739455368594997
2024-04-14 16:00:47+00:00,-0.000155700690110628
2024-04-14 17:02:46+00:00,-5.893807474476271e-05
2024-04-14 18:00:51+00:00,-0.00011599620237116534
2024-04-14 19:01:07+00:00,5.0672191701884834e-05
2024-04-14 20:00:58+00:00,-0.0005533631565659372
2024-04-14 21:02:56+00:00,-0.00021575091242619733
2024-04-14 22:06:29+00:00,2.138020220846005e-05
2024-04-14 23:00:10+00:00,0.00013332528250380122
2024-04-15 00:00:37+00:00,-1.4770095446630943e-05
2024-04-15 01:00:47+00:00,-0.0003914339356572114
2024-04-15 02:00:46+00:00,-0.0001567457891643305
2024-04-15 03:00:51+00:00,-0.00032334110279071056
2024-04-15 04:01:14+00:00,5.142118900390324e-06
2024-04-15 05:01:09+00:00,-2.822140873434597e-05
2024-04-15 06:01:43+00:00,-3.654251616425034e-05
2024-04-15 07:01:34+00:00,0.00020771275804774524
2024-04-15 08:01:38+00:00,-3.6093461552433976e-05
2024-04-15 09:01:50+00:00,-0.00019812214224688632
2024-04-15 10:02:12+00:00,-8.185832089139907e-05
2024-04-15 11:00:14+00:00,-5.95694503876238e-05
2024-04-15 12:00:42+00:00,-0.00023606790658678412
2024-04-15 13:01:15+00:00,-0.00015201968773437963
2024-04-15 14:04:45+00:00,-8.775870746108811e-05
2024-04-15 15:02:57+00:00,-0.00026826073312308935
2024-04-15 16:07:59+00:00,-0.000242319809724812
2024-04-15 17:01:04+00:00,-0.0002323687823604635
2024-04-15 18:08:42+00:00,2.923820009315858e-05
2024-04-15 19:00:45+00:00,-6.690542093544207e-05
2024-04-15 20:11:09+00:00,8.787916762506074e-05
2024-04-15 21:01:02+00:00,-0.00018796266317385095
2024-04-15 22:02:31+00:00,0.00013562968922898973
2024-04-15 23:03:30+00:00,0.00014363356771500635
2024-04-16 00:04:00+00:00,5.618285051855449e-05
2024-04-16 01:00:22+00:00,-1.496506868534447e-05
2024-04-16 02:01:35+00:00,0.00012802447443644604
2024-04-16 03:01:16+00:00,0.0001400705730176053
2024-04-16 04:01:33+00:00,-7.781888372038814e-07
2024-04-16 05:06:09+00:00,3.796801256718756e-05
2024-04-16 06:00:16+00:00,0.0002506187199864949
2024-04-16 07:00:24+00:00,0.00019317203631699753
2024-04-16 08:00:20+00:00,0.00013859180045479105
2024-04-16 09:00:28+00:00,1.4000860113088072e-05
2024-04-16 10:00:53+00:00,-9.558715894998961e-05
2024-04-16 11:02:51+00:00,-0.00012726990040969651
2024-04-16 12:01:04+00:00,0.00018108324868307775
2024-04-16 13:01:23+00:00,-0.00015526949217369626
2024-04-16 14:22:02+00:00,4.905360803959669e-05
2024-04-16 16:02:42+00:00,-8.581232273087676e-05
2024-04-16 17:01:36+00:00,-7.626166141525989e-06
2024-04-16 18:00:42+00:00,-4.966926492447578e-05
2024-04-16 19:01:30+00:00,0.0003950708020749324
2024-04-16 20:01:52+00:00,0.00013709823517867118
2024-04-16 21:01:34+00:00,9.925468061162534e-05
2024-04-16 22:00:28+00:00,0.00012702391625774533
2024-04-16 23:01:01+00:00,0.00010038562456365554
2024-04-17 00:01:00+00:00,6.680833973253571e-05
2024-04-17 01:01:26+00:00,0.0001632021296609655
2024-04-17 02:03:51+00:00,0.0002560311543891937
2024-04-17 03:02:26+00:00,0.00012289294010278687
2024-04-17 04:00:55+00:00,0.0002658692174302176
2024-04-17 05:01:03+00:00,0.00021582898246022713
2024-04-17 06:01:27+00:00,6.047517514558998e-05
2024-04-17 07:02:35+00:00,0.0001459184039011205
2024-04-17 08:00:49+00:00,3.081843509373783e-05
2024-04-17 09:01:23+00:00,0.00013216476349867245
2024-04-17 10:04:05+00:00,0.00019385967484609966
2024-04-17 11:00:23+00:00,3.137751331571091e-05
2024-04-17 12:00:52+00:00,-0.0003953658085584225
2024-04-17 13:03:16+00:00,-1.2652190169628991e-05
2024-04-17 14:13:26+00:00,2.5802453449064265e-05
2024-04-17 15:19:45+00:00,-8.41254478243212e-05
2024-04-17 16:08:43+00:00,-7.46923341821883e-05
2024-04-17 17:02:58+00:00,-4.311729726440612e-05
2024-04-17 18:01:16+00:00,5.463833000833537e-05
2024-04-17 19:01:46+00:00,-2.0179473864903655e-06
2024-04-17 20:04:23+00:00,-2.5731538241122768e-05
2024-04-17 21:00:45+00:00,-0.00015246963872938388
2024-04-17 22:01:35+00:00,-2.4562198902624886e-05
2024-04-17 23:00:18+00:00,2.124359373762681e-05
2024-04-18 00:01:52+00:00,-7.221584411933426e-05
2024-04-18 01:00:26+00:00,6.0276778845019596e-05
2024-04-18 02:00:48+00:00,0.000149947293587071
2024-04-18 03:01:19+00:00,0.00011076652099615684
2024-04-18 04:02:23+00:00,0.0002298986199119887
2024-04-18 05:00:32+00:00,0.00014459201576730258
2024-04-18 06:00:54+00:00,4.6685982158331075e-05
2024-04-18 07:00:19+00:00,-0.00020745172792750272
2024-04-18 08:01:19+00:00,-1.9660122487077143e-05
2024-04-18 09:02:05+00:00,0.0001714710710559068
2024-04-18 10:00:26+00:00,0.00032826286923477206
2024-04-18 11:00:45+00:00,0.0001268560458372309
2024-04-18 12:01:17+00:00,8.882691586811172e-05
2024-04-18 13:01:24+00:00,-0.0001479426868150144
2024-04-18 14:01:24+00:00,0.00016672535491431804
2024-04-18 15:00:12+00:00,-7.126632813087534e-05
2024-04-18 16:00:52+00:00,0.00015812246900061302
2024-04-18 17:01:15+00:00,0.00010416480833601547
2024-04-18 18:01:03+00:00,-3.075483424261526e-05
2024-04-18 19:01:55+00:00,0.00016902678481737877
2024-04-18 20:04:02+00:00,0.0001490284880706869
2024-04-18 21:02:12+00:00,0.00020175957889280132
2024-04-18 22:00:27+00:00,0.0003253256561757103
2024-04-18 23:00:24+00:00,0.00014029851458128027
2024-04-19 00:00:48+00:00,0.0001191799726046411
2024-04-19 01:00:51+00:00,-6.275879292608873e-05
2024-04-19 02:01:05+00:00,-0.0001246591648532846
2024-04-19 03:01:00+00:00,6.332393317862758e-05
2024-04-19 04:01:29+00:00,0.000385424423767963
2024-04-19 05:01:33+00:00,0.00017973138476680534
2024-04-19 06:01:57+00:00,2.7020337413808413e-05
2024-04-19 07:02:03+00:00,0.0004254904375330408
2024-04-19 08:01:53+00:00,0.00012443558555828634
2024-04-19 09:02:37+00:00,0.00013510983911286148
2024-04-19 10:00:09+00:00,9.715270124336877e-05
2024-04-19 11:00:07+00:00,8.214140052740798e-05
2024-04-19 12:00:29+00:00,-5.534134192961786e-05
2024-04-19 13:00:29+00:00,-1.7035589045457968e-05
2024-04-19 14:00:27+00:00,0.00021859969550438183
2024-04-19 15:00:52+00:00,0.0002322573767901906
2024-04-19 16:01:17+00:00,0.0001001135785815133
2024-04-19 17:03:08+00:00,-7.6256602536639224e-06
2024-04-19 18:05:08+00:00,-8.491776783842278e-05
2024-04-19 19:01:11+00:00,-8.221674341870968e-05
2024-04-19 20:03:36+00:00,8.114004194658812e-05
2024-04-19 21:09:33+00:00,7.095809045162646e-05
2024-04-19 22:01:16+00:00,8.917285784050216e-05
2024-04-19 23:01:22+00:00,1.0314297755603214e-05
2024-04-20 00:01:17+00:00,-0.00014364514316704283
2024-04-20 01:00:43+00:00,-0.00010563942175332868
2024-04-20 02:00:59+00:00,0.0001440237927718923
2024-04-20 03:01:07+00:00,-0.00028579902067233157
2024-04-20 04:01:15+00:00,-0.0004242035365248734
2024-04-20 05:01:10+00:00,-0.00016043966009750326
2024-04-20 06:01:31+00:00,-0.0003583953352559176
2024-04-20 07:01:36+00:00,-0.0002137338655774575
2024-04-20 08:01:42+00:00,-1.6166670339937302e-06
2024-04-20 09:01:39+00:00,-0.0001935717085548581
2024-04-20 10:03:54+00:00,-0.00014778291320844352
2024-04-20 11:02:00+00:00,-0.00023367389169018748
2024-04-20 12:01:07+00:00,-7.259500880630576e-07
2024-04-20 13:00:28+00:00,0.0001064892816268945
2024-04-20 14:00:39+00:00,0.0001495960520078881
2024-04-20 15:00:43+00:00,9.187690467991598e-05
2024-04-20 16:01:03+00:00,0.00032387324385055517
2024-04-20 17:01:31+00:00,0.00016867503712186382
2024-04-20 18:01:35+00:00,0.0002927547582479558
2024-04-20 19:01:25+00:00,0.00021132119280823763
2024-04-20 20:01:49+00:00,0.00018128198175362877
2024-04-20 21:01:53+00:00,0.00013597039909436643
2024-04-20 22:02:01+00:00,0.00010330100908632968
2024-04-20 23:02:08+00:00,6.688786932645296e-05
2024-04-21 00:02:19+00:00,6.658737215349883e-05
2024-04-21 01:00:18+00:00,-1.5112927472203517e-05
2024-04-21 02:00:20+00:00,7.498969979879568e-05
2024-04-21 03:00:43+00:00,0.00019256470413133784
2024-04-21 04:00:33+00:00,-2.0950672547392978e-05
2024-04-21 05:00:38+00:00,0.00011915322842491565
2024-04-21 06:00:41+00:00,-1.5911629818308316e-05
2024-04-21 07:00:50+00:00,2.2323442669413494e-05
2024-04-21 08:00:51+00:00,4.6360299762599356e-05
2024-04-21 09:01:00+00:00,-3.68366640363282e-05
2024-04-21 10:01:23+00:00,-1.2085765439329692e-05
2024-04-21 11:01:52+00:00,0.00017328632986608037
2024-04-21 12:01:58+00:00,0.00015558501294412857
2024-04-21 13:02:01+00:00,3.343584496239133e-05
2024-04-21 14:01:56+00:00,-0.00010185543654039915
2024-04-21 15:02:11+00:00,0.00012310202350998667
2024-04-21 16:00:46+00:00,0.00011912524797281694
2024-04-21 17:00:49+00:00,7.314193053472701e-06
2024-04-21 18:01:10+00:00,0.00017091755337102799
2024-04-21 19:06:56+00:00,0.00019440442876896496
2024-04-21 20:01:18+00:00,1.6164032241570436e-05
2024-04-21 21:01:31+00:00,0.00040554265961494714
2024-04-21 22:01:30+00:00,4.7359579883458985e-05
2024-04-21 23:01:42+00:00,9.383467960290474e-05
2024-04-22 00:01:55+00:00,0.00045758879196752876
2024-04-22 01:02:13+00:00,0.00012042380790754633
2024-04-22 02:01:57+00:00,0.000351000290396811
2024-04-22 03:02:03+00:00,0.0005144315851751416
2024-04-22 04:00:33+00:00,0.0002877735959109827
2024-04-22 05:00:27+00:00,0.0001413980375907289
2024-04-22 06:00:38+00:00,6.209142018757076e-05
2024-04-22 07:00:39+00:00,0.0002836556227381481
2024-04-22 08:00:50+00:00,-2.2157521418497512e-05
2024-04-22 09:01:17+00:00,-0.0001066013038018659
2024-04-22 10:01:11+00:00,0.00011507204681496904
2024-04-22 11:01:24+00:00,5.9171320408625406e-05
2024-04-22 12:01:20+00:00,-9.483626171725103e-05
2024-04-22 13:01:40+00:00,5.621909916333049e-05
2024-04-22 14:02:32+00:00,7.629937602841271e-05
2024-04-22 15:00:35+00:00,0.00015688485130772308
2024-04-22 16:00:48+00:00,0.00023615960228289597
2024-04-22 17:01:09+00:00,2.6855788382734224e-05
2024-04-22 18:02:01+00:00,0.00011128268469765932
2024-04-22 19:00:10+00:00,7.032275602953685e-05
2024-04-22 20:00:12+00:00,0.00017333883770950087
2024-04-22 21:06:20+00:00,0.0001299005544755019
2024-04-22 22:00:24+00:00,0.00013812086817501206
2024-04-22 23:01:31+00:00,0.00015876283085874832
2024-04-23 00:01:30+00:00,-1.4386841672834155e-05
2024-04-23 01:01:46+00:00,7.517324523533237e-05
2024-04-23 02:01:44+00:00,5.908389401008915e-05
2024-04-23 03:02:01+00:00,-0.00016871506800405389
2024-04-23 04:02:04+00:00,9.349856153165422e-05
2024-04-23 05:02:00+00:00,0.00010928685015306372
2024-04-23 06:01:55+00:00,0.0001643092381190815
2024-04-23 07:02:09+00:00,8.092949844455806e-06
2024-04-23 08:02:07+00:00,5.7120894754971044e-05
2024-04-23 09:01:10+00:00,9.924241355087747e-05
2024-04-23 10:01:37+00:00,7.980189736210231e-05
2024-04-23 11:00:16+00:00,7.761032814017008e-05
2024-04-23 12:00:12+00:00,1.4276923109029634e-05
2024-04-23 13:00:12+00:00,4.0978551208069e-05
2024-04-23 14:00:09+00:00,0.0002930750562959164
2024-04-23 15:00:17+00:00,0.00013850849459119815
2024-04-23 16:00:16+00:00,9.863696096509814e-05
2024-04-23 17:00:26+00:00,0.0001001345533624096
2024-04-23 18:00:35+00:00,0.00010803370370914464
2024-04-23 19:00:39+00:00,3.7625307645464774e-05
2024-04-23 20:00:59+00:00,0.0005645416664668105
2024-04-23 21:00:47+00:00,0.0002173307409108604
2024-04-23 22:01:03+00:00,0.00011965118399883898
2024-04-23 23:00:52+00:00,-2.494417972305231e-05
2024-04-24 00:01:06+00:00,5.0390781495979444e-05
2024-04-24 01:00:59+00:00,0.00023372563568016546
2024-04-24 02:01:00+00:00,0.0001798064155947966
2024-04-24 03:00:58+00:00,-6.142866685541641e-06
2024-04-24 04:01:21+00:00,0.00029605465572816715
2024-04-24 05:01:06+00:00,0.0005072676617265307
2024-04-24 06:01:18+00:00,8.911779692308891e-05
2024-04-24 07:01:25+00:00,0.00021400577356732185
2024-04-24 08:01:33+00:00,0.0001580256404047837
2024-04-24 09:01:37+00:00,0.0001401839758607896
2024-04-24 10:01:42+00:00,0.00011223259115233344
2024-04-24 11:01:35+00:00,0.00014510615703143299
2024-04-24 12:01:42+00:00,8.219186628993258e-05
2024-04-24 13:01:55+00:00,1.4445393826032215e-05
2024-04-24 14:01:48+00:00,-9.063314412865352e-05
2024-04-24 15:01:42+00:00,-0.00026346111540338855
2024-04-24 16:01:38+00:00,-0.0004009806200204042
2024-04-24 17:02:12+00:00,2.6489100067956034e-05
2024-04-24 18:01:59+00:00,0.00017669010292176607
2024-04-24 19:02:00+00:00,-0.00012463126359017372
2024-04-24 20:01:49+00:00,0.0001374345990543328
2024-04-24 21:02:19+00:00,5.192269934635176e-05
2024-04-24 22:00:20+00:00,0.0004436480072417776
2024-04-24 23:00:25+00:00,-0.00015475917507051736
2024-04-25 00:00:58+00:00,7.139267457419857e-05
2024-04-25 01:00:28+00:00,0.0003316856668047808
2024-04-25 02:00:32+00:00,-0.00014525857016689004
2024-04-25 03:00:00+00:00,9.20847024035862e-05
2024-04-25 04:01:38+00:00,-2.4916878512657823e-06
2024-04-25 05:01:41+00:00,0.00018298732135828562
2024-04-25 06:01:45+00:00,9.262617248577582e-05
2024-04-25 07:01:49+00:00,5.534606401381145e-05
2024-04-25 08:01:38+00:00,8.94728080001563e-05
2024-04-25 09:01:38+00:00,-7.465064347158067e-07
2024-04-25 10:01:40+00:00,-0.0001919515817386253
2024-04-25 11:01:57+00:00,-7.709852921560293e-05
2024-04-25 12:05:49+00:00,7.773141342414461e-05
2024-04-25 13:01:49+00:00,-2.3883784022956598e-05
2024-04-25 14:02:04+00:00,3.0454405140460612e-05
2024-04-25 15:06:07+00:00,-5.188835691910706e-05
2024-04-25 16:01:27+00:00,0.00033182425646119986
2024-04-25 17:01:41+00:00,0.00021372431539669047
2024-04-25 18:01:45+00:00,0.00015396186110466328
2024-04-25 19:00:43+00:00,8.038291535891558e-05
2024-04-25 20:01:21+00:00,3.605093572978443e-05
2024-04-25 21:01:25+00:00,4.337949022061128e-05
2024-04-25 22:01:27+00:00,2.1120050051747904e-05
2024-04-25 23:02:09+00:00,8.792404452239332e-08
2024-04-26 00:01:05+00:00,3.606364155953543e-06
2024-04-26 01:01:00+00:00,1.2551321176364505e-05
2024-04-26 02:00:54+00:00,1.5115236596947599e-05
2024-04-26 03:00:38+00:00,2.581061577375216e-05
2024-04-26 04:00:58+00:00,1.6337286711931025e-05
2024-04-26 05:00:51+00:00,1.4371931260229133e-05
2024-04-26 06:00:09+00:00,1.770238916538389e-05
2024-04-26 07:00:53+00:00,1.6397786557843152e-05
2024-04-26 08:01:02+00:00,1.642921847144374e-05
2024-04-26 09:01:08+00:00,1.3043706820232818e-05
2024-04-26 10:00:33+00:00,9.410111435030118e-06
2024-04-26 11:01:39+00:00,4.688971068587296e-06
2024-04-26 12:01:27+00:00,1.100650618559511e-05
2024-04-26 13:01:24+00:00,1.0858002636363838e-05
2024-04-26 14:01:05+00:00,2.2940312496801118e-05
2024-04-26 15:01:26+00:00,2.5335105874793186e-05
2024-04-26 16:00:54+00:00,1.7781513359786658e-05
2024-04-26 17:01:41+00:00,1.879553871901713e-05
2024-04-26 18:01:12+00:00,1.4632629428963045e-05
2024-04-26 19:01:36+00:00,1.6616835436114204e-05
2024-04-26 20:00:05+00:00,1.1885578752197915e-05
2024-04-26 21:00:29+00:00,1.1844496001304951e-05
2024-04-26 22:00:52+00:00,1.5941281157814687e-05
2024-04-26 23:00:31+00:00,1.4516387105393595e-06
2024-04-27 00:02:04+00:00,5.2460558326193695e-06
2024-04-27 01:00:58+00:00,7.704294695885692e-07
2024-04-27 02:00:43+00:00,-3.2840831471913955e-05
2024-04-27 03:00:38+00:00,-1.8980814213659444e-05
2024-04-27 04:01:04+00:00,-9.539615885258193e-06
2024-04-27 05:01:06+00:00,-9.081663967362394e-06
2024-04-27 06:01:12+00:00,-9.47034501092358e-06
2024-04-27 07:00:30+00:00,-9.437038943395908e-06
2024-04-27 08:00:30+00:00,-1.2367246135759444e-05
2024-04-27 09:01:13+00:00,-1.3406536560297297e-05
2024-04-27 10:00:00+00:00,-9.75093676796725e-06
2024-04-27 11:00:56+00:00,-1.0060671895040245e-05
2024-04-27 12:00:10+00:00,-8.106656043358134e-06
2024-04-27 13:01:31+00:00,-2.7376846409810736e-06
2024-04-27 14:01:18+00:00,-3.9913147018092765e-06
2024-04-27 15:01:35+00:00,-7.385071191013462e-06
2024-04-27 16:01:32+00:00,-1.1218994609296307e-05
2024-04-27 17:01:31+00:00,2.825507881425483e-06
2024-04-27 18:01:28+00:00,3.72037246039611e-05
2024-04-27 19:00:43+00:00,1.7468222848575066e-05
2024-04-27 20:01:52+00:00,1.6991174367200255e-05
2024-04-27 21:01:54+00:00,1.470846446173659e-05
2024-04-27 22:01:34+00:00,1.4316516433928282e-05
2024-04-27 23:01:48+00:00,1.3866772425799537e-05
2024-04-28 00:00:14+00:00,1.6739871063309275e-05
2024-04-28 01:01:19+00:00,1.634436926658115e-05
2024-04-28 02:01:40+00:00,1.3923760114135226e-05
2024-04-28 03:01:07+00:00,2.178348857057973e-05
2024-04-28 04:01:36+00:00,1.674909919126774e-05
2024-04-28 05:01:58+00:00,1.1661019157403593e-05
2024-04-28 06:00:12+00:00,1.370523481897885e-05
2024-04-28 07:01:14+00:00,3.627653326832579e-05
2024-04-28 08:01:17+00:00,3.552327838741013e-05
2024-04-28 09:01:37+00:00,3.5009836966109195e-05
2024-04-28 10:00:24+00:00,3.004031432883738e-05
2024-04-28 11:01:39+00:00,1.37709481721538e-05
2024-04-28 12:01:41+00:00,1.2517211831605727e-05
2024-04-28 13:01:21+00:00,1.7780571033703903e-05
2024-04-28 14:00:22+00:00,2.2857206715322087e-05
2024-04-28 15:01:10+00:00,1.7577831526533615e-05
2024-04-28 16:01:22+00:00,1.3300836383606417e-05
2024-04-28 17:02:10+00:00,1.1210196405592811e-05
2024-04-28 18:00:09+00:00,6.472210976517765e-06
2024-04-28 19:00:13+00:00,9.431087554710464e-06
2024-04-28 20:00:10+00:00,3.451548577094674e-06
2024-04-28 21:00:21+00:00,2.76348536238736e-06
2024-04-28 22:00:24+00:00,-2.1497696583867417e-06
2024-04-28 23:00:16+00:00,-1.4649170063470833e-05
2024-04-29 00:00:19+00:00,-5.019354624502962e-06
2024-04-29 01:00:20+00:00,1.5619287223126918e-06
2024-04-29 02:00:16+00:00,4.44764190260117e-06
2024-04-29 03:00:18+00:00,6.21547413995841e-06
2024-04-29 04:00:22+00:00,9.687443104517942e-06
2024-04-29 05:00:14+00:00,2.1578858408780956e-05
2024-04-29 06:18:15+00:00,9.644906010877589e-05
2024-04-29 08:10:02+00:00,-0.0001083738717859492
2024-04-29 09:13:03+00:00,0.00012076463494416156
2024-04-29 13:31:48+00:00,0.00016813153573341124
2024-04-29 19:42:09+00:00,0.00014639334883377036
2024-04-29 21:54:51+00:00,-0.00011769374701799104
2024-04-29 23:00:51+00:00,-8.980967767799241e-06
2024-04-30 00:00:54+00:00,-7.5268331217042205e-06
2024-04-30 01:01:03+00:00,-6.770259705913429e-07
2024-04-30 02:01:00+00:00,-2.014913527601778e-05
2024-04-30 03:00:10+00:00,-9.189782389521864e-06
2024-04-30 04:00:59+00:00,-8.515759813397362e-06
2024-04-30 05:00:58+00:00,-8.442294075997167e-06
2024-04-30 06:01:02+00:00,-8.586211297518137e-06
2024-04-30 07:01:06+00:00,-6.839251089018882e-06
2024-04-30 08:00:35+00:00,-8.903203113732972e-06
2024-04-30 09:00:19+00:00,-3.104396593300906e-05
2024-04-30 10:00:15+00:00,-4.117956737614417e-05
2024-04-30 11:00:17+00:00,-7.955706455866093e-05
2024-04-30 12:00:02+00:00,-9.134141843663897e-05
2024-04-30 13:00:35+00:00,-6.577908005871741e-05
2024-04-30 14:00:40+00:00,-6.952736846672019e-05
2024-04-30 15:00:46+00:00,-1.903081910888967e-05
2024-04-30 16:00:56+00:00,-1.5039855434059694e-05
2024-04-30 17:01:03+00:00,-1.7629563955336342e-05
2024-04-30 18:01:23+00:00,-1.0849242159774493e-05
2024-04-30 19:01:11+00:00,6.135635315993681e-06
2024-04-30 20:03:14+00:00,4.6823955517879327e-05
2024-04-30 21:00:24+00:00,1.4756956862079153e-05
2024-04-30 22:00:37+00:00,2.0863516398417073e-05
2024-04-30 23:01:41+00:00,5.454870048459195e-05
2024-05-01 00:01:00+00:00,3.420226003773082e-05
2024-05-01 01:00:09+00:00,2.6534857056944366e-05
2024-05-01 02:01:45+00:00,3.136277670909576e-05
2024-05-01 03:00:00+00:00,3.0310623962594764e-05
2024-05-01 04:01:53+00:00,3.179850027126067e-05
2024-05-01 05:00:53+00:00,3.360687884450194e-05
2024-05-01 06:00:03+00:00,2.969329872975819e-05
2024-05-01 07:01:05+00:00,2.5460824535559e-05
2024-05-01 08:01:05+00:00,-2.0209360625683855e-06
2024-05-01 09:00:57+00:00,3.242265295273199e-06
2024-05-01 10:00:58+00:00,5.993216773295713e-06
2024-05-01 11:01:04+00:00,1.3112028532040277e-05
2024-05-01 12:01:09+00:00,1.4507729114789317e-05
2024-05-01 13:00:56+00:00,1.7142623638758615e-05
2024-05-01 14:00:06+00:00,8.480528247547315e-06
2024-05-01 15:02:07+00:00,1.4884507847624194e-05
2024-05-01 16:00:38+00:00,3.440862024517953e-06
2024-05-01 17:00:10+00:00,-3.356574266603201e-06
2024-05-01 18:01:07+00:00,2.6510188270572572e-05
2024-05-01 19:00:59+00:00,6.696411217070173e-05
2024-05-01 20:01:07+00:00,1.5216094363774135e-05
2024-05-01 21:00:41+00:00,1.7050187958979596e-05
2024-05-01 22:01:11+00:00,1.0316748811964769e-05
2024-05-01 23:01:34+00:00,4.2765539692851435e-06
2024-05-02 00:00:46+00:00,2.905342447578008e-06
2024-05-02 01:00:07+00:00,-8.113255659097034e-06
2024-05-02 02:00:10+00:00,-4.790705274640652e-05
2024-05-02 03:00:13+00:00,-4.522747963304465e-05
2024-05-02 04:00:43+00:00,-4.2499325423834284e-05
2024-05-02 05:00:27+00:00,-3.067956921303242e-05
2024-05-02 06:00:46+00:00,-1.2913457850725269e-05
2024-05-02 07:01:09+00:00,-1.3900373904948941e-05
2024-05-02 08:00:03+00:00,-1.6599822586386656e-05
2024-05-02 09:00:54+00:00,-1.4889687718128285e-05
2024-05-02 10:00:32+00:00,-1.2902155337652622e-05
2024-05-02 11:00:53+00:00,2.451848309533562e-06
2024-05-02 12:01:53+00:00,4.795077211439815e-06
2024-05-02 13:01:05+00:00,-1.9675198151311027e-06
2024-05-02 14:02:01+00:00,-1.1850371332587382e-05
2024-05-02 15:00:19+00:00,4.539380847784309e-06
2024-05-02 16:00:16+00:00,4.2434213529993424e-06
2024-05-02 17:01:07+00:00,-2.519598309687732e-06
2024-05-02 18:01:04+00:00,-2.6389847502329457e-07
2024-05-02 19:01:11+00:00,7.801011862824365e-07
2024-05-02 20:01:30+00:00,-1.3590060704128013e-06
2024-05-02 21:00:39+00:00,1.032605153120065e-05
2024-05-02 22:02:03+00:00,5.574787284206325e-06
2024-05-02 23:01:55+00:00,3.0187597807816894e-06
2024-05-03 00:00:18+00:00,-4.341367382490831e-07
2024-05-03 01:01:36+00:00,7.5051194504105784e-06
2024-05-03 02:00:37+00:00,8.006806753525357e-06
2024-05-03 03:00:03+00:00,1.5436513178538844e-05
2024-05-03 04:00:30+00:00,9.806927214850473e-06
2024-05-03 05:00:42+00:00,7.7228849901053e-06
2024-05-03 06:00:59+00:00,5.730157964161652e-06
2024-05-03 07:00:51+00:00,5.294576640136671e-06
2024-05-03 08:01:14+00:00,4.105850276500729e-06
2024-05-03 09:01:55+00:00,7.669318248968595e-06
2024-05-03 10:01:48+00:00,1.0947956631457694e-05
2024-05-03 11:01:51+00:00,-3.898086585410238e-07
2024-05-03 12:01:58+00:00,1.7915704241159858e-05
2024-05-03 13:00:33+00:00,2.9660644240881837e-05
2024-05-03 14:00:51+00:00,1.9823527677539135e-05
2024-05-03 15:00:55+00:00,2.5271189534389715e-05
2024-05-03 16:01:25+00:00,2.892676419282966e-05
2024-05-03 17:01:26+00:00,2.3878956599475713e-05
2024-05-03 18:01:39+00:00,2.7555852931379065e-05
2024-05-03 19:01:40+00:00,2.6352004424412836e-05
2024-05-03 20:01:42+00:00,3.7654469890442334e-05
2024-05-03 21:00:49+00:00,4.233933346230215e-05
2024-05-03 22:00:13+00:00,3.1714109009721194e-05
2024-05-03 23:01:55+00:00,2.709300043545212e-05
2024-05-04 00:00:50+00:00,2.3667796364583946e-05
2024-05-04 01:01:19+00:00,-3.401449842495577e-05
2024-05-04 02:01:04+00:00,-1.0205115492139111e-05
2024-05-04 03:00:31+00:00,-3.457262596257679e-05
2024-05-04 04:00:16+00:00,-3.816241768658695e-05
2024-05-04 05:01:02+00:00,-3.893862981010934e-05
2024-05-04 06:01:43+00:00,-5.103058703073078e-05
2024-05-04 07:01:00+00:00,-3.949674962474367e-05
2024-05-04 08:00:11+00:00,-3.6692457149191264e-05
2024-05-04 09:00:06+00:00,-2.225058940497025e-05
2024-05-04 10:00:07+00:00,-1.3626974104652138e-06
2024-05-04 11:00:20+00:00,5.479300600150809e-06
2024-05-04 12:00:16+00:00,5.17978077532131e-05
2024-05-04 13:00:24+00:00,9.683837665281771e-05
2024-05-04 14:00:22+00:00,8.270360212456529e-05
2024-05-04 15:00:25+00:00,5.091394166383568e-05
2024-05-04 16:00:32+00:00,4.985850748853265e-05
2024-05-04 17:00:46+00:00,5.963400449693355e-05
2024-05-04 18:02:00+00:00,6.682515765404219e-05
2024-05-04 19:00:31+00:00,7.47350649765873e-05
2024-05-04 20:00:07+00:00,7.009052854050837e-05
2024-05-04 21:00:18+00:00,7.427068156479448e-05
2024-05-04 22:00:17+00:00,2.0077007949798634e-05
2024-05-04 23:00:12+00:00,-9.452055856186594e-06
2024-05-05 00:00:57+00:00,-1.1287091951616298e-05
2024-05-05 01:00:24+00:00,-1.3232684008541417e-05
2024-05-05 02:00:10+00:00,-2.620153746942811e-05
2024-05-05 03:00:22+00:00,-3.589808451457147e-05
2024-05-05 04:00:24+00:00,-3.7958198597259004e-05
2024-05-05 05:00:17+00:00,-2.4147914541779164e-05
2024-05-05 06:00:07+00:00,-2.3858853312003113e-05
2024-05-05 07:00:10+00:00,-2.698764722683731e-05
2024-05-05 08:00:43+00:00,-2.5084848613090113e-05
2024-05-05 09:00:54+00:00,-2.871145715021431e-05
2024-05-05 10:00:50+00:00,-3.119654578803417e-05
2024-05-05 11:00:51+00:00,-2.730636383232085e-05
2024-05-05 12:00:53+00:00,-2.9737635556083656e-05
2024-05-05 13:00:57+00:00,-3.123233771036573e-05
2024-05-05 14:00:50+00:00,-2.8576384887938942e-05
2024-05-05 15:00:07+00:00,-2.8980791294724854e-05
2024-05-05 16:01:00+00:00,-1.3465969897587827e-05
2024-05-05 17:00:05+00:00,-1.071912892595433e-05
2024-05-05 18:00:57+00:00,-1.4314965120834109e-05
2024-05-05 19:01:02+00:00,-3.297726104629796e-05
2024-05-05 20:01:23+00:00,-2.0565321989697492e-05
2024-05-05 21:01:08+00:00,-1.1329200220026901e-05
2024-05-05 22:01:17+00:00,-9.254311352893345e-06
2024-05-05 23:01:21+00:00,-1.8742510837719657e-05
2024-05-06 00:00:10+00:00,-1.804239998467932e-05
2024-05-06 01:00:52+00:00,-2.4688255610905585e-05
2024-05-06 02:00:00+00:00,-2.8813503548084503e-05
2024-05-06 03:00:00+00:00,-1.9171170845522798e-05
2024-05-06 04:00:27+00:00,-7.2689998984018464e-06
2024-05-06 05:00:26+00:00,-1.3137125589142717e-06
2024-05-06 06:01:20+00:00,1.3758005120297186e-05
2024-05-06 07:00:56+00:00,3.2401857270512245e-05
2024-05-06 08:00:14+00:00,3.1750609789547896e-05
2024-05-06 09:00:21+00:00,3.9228909082871404e-05
2024-05-06 10:01:40+00:00,3.663198028671507e-05
2024-05-06 11:00:08+00:00,1.6154303665100286e-05
2024-05-06 12:00:07+00:00,2.0999875950212375e-05
2024-05-06 13:00:16+00:00,-1.1952597769240708e-06
2024-05-06 14:00:23+00:00,-1.907354058972761e-05
2024-05-06 15:00:16+00:00,-0.00014013285324205194
2024-05-06 16:00:29+00:00,-0.0001288679201469643
2024-05-06 17:00:14+00:00,-0.00013837042126073186
2024-05-06 18:00:28+00:00,-0.00013720918489545838
2024-05-06 19:00:26+00:00,-0.00012204725564182357
2024-05-06 20:00:24+00:00,-0.00012775858946408606
2024-05-06 21:00:21+00:00,-8.54603915485765e-05
2024-05-06 22:00:26+00:00,-6.640536964428061e-05
2024-05-06 23:01:09+00:00,-4.9710217868817825e-05
2024-05-07 00:01:12+00:00,-6.845852961228941e-06
2024-05-07 01:00:14+00:00,-4.517402994625024e-05
2024-05-07 02:00:29+00:00,-4.8724531460712315e-05
2024-05-07 03:00:47+00:00,-2.726771800870988e-05
2024-05-07 04:01:14+00:00,-4.8364229296525404e-05
2024-05-07 05:01:21+00:00,-4.267454562675473e-05
2024-05-07 06:01:34+00:00,-1.9284373670195494e-05
2024-05-07 07:01:01+00:00,-5.748050201788106e-05
2024-05-07 08:01:17+00:00,-5.747291552006781e-05
2024-05-07 09:01:34+00:00,-5.049047949924718e-05
2024-05-07 10:00:41+00:00,-4.815134955060521e-05
2024-05-07 11:00:38+00:00,-3.3191015499746046e-05
2024-05-07 12:00:47+00:00,-2.688869890008107e-05
2024-05-07 13:01:37+00:00,-1.747349622786294e-05
2024-05-07 14:00:18+00:00,-2.1694420312643044e-05
2024-05-07 15:00:41+00:00,-1.2710419181209345e-05
2024-05-07 16:00:40+00:00,-4.006321984868836e-05
2024-05-07 17:00:34+00:00,-2.932901418557156e-05
2024-05-07 18:00:29+00:00,-5.2089994078515924e-05
2024-05-07 19:00:40+00:00,-2.783948222614979e-05
2024-05-07 20:01:53+00:00,-2.1267108122014666e-05
2024-05-07 21:01:19+00:00,-1.8276160971451777e-05
2024-05-07 22:01:51+00:00,-1.3051423062044872e-05
2024-05-07 23:01:10+00:00,-1.8335568752495516e-05
2024-05-08 00:01:51+00:00,-2.9651434715732932e-05
2024-05-08 01:00:59+00:00,-1.6348799880420203e-05
2024-05-08 02:01:47+00:00,-7.292889411417844e-06
2024-05-08 03:01:34+00:00,-6.704686950718201e-07
2024-05-08 04:01:49+00:00,-2.7256019087968657e-06
2024-05-08 05:01:48+00:00,-7.935706259368086e-06
2024-05-08 06:00:56+00:00,-5.55069564526202e-06
2024-05-08 07:00:32+00:00,-7.020300298368685e-06
2024-05-08 08:00:04+00:00,-3.526736433972273e-06
2024-05-08 09:00:17+00:00,1.2025044134528075e-05
2024-05-08 10:00:10+00:00,1.3183844192245731e-05
2024-05-08 11:10:52+00:00,-1.977734954401857e-05
2024-05-08 12:00:51+00:00,7.648342587888134e-06
2024-05-08 13:00:16+00:00,1.3781279060818889e-05
2024-05-08 14:00:11+00:00,2.2244487400138064e-05
2024-05-08 15:00:06+00:00,2.849504400830606e-05
2024-05-08 16:00:06+00:00,1.9959798793534305e-05
2024-05-08 17:00:17+00:00,1.6486454685345606e-05
2024-05-08 18:00:42+00:00,1.7931312181408428e-05
2024-05-08 19:00:15+00:00,1.848075520700409e-05
2024-05-08 20:00:13+00:00,1.8973243406248197e-05
2024-05-08 21:00:15+00:00,2.8525494331762386e-06
2024-05-08 22:00:10+00:00,4.305569265579283e-06
2024-05-08 23:00:19+00:00,6.759247134436162e-06
2024-05-09 00:00:15+00:00,6.414048697538863e-06
2024-05-09 01:00:10+00:00,1.4228350610914694e-05
2024-05-09 02:00:15+00:00,4.697052493073715e-06
2024-05-09 03:00:18+00:00,-2.2565367221772798e-07
2024-05-09 04:00:16+00:00,5.353458912631123e-07
2024-05-09 05:00:19+00:00,4.490780010457736e-06
2024-05-09 06:00:18+00:00,1.0203623521851056e-05
2024-05-09 07:00:13+00:00,5.506629350218307e-06
2024-05-09 08:00:26+00:00,-3.503288843285156e-06
2024-05-09 09:00:15+00:00,1.4544441764291914e-05
2024-05-09 10:00:12+00:00,5.561804610405219e-06
2024-05-09 11:00:15+00:00,8.003690377131045e-08
2024-05-09 12:00:24+00:00,1.941568686323227e-06
2024-05-09 13:02:01+00:00,8.600464989853087e-06
2024-05-09 14:00:25+00:00,3.882991992987427e-06
2024-05-09 15:00:18+00:00,1.947383947224136e-06
2024-05-09 16:01:46+00:00,1.0083270816311637e-05
2024-05-09 17:00:20+00:00,1.7243252590825366e-05
2024-05-09 18:02:02+00:00,1.1096459229507772e-05
2024-05-09 19:18:23+00:00,3.595624261302056e-05
2024-05-09 20:00:26+00:00,2.350026513563894e-05
2024-05-09 21:00:29+00:00,1.1462176050579247e-05
2024-05-09 22:00:38+00:00,6.591685460591388e-06
2024-05-09 23:01:40+00:00,3.023295646788119e-05
2024-05-10 00:00:27+00:00,6.950242266840077e-05
2024-05-10 01:00:26+00:00,7.189119157314418e-05
2024-05-10 02:00:28+00:00,0.00011622146462163633
2024-05-10 03:00:24+00:00,5.983977222267589e-05
2024-05-10 04:00:28+00:00,5.0924681993767363e-05
2024-05-10 05:01:00+00:00,4.7929061340717995e-05
2024-05-10 06:00:18+00:00,-1.3000805409222772e-05
2024-05-10 07:00:26+00:00,-2.6647984509000234e-05
2024-05-10 08:00:10+00:00,-2.5713393435210876e-05
2024-05-10 09:00:28+00:00,-3.0508394456853716e-05
2024-05-10 10:00:26+00:00,-2.6152679281534318e-05
2024-05-10 11:01:04+00:00,-2.617296774133925e-05
2024-05-10 12:01:04+00:00,-2.3646292840606833e-05
2024-05-10 13:00:49+00:00,-3.479593127323063e-05
2024-05-10 14:01:06+00:00,-2.789233509503826e-05
2024-05-10 15:00:35+00:00,-4.058005264645771e-05
2024-05-10 16:00:49+00:00,-3.562535264814023e-05
2024-05-10 17:00:46+00:00,-5.022554962952185e-05
2024-05-10 18:01:05+00:00,-4.6438015012748645e-05
2024-05-10 19:00:29+00:00,-2.3957177026370435e-05
2024-05-10 20:01:04+00:00,-3.056618460506123e-05
2024-05-10 21:00:20+00:00,-2.7583385370685385e-05
2024-05-10 22:01:08+00:00,-2.8276445830934065e-05
2024-05-10 23:01:08+00:00,-3.016396582211497e-05
2024-05-11 00:00:01+00:00,-2.468474829614092e-05
2024-05-11 01:01:22+00:00,-2.4866332147054275e-05
2024-05-11 02:01:11+00:00,-2.202458162098659e-05
2024-05-11 03:01:10+00:00,-2.3392110045094496e-05
2024-05-11 04:01:09+00:00,-1.4798662839376964e-05
2024-05-11 05:00:25+00:00,-5.886188984095572e-06
2024-05-11 06:01:19+00:00,-4.075919621102512e-06
2024-05-11 07:01:02+00:00,-5.186397092004591e-06
2024-05-11 08:01:26+00:00,-4.6659198179365295e-06
2024-05-11 09:01:09+00:00,-8.772510966467756e-06
2024-05-11 10:01:12+00:00,-3.5533515454342243e-06
2024-05-11 11:01:12+00:00,-6.566999689957598e-06
2024-05-11 12:00:26+00:00,-7.0536317428091094e-06
2024-05-11 13:01:09+00:00,-7.829844919615512e-06
2024-05-11 14:01:15+00:00,-5.351749117987378e-06
2024-05-11 15:01:13+00:00,-8.113330403529855e-06
2024-05-11 16:01:20+00:00,-8.53278530004985e-06
2024-05-11 17:01:18+00:00,-7.541503252007242e-06
2024-05-11 18:01:30+00:00,-9.552077107630488e-06
2024-05-11 19:01:22+00:00,-8.046990414447294e-06
2024-05-11 20:00:30+00:00,-7.88882671874703e-06
2024-05-11 21:01:45+00:00,-2.605148877363455e-05
2024-05-11 22:00:21+00:00,-1.1323720503670118e-05
2024-05-11 23:01:01+00:00,-5.529734517233365e-06
2024-05-12 00:00:32+00:00,-7.27163378679166e-06
2024-05-12 01:00:50+00:00,-4.100967850883866e-06
2024-05-12 02:00:21+00:00,-4.821621126389259e-06
2024-05-12 03:00:43+00:00,-1.9706624023985906e-06
2024-05-12 04:00:26+00:00,-4.2370836293679844e-06
2024-05-12 05:01:24+00:00,-2.8086766083490552e-06
2024-05-12 06:00:23+00:00,-2.6302382033256956e-06
2024-05-12 07:01:08+00:00,-4.2979970476023405e-06
2024-05-12 08:00:43+00:00,-6.94988940789711e-06
2024-05-12 09:00:42+00:00,-1.8602551575205308e-06
2024-05-12 10:01:14+00:00,-4.181057853319234e-07
2024-05-12 11:01:15+00:00,-3.973384119720313e-06
2024-05-12 12:01:21+00:00,-1.0040717761434047e-05
2024-05-12 13:00:42+00:00,-9.679326229451652e-06
2024-05-12 14:01:23+00:00,-9.466493496780222e-06
2024-05-12 15:00:57+00:00,-9.847634158443085e-06
2024-05-12 16:01:19+00:00,1.0332816174329222e-06
2024-05-12 17:00:51+00:00,6.4495543797467e-05
2024-05-12 18:01:27+00:00,7.934201464666355e-05
2024-05-12 19:01:24+00:00,8.709978494081611e-05
2024-05-12 20:01:22+00:00,9.505714223831899e-05
2024-05-12 21:01:30+00:00,9.791136998252603e-05
2024-05-12 22:01:28+00:00,8.995954810039571e-05
2024-05-12 23:01:27+00:00,0.00010310302439459861
2024-05-13 00:01:03+00:00,9.206156567328734e-05
2024-05-13 01:00:31+00:00,9.71790114142808e-05
2024-05-13 02:00:23+00:00,8.336639809759596e-05
2024-05-13 03:00:13+00:00,6.041564009314333e-05
2024-05-13 04:01:27+00:00,6.851831569604092e-05
2024-05-13 05:01:35+00:00,7.067069903514054e-05
2024-05-13 06:00:49+00:00,7.06321206775839e-05
2024-05-13 07:01:30+00:00,9.705850328049945e-05
2024-05-13 08:00:20+00:00,0.0001032700321325107
2024-05-13 09:01:27+00:00,0.00010448396440481996
2024-05-13 10:01:27+00:00,7.808659463839747e-05
2024-05-13 11:00:02+00:00,7.167636827588574e-05
2024-05-13 12:01:10+00:00,7.35204301350101e-05
2024-05-13 13:01:09+00:00,7.675706782613795e-05
2024-05-13 14:01:38+00:00,8.789583967705183e-05
2024-05-13 15:01:37+00:00,7.042388889723963e-05
2024-05-13 16:01:41+00:00,8.18647880893691e-05
2024-05-13 17:01:26+00:00,7.691999427592732e-05
2024-05-13 18:01:26+00:00,5.457647321805358e-05
2024-05-13 19:01:44+00:00,5.25462114991305e-05
2024-05-13 20:00:47+00:00,7.135030947912942e-05
2024-05-13 21:01:35+00:00,6.863244977194975e-05
2024-05-13 22:00:33+00:00,6.003640651738679e-05
2024-05-13 23:00:10+00:00,5.489903826714285e-05
2024-05-14 00:01:12+00:00,5.6423597636188433e-05
2024-05-14 01:01:45+00:00,6.184473298915476e-05
2024-05-14 02:00:38+00:00,6.235629679568274e-05
2024-05-14 03:00:19+00:00,6.719310015145834e-05
2024-05-14 04:00:06+00:00,6.554397004950531e-05
2024-05-14 05:01:37+00:00,6.469669143126696e-05
2024-05-14 06:01:32+00:00,6.376716342305986e-05
2024-05-14 07:01:29+00:00,6.0276249318673315e-05
2024-05-14 08:01:25+00:00,7.13875797123274e-05
2024-05-14 09:01:43+00:00,6.438683165347602e-05
2024-05-14 10:01:12+00:00,5.841734549584966e-05
2024-05-14 11:01:42+00:00,5.802501029554056e-05
2024-05-14 12:00:30+00:00,5.640778138058715e-05
2024-05-14 13:01:54+00:00,5.6642787166620776e-05
2024-05-14 14:01:53+00:00,5.5943344291056354e-05
2024-05-14 15:01:54+00:00,4.4925214247991704e-05
2024-05-14 16:01:30+00:00,6.902556291585382e-05
2024-05-14 17:02:33+00:00,5.074891371938737e-05
2024-05-14 18:01:52+00:00,4.71576683605017e-05
2024-05-14 19:01:59+00:00,6.124636232567549e-05
2024-05-14 20:01:44+00:00,5.861131902182809e-05
2024-05-14 21:02:04+00:00,5.16467799853353e-05
2024-05-14 22:01:11+00:00,5.4287384531959934e-05
2024-05-14 23:01:22+00:00,5.9451165139059034e-05
2024-05-15 00:01:47+00:00,6.564611558981889e-05
2024-05-15 01:01:57+00:00,5.6847992445336916e-05
2024-05-15 02:01:38+00:00,6.039888470621693e-05
2024-05-15 03:00:40+00:00,4.994642478312914e-05
2024-05-15 04:00:53+00:00,4.964536490499905e-05
2024-05-15 05:01:17+00:00,4.866996620914747e-05
2024-05-15 06:00:09+00:00,4.9334040829208726e-05
2024-05-15 07:00:07+00:00,5.7380676586541834e-05
2024-05-15 08:00:07+00:00,6.283111229140463e-05
2024-05-15 09:00:25+00:00,5.396982622863152e-05
2024-05-15 10:00:10+00:00,5.8255377035380324e-05
2024-05-15 11:00:21+00:00,5.5020087666355754e-05
2024-05-15 12:00:32+00:00,5.0063068400129194e-05
2024-05-15 13:00:17+00:00,7.360390663529227e-05
2024-05-15 14:00:24+00:00,9.814993854489055e-05
2024-05-15 15:00:42+00:00,0.00011456648826781362
2024-05-15 16:00:41+00:00,0.00010071430275761485
2024-05-15 17:00:21+00:00,0.00011294084561440738
2024-05-15 18:00:39+00:00,0.00011435331247607101
2024-05-15 19:00:39+00:00,0.00012283635757941478
2024-05-15 20:00:55+00:00,0.00010309141623282707
2024-05-15 21:02:11+00:00,9.26931745003825e-05
2024-05-15 22:00:57+00:00,8.037762627436109e-05
2024-05-15 23:00:48+00:00,5.0516482640917685e-05
2024-05-16 00:00:42+00:00,6.808625038843028e-05
2024-05-16 01:01:25+00:00,6.952296838259784e-05
2024-05-16 02:00:25+00:00,6.417133595198556e-05
2024-05-16 03:00:19+00:00,6.537512868028494e-05
2024-05-16 04:00:22+00:00,4.335819562141088e-05
2024-05-16 05:00:19+00:00,5.527810433857709e-05
2024-05-16 06:00:24+00:00,4.7225167954457683e-05
2024-05-16 07:00:29+00:00,6.398495521991716e-05
2024-05-16 08:00:31+00:00,6.09618523779285e-05
2024-05-16 09:00:33+00:00,5.522927460424452e-05
2024-05-16 10:00:28+00:00,6.255468621210008e-05
2024-05-16 11:00:41+00:00,6.662816718400347e-05
2024-05-16 12:00:54+00:00,6.961607589002867e-05
2024-05-16 13:00:57+00:00,7.651374022304034e-05
2024-05-16 14:01:56+00:00,7.996020862162944e-05
2024-05-16 15:01:44+00:00,6.812386806482087e-05
2024-05-16 16:01:22+00:00,7.961314330424058e-05
2024-05-16 17:00:21+00:00,9.475409147250991e-05
2024-05-16 18:01:14+00:00,7.626475238093513e-05
2024-05-16 19:00:10+00:00,0.00013271473169397226
2024-05-16 20:00:36+00:00,0.00015124436325231682
2024-05-16 21:00:30+00:00,6.178626906792043e-05
2024-05-16 22:00:32+00:00,1.574562167900038e-05
2024-05-16 23:00:11+00:00,2.4856256590943103e-06
2024-05-17 00:01:07+00:00,-1.972336229113017e-05
2024-05-17 01:01:07+00:00,-3.000130996614271e-05
2024-05-17 02:01:27+00:00,-1.00085406213302e-05
2024-05-17 03:00:52+00:00,-4.682509235654909e-05
2024-05-17 04:00:32+00:00,-3.9147374467597525e-05
2024-05-17 05:01:35+00:00,-3.206626462440856e-05
2024-05-17 06:01:41+00:00,-1.7249282090867874e-05
2024-05-17 07:01:11+00:00,7.988538353996809e-06
2024-05-17 08:00:07+00:00,2.9067270362857388e-05
2024-05-17 09:00:36+00:00,3.1751659005419165e-05
2024-05-17 10:00:51+00:00,1.8133243690019553e-05
2024-05-17 11:00:57+00:00,-5.180140208324644e-06
2024-05-17 12:01:22+00:00,1.0050343650452294e-05
2024-05-17 13:00:06+00:00,8.013235286042104e-06
2024-05-17 14:01:08+00:00,-3.7884485673782236e-05
2024-05-17 15:02:07+00:00,-3.0833749620425935e-05
2024-05-17 16:00:26+00:00,-2.1644451661336832e-05
2024-05-17 17:00:30+00:00,5.4493441672779635e-06
2024-05-17 18:00:01+00:00,-1.9261793497319406e-05
2024-05-17 19:00:35+00:00,-8.171955572670677e-06
2024-05-17 20:00:55+00:00,-1.1609131520074018e-06
2024-05-17 21:00:49+00:00,-6.347324906668988e-06
2024-05-17 22:00:54+00:00,-7.254342866164388e-06
2024-05-17 23:00:20+00:00,3.3767408426705286e-06
2024-05-18 00:00:57+00:00,5.3114235469044204e-06
2024-05-18 01:01:06+00:00,9.126741913730046e-07
2024-05-18 02:00:30+00:00,-6.608424013205536e-07
2024-05-18 03:01:25+00:00,3.081303647807486e-08
2024-05-18 04:01:08+00:00,-1.981242206689945e-06
2024-05-18 05:01:16+00:00,7.043204012398884e-06
2024-05-18 06:01:07+00:00,1.2273604110682791e-05
2024-05-18 07:00:23+00:00,2.0131162240625242e-05
2024-05-18 08:01:38+00:00,1.3023370710550379e-05
2024-05-18 09:00:30+00:00,7.30729406725093e-06
2024-05-18 10:01:12+00:00,5.966066063180994e-06
2024-05-18 11:01:55+00:00,2.596469073264252e-06
2024-05-18 12:01:05+00:00,3.3081220912749074e-06
2024-05-18 13:01:59+00:00,5.338189961826216e-07
2024-05-18 14:00:14+00:00,7.179160979947755e-07
2024-05-18 15:01:05+00:00,3.112621601894719e-05
2024-05-18 16:00:21+00:00,2.4575124187143138e-05
2024-05-18 17:00:46+00:00,-2.296255885357235e-06
2024-05-18 18:00:31+00:00,-6.051763437314547e-06
2024-05-18 19:00:34+00:00,-6.306372715562739e-06
2024-05-18 20:00:35+00:00,2.7481439092115494e-06
2024-05-18 21:00:36+00:00,9.080825358671126e-06
2024-05-18 22:00:40+00:00,2.179991734435983e-05
2024-05-18 23:00:44+00:00,2.6340181149580808e-05
2024-05-19 00:00:45+00:00,3.0120422694387267e-05
2024-05-19 01:00:35+00:00,3.265980543107661e-05
2024-05-19 02:00:44+00:00,3.644153266443996e-05
2024-05-19 03:00:40+00:00,3.026413181044303e-05
2024-05-19 04:00:54+00:00,3.1191732460707375e-05
2024-05-19 05:00:48+00:00,3.170769223740259e-05
2024-05-19 06:01:03+00:00,4.9785591764131775e-05
2024-05-19 07:01:03+00:00,3.112254786486576e-05
2024-05-19 08:01:15+00:00,4.809672384915006e-05
2024-05-19 09:01:31+00:00,3.455923099516599e-05
2024-05-19 10:00:42+00:00,2.8960670182596058e-05
2024-05-19 11:00:50+00:00,3.459464483315675e-05
2024-05-19 12:00:58+00:00,3.227491217978146e-05
2024-05-19 13:00:16+00:00,2.2766137724262433e-05
2024-05-19 14:01:41+00:00,3.448903658137147e-05
2024-05-19 15:01:55+00:00,5.551525487820408e-07
2024-05-19 16:00:13+00:00,1.270804036776977e-06
2024-05-19 17:00:07+00:00,-1.9436395693519317e-05
2024-05-19 18:00:11+00:00,1.2154092742971203e-05
2024-05-19 19:00:31+00:00,4.057771066969815e-05
2024-05-19 20:01:04+00:00,4.428718228220855e-05
2024-05-19 21:00:17+00:00,3.774313560771862e-05
2024-05-19 22:00:13+00:00,2.35915917904947e-05
2024-05-19 23:00:23+00:00,2.764419205412022e-05
2024-05-20 00:00:24+00:00,2.5397914717464385e-05
2024-05-20 01:00:22+00:00,3.5106293692200915e-05
2024-05-20 02:00:31+00:00,2.6893112935874202e-05
2024-05-20 03:00:36+00:00,3.49372416181059e-05
2024-05-20 04:00:40+00:00,3.431632255388953e-05
2024-05-20 05:00:44+00:00,4.064606519462979e-05
2024-05-20 06:00:38+00:00,2.5072506452009775e-05
2024-05-20 07:00:45+00:00,1.99523198911087e-05
2024-05-20 08:00:45+00:00,1.62325790103156e-05
2024-05-20 09:00:53+00:00,1.8671290953715522e-05
2024-05-20 10:00:21+00:00,2.3524027673204244e-05
2024-05-20 11:00:38+00:00,1.9297391928895274e-05
2024-05-20 12:01:28+00:00,3.739098578978378e-05
2024-05-20 13:01:36+00:00,1.73289639075066e-05
2024-05-20 14:01:34+00:00,3.008456746174309e-05
2024-05-20 15:00:01+00:00,3.1598113608856316e-05
2024-05-20 16:01:46+00:00,3.260307061653516e-05
2024-05-20 17:01:56+00:00,4.484494480755537e-05
2024-05-20 18:00:39+00:00,5.0251795715553666e-05
2024-05-20 19:00:39+00:00,3.7316706845582594e-05
2024-05-20 20:03:37+00:00,0.0001301243808673758
2024-05-20 21:02:59+00:00,3.31554221803149e-05
2024-05-20 22:00:52+00:00,9.185241982828958e-05
2024-05-20 23:01:05+00:00,9.909411040672799e-05
2024-05-21 00:01:22+00:00,0.00011351768524700606
2024-05-21 01:00:06+00:00,6.218967734401047e-05
2024-05-21 02:01:19+00:00,4.1409786121257896e-05
2024-05-21 03:01:15+00:00,4.2652130364579745e-05
2024-05-21 04:01:33+00:00,5.638858697944911e-05
2024-05-21 05:00:02+00:00,7.431701137619522e-05
2024-05-21 06:00:44+00:00,7.22717617327435e-05
2024-05-21 07:01:35+00:00,7.220851764971347e-05
2024-05-21 08:01:15+00:00,5.693765027482193e-05
2024-05-21 09:00:07+00:00,5.7749404184677615e-05
2024-05-21 10:00:45+00:00,7.010390579308956e-05
2024-05-21 11:00:45+00:00,6.90600466462774e-05
2024-05-21 12:00:50+00:00,8.338259180292613e-05
2024-05-21 13:00:56+00:00,6.282316378076796e-05
2024-05-21 14:00:18+00:00,0.00015551076744439702
2024-05-21 15:03:15+00:00,9.0954501000795e-05
2024-05-21 16:01:15+00:00,1.3375297288274395e-06
2024-05-21 17:01:26+00:00,0.00010341551758048877
2024-05-21 18:02:00+00:00,0.0001425372886252781
2024-05-21 19:01:34+00:00,0.00012826304942060638
2024-05-21 20:02:00+00:00,0.00014141368454518753
2024-05-21 21:00:27+00:00,0.0001351556082170245
2024-05-21 22:00:06+00:00,0.00010507832794698885
2024-05-21 23:00:25+00:00,0.00013152717291655135
2024-05-22 00:00:11+00:00,0.00013209941903211635
2024-05-22 01:00:23+00:00,0.0001235237180789297
2024-05-22 02:00:23+00:00,0.00011609699697750731
2024-05-22 03:00:33+00:00,0.00011750701079222354
2024-05-22 04:00:49+00:00,0.00012537292289687858
2024-05-22 05:00:34+00:00,9.744752697348892e-05
2024-05-22 06:00:50+00:00,0.00012277792466118483
2024-05-22 07:00:56+00:00,0.0001333183351139984
2024-05-22 08:00:54+00:00,0.00011996557514206916
2024-05-22 09:00:58+00:00,8.307691829909592e-05
2024-05-22 10:01:02+00:00,7.437737175212848e-05
2024-05-22 11:00:59+00:00,8.979003721141824e-05
2024-05-22 12:01:10+00:00,6.65803697303014e-05
2024-05-22 13:00:31+00:00,2.5609948008400973e-05
2024-05-22 14:00:25+00:00,4.352983035890426e-05
2024-05-22 15:01:36+00:00,5.436691076192701e-05
2024-05-22 16:02:00+00:00,0.00011893287224090485
2024-05-22 17:01:34+00:00,8.249958988293659e-05
2024-05-22 18:01:39+00:00,4.924096581527517e-05
2024-05-22 19:00:49+00:00,2.0855415260492797e-05
2024-05-22 20:01:46+00:00,3.941061434081421e-05
2024-05-22 21:01:33+00:00,5.5427695031305075e-05
2024-05-22 22:01:50+00:00,7.114089185175042e-05
2024-05-22 23:01:42+00:00,5.423933217399111e-05
2024-05-23 00:01:27+00:00,5.067198013783966e-05
2024-05-23 01:00:17+00:00,5.503337077627048e-05
2024-05-23 02:01:48+00:00,5.725900344063144e-05
2024-05-23 03:00:00+00:00,5.200891853699249e-05
2024-05-23 04:01:44+00:00,5.8970624900455566e-05
2024-05-23 05:01:50+00:00,5.667738268704084e-05
2024-05-23 06:01:17+00:00,5.647494001579268e-05
2024-05-23 07:01:53+00:00,6.673666774241019e-05
2024-05-23 08:01:13+00:00,5.9558975096676514e-05
2024-05-23 09:01:54+00:00,0.00010475857048379248
2024-05-23 10:01:28+00:00,0.00013399581684234686
2024-05-23 11:00:21+00:00,0.0001187983110370784
2024-05-23 12:02:26+00:00,0.00011052535820561131
2024-05-23 13:00:57+00:00,7.725386698167615e-05
2024-05-23 14:01:36+00:00,1.3575104752139212e-05
2024-05-23 15:03:36+00:00,6.1800285684074275e-06
2024-05-23 16:01:48+00:00,6.806643072169915e-05
2024-05-23 17:01:48+00:00,5.468234872980752e-05
2024-05-23 18:01:39+00:00,8.07836815531135e-05
2024-05-23 19:01:42+00:00,4.328393922727232e-05
2024-05-23 20:01:46+00:00,-1.7517834623272562e-05
2024-05-23 21:01:34+00:00,7.889313609565064e-05
2024-05-23 22:01:40+00:00,0.00015019675214522187
2024-05-23 23:01:26+00:00,7.567363885372618e-05
2024-05-24 00:01:47+00:00,5.334198105669142e-05
2024-05-24 01:01:36+00:00,6.294174114236274e-05
2024-05-24 02:00:29+00:00,6.358015904081638e-05
2024-05-24 03:01:54+00:00,8.505313832479561e-05
2024-05-24 04:01:01+00:00,6.703485817514304e-05
2024-05-24 05:00:13+00:00,5.337166871033987e-05
2024-05-24 06:00:07+00:00,4.26103134311577e-05
2024-05-24 07:00:37+00:00,1.7862695423827257e-05
2024-05-24 08:00:41+00:00,2.5288622620149342e-05
2024-05-24 09:00:55+00:00,4.238942804714648e-05
2024-05-24 10:01:48+00:00,4.7077848968841486e-05
2024-05-24 11:02:10+00:00,3.591288140974431e-05
2024-05-24 12:00:00+00:00,2.713505029026502e-05
2024-05-24 13:01:04+00:00,2.4341171862368e-05
2024-05-24 14:00:19+00:00,3.360738502806552e-06
2024-05-24 15:00:29+00:00,3.3982931803081196e-06
2024-05-24 16:00:30+00:00,1.2913637185502112e-05
2024-05-24 17:00:40+00:00,-2.0924220028190974e-06
2024-05-24 18:00:14+00:00,3.354442155849473e-05
2024-05-24 19:00:14+00:00,3.065254335819498e-05
2024-05-24 20:00:41+00:00,4.68253853605208e-05
2024-05-24 21:00:39+00:00,4.5199784572816266e-05
2024-05-24 22:00:28+00:00,6.024498552007971e-05
2024-05-24 23:00:44+00:00,4.762988982607042e-05
2024-05-25 00:00:39+00:00,5.0582589775298305e-05
2024-05-25 01:00:17+00:00,3.95725500923864e-05
2024-05-25 02:00:31+00:00,4.208775387703439e-05
2024-05-25 03:00:56+00:00,5.430878261345664e-05
2024-05-25 04:00:44+00:00,4.793612197692389e-05
2024-05-25 05:00:39+00:00,5.535140592861998e-05
2024-05-25 06:01:03+00:00,4.836004579462032e-05
2024-05-25 07:01:17+00:00,4.391787210284936e-05
2024-05-25 08:00:19+00:00,4.492217792261235e-05
2024-05-25 09:00:57+00:00,4.72309578034409e-05
2024-05-25 10:01:34+00:00,5.466006843415251e-05
2024-05-25 11:01:33+00:00,4.921366430524755e-05
2024-05-25 12:00:16+00:00,6.573881291885056e-05
2024-05-25 13:01:53+00:00,5.798087487913037e-05
2024-05-25 14:01:49+00:00,5.8410497667134816e-05
2024-05-25 15:01:45+00:00,7.354736872409433e-05
2024-05-25 16:00:36+00:00,6.63590981943886e-05
2024-05-25 17:01:04+00:00,6.543961776664351e-05
2024-05-25 18:00:54+00:00,6.61865773629687e-05
2024-05-25 19:01:10+00:00,6.82912611114747e-05
2024-05-25 20:01:02+00:00,5.919359335415547e-05
2024-05-25 21:01:39+00:00,6.171681626521532e-05
2024-05-25 22:00:07+00:00,7.47571215343211e-05
2024-05-25 23:00:22+00:00,5.781961357967647e-05
2024-05-26 00:00:04+00:00,5.741316570810651e-05
2024-05-26 01:01:49+00:00,5.4976700176295195e-05
2024-05-26 02:00:04+00:00,6.265683089365883e-05
2024-05-26 03:01:32+00:00,6.440944627325415e-05
2024-05-26 04:00:05+00:00,5.668124204570165e-05
2024-05-26 05:01:09+00:00,5.3496524361427946e-05
2024-05-26 06:01:31+00:00,5.637989394456458e-05
2024-05-26 07:00:02+00:00,5.052708423813717e-05
2024-05-26 08:00:58+00:00,4.9886536662496245e-05
2024-05-26 09:00:59+00:00,4.550868476166847e-05
2024-05-26 10:01:07+00:00,4.6183869939066254e-05
2024-05-26 11:01:51+00:00,4.8263221296665246e-05
2024-05-26 12:00:21+00:00,5.519116944056198e-05
2024-05-26 13:00:06+00:00,4.934779836323957e-05
2024-05-26 14:01:57+00:00,5.347136249355095e-05
2024-05-26 15:00:15+00:00,5.228979299199884e-05
2024-05-26 16:00:16+00:00,4.7152224259507664e-05
2024-05-26 17:00:06+00:00,5.281521325610269e-05
2024-05-26 18:00:18+00:00,5.2345609247324974e-05
2024-05-26 19:00:05+00:00,5.772260731542419e-05
2024-05-26 20:00:30+00:00,5.680638972330029e-05
2024-05-26 21:00:08+00:00,6.219199580318386e-05
2024-05-26 22:00:26+00:00,5.817878058329436e-05
2024-05-26 23:00:20+00:00,6.613958304415066e-05
2024-05-27 00:00:14+00:00,6.248796582390525e-05
2024-05-27 01:00:21+00:00,6.098436564576976e-05
2024-05-27 02:00:00+00:00,7.927720811901479e-05
2024-05-27 03:00:05+00:00,5.9976395164419134e-05
2024-05-27 04:00:18+00:00,5.743072663300904e-05
2024-05-27 05:01:31+00:00,5.361039695526359e-05
2024-05-27 06:01:38+00:00,5.291622078830667e-05
2024-05-27 07:00:44+00:00,5.5609370408601505e-05
2024-05-27 08:00:37+00:00,5.293789402545853e-05
2024-05-27 09:01:33+00:00,5.200503604472022e-05
2024-05-27 10:00:38+00:00,5.337120760989829e-05
2024-05-27 11:01:39+00:00,5.794863314116533e-05
2024-05-27 12:00:44+00:00,5.6025437552032604e-05
2024-05-27 13:01:48+00:00,5.6561901991879214e-05
2024-05-27 14:00:04+00:00,5.195189243254237e-05
2024-05-27 15:00:07+00:00,4.5859393803629066e-05
2024-05-27 16:00:23+00:00,6.570793780548461e-05
2024-05-27 17:01:46+00:00,8.59380464143809e-05
2024-05-27 18:01:51+00:00,0.00010459424524356815
2024-05-27 19:00:56+00:00,6.562320578088989e-05
2024-05-27 20:00:34+00:00,3.75546326275602e-05
2024-05-27 21:03:22+00:00,0.00013186329675074357
2024-05-27 23:10:22+00:00,7.122043280226285e-05
2024-05-28 00:00:29+00:00,4.656777047744383e-05
2024-05-28 01:00:02+00:00,3.554307901318629e-05
2024-05-28 02:03:22+00:00,-1.9718733161450428e-05
2024-05-28 03:01:26+00:00,2.2763238742794437e-05
2024-05-28 04:01:56+00:00,2.1128951695372308e-05
2024-05-28 05:01:08+00:00,2.688860153979706e-05
2024-05-28 06:00:12+00:00,3.471862364597984e-05
2024-05-28 07:01:42+00:00,3.3838709414732284e-05
2024-05-28 08:00:53+00:00,3.671358035396944e-05
2024-05-28 09:00:34+00:00,5.7910339647382166e-05
2024-05-28 10:01:05+00:00,4.1454737255737356e-05
2024-05-28 11:00:48+00:00,4.0694752254892404e-05
2024-05-28 12:00:38+00:00,4.927141657404058e-05
2024-05-28 13:01:20+00:00,5.1697680888533994e-05
2024-05-28 14:00:46+00:00,5.4524607853941404e-05
2024-05-28 15:00:12+00:00,4.47738753626402e-05
2024-05-28 16:00:15+00:00,6.52746327010379e-05
2024-05-28 17:00:26+00:00,5.59605042609692e-05
2024-05-28 18:00:21+00:00,6.004371611122223e-05
2024-05-28 19:01:26+00:00,6.102316506342343e-05
2024-05-28 20:01:04+00:00,6.203065800416067e-05
2024-05-28 21:00:33+00:00,5.2466970237031215e-05
2024-05-28 22:00:43+00:00,5.4135012355997345e-05
2024-05-28 23:01:04+00:00,4.872662789055753e-05
2024-05-29 00:01:02+00:00,5.055530819536023e-05
2024-05-29 01:00:32+00:00,4.917765451671732e-05
2024-05-29 02:01:21+00:00,4.7396102256716805e-05
2024-05-29 03:00:29+00:00,4.9080908793127454e-05
2024-05-29 04:00:00+00:00,4.89769460036938e-05
2024-05-29 05:00:35+00:00,6.65756856043813e-05
2024-05-29 06:00:06+00:00,5.037898991006823e-05
2024-05-29 07:00:22+00:00,6.050158566752705e-05
2024-05-29 08:00:04+00:00,4.4975442123667133e-05
2024-05-29 09:00:53+00:00,2.7708427776723525e-05
2024-05-29 10:01:08+00:00,6.403855700115318e-05
2024-05-29 11:00:57+00:00,8.086289885090153e-05
2024-05-29 12:01:18+00:00,6.04159643841654e-05
2024-05-29 13:00:05+00:00,7.887206214026207e-05
2024-05-29 14:02:16+00:00,0.00010180969724261233
2024-05-29 15:02:15+00:00,7.422527224173103e-05
2024-05-29 16:01:13+00:00,5.937614167151356e-05
2024-05-29 17:03:45+00:00,5.8057969196918064e-05
2024-05-29 18:01:23+00:00,4.004762353613768e-05
2024-05-29 19:01:06+00:00,2.365258981178787e-05
2024-05-29 20:01:57+00:00,3.651220795464996e-05
2024-05-29 21:02:05+00:00,6.083120075531031e-05
2024-05-29 22:02:09+00:00,7.100116921895109e-05
2024-05-29 23:00:07+00:00,5.716410683095329e-05
2024-05-30 00:00:47+00:00,4.9318276583509985e-05
2024-05-30 01:02:13+00:00,6.928276961626601e-05
2024-05-30 02:01:14+00:00,8.684801455269998e-05
2024-05-30 03:01:58+00:00,9.156055649030062e-05
2024-05-30 04:00:54+00:00,6.483199638835955e-05
2024-05-30 05:01:24+00:00,6.386478982963911e-05
2024-05-30 06:01:32+00:00,6.207608892889221e-05
2024-05-30 07:00:48+00:00,8.529661303345203e-06
2024-05-30 08:01:43+00:00,7.918238556197312e-06
2024-05-30 09:00:28+00:00,5.999364671502958e-06
2024-05-30 10:00:38+00:00,1.49786661096163e-05
2024-05-30 11:00:18+00:00,1.7092054352297983e-05
2024-05-30 12:01:27+00:00,3.0100360538493807e-06
2024-05-30 13:02:39+00:00,2.957520102952261e-05
2024-05-30 14:02:00+00:00,7.265561490535487e-05
2024-05-30 15:01:55+00:00,-2.1790016514964943e-06
2024-05-30 16:01:43+00:00,6.7970923342546e-05
2024-05-30 17:01:30+00:00,5.709293699853587e-05
2024-05-30 18:00:34+00:00,7.45966046508776e-05
2024-05-30 19:00:47+00:00,2.927235413561758e-05
2024-05-30 20:00:49+00:00,2.221544428136286e-05
2024-05-30 21:00:51+00:00,2.8995223930593387e-05
2024-05-30 22:00:07+00:00,2.7831525763453385e-05
2024-05-30 23:00:56+00:00,3.572048590484024e-05
2024-05-31 00:00:49+00:00,3.802388714711155e-05
2024-05-31 01:00:53+00:00,3.4805260059847676e-05
2024-05-31 02:00:52+00:00,3.483047063898529e-05
2024-05-31 03:00:35+00:00,3.9794908924696764e-05
2024-05-31 04:00:53+00:00,3.42550042326171e-05
2024-05-31 05:00:57+00:00,3.502769185545453e-05
2024-05-31 06:00:06+00:00,3.262103622453187e-05
2024-05-31 07:01:01+00:00,3.330157024842906e-05
2024-05-31 08:01:01+00:00,3.6461418175647934e-05
2024-05-31 09:00:00+00:00,3.356029783254147e-05
2024-05-31 10:00:07+00:00,3.220312208533386e-05
2024-05-31 11:01:16+00:00,3.2921522019323586e-05
2024-05-31 12:00:02+00:00,3.734970190229686e-05
2024-05-31 13:01:10+00:00,5.1201551218416865e-05
2024-05-31 14:03:09+00:00,3.254585008088535e-05
2024-05-31 15:01:13+00:00,3.095341138968577e-05
2024-05-31 16:00:14+00:00,2.6194137103534736e-05
2024-05-31 17:01:23+00:00,2.983928483732299e-05
2024-05-31 18:02:16+00:00,3.652009727089057e-05
2024-05-31 19:01:36+00:00,7.981100734106493e-05
2024-05-31 20:01:32+00:00,9.589103986702519e-05
2024-05-31 21:00:19+00:00,0.00010141739502685093
2024-05-31 22:00:39+00:00,7.227652552980936e-05
2024-05-31 23:01:32+00:00,7.379217561240988e-05
2024-06-01 00:00:56+00:00,6.961272695263189e-05
2024-06-01 01:00:49+00:00,6.359819506879765e-05
2024-06-01 02:01:27+00:00,6.444040249104216e-05
2024-06-01 03:01:22+00:00,6.170382339526097e-05
2024-06-01 04:01:36+00:00,7.805620406606088e-05
2024-06-01 05:00:31+00:00,8.489338895569792e-05
2024-06-01 06:00:29+00:00,6.662027652393924e-05
2024-06-01 07:01:26+00:00,7.401048993096932e-05
2024-06-01 08:01:00+00:00,6.376302487335706e-05
2024-06-01 09:01:03+00:00,6.918938230454355e-05
2024-06-01 10:01:27+00:00,6.428599811252461e-05
2024-06-01 11:01:48+00:00,8.41230474839887e-05
2024-06-01 12:00:47+00:00,6.911557165940478e-05
2024-06-01 13:00:15+00:00,6.935151103990925e-05
2024-06-01 14:00:35+00:00,7.005993725469944e-05
2024-06-01 15:01:46+00:00,6.421208984692439e-05
2024-06-01 16:02:19+00:00,6.594360859241388e-05
2024-06-01 17:02:03+00:00,6.202207094889302e-05
2024-06-01 18:01:52+00:00,6.253277844814209e-05
2024-06-01 19:01:06+00:00,5.43815777486653e-05
2024-06-01 20:01:51+00:00,5.413444102222664e-05
2024-06-01 21:00:55+00:00,5.552716599720629e-05
2024-06-01 22:00:56+00:00,5.701944750404113e-05
2024-06-01 23:01:10+00:00,5.9555522857325234e-05
2024-06-02 00:01:02+00:00,9.28979658514351e-05
2024-06-02 01:01:01+00:00,8.499755240730288e-05
2024-06-02 02:00:48+00:00,7.896067429439699e-05
2024-06-02 03:00:36+00:00,6.033567339483291e-05
2024-06-02 04:00:59+00:00,6.090785223706343e-05
2024-06-02 05:01:09+00:00,5.684159337327301e-05
2024-06-02 06:01:03+00:00,5.608624988364537e-05
2024-06-02 07:00:11+00:00,7.466739038999023e-05
2024-06-02 08:01:52+00:00,5.5491497164256305e-05
2024-06-02 09:00:05+00:00,5.104712105925331e-05
2024-06-02 10:01:15+00:00,4.0607462326382804e-05
2024-06-02 11:01:14+00:00,4.1461490879155956e-05
2024-06-02 12:00:38+00:00,4.590577791988594e-05
2024-06-02 13:01:19+00:00,4.299472551696902e-05
2024-06-02 14:01:58+00:00,5.3637130763094005e-05
2024-06-02 15:00:02+00:00,4.9272417008602174e-05
2024-06-02 16:00:11+00:00,4.2370079712524e-05
2024-06-02 17:01:11+00:00,4.134516625783399e-05
2024-06-02 18:06:00+00:00,3.5138687341975025e-05
2024-06-02 19:01:43+00:00,4.747103102032195e-05
2024-06-02 20:00:32+00:00,3.9990984979511116e-05
2024-06-02 21:00:37+00:00,3.9973245842451565e-05
2024-06-02 22:00:35+00:00,4.1637627560560214e-05
2024-06-02 23:00:29+00:00,4.2229664616477824e-05
2024-06-03 00:00:22+00:00,4.143219985490228e-05
2024-06-03 01:00:50+00:00,-2.5687044481517736e-05
2024-06-03 02:02:27+00:00,6.683628014101909e-05
2024-06-03 03:02:37+00:00,5.093775926285503e-05
2024-06-03 04:00:23+00:00,3.865572814421309e-05
2024-06-03 05:00:26+00:00,4.1111891065226765e-05
2024-06-03 06:00:25+00:00,3.9912616560990373e-05
2024-06-03 07:00:30+00:00,5.8023202321168164e-05
2024-06-03 08:00:38+00:00,4.278678550665919e-05
2024-06-03 09:00:38+00:00,4.722417679564097e-05
2024-06-03 10:00:32+00:00,4.8322840405216625e-05
2024-06-03 11:00:38+00:00,4.468614951339128e-05
2024-06-03 12:00:51+00:00,4.494836611592156e-05
2024-06-03 13:00:43+00:00,6.619938240824784e-05
2024-06-03 14:03:10+00:00,4.307892582573443e-05
2024-06-03 15:00:04+00:00,2.3119019275299513e-05
2024-06-03 16:00:55+00:00,4.679641606855384e-05
2024-06-03 17:05:06+00:00,1.1434186172398862e-05
2024-06-03 18:01:01+00:00,2.2766669494204658e-05
2024-06-03 19:01:14+00:00,4.233439912919518e-05
2024-06-03 20:00:36+00:00,4.059812117048878e-05
2024-06-03 21:02:44+00:00,4.1405087246889984e-05
2024-06-03 22:01:39+00:00,5.5632132352795436e-05
2024-06-03 23:01:43+00:00,5.218966642720691e-05
2024-06-04 00:00:51+00:00,4.179452168346657e-05
2024-06-04 01:00:11+00:00,3.6199903218171896e-05
2024-06-04 02:00:55+00:00,3.430258592231688e-05
2024-06-04 03:01:46+00:00,3.4636282277836805e-05
2024-06-04 04:01:41+00:00,4.179412117177362e-05
2024-06-04 05:01:42+00:00,3.48732089071628e-05
2024-06-04 06:01:48+00:00,3.447169733335816e-05
2024-06-04 07:01:42+00:00,3.0282356787016766e-05
2024-06-04 08:01:00+00:00,3.354801441260037e-05
2024-06-04 09:00:41+00:00,3.386171106675226e-05
2024-06-04 10:00:53+00:00,3.0213077081393196e-05
2024-06-04 11:00:50+00:00,3.082986186131907e-05
2024-06-04 12:01:54+00:00,2.667373806701192e-05
2024-06-04 13:00:54+00:00,2.785024383944793e-05
2024-06-04 14:00:23+00:00,2.7257813272568837e-05
2024-06-04 15:00:12+00:00,2.417976101680401e-05
2024-06-04 16:01:57+00:00,2.4138568690425624e-05
2024-06-04 17:00:52+00:00,2.159385198702393e-05
2024-06-04 18:00:10+00:00,1.8186115613942317e-05
2024-06-04 19:00:28+00:00,2.120408422476934e-05
2024-06-04 20:00:11+00:00,1.2252860855862402e-05
2024-06-04 21:00:12+00:00,1.8868202107461697e-05
2024-06-04 22:00:39+00:00,2.0019232089027066e-05
2024-06-04 23:00:18+00:00,2.1995806207898084e-05
2024-06-05 00:00:08+00:00,2.1083128870759375e-05
2024-06-05 01:00:20+00:00,2.4363583083733213e-05
2024-06-05 02:00:27+00:00,2.6455877543425564e-05
2024-06-05 03:00:22+00:00,2.329427736722592e-05
2024-06-05 04:00:11+00:00,2.070484941377106e-05
2024-06-05 05:00:28+00:00,2.719658656462517e-05
2024-06-05 06:00:26+00:00,2.4559758973464212e-05
2024-06-05 07:00:31+00:00,2.622903328182341e-05
2024-06-05 08:00:28+00:00,2.2001590283600575e-05
2024-06-05 09:00:32+00:00,1.9562151240499735e-05
2024-06-05 10:00:36+00:00,1.9712280639320902e-05
2024-06-05 11:00:39+00:00,2.1955820436524547e-05
2024-06-05 12:00:02+00:00,2.334975960751901e-05
2024-06-05 13:00:31+00:00,2.0850854198371367e-05
2024-06-05 14:00:40+00:00,2.0652945307448985e-05
2024-06-05 15:00:14+00:00,1.863243588769026e-05
2024-06-05 16:01:17+00:00,2.3989701433544427e-05
2024-06-05 17:01:09+00:00,2.377294080669327e-05
2024-06-05 18:01:06+00:00,2.6284284423906944e-05
2024-06-05 19:00:02+00:00,2.341051484731283e-05
2024-06-05 20:00:23+00:00,2.5534494954922842e-05
2024-06-05 21:01:07+00:00,2.2123417074418406e-05
2024-06-05 22:01:13+00:00,2.129377484075105e-05
2024-06-05 23:01:08+00:00,2.0334336244386452e-05
2024-06-06 00:01:07+00:00,2.1907851261105008e-05
2024-06-06 01:00:19+00:00,2.201410920264826e-05
2024-06-06 02:00:12+00:00,2.3048479467581666e-05
2024-06-06 03:01:15+00:00,2.1883835920700183e-05
2024-06-06 04:01:04+00:00,1.8654527204224305e-05
2024-06-06 05:00:50+00:00,7.303542397448015e-06
2024-06-06 06:01:18+00:00,3.05257554581736e-06
2024-06-06 07:01:26+00:00,8.877260962892561e-06
2024-06-06 08:01:19+00:00,1.6825453988776296e-05
2024-06-06 09:01:19+00:00,1.4821470959582157e-05
2024-06-06 10:01:21+00:00,1.710922664070469e-05
2024-06-06 11:01:31+00:00,1.955635940030152e-05
2024-06-06 12:00:33+00:00,2.033851464070783e-05
2024-06-06 13:01:27+00:00,1.3066055024627485e-05
2024-06-06 14:03:23+00:00,3.362259766750308e-05
2024-06-06 15:01:25+00:00,6.63863162506582e-05
2024-06-06 16:00:06+00:00,6.606430489985971e-05
2024-06-06 17:01:33+00:00,6.854039850603267e-05
2024-06-06 18:01:34+00:00,8.194868350729186e-05
2024-06-06 19:00:32+00:00,8.050360852272616e-05
2024-06-06 20:01:35+00:00,6.301344907270674e-05
2024-06-06 21:01:38+00:00,7.868796424095787e-05
2024-06-06 22:00:54+00:00,6.248792366767684e-05
2024-06-06 23:00:31+00:00,5.910752072135358e-05
2024-06-07 00:00:34+00:00,5.9336271952039375e-05
2024-06-07 01:00:32+00:00,6.19403397553961e-05
2024-06-07 02:00:45+00:00,6.618637286000866e-05
2024-06-07 03:01:36+00:00,6.506965350290856e-05
2024-06-07 04:01:34+00:00,6.901399492818133e-05
2024-06-07 05:00:40+00:00,7.865470077361212e-05
2024-06-07 06:01:00+00:00,8.521745399945524e-05
2024-06-07 07:00:07+00:00,6.915147992722374e-05
2024-06-07 08:00:46+00:00,6.1321069039653e-05
2024-06-07 09:00:43+00:00,6.016488736315934e-05
2024-06-07 10:01:35+00:00,6.12797237082251e-05
2024-06-07 11:00:46+00:00,5.940156971888511e-05
2024-06-07 12:00:54+00:00,7.43033356443067e-05
2024-06-07 13:00:42+00:00,6.318495363821683e-05
2024-06-07 14:00:03+00:00,7.491947979277382e-05
2024-06-07 15:00:46+00:00,7.75104718897919e-05
2024-06-07 16:01:41+00:00,7.21417232365174e-05
2024-06-07 17:00:41+00:00,6.238908666026096e-05
2024-06-07 18:00:34+00:00,5.0102444441556754e-05
2024-06-07 19:01:02+00:00,3.039122367633717e-05
2024-06-07 20:00:15+00:00,6.810617966591795e-05
2024-06-07 21:01:09+00:00,6.1032736004464664e-05
2024-06-07 22:01:11+00:00,6.258672710326441e-05
2024-06-07 23:01:08+00:00,6.309878324978453e-05
2024-06-08 00:01:11+00:00,6.158459972639898e-05
2024-06-08 01:01:07+00:00,6.160575855596968e-05
2024-06-08 02:01:06+00:00,7.058115926796962e-05
2024-06-08 03:00:25+00:00,7.236216850521883e-05
2024-06-08 04:01:23+00:00,7.824731654218061e-05
2024-06-08 05:00:03+00:00,7.379897824618157e-05
2024-06-08 06:01:01+00:00,7.913523631922807e-05
2024-06-08 07:00:20+00:00,7.031608988322938e-05
2024-06-08 08:00:25+00:00,7.227593616514028e-05
2024-06-08 09:00:31+00:00,7.081822279625657e-05
2024-06-08 10:00:28+00:00,6.858314609467347e-05
2024-06-08 11:00:43+00:00,6.978594058113998e-05
2024-06-08 12:00:49+00:00,6.464608107666286e-05
2024-06-08 13:01:35+00:00,6.706850036373364e-05
2024-06-08 14:00:41+00:00,7.552439940664323e-05
2024-06-08 15:01:06+00:00,8.191540280772332e-05
2024-06-08 16:01:42+00:00,7.585369139704928e-05
2024-06-08 17:01:47+00:00,7.451120298297456e-05
2024-06-08 18:01:07+00:00,8.132647142288787e-05
2024-06-08 19:00:59+00:00,8.365062225441233e-05
2024-06-08 20:00:55+00:00,7.875879423221729e-05
2024-06-08 21:00:38+00:00,7.985137918603006e-05
2024-06-08 22:01:50+00:00,0.00011283367302740577
2024-06-08 23:01:04+00:00,0.00012667632522280102
2024-06-09 00:00:53+00:00,0.0001329909109816029
2024-06-09 01:00:47+00:00,0.00013076001433971553
2024-06-09 02:00:48+00:00,0.00013366164104572126
2024-06-09 03:01:02+00:00,0.00010158785514091265
2024-06-09 04:01:04+00:00,5.7349641647117704e-05
2024-06-09 05:00:08+00:00,5.779485509215745e-05
2024-06-09 06:00:18+00:00,4.68734509904297e-05
2024-06-09 07:00:12+00:00,4.62798659505554e-05
2024-06-09 08:00:13+00:00,5.357160679202989e-05
2024-06-09 09:00:12+00:00,6.066034943363168e-05
2024-06-09 10:00:14+00:00,9.440016705790251e-05
2024-06-09 11:00:17+00:00,9.771213886968333e-05
2024-06-09 12:00:10+00:00,0.0001014022922570242
2024-06-09 13:00:11+00:00,8.504146522355722e-05
2024-06-09 14:00:20+00:00,9.420308543247077e-05
2024-06-09 15:00:12+00:00,6.844244766913536e-05
2024-06-09 16:00:14+00:00,5.5594340963893685e-05
2024-06-09 17:00:17+00:00,5.587395447588997e-05
2024-06-09 18:00:11+00:00,4.9413600417192706e-05
2024-06-09 19:00:20+00:00,8.003729876614181e-05
2024-06-09 20:00:21+00:00,6.069833041441669e-05
2024-06-09 21:00:24+00:00,4.8709429130441994e-05
2024-06-09 22:00:25+00:00,4.6670940891103004e-05
2024-06-09 23:00:30+00:00,4.173200862194369e-05
2024-06-10 00:00:22+00:00,3.870890676326421e-05
2024-06-10 01:00:27+00:00,3.3961790222382175e-05
2024-06-10 02:00:29+00:00,3.5566460939032045e-05
2024-06-10 03:00:24+00:00,3.7024355918950836e-05
2024-06-10 04:00:26+00:00,3.636784028890788e-05
2024-06-10 05:00:29+00:00,3.740286895505142e-05
2024-06-10 06:00:27+00:00,3.6782311329082205e-05
2024-06-10 07:00:34+00:00,3.436463213246924e-05
2024-06-10 08:00:27+00:00,3.272202508406034e-05
2024-06-10 09:00:25+00:00,4.7718958147649315e-05
2024-06-10 10:00:28+00:00,4.213518712525007e-05
2024-06-10 11:00:00+00:00,4.5054519375710475e-05
2024-06-10 12:00:41+00:00,4.4366325072641265e-05
2024-06-10 13:00:30+00:00,4.2824226976368285e-05
2024-06-10 14:00:08+00:00,3.9311579396282976e-05
2024-06-10 15:00:33+00:00,4.899105168932118e-05
2024-06-10 16:00:35+00:00,5.572837752662707e-05
2024-06-10 17:01:11+00:00,4.013078542909801e-05
2024-06-10 18:00:08+00:00,4.0274715053043565e-05
2024-06-10 19:01:27+00:00,4.115616932149334e-05
2024-06-10 20:00:20+00:00,3.937696197678947e-05
2024-06-10 21:00:36+00:00,4.033482519581678e-05
2024-06-10 22:00:51+00:00,4.2088875954190416e-05
2024-06-10 23:00:12+00:00,3.9178446776765835e-05
2024-06-11 00:00:38+00:00,2.280534683825224e-05
2024-06-11 01:00:16+00:00,1.692596232845123e-05
2024-06-11 02:00:11+00:00,1.655792930775509e-05
2024-06-11 03:00:44+00:00,1.1625799182771552e-05
2024-06-11 04:00:45+00:00,1.659554605538029e-05
2024-06-11 05:00:31+00:00,3.0019961333894446e-05
2024-06-11 06:01:28+00:00,4.5107401737104466e-05
2024-06-11 07:01:32+00:00,3.681349666763877e-05
2024-06-11 08:00:41+00:00,3.5654908517958775e-05
2024-06-11 09:01:24+00:00,3.989007708380803e-05
2024-06-11 10:00:18+00:00,3.536019843973829e-05
2024-06-11 11:00:26+00:00,3.600206199743251e-05
2024-06-11 12:01:44+00:00,3.671764461130659e-05
2024-06-11 13:01:43+00:00,3.435590194572887e-05
2024-06-11 14:00:58+00:00,3.4610222743234694e-05
2024-06-11 15:00:29+00:00,3.7279970947829035e-05
2024-06-11 16:00:40+00:00,-3.927678216605272e-06
2024-06-11 17:00:01+00:00,-4.778154998790379e-06
2024-06-11 18:00:37+00:00,-2.3822600968746353e-06
2024-06-11 19:00:36+00:00,9.887732404316911e-06
2024-06-11 20:00:34+00:00,1.261596327348613e-05
2024-06-11 21:00:37+00:00,1.350914115266962e-05
2024-06-11 22:01:57+00:00,1.095517006506732e-05
2024-06-11 23:00:07+00:00,9.06879331785326e-06
2024-06-12 00:00:28+00:00,5.196791563477512e-06
2024-06-12 01:00:36+00:00,9.970675739232424e-06
2024-06-12 02:00:31+00:00,1.2064950326392849e-05
2024-06-12 03:00:30+00:00,1.561859117142266e-05
2024-06-12 04:00:38+00:00,1.5102971160763286e-05
2024-06-12 05:00:34+00:00,1.5406285909573948e-05
2024-06-12 06:00:12+00:00,1.1775386899796653e-05
2024-06-12 07:00:26+00:00,1.2498909900519884e-05
2024-06-12 08:00:15+00:00,1.3152765257716415e-05
2024-06-12 09:00:45+00:00,1.668893750385004e-05
2024-06-12 10:00:45+00:00,1.5847695302446582e-05
2024-06-12 11:00:34+00:00,1.9186537613512626e-05
2024-06-12 12:00:39+00:00,1.4578773035122099e-05
2024-06-12 13:00:49+00:00,6.393723093490379e-05
2024-06-12 14:00:50+00:00,3.722768373534091e-05
2024-06-12 15:00:27+00:00,3.250294628244016e-05
2024-06-12 16:00:50+00:00,2.210404802495217e-05
2024-06-12 17:00:38+00:00,2.4214186349224726e-05
2024-06-12 18:01:43+00:00,7.727684500472272e-06
2024-06-12 19:00:23+00:00,1.604411190317689e-05
2024-06-12 20:00:13+00:00,2.374847215951806e-06
2024-06-12 21:00:17+00:00,2.051257133415396e-05
2024-06-12 22:00:17+00:00,1.9962782864497884e-05
2024-06-12 23:00:22+00:00,1.9250013076393196e-05
2024-06-13 00:00:34+00:00,1.7188660234565833e-05
2024-06-13 01:00:18+00:00,1.7257026677088528e-05
2024-06-13 02:00:30+00:00,1.0433326493374293e-05
2024-06-13 03:00:35+00:00,4.108693071476839e-06
2024-06-13 04:00:40+00:00,7.767641469293679e-06
2024-06-13 05:00:20+00:00,1.0993895878796237e-05
2024-06-13 06:00:20+00:00,1.1234804726272397e-05
2024-06-13 07:00:36+00:00,4.895133088557419e-06
2024-06-13 08:00:36+00:00,3.993354165353409e-06
2024-06-13 09:00:43+00:00,4.647943567234625e-06
2024-06-13 10:00:39+00:00,6.886565211635749e-06
2024-06-13 11:00:58+00:00,1.1682081420571409e-05
2024-06-13 12:00:52+00:00,8.011444958513066e-06
2024-06-13 13:00:52+00:00,7.593022388679406e-06
2024-06-13 14:00:57+00:00,2.02568704322178e-05
2024-06-13 15:01:02+00:00,3.180507839795503e-05
2024-06-13 16:01:27+00:00,9.833275638726291e-06
2024-06-13 17:00:08+00:00,1.2015059747912914e-05
2024-06-13 18:01:14+00:00,2.0334568747304842e-05
2024-06-13 19:00:20+00:00,3.507495601709287e-05
2024-06-13 20:01:30+00:00,3.867426158190389e-05
2024-06-13 21:01:32+00:00,3.670564830542627e-05
2024-06-13 22:01:35+00:00,3.764643851447955e-05
2024-06-13 23:00:20+00:00,3.678949104699847e-05
2024-06-14 00:00:25+00:00,3.56729371374507e-05
2024-06-14 01:01:44+00:00,4.2004948383805685e-05
2024-06-14 02:01:04+00:00,4.438550684192118e-05
2024-06-14 03:01:12+00:00,4.183532760416108e-05
2024-06-14 04:00:35+00:00,3.844964663011966e-05
2024-06-14 05:01:36+00:00,3.9938132609283576e-05
2024-06-14 06:01:45+00:00,4.7503177669758296e-05
2024-06-14 07:01:40+00:00,4.041899960868354e-05
2024-06-14 08:01:46+00:00,3.924823561329549e-05
2024-06-14 09:01:22+00:00,3.515579524087579e-05
2024-06-14 10:01:59+00:00,3.465767194392861e-05
2024-06-14 11:01:11+00:00,3.718218157499125e-05
2024-06-14 12:00:41+00:00,2.664465940114745e-05
2024-06-14 13:00:20+00:00,3.2103126609964084e-05
2024-06-14 14:00:27+00:00,3.5813840282465344e-05
2024-06-14 15:00:16+00:00,3.539134700207665e-05
2024-06-14 16:00:07+00:00,3.341239539055882e-05
2024-06-14 17:00:14+00:00,1.6214453934186448e-05
2024-06-14 18:00:17+00:00,1.4515230999750887e-05
2024-06-14 19:00:21+00:00,1.4083005253253126e-05
2024-06-14 20:00:11+00:00,9.994782826226967e-06
2024-06-14 21:00:16+00:00,1.2026330103519213e-05
2024-06-14 22:00:25+00:00,2.268769776859248e-05
2024-06-14 23:00:16+00:00,1.7418957627337367e-05
2024-06-15 00:00:11+00:00,1.585030431268451e-05
2024-06-15 01:00:14+00:00,1.8389658966209358e-05
2024-06-15 02:00:23+00:00,1.474279661424251e-05
2024-06-15 03:00:21+00:00,1.4833659573313166e-05
2024-06-15 04:00:19+00:00,1.6355280348230655e-05
2024-06-15 05:00:27+00:00,1.5752796463783392e-05
2024-06-15 06:00:22+00:00,1.678305997398096e-05
2024-06-15 07:00:16+00:00,1.8838633690939855e-05
2024-06-15 08:00:09+00:00,2.0023336405711564e-05
2024-06-15 09:00:47+00:00,2.020298172046196e-05
2024-06-15 10:01:05+00:00,1.8348884861966297e-05
2024-06-15 11:00:19+00:00,1.9637770515752095e-05
2024-06-15 12:01:38+00:00,1.9690546320905137e-05
2024-06-15 13:00:47+00:00,1.983036671830165e-05
2024-06-15 14:01:28+00:00,2.078163312735942e-05
2024-06-15 15:00:55+00:00,2.171965066759808e-05
2024-06-15 16:00:43+00:00,2.1406668155111054e-05
2024-06-15 17:01:38+00:00,2.137386315790106e-05
2024-06-15 18:01:36+00:00,2.0522861416019015e-05
2024-06-15 19:00:28+00:00,1.9807370661100837e-05
2024-06-15 20:01:28+00:00,2.3577578833323833e-05
2024-06-15 21:00:28+00:00,2.2227096516615198e-05
2024-06-15 22:01:04+00:00,2.4455595053501393e-05
2024-06-15 23:00:30+00:00,2.5386776012853383e-05
2024-06-16 00:00:43+00:00,2.4898217004192255e-05
2024-06-16 01:00:15+00:00,2.2546225319450917e-05
2024-06-16 02:01:09+00:00,2.3949977922510247e-05
2024-06-16 03:01:20+00:00,2.5007098272881433e-05
2024-06-16 04:00:44+00:00,2.489405139370955e-05
2024-06-16 05:01:18+00:00,2.532218968215185e-05
2024-06-16 06:00:21+00:00,3.406629004257946e-05
2024-06-16 07:00:20+00:00,3.0941421023331074e-05
2024-06-16 08:00:22+00:00,3.645307551283278e-05
2024-06-16 09:00:01+00:00,2.8048674464711294e-05
2024-06-16 10:00:12+00:00,1.7797404917594798e-05
2024-06-16 11:01:49+00:00,1.8802651557693467e-05
2024-06-16 12:00:55+00:00,1.902100942333244e-05
2024-06-16 13:01:08+00:00,2.0716628544950252e-05
2024-06-16 14:00:19+00:00,1.9658355124216533e-05
2024-06-16 15:00:05+00:00,1.814823136207345e-05
2024-06-16 16:00:40+00:00,2.4821403366435304e-05
2024-06-16 17:01:41+00:00,1.903275307641726e-05
2024-06-16 18:00:10+00:00,1.7802819495849442e-05
2024-06-16 19:02:02+00:00,1.9533920054953198e-05
2024-06-16 20:02:03+00:00,1.9154920358263427e-05
2024-06-16 21:00:05+00:00,1.9272649215160104e-05
2024-06-16 22:00:08+00:00,1.8538422497878792e-05
2024-06-16 23:00:05+00:00,1.9921919944033028e-05
2024-06-17 00:00:17+00:00,1.946448441207848e-05
2024-06-17 01:00:19+00:00,2.0953984919311816e-05
2024-06-17 02:00:06+00:00,1.6933089801912402e-05
2024-06-17 03:00:10+00:00,1.56387486488188e-05
2024-06-17 04:00:17+00:00,1.5828025221033288e-05
2024-06-17 05:00:17+00:00,2.0842501921700208e-05
2024-06-17 06:00:12+00:00,1.8857064246240976e-05
2024-06-17 07:00:18+00:00,1.776931574749397e-05
2024-06-17 08:00:14+00:00,2.068656746539535e-05
2024-06-17 09:00:20+00:00,1.642809784623687e-05
2024-06-17 10:00:24+00:00,1.3543825550608372e-05
2024-06-17 11:00:35+00:00,4.011537568822326e-06
2024-06-17 12:00:12+00:00,7.900628604375308e-06
2024-06-17 13:00:17+00:00,1.079230866061383e-05
2024-06-17 14:00:36+00:00,9.349403689600302e-06
2024-06-17 15:00:28+00:00,1.5764545298052552e-05
2024-06-17 16:00:37+00:00,8.74152534417706e-06
2024-06-17 17:00:38+00:00,5.182946768066127e-05
2024-06-17 18:00:36+00:00,5.397376673599767e-05
2024-06-17 19:00:29+00:00,4.2945369739004675e-05
2024-06-17 20:00:36+00:00,3.116102073769934e-05
2024-06-17 21:00:33+00:00,2.5034989870886215e-05
2024-06-17 22:00:12+00:00,2.580766936769585e-05
2024-06-17 23:00:48+00:00,2.6378901308762654e-05
2024-06-18 00:00:45+00:00,2.4477498663911463e-05
2024-06-18 01:00:45+00:00,2.465315953414706e-05
2024-06-18 02:00:05+00:00,-0.00011612750864321107
2024-06-18 03:00:44+00:00,-5.9859549162657837e-05
2024-06-18 04:01:02+00:00,-2.101408350928701e-05
2024-06-18 05:00:55+00:00,-1.13594386876616e-05
2024-06-18 06:00:49+00:00,-1.0514353042283746e-05
2024-06-18 07:00:43+00:00,-1.8665132460253756e-05
2024-06-18 08:00:19+00:00,-1.1401081679956848e-05
2024-06-18 09:01:01+00:00,-9.631802326777827e-06
2024-06-18 10:01:06+00:00,-1.5127937725284227e-05
2024-06-18 11:01:07+00:00,-1.3680359923781257e-05
2024-06-18 12:01:18+00:00,-1.7807735190607273e-05
2024-06-18 13:00:41+00:00,1.0148626456523697e-05
2024-06-18 14:01:31+00:00,3.3460228858498465e-06
2024-06-18 15:00:27+00:00,2.9200766065802267e-06
2024-06-18 16:00:23+00:00,1.0325907630281398e-05
2024-06-18 17:00:26+00:00,-4.836186460136208e-06
2024-06-18 18:01:29+00:00,2.180114094873646e-06
2024-06-18 19:01:31+00:00,7.941782353102289e-06
2024-06-18 20:01:03+00:00,1.8117297400736954e-05
2024-06-18 21:01:34+00:00,2.8373124031454375e-05
2024-06-18 22:00:55+00:00,3.814653492946487e-05
2024-06-18 23:01:36+00:00,3.7069580567263874e-05
2024-06-19 00:01:32+00:00,4.0182888634568934e-05
2024-06-19 01:00:25+00:00,3.6629018930221144e-05
2024-06-19 02:01:31+00:00,6.113075454704153e-05
2024-06-19 03:01:38+00:00,4.812025275877681e-05
2024-06-19 04:00:58+00:00,4.504169586357777e-05
2024-06-19 05:01:35+00:00,5.186066671666243e-05
2024-06-19 06:01:40+00:00,4.7412854070575275e-05
2024-06-19 07:01:26+00:00,5.229538159130002e-05
2024-06-19 08:01:26+00:00,5.298239450296935e-05
2024-06-19 09:00:00+00:00,4.9966294316063615e-05
2024-06-19 10:00:30+00:00,5.212659561913754e-05
2024-06-19 11:00:42+00:00,3.3363661862943886e-05
2024-06-19 12:00:16+00:00,4.234435426461114e-05
2024-06-19 13:00:19+00:00,4.338765777591287e-05
2024-06-19 14:00:33+00:00,4.273269373172679e-05
2024-06-19 15:01:41+00:00,3.9671208130871147e-05
2024-06-19 16:01:10+00:00,4.365640259664435e-05
2024-06-19 17:00:42+00:00,4.9237342670025625e-05
2024-06-19 18:00:40+00:00,6.417862565823802e-05
2024-06-19 19:00:46+00:00,5.1090043755811176e-05
2024-06-19 20:00:29+00:00,4.648147156327305e-05
2024-06-19 21:00:53+00:00,4.602019112752316e-05
2024-06-19 22:01:35+00:00,5.19328512840568e-05
2024-06-19 23:00:05+00:00,4.38990878115235e-05
2024-06-20 00:00:17+00:00,4.404919607486141e-05
2024-06-20 01:00:09+00:00,4.395934998330246e-05
2024-06-20 02:00:09+00:00,5.00886992453349e-05
2024-06-20 03:00:06+00:00,4.66327064395046e-05
2024-06-20 04:00:05+00:00,4.5696052616273335e-05
2024-06-20 05:00:14+00:00,5.85069577119126e-05
2024-06-20 06:00:21+00:00,5.26508125834656e-05
2024-06-20 07:00:06+00:00,4.6169935436573136e-05
2024-06-20 08:00:13+00:00,5.8915524392636364e-05
2024-06-20 09:00:11+00:00,4.476922745185597e-05
2024-06-20 10:00:15+00:00,4.1970104785256995e-05
2024-06-20 11:00:13+00:00,5.032996078920782e-05
2024-06-20 12:00:21+00:00,4.403566589584501e-05
2024-06-20 13:00:00+00:00,4.192900198194113e-05
2024-06-20 14:00:34+00:00,3.99218738531893e-05
2024-06-20 15:00:24+00:00,3.65856676063752e-05
2024-06-20 16:00:21+00:00,3.8705091262135384e-05
2024-06-20 17:00:11+00:00,3.5406464469233825e-05
2024-06-20 18:00:43+00:00,3.175307811803539e-05
2024-06-20 19:00:32+00:00,3.945129304638968e-05
2024-06-20 20:00:25+00:00,3.409927356902887e-05
2024-06-20 21:00:31+00:00,2.9946828340313856e-05
2024-06-20 22:00:36+00:00,2.7095608345556646e-05
2024-06-20 23:00:28+00:00,2.536941197506316e-05
2024-06-21 00:01:08+00:00,2.550650135757771e-05
2024-06-21 01:00:50+00:00,2.438246052180987e-05
2024-06-21 02:00:35+00:00,3.789403202958817e-05
2024-06-21 03:00:37+00:00,2.98969926939631e-05
2024-06-21 04:00:39+00:00,2.640572129341925e-05
2024-06-21 05:00:51+00:00,3.110421694635422e-05
2024-06-21 06:00:54+00:00,2.858048799762141e-05
2024-06-21 07:00:54+00:00,2.5515206922794724e-05
2024-06-21 08:00:51+00:00,3.667021990388133e-05
2024-06-21 09:00:26+00:00,2.0755462894586828e-05
2024-06-21 10:00:49+00:00,-5.2725894658156106e-05
2024-06-21 11:00:19+00:00,-6.782345622852258e-05
2024-06-21 12:00:45+00:00,-7.429464006660157e-05
2024-06-21 13:00:45+00:00,-4.876978944021032e-05
2024-06-21 14:00:48+00:00,-7.362814001058487e-05
2024-06-21 15:00:50+00:00,-7.23939356937206e-05
2024-06-21 16:00:47+00:00,-5.064071834835747e-05
2024-06-21 17:00:54+00:00,-5.5363016649634225e-05
2024-06-21 18:00:54+00:00,-5.8091187189077955e-05
2024-06-21 19:00:00+00:00,-6.051292103898618e-05
2024-06-21 20:01:04+00:00,-5.2716374155127306e-05
2024-06-21 21:00:15+00:00,-4.690966411153824e-05
2024-06-21 22:00:08+00:00,-5.001838637826108e-05
2024-06-21 23:01:04+00:00,-6.225984462929243e-05
2024-06-22 00:00:53+00:00,-5.2932761293267495e-05
2024-06-22 01:00:58+00:00,-8.969870121644413e-05
2024-06-22 02:00:58+00:00,-8.037711468539766e-05
2024-06-22 03:01:04+00:00,-7.57653827863444e-05
2024-06-22 04:00:26+00:00,-8.974936684581131e-05
2024-06-22 05:01:08+00:00,-7.849460431797569e-05
2024-06-22 06:01:02+00:00,-7.878731985006685e-05
2024-06-22 07:00:30+00:00,-2.4597894955557753e-05
2024-06-22 08:01:04+00:00,-1.677130573385703e-05
2024-06-22 09:00:45+00:00,-1.35083728672317e-05
2024-06-22 10:00:41+00:00,-3.021008863913714e-05
2024-06-22 11:00:13+00:00,-2.833889946696189e-05
2024-06-22 12:00:24+00:00,-3.756313124361678e-05
2024-06-22 13:01:04+00:00,-6.360736559894884e-05
2024-06-22 14:01:11+00:00,-7.374890613716487e-05
2024-06-22 15:01:12+00:00,-7.423834615919228e-05
2024-06-22 16:01:09+00:00,-9.168218030622178e-05
2024-06-22 17:00:16+00:00,-8.020928646679847e-05
2024-06-22 18:00:45+00:00,-3.6816842800673206e-05
2024-06-22 19:00:46+00:00,-4.219738462736446e-05
2024-06-22 20:01:10+00:00,-4.163830527362992e-05
2024-06-22 21:00:15+00:00,-3.406909086603445e-05
2024-06-22 22:00:44+00:00,-4.026949304635798e-05
2024-06-22 23:00:15+00:00,-4.210634463775443e-05
2024-06-23 00:00:19+00:00,-3.8353492434785186e-05
2024-06-23 01:01:26+00:00,-3.9581321858802617e-05
2024-06-23 02:01:18+00:00,-3.7208193477633546e-05
2024-06-23 03:00:23+00:00,-3.6618546202525355e-05
2024-06-23 04:00:09+00:00,-3.960465120549067e-05
2024-06-23 05:01:07+00:00,-2.7283387236745344e-05
2024-06-23 06:00:00+00:00,-3.9570071535171425e-05
2024-06-23 07:00:30+00:00,-3.960295052978978e-05
2024-06-23 08:01:05+00:00,-3.146334504712477e-05
2024-06-23 09:00:11+00:00,-1.1672350361133126e-05
2024-06-23 10:01:41+00:00,-1.032071495294577e-05
2024-06-23 11:00:21+00:00,-2.8238882556894844e-05
2024-06-23 12:00:33+00:00,-5.077611063701214e-05
2024-06-23 13:01:05+00:00,-5.475454259657492e-05
2024-06-23 14:00:23+00:00,-5.9764155073747265e-05
2024-06-23 15:01:52+00:00,-5.854704626122509e-05
2024-06-23 16:01:01+00:00,-6.14998634337541e-05
2024-06-23 17:00:59+00:00,-4.918823420468956e-05
2024-06-23 18:01:50+00:00,-3.1860128446623106e-05
2024-06-23 19:00:13+00:00,-3.03506440620961e-05
2024-06-23 20:00:04+00:00,-2.989409765823685e-05
2024-06-23 21:00:10+00:00,-3.856447688564477e-05
2024-06-23 22:00:11+00:00,-3.077615144725438e-05
2024-06-23 23:00:19+00:00,-3.96815788834154e-05
2024-06-24 00:00:14+00:00,-4.6642283573015775e-05
2024-06-24 01:00:12+00:00,-3.510477608652448e-05
2024-06-24 02:00:13+00:00,-1.9656071133534518e-05
2024-06-24 03:00:23+00:00,-1.82395478196417e-05
2024-06-24 04:00:17+00:00,-1.2658907299365729e-05
2024-06-24 05:00:12+00:00,-4.075457572898392e-05
2024-06-24 06:00:19+00:00,-6.991709394680626e-05
2024-06-24 07:00:40+00:00,-5.5270679916144725e-05
2024-06-24 08:00:31+00:00,-5.148264337102409e-05
2024-06-24 09:00:09+00:00,-4.91948920752536e-05
2024-06-24 10:00:49+00:00,-6.404826063642056e-05
2024-06-24 11:00:22+00:00,-5.6163823188125125e-05
2024-06-24 12:00:51+00:00,-7.094822334437602e-05
2024-06-24 13:00:48+00:00,-5.245430223500283e-05
2024-06-24 14:00:58+00:00,-5.0025377272466864e-05
2024-06-24 15:00:52+00:00,-7.900187320104168e-05
2024-06-24 16:00:51+00:00,-8.004297173594169e-05
2024-06-24 17:00:07+00:00,-6.0205478728302236e-05
2024-06-24 18:00:58+00:00,-5.70572044725146e-05
2024-06-24 19:01:15+00:00,-5.99754470091725e-05
2024-06-24 20:00:59+00:00,-6.940497232271123e-05
2024-06-24 21:00:50+00:00,-6.569174808963981e-05
2024-06-24 22:00:48+00:00,-5.373909855006053e-05
2024-06-24 23:00:50+00:00,-5.5674595643791454e-05
2024-06-25 00:00:49+00:00,-5.3743624798005986e-05
2024-06-25 01:00:56+00:00,-5.797209429984805e-05
2024-06-25 02:00:08+00:00,-5.751558769599853e-05
2024-06-25 03:00:51+00:00,-5.261448640096956e-05
2024-06-25 04:00:24+00:00,-4.249365324398013e-05
2024-06-25 05:00:29+00:00,-4.2186256112056116e-05
2024-06-25 06:00:51+00:00,-5.041416379920711e-05
2024-06-25 07:00:26+00:00,-5.574041620513035e-05
2024-06-25 08:00:38+00:00,-5.689202482714547e-05
2024-06-25 09:00:55+00:00,-5.1087932191685565e-05
2024-06-25 10:00:11+00:00,-4.673140733385053e-05
2024-06-25 11:00:45+00:00,-6.185395825898932e-05
2024-06-25 12:00:58+00:00,-5.988223564951652e-05
2024-06-25 13:00:15+00:00,-5.769286882362892e-05
2024-06-25 14:00:47+00:00,-5.2505079142198274e-05
2024-06-25 15:01:09+00:00,-4.683336263328793e-05
2024-06-25 16:01:04+00:00,-4.574335922851933e-05
2024-06-25 17:00:41+00:00,-3.769001345221692e-05
2024-06-25 18:00:44+00:00,-2.999031136947459e-05
2024-06-25 19:01:09+00:00,-4.175647947632135e-05
2024-06-25 20:01:11+00:00,-5.0429973331801985e-05
2024-06-25 21:00:45+00:00,-5.4464364004214234e-05
2024-06-25 22:00:43+00:00,-4.720245730810237e-05
2024-06-25 23:00:20+00:00,-4.813989735663429e-05
2024-06-26 00:01:16+00:00,-5.699856502285081e-05
2024-06-26 01:00:17+00:00,-5.023686953125833e-05
2024-06-26 02:00:24+00:00,-4.698230585864067e-05
2024-06-26 03:00:27+00:00,-5.046860899138555e-05
2024-06-26 04:00:54+00:00,-5.296707900791646e-05
2024-06-26 05:00:23+00:00,-5.511179430697355e-05
2024-06-26 06:01:19+00:00,-4.886024990592443e-05
2024-06-26 07:00:29+00:00,-4.712825045693607e-05
2024-06-26 08:01:22+00:00,-2.677020072392049e-05
2024-06-26 09:00:03+00:00,-3.389080245413067e-05
2024-06-26 10:00:43+00:00,-2.911149199415027e-05
2024-06-26 11:01:15+00:00,-2.0648997090817307e-05
2024-06-26 12:01:17+00:00,-2.246412210978568e-06
2024-06-26 13:00:30+00:00,-1.0888405016959144e-05
2024-06-26 14:00:30+00:00,-4.744780548266677e-06
2024-06-26 15:01:56+00:00,-7.5291361495647925e-06
2024-06-26 16:01:06+00:00,-6.751875218152841e-06
2024-06-26 17:01:45+00:00,-6.603783120078032e-06
2024-06-26 18:00:15+00:00,-3.758923574071496e-06
2024-06-26 19:00:25+00:00,-5.899624099944752e-06
2024-06-26 20:00:30+00:00,-2.7294830677109393e-06
2024-06-26 21:00:23+00:00,-3.739371148660853e-06
2024-06-26 22:00:32+00:00,-6.231927637870123e-06
2024-06-26 23:00:47+00:00,-6.8342574043203606e-06
2024-06-27 00:00:15+00:00,-8.404157346209136e-06
2024-06-27 01:01:40+00:00,-9.618252531334013e-06
2024-06-27 02:00:09+00:00,-6.73643180951574e-06
2024-06-27 03:01:19+00:00,-6.112287716450032e-06
2024-06-27 04:01:06+00:00,-4.946901931805118e-06
2024-06-27 05:01:01+00:00,-6.114520121082557e-06
2024-06-27 06:01:18+00:00,-7.1754805031944045e-06
2024-06-27 07:00:13+00:00,-9.354463260591714e-06
2024-06-27 08:01:20+00:00,-6.444084768469021e-06
2024-06-27 09:00:26+00:00,4.288078907074885e-07
2024-06-27 10:01:35+00:00,2.082463225872436e-06
2024-06-27 11:01:15+00:00,-3.820031285892102e-06
2024-06-27 12:00:58+00:00,-3.510112842638447e-06
2024-06-27 13:01:06+00:00,8.478512855470514e-07
2024-06-27 14:01:25+00:00,1.9696723926795923e-05
2024-06-27 15:01:37+00:00,1.650744737019069e-05
2024-06-27 16:01:22+00:00,1.4568614901655574e-05
2024-06-27 17:01:30+00:00,1.2985501305023079e-05
2024-06-27 18:01:21+00:00,3.99634573928265e-05
2024-06-27 19:01:08+00:00,3.200662577401789e-05
2024-06-27 20:00:27+00:00,2.82145268304364e-05
2024-06-27 21:00:22+00:00,2.6897636069091956e-05
2024-06-27 22:01:16+00:00,2.6582820640086475e-05
2024-06-27 23:00:55+00:00,2.935325482678237e-05
2024-06-28 00:00:21+00:00,2.7597464523233745e-05
2024-06-28 01:00:18+00:00,-1.4703145083840287e-06
2024-06-28 02:00:26+00:00,1.4019345967351212e-05
2024-06-28 03:01:33+00:00,6.366257681408758e-06
2024-06-28 04:00:07+00:00,7.239580094906249e-06
2024-06-28 05:00:11+00:00,2.265568551811487e-06
2024-06-28 06:00:57+00:00,1.345484679228065e-06
2024-06-28 07:01:45+00:00,3.7736462754616673e-06
2024-06-28 08:00:54+00:00,1.425704489753644e-05
2024-06-28 09:00:01+00:00,2.201253828000937e-05
2024-06-28 10:00:09+00:00,2.532429152438668e-05
2024-06-28 11:00:46+00:00,3.400187782153391e-05
2024-06-28 12:00:44+00:00,3.521330553643575e-05
2024-06-28 13:00:43+00:00,3.744490324557311e-05
2024-06-28 14:00:06+00:00,4.0136695928806956e-05
2024-06-28 15:00:34+00:00,3.7311357843361024e-05
2024-06-28 16:01:39+00:00,3.668342556854374e-05
2024-06-28 17:00:59+00:00,3.3806734359739733e-05
2024-06-28 18:01:12+00:00,3.138801773894694e-05
2024-06-28 19:01:03+00:00,3.6011372354450155e-05
2024-06-28 20:00:48+00:00,2.4514847098966526e-05
2024-06-28 21:00:53+00:00,2.0125101617960545e-05
2024-06-28 22:00:47+00:00,1.743064553733598e-05
2024-06-28 23:00:47+00:00,1.8908754146935166e-05
2024-06-29 00:00:23+00:00,3.740714558893161e-05
2024-06-29 01:00:49+00:00,4.937717908047989e-05
2024-06-29 02:00:24+00:00,6.239941428750337e-05
2024-06-29 03:00:49+00:00,5.159566739841011e-05
2024-06-29 04:00:28+00:00,5.135851047036765e-05
2024-06-29 05:00:48+00:00,4.976310341368209e-05
2024-06-29 06:00:48+00:00,4.7038223671852415e-05
2024-06-29 07:00:50+00:00,4.7684388870175074e-05
2024-06-29 08:00:01+00:00,4.862762744839568e-05
2024-06-29 09:00:03+00:00,4.57793654513146e-05
2024-06-29 10:00:00+00:00,4.5616410893608646e-05
2024-06-29 11:00:36+00:00,4.769317252295862e-05
2024-06-29 12:00:04+00:00,4.7954737130428476e-05
2024-06-29 13:00:49+00:00,4.6262055766208985e-05
2024-06-29 14:00:14+00:00,4.591615540379369e-05
2024-06-29 15:00:53+00:00,4.484451978255041e-05
2024-06-29 16:00:50+00:00,5.208982171463463e-05
2024-06-29 17:00:56+00:00,5.505827664573446e-05
2024-06-29 18:00:15+00:00,5.8409933952591957e-05
2024-06-29 19:00:52+00:00,3.292901865271354e-05
2024-06-29 20:00:18+00:00,2.7175867727264018e-05
2024-06-29 21:00:56+00:00,2.729980554694882e-05
2024-06-29 22:00:24+00:00,2.7058471843061876e-05
2024-06-29 23:00:39+00:00,2.3903782321954554e-05
2024-06-30 00:00:01+00:00,2.4808383931886805e-05
2024-06-30 01:00:08+00:00,2.661766110815031e-05
2024-06-30 02:00:38+00:00,2.5878230130471627e-05
2024-06-30 03:00:38+00:00,-3.01395646643886e-06
2024-06-30 04:00:38+00:00,-5.546295281077567e-05
2024-06-30 05:00:40+00:00,-6.955878775249691e-05
2024-06-30 06:00:39+00:00,-6.536890737847414e-05
2024-06-30 07:00:38+00:00,-6.174969303117175e-05
2024-06-30 08:00:43+00:00,-5.4321454892107615e-05
2024-06-30 09:00:40+00:00,-6.052147673503457e-05
2024-06-30 10:00:38+00:00,-6.054135899256559e-05
2024-06-30 11:00:39+00:00,-2.3772622983625575e-05
2024-06-30 12:00:39+00:00,-1.5211865715659985e-05
2024-06-30 13:00:42+00:00,-4.3540031051921607e-05
2024-06-30 14:00:21+00:00,-4.573434901461622e-05
2024-06-30 15:00:24+00:00,-5.5723351807878465e-05
2024-06-30 16:00:37+00:00,-4.469708219635584e-05
2024-06-30 17:00:04+00:00,-4.667210910663776e-05
2024-06-30 18:00:50+00:00,-4.500193042763628e-05
2024-06-30 19:00:41+00:00,-3.718393013860581e-05
2024-06-30 20:00:32+00:00,-3.6721683777430364e-05
2024-06-30 21:01:34+00:00,-4.057739035671082e-05
2024-06-30 22:00:12+00:00,-5.23484247930068e-05
2024-06-30 23:00:47+00:00,-5.4784757363251076e-05
2024-07-01 00:00:59+00:00,-6.233192614092961e-05
2024-07-01 01:01:32+00:00,-4.674065567262407e-05
2024-07-01 02:00:46+00:00,-3.566536816059769e-05
2024-07-01 03:00:32+00:00,-5.057524319394623e-05
2024-07-01 04:00:20+00:00,-4.653569253534982e-05
2024-07-01 05:01:00+00:00,-3.0791129542701175e-05
2024-07-01 06:00:03+00:00,-2.715229170185981e-05
2024-07-01 07:00:32+00:00,-2.8700401927497055e-05
2024-07-01 08:00:42+00:00,-2.9607406313992864e-05
2024-07-01 09:01:39+00:00,-2.9855224016550916e-05
2024-07-01 10:00:21+00:00,-2.807402184779937e-05
2024-07-01 11:01:13+00:00,-2.5271735376048632e-05
2024-07-01 12:01:52+00:00,-3.119435762962035e-05
2024-07-01 13:00:55+00:00,-3.2992896479988346e-05
2024-07-01 14:01:58+00:00,-3.430396877093056e-05
2024-07-01 15:01:53+00:00,-2.613794887897728e-05
2024-07-01 16:01:59+00:00,-1.9535346778099988e-05
2024-07-01 17:01:55+00:00,-2.201856464897453e-05
2024-07-01 18:00:42+00:00,-1.8132475299462764e-05
2024-07-01 19:01:31+00:00,-2.772339504355506e-05
2024-07-01 20:01:17+00:00,-2.381141369763021e-05
2024-07-01 21:00:21+00:00,-1.9186301779915214e-05
2024-07-01 22:00:17+00:00,-2.5525982080846964e-05
2024-07-01 23:00:21+00:00,-2.5319245099112622e-05
2024-07-02 00:01:11+00:00,-2.5067068333942372e-05
2024-07-02 01:01:34+00:00,-2.4285046384977787e-05
2024-07-02 02:00:03+00:00,-2.0280037516961155e-05
2024-07-02 03:01:15+00:00,-1.7990481009371686e-05
2024-07-02 04:01:19+00:00,-1.4644263428834984e-05
2024-07-02 05:01:40+00:00,-1.4233069492364527e-05
2024-07-02 06:00:25+00:00,-1.2683312072541469e-05
2024-07-02 07:00:06+00:00,-1.4921226198461246e-05
2024-07-02 08:00:32+00:00,2.883515137034012e-05
2024-07-02 09:00:02+00:00,4.591001217329881e-05
2024-07-02 10:00:02+00:00,4.694054450173019e-05
2024-07-02 11:00:01+00:00,4.694071244095103e-05
2024-07-02 12:00:03+00:00,4.573383319250868e-05
2024-07-02 13:00:03+00:00,4.529617535940101e-05
2024-07-02 14:00:14+00:00,4.393368238926827e-05
2024-07-02 15:00:04+00:00,4.148963472406298e-05
2024-07-02 16:00:03+00:00,5.538133640656326e-05
2024-07-02 17:00:03+00:00,4.508943183283155e-05
2024-07-02 18:00:04+00:00,3.793994221486938e-05
2024-07-02 19:00:07+00:00,4.093175453202669e-05
2024-07-02 20:00:17+00:00,3.4952241643501575e-05
2024-07-02 21:00:06+00:00,3.419678124841761e-05
2024-07-02 22:00:07+00:00,3.3646414818036253e-05
2024-07-02 23:00:08+00:00,3.064288407747683e-05
2024-07-03 00:00:07+00:00,3.149646270687536e-05
2024-07-03 01:00:09+00:00,3.526158766397677e-05
2024-07-03 02:00:10+00:00,3.1926706845017175e-05
2024-07-03 03:00:06+00:00,5.802188580544428e-05
2024-07-03 04:00:07+00:00,5.646373363071691e-05
2024-07-03 05:00:07+00:00,5.9672054595624754e-05
2024-07-03 06:00:06+00:00,7.574593512945315e-05
2024-07-03 07:00:06+00:00,8.445423316312244e-05
2024-07-03 08:00:10+00:00,6.271766531527777e-05
2024-07-03 09:00:08+00:00,6.684694407683582e-05
2024-07-03 10:00:12+00:00,6.551868040301913e-05
2024-07-03 11:00:08+00:00,5.354159985184048e-05
2024-07-03 12:00:10+00:00,5.5334519281973144e-05
2024-07-03 13:00:34+00:00,4.793652918614241e-05
2024-07-03 14:00:18+00:00,7.693656349993055e-05
2024-07-03 15:00:10+00:00,6.488741661804882e-05
2024-07-03 16:01:25+00:00,7.747302722912581e-05
2024-07-03 17:00:38+00:00,6.205319408952091e-05
2024-07-03 18:00:37+00:00,4.991208307955796e-05
2024-07-03 19:00:36+00:00,5.048511192551899e-05
2024-07-03 20:00:38+00:00,4.6100802420761356e-05
2024-07-03 21:01:22+00:00,5.258606066936416e-05
2024-07-03 22:00:16+00:00,7.331671928818289e-05
2024-07-03 23:00:07+00:00,6.374774190813476e-05
2024-07-04 00:01:48+00:00,5.961397679712705e-05
2024-07-04 01:00:21+00:00,6.617105948407983e-05
2024-07-04 02:01:27+00:00,2.5062641174992306e-05
2024-07-04 03:01:02+00:00,5.013101707491002e-05
2024-07-04 04:00:58+00:00,4.7343994370931106e-05
2024-07-04 05:01:37+00:00,5.385206189211261e-05
2024-07-04 06:01:31+00:00,4.993978367697276e-05
2024-07-04 07:01:31+00:00,4.470148500988255e-05
2024-07-04 08:00:21+00:00,4.222360349733211e-05
2024-07-04 09:00:10+00:00,5.996057298258108e-05
2024-07-04 10:00:12+00:00,4.8086430100160585e-05
2024-07-04 11:00:11+00:00,5.050712833994015e-05
2024-07-04 12:00:10+00:00,5.3058347415219307e-05
2024-07-04 13:00:13+00:00,4.691583384011406e-05
2024-07-04 14:00:28+00:00,4.0655278074112655e-05
2024-07-04 15:00:20+00:00,4.7574500502697415e-05
2024-07-04 16:00:24+00:00,6.944073097897734e-05
2024-07-04 17:00:29+00:00,5.019353053527143e-05
2024-07-04 18:00:30+00:00,5.3639701379375144e-05
2024-07-04 19:00:33+00:00,5.391663987933811e-05
2024-07-04 20:00:31+00:00,5.2264143364577384e-05
2024-07-04 21:00:42+00:00,5.708777414537794e-05
2024-07-04 22:00:32+00:00,5.791087564041779e-05
2024-07-04 23:00:39+00:00,4.8188959415792316e-05
2024-07-05 00:00:19+00:00,1.674816403814219e-05
2024-07-05 01:00:13+00:00,9.455477566060218e-06
2024-07-05 02:00:46+00:00,9.036526557241087e-06
2024-07-05 03:00:01+00:00,-7.086908980499838e-06
2024-07-05 04:00:35+00:00,-2.1866086901474884e-05
2024-07-05 05:00:12+00:00,3.81983007485912e-06
2024-07-05 06:00:38+00:00,1.9470727589483795e-05
2024-07-05 07:00:33+00:00,1.8401404125927007e-05
2024-07-05 08:00:22+00:00,2.3261692557410556e-05
2024-07-05 09:00:48+00:00,2.062487685735288e-05
2024-07-05 10:00:36+00:00,5.2342763893039476e-05
2024-07-05 11:00:35+00:00,5.770920027209773e-05
2024-07-05 12:00:42+00:00,6.654358360458794e-05
2024-07-05 13:00:31+00:00,4.539362558100261e-05
2024-07-05 14:00:41+00:00,7.073278290602134e-05
2024-07-05 15:00:14+00:00,5.0376727245307276e-05
2024-07-05 16:00:19+00:00,6.901576728318576e-05
2024-07-05 17:00:50+00:00,4.73354724219489e-05
2024-07-05 18:00:49+00:00,6.0013307531688764e-05
2024-07-05 19:00:26+00:00,5.351827312357375e-05
2024-07-05 20:00:20+00:00,4.854913746923692e-05
2024-07-05 21:00:50+00:00,4.4185163646220426e-05
2024-07-05 22:00:46+00:00,3.277679114254088e-05
2024-07-05 23:01:04+00:00,3.090699817370062e-05
2024-07-06 00:01:04+00:00,3.327810592125968e-05
2024-07-06 01:00:14+00:00,3.7398526829038826e-05
2024-07-06 02:01:03+00:00,2.8340202226870472e-05
2024-07-06 03:01:03+00:00,2.9463648479774394e-05
2024-07-06 04:00:55+00:00,2.770061886156603e-05
2024-07-06 05:01:01+00:00,2.689896537314879e-05
2024-07-06 06:00:56+00:00,2.8679877379432597e-05
2024-07-06 07:00:30+00:00,3.8287028786123226e-05
2024-07-06 08:00:27+00:00,3.176182893083255e-05
2024-07-06 09:00:25+00:00,2.3891064039363848e-05
2024-07-06 10:01:00+00:00,2.5799299717081064e-05
2024-07-06 11:01:04+00:00,3.3712290406954654e-05
2024-07-06 12:00:11+00:00,3.5588925216184156e-05
2024-07-06 13:01:06+00:00,3.7442129601882345e-05
2024-07-06 14:00:47+00:00,4.1963878853463635e-05
2024-07-06 15:01:06+00:00,3.8533869698247343e-05
2024-07-06 16:01:04+00:00,4.473616811180329e-05
2024-07-06 17:00:12+00:00,5.1213154545671236e-05
2024-07-06 18:01:04+00:00,4.766070849640354e-05
2024-07-06 19:01:02+00:00,4.912575226893755e-05
2024-07-06 20:00:40+00:00,4.104030949507834e-05
2024-07-06 21:00:48+00:00,4.803223247648468e-05
2024-07-06 22:01:10+00:00,4.604668572970777e-05
2024-07-06 23:01:04+00:00,4.616517454630595e-05
2024-07-07 00:00:45+00:00,4.0498743981380006e-05
2024-07-07 01:00:59+00:00,3.832824836370494e-05
2024-07-07 02:00:42+00:00,3.386273770799855e-05
2024-07-07 03:00:49+00:00,1.7241579391062654e-05
2024-07-07 04:01:08+00:00,2.8551963486317935e-06
2024-07-07 05:00:35+00:00,8.881631251452445e-06
2024-07-07 06:00:58+00:00,2.5797722165107093e-05
2024-07-07 07:00:09+00:00,2.812850339200807e-05
2024-07-07 08:00:54+00:00,2.224844606681612e-05
2024-07-07 09:01:09+00:00,2.5212460211514278e-05
2024-07-07 10:01:02+00:00,2.6491101699074625e-05
2024-07-07 11:00:50+00:00,2.5906831959865226e-05
2024-07-07 12:00:41+00:00,2.4988762833755133e-05
2024-07-07 13:01:13+00:00,2.5885818509276006e-05
2024-07-07 14:01:01+00:00,2.1886446166355015e-05
2024-07-07 15:01:17+00:00,2.7855395099531464e-05
2024-07-07 16:00:36+00:00,3.508884558101365e-05
2024-07-07 17:00:11+00:00,4.714324094442744e-05
2024-07-07 18:00:35+00:00,3.5987631974077e-05
2024-07-07 19:00:37+00:00,3.067892334636545e-05
2024-07-07 20:01:24+00:00,2.9212266931211717e-05
2024-07-07 21:00:28+00:00,2.8955524789416167e-05
2024-07-07 22:00:18+00:00,2.3356674303434102e-05
2024-07-07 23:00:29+00:00,2.7083709635338273e-05
2024-07-08 00:01:32+00:00,2.570503748602597e-05
2024-07-08 01:01:19+00:00,1.6491084857651635e-05
2024-07-08 02:01:18+00:00,2.0142954544173912e-05
2024-07-08 03:01:20+00:00,3.6872448168048736e-05
2024-07-08 04:00:47+00:00,2.7389748755282583e-05
2024-07-08 05:00:48+00:00,3.568958387908276e-05
2024-07-08 06:01:12+00:00,2.5935664913274272e-05
2024-07-08 07:00:07+00:00,3.348281299520592e-05
2024-07-08 08:00:58+00:00,2.5003490753536273e-05
2024-07-08 09:00:15+00:00,6.633881785772936e-05
2024-07-08 10:01:25+00:00,4.088080044416976e-05
2024-07-08 11:00:57+00:00,4.079034145623294e-05
2024-07-08 12:01:29+00:00,5.1055171371857404e-05
2024-07-08 13:00:30+00:00,1.4266715813589841e-05
2024-07-08 14:00:09+00:00,-4.391137754974872e-06
2024-07-08 15:00:26+00:00,-3.695388428832557e-06
2024-07-08 16:00:24+00:00,-9.266894303936182e-08
2024-07-08 17:00:25+00:00,3.939800792548442e-06
2024-07-08 18:00:20+00:00,9.486642563333478e-06
2024-07-08 19:00:04+00:00,1.6553948240261758e-05
2024-07-08 20:01:14+00:00,1.0873641579333813e-05
2024-07-08 21:01:23+00:00,3.2171976683390684e-06
2024-07-08 22:01:51+00:00,2.1046425176026752e-05
2024-07-08 23:00:18+00:00,2.0484810338346957e-05
2024-07-09 00:00:06+00:00,1.6279118746843692e-05
2024-07-09 01:00:37+00:00,2.0450373911532744e-05
2024-07-09 02:00:11+00:00,1.2583591410193616e-05
2024-07-09 03:01:25+00:00,2.1102058097232305e-05
2024-07-09 04:00:22+00:00,1.4183606179151772e-05
2024-07-09 05:00:05+00:00,1.8210484389078697e-05
2024-07-09 06:00:16+00:00,1.464376660761736e-05
2024-07-09 07:00:04+00:00,1.7327514956735343e-05
2024-07-09 08:00:10+00:00,1.1935114863545447e-05
2024-07-09 09:00:14+00:00,1.5536382678981814e-05
2024-07-09 10:00:21+00:00,1.5649358972448184e-05
2024-07-09 11:00:13+00:00,1.6637495821695336e-05
2024-07-09 12:00:15+00:00,2.5099595320200923e-05
2024-07-09 13:00:22+00:00,3.4071257775615584e-05
2024-07-09 14:00:30+00:00,2.4443675951864746e-05
2024-07-09 15:00:12+00:00,2.4422012999505106e-05
2024-07-09 16:00:15+00:00,1.5969982569608073e-05
2024-07-09 17:01:07+00:00,1.6099513771407697e-05
2024-07-09 18:01:15+00:00,1.074137579514422e-05
2024-07-09 19:01:08+00:00,1.6298587906781477e-05
2024-07-09 20:01:55+00:00,1.1682524369999168e-05
2024-07-09 21:00:46+00:00,1.0102026583094413e-05
2024-07-09 22:00:18+00:00,7.836220454788186e-06
2024-07-09 23:00:12+00:00,1.1416649644061817e-05
2024-07-10 00:00:07+00:00,1.0557781360569488e-05
2024-07-10 01:00:13+00:00,9.189916307627716e-06
2024-07-10 02:00:06+00:00,1.2830161185911048e-05
2024-07-10 03:00:06+00:00,1.0655063113946692e-05
2024-07-10 04:00:08+00:00,1.2945478989270053e-05
2024-07-10 05:00:10+00:00,2.563200088268775e-05
2024-07-10 06:00:11+00:00,1.5037341953962374e-05
2024-07-10 07:00:01+00:00,1.4309873314519138e-05
2024-07-10 08:00:07+00:00,1.0349234816722634e-05
2024-07-10 09:00:13+00:00,1.0180002534376342e-05
2024-07-10 10:00:17+00:00,1.1417673259489504e-05
2024-07-10 11:00:21+00:00,1.2938104500527171e-05
2024-07-10 12:00:33+00:00,1.0523832310374332e-05
2024-07-10 13:00:40+00:00,9.486289389831548e-06
2024-07-10 14:00:38+00:00,3.670078565172491e-06
2024-07-10 15:00:11+00:00,2.263945078458899e-06
2024-07-10 16:00:59+00:00,5.650378115179342e-06
2024-07-10 17:00:15+00:00,4.616764933460074e-06
2024-07-10 18:01:06+00:00,-1.1377431609966863e-06
2024-07-10 19:01:07+00:00,4.086551084307324e-06
2024-07-10 20:00:41+00:00,7.868389834608738e-06
2024-07-10 21:00:30+00:00,1.1225584582282358e-05
2024-07-10 22:00:37+00:00,8.388913149660563e-06
2024-07-10 23:00:48+00:00,9.16006926148798e-06
2024-07-11 00:00:25+00:00,9.98998951547049e-06
2024-07-11 01:01:19+00:00,9.954371391743048e-06
2024-07-11 02:01:22+00:00,2.023671153847506e-05
2024-07-11 03:00:50+00:00,1.1014188626594955e-05
2024-07-11 04:00:19+00:00,5.005631838027424e-06
2024-07-11 05:01:42+00:00,8.813559214933454e-06
2024-07-11 06:00:59+00:00,1.2409585513484855e-05
2024-07-11 07:01:40+00:00,1.2195703096662406e-05
2024-07-11 08:01:04+00:00,1.3695485395079437e-05
2024-07-11 09:01:03+00:00,1.2222678694042558e-05
2024-07-11 10:00:07+00:00,9.696398917570618e-06
2024-07-11 11:00:42+00:00,6.986363164759763e-06
2024-07-11 12:00:44+00:00,1.4581299961961828e-06
2024-07-11 13:00:15+00:00,8.627679554832557e-06
2024-07-11 14:00:17+00:00,1.4308343135383119e-06
2024-07-11 15:01:45+00:00,-1.825458528103966e-06
2024-07-11 16:01:00+00:00,7.557724995570473e-06
2024-07-11 17:00:22+00:00,2.0803758459185482e-05
2024-07-11 18:01:51+00:00,2.1462659297142565e-05
2024-07-11 19:00:12+00:00,2.0036894288430668e-05
2024-07-11 20:00:12+00:00,1.4934961921429498e-05
2024-07-11 21:00:48+00:00,1.560033353014674e-05
2024-07-11 22:01:13+00:00,1.9640839950799728e-05
2024-07-11 23:00:21+00:00,2.313356773403546e-05
2024-07-12 00:00:30+00:00,2.505499295412256e-05
2024-07-12 01:01:28+00:00,3.0530116436327594e-05
2024-07-12 02:01:09+00:00,2.7354891934554907e-05
2024-07-12 03:00:41+00:00,3.168644297076335e-05
2024-07-12 04:00:13+00:00,2.500478538643097e-05
2024-07-12 05:00:46+00:00,2.365640368071056e-05
2024-07-12 06:00:14+00:00,2.3069849147529122e-05
2024-07-12 07:00:12+00:00,2.5298211524576003e-05
2024-07-12 08:00:51+00:00,2.2518983879971168e-05
2024-07-12 09:01:20+00:00,2.4033348892592248e-05
2024-07-12 10:00:06+00:00,2.3158908776524893e-05
2024-07-12 11:00:02+00:00,2.3180606531248805e-05
2024-07-12 12:00:02+00:00,2.393412231716853e-05
2024-07-12 13:00:00+00:00,2.3727181676497642e-05
2024-07-12 14:00:15+00:00,3.779478230885117e-05
2024-07-12 15:00:12+00:00,2.7731947321545443e-05
2024-07-12 16:00:03+00:00,3.213926396422284e-05
2024-07-12 17:00:05+00:00,2.6772758164470804e-05
2024-07-12 18:00:04+00:00,2.7741928420361482e-05
2024-07-12 19:00:01+00:00,2.9499151186982167e-05
2024-07-12 20:00:14+00:00,2.4465789952219364e-05
2024-07-12 21:00:00+00:00,2.2222062655603753e-05
2024-07-12 22:00:09+00:00,2.4334942366852383e-05
2024-07-12 23:00:08+00:00,2.5800692191214415e-05
2024-07-13 00:00:02+00:00,2.588405861409669e-05
2024-07-13 01:00:09+00:00,2.5038504638706978e-05
2024-07-13 02:00:05+00:00,2.732865160491689e-05
2024-07-13 03:00:04+00:00,2.3353835215467566e-05
2024-07-13 04:00:05+00:00,2.3198313689235236e-05
2024-07-13 05:00:05+00:00,2.1268371545575946e-05
2024-07-13 06:00:05+00:00,9.15481468047428e-06
2024-07-13 07:00:08+00:00,-8.82931946317527e-06
2024-07-13 08:00:08+00:00,-6.295182637034075e-06
2024-07-13 09:00:09+00:00,-9.996979510693064e-06
2024-07-13 10:00:09+00:00,-5.920191635762742e-06
2024-07-13 11:00:10+00:00,-5.834988182462684e-06
2024-07-13 12:00:09+00:00,-8.408042373900272e-06
2024-07-13 13:00:05+00:00,5.939672730365649e-06
2024-07-13 14:00:08+00:00,4.892196368187198e-06
2024-07-13 15:00:10+00:00,6.2021841373616425e-06
2024-07-13 16:00:10+00:00,9.680327622460766e-06
2024-07-13 17:00:31+00:00,9.667335581137362e-06
2024-07-13 18:00:32+00:00,5.749269231333622e-06
2024-07-13 19:00:29+00:00,4.765757713114094e-06
2024-07-13 20:00:30+00:00,1.140820235717488e-05
2024-07-13 21:00:33+00:00,9.939555148959559e-06
2024-07-13 22:00:33+00:00,6.153989102412087e-06
2024-07-13 23:00:49+00:00,1.766916267514437e-05
2024-07-14 00:00:39+00:00,1.3283592697962029e-05
2024-07-14 01:00:20+00:00,1.4626920046311566e-05
2024-07-14 02:00:40+00:00,1.174112000237488e-05
2024-07-14 03:00:39+00:00,5.046970471858092e-06
2024-07-14 04:00:39+00:00,6.732116968768999e-06
2024-07-14 05:00:39+00:00,-3.4794752369624736e-06
2024-07-14 06:00:39+00:00,-7.314470044940868e-06
2024-07-14 07:00:38+00:00,-1.0557046269032943e-05
2024-07-14 08:00:41+00:00,-1.0007346678398122e-05
2024-07-14 09:00:12+00:00,3.047600471768553e-07
2024-07-14 10:00:42+00:00,7.0820772363948465e-06
2024-07-14 11:00:49+00:00,2.781211863746076e-06
2024-07-14 12:00:49+00:00,-1.3248398285494259e-06
2024-07-14 13:00:42+00:00,-1.9699050808366832e-06
2024-07-14 14:00:49+00:00,9.895050458801066e-07
2024-07-14 15:00:31+00:00,6.41376345134324e-06
2024-07-14 16:00:50+00:00,6.3954854505074705e-06
2024-07-14 17:00:48+00:00,5.73903794947613e-06
2024-07-14 18:00:51+00:00,-1.2500523901833913e-06
2024-07-14 19:00:51+00:00,-3.896939334411065e-06
2024-07-14 20:00:17+00:00,-6.0569052618599476e-06
2024-07-14 21:00:25+00:00,-1.3691899122468287e-05
2024-07-14 22:00:52+00:00,-8.727986540298328e-06
2024-07-14 23:00:48+00:00,-7.981278366676842e-06
2024-07-15 00:00:50+00:00,-1.1576638918587815e-05
2024-07-15 01:00:30+00:00,-7.729071122632184e-06
2024-07-15 02:00:49+00:00,-1.2646153354641523e-05
2024-07-15 03:00:58+00:00,-9.527397013935572e-06
2024-07-15 04:00:59+00:00,-1.703088155041875e-05
2024-07-15 05:00:59+00:00,-3.597257089011158e-05
2024-07-15 06:00:12+00:00,-2.4752728202823338e-05
2024-07-15 07:01:05+00:00,-2.0542601117066457e-05
2024-07-15 08:01:00+00:00,-1.5490987997629634e-05
2024-07-15 09:00:16+00:00,-2.040029374975529e-05
2024-07-15 10:00:00+00:00,-1.6422206858275107e-05
2024-07-15 11:00:09+00:00,-2.364629239262426e-05
2024-07-15 12:00:17+00:00,-1.548608722435326e-05
2024-07-15 13:00:58+00:00,-1.2815248789469972e-05
2024-07-15 14:00:05+00:00,-3.4499488054150916e-06
2024-07-15 15:00:52+00:00,2.826244223600264e-06
2024-07-15 16:01:04+00:00,1.5874766927705717e-05
2024-07-15 17:01:04+00:00,2.5099066565302744e-05
2024-07-15 18:00:40+00:00,2.211332257079955e-05
2024-07-15 19:00:09+00:00,2.3042595792357704e-05
2024-07-15 20:00:29+00:00,2.872536411065988e-05
2024-07-15 21:01:04+00:00,2.4856417330173803e-05
2024-07-15 22:01:43+00:00,2.2341129195301547e-05
2024-07-15 23:00:26+00:00,1.9569078308662725e-05
2024-07-16 00:00:14+00:00,1.660870875906469e-05
2024-07-16 01:00:08+00:00,1.4153148570770053e-05
2024-07-16 02:00:09+00:00,1.5949384331487072e-05
2024-07-16 03:00:09+00:00,1.4186605186935881e-05
2024-07-16 04:00:09+00:00,1.3704698202622042e-05
2024-07-16 05:00:07+00:00,1.0793869157881519e-05
2024-07-16 06:00:11+00:00,5.243463521058516e-06
2024-07-16 07:00:16+00:00,-1.110030440604268e-06
2024-07-16 08:00:19+00:00,1.1154671867446027e-06
2024-07-16 09:00:09+00:00,-3.4060001529034816e-06
2024-07-16 10:00:11+00:00,-1.8797598012635977e-06
2024-07-16 11:00:10+00:00,-2.5888193374340034e-06
2024-07-16 12:00:12+00:00,-1.6672744753270318e-06
2024-07-16 13:00:19+00:00,2.4421779706342553e-06
2024-07-16 14:00:17+00:00,3.7282879294402167e-06
2024-07-16 15:00:18+00:00,1.2364865132979343e-05
2024-07-16 16:00:16+00:00,2.0605722514463274e-05
2024-07-16 17:00:31+00:00,2.531215494848969e-05
2024-07-16 18:00:12+00:00,2.0172864705156663e-05
2024-07-16 19:01:22+00:00,1.0505272971507137e-05
2024-07-16 20:00:31+00:00,1.5194375990026227e-05
2024-07-16 21:01:04+00:00,1.556144657732736e-05
2024-07-16 22:00:09+00:00,2.1808818465515064e-05
2024-07-16 23:00:35+00:00,2.3350382709577613e-05
2024-07-17 00:00:35+00:00,2.9938053424892538e-05
2024-07-17 01:00:38+00:00,3.9386936465384844e-05
2024-07-17 02:00:38+00:00,3.671855293593123e-05
2024-07-17 03:00:16+00:00,3.101241463985473e-05
2024-07-17 04:00:39+00:00,2.9721832571609686e-05
2024-07-17 05:00:24+00:00,2.9508939802740905e-05
2024-07-17 06:00:42+00:00,2.852312198316891e-05
2024-07-17 07:00:01+00:00,2.8207785139364252e-05
2024-07-17 08:00:42+00:00,3.164564233238619e-05
2024-07-17 09:00:26+00:00,2.87208541225073e-05
2024-07-17 10:00:41+00:00,3.7672209494644716e-05
2024-07-17 11:00:07+00:00,3.036591446347361e-05
2024-07-17 12:00:21+00:00,2.9263238546328382e-05
2024-07-17 13:00:35+00:00,3.0245875641591638e-05
2024-07-17 14:00:41+00:00,3.23329043470004e-05
2024-07-17 15:00:48+00:00,3.108980778362651e-05
2024-07-17 16:00:53+00:00,2.6453499052607825e-05
2024-07-17 17:00:41+00:00,-2.6461085689190667e-05
2024-07-17 18:00:25+00:00,-3.1510229405735215e-06
2024-07-17 19:00:59+00:00,-4.5871041459957426e-07
2024-07-17 20:00:01+00:00,-2.3222400284442248e-07
2024-07-17 21:00:46+00:00,-1.0061717484660757e-05
2024-07-17 22:01:28+00:00,-8.510595742421431e-06
2024-07-17 23:00:12+00:00,-3.2110918602385204e-06
2024-07-18 00:00:13+00:00,-6.112596033480588e-06
2024-07-18 01:00:12+00:00,-4.110638991609256e-06
2024-07-18 02:00:13+00:00,-2.6211297201532312e-06
2024-07-18 03:00:14+00:00,-1.084683199352736e-05
2024-07-18 04:01:11+00:00,-1.2956012007333012e-05
2024-07-18 05:01:09+00:00,-2.283342278742815e-05
2024-07-18 06:00:13+00:00,-1.3826640757197133e-05
2024-07-18 07:01:25+00:00,-8.991815969854387e-06
2024-07-18 08:01:26+00:00,-1.8531389807404182e-05
2024-07-18 09:00:17+00:00,-1.3036040916920922e-05
2024-07-18 10:00:12+00:00,-7.3947094239738495e-06
2024-07-18 11:01:03+00:00,-4.083937854418667e-06
2024-07-18 12:01:01+00:00,-1.681093172181016e-06
2024-07-18 13:00:11+00:00,-3.5379354266522107e-06
2024-07-18 14:00:10+00:00,-3.7138683178847647e-06
2024-07-18 15:00:58+00:00,-1.3813289134596344e-05
2024-07-18 16:01:37+00:00,-1.949386391533311e-05
2024-07-18 17:00:32+00:00,7.371565827473497e-07
2024-07-18 18:00:12+00:00,-2.919478148605771e-06
2024-07-18 19:01:22+00:00,-2.478108918727502e-06
2024-07-18 20:00:32+00:00,2.211065066554049e-06
2024-07-18 21:00:35+00:00,1.9688408887885023e-06
2024-07-18 22:00:33+00:00,1.2471518414353586e-06
2024-07-18 23:00:24+00:00,1.9789999025108734e-06
2024-07-19 00:00:21+00:00,-5.904755652457876e-07
2024-07-19 01:00:02+00:00,-2.9821664238839575e-06
2024-07-19 02:01:16+00:00,-1.1212134833055558e-06
2024-07-19 03:01:07+00:00,-2.085399967559788e-06
2024-07-19 04:00:03+00:00,6.350871381919276e-06
2024-07-19 05:01:18+00:00,-5.665592448385629e-07
2024-07-19 06:00:55+00:00,2.2073286401111787e-06
2024-07-19 07:00:41+00:00,5.542177000624289e-06
2024-07-19 08:00:59+00:00,-4.101278945762486e-06
2024-07-19 09:00:23+00:00,-2.1126812464716174e-06
2024-07-19 10:01:06+00:00,-4.66368530655798e-06
2024-07-19 11:00:20+00:00,2.6044111198456203e-06
2024-07-19 12:00:26+00:00,5.995293001605846e-06
2024-07-19 13:00:10+00:00,1.1751371668407171e-05
2024-07-19 14:01:25+00:00,3.0194208706366872e-05
2024-07-19 15:00:53+00:00,3.254794217589935e-05
2024-07-19 16:01:48+00:00,2.7924775697912433e-05
2024-07-19 17:01:10+00:00,3.9375334838306274e-05
2024-07-19 18:01:27+00:00,3.3819815624758964e-05
2024-07-19 19:00:26+00:00,3.004118784896689e-05
2024-07-19 20:01:25+00:00,4.162326250608749e-05
2024-07-19 21:00:33+00:00,3.1260039625662684e-05
2024-07-19 22:01:11+00:00,2.9338472771658352e-05
2024-07-19 23:00:35+00:00,2.9807553392457372e-05
2024-07-20 00:00:34+00:00,3.0602695953480225e-05
2024-07-20 01:00:55+00:00,2.7918075394031956e-05
2024-07-20 02:00:13+00:00,3.30718654324617e-05
2024-07-20 03:01:19+00:00,3.2968779401128184e-05
2024-07-20 04:01:16+00:00,5.277796025696278e-05
2024-07-20 05:00:13+00:00,5.2574072865565586e-05
2024-07-20 06:00:48+00:00,4.833195154100069e-05
2024-07-20 07:00:45+00:00,4.9235184823318446e-05
2024-07-20 08:00:58+00:00,4.6384449573552636e-05
2024-07-20 09:01:02+00:00,4.455159576005536e-05
2024-07-20 10:00:01+00:00,4.582537974584181e-05
2024-07-20 11:00:06+00:00,4.5369179516427445e-05
2024-07-20 12:01:09+00:00,4.581375431654346e-05
2024-07-20 13:00:03+00:00,4.939068528022576e-05
2024-07-20 14:00:33+00:00,4.870696436846414e-05
2024-07-20 15:00:34+00:00,6.0127993877312076e-05
2024-07-20 16:01:09+00:00,5.381508377635682e-05
2024-07-20 17:00:09+00:00,5.5798193423044756e-05
2024-07-20 18:01:10+00:00,7.417648506315784e-05
2024-07-20 19:00:49+00:00,5.119237574340633e-05
2024-07-20 20:01:08+00:00,4.5506982588596074e-05
2024-07-20 21:01:10+00:00,5.5028685214874704e-05
2024-07-20 22:01:10+00:00,4.562124862864403e-05
2024-07-20 23:00:52+00:00,4.3064650076744835e-05
2024-07-21 00:01:12+00:00,4.79276390504793e-05
2024-07-21 01:00:30+00:00,4.595317797548022e-05
2024-07-21 02:00:31+00:00,4.621378710625796e-05
2024-07-21 03:00:34+00:00,3.9448649185872965e-05
2024-07-21 04:01:10+00:00,3.7977507341936195e-05
2024-07-21 05:01:12+00:00,3.9034381686896315e-05
2024-07-21 06:01:11+00:00,4.0197014901350304e-05
2024-07-21 07:01:10+00:00,3.705829563566307e-05
2024-07-21 08:01:10+00:00,3.8309703404751636e-05
2024-07-21 09:00:36+00:00,3.357401793208677e-05
2024-07-21 10:00:57+00:00,5.383606824105095e-05
2024-07-21 11:00:55+00:00,3.89984864998744e-05
2024-07-21 12:01:11+00:00,3.352397871411202e-05
2024-07-21 13:01:11+00:00,3.754731280129676e-05
2024-07-21 14:00:58+00:00,3.4474653541547284e-05
2024-07-21 15:00:39+00:00,5.475802106782976e-05
2024-07-21 16:01:03+00:00,3.8193665631648174e-05
2024-07-21 17:00:30+00:00,4.6580422041190066e-05
2024-07-21 18:01:00+00:00,3.0326317138381387e-05
2024-07-21 19:00:11+00:00,2.298693842999021e-05
2024-07-21 20:01:14+00:00,4.4421259848267896e-05
2024-07-21 21:01:16+00:00,5.449432694278813e-05
2024-07-21 22:01:03+00:00,4.353287626172696e-05
2024-07-21 23:01:00+00:00,4.0265885990295e-05
2024-07-22 00:00:33+00:00,2.128283293383297e-05
2024-07-22 01:00:33+00:00,2.120614318409262e-05
2024-07-22 02:00:28+00:00,1.759386691284064e-05
2024-07-22 03:00:14+00:00,2.0418804749324315e-05
2024-07-22 04:01:20+00:00,1.9252039644499073e-05
2024-07-22 05:00:20+00:00,1.9251836294979427e-05
2024-07-22 06:00:02+00:00,2.3419621554323337e-05
2024-07-22 07:01:04+00:00,3.0839104577272705e-05
2024-07-22 08:00:05+00:00,3.3715115465199e-05
2024-07-22 09:01:20+00:00,3.3572906963768956e-05
2024-07-22 10:00:36+00:00,3.8211508798714204e-05
2024-07-22 11:00:48+00:00,3.4835634470568194e-05
2024-07-22 12:00:34+00:00,3.7082569332166184e-05
2024-07-22 13:00:00+00:00,3.7428128127065505e-05
2024-07-22 14:00:36+00:00,2.4356728915392548e-05
2024-07-22 15:00:49+00:00,2.5005920974816875e-05
2024-07-22 16:00:01+00:00,2.9100033984327657e-05
2024-07-22 17:01:02+00:00,2.7875571994636863e-05
2024-07-22 18:00:25+00:00,2.7337465877507768e-05
2024-07-22 19:00:06+00:00,2.618185365187928e-05
2024-07-22 20:00:29+00:00,3.265067581164937e-05
2024-07-22 21:01:24+00:00,2.818301592920504e-05
2024-07-22 22:01:19+00:00,2.574007795303838e-05
2024-07-22 23:00:17+00:00,2.192733003861191e-05
2024-07-23 00:00:14+00:00,1.6794930292815146e-05
2024-07-23 01:00:17+00:00,2.040653917682815e-05
2024-07-23 02:00:54+00:00,1.6176054679717557e-05
2024-07-23 03:01:22+00:00,1.4210348499563452e-05
2024-07-23 04:00:35+00:00,1.7138208418117214e-05
2024-07-23 05:00:38+00:00,2.0410053718084274e-05
2024-07-23 06:00:35+00:00,1.5519602886228253e-05
2024-07-23 07:00:17+00:00,1.6864814349060407e-05
2024-07-23 08:00:53+00:00,1.8394668782068642e-05
2024-07-23 09:00:40+00:00,2.5443510352608813e-05
2024-07-23 10:00:16+00:00,2.592131187643509e-05
2024-07-23 11:00:59+00:00,2.2322832541464155e-05
2024-07-23 12:01:21+00:00,2.0356083382513824e-05
2024-07-23 13:00:50+00:00,1.6798033510210405e-05
2024-07-23 14:01:02+00:00,2.7318184415920758e-05
2024-07-23 15:00:55+00:00,3.1813947494066436e-05
2024-07-23 16:00:47+00:00,2.1351102070612914e-05
2024-07-23 17:02:22+00:00,8.86186628798972e-06
2024-07-23 18:00:32+00:00,2.753672745851298e-05
2024-07-23 19:00:04+00:00,2.4357621437852604e-05
2024-07-23 20:00:06+00:00,2.7079091973337657e-05
2024-07-23 21:01:26+00:00,2.310716505678352e-05
2024-07-23 22:00:20+00:00,2.0870334190024393e-05
2024-07-23 23:01:22+00:00,2.0087581494840495e-05
2024-07-24 00:00:12+00:00,2.1508450535446388e-05
2024-07-24 01:00:12+00:00,1.926364813236767e-05
2024-07-24 02:01:19+00:00,1.9861278220972338e-05
2024-07-24 03:00:56+00:00,2.1461178139601943e-05
2024-07-24 04:01:16+00:00,2.3880601973908263e-05
2024-07-24 05:00:24+00:00,2.7081040084371563e-05
2024-07-24 06:01:08+00:00,2.583263097370745e-05
2024-07-24 07:01:13+00:00,2.7935950645949773e-05
2024-07-24 08:00:35+00:00,2.8108140983822587e-05
2024-07-24 09:00:51+00:00,2.9907699263122852e-05
2024-07-24 10:00:27+00:00,3.107701315816057e-05
2024-07-24 11:01:30+00:00,3.208174174758194e-05
2024-07-24 12:00:53+00:00,3.099184667147567e-05
2024-07-24 13:00:55+00:00,3.058202409192318e-05
2024-07-24 14:00:31+00:00,3.2819217895297195e-05
2024-07-24 15:01:22+00:00,3.534955092509625e-05
2024-07-24 16:00:34+00:00,2.860542402945276e-05
2024-07-24 17:01:55+00:00,3.920170907138774e-05
2024-07-24 18:01:30+00:00,3.2882718357532375e-05
2024-07-24 19:00:00+00:00,2.7244072892746013e-05
2024-07-24 20:01:45+00:00,2.1400194934494397e-05
2024-07-24 21:00:13+00:00,2.2856665410557376e-05
2024-07-24 22:00:11+00:00,1.9460184103307228e-05
2024-07-24 23:00:14+00:00,2.077610677381841e-05
2024-07-25 00:00:14+00:00,2.3098222702888948e-05
2024-07-25 01:00:15+00:00,2.4661925406064248e-05
2024-07-25 02:00:22+00:00,-3.618156259726283e-05
2024-07-25 03:00:14+00:00,-8.066741088186737e-06
2024-07-25 04:00:15+00:00,6.6880681353635835e-06
2024-07-25 05:00:16+00:00,1.7259881011548625e-05
2024-07-25 06:00:19+00:00,1.2783611643171977e-05
2024-07-25 07:00:29+00:00,1.0024450101982421e-05
2024-07-25 08:00:29+00:00,6.4874904725748324e-06
2024-07-25 09:00:34+00:00,6.153560047155198e-06
2024-07-25 10:00:34+00:00,7.253818019333373e-06
2024-07-25 11:00:08+00:00,5.700211689079784e-06
2024-07-25 12:00:34+00:00,9.94942349387263e-06
2024-07-25 13:00:35+00:00,5.518846298542707e-06
2024-07-25 14:00:17+00:00,7.720768740547658e-06
2024-07-25 15:00:38+00:00,1.792505042268238e-05
2024-07-25 16:00:43+00:00,7.1662441671865445e-06
2024-07-25 17:00:40+00:00,8.389587967211586e-06
2024-07-25 18:00:56+00:00,8.893344859004481e-06
2024-07-25 19:00:49+00:00,7.643820841069598e-07
2024-07-25 20:00:39+00:00,1.0002733590861524e-05
2024-07-25 21:00:54+00:00,2.3142300154186465e-05
2024-07-25 22:00:09+00:00,2.9002807829113815e-05
2024-07-25 23:00:42+00:00,2.209777102940451e-05
2024-07-26 00:00:21+00:00,2.5021161916501274e-05
2024-07-26 01:00:42+00:00,3.105516601662414e-05
2024-07-26 02:00:46+00:00,2.7954206031392878e-05
2024-07-26 03:00:16+00:00,3.649267653156276e-05
2024-07-26 04:00:18+00:00,3.1722857168387646e-05
2024-07-26 05:00:49+00:00,3.56107740886371e-05
2024-07-26 06:00:31+00:00,2.9571062439536657e-05
2024-07-26 07:00:48+00:00,2.819178363452716e-05
2024-07-26 08:00:48+00:00,2.4713461556498474e-05
2024-07-26 09:00:48+00:00,2.463297059996309e-05
2024-07-26 10:00:26+00:00,2.3709045763885384e-05
2024-07-26 11:00:53+00:00,2.314632608172934e-05
2024-07-26 12:00:31+00:00,2.4008797978313908e-05
2024-07-26 13:00:24+00:00,2.5477246512241836e-05
2024-07-26 14:00:35+00:00,3.8042241211369407e-05
2024-07-26 15:00:56+00:00,3.0487494431124665e-05
2024-07-26 16:00:55+00:00,3.3189252135062825e-05
2024-07-26 17:00:56+00:00,2.793854800717783e-05
2024-07-26 18:00:02+00:00,2.0145299421507422e-05
2024-07-26 19:00:55+00:00,2.4003249363637995e-05
2024-07-26 20:00:55+00:00,2.1625623954800032e-05
2024-07-26 21:00:55+00:00,1.906989200718525e-05
2024-07-26 22:00:56+00:00,1.9167159845764427e-05
2024-07-26 23:00:58+00:00,1.9926992529399426e-05
2024-07-27 00:00:56+00:00,1.8683918547408258e-05
2024-07-27 01:00:56+00:00,2.0044920407943414e-05
2024-07-27 02:00:45+00:00,1.8124025637224475e-05
2024-07-27 03:00:23+00:00,2.0559451087405006e-05
2024-07-27 04:00:24+00:00,2.0653072675191213e-05
2024-07-27 05:00:56+00:00,2.0870654186479986e-05
2024-07-27 06:00:31+00:00,2.0253502476262012e-05
2024-07-27 07:00:19+00:00,2.0136903423526433e-05
2024-07-27 08:00:13+00:00,2.0345072405314237e-05
2024-07-27 09:00:51+00:00,2.1482769344139978e-05
2024-07-27 10:01:32+00:00,2.032043557921472e-05
2024-07-27 11:00:57+00:00,1.923436638756298e-05
2024-07-27 12:00:22+00:00,1.8242514335499456e-05
2024-07-27 13:01:23+00:00,2.103324826146486e-05
2024-07-27 14:01:29+00:00,3.6476898211664424e-05
2024-07-27 15:01:46+00:00,3.8334707547218564e-05
2024-07-27 16:00:06+00:00,3.9393593137146895e-05
2024-07-27 17:01:36+00:00,3.83520671699994e-05
2024-07-27 18:00:35+00:00,3.877185339916893e-05
2024-07-27 19:01:47+00:00,4.048241013453073e-05
2024-07-27 20:01:15+00:00,4.341513385887308e-05
2024-07-27 21:02:02+00:00,4.298267747551566e-05
2024-07-27 22:02:09+00:00,6.817871496256968e-05
2024-07-27 23:00:05+00:00,4.419025788200878e-05
2024-07-28 00:00:04+00:00,3.490579924272319e-05
2024-07-28 01:00:11+00:00,4.145171235483087e-05
2024-07-28 02:00:02+00:00,4.361043071094867e-05
2024-07-28 03:00:04+00:00,4.2532341215180594e-05
2024-07-28 04:00:02+00:00,4.227994046154166e-05
2024-07-28 05:00:12+00:00,4.25198917287672e-05
2024-07-28 06:00:05+00:00,4.281151461277356e-05
2024-07-28 07:00:05+00:00,3.80755672719048e-05
2024-07-28 08:00:06+00:00,3.5028937697602085e-05
2024-07-28 09:00:06+00:00,3.480870042085595e-05
2024-07-28 10:00:05+00:00,3.546007942121376e-05
2024-07-28 11:00:06+00:00,4.077745155816531e-05
2024-07-28 12:00:03+00:00,3.706346650244679e-05
2024-07-28 13:00:13+00:00,3.5914292939702384e-05
2024-07-28 14:00:15+00:00,3.422736391299614e-05
2024-07-28 15:00:15+00:00,3.181847580913113e-05
2024-07-28 16:00:10+00:00,3.30910584694476e-05
2024-07-28 17:00:09+00:00,3.316189208226234e-05
2024-07-28 18:00:12+00:00,3.3029133264683887e-05
2024-07-28 19:00:07+00:00,3.73299408637179e-05
2024-07-28 20:00:15+00:00,3.285187304167344e-05
2024-07-28 21:00:14+00:00,3.199968803326345e-05
2024-07-28 22:00:18+00:00,3.1998554132488905e-05
2024-07-28 23:00:19+00:00,3.2590653694580614e-05
2024-07-29 00:00:31+00:00,3.455538431383099e-05
2024-07-29 01:00:21+00:00,6.238389276384839e-05
2024-07-29 02:00:18+00:00,4.046387947235769e-05
2024-07-29 03:00:18+00:00,5.8690891203141174e-05
2024-07-29 04:00:21+00:00,4.205273260368373e-05
2024-07-29 05:00:14+00:00,3.754720873360752e-05
2024-07-29 06:00:25+00:00,3.371940317123384e-05
2024-07-29 07:00:27+00:00,3.4441958476471854e-05
2024-07-29 08:00:26+00:00,3.533559819157062e-05
2024-07-29 09:00:31+00:00,3.678464729807588e-05
2024-07-29 10:00:30+00:00,3.328805933868839e-05
2024-07-29 11:00:30+00:00,4.217875575480834e-05
2024-07-29 12:00:24+00:00,4.295579639910387e-05
2024-07-29 13:00:01+00:00,4.24568409601971e-05
2024-07-29 14:00:32+00:00,4.084036919112908e-05
2024-07-29 15:00:21+00:00,3.108981285552206e-05
2024-07-29 16:00:49+00:00,2.7239279216936835e-07
2024-07-29 17:00:20+00:00,2.7691892434233575e-05
2024-07-29 18:00:14+00:00,3.574481852882543e-05
2024-07-29 19:00:19+00:00,3.7128043397087526e-05
2024-07-29 20:00:41+00:00,5.461144545401832e-05
2024-07-29 21:00:30+00:00,5.7714358010357406e-05
2024-07-29 22:00:53+00:00,5.687742838563307e-05
2024-07-29 23:00:05+00:00,5.851886046305888e-05
2024-07-30 00:00:31+00:00,5.551346962392282e-05
2024-07-30 01:00:13+00:00,4.770238256713386e-05
2024-07-30 02:01:23+00:00,4.5751312033239616e-05
2024-07-30 03:00:52+00:00,4.5971685119701074e-05
2024-07-30 04:01:14+00:00,5.775419653071145e-05
2024-07-30 05:02:01+00:00,5.253787373461868e-05
2024-07-30 06:01:16+00:00,5.030854802152336e-05
2024-07-30 07:01:01+00:00,5.0615899471546435e-05
2024-07-30 08:00:45+00:00,5.548105708266871e-05
2024-07-30 09:00:29+00:00,4.87144530804336e-05
2024-07-30 10:00:00+00:00,4.9262421818475626e-05
2024-07-30 11:00:14+00:00,4.563417182900829e-05
2024-07-30 12:00:49+00:00,4.5760456015596495e-05
2024-07-30 13:00:08+00:00,5.3780496292434114e-05
2024-07-30 14:00:15+00:00,4.536810087206248e-05
2024-07-30 15:00:15+00:00,4.704207337909984e-05
2024-07-30 16:00:54+00:00,5.27187488760488e-05
2024-07-30 17:00:02+00:00,4.568324398054596e-05
2024-07-30 18:00:58+00:00,3.317947762230432e-05
2024-07-30 19:00:19+00:00,2.6452157653806795e-05
2024-07-30 20:00:37+00:00,2.1725489458693434e-05
2024-07-30 21:00:56+00:00,2.7315029850176318e-05
2024-07-30 22:00:19+00:00,2.703147707894051e-05
2024-07-30 23:00:02+00:00,2.9655592199343152e-05
2024-07-31 00:00:58+00:00,2.4818397012388593e-05
2024-07-31 01:00:22+00:00,3.1893296238080285e-05
2024-07-31 02:00:05+00:00,2.7890696419527507e-05
2024-07-31 03:00:23+00:00,2.610502919004884e-05
2024-07-31 04:00:21+00:00,2.5558262992628944e-05
2024-07-31 05:00:23+00:00,2.3923100993891806e-05
2024-07-31 06:00:22+00:00,2.661079273664169e-05
2024-07-31 07:00:25+00:00,2.814662652149244e-05
2024-07-31 08:00:04+00:00,2.5314215477572117e-05
2024-07-31 09:00:26+00:00,2.164836811523359e-05
2024-07-31 10:00:26+00:00,2.2786511293369573e-05
2024-07-31 11:00:20+00:00,2.1850476312370374e-05
2024-07-31 12:00:28+00:00,2.336315420541722e-05
2024-07-31 13:00:31+00:00,2.427324718952399e-05
2024-07-31 14:00:31+00:00,2.9169113251361036e-05
2024-07-31 15:00:30+00:00,3.128624613558311e-05
2024-07-31 16:00:11+00:00,3.115695987272958e-05
2024-07-31 17:00:22+00:00,2.8480096842320108e-05
2024-07-31 18:00:28+00:00,3.478240228671802e-05
2024-07-31 19:00:28+00:00,4.0243694184667405e-05
2024-07-31 20:00:32+00:00,3.5490984200344575e-05
2024-07-31 21:01:01+00:00,3.0799769442261914e-05
2024-07-31 22:00:53+00:00,3.112324910198597e-05
2024-07-31 23:00:21+00:00,3.1408089481924394e-05
2024-08-01 00:01:34+00:00,2.8829833318929768e-05
2024-08-01 01:01:08+00:00,3.353951765040811e-05
2024-08-01 02:01:29+00:00,3.1892231053977335e-05
2024-08-01 03:01:31+00:00,3.0588341902235574e-05
2024-08-01 04:01:32+00:00,3.111373292925288e-05
2024-08-01 05:00:30+00:00,2.7097153416670936e-05
2024-08-01 06:00:30+00:00,3.790897063315238e-05
2024-08-01 07:01:31+00:00,3.186855138250291e-05
2024-08-01 08:01:31+00:00,3.084754868452949e-05
2024-08-01 09:00:34+00:00,3.296565272575688e-05
2024-08-01 10:01:31+00:00,3.170015155660814e-05
2024-08-01 11:00:13+00:00,3.056822189483867e-05
2024-08-01 12:00:27+00:00,3.0958352005942783e-05
2024-08-01 13:00:34+00:00,3.228281729861226e-05
2024-08-01 14:01:18+00:00,2.7668729889237486e-05
2024-08-01 15:01:46+00:00,9.244383910272415e-06
2024-08-01 16:01:44+00:00,1.9173284131722915e-05
2024-08-01 17:00:30+00:00,2.7751316159498262e-05
2024-08-01 18:01:23+00:00,2.5511300786984868e-05
2024-08-01 19:00:10+00:00,3.284719940127595e-05
2024-08-01 20:01:21+00:00,4.900429424913768e-05
2024-08-01 21:00:05+00:00,5.3225398382698384e-05
2024-08-01 22:01:30+00:00,5.055694470598611e-05
2024-08-01 23:00:34+00:00,5.84451841755825e-05
2024-08-02 00:00:06+00:00,4.1464250623382834e-05
2024-08-02 01:00:15+00:00,3.51823246875613e-05
2024-08-02 02:00:05+00:00,3.276140502452955e-05
2024-08-02 03:00:13+00:00,3.066280802376906e-05
2024-08-02 04:00:08+00:00,4.5186291826282897e-05
2024-08-02 05:00:08+00:00,3.6354361836748706e-05
2024-08-02 06:00:05+00:00,3.1349317158096844e-05
2024-08-02 07:00:14+00:00,3.049407805350925e-05
2024-08-02 08:00:03+00:00,3.37404902711986e-05
2024-08-02 09:00:10+00:00,3.6606807886352314e-05
2024-08-02 10:00:15+00:00,3.594299849845606e-05
2024-08-02 11:00:19+00:00,3.5881766704308295e-05
2024-08-02 12:00:20+00:00,3.574317142348056e-05
2024-08-02 13:00:19+00:00,3.321936434531883e-05
2024-08-02 14:00:24+00:00,2.6684955351413942e-05
2024-08-02 15:00:51+00:00,-4.198036811462146e-05
2024-08-02 16:00:39+00:00,-3.7253935593073186e-05
2024-08-02 17:00:39+00:00,5.7673357199619765e-06
2024-08-02 18:00:22+00:00,2.1813468147420463e-05
2024-08-02 19:00:40+00:00,2.996140300827572e-05
2024-08-02 20:00:24+00:00,4.087202198682016e-05
2024-08-02 21:00:39+00:00,3.965734664320205e-05
2024-08-02 22:00:43+00:00,3.60538662568905e-05
2024-08-02 23:00:53+00:00,2.5732951927745912e-05
2024-08-03 00:00:10+00:00,2.9140359071204636e-05
2024-08-03 01:00:50+00:00,2.712854874027449e-05
2024-08-03 02:00:47+00:00,5.1249332128695304e-05
2024-08-03 03:00:01+00:00,4.308972013353259e-05
2024-08-03 04:00:48+00:00,4.360795863985349e-05
2024-08-03 05:00:46+00:00,4.20298435966408e-05
2024-08-03 06:00:48+00:00,3.083274480948706e-05
2024-08-03 07:00:39+00:00,1.9309837996088385e-05
2024-08-03 08:00:51+00:00,1.4993561185034554e-05
2024-08-03 09:00:10+00:00,2.455368884633286e-06
2024-08-03 10:00:24+00:00,2.573335874694386e-06
2024-08-03 11:00:51+00:00,1.1308879317034992e-06
2024-08-03 12:00:51+00:00,6.813762471974583e-07
2024-08-03 13:00:53+00:00,7.516990048283493e-06
2024-08-03 14:00:52+00:00,5.94702310865513e-06
2024-08-03 15:00:50+00:00,3.946902578593293e-06
2024-08-03 16:00:53+00:00,-1.2424199841822903e-05
2024-08-03 17:00:12+00:00,2.384034972843365e-06
2024-08-03 18:00:51+00:00,-9.277266896443768e-06
2024-08-03 19:00:52+00:00,-3.145604248308249e-06
2024-08-03 20:00:18+00:00,1.7427311129635161e-06
2024-08-03 21:00:07+00:00,1.1131242215910727e-05
2024-08-03 22:00:54+00:00,2.2929321501528545e-05
2024-08-03 23:00:54+00:00,1.9938464945012305e-05
2024-08-04 00:00:55+00:00,1.5046312249461779e-05
2024-08-04 01:00:54+00:00,1.6098650884753315e-05
2024-08-04 02:00:43+00:00,1.5168593228190737e-05
2024-08-04 03:00:05+00:00,1.7623001823104548e-05
2024-08-04 04:00:57+00:00,1.603810147363233e-05
2024-08-04 05:00:46+00:00,1.2961253128515805e-05
2024-08-04 06:00:31+00:00,1.4723276602625994e-05
2024-08-04 07:00:09+00:00,1.3320995320899153e-05
2024-08-04 08:00:56+00:00,9.485090205465434e-06
2024-08-04 09:00:59+00:00,1.3242694188707573e-05
2024-08-04 10:00:14+00:00,1.211420662134669e-05
2024-08-04 11:00:00+00:00,1.5083766759525001e-05
2024-08-04 12:00:05+00:00,1.4767530570083678e-05
2024-08-04 13:00:54+00:00,1.7264330807088773e-05
2024-08-04 14:00:59+00:00,1.3462377840289219e-05
2024-08-04 15:01:03+00:00,-7.732934198289805e-06
2024-08-04 16:01:00+00:00,-7.33949576093785e-06
2024-08-04 17:01:12+00:00,-2.109692793366954e-06
2024-08-04 18:00:28+00:00,1.3940407509844039e-05
2024-08-04 19:00:51+00:00,4.1887265625101423e-05
2024-08-04 20:00:53+00:00,6.343530782940542e-05
2024-08-04 21:00:21+00:00,4.358576251603189e-05
2024-08-04 22:00:05+00:00,1.6417052237539502e-05
2024-08-04 23:00:18+00:00,-1.772421547027605e-06
2024-08-05 00:00:18+00:00,-2.8647665573683443e-06
2024-08-05 01:00:47+00:00,-9.868281087627136e-05
2024-08-05 02:00:26+00:00,-0.0002998983336129373
2024-08-05 03:01:12+00:00,-6.431051114122747e-05
2024-08-05 04:00:21+00:00,-1.6716399476219625e-05
2024-08-05 05:01:19+00:00,-1.3125878027483766e-06
2024-08-05 06:01:33+00:00,-4.211536908850451e-05
2024-08-05 07:01:06+00:00,-0.00020211380121695888
2024-08-05 08:00:23+00:00,5.4947211791425395e-05
2024-08-05 09:00:23+00:00,-2.0596187224841673e-05
2024-08-05 10:00:34+00:00,-1.580613885956844e-05
2024-08-05 11:00:17+00:00,-4.556689188753154e-05
2024-08-05 12:00:17+00:00,-2.5477318373060893e-05
2024-08-05 13:01:31+00:00,-3.288926236420411e-05
2024-08-05 14:00:21+00:00,0.0002192810078264506
2024-08-05 15:00:30+00:00,0.00016526077676082921
2024-08-05 16:00:31+00:00,8.556818288738002e-05
2024-08-05 17:00:19+00:00,6.92714056319638e-05
2024-08-05 18:00:21+00:00,3.8724666933641354e-05
2024-08-05 19:00:24+00:00,9.899181947548846e-06
2024-08-05 20:00:18+00:00,3.047481246810066e-05
2024-08-05 21:00:05+00:00,3.960967883283861e-05
2024-08-05 22:00:07+00:00,3.51547097545874e-05
2024-08-05 23:00:07+00:00,2.9756775925535155e-05
2024-08-06 00:01:36+00:00,1.840995748673698e-05
2024-08-06 01:01:08+00:00,7.349928110192206e-05
2024-08-06 02:00:50+00:00,3.940240172933031e-05
2024-08-06 03:00:04+00:00,1.848690941388288e-05
2024-08-06 04:00:55+00:00,1.9712444403373364e-05
2024-08-06 05:01:37+00:00,9.040566952235054e-06
2024-08-06 06:01:00+00:00,1.979589215869657e-05
2024-08-06 07:01:23+00:00,8.25955214100012e-06
2024-08-06 08:00:50+00:00,4.752057597326378e-06
2024-08-06 09:00:51+00:00,-2.9722219165667176e-05
2024-08-06 10:00:29+00:00,-3.6162371517740024e-05
2024-08-06 11:00:05+00:00,-3.784503633425946e-05
2024-08-06 12:00:40+00:00,-3.7725398975384627e-05
2024-08-06 13:00:41+00:00,-3.452797255433594e-05
2024-08-06 14:00:23+00:00,-3.736643202292566e-05
2024-08-06 15:01:13+00:00,1.905231080456109e-05
2024-08-06 16:00:37+00:00,-4.225461645118277e-06
2024-08-06 17:01:20+00:00,3.4814156935523497e-06
2024-08-06 18:00:20+00:00,-1.5078356422699426e-05
2024-08-06 19:01:42+00:00,-8.539560262105295e-06
2024-08-06 20:01:02+00:00,-1.978766360795504e-05
2024-08-06 21:01:05+00:00,-2.057737597301592e-05
2024-08-06 22:01:15+00:00,-1.4578168526104403e-05
2024-08-06 23:02:14+00:00,-2.5990139035192823e-05
2024-08-07 00:00:43+00:00,-1.955069862494538e-05
2024-08-07 01:00:10+00:00,-8.15604215282292e-06
2024-08-07 02:01:54+00:00,3.3628228038298054e-05
2024-08-07 03:00:13+00:00,-5.309978290907719e-06
2024-08-07 04:02:03+00:00,-4.0634360301927145e-07
2024-08-07 05:00:06+00:00,2.695375306475051e-06
2024-08-07 06:00:00+00:00,-8.871483714604104e-06
2024-08-07 07:00:09+00:00,-1.586492229033155e-05
2024-08-07 08:00:54+00:00,-1.2832113940480237e-05
2024-08-07 09:00:01+00:00,-9.98416393584748e-06
2024-08-07 10:00:02+00:00,-1.0154547485102497e-05
2024-08-07 11:00:03+00:00,-9.000765807177255e-06
2024-08-07 12:01:31+00:00,-2.042286851337743e-05
2024-08-07 13:00:08+00:00,-8.992117360257835e-06
2024-08-07 14:02:14+00:00,-2.5305690239557092e-05
2024-08-07 15:00:07+00:00,-3.0518359179851905e-05
2024-08-07 16:00:24+00:00,-2.6893398157390925e-06
2024-08-07 17:00:09+00:00,-3.155904551033423e-07
2024-08-07 18:00:37+00:00,-2.4067551000298903e-06
2024-08-07 19:00:20+00:00,-1.2172771121235748e-05
2024-08-07 20:00:15+00:00,5.1232959630826505e-06
2024-08-07 21:00:09+00:00,1.5581463140625388e-05
2024-08-07 22:00:35+00:00,1.0273937254134112e-05
2024-08-07 23:00:57+00:00,1.035063189333186e-05
2024-08-08 00:00:25+00:00,5.8941117291124645e-06
2024-08-08 01:00:56+00:00,8.843917793899336e-06
2024-08-08 02:00:38+00:00,4.346003692394717e-05
2024-08-08 03:00:06+00:00,3.504998230414002e-05
2024-08-08 04:00:28+00:00,2.548729599611538e-05
2024-08-08 05:00:28+00:00,1.9480337756284533e-05
2024-08-08 06:00:47+00:00,2.1319998152455855e-05
2024-08-08 07:00:24+00:00,2.0747259063491958e-05
2024-08-08 08:00:59+00:00,1.76882095087781e-05
2024-08-08 09:00:33+00:00,2.2167392338605184e-05
2024-08-08 10:00:15+00:00,2.403984292692271e-05
2024-08-08 11:01:03+00:00,2.1942461523806346e-05
2024-08-08 12:01:01+00:00,2.2251945889224833e-05
2024-08-08 13:00:54+00:00,3.0031052026212447e-05
2024-08-08 14:01:06+00:00,9.568811701872353e-06
2024-08-08 15:01:28+00:00,2.4823340763959486e-05
2024-08-08 16:01:12+00:00,1.9615903150906876e-05
2024-08-08 17:01:27+00:00,2.3725869860648678e-05
2024-08-08 18:00:26+00:00,1.2051833764475498e-05
2024-08-08 19:00:25+00:00,8.331020316993566e-06
2024-08-08 20:01:04+00:00,7.238857520495545e-06
2024-08-08 21:01:08+00:00,9.439564605487567e-06
2024-08-08 22:01:32+00:00,2.62447152585999e-05
2024-08-08 23:01:21+00:00,3.3105443744558814e-05
2024-08-09 00:00:46+00:00,6.19987051039937e-06
2024-08-09 01:01:12+00:00,-5.337504029507238e-06
2024-08-09 02:00:55+00:00,-8.322389134774665e-06
2024-08-09 03:00:16+00:00,-9.360524870425583e-06
2024-08-09 04:00:17+00:00,-4.153117906073463e-06
2024-08-09 05:00:53+00:00,-3.5966342219774645e-06
2024-08-09 06:01:09+00:00,-2.8195808513335935e-06
2024-08-09 07:00:04+00:00,-1.9181734978816372e-06
2024-08-09 08:00:24+00:00,-1.1642171314678769e-06
2024-08-09 09:00:58+00:00,-1.4668849770063414e-06
2024-08-09 10:00:55+00:00,-3.5690816669296153e-06
2024-08-09 11:00:52+00:00,-2.4471938268853983e-06
2024-08-09 12:00:16+00:00,2.856188473781668e-06
2024-08-09 13:01:40+00:00,-2.4659673257888144e-06
2024-08-09 14:00:06+00:00,9.392549236731788e-06
2024-08-09 15:00:15+00:00,1.006992225197987e-05
2024-08-09 16:00:50+00:00,5.223550967339033e-06
2024-08-09 17:00:31+00:00,1.0394014818960182e-05
2024-08-09 18:00:52+00:00,1.0945267174456032e-05
2024-08-09 19:00:02+00:00,1.1503808827830944e-05
2024-08-09 20:00:46+00:00,9.316584194702728e-06
2024-08-09 21:01:02+00:00,9.343649332719741e-06
2024-08-09 22:01:15+00:00,1.7113002596276672e-05
2024-08-09 23:01:39+00:00,8.662949190046511e-06
2024-08-10 00:00:18+00:00,1.1505947713651861e-05
2024-08-10 01:00:40+00:00,1.6303718017737873e-05
2024-08-10 02:00:38+00:00,1.6197795430239058e-05
2024-08-10 03:00:52+00:00,1.6903397886005187e-05
2024-08-10 04:01:15+00:00,1.577041875010303e-05
2024-08-10 05:00:59+00:00,1.4696498548536765e-05
2024-08-10 06:00:51+00:00,1.6296713841297946e-05
2024-08-10 07:00:42+00:00,1.7739376662747112e-05
2024-08-10 08:00:08+00:00,1.819672165158839e-05
2024-08-10 09:00:16+00:00,1.6303317374603038e-05
2024-08-10 10:00:03+00:00,1.646528947000123e-05
2024-08-10 11:00:03+00:00,1.9312518536726555e-05
2024-08-10 12:00:02+00:00,1.4863188969174948e-05
2024-08-10 13:00:04+00:00,1.0830188827858509e-05
2024-08-10 14:00:03+00:00,9.77691023099091e-06
2024-08-10 15:00:04+00:00,8.974490088577864e-06
2024-08-10 16:00:01+00:00,8.654989080537118e-06
2024-08-10 17:00:02+00:00,8.969781761201516e-06
2024-08-10 18:00:08+00:00,8.729628377432926e-06
2024-08-10 19:00:09+00:00,1.0858577880175092e-05
2024-08-10 20:00:11+00:00,9.473099490611037e-06
2024-08-10 21:00:09+00:00,8.635491545948988e-06
2024-08-10 22:00:10+00:00,7.338331938774537e-06
2024-08-10 23:00:09+00:00,8.42826465994959e-06
2024-08-11 00:00:10+00:00,1.0378140170381327e-05
2024-08-11 01:00:11+00:00,1.19219047116219e-05
2024-08-11 02:00:12+00:00,1.1908401708194068e-05
2024-08-11 03:00:13+00:00,1.304033439096026e-05
2024-08-11 04:00:00+00:00,1.2976208063852142e-05
2024-08-11 05:00:14+00:00,1.0577935123126224e-05
2024-08-11 06:00:13+00:00,1.2159864201167425e-05
2024-08-11 07:00:13+00:00,1.6205737346977734e-05
2024-08-11 08:00:13+00:00,1.780929227495175e-05
2024-08-11 09:00:01+00:00,1.8753358589866962e-05
2024-08-11 10:00:13+00:00,1.4976476983797322e-05
2024-08-11 11:00:03+00:00,1.497125979024381e-05
2024-08-11 12:00:14+00:00,1.3795007401130358e-05
2024-08-11 13:00:06+00:00,1.2633502702858501e-05
2024-08-11 14:00:17+00:00,1.5304687350221602e-05
2024-08-11 15:00:16+00:00,1.5172320055986337e-05
2024-08-11 16:00:18+00:00,1.429402568155569e-05
2024-08-11 17:00:18+00:00,8.149582453322457e-06
2024-08-11 18:00:18+00:00,9.275537797615108e-06
2024-08-11 19:00:16+00:00,8.300918167917307e-06
2024-08-11 20:00:22+00:00,-2.3046139551247847e-06
2024-08-11 21:00:19+00:00,-1.5676127550514202e-06
2024-08-11 22:00:21+00:00,2.847744623053408e-06
2024-08-11 23:00:21+00:00,5.884571049874344e-06
2024-08-12 00:00:23+00:00,8.001821922618941e-06
2024-08-12 01:00:23+00:00,1.4216150535277956e-05
2024-08-12 02:00:24+00:00,1.5667037498848923e-05
2024-08-12 03:00:25+00:00,1.4199057075454249e-05
2024-08-12 04:00:23+00:00,1.0973978602241908e-05
2024-08-12 05:00:24+00:00,1.1074526178939738e-05
2024-08-12 06:00:21+00:00,1.1018340756890368e-05
2024-08-12 07:00:26+00:00,3.065247835919917e-06
2024-08-12 08:00:08+00:00,-1.0776366606536417e-05
2024-08-12 09:00:36+00:00,-5.777051512433257e-07
2024-08-12 10:00:12+00:00,1.050584509938981e-06
2024-08-12 11:00:37+00:00,2.812466883716109e-05
2024-08-12 12:00:27+00:00,5.743693349972715e-05
2024-08-12 13:00:15+00:00,3.6117365474068625e-05
2024-08-12 14:00:38+00:00,2.8351645109263887e-05
2024-08-12 15:00:32+00:00,5.4278044597384546e-05
2024-08-12 16:00:36+00:00,3.456839732949061e-05
2024-08-12 17:00:10+00:00,3.113032641529368e-05
2024-08-12 18:00:41+00:00,2.8412389103722297e-05
2024-08-12 19:00:42+00:00,3.465963638753963e-05
2024-08-12 20:00:44+00:00,5.1337703168171944e-05
2024-08-12 21:00:31+00:00,4.713111845388878e-05
2024-08-12 22:00:16+00:00,4.422027835782869e-05
2024-08-12 23:00:42+00:00,4.5204762722460144e-05
2024-08-13 00:00:49+00:00,5.966122236284062e-05
2024-08-13 01:00:46+00:00,4.5876727559956434e-05
2024-08-13 02:00:46+00:00,4.353853348646003e-05
2024-08-13 03:00:53+00:00,4.347606505639263e-05
2024-08-13 04:00:42+00:00,3.801292482654248e-05
2024-08-13 05:00:41+00:00,4.431435473688424e-05
2024-08-13 06:00:06+00:00,4.556595155749417e-05
2024-08-13 07:00:52+00:00,4.410150053129622e-05
2024-08-13 08:00:52+00:00,4.540979787505576e-05
2024-08-13 09:00:08+00:00,4.518964376286068e-05
2024-08-13 10:00:23+00:00,4.463796002497704e-05
2024-08-13 11:00:26+00:00,4.438693284059377e-05
2024-08-13 12:00:30+00:00,4.7981491942443785e-05
2024-08-13 13:00:31+00:00,4.684093497584155e-05
2024-08-13 14:00:56+00:00,5.7539598057901575e-05
2024-08-13 15:00:01+00:00,4.183826840456124e-05
2024-08-13 16:00:57+00:00,4.3792616748696774e-05
2024-08-13 17:00:51+00:00,6.496828579079133e-05
2024-08-13 18:00:20+00:00,1.8873176241444555e-05
2024-08-13 19:00:16+00:00,1.2795299535968524e-05
2024-08-13 20:00:36+00:00,1.0768873317756735e-05
2024-08-13 21:00:25+00:00,1.2850016661783179e-05
2024-08-13 22:00:24+00:00,1.1748121362150784e-05
2024-08-13 23:00:34+00:00,8.751030828842874e-06
2024-08-14 00:00:31+00:00,8.200160484524632e-06
2024-08-14 01:00:09+00:00,1.109062676893835e-05
2024-08-14 02:00:40+00:00,9.90315985959541e-06
2024-08-14 03:00:14+00:00,1.0787030100506543e-05
2024-08-14 04:00:39+00:00,1.1712593183484356e-05
2024-08-14 05:00:39+00:00,9.516838518537823e-06
2024-08-14 06:00:39+00:00,1.0559787537074753e-05
2024-08-14 07:00:39+00:00,1.2170238184434883e-05
2024-08-14 08:00:39+00:00,9.867785319896898e-06
2024-08-14 09:00:35+00:00,9.631557829865538e-06
2024-08-14 10:00:12+00:00,1.4281898135553672e-05
2024-08-14 11:00:09+00:00,1.8558641680768566e-05
2024-08-14 12:00:38+00:00,1.626429615545223e-05
2024-08-14 13:00:41+00:00,1.582729274130823e-05
2024-08-14 14:00:56+00:00,1.1056540564937594e-05
2024-08-14 15:00:25+00:00,1.6247509738668368e-05
2024-08-14 16:00:35+00:00,2.804636871562039e-05
2024-08-14 17:00:42+00:00,2.1620616809330076e-05
2024-08-14 18:00:32+00:00,2.057697108095115e-05
2024-08-14 19:00:31+00:00,2.0858328784908237e-05
2024-08-14 20:00:51+00:00,2.0854501254838242e-05
2024-08-14 21:00:34+00:00,2.1451579206219907e-05
2024-08-14 22:00:35+00:00,2.0914278992679094e-05
2024-08-14 23:00:34+00:00,2.2235203062570393e-05
2024-08-15 00:00:18+00:00,2.170826392760795e-05
2024-08-15 01:00:17+00:00,2.217556890828367e-05
2024-08-15 02:00:35+00:00,1.9618075874467338e-05
2024-08-15 03:00:37+00:00,2.0670400279982625e-05
2024-08-15 04:00:35+00:00,2.1793689849535693e-05
2024-08-15 05:00:00+00:00,2.252359367370028e-05
2024-08-15 06:00:04+00:00,2.04916962463427e-05
2024-08-15 07:00:37+00:00,1.7302646751812524e-05
2024-08-15 08:00:02+00:00,2.0319035325842627e-05
2024-08-15 09:00:03+00:00,2.2739052855897167e-05
2024-08-15 10:00:34+00:00,2.4443215712479034e-05
2024-08-15 11:00:38+00:00,2.6296408098657373e-05
2024-08-15 12:00:38+00:00,3.197414163963398e-05
2024-08-15 13:00:15+00:00,3.376840212127934e-05
2024-08-15 14:00:37+00:00,3.285487650341509e-05
2024-08-15 15:00:22+00:00,3.0313583746059587e-05
2024-08-15 16:00:18+00:00,2.7603152687315817e-05
2024-08-15 17:00:35+00:00,2.0538214746269235e-05
2024-08-15 18:01:20+00:00,5.837880413786775e-06
2024-08-15 19:00:11+00:00,-5.804240446749212e-07
2024-08-15 20:00:11+00:00,8.547905493892901e-06
2024-08-15 21:00:17+00:00,8.992953109802583e-06
2024-08-15 22:00:27+00:00,1.741007324259623e-05
2024-08-15 23:01:08+00:00,2.0349273272730458e-05
2024-08-16 00:01:19+00:00,2.0618462266725778e-05
2024-08-16 01:01:07+00:00,1.9027359308158905e-05
2024-08-16 02:01:15+00:00,1.4122753750264926e-05
2024-08-16 03:00:41+00:00,1.2471164249007949e-05
2024-08-16 04:00:13+00:00,1.2615427161518085e-05
2024-08-16 05:01:00+00:00,1.3709854294812514e-05
2024-08-16 06:00:06+00:00,2.1380537084453797e-05
2024-08-16 07:01:11+00:00,2.3155620563956068e-05
2024-08-16 08:00:51+00:00,2.1518494441368717e-05
2024-08-16 09:00:06+00:00,2.0716491632773604e-05
2024-08-16 10:00:12+00:00,2.0300910246500643e-05
2024-08-16 11:00:40+00:00,2.015648169272519e-05
2024-08-16 12:00:06+00:00,1.9189106235680238e-05
2024-08-16 13:01:04+00:00,1.1594227548062647e-05
2024-08-16 14:01:41+00:00,1.9580275795985796e-05
2024-08-16 15:00:45+00:00,1.8029221464760863e-05
2024-08-16 16:00:32+00:00,1.650327857045303e-05
2024-08-16 17:00:47+00:00,2.1665286178397772e-05
2024-08-16 18:00:26+00:00,2.7549066848147355e-05
2024-08-16 19:00:39+00:00,2.6493683797242508e-05
2024-08-16 20:00:05+00:00,2.394254833347132e-05
2024-08-16 21:00:49+00:00,2.129734797001938e-05
2024-08-16 22:00:50+00:00,2.0424711884952686e-05
2024-08-16 23:00:50+00:00,1.9610261240430073e-05
2024-08-17 00:00:49+00:00,1.9180014903881968e-05
2024-08-17 01:00:06+00:00,1.8309864863809455e-05
2024-08-17 02:00:24+00:00,2.0311710206253673e-05
2024-08-17 03:00:27+00:00,2.084962137923474e-05
2024-08-17 04:00:12+00:00,1.9752834559191258e-05
2024-08-17 05:00:46+00:00,2.125615187010016e-05
2024-08-17 06:00:29+00:00,2.0329798137121503e-05
2024-08-17 07:00:51+00:00,1.9757730068293855e-05
2024-08-17 08:00:50+00:00,2.0504605677682364e-05
2024-08-17 09:00:17+00:00,2.005165666092726e-05
2024-08-17 10:00:51+00:00,2.13013210687742e-05
2024-08-17 11:00:50+00:00,2.055854935898021e-05
2024-08-17 12:00:54+00:00,2.0387776014224596e-05
2024-08-17 13:00:14+00:00,2.061770665408251e-05
2024-08-17 14:00:28+00:00,2.0652935881697607e-05
2024-08-17 15:00:30+00:00,2.098422415916123e-05
2024-08-17 16:00:55+00:00,2.0119389217329554e-05
2024-08-17 17:00:45+00:00,2.0730428149137027e-05
2024-08-17 18:00:53+00:00,2.3796402496693724e-05
2024-08-17 19:00:18+00:00,2.2961386485353943e-05
2024-08-17 20:00:59+00:00,2.5229051881184202e-05
2024-08-17 21:00:57+00:00,2.5002767104659805e-05
2024-08-17 22:00:15+00:00,2.4595251153850986e-05
2024-08-17 23:00:58+00:00,2.4874290397600534e-05
2024-08-18 00:00:58+00:00,2.563302348157564e-05
2024-08-18 01:01:46+00:00,2.582911330659805e-05
2024-08-18 02:00:59+00:00,2.3637468265126724e-05
2024-08-18 03:00:22+00:00,2.7670983877177278e-05
2024-08-18 04:00:20+00:00,2.4116988484398105e-05
2024-08-18 05:00:05+00:00,2.492299516832623e-05
2024-08-18 06:00:12+00:00,2.1881624899767074e-05
2024-08-18 07:00:39+00:00,2.2375255043236376e-05
2024-08-18 08:00:48+00:00,2.2230614866753435e-05
2024-08-18 09:00:58+00:00,2.333027351158802e-05
2024-08-18 10:00:49+00:00,2.167136685734205e-05
2024-08-18 11:00:25+00:00,1.4928098127888822e-05
2024-08-18 12:00:52+00:00,2.1271187727787823e-05
2024-08-18 13:00:04+00:00,1.71366772535803e-05
2024-08-18 14:00:36+00:00,3.8682165150591695e-05
2024-08-18 15:00:15+00:00,4.07058359340739e-05
2024-08-18 16:01:04+00:00,7.684904465108362e-05
2024-08-18 17:01:06+00:00,4.884414052372185e-05
2024-08-18 18:00:33+00:00,4.202609728673912e-05
2024-08-18 19:00:04+00:00,4.4419435666397655e-05
2024-08-18 20:00:11+00:00,4.118009858680896e-05
2024-08-18 21:00:11+00:00,4.233506215049402e-05
2024-08-18 22:00:15+00:00,3.372984233459016e-05
2024-08-18 23:00:13+00:00,3.226204156021719e-05
2024-08-19 00:00:12+00:00,2.689621350134933e-05
2024-08-19 01:00:13+00:00,3.34456309207539e-05
2024-08-19 02:00:00+00:00,4.185526063272703e-05
2024-08-19 03:00:03+00:00,3.763423738729808e-05
2024-08-19 04:00:04+00:00,3.486992312867617e-05
2024-08-19 05:00:04+00:00,3.525122003029041e-05
2024-08-19 06:00:20+00:00,3.3408280653030597e-05
2024-08-19 07:00:20+00:00,4.343423079631661e-05
2024-08-19 08:00:21+00:00,5.080895260906379e-05
2024-08-19 09:00:21+00:00,4.743103963117914e-05
2024-08-19 10:00:23+00:00,3.781698563647093e-05
2024-08-19 11:00:19+00:00,3.454302475490905e-05
2024-08-19 12:00:22+00:00,2.6080977987515232e-05
2024-08-19 13:00:22+00:00,2.301393258032791e-05
2024-08-19 14:00:17+00:00,1.8357387151998547e-05
2024-08-19 15:00:21+00:00,1.561769167893607e-05
2024-08-19 16:00:22+00:00,1.4949286944489335e-05
2024-08-19 17:00:10+00:00,1.3045044426053497e-05
2024-08-19 18:00:24+00:00,2.3627206990267282e-05
2024-08-19 19:00:24+00:00,1.7018161445668715e-05
2024-08-19 20:00:25+00:00,1.8036750320062197e-05
2024-08-19 21:00:25+00:00,1.733558556105521e-05
2024-08-19 22:00:23+00:00,1.729926034926115e-05
2024-08-19 23:00:06+00:00,1.8315021938947685e-05
2024-08-20 00:00:05+00:00,2.0042683391909772e-05
2024-08-20 01:00:06+00:00,2.5313006006215886e-05
2024-08-20 02:00:08+00:00,2.3599703294553754e-05
2024-08-20 03:00:08+00:00,1.987195029995879e-05
2024-08-20 04:00:13+00:00,1.8799156934951244e-05
2024-08-20 05:00:00+00:00,1.8753572273625404e-05
2024-08-20 06:00:10+00:00,2.2186528301331444e-05
2024-08-20 07:00:09+00:00,1.949106339443154e-05
2024-08-20 08:00:10+00:00,1.9220228617274074e-05
2024-08-20 09:00:09+00:00,1.660539058819304e-05
2024-08-20 10:00:09+00:00,1.8672137068882828e-05
2024-08-20 11:00:10+00:00,1.783003318950069e-05
2024-08-20 12:00:14+00:00,1.6892199493761148e-05
2024-08-20 13:00:13+00:00,1.8323251590300053e-05
2024-08-20 14:00:15+00:00,2.1619234314663312e-05
2024-08-20 15:00:15+00:00,1.448061315136563e-05
2024-08-20 16:00:16+00:00,1.572791205690154e-05
2024-08-20 17:00:18+00:00,1.8024949410967292e-05
2024-08-20 18:00:12+00:00,1.9330168537400158e-05
2024-08-20 19:00:20+00:00,2.1735138467312446e-05
2024-08-20 20:00:16+00:00,2.6589013193984722e-05
2024-08-20 21:00:06+00:00,2.6746420413814345e-05
2024-08-20 22:00:23+00:00,2.498487727630302e-05
2024-08-20 23:00:14+00:00,2.5841131093319565e-05
2024-08-21 00:00:03+00:00,2.548099242262796e-05
2024-08-21 01:00:24+00:00,2.6090869553536698e-05
2024-08-21 02:00:23+00:00,2.63103469184106e-05
2024-08-21 03:00:23+00:00,2.8849677157475957e-05
2024-08-21 04:00:24+00:00,2.7059499808017825e-05
2024-08-21 05:00:23+00:00,2.6445170667866028e-05
2024-08-21 06:00:23+00:00,2.5839677378063008e-05
2024-08-21 07:00:24+00:00,2.710102010402946e-05
2024-08-21 08:00:25+00:00,2.6588370441575005e-05
2024-08-21 09:00:25+00:00,2.507569894257836e-05
2024-08-21 10:00:28+00:00,2.4959203506191556e-05
2024-08-21 11:00:27+00:00,2.7721987228106905e-05
2024-08-21 12:00:28+00:00,2.7380703328971457e-05
2024-08-21 13:00:16+00:00,2.6165982351693295e-05
2024-08-21 14:00:35+00:00,2.9403060482680783e-05
2024-08-21 15:00:49+00:00,2.6162527369069775e-05
2024-08-21 16:00:58+00:00,3.0386690572119335e-05
2024-08-21 17:00:54+00:00,3.2333483041351605e-05
2024-08-21 18:00:01+00:00,5.173675957962149e-05
2024-08-21 19:00:33+00:00,5.548060833951337e-05
2024-08-21 20:00:37+00:00,4.963697958876054e-05
2024-08-21 21:00:25+00:00,5.8224085474737514e-05
2024-08-21 22:01:04+00:00,4.5662896803015886e-05
2024-08-21 23:01:06+00:00,3.3815430473368574e-05
2024-08-22 00:00:31+00:00,3.169011230191898e-05
2024-08-22 01:00:24+00:00,3.0600276307190586e-05
2024-08-22 02:00:07+00:00,1.6156386721758172e-05
2024-08-22 03:00:11+00:00,2.952971267545873e-05
2024-08-22 04:00:21+00:00,3.3039644459917276e-05
2024-08-22 05:00:22+00:00,3.137814214528203e-05
2024-08-22 06:00:52+00:00,3.755878982683227e-05
2024-08-22 07:00:15+00:00,4.0361554448776166e-05
2024-08-22 08:00:35+00:00,4.1441918559232514e-05
2024-08-22 09:00:03+00:00,3.7143836528180466e-05
2024-08-22 10:00:28+00:00,4.0887319538189484e-05
2024-08-22 11:00:57+00:00,4.03026352154467e-05
2024-08-22 12:00:42+00:00,3.623896788591053e-05
2024-08-22 13:00:05+00:00,3.669333532172497e-05
2024-08-22 14:01:11+00:00,3.7800906817693246e-05
2024-08-22 15:00:39+00:00,4.718054011163877e-05
2024-08-22 16:00:47+00:00,9.356642802346089e-05
2024-08-22 17:00:15+00:00,0.0001021970740462476
2024-08-22 18:01:17+00:00,9.352243874466047e-05
2024-08-22 19:00:46+00:00,0.00010269312216895726
2024-08-22 20:01:07+00:00,0.00010044735611855893
2024-08-22 21:01:08+00:00,0.00010691202414904237
2024-08-22 22:01:10+00:00,9.554349512261674e-05
2024-08-22 23:00:29+00:00,0.00010560004379276582
2024-08-23 00:00:13+00:00,0.00010761834190140524
2024-08-23 01:00:59+00:00,9.682249140169557e-05
2024-08-23 02:00:21+00:00,8.947115521194075e-05
2024-08-23 03:00:43+00:00,9.637731335876422e-05
2024-08-23 04:00:47+00:00,9.568258757708273e-05
2024-08-23 05:00:07+00:00,0.00010484083124625803
2024-08-23 06:00:36+00:00,9.78759197241139e-05
2024-08-23 07:00:00+00:00,0.00011243823745077899
2024-08-23 08:00:41+00:00,0.0001165469366152048
2024-08-23 09:00:42+00:00,9.832204755379292e-05
2024-08-23 10:00:01+00:00,0.00010299151951797414
2024-08-23 11:00:01+00:00,0.00011623335698501065
2024-08-23 12:00:02+00:00,0.0001125383692916023
2024-08-23 13:00:02+00:00,8.756602449499922e-05
2024-08-23 14:00:04+00:00,8.264646469518742e-05
2024-08-23 15:00:08+00:00,4.6229163732506524e-05
2024-08-23 16:00:09+00:00,1.9723611718468334e-05
2024-08-23 17:00:10+00:00,1.1694227581040766e-05
2024-08-23 18:00:11+00:00,1.5062718004613834e-05
2024-08-23 19:00:12+00:00,2.0428934252226374e-05
2024-08-23 20:00:23+00:00,1.6331845437806324e-05
2024-08-23 21:00:22+00:00,1.656611284802995e-06
2024-08-23 22:00:23+00:00,-1.2012427187434493e-06
2024-08-23 23:00:29+00:00,-8.171464751985425e-06
2024-08-24 00:00:25+00:00,-1.7349938888681593e-05
2024-08-24 01:00:29+00:00,-1.2860720941548199e-05
2024-08-24 02:00:30+00:00,-4.466456248796654e-06
2024-08-24 03:00:31+00:00,-3.5230860212888173e-06
2024-08-24 04:00:35+00:00,-3.975538124267315e-06
2024-08-24 05:00:27+00:00,-9.571428452182507e-06
2024-08-24 06:00:35+00:00,-8.525722103586521e-06
2024-08-24 07:00:38+00:00,-5.638018454401654e-06
2024-08-24 08:00:31+00:00,-3.4271720915178663e-06
2024-08-24 09:00:38+00:00,-6.046558836645417e-07
2024-08-24 10:00:40+00:00,7.684959185067378e-06
2024-08-24 11:00:16+00:00,1.8624074249060493e-05
2024-08-24 12:00:46+00:00,1.8096337309522508e-05
2024-08-24 13:00:45+00:00,1.846483782703844e-05
2024-08-24 14:00:29+00:00,9.963651277166455e-06
2024-08-24 15:00:37+00:00,1.6412731146135573e-05
2024-08-24 16:00:18+00:00,2.0957353874921804e-05
2024-08-24 17:00:00+00:00,2.6291377815053927e-05
2024-08-24 18:00:38+00:00,2.017370002219513e-05
2024-08-24 19:00:15+00:00,2.5612703871418065e-05
2024-08-24 20:00:04+00:00,1.8719327852314526e-05
2024-08-24 21:00:05+00:00,1.7872615688457e-05
2024-08-24 22:00:39+00:00,1.758666558818712e-05
2024-08-24 23:00:39+00:00,1.810236650551023e-05
2024-08-25 00:00:40+00:00,1.910225068181122e-05
2024-08-25 01:00:24+00:00,1.6893540380795333e-05
2024-08-25 02:00:19+00:00,1.0839038230932941e-05
2024-08-25 03:00:07+00:00,1.1894525404395843e-05
2024-08-25 04:00:41+00:00,1.6169777382589887e-05
2024-08-25 05:00:34+00:00,1.38786788308264e-05
2024-08-25 06:00:21+00:00,1.0885909145106698e-05
2024-08-25 07:00:22+00:00,1.1158326879103047e-05
2024-08-25 08:00:23+00:00,1.1930347695159135e-05
2024-08-25 09:00:23+00:00,1.3515113014428154e-05
2024-08-25 10:00:29+00:00,1.345860916377484e-05
2024-08-25 11:00:28+00:00,1.1884158730725463e-05
2024-08-25 12:00:45+00:00,1.2531337432282973e-05
2024-08-25 13:00:32+00:00,1.2546680974176768e-05
2024-08-25 14:00:53+00:00,1.2957123409274202e-05
2024-08-25 15:00:02+00:00,1.1176359563803188e-05
2024-08-25 16:00:26+00:00,1.3229989002329854e-05
2024-08-25 17:00:04+00:00,1.158510223771068e-05
2024-08-25 18:00:20+00:00,9.651167700747785e-06
2024-08-25 19:00:43+00:00,7.986377439975266e-06
2024-08-25 20:01:10+00:00,9.539200221708904e-06
2024-08-25 21:00:51+00:00,9.940610455046813e-06
2024-08-25 22:00:19+00:00,1.5071857890612912e-05
2024-08-25 23:00:15+00:00,1.1855298399132282e-05
2024-08-26 00:00:15+00:00,1.190170546665781e-05
2024-08-26 01:00:15+00:00,1.4720801240221499e-05
2024-08-26 02:00:19+00:00,1.0951056127361314e-05
2024-08-26 03:00:37+00:00,5.429430410575978e-06
2024-08-26 04:00:57+00:00,4.6578027940031665e-06
2024-08-26 05:00:01+00:00,3.8637301351350235e-06
2024-08-26 06:00:42+00:00,3.6042758549711485e-06
2024-08-26 07:00:03+00:00,9.087250929677527e-06
2024-08-26 08:00:47+00:00,7.665420191533209e-06
2024-08-26 09:00:57+00:00,1.3019740346277146e-05
2024-08-26 10:00:32+00:00,1.6066878973267274e-05
2024-08-26 11:00:51+00:00,7.124629299133404e-06
2024-08-26 12:00:51+00:00,1.0334157082769997e-05
2024-08-26 13:00:41+00:00,8.78237123698751e-06
2024-08-26 14:00:49+00:00,1.580672494921167e-05
2024-08-26 15:00:13+00:00,1.8186479881921284e-05
2024-08-26 16:00:45+00:00,1.9050289154270513e-05
2024-08-26 17:00:14+00:00,1.907376797215008e-05
2024-08-26 18:00:17+00:00,2.079059433087671e-05
2024-08-26 19:00:28+00:00,1.739871645146116e-05
2024-08-26 20:00:36+00:00,2.0155362212744894e-05
2024-08-26 21:00:38+00:00,1.7761661806367685e-05
2024-08-26 22:00:40+00:00,1.5825565627747102e-05
2024-08-26 23:00:41+00:00,1.8425322786190972e-05
2024-08-27 00:00:20+00:00,1.5546119441024484e-05
2024-08-27 01:00:43+00:00,1.8598230558040223e-05
2024-08-27 02:00:00+00:00,1.9307134089012903e-05
2024-08-27 03:00:18+00:00,1.9355894732545717e-05
2024-08-27 04:00:37+00:00,1.8923452874515668e-05
2024-08-27 05:00:25+00:00,2.0058181495175602e-05
2024-08-27 06:00:10+00:00,2.207119624851147e-05
2024-08-27 07:00:30+00:00,1.8960954763896936e-05
2024-08-27 08:00:46+00:00,1.532832641205376e-05
2024-08-27 09:00:26+00:00,1.8186736842640033e-05
2024-08-27 10:00:43+00:00,2.0678451169459683e-05
2024-08-27 11:00:50+00:00,1.8159875815265224e-05
2024-08-27 12:00:03+00:00,1.8879407421208228e-05
2024-08-27 13:00:03+00:00,2.034493949841234e-05
2024-08-27 14:00:15+00:00,2.0652804954092932e-05
2024-08-27 15:00:14+00:00,2.0580764427901224e-05
2024-08-27 16:00:51+00:00,2.497149788399531e-05
2024-08-27 17:00:51+00:00,2.1916426155201203e-05
2024-08-27 18:00:18+00:00,2.1881565824475293e-05
2024-08-27 19:00:01+00:00,2.6488914567430083e-05
2024-08-27 20:00:28+00:00,2.8619603498400814e-05
2024-08-27 21:00:19+00:00,3.1264435544549703e-05
2024-08-27 22:00:56+00:00,2.0712775893084752e-07
2024-08-27 23:00:01+00:00,-5.172362709012252e-06
2024-08-28 00:00:10+00:00,1.3361719793968313e-05
2024-08-28 01:00:11+00:00,9.847919593684213e-06
2024-08-28 02:00:12+00:00,1.2159808743428604e-05
2024-08-28 03:00:21+00:00,9.126959604597038e-06
2024-08-28 04:00:18+00:00,1.0203548792703552e-05
2024-08-28 05:00:03+00:00,8.145790897053989e-06
2024-08-28 06:00:21+00:00,8.301576721491578e-06
2024-08-28 07:00:51+00:00,7.487363754675617e-06
2024-08-28 08:00:41+00:00,4.336546267321742e-06
2024-08-28 09:00:21+00:00,5.43623843814506e-06
2024-08-28 10:00:10+00:00,1.589816806627152e-05
2024-08-28 11:00:04+00:00,9.836033433064014e-06
2024-08-28 12:00:33+00:00,7.016926252462022e-06
2024-08-28 13:00:12+00:00,7.191092302049234e-06
2024-08-28 14:00:48+00:00,1.4774239653071391e-05
2024-08-28 15:01:07+00:00,1.5767197009930505e-05
2024-08-28 16:00:39+00:00,1.2409326110225444e-05
2024-08-28 17:00:29+00:00,1.816662306677131e-05
2024-08-28 18:00:04+00:00,1.886667903236824e-05
2024-08-28 19:00:04+00:00,2.7835312934802397e-05
2024-08-28 20:00:05+00:00,2.2626526139024285e-05
2024-08-28 21:00:33+00:00,2.48758127092671e-05
2024-08-28 22:00:38+00:00,2.2736901717625935e-05
2024-08-28 23:00:41+00:00,1.8501014310777543e-05
2024-08-29 00:00:00+00:00,1.8779203111533686e-05
2024-08-29 01:00:53+00:00,1.923659077323825e-05
2024-08-29 02:00:54+00:00,1.927106671648292e-05
2024-08-29 03:00:54+00:00,2.2111475960889457e-05
2024-08-29 04:00:56+00:00,2.187671883661107e-05
2024-08-29 05:00:42+00:00,2.0827658626416042e-05
2024-08-29 06:00:06+00:00,2.1565788601417015e-05
2024-08-29 07:00:27+00:00,2.2004390276787367e-05
2024-08-29 08:00:43+00:00,2.1721374261046722e-05
2024-08-29 09:00:47+00:00,2.205163069406222e-05
2024-08-29 10:00:52+00:00,2.126430250144022e-05
2024-08-29 11:00:43+00:00,2.182729665908834e-05
2024-08-29 12:00:01+00:00,2.3130991950448973e-05
2024-08-29 13:00:21+00:00,3.5454509955661896e-05
2024-08-29 14:00:00+00:00,4.445287420668636e-05
2024-08-29 15:00:13+00:00,4.3975472238321627e-05
2024-08-29 16:00:04+00:00,3.317353192122285e-05
2024-08-29 17:00:00+00:00,3.0593087857190534e-05
2024-08-29 18:00:01+00:00,3.3255538349209706e-05
2024-08-29 19:01:05+00:00,1.6773215355165192e-05
2024-08-29 20:00:36+00:00,2.4734414507616023e-05
2024-08-29 21:00:30+00:00,3.311867843226166e-05
2024-08-29 22:00:04+00:00,3.844226425780361e-05
2024-08-29 23:00:19+00:00,3.308402939268278e-05
2024-08-30 00:00:48+00:00,3.5076354201012454e-05
2024-08-30 01:00:24+00:00,3.216094526449412e-05
2024-08-30 02:00:36+00:00,3.2381094211593795e-05
2024-08-30 03:00:36+00:00,3.171157003744309e-05
2024-08-30 04:00:48+00:00,3.095944203594419e-05
2024-08-30 05:00:14+00:00,3.171930279135308e-05
2024-08-30 06:00:14+00:00,3.2120478001727315e-05
2024-08-30 07:00:02+00:00,3.238296776626919e-05
2024-08-30 08:00:31+00:00,3.327474979766416e-05
2024-08-30 09:00:11+00:00,3.461391169268277e-05
2024-08-30 10:00:55+00:00,3.132552123894625e-05
2024-08-30 11:00:04+00:00,3.2837613095361234e-05
2024-08-30 12:00:08+00:00,3.221351967725406e-05
2024-08-30 13:00:07+00:00,3.3600164236908494e-05
2024-08-30 14:00:09+00:00,2.7289515963374493e-05
2024-08-30 15:00:19+00:00,2.139036167370991e-05
2024-08-30 16:00:10+00:00,-3.5808261095074706e-05
2024-08-30 17:00:14+00:00,-3.112511359966704e-05
2024-08-30 18:00:15+00:00,-2.7984568432926287e-05
2024-08-30 19:00:15+00:00,-1.995374885304023e-05
2024-08-30 20:00:19+00:00,-4.275637626706262e-05
2024-08-30 21:00:18+00:00,-3.506771181215115e-05
2024-08-30 22:00:17+00:00,-3.887618629942831e-05
2024-08-30 23:00:13+00:00,-3.639628049376283e-05
2024-08-31 00:00:19+00:00,-4.1343845119578255e-05
2024-08-31 01:00:50+00:00,-4.1994872927103565e-05
2024-08-31 02:00:34+00:00,-3.9393686439676626e-05
2024-08-31 03:00:34+00:00,-4.415831429048004e-05
2024-08-31 04:00:32+00:00,-4.311803665621929e-05
2024-08-31 05:00:56+00:00,-4.0693640371476845e-05
2024-08-31 06:00:22+00:00,-4.206351601426556e-05
2024-08-31 07:00:20+00:00,-4.338640273956775e-05
2024-08-31 08:00:50+00:00,-4.203706327300552e-05
2024-08-31 09:00:48+00:00,-4.0058198080063895e-05
2024-08-31 10:00:27+00:00,-4.112608079588577e-05
2024-08-31 11:00:25+00:00,-4.145394478766722e-05
2024-08-31 12:00:02+00:00,-4.1187977143337134e-05
2024-08-31 13:00:31+00:00,-3.926334127975015e-05
2024-08-31 14:00:06+00:00,-4.301033988304417e-05
2024-08-31 15:00:05+00:00,-3.994559410497142e-05
2024-08-31 16:00:05+00:00,-3.355725592019929e-05
2024-08-31 17:00:05+00:00,-3.506821136195747e-05
2024-08-31 18:00:05+00:00,-4.1565097137734135e-05
2024-08-31 19:00:05+00:00,-3.6323458011353064e-05
2024-08-31 20:00:07+00:00,-6.951310426375775e-05
2024-08-31 21:00:08+00:00,-7.122024023086344e-05
2024-08-31 22:00:09+00:00,-7.595629771210123e-05
2024-08-31 23:00:06+00:00,-7.526494716634209e-05
2024-09-01 00:00:10+00:00,-7.49805544026864e-05
2024-09-01 01:00:09+00:00,-5.428710540482495e-05
2024-09-01 02:00:12+00:00,-2.410445839709523e-05
2024-09-01 03:00:12+00:00,-2.1804663539558168e-05
2024-09-01 04:00:16+00:00,-2.5448544855034097e-05
2024-09-01 05:00:17+00:00,-3.050079841670218e-05
2024-09-01 06:00:10+00:00,-5.136306577078162e-05
2024-09-01 07:00:03+00:00,-6.851686210550357e-05
2024-09-01 08:00:19+00:00,-7.571581244770345e-05
2024-09-01 09:00:21+00:00,-7.167252886792401e-05
2024-09-01 10:00:21+00:00,-7.432717113632163e-05
2024-09-01 11:00:25+00:00,-6.684434769064248e-05
2024-09-01 12:00:24+00:00,-6.731114713405228e-05
2024-09-01 13:00:25+00:00,-8.520343266029314e-05
2024-09-01 14:00:26+00:00,-7.417626077623594e-05
2024-09-01 15:00:27+00:00,-8.823931777267634e-05
2024-09-01 16:00:27+00:00,-6.560009748142324e-05
2024-09-01 17:00:09+00:00,-7.809976274692886e-05
2024-09-01 18:00:09+00:00,-7.715455155750056e-05
2024-09-01 19:00:31+00:00,-6.36770111200744e-05
2024-09-01 20:00:16+00:00,-6.129843484921726e-05
2024-09-01 21:00:13+00:00,-5.606195843487047e-05
2024-09-01 22:00:16+00:00,-8.212144120314858e-05
2024-09-01 23:00:44+00:00,-0.00010132524064858993
2024-09-02 00:00:02+00:00,-8.56084351941056e-05
2024-09-02 01:00:40+00:00,-7.955939351981232e-05
2024-09-02 02:00:22+00:00,-5.9279074278058476e-05
2024-09-02 03:00:12+00:00,-6.069549760524575e-05
2024-09-02 04:00:02+00:00,-6.206319179448689e-05
2024-09-02 05:00:02+00:00,-8.16976290207363e-05
2024-09-02 06:00:01+00:00,-6.619803050082194e-05
2024-09-02 07:00:23+00:00,-8.948737513308778e-05
2024-09-02 08:00:24+00:00,-9.307330949478385e-05
2024-09-02 09:00:07+00:00,-7.450564395173161e-05
2024-09-02 10:00:56+00:00,-6.361887631087341e-05
2024-09-02 11:00:32+00:00,-6.891050167892331e-05
2024-09-02 12:00:30+00:00,-7.722585968803607e-05
2024-09-02 13:00:17+00:00,-8.250581655944557e-05
2024-09-02 14:00:35+00:00,-7.865115623669615e-05
2024-09-02 15:00:22+00:00,-5.7603733820015086e-05
2024-09-02 16:00:14+00:00,-7.075424757559903e-05
2024-09-02 17:00:29+00:00,-7.637092329214685e-05
2024-09-02 18:00:51+00:00,-5.63055815716864e-05
2024-09-02 19:00:57+00:00,-6.872369410684158e-05
2024-09-02 20:00:15+00:00,-6.789500510496872e-05
2024-09-02 21:00:57+00:00,-4.8542692766395746e-05
2024-09-02 22:00:26+00:00,-6.06494412920102e-05
2024-09-02 23:00:49+00:00,-5.406819873464832e-05
2024-09-03 00:00:23+00:00,-3.703405847010224e-05
2024-09-03 01:00:25+00:00,-1.0277164837204079e-05
2024-09-03 02:00:56+00:00,-1.6370432884458233e-05
2024-09-03 03:00:03+00:00,-4.622465876453583e-05
2024-09-03 04:00:16+00:00,-5.4058573796463505e-05
2024-09-03 05:00:37+00:00,-5.9783889410121934e-05
2024-09-03 06:00:21+00:00,-6.641804559842963e-05
2024-09-03 07:01:01+00:00,-7.292066962578534e-05
2024-09-03 08:00:36+00:00,-6.633030012838739e-05
2024-09-03 09:00:26+00:00,-8.105394415382062e-05
2024-09-03 10:01:09+00:00,-6.255964846353867e-05
2024-09-03 11:00:45+00:00,-6.313143494075542e-05
2024-09-03 12:00:41+00:00,-6.120643304677598e-05
2024-09-03 13:00:49+00:00,-5.300193679993934e-05
2024-09-03 14:00:41+00:00,-8.280643191117906e-05
2024-09-03 15:00:17+00:00,-3.3702070823622164e-05
2024-09-03 16:00:21+00:00,-5.546915949887781e-05
2024-09-03 17:01:00+00:00,-4.939207709687924e-05
2024-09-03 18:01:08+00:00,-4.684347809109402e-05
2024-09-03 19:00:08+00:00,-4.2153917709131046e-05
2024-09-03 20:00:10+00:00,-3.702813759355908e-05
2024-09-03 21:00:12+00:00,-7.400054455727888e-05
2024-09-03 22:00:06+00:00,-9.004492176769325e-05
2024-09-03 23:00:10+00:00,-8.843179775949381e-05
2024-09-04 00:00:10+00:00,-9.147045840205887e-05
2024-09-04 01:00:04+00:00,-8.830682030387503e-05
2024-09-04 02:00:14+00:00,-5.8957051596974446e-05
2024-09-04 03:00:06+00:00,-6.304741754347867e-05
2024-09-04 04:00:06+00:00,-6.431459918244773e-05
2024-09-04 05:00:10+00:00,-5.154445110117881e-05
2024-09-04 06:00:16+00:00,-5.15423956353589e-05
2024-09-04 07:00:13+00:00,-5.0817376796727085e-05
2024-09-04 08:00:03+00:00,-4.261137676143624e-05
2024-09-04 09:00:09+00:00,-3.070431985805964e-05
2024-09-04 10:00:11+00:00,-2.9319742951802e-05
2024-09-04 11:00:09+00:00,-3.08399119423028e-05
2024-09-04 12:00:11+00:00,-2.8163630919308295e-05
2024-09-04 13:00:12+00:00,-2.7606615734680348e-05
2024-09-04 14:00:14+00:00,-2.6132666708459263e-05
2024-09-04 15:00:14+00:00,-2.1002905052827597e-05
2024-09-04 16:00:15+00:00,-2.0968705426262085e-05
2024-09-04 17:00:19+00:00,-1.9876881856571403e-05
2024-09-04 18:00:19+00:00,-3.0295174138627845e-05
2024-09-04 19:00:00+00:00,-2.7969391345082306e-05
2024-09-04 20:00:04+00:00,-2.6605968247199886e-05
2024-09-04 21:00:04+00:00,-2.653457826304796e-05
2024-09-04 22:00:04+00:00,-2.647678849679127e-05
2024-09-04 23:00:04+00:00,-2.608182944990481e-05
2024-09-05 00:00:06+00:00,-2.7034870422746716e-05
2024-09-05 01:00:06+00:00,-2.6643528907624978e-05
2024-09-05 02:00:06+00:00,-3.164507463603095e-05
2024-09-05 03:00:06+00:00,-5.679941825974579e-05
2024-09-05 04:00:09+00:00,-7.439115950792751e-05
2024-09-05 05:00:08+00:00,-6.612530057021457e-05
2024-09-05 06:00:12+00:00,-6.298014337479025e-05
2024-09-05 07:00:12+00:00,-6.656587270180986e-05
2024-09-05 08:00:01+00:00,-6.69219035155142e-05
2024-09-05 09:00:02+00:00,-7.166227380555151e-05
2024-09-05 10:00:02+00:00,-6.961228302222321e-05
2024-09-05 11:00:06+00:00,-6.787584826046756e-05
2024-09-05 12:00:08+00:00,-6.741366853181498e-05
2024-09-05 13:00:17+00:00,-6.535107743887666e-05
2024-09-05 14:00:00+00:00,-6.375782876486822e-05
2024-09-05 15:00:07+00:00,-7.278374124105718e-05
2024-09-05 16:00:07+00:00,-4.0253419373866616e-05
2024-09-05 17:00:15+00:00,-3.475624832634338e-05
2024-09-05 18:00:18+00:00,-4.707032655006086e-05
2024-09-05 19:01:02+00:00,-8.537761705007909e-05
2024-09-05 20:37:23+00:00,-5.950182908569145e-05
2024-09-05 22:00:54+00:00,1.854273605675514e-05
2024-09-05 23:00:09+00:00,-2.728305604312625e-05
2024-09-06 00:00:13+00:00,-4.345600743141446e-05
2024-09-06 01:00:13+00:00,-4.993204969079534e-05
2024-09-06 02:00:13+00:00,-4.871396540247583e-05
2024-09-06 03:00:12+00:00,-4.884508187351954e-05
2024-09-06 04:00:12+00:00,-5.0658018132828215e-05
2024-09-06 05:00:12+00:00,-5.142384226050157e-05
2024-09-06 06:00:17+00:00,-5.052371862349889e-05
2024-09-06 07:00:16+00:00,-4.8126575727919616e-05
2024-09-06 08:00:18+00:00,-8.477260575532183e-05
2024-09-06 09:00:08+00:00,-0.00010880679031257594
2024-09-06 10:00:08+00:00,-0.00011805254805149001
2024-09-06 11:00:08+00:00,-0.00012066942646517446
2024-09-06 12:00:03+00:00,-0.0001218093806374629
2024-09-06 13:00:16+00:00,-0.00011702552564197362
2024-09-06 14:00:30+00:00,-0.00013935977003958912
2024-09-06 15:00:08+00:00,-0.00014869412978937578
2024-09-06 16:00:12+00:00,-0.0001280751283562007
2024-09-06 17:00:04+00:00,-0.00012707554331993934
2024-09-06 18:00:03+00:00,-0.00011153209008197281
2024-09-06 19:00:05+00:00,-0.00011330717746459114
2024-09-06 20:00:00+00:00,-0.00010117560405491986
2024-09-06 21:03:00+00:00,-0.00010847839745956008
2024-09-06 22:00:12+00:00,-9.817957744585374e-05
2024-09-06 23:00:12+00:00,-0.0001028799760880338
2024-09-07 00:00:13+00:00,-0.00010047383439357051
2024-09-07 01:00:12+00:00,-9.797174091463818e-05
2024-09-07 02:00:14+00:00,-7.674616108905997e-05
2024-09-07 03:00:15+00:00,-7.520549627089299e-05
2024-09-07 04:00:16+00:00,-7.503194443378997e-05
2024-09-07 05:00:17+00:00,-7.544468599639004e-05
2024-09-07 06:00:17+00:00,-7.283484366396469e-05
2024-09-07 07:00:17+00:00,-7.205548599094748e-05
2024-09-07 08:00:17+00:00,-7.427749545005977e-05
2024-09-07 09:00:16+00:00,-7.510021068063609e-05
2024-09-07 10:00:19+00:00,-6.96214753464403e-05
2024-09-07 11:00:04+00:00,-7.32895116042423e-05
2024-09-07 12:00:06+00:00,-7.416729286661846e-05
2024-09-07 13:00:06+00:00,-7.41301222282438e-05
2024-09-07 14:00:06+00:00,-7.447811656224589e-05
2024-09-07 15:00:11+00:00,-7.448332377578592e-05
2024-09-07 16:00:10+00:00,-7.434725760524527e-05
2024-09-07 17:00:10+00:00,-8.047973763121265e-05
2024-09-07 18:00:14+00:00,-7.641664176735234e-05
2024-09-07 19:00:14+00:00,-7.429768118640009e-05
2024-09-07 20:00:14+00:00,-7.440375158242772e-05
2024-09-07 21:00:20+00:00,-7.799981535272315e-05
2024-09-07 22:00:06+00:00,-7.585733897098452e-05
2024-09-07 23:00:08+00:00,-7.777635665502604e-05
2024-09-08 00:00:15+00:00,-7.521129054884412e-05
2024-09-08 01:00:15+00:00,-7.61044024915749e-05
2024-09-08 02:00:18+00:00,-7.506218956983588e-05
2024-09-08 03:00:18+00:00,-7.398364359307743e-05
2024-09-08 04:00:18+00:00,-7.436809228810137e-05
2024-09-08 05:00:18+00:00,-6.178631414894955e-05
2024-09-08 06:00:02+00:00,-3.471266805892039e-05
2024-09-08 07:00:05+00:00,-3.538241311469391e-05
2024-09-08 08:00:07+00:00,-3.456838882352443e-05
2024-09-08 09:00:11+00:00,-3.464677333842449e-05
2024-09-08 10:00:11+00:00,-3.539204687213271e-05
2024-09-08 11:00:12+00:00,1.0767189591596868e-05
2024-09-08 12:00:11+00:00,3.571070607615623e-05
2024-09-08 13:00:12+00:00,4.491786537712443e-05
2024-09-08 14:00:15+00:00,4.835738243082328e-05
2024-09-08 15:00:07+00:00,4.4042063950299906e-05
2024-09-08 16:00:07+00:00,4.784507136739727e-05
2024-09-08 17:00:11+00:00,4.998091145100137e-05
2024-09-08 18:00:11+00:00,5.1014453256049104e-05
2024-09-08 19:00:12+00:00,5.0542225485812895e-05
2024-09-08 20:00:16+00:00,5.0087054131353456e-05
2024-09-08 21:00:16+00:00,5.0116526879368537e-05
2024-09-08 22:00:17+00:00,5.014353692276942e-05
2024-09-08 23:00:17+00:00,5.191933608388283e-05
2024-09-09 00:00:17+00:00,5.1175050247266895e-05
2024-09-09 01:00:18+00:00,5.062812661259512e-05
2024-09-09 02:00:16+00:00,5.0468980713618854e-05
2024-09-09 03:00:17+00:00,5.0225733525278164e-05
2024-09-09 04:00:17+00:00,5.031853653137844e-05
2024-09-09 05:00:17+00:00,5.0336007862712496e-05
2024-09-09 06:00:19+00:00,5.0309422708798976e-05
2024-09-09 07:00:19+00:00,5.27652063315038e-05
2024-09-09 08:00:18+00:00,6.63447212074204e-05
2024-09-09 09:00:17+00:00,6.176132191933069e-05
2024-09-09 10:00:19+00:00,3.7292855880129154e-05
2024-09-09 11:00:13+00:00,8.921234744231979e-06
2024-09-09 12:00:14+00:00,1.6329746871834458e-05
2024-09-09 13:00:13+00:00,1.9891447636298366e-05
2024-09-09 14:00:16+00:00,2.0929428659897284e-05
2024-09-09 15:00:14+00:00,2.1838638666620078e-05
2024-09-09 16:00:03+00:00,2.0053595380869178e-05
2024-09-09 17:00:03+00:00,2.6858960350640465e-05
2024-09-09 18:00:06+00:00,1.903301186263632e-05
2024-09-09 19:00:10+00:00,1.6285229791740473e-05
2024-09-09 20:00:15+00:00,1.4534225241269978e-05
2024-09-09 21:00:14+00:00,1.4102915743130725e-05
2024-09-09 22:00:17+00:00,1.563776829083883e-05
2024-09-09 23:00:15+00:00,1.6461099978136827e-05
2024-09-10 00:00:15+00:00,1.672685497393542e-05
2024-09-10 01:00:15+00:00,1.685259627506482e-05
2024-09-10 02:00:03+00:00,1.6444282982162436e-05
2024-09-10 03:00:02+00:00,1.644227335731811e-05
2024-09-10 04:00:01+00:00,1.614685174036369e-05
2024-09-10 05:00:01+00:00,1.635624282389606e-05
2024-09-10 06:00:03+00:00,1.6451761118043376e-05
2024-09-10 07:00:02+00:00,9.652223867924637e-06
2024-09-10 08:00:00+00:00,1.5542729990428763e-05
2024-09-10 09:00:19+00:00,1.6739073185753722e-05
2024-09-10 10:00:03+00:00,1.6845303537997402e-05
2024-09-10 11:00:03+00:00,1.6356035949386897e-05
2024-09-10 12:00:04+00:00,1.56453694674188e-05
2024-09-10 13:00:10+00:00,1.5606344890855905e-05
2024-09-10 14:00:17+00:00,6.160671457790613e-06
2024-09-10 15:00:16+00:00,-5.885084327264519e-07
2024-09-10 16:00:01+00:00,3.3226808846499873e-06
2024-09-10 17:00:18+00:00,1.3564031813635e-05
2024-09-10 18:00:01+00:00,2.5054772102830592e-05
2024-09-10 19:00:07+00:00,2.8438827465067323e-05
2024-09-10 20:00:08+00:00,1.1362429528639453e-05
2024-09-10 21:00:11+00:00,-4.883200916678634e-06
2024-09-10 22:00:13+00:00,-1.0937051745699443e-05
2024-09-10 23:00:07+00:00,-1.3158480727540625e-05
2024-09-11 00:00:09+00:00,-1.4150807189943997e-05
2024-09-11 01:00:11+00:00,-1.4233471142045453e-05
2024-09-11 02:00:17+00:00,-4.833133563812695e-06
2024-09-11 03:00:19+00:00,4.899174864752361e-06
2024-09-11 04:00:01+00:00,1.3983448768618459e-05
2024-09-11 05:00:13+00:00,2.7722879453277418e-05
2024-09-11 06:00:13+00:00,3.593350869335447e-05
2024-09-11 07:00:01+00:00,3.791296744686575e-05
2024-09-11 08:00:02+00:00,4.280668920753056e-05
2024-09-11 09:00:02+00:00,4.5878054584484695e-05
2024-09-11 10:00:04+00:00,4.032667315282972e-05
2024-09-11 11:00:06+00:00,3.2932443506612304e-05
2024-09-11 12:00:07+00:00,3.0162398212764494e-05
2024-09-11 13:00:13+00:00,3.0252073745264172e-05
2024-09-11 14:00:15+00:00,3.049830812980943e-05
2024-09-11 15:00:17+00:00,2.9896270924172412e-05
2024-09-11 16:00:20+00:00,2.8376057168954325e-05
2024-09-11 17:00:00+00:00,2.7357190408838764e-05
2024-09-11 18:00:00+00:00,2.4051670698507424e-05
2024-09-11 19:00:02+00:00,1.9475810628820053e-05
2024-09-11 20:00:01+00:00,1.7440002897070922e-05
2024-09-11 21:00:01+00:00,1.6534491308053785e-05
2024-09-11 22:00:00+00:00,1.582722445976964e-05
2024-09-11 23:00:00+00:00,1.6005477469731413e-05
2024-09-12 00:00:06+00:00,1.8301674247660484e-05
2024-09-12 01:00:05+00:00,2.0393360362803392e-05
2024-09-12 02:00:06+00:00,2.1304302352567548e-05
2024-09-12 03:00:05+00:00,2.100789304657282e-05
2024-09-12 04:00:12+00:00,2.0717529787013482e-05
2024-09-12 05:00:06+00:00,2.0059559683833664e-05
2024-09-12 06:00:05+00:00,2.2451114767638297e-05
2024-09-12 07:00:07+00:00,2.3463208201778045e-05
2024-09-12 08:00:12+00:00,2.011527554734599e-05
2024-09-12 09:00:16+00:00,1.89467378990843e-05
2024-09-12 10:00:13+00:00,2.4725376891204682e-05
2024-09-12 11:00:14+00:00,5.175355690016119e-05
2024-09-12 12:00:13+00:00,0.00010331162384112947
2024-09-12 13:00:15+00:00,0.00012983771430124727
2024-09-12 14:00:13+00:00,0.00015340455195807232
2024-09-12 15:00:04+00:00,0.00014696411938002333
2024-09-12 16:00:04+00:00,0.00014398322434337694
2024-09-12 17:00:06+00:00,0.00011595589652131276
2024-09-12 18:00:06+00:00,0.0001253848631722464
2024-09-12 19:00:12+00:00,0.00012950663224275098
2024-09-12 20:00:05+00:00,0.00013963188621656254
2024-09-12 21:00:05+00:00,0.0001344107592803608
2024-09-12 22:00:05+00:00,0.00013032442503833888
2024-09-12 23:00:04+00:00,0.0001280403906369196
2024-09-13 00:00:14+00:00,0.00012121216629807071
2024-09-13 01:00:18+00:00,0.00012629728151981537
2024-09-13 02:00:18+00:00,0.00012794942290032883
2024-09-13 03:00:04+00:00,0.0001267324209211998
2024-09-13 04:00:08+00:00,0.0001160414852045058
2024-09-13 05:00:08+00:00,0.00011653832024628076
2024-09-13 06:00:09+00:00,0.00010600325584006287
2024-09-13 07:00:10+00:00,9.846447221310809e-05
2024-09-13 08:00:13+00:00,0.00011100110496244167
2024-09-13 09:00:13+00:00,0.00011525567075942761
2024-09-13 10:00:15+00:00,0.00012879665809229242
2024-09-13 11:00:12+00:00,0.0001289329927156324
2024-09-13 12:00:00+00:00,0.0001068753430008059
2024-09-13 13:00:03+00:00,0.00010226873508561966
2024-09-13 14:00:07+00:00,8.573559206872516e-05
2024-09-13 15:00:07+00:00,8.464922350060726e-05
2024-09-13 16:00:06+00:00,9.933624927767986e-05
2024-09-13 17:00:18+00:00,9.356136499558998e-05
2024-09-13 18:00:14+00:00,7.942819483329323e-05
2024-09-13 19:00:14+00:00,7.537321045709367e-05
2024-09-13 20:00:16+00:00,6.728559578680963e-05
2024-09-13 21:00:15+00:00,6.692193928302695e-05
2024-09-13 22:00:01+00:00,6.759901733834593e-05
2024-09-13 23:00:04+00:00,6.0403707856808105e-05
2024-09-14 00:00:02+00:00,3.642586161678205e-05
2024-09-14 01:00:08+00:00,2.5122064905285845e-05
2024-09-14 02:00:10+00:00,1.993033273018868e-05
2024-09-14 03:00:16+00:00,1.314017236233013e-05
2024-09-14 04:00:11+00:00,4.072995186897804e-06
2024-09-14 05:00:14+00:00,1.2104153893854599e-05
2024-09-14 06:00:20+00:00,1.5499650175561913e-05
2024-09-14 07:00:00+00:00,1.7265806479873682e-05
2024-09-14 08:00:02+00:00,1.6423710801961258e-05
2024-09-14 09:00:04+00:00,9.166647052603512e-06
2024-09-14 10:00:07+00:00,8.690709618557772e-06
2024-09-14 11:00:07+00:00,9.528059190194933e-06
2024-09-14 12:00:07+00:00,1.0470038363627814e-05
2024-09-14 13:00:08+00:00,1.0541264072334012e-05
2024-09-14 14:00:12+00:00,1.0558500302558706e-05
2024-09-14 15:00:11+00:00,1.1413435413505554e-05
2024-09-14 16:00:15+00:00,1.143689978569374e-05
2024-09-14 17:00:18+00:00,1.2722236349925514e-05
2024-09-14 18:00:05+00:00,4.658154947172288e-05
2024-09-14 19:00:05+00:00,5.934350585111351e-05
2024-09-14 20:00:09+00:00,6.393838235118721e-05
2024-09-14 21:00:12+00:00,6.566683100868892e-05
2024-09-14 22:00:13+00:00,6.636657190207025e-05
2024-09-14 23:00:16+00:00,6.667036639625891e-05
2024-09-15 00:00:15+00:00,6.673982738933452e-05
2024-09-15 01:00:15+00:00,6.679391676255093e-05
2024-09-15 02:00:14+00:00,6.682020256662172e-05
2024-09-15 03:00:15+00:00,6.681436872404807e-05
2024-09-15 04:00:16+00:00,6.678929949272463e-05
2024-09-15 05:00:02+00:00,6.455286718717338e-05
2024-09-15 06:00:02+00:00,6.603685697333582e-05
2024-09-15 07:00:00+00:00,6.663968129603537e-05
2024-09-15 08:00:05+00:00,6.660834330316434e-05
2024-09-15 09:00:03+00:00,6.67438224662282e-05
2024-09-15 10:00:15+00:00,6.682331736929323e-05
2024-09-15 11:00:00+00:00,6.68343068763633e-05
2024-09-15 12:00:01+00:00,6.380981034983609e-05
2024-09-15 13:00:19+00:00,3.953908905202253e-05
2024-09-15 14:00:17+00:00,3.016607552174137e-05
2024-09-15 15:00:00+00:00,2.659375744779306e-05
2024-09-15 16:00:00+00:00,2.541521895388575e-05
2024-09-15 17:00:16+00:00,2.5022628954606748e-05
2024-09-15 18:00:01+00:00,2.478091626233484e-05
2024-09-15 19:00:05+00:00,2.510672267676054e-05
2024-09-15 20:00:06+00:00,2.480619639071556e-05
2024-09-15 21:00:08+00:00,2.8339800268307084e-05
2024-09-15 22:00:02+00:00,3.352138639885269e-05
2024-09-15 23:00:01+00:00,3.796271093306895e-05
2024-09-16 00:00:17+00:00,4.160681788944877e-05
2024-09-16 01:00:15+00:00,4.2408409166690944e-05
2024-09-16 02:00:00+00:00,4.260407273505195e-05
2024-09-16 03:00:01+00:00,4.213940102757155e-05
2024-09-16 04:00:02+00:00,4.722444634783846e-05
2024-09-16 05:00:01+00:00,4.258088811585471e-05
2024-09-16 06:00:03+00:00,4.0696607287989486e-05
2024-09-16 07:00:02+00:00,4.015818270606005e-05
2024-09-16 08:00:01+00:00,4.575930229149161e-05
2024-09-16 09:00:04+00:00,4.950321279938466e-05
2024-09-16 10:00:04+00:00,4.9980359855301244e-05
2024-09-16 11:00:05+00:00,5.050967898485776e-05
2024-09-16 12:00:05+00:00,4.944214892672971e-05
2024-09-16 13:00:07+00:00,4.9686746630551396e-05
2024-09-16 14:00:06+00:00,3.8581023910159296e-05
2024-09-16 15:00:12+00:00,2.2512061165045418e-05
2024-09-16 16:00:15+00:00,1.5469439905524477e-05
2024-09-16 17:00:16+00:00,1.2083889598225084e-05
2024-09-16 18:00:21+00:00,1.253270882277945e-05
2024-09-16 19:00:12+00:00,1.045395241120887e-05
2024-09-16 20:00:12+00:00,1.0270179729812647e-05
2024-09-16 21:00:16+00:00,9.773400142071864e-06
2024-09-16 22:00:15+00:00,9.610723258675264e-06
2024-09-16 23:00:15+00:00,9.450431327402988e-06
2024-09-17 00:00:15+00:00,9.191556823025843e-06
2024-09-17 01:00:20+00:00,9.206451333557677e-06
2024-09-17 02:00:01+00:00,9.997525336722802e-06
2024-09-17 03:00:01+00:00,9.566961438688001e-06
2024-09-17 04:00:09+00:00,9.256586527258659e-06
2024-09-17 05:00:07+00:00,9.005563173325953e-06
2024-09-17 06:00:05+00:00,9.055858527710502e-06
2024-09-17 07:00:08+00:00,8.588170863726638e-06
2024-09-17 08:00:10+00:00,8.856194390774595e-06
2024-09-17 09:00:01+00:00,9.017263923079838e-06
2024-09-17 10:00:02+00:00,9.653998321092872e-06
2024-09-17 11:00:02+00:00,9.957834208636354e-06
2024-09-17 12:00:06+00:00,9.378741788482048e-06
2024-09-17 13:00:05+00:00,9.790815644824403e-06
2024-09-17 14:00:15+00:00,1.3095834358107453e-05
2024-09-17 15:00:16+00:00,2.170468095431591e-05
2024-09-17 16:00:17+00:00,2.432769819708226e-05
2024-09-17 17:00:18+00:00,2.226008659448696e-05
2024-09-17 18:00:17+00:00,2.0092905175648124e-05
2024-09-17 19:00:04+00:00,2.6241581549531897e-05
2024-09-17 20:00:09+00:00,2.8064883769820883e-05
2024-09-17 21:00:15+00:00,2.8204808877559574e-05
2024-09-17 22:00:16+00:00,2.79142212840879e-05
2024-09-17 23:00:12+00:00,2.7801968993001984e-05
2024-09-18 00:00:14+00:00,2.7488375252200436e-05
2024-09-18 01:00:15+00:00,2.7691720270150217e-05
2024-09-18 02:00:19+00:00,2.7393490674787822e-05
2024-09-18 03:00:21+00:00,2.7437513777787684e-05
2024-09-18 04:00:17+00:00,2.751436918769873e-05
2024-09-18 05:00:00+00:00,3.05910917177262e-05
2024-09-18 06:00:01+00:00,3.1506503477528386e-05
2024-09-18 07:00:01+00:00,3.2768889070291084e-05
2024-09-18 08:00:03+00:00,3.325746822530974e-05
2024-09-18 09:00:02+00:00,3.289232498222346e-05
2024-09-18 10:00:04+00:00,2.759446187312976e-05
2024-09-18 11:00:06+00:00,2.5324362175045048e-05
2024-09-18 12:00:09+00:00,3.0504825757313125e-05
2024-09-18 13:00:10+00:00,3.139654971565539e-05
2024-09-18 14:00:09+00:00,3.169586951366811e-05
2024-09-18 15:00:00+00:00,3.151607580129215e-05
2024-09-18 16:00:09+00:00,3.147916562886886e-05
2024-09-18 17:00:02+00:00,3.1462889337702654e-05
2024-09-18 18:00:03+00:00,3.122329164887111e-05
2024-09-18 19:00:04+00:00,4.489652094157789e-05
2024-09-18 20:00:10+00:00,3.186257093620702e-05
2024-09-18 21:00:08+00:00,2.6003906349527637e-05
2024-09-18 22:00:09+00:00,2.4665365080007128e-05
2024-09-18 23:00:15+00:00,2.4896818387235292e-05
2024-09-19 00:00:13+00:00,3.7366456778069315e-05
2024-09-19 01:00:18+00:00,7.657401112327635e-05
2024-09-19 02:00:15+00:00,7.447451982317138e-05
2024-09-19 03:00:17+00:00,6.995309875621443e-05
2024-09-19 04:00:14+00:00,6.265543272916395e-05
2024-09-19 05:00:15+00:00,5.760653080318948e-05
2024-09-19 06:00:15+00:00,5.524615162806703e-05
2024-09-19 07:07:56+00:00,6.706138450411369e-05
2024-09-19 08:00:15+00:00,5.8187994962145405e-05
2024-09-19 09:00:14+00:00,5.407762184406661e-05
2024-09-19 10:00:14+00:00,5.288901967396569e-05
2024-09-19 11:00:00+00:00,5.1869747777151846e-05
2024-09-19 12:00:20+00:00,0.0001105875268384506
2024-09-19 13:00:05+00:00,0.00012967603580432913
2024-09-19 14:00:08+00:00,0.00013583626811497916
2024-09-19 15:00:13+00:00,0.00013917899926613953
2024-09-19 16:00:03+00:00,0.00013854228493057833
2024-09-19 17:00:11+00:00,0.00016064948878022673
2024-09-19 18:00:12+00:00,0.00015580688324015336
2024-09-19 19:00:15+00:00,0.00014891114351710746
2024-09-19 20:00:14+00:00,0.00014433871935042104
2024-09-19 21:00:14+00:00,0.00014276225365080977
2024-09-19 22:00:13+00:00,0.000149482937456976
2024-09-19 23:00:12+00:00,0.0001445078557719088
2024-09-20 00:00:00+00:00,0.0001427296898042916
2024-09-20 01:00:00+00:00,0.00014212330997967078
2024-09-20 02:00:02+00:00,0.00014248474015818402
2024-09-20 03:00:06+00:00,0.000130019436567066
2024-09-20 04:00:09+00:00,0.00012066535572573669
2024-09-20 05:00:17+00:00,5.378113947181623e-05
2024-09-20 06:00:17+00:00,3.437499728846326e-05
2024-09-20 07:00:18+00:00,5.7788071209613025e-05
2024-09-20 08:00:00+00:00,8.373810155257862e-05
2024-09-20 09:00:07+00:00,8.639532542117533e-05
2024-09-20 10:00:06+00:00,8.755996251234467e-05
2024-09-20 11:00:05+00:00,8.622048648369847e-05
2024-09-20 12:00:07+00:00,8.542707742435087e-05
2024-09-20 13:00:06+00:00,8.939818678229662e-05
2024-09-20 14:00:07+00:00,8.64941815946421e-05
2024-09-20 15:00:10+00:00,9.06961372929339e-05
2024-09-20 16:00:13+00:00,8.941595785322432e-05
2024-09-20 17:00:10+00:00,8.658601991899981e-05
2024-09-20 18:00:12+00:00,7.065507014362304e-05
2024-09-20 19:00:13+00:00,6.493012072596677e-05
2024-09-20 20:00:12+00:00,6.129300516491062e-05
2024-09-20 21:00:16+00:00,5.9969806837727436e-05
2024-09-20 22:00:00+00:00,6.47636978874145e-05
2024-09-20 23:00:02+00:00,6.123467728014446e-05
2024-09-21 00:00:02+00:00,5.990829646040923e-05
2024-09-21 01:00:04+00:00,5.977316537127602e-05
2024-09-21 02:00:02+00:00,6.073687135139913e-05
2024-09-21 03:00:03+00:00,5.790609956595007e-05
2024-09-21 04:02:04+00:00,2.7710265868492245e-05
2024-09-21 05:00:19+00:00,4.520156211124239e-05
2024-09-21 06:00:17+00:00,5.6542041253732725e-05
2024-09-21 07:00:02+00:00,5.629079495154621e-05
2024-09-21 08:00:00+00:00,5.618453186687361e-05
2024-09-21 09:00:19+00:00,5.605099536840643e-05
2024-09-21 10:00:00+00:00,5.315654738579523e-05
2024-09-21 11:00:19+00:00,5.1820314978988863e-05
2024-09-21 12:00:05+00:00,4.25396128972642e-05
2024-09-21 13:00:07+00:00,3.301550303603692e-05
2024-09-21 14:00:06+00:00,2.2130433597976375e-05
2024-09-21 15:00:06+00:00,-1.5733232243847997e-05
2024-09-21 16:00:09+00:00,-2.5512481275717927e-05
2024-09-21 17:00:07+00:00,-2.151348859842083e-05
2024-09-21 18:00:05+00:00,-1.218367677610961e-05
2024-09-21 19:00:12+00:00,-9.287358207213658e-06
2024-09-21 20:00:12+00:00,-9.013934562721727e-06
2024-09-21 21:00:12+00:00,-8.962077965053062e-06
2024-09-21 22:00:13+00:00,-8.673129568493789e-06
2024-09-21 23:00:16+00:00,-7.572762580877857e-06
2024-09-22 00:00:10+00:00,9.453170002395678e-06
2024-09-22 01:00:17+00:00,-4.584111104184009e-07
2024-09-22 02:00:18+00:00,-3.4145308412083714e-06
2024-09-22 03:00:18+00:00,-4.775183926542761e-06
2024-09-22 04:00:18+00:00,-5.502386080619424e-06
2024-09-22 05:00:03+00:00,-4.159439412047106e-06
2024-09-22 06:00:06+00:00,2.339436950686337e-05
2024-09-22 07:00:10+00:00,2.9342152905954982e-05
2024-09-22 08:00:01+00:00,3.129042785152144e-05
2024-09-22 09:00:07+00:00,3.197907552013916e-05
2024-09-22 10:00:09+00:00,3.2223040408321186e-05
2024-09-22 11:00:09+00:00,3.22853460308132e-05
2024-09-22 12:00:20+00:00,3.24188002045937e-05
2024-09-22 13:00:16+00:00,3.257520093720357e-05
2024-09-22 14:00:02+00:00,3.2237869187765494e-05
2024-09-22 15:00:05+00:00,3.2201516077457115e-05
2024-09-22 16:00:05+00:00,3.354288408200336e-05
2024-09-22 17:00:07+00:00,3.508788442251349e-05
2024-09-22 18:00:05+00:00,3.700824116282869e-05
2024-09-22 19:00:07+00:00,3.610492890771475e-05
2024-09-22 20:00:05+00:00,3.642235219753548e-05
2024-09-22 21:00:08+00:00,3.607713165202185e-05
2024-09-22 22:00:06+00:00,3.5026095010131517e-05
2024-09-22 23:00:10+00:00,3.735256460297108e-05
2024-09-23 00:00:10+00:00,3.2648643367059006e-05
2024-09-23 01:00:09+00:00,3.275521712827132e-05
2024-09-23 02:00:10+00:00,3.114540913921646e-05
2024-09-23 03:00:16+00:00,3.071482672848618e-05
2024-09-23 04:00:16+00:00,3.819560116500437e-05
2024-09-23 05:00:08+00:00,3.341677817825632e-05
2024-09-23 06:00:10+00:00,3.05875561068008e-05
2024-09-23 07:00:14+00:00,3.461140085380658e-05
2024-09-23 08:00:13+00:00,3.604403874961986e-05
2024-09-23 09:00:14+00:00,3.6539562307979514e-05
2024-09-23 10:00:07+00:00,2.3424385456092573e-05
2024-09-23 11:00:09+00:00,1.822607057134525e-05
2024-09-23 12:00:16+00:00,1.802374509160826e-05
2024-09-23 13:00:16+00:00,1.813600251373495e-05
2024-09-23 14:00:06+00:00,2.175246776007853e-05
2024-09-23 15:00:02+00:00,2.5644377033451464e-05
2024-09-23 16:00:00+00:00,2.698010000043516e-05
2024-09-23 17:00:06+00:00,3.0570115238034854e-05
2024-09-23 18:00:09+00:00,3.166722860541942e-05
2024-09-23 19:00:08+00:00,4.3938693246254325e-05
2024-09-23 20:00:09+00:00,5.1296876096336975e-05
2024-09-23 21:00:10+00:00,5.3775865422227275e-05
2024-09-23 22:00:09+00:00,5.4563499696772776e-05
2024-09-23 23:00:12+00:00,5.490566011308741e-05
2024-09-24 00:00:15+00:00,5.479243411513956e-05
2024-09-24 01:00:08+00:00,5.566174185872862e-05
2024-09-24 02:00:09+00:00,5.511860620908118e-05
2024-09-24 03:00:16+00:00,5.505523820611237e-05
2024-09-24 04:00:07+00:00,6.0745630880568735e-05
2024-09-24 05:00:10+00:00,6.373123453125914e-05
2024-09-24 06:00:12+00:00,7.301713083209331e-05
2024-09-24 07:00:14+00:00,9.222174110118182e-05
2024-09-24 08:00:13+00:00,8.884855265590708e-05
2024-09-24 09:00:11+00:00,8.656929102700466e-05
2024-09-24 10:00:18+00:00,8.308054389655273e-05
2024-09-24 11:00:00+00:00,9.001795136811184e-05
2024-09-24 12:00:04+00:00,8.46469146640458e-05
2024-09-24 13:00:03+00:00,8.707776522670095e-05
2024-09-24 14:00:09+00:00,8.943851234196038e-05
2024-09-24 15:00:00+00:00,8.478201544955193e-05
2024-09-24 16:00:13+00:00,8.152899788899001e-05
2024-09-24 17:00:13+00:00,7.867252060324898e-05
2024-09-24 18:00:00+00:00,9.576031886788379e-05
2024-09-24 19:00:08+00:00,8.269883914146947e-05
2024-09-24 20:00:04+00:00,8.283194795807734e-05
2024-09-24 21:00:11+00:00,8.541331887839905e-05
2024-09-24 22:00:10+00:00,7.934874085745805e-05
2024-09-24 23:00:06+00:00,0.00011368125879512103
2024-09-25 00:00:05+00:00,9.5782935977432e-05
2024-09-25 01:00:17+00:00,8.587402361018924e-05
2024-09-25 02:00:06+00:00,8.686794386633994e-05
2024-09-25 03:00:11+00:00,8.149630258366917e-05
2024-09-25 04:00:07+00:00,7.843272010378254e-05
2024-09-25 05:00:11+00:00,7.998419346879636e-05
2024-09-25 06:00:11+00:00,8.356530191442077e-05
2024-09-25 07:00:14+00:00,3.402093740257951e-05
2024-09-25 08:00:15+00:00,1.9945401595369067e-05
2024-09-25 09:00:16+00:00,1.491545974547982e-05
2024-09-25 10:00:13+00:00,1.298673149208439e-05
2024-09-25 11:00:13+00:00,2.618142112668708e-05
2024-09-25 12:00:01+00:00,3.420664054799061e-05
2024-09-25 13:00:01+00:00,4.104619116087309e-05
2024-09-25 14:00:07+00:00,4.4512812890839734e-05
2024-09-25 15:00:09+00:00,4.3333628181579155e-05
2024-09-25 16:00:06+00:00,4.116209053856862e-05
2024-09-25 17:00:01+00:00,4.302736137854414e-05
2024-09-25 18:00:04+00:00,2.381091872841845e-05
2024-09-25 19:00:02+00:00,2.111263048290251e-05
2024-09-25 20:00:11+00:00,2.2831695921976755e-05
2024-09-25 21:00:07+00:00,2.5512888514330547e-05
2024-09-25 22:00:06+00:00,2.6581054911979334e-05
2024-09-25 23:00:10+00:00,3.3722585980073993e-05
2024-09-26 00:00:12+00:00,3.618910582496553e-05
2024-09-26 01:00:08+00:00,3.835843168929452e-05
2024-09-26 02:00:08+00:00,4.432327209361414e-05
2024-09-26 03:00:10+00:00,2.8984784887202204e-05
2024-09-26 04:00:06+00:00,5.1973080541765116e-05
2024-09-26 05:00:02+00:00,5.57827424453161e-05
2024-09-26 06:00:04+00:00,6.662967620102124e-05
2024-09-26 07:00:08+00:00,6.844267194928841e-05
2024-09-26 08:00:10+00:00,6.186003769931826e-05
2024-09-26 09:00:14+00:00,5.9163892950008805e-05
2024-09-26 10:00:13+00:00,6.707860411238885e-05
2024-09-26 11:00:14+00:00,6.590078829817975e-05
2024-09-26 12:00:12+00:00,6.42267111561529e-05
2024-09-26 13:00:14+00:00,6.042576307320173e-05
2024-09-26 14:00:03+00:00,5.6874842102869e-05
2024-09-26 15:00:04+00:00,6.693870567423727e-05
2024-09-26 16:00:17+00:00,6.586669397965605e-05
2024-09-26 17:00:04+00:00,7.390765687302571e-05
2024-09-26 18:00:07+00:00,6.846464964423873e-05
2024-09-26 19:00:17+00:00,7.204611569135762e-05
2024-09-26 20:00:02+00:00,7.078531398160896e-05
2024-09-26 21:00:18+00:00,6.75179506026855e-05
2024-09-26 22:00:04+00:00,8.756032851878628e-05
2024-09-26 23:00:04+00:00,8.778901949718552e-05
2024-09-27 00:00:19+00:00,8.6889047860342e-05
2024-09-27 01:00:09+00:00,8.802396201263964e-05
2024-09-27 02:00:03+00:00,8.644479622811056e-05
2024-09-27 03:00:12+00:00,8.70661367531262e-05
2024-09-27 04:00:08+00:00,0.00010047225948954511
2024-09-27 05:00:09+00:00,0.00010611919478516391
2024-09-27 06:00:13+00:00,9.107791629335319e-05
2024-09-27 07:00:13+00:00,7.043555992748854e-05
2024-09-27 08:00:13+00:00,6.304730205299943e-05
2024-09-27 09:00:01+00:00,6.28237769443514e-05
2024-09-27 10:00:03+00:00,6.078184209855656e-05
2024-09-27 11:00:16+00:00,5.9901333129333277e-05
2024-09-27 12:00:16+00:00,6.995551015248318e-05
2024-09-27 13:00:18+00:00,6.398471733807439e-05
2024-09-27 14:00:18+00:00,6.156428196854523e-05
2024-09-27 15:00:11+00:00,6.205160445642913e-05
2024-09-27 16:00:14+00:00,4.4079832178234304e-05
2024-09-27 17:00:01+00:00,6.139431467106258e-05
2024-09-27 18:00:03+00:00,6.065801557930887e-05
2024-09-27 19:00:03+00:00,6.124891933231363e-05
2024-09-27 20:00:07+00:00,6.0182725641506045e-05
2024-09-27 21:00:06+00:00,5.9689705000388726e-05
2024-09-27 22:00:06+00:00,8.191018170359957e-05
2024-09-27 23:00:05+00:00,7.57458542938244e-05
2024-09-28 00:00:06+00:00,6.548581139440517e-05
2024-09-28 01:00:06+00:00,6.517663873319958e-05
2024-09-28 02:00:07+00:00,6.568431770788634e-05
2024-09-28 03:00:09+00:00,7.882183113106186e-05
2024-09-28 04:00:06+00:00,7.87833086990928e-05
2024-09-28 05:00:12+00:00,7.853019872153404e-05
2024-09-28 06:00:16+00:00,7.84675525989968e-05
2024-09-28 07:00:16+00:00,8.124035566554467e-05
2024-09-28 08:00:17+00:00,7.48551136082617e-05
2024-09-28 09:00:05+00:00,5.044523708086484e-05
2024-09-28 10:00:06+00:00,6.251204590824589e-05
2024-09-28 11:00:07+00:00,8.237635678304964e-05
2024-09-28 12:00:09+00:00,7.984548892319298e-05
2024-09-28 13:00:08+00:00,7.897523702269639e-05
2024-09-28 14:00:11+00:00,7.850075568090182e-05
2024-09-28 15:00:12+00:00,0.00010121285124044138
2024-09-28 16:00:15+00:00,8.842803506508997e-05
2024-09-28 17:00:14+00:00,8.198591281731781e-05
2024-09-28 18:00:19+00:00,8.57384315939717e-05
2024-09-28 19:00:00+00:00,9.397296581052514e-05
2024-09-28 20:00:19+00:00,8.264619366665024e-05
2024-09-28 21:00:13+00:00,7.682792387837425e-05
2024-09-28 22:00:13+00:00,7.486974623843815e-05
2024-09-28 23:00:18+00:00,7.973939755791564e-05
2024-09-29 00:00:05+00:00,7.766624494645685e-05
2024-09-29 01:00:15+00:00,7.524029304069149e-05
2024-09-29 02:00:15+00:00,7.434797751240709e-05
2024-09-29 03:00:13+00:00,7.399915705306692e-05
2024-09-29 04:00:13+00:00,7.713427415527725e-05
2024-09-29 05:00:14+00:00,7.508176966708016e-05
2024-09-29 06:00:13+00:00,7.414802607171938e-05
2024-09-29 07:00:15+00:00,7.384982544376898e-05
2024-09-29 08:00:00+00:00,7.094928835286852e-05
2024-09-29 09:00:00+00:00,6.873987098660777e-05
2024-09-29 10:00:00+00:00,6.887961286880429e-05
2024-09-29 11:00:04+00:00,6.013789920758436e-05
2024-09-29 12:00:04+00:00,5.72828913852809e-05
2024-09-29 13:00:03+00:00,5.459285785551226e-05
2024-09-29 14:00:09+00:00,5.529842631175752e-05
2024-09-29 15:00:10+00:00,5.4591197373567895e-05
2024-09-29 16:00:15+00:00,5.518461811079277e-05
2024-09-29 17:00:18+00:00,5.429501085807845e-05
2024-09-29 18:00:01+00:00,5.860630093976542e-05
2024-09-29 19:00:05+00:00,5.464700205879964e-05
2024-09-29 20:00:05+00:00,5.545987943779868e-05
2024-09-29 21:00:05+00:00,6.925647789968963e-05
2024-09-29 22:00:03+00:00,7.522023391195965e-05
2024-09-29 23:00:04+00:00,6.623860185450602e-05
2024-09-30 00:00:03+00:00,6.19641177328223e-05
2024-09-30 01:00:00+00:00,5.755148837170377e-05
2024-09-30 02:00:09+00:00,5.373210216695453e-05
2024-09-30 03:00:00+00:00,5.333423970672579e-05
2024-09-30 04:00:04+00:00,5.583480778018426e-05
2024-09-30 05:00:14+00:00,5.422211355770613e-05
2024-09-30 06:00:13+00:00,5.417885130068801e-05
2024-09-30 07:00:14+00:00,5.336620703179197e-05
2024-09-30 08:00:04+00:00,5.340660388856799e-05
2024-09-30 09:00:06+00:00,5.25845965014432e-05
2024-09-30 10:00:08+00:00,4.673851835146267e-05
2024-09-30 11:00:02+00:00,4.274004630603596e-05
2024-09-30 12:00:18+00:00,3.944595061382858e-05
2024-09-30 13:00:00+00:00,3.784810531019057e-05
2024-09-30 14:00:14+00:00,3.3644232669404724e-05
2024-09-30 15:00:05+00:00,3.485801973669562e-05
2024-09-30 16:00:03+00:00,3.517304502154073e-05
2024-09-30 17:00:03+00:00,3.4125250933831815e-05
2024-09-30 18:00:03+00:00,3.362173589502438e-05
2024-09-30 19:00:12+00:00,3.327484755146606e-05
2024-09-30 20:00:10+00:00,3.197924513407306e-05
2024-09-30 21:00:16+00:00,2.9187826037529756e-05
2024-09-30 22:00:18+00:00,2.7792035992854016e-05
2024-09-30 23:00:13+00:00,7.026002316334338e-05
2024-10-01 00:00:16+00:00,7.726267086766926e-05
2024-10-01 01:00:12+00:00,8.421222244954327e-05
2024-10-01 02:00:18+00:00,7.964192491576383e-05
2024-10-01 03:00:17+00:00,7.887255473771147e-05
2024-10-01 04:00:18+00:00,8.454131333078877e-05
2024-10-01 05:00:03+00:00,8.296015349531394e-05
2024-10-01 06:00:16+00:00,7.919061815725735e-05
2024-10-01 07:00:11+00:00,8.659457251945092e-05
2024-10-01 08:00:11+00:00,8.040003393174229e-05
2024-10-01 09:00:10+00:00,7.555320665291743e-05
2024-10-01 10:00:10+00:00,7.640089939963333e-05
2024-10-01 11:00:10+00:00,8.261363311504917e-05
2024-10-01 12:00:10+00:00,7.109325036616205e-05
2024-10-01 13:00:15+00:00,5.9458577567609033e-05
2024-10-01 14:00:34+00:00,5.426353426825305e-05
2024-10-01 15:00:09+00:00,3.4228906625604606e-05
2024-10-01 16:00:08+00:00,6.523587759963129e-06
2024-10-01 17:00:51+00:00,1.3263143172646492e-05
2024-10-01 18:00:10+00:00,2.5737663428053265e-05
2024-10-01 19:00:17+00:00,2.6473272726267356e-05
2024-10-01 20:00:54+00:00,2.0372460243285148e-05
2024-10-01 21:00:06+00:00,2.808484962276598e-06
2024-10-01 22:00:14+00:00,5.419801110609487e-06
2024-10-01 23:00:08+00:00,3.8748388298245136e-05
2024-10-02 00:00:57+00:00,5.0070576474593105e-05
2024-10-02 01:00:15+00:00,5.8083634683367005e-05
2024-10-02 02:00:20+00:00,6.305322587531215e-05
2024-10-02 03:00:19+00:00,6.017359387349476e-05
2024-10-02 04:00:00+00:00,5.8975239486465554e-05
2024-10-02 05:00:03+00:00,5.2853587095236925e-05
2024-10-02 06:00:08+00:00,5.09891223277228e-05
2024-10-02 07:00:06+00:00,5.529207103702202e-05
2024-10-02 08:00:07+00:00,5.18963434619057e-05
2024-10-02 09:00:27+00:00,5.016634184766585e-05
2024-10-02 10:00:02+00:00,4.8197404394157876e-05
2024-10-02 11:00:06+00:00,4.5370501448289414e-05
2024-10-02 12:00:46+00:00,4.2459755063898336e-05
2024-10-02 13:00:07+00:00,4.267615524800022e-05
2024-10-02 14:00:06+00:00,4.481514659288939e-05
2024-10-02 15:00:07+00:00,4.067618892109836e-05
2024-10-02 16:00:01+00:00,5.0328967662695696e-05
2024-10-02 17:00:46+00:00,4.629546205226491e-05
2024-10-02 18:00:06+00:00,4.4256627600200926e-05
2024-10-02 19:00:00+00:00,3.425159606900757e-05
2024-10-02 20:00:19+00:00,1.6391469693970125e-05
2024-10-02 21:00:07+00:00,2.0311479011474836e-05
2024-10-02 22:00:07+00:00,2.312944295672983e-05
2024-10-02 23:00:04+00:00,2.5196500090981898e-05
2024-10-03 00:00:05+00:00,2.4640590792121514e-05
2024-10-03 01:00:17+00:00,2.6805999147391527e-05
2024-10-03 02:00:11+00:00,2.490146598242896e-05
2024-10-03 03:00:11+00:00,2.5274185765139493e-05
2024-10-03 04:00:04+00:00,2.53414734801117e-05
2024-10-03 05:00:24+00:00,2.487894213480337e-05
2024-10-03 06:00:03+00:00,2.3901077362960056e-05
2024-10-03 07:00:09+00:00,2.0047255153395302e-05
2024-10-03 08:00:11+00:00,1.2475519998328513e-05
2024-10-03 09:00:04+00:00,-2.5485566309363272e-06
2024-10-03 10:00:08+00:00,-7.413563123503364e-06
2024-10-03 11:00:31+00:00,-8.349900859394944e-06
2024-10-03 12:00:08+00:00,-1.2745947166808658e-05
2024-10-03 13:00:14+00:00,-8.668583224341793e-06
2024-10-03 14:00:13+00:00,-4.904761125971815e-06
2024-10-03 15:00:13+00:00,-6.146508754439065e-06
2024-10-03 16:01:22+00:00,1.612328757299702e-05
2024-10-03 17:00:14+00:00,-2.0042204077394603e-05
2024-10-03 18:00:18+00:00,-1.0980201972195953e-05
2024-10-03 19:00:14+00:00,-1.050722270050203e-05
2024-10-03 20:00:10+00:00,-6.66050772750752e-06
2024-10-03 21:00:11+00:00,-8.330477843760826e-06
2024-10-03 22:00:15+00:00,-9.701677193928332e-06
2024-10-03 23:00:09+00:00,-8.816878713157979e-06
2024-10-04 00:00:09+00:00,-8.268498035858046e-06
2024-10-04 01:00:30+00:00,-8.209786541601685e-06
2024-10-04 02:00:17+00:00,-4.8942166515681076e-06
2024-10-04 03:00:22+00:00,-7.495133051646681e-06
2024-10-04 04:00:04+00:00,-1.0048595260619678e-05
2024-10-04 05:00:12+00:00,-1.0064940434260468e-05
2024-10-04 06:00:11+00:00,-8.942283590267246e-06
2024-10-04 07:00:10+00:00,-9.38213369993164e-06
2024-10-04 08:00:10+00:00,-7.23742937871204e-06
2024-10-04 09:00:27+00:00,-7.528484767900711e-06
2024-10-04 10:00:20+00:00,-8.624153196971435e-06
2024-10-04 11:00:24+00:00,-9.94691542076436e-06
2024-10-04 12:00:08+00:00,-1.1209021220989925e-05
2024-10-04 13:00:18+00:00,-6.7099422387156726e-06
2024-10-04 14:00:00+00:00,-1.7153693028087503e-05
2024-10-04 15:00:25+00:00,-2.499114827843568e-05
2024-10-04 16:00:09+00:00,-2.5909365626640098e-05
2024-10-04 17:00:18+00:00,-1.9394279001445225e-05
2024-10-04 18:00:23+00:00,1.2569155591414343e-05
2024-10-04 19:00:04+00:00,2.4517540534042608e-05
2024-10-04 20:00:06+00:00,2.895919575758999e-05
2024-10-04 21:00:02+00:00,3.0129175028110375e-05
2024-10-04 22:00:03+00:00,3.0812071052275475e-05
2024-10-04 23:00:02+00:00,3.082386824744722e-05
2024-10-05 00:00:04+00:00,3.0002678447620537e-05
2024-10-05 01:00:04+00:00,3.0915089014000426e-05
2024-10-05 02:00:04+00:00,3.081602956615418e-05
2024-10-05 03:00:21+00:00,3.019433928834681e-05
2024-10-05 04:00:13+00:00,2.614646686714797e-05
2024-10-05 05:00:39+00:00,2.4043761675258394e-05
2024-10-05 06:00:07+00:00,2.3584378621864584e-05
2024-10-05 07:00:05+00:00,2.2315319259403845e-05
2024-10-05 08:01:13+00:00,2.164185293813847e-05
2024-10-05 09:00:14+00:00,2.1727312926946146e-05
2024-10-05 10:00:09+00:00,2.2010778524208748e-05
2024-10-05 11:00:08+00:00,2.1561325222418375e-05
2024-10-05 12:00:27+00:00,2.1493222161992046e-05
2024-10-05 13:00:07+00:00,1.904075363852722e-05
2024-10-05 14:00:08+00:00,1.6020868761551046e-05
2024-10-05 15:00:07+00:00,1.5823994484726896e-05
2024-10-05 16:00:08+00:00,1.5182827006197271e-05
2024-10-05 17:00:13+00:00,1.5127985410606257e-05
2024-10-05 18:00:10+00:00,1.5721304058700426e-05
2024-10-05 19:00:12+00:00,1.5233754992277189e-05
2024-10-05 20:00:11+00:00,1.4812943146100626e-05
2024-10-05 21:00:12+00:00,1.544717276303815e-05
2024-10-05 22:00:10+00:00,1.6263972795876706e-05
2024-10-05 23:00:10+00:00,1.549913503676038e-05
2024-10-06 00:00:30+00:00,1.5229770608263901e-05
2024-10-06 01:00:11+00:00,1.0780065111593273e-05
2024-10-06 02:00:10+00:00,1.1730069202768112e-05
2024-10-06 03:00:12+00:00,1.0431429201026237e-05
2024-10-06 04:00:10+00:00,1.0387831855952606e-05
2024-10-06 05:00:12+00:00,1.080908351477073e-05
2024-10-06 06:00:14+00:00,1.2094565773626543e-05
2024-10-06 07:00:16+00:00,1.0877914454732333e-05
2024-10-06 08:00:19+00:00,1.0633022075184828e-05
2024-10-06 09:00:00+00:00,1.0369801935236953e-05
2024-10-06 10:00:01+00:00,1.0111711534317294e-05
2024-10-06 11:00:04+00:00,9.978148852936868e-06
2024-10-06 12:00:08+00:00,1.081144367168381e-05
2024-10-06 13:00:06+00:00,1.0673449575381078e-05
2024-10-06 14:00:15+00:00,1.0390011825372948e-05
2024-10-06 15:00:00+00:00,1.5796274774622146e-05
2024-10-06 16:00:16+00:00,1.1991286833974892e-05
2024-10-06 17:00:16+00:00,-1.588598568246271e-05
2024-10-06 18:00:17+00:00,-3.729434878155051e-05
2024-10-06 19:00:17+00:00,-4.0553727921682054e-05
2024-10-06 20:00:13+00:00,-4.518178521465984e-05
2024-10-06 21:00:38+00:00,-4.388706059870053e-05
2024-10-06 22:01:01+00:00,-4.76453127478859e-05
2024-10-06 23:00:01+00:00,-4.507295201984623e-05
2024-10-07 00:00:19+00:00,-4.331161786946101e-05
2024-10-07 01:00:14+00:00,-4.57631278581723e-05
2024-10-07 02:00:00+00:00,-6.25995353849168e-05
2024-10-07 03:00:01+00:00,-7.054387462230929e-05
2024-10-07 04:00:01+00:00,-7.355425214154898e-05
2024-10-07 05:00:00+00:00,-7.82839130528974e-05
2024-10-07 06:00:01+00:00,-4.423305350569981e-05
2024-10-07 07:00:02+00:00,-2.8259241915419183e-05
2024-10-07 08:00:02+00:00,-2.3676705688517853e-05
2024-10-07 09:00:23+00:00,-1.96492437104291e-05
2024-10-07 10:00:03+00:00,-2.4832808536936624e-05
2024-10-07 11:00:05+00:00,-1.615664392391128e-05
2024-10-07 12:00:05+00:00,-1.216388737604053e-05
2024-10-07 13:00:03+00:00,2.3159617527670556e-05
2024-10-07 14:00:29+00:00,5.2881099311174245e-05
2024-10-07 15:00:04+00:00,5.545895681312804e-05
2024-10-07 16:01:08+00:00,4.48339574251317e-05
2024-10-07 17:00:29+00:00,4.1416938229205595e-05
2024-10-07 18:00:03+00:00,3.8768578984501116e-05
2024-10-07 19:02:34+00:00,3.7032339618888134e-05
2024-10-07 20:00:09+00:00,4.029212062749554e-05
2024-10-07 21:00:02+00:00,4.2057518285310686e-05
2024-10-07 22:00:21+00:00,4.274571501565552e-05
2024-10-07 23:00:41+00:00,4.169531906156437e-05
2024-10-08 00:00:00+00:00,4.089007438809612e-05
2024-10-08 01:00:09+00:00,4.044070790623638e-05
2024-10-08 02:00:48+00:00,4.066316040484694e-05
2024-10-08 03:00:14+00:00,4.099708665006938e-05
2024-10-08 04:00:17+00:00,4.069524975807581e-05
2024-10-08 05:00:18+00:00,3.910288054767383e-05
2024-10-08 06:00:22+00:00,4.311958003495167e-05
2024-10-08 07:00:01+00:00,3.3670480833340085e-05
2024-10-08 08:00:16+00:00,2.6429043677675833e-05
2024-10-08 09:00:16+00:00,2.282010218121067e-05
2024-10-08 10:00:00+00:00,2.1200850607118975e-05
2024-10-08 11:00:03+00:00,2.175067718766367e-05
2024-10-08 12:00:28+00:00,2.1060670751549926e-05
2024-10-08 13:00:11+00:00,2.0818159397879037e-05
2024-10-08 14:00:17+00:00,2.376554063297511e-05
2024-10-08 15:00:29+00:00,2.4012954392682333e-05
2024-10-08 16:00:15+00:00,2.3232622983306415e-05
2024-10-08 17:00:22+00:00,2.4998953001607828e-05
2024-10-08 18:00:08+00:00,2.3050830870622122e-05
2024-10-08 19:00:21+00:00,2.1459148595470254e-05
2024-10-08 20:00:16+00:00,2.1639808309434693e-05
2024-10-08 21:00:17+00:00,2.1486340994401502e-05
2024-10-08 22:00:25+00:00,2.1847774685696474e-05
2024-10-08 23:00:06+00:00,2.1295638148249272e-05
2024-10-09 00:00:08+00:00,2.1297004448809196e-05
2024-10-09 01:00:11+00:00,2.2559427813479296e-05
2024-10-09 02:00:08+00:00,2.391827596012205e-05
2024-10-09 03:00:08+00:00,2.2217519245634385e-05
2024-10-09 04:00:09+00:00,2.1859126617562306e-05
2024-10-09 05:00:04+00:00,2.1356670225375924e-05
2024-10-09 06:00:09+00:00,2.1660020052491808e-05
2024-10-09 07:00:16+00:00,2.191226150676133e-05
2024-10-09 08:00:07+00:00,2.175150872905044e-05
2024-10-09 09:00:17+00:00,2.1810589858149476e-05
2024-10-09 10:00:02+00:00,2.2212553457538805e-05
2024-10-09 11:00:08+00:00,2.1421615180010452e-05
2024-10-09 12:00:01+00:00,2.1086041851568697e-05
2024-10-09 13:05:13+00:00,2.8264036550688758e-05
2024-10-09 14:00:09+00:00,2.4567394513406556e-05
2024-10-09 15:00:18+00:00,2.2628090335831345e-05
2024-10-09 16:00:10+00:00,2.3077762194025565e-05
2024-10-09 17:00:08+00:00,6.619880281342983e-05
2024-10-09 18:00:03+00:00,0.00010763564611821033
2024-10-09 19:00:13+00:00,0.00011324121522693997
2024-10-09 20:00:07+00:00,0.0001090142085854173
2024-10-09 21:00:07+00:00,8.498037213543311e-05
2024-10-09 22:00:15+00:00,9.451454091423654e-05
2024-10-09 23:00:18+00:00,8.453901426846332e-05
2024-10-10 00:00:06+00:00,8.08243964937555e-05
2024-10-10 01:00:11+00:00,7.991697425816694e-05
2024-10-10 02:00:15+00:00,8.264602667628779e-05
2024-10-10 03:00:17+00:00,8.097088363532395e-05
2024-10-10 04:00:17+00:00,8.053304639574239e-05
2024-10-10 05:00:19+00:00,8.340208698388819e-05
2024-10-10 06:00:01+00:00,8.833168055702078e-05
2024-10-10 07:00:15+00:00,7.997011639322062e-05
2024-10-10 08:00:09+00:00,7.666181720109252e-05
2024-10-10 09:00:13+00:00,7.552203000294353e-05
2024-10-10 10:00:03+00:00,7.150731624204318e-05
2024-10-10 11:00:04+00:00,6.841010622039433e-05
2024-10-10 12:00:08+00:00,6.805364585470181e-05
2024-10-10 13:00:17+00:00,6.734469540682953e-05
2024-10-10 14:00:14+00:00,6.773483032181354e-05
2024-10-10 15:00:13+00:00,6.332252212527777e-05
2024-10-10 16:00:09+00:00,6.939628392222904e-05
2024-10-10 17:00:25+00:00,5.006757354029099e-05
2024-10-10 18:00:01+00:00,4.2020887247452585e-05
2024-10-10 19:00:00+00:00,3.995072336580086e-05
2024-10-10 20:00:34+00:00,4.116865538824315e-05
2024-10-10 21:00:07+00:00,4.083952429715591e-05
2024-10-10 22:00:16+00:00,4.087668606495295e-05
2024-10-10 23:00:16+00:00,4.0906610422575996e-05
2024-10-11 00:00:02+00:00,4.0296233475127424e-05
2024-10-11 01:00:15+00:00,4.068823852890695e-05
2024-10-11 02:00:07+00:00,4.106386449966815e-05
2024-10-11 03:00:10+00:00,4.09989475995427e-05
2024-10-11 04:00:10+00:00,4.778751115148166e-05
2024-10-11 05:00:15+00:00,4.804414501045567e-05
2024-10-11 06:00:14+00:00,4.487132942066055e-05
2024-10-11 07:00:05+00:00,4.232596291147028e-05
2024-10-11 08:00:07+00:00,3.763329355936863e-05
2024-10-11 09:00:05+00:00,1.872111590886434e-05
2024-10-11 10:00:08+00:00,1.2395913834838566e-05
2024-10-11 11:00:10+00:00,3.1624151114608375e-06
2024-10-11 12:00:17+00:00,-1.2785876195221004e-05
2024-10-11 13:00:02+00:00,-1.815663101545322e-05
2024-10-11 14:00:17+00:00,-1.90065462152076e-05
2024-10-11 15:00:06+00:00,-1.783084870534264e-05
2024-10-11 16:00:13+00:00,-4.8098640770068215e-06
2024-10-11 17:00:06+00:00,6.560453578812659e-06
2024-10-11 18:00:07+00:00,1.4059462453302461e-05
2024-10-11 19:00:04+00:00,2.4741917688796684e-05
2024-10-11 20:00:17+00:00,2.0137806784793815e-05
2024-10-11 21:00:11+00:00,2.252674789722176e-05
2024-10-11 22:00:16+00:00,2.334692618038447e-05
2024-10-11 23:00:13+00:00,2.446081338625053e-05
2024-10-12 00:00:10+00:00,2.7843174701433317e-05
2024-10-12 01:00:08+00:00,2.2831598096814393e-05
2024-10-12 02:00:20+00:00,2.3076537498644338e-05
2024-10-12 03:00:00+00:00,2.696096628103151e-05
2024-10-12 04:00:06+00:00,2.8228734111249076e-05
2024-10-12 05:00:27+00:00,2.8897144453360485e-05
2024-10-12 06:00:11+00:00,2.8965933186937847e-05
2024-10-12 07:00:12+00:00,2.9086819446991513e-05
2024-10-12 08:00:01+00:00,2.909249587458256e-05
2024-10-12 09:00:01+00:00,2.902347923122216e-05
2024-10-12 10:00:08+00:00,3.0024780724688426e-05
2024-10-12 11:00:12+00:00,3.0350412758481463e-05
2024-10-12 12:00:13+00:00,3.4862122463549764e-05
2024-10-12 13:00:14+00:00,3.2801456753533616e-05
2024-10-12 14:00:21+00:00,3.200515776020276e-05
2024-10-12 15:00:18+00:00,3.1881247640700686e-05
2024-10-12 16:00:06+00:00,3.2617070309755e-05
2024-10-12 17:00:38+00:00,3.1615441616922936e-05
2024-10-12 18:00:24+00:00,3.129546745179463e-05
2024-10-12 19:00:22+00:00,3.140204570627768e-05
2024-10-12 20:00:00+00:00,3.1304021923721726e-05
2024-10-12 21:00:01+00:00,3.1148275574398655e-05
2024-10-12 22:00:06+00:00,3.111143657764705e-05
2024-10-12 23:00:05+00:00,3.119668222229176e-05
2024-10-13 00:00:06+00:00,3.121529620190036e-05
2024-10-13 01:00:09+00:00,3.102136644982673e-05
2024-10-13 02:00:07+00:00,3.107048455944818e-05
2024-10-13 03:00:11+00:00,3.1114789180094965e-05
2024-10-13 04:00:15+00:00,3.1085171730885214e-05
2024-10-13 05:00:11+00:00,3.117051333010109e-05
2024-10-13 06:00:11+00:00,3.117105882929512e-05
2024-10-13 07:00:24+00:00,3.115803910835717e-05
2024-10-13 08:00:00+00:00,3.1228553316523316e-05
2024-10-13 09:00:00+00:00,3.121944328724172e-05
2024-10-13 10:00:08+00:00,3.1226545959035477e-05
2024-10-13 11:00:04+00:00,3.129336873502056e-05
2024-10-13 12:00:00+00:00,3.8397647222427045e-05
2024-10-13 13:00:00+00:00,4.179700138742158e-05
2024-10-13 14:00:00+00:00,4.309095190148504e-05
2024-10-13 15:00:04+00:00,3.831258997810881e-05
2024-10-13 16:00:07+00:00,3.135524826378454e-05
2024-10-13 17:00:13+00:00,3.426529425144208e-05
2024-10-13 18:00:13+00:00,3.702228414701124e-05
2024-10-13 19:00:06+00:00,3.643428771810464e-05
2024-10-13 20:00:13+00:00,3.090689915664312e-05
2024-10-13 21:00:07+00:00,2.8743214848660665e-05
2024-10-13 22:00:02+00:00,2.6763963974371004e-05
2024-10-13 23:00:14+00:00,2.8144424675991757e-05
2024-10-14 00:00:12+00:00,2.8108859985048542e-05
2024-10-14 01:00:13+00:00,2.83262790805554e-05
2024-10-14 02:01:30+00:00,2.4992929970044024e-05
2024-10-14 03:00:07+00:00,2.2259942604346527e-05
2024-10-14 04:00:00+00:00,3.4960237737954266e-05
2024-10-14 05:00:05+00:00,2.964448731889e-05
2024-10-14 06:00:04+00:00,2.5554928858939386e-05
2024-10-14 07:00:12+00:00,2.6712411370475784e-05
2024-10-14 08:00:01+00:00,2.7451551320709424e-05
2024-10-14 09:00:00+00:00,2.577634754332194e-05
2024-10-14 10:00:00+00:00,2.730466820510181e-05
2024-10-14 11:00:03+00:00,2.8766682060442144e-05
2024-10-14 12:00:17+00:00,2.7206006104686984e-05
2024-10-14 13:00:12+00:00,2.747673154905553e-05
2024-10-14 14:00:15+00:00,2.7440368109447206e-05
2024-10-14 15:00:13+00:00,1.9232568090943554e-05
2024-10-14 16:00:03+00:00,1.944043215743767e-05
2024-10-14 17:00:13+00:00,2.3672679557242333e-05
2024-10-14 18:00:12+00:00,3.075604274440947e-05
2024-10-14 19:01:39+00:00,3.294930969666636e-05
2024-10-14 20:00:00+00:00,3.568362989308024e-05
2024-10-14 21:00:14+00:00,3.564956015655916e-05
2024-10-14 22:00:07+00:00,3.51134634354709e-05
2024-10-14 23:00:04+00:00,3.476199670887396e-05
2024-10-15 00:00:12+00:00,2.055968743443043e-05
2024-10-15 01:00:32+00:00,6.530794804497023e-06
2024-10-15 02:00:06+00:00,3.7817886828342484e-06
2024-10-15 03:00:08+00:00,2.1371351673658857e-06
2024-10-15 04:00:15+00:00,3.24132264634157e-06
2024-10-15 05:00:12+00:00,-6.4003220830824325e-06
2024-10-15 06:00:09+00:00,-3.340915797918502e-05
2024-10-15 07:00:12+00:00,-1.996839917101301e-05
2024-10-15 08:00:05+00:00,-1.77883566550722e-05
2024-10-15 09:00:10+00:00,-1.572994312920423e-05
2024-10-15 10:00:21+00:00,-1.5124456126241328e-05
2024-10-15 11:00:06+00:00,-1.437056284487725e-05
2024-10-15 12:00:02+00:00,-1.5181257058221986e-05
2024-10-15 13:00:19+00:00,-1.160510190954099e-05
2024-10-15 14:02:12+00:00,2.889716194290632e-08
2024-10-15 15:00:00+00:00,-4.081070515110682e-05
2024-10-15 16:00:08+00:00,-2.1327695961097926e-05
2024-10-15 17:00:05+00:00,-7.146409421968223e-06
2024-10-15 18:00:08+00:00,-8.29580940169265e-06
2024-10-15 19:00:14+00:00,-8.906832544925975e-06
2024-10-15 20:00:18+00:00,-1.0613195227368949e-05
2024-10-15 21:01:04+00:00,-8.147201485825138e-05
2024-10-15 22:00:02+00:00,-3.302677596309909e-05
2024-10-15 23:00:17+00:00,-2.0485945265460562e-05
2024-10-16 00:00:18+00:00,-1.475612131316489e-05
2024-10-16 01:00:17+00:00,-1.4980895027510436e-05
2024-10-16 02:00:01+00:00,-8.097559041764767e-06
2024-10-16 03:00:15+00:00,-3.5933550256413644e-06
2024-10-16 04:00:16+00:00,-2.745995302208583e-06
2024-10-16 05:00:16+00:00,1.6171373673570766e-05
2024-10-16 06:00:16+00:00,2.9687062497708718e-05
2024-10-16 07:00:16+00:00,3.404329020606799e-05
2024-10-16 08:00:17+00:00,4.158516785160149e-05
2024-10-16 09:00:15+00:00,5.0056020366250234e-05
2024-10-16 10:00:05+00:00,5.5327764602319895e-05
2024-10-16 11:00:08+00:00,5.1559783354874334e-05
2024-10-16 12:00:27+00:00,4.5393828165241934e-05
2024-10-16 13:00:05+00:00,4.192552452177346e-05
2024-10-16 14:01:29+00:00,3.0864243651766767e-05
2024-10-16 15:00:31+00:00,6.080864512508097e-06
2024-10-16 16:00:09+00:00,2.1330367315838316e-05
2024-10-16 17:00:17+00:00,2.88425758126006e-05
2024-10-16 18:00:09+00:00,2.7709781002997577e-05
2024-10-16 19:00:10+00:00,2.730718676473336e-05
2024-10-16 20:00:01+00:00,2.6408794568967688e-05
2024-10-16 21:00:17+00:00,2.683879760732945e-05
2024-10-16 22:00:03+00:00,2.6962452270909482e-05
2024-10-16 23:00:17+00:00,2.762480499530802e-05
2024-10-17 00:00:15+00:00,2.7145045188058118e-05
2024-10-17 01:00:22+00:00,2.8759473456577912e-05
2024-10-17 02:00:17+00:00,3.0100233221888135e-05
2024-10-17 03:00:45+00:00,2.965475278775931e-05
2024-10-17 04:00:18+00:00,2.9864199935189492e-05
2024-10-17 05:00:09+00:00,3.4936502269597596e-05
2024-10-17 06:00:09+00:00,4.024667284039813e-05
2024-10-17 07:00:15+00:00,4.060418355596725e-05
2024-10-17 08:00:08+00:00,4.250064154210953e-05
2024-10-17 09:00:11+00:00,4.227993345172164e-05
2024-10-17 10:00:11+00:00,4.019047020847932e-05
2024-10-17 11:00:01+00:00,3.977409311444668e-05
2024-10-17 12:00:16+00:00,3.457385464258856e-05
2024-10-17 13:00:17+00:00,3.2219067595159245e-05
2024-10-17 14:00:01+00:00,4.1075052598091913e-05
2024-10-17 15:00:20+00:00,4.0732689757114024e-05
2024-10-17 16:00:16+00:00,3.638846687187304e-05
2024-10-17 17:00:15+00:00,3.465879162745402e-05
2024-10-17 18:00:20+00:00,3.205922913107427e-05
2024-10-17 19:00:13+00:00,3.04335916285169e-05
2024-10-17 20:00:15+00:00,3.239095130034158e-05
2024-10-17 21:00:15+00:00,3.286928086472585e-05
2024-10-17 22:00:13+00:00,3.351583101183883e-05
2024-10-17 23:00:03+00:00,3.3817966860205774e-05
2024-10-18 00:00:23+00:00,3.370368569748234e-05
2024-10-18 01:00:19+00:00,3.449660244012477e-05
2024-10-18 02:00:19+00:00,3.954178474282944e-05
2024-10-18 03:00:01+00:00,2.2851751800521084e-05
2024-10-18 04:00:05+00:00,1.1710682241030635e-05
2024-10-18 05:00:04+00:00,1.036395901089949e-05
2024-10-18 06:00:07+00:00,7.336372748465679e-06
2024-10-18 07:00:14+00:00,1.7916264338308862e-06
2024-10-18 08:00:19+00:00,7.79971899628019e-06
2024-10-18 09:00:10+00:00,4.497356353082501e-06
2024-10-18 10:00:11+00:00,3.388307229189111e-06
2024-10-18 11:00:12+00:00,1.9008776541621584e-06
2024-10-18 12:00:15+00:00,1.5502673259003106e-06
2024-10-18 13:00:13+00:00,1.1211966043307735e-06
2024-10-18 14:00:09+00:00,3.3699749498323378e-06
2024-10-18 15:00:17+00:00,8.09422689320758e-06
2024-10-18 16:00:02+00:00,6.97303326815666e-06
2024-10-18 17:00:05+00:00,5.191086725698403e-06
2024-10-18 18:00:18+00:00,4.643903664122244e-06
2024-10-18 19:00:13+00:00,5.785219517963238e-06
2024-10-18 20:00:00+00:00,6.629768105152761e-06
2024-10-18 21:00:04+00:00,7.078866196191631e-06
2024-10-18 22:00:06+00:00,6.913267619304357e-06
2024-10-18 23:00:06+00:00,7.5613839726012266e-06
2024-10-19 00:00:25+00:00,7.662422671946727e-06
2024-10-19 01:00:09+00:00,8.383969084206513e-06
2024-10-19 02:00:10+00:00,1.9034755162260325e-05
2024-10-19 03:00:13+00:00,2.363779244116794e-05
2024-10-19 04:00:01+00:00,2.6293613945703657e-05
2024-10-19 05:00:13+00:00,2.903480344298118e-05
2024-10-19 06:00:20+00:00,2.7120833370027373e-05
2024-10-19 07:00:02+00:00,2.560116020180262e-05
2024-10-19 08:00:01+00:00,2.3531143083682715e-05
2024-10-19 09:00:06+00:00,2.2754640104277884e-05
2024-10-19 10:00:08+00:00,2.2436702348861233e-05
2024-10-19 11:00:03+00:00,2.4301156950457327e-05
2024-10-19 12:00:00+00:00,2.5060987628790074e-05
2024-10-19 13:00:06+00:00,2.6082034342285108e-05
2024-10-19 14:00:07+00:00,2.6379422964659627e-05
2024-10-19 15:00:05+00:00,2.506755277381845e-05
2024-10-19 16:00:04+00:00,2.3762353620280123e-05
2024-10-19 17:00:04+00:00,1.9123589037938414e-05
2024-10-19 18:00:17+00:00,2.1357141660664335e-05
2024-10-19 19:00:19+00:00,2.423433769993298e-05
2024-10-19 20:00:00+00:00,2.324607484547863e-05
2024-10-19 21:00:03+00:00,2.4824958196838225e-05
2024-10-19 22:00:00+00:00,2.711653538089979e-05
2024-10-19 23:00:04+00:00,3.0103745467536462e-05
2024-10-20 00:00:07+00:00,3.0835972860489385e-05
2024-10-20 01:00:13+00:00,3.613389869263947e-05
2024-10-20 02:00:13+00:00,4.075985527251955e-05
2024-10-20 03:00:16+00:00,4.273578842162994e-05
2024-10-20 04:00:00+00:00,4.2232249849119494e-05
2024-10-20 05:00:00+00:00,4.192407260707224e-05
2024-10-20 06:00:03+00:00,4.1807904819402645e-05
2024-10-20 07:00:23+00:00,4.2076839264544615e-05
2024-10-20 08:00:03+00:00,4.212395516825982e-05
2024-10-20 09:00:18+00:00,4.188401902197716e-05
2024-10-20 10:00:01+00:00,4.2377267314565656e-05
2024-10-20 11:00:02+00:00,4.267225718907545e-05
2024-10-20 12:00:16+00:00,4.964633519855496e-05
2024-10-20 13:00:07+00:00,4.623131408298196e-05
2024-10-20 14:00:01+00:00,5.832793337458363e-05
2024-10-20 15:00:21+00:00,6.257185387627627e-05
2024-10-20 16:00:01+00:00,6.641197224295399e-05
2024-10-20 17:00:01+00:00,7.656042253488e-05
2024-10-20 18:00:14+00:00,7.182225040576045e-05
2024-10-20 19:00:17+00:00,7.019394634768627e-05
2024-10-20 20:00:13+00:00,6.953048413151619e-05
2024-10-20 21:00:15+00:00,6.85071760939254e-05
2024-10-20 22:00:13+00:00,7.430666416482687e-05
2024-10-20 23:00:12+00:00,7.821547860823443e-05
2024-10-21 00:00:12+00:00,7.207311849753085e-05
2024-10-21 01:00:10+00:00,6.494017542744975e-05
2024-10-21 02:00:19+00:00,7.814485238399228e-05
2024-10-21 03:00:33+00:00,7.673748056463796e-05
2024-10-21 04:00:11+00:00,8.891173736055781e-05
2024-10-21 05:00:20+00:00,8.518572884934826e-05
2024-10-21 06:03:45+00:00,6.042669205651478e-05
2024-10-21 07:00:14+00:00,6.692430000164333e-05
2024-10-21 08:00:27+00:00,8.717213266387107e-05
2024-10-21 09:00:22+00:00,8.13168737559287e-05
2024-10-21 10:00:11+00:00,8.363532563229822e-05
2024-10-21 11:00:16+00:00,8.62831925706506e-05
2024-10-21 12:00:17+00:00,9.158874303754794e-05
2024-10-21 13:00:08+00:00,8.281456974499593e-05
2024-10-21 14:00:34+00:00,4.9815983715748863e-05
2024-10-21 15:00:14+00:00,7.126294580223285e-05
2024-10-21 16:00:04+00:00,6.360817946549855e-05
2024-10-21 17:00:17+00:00,6.900863721007662e-05
2024-10-21 18:00:20+00:00,8.966627849614825e-05
2024-10-21 19:00:57+00:00,5.995461239129271e-05
2024-10-21 20:00:44+00:00,6.110096599563332e-05
2024-10-21 21:00:01+00:00,7.422825600568849e-05
2024-10-21 22:00:17+00:00,7.89213794949714e-05
2024-10-21 23:00:15+00:00,8.405014095766168e-05
2024-10-22 00:00:09+00:00,8.647431055883464e-05
2024-10-22 01:00:07+00:00,9.353759690021676e-05
2024-10-22 02:00:23+00:00,9.480709961627264e-05
2024-10-22 03:00:17+00:00,9.560376981563015e-05
2024-10-22 04:00:17+00:00,0.00011107017680327099
2024-10-22 05:00:19+00:00,9.876028524595333e-05
2024-10-22 06:00:23+00:00,0.0001048779552464165
2024-10-22 07:00:10+00:00,0.00010741241912231032
2024-10-22 08:00:09+00:00,0.00010666296548384781
2024-10-22 09:00:13+00:00,0.00010164187199642763
2024-10-22 10:00:12+00:00,0.00010075628676197014
2024-10-22 11:00:13+00:00,0.00011374882495337958
2024-10-22 12:00:18+00:00,0.00010654567539425032
2024-10-22 13:00:02+00:00,0.0001134450886397417
2024-10-22 14:00:13+00:00,0.00010406927430466742
2024-10-22 15:00:06+00:00,0.00010154216507280415
2024-10-22 16:00:01+00:00,9.025649723282018e-05
2024-10-22 17:00:03+00:00,8.359361202958322e-05
2024-10-22 18:00:05+00:00,0.00010130821048763967
2024-10-22 19:00:07+00:00,9.034951353431842e-05
2024-10-22 20:00:03+00:00,8.551101833033984e-05
2024-10-22 21:00:27+00:00,8.338294788692833e-05
2024-10-22 22:00:18+00:00,8.258962670114805e-05
2024-10-22 23:00:03+00:00,9.361657143350652e-05
2024-10-23 00:00:13+00:00,6.137293452389027e-05
2024-10-23 01:00:24+00:00,4.624309297767618e-05
2024-10-23 02:00:20+00:00,4.1458596979685305e-05
2024-10-23 03:00:10+00:00,3.931005390393779e-05
2024-10-23 04:00:19+00:00,3.889201042394966e-05
2024-10-23 05:00:12+00:00,3.868652890476202e-05
2024-10-23 06:00:13+00:00,3.863129873820228e-05
2024-10-23 07:00:11+00:00,3.8640600662366975e-05
2024-10-23 08:00:19+00:00,3.8708058447748265e-05
2024-10-23 09:00:00+00:00,3.9455067671052824e-05
2024-10-23 10:00:15+00:00,3.902485255922893e-05
2024-10-23 11:00:14+00:00,3.679843193870446e-05
2024-10-23 12:00:05+00:00,3.847060332582524e-05
2024-10-23 13:00:11+00:00,3.4450158341142183e-05
2024-10-23 14:00:10+00:00,3.0102187557415024e-05
2024-10-23 15:00:07+00:00,3.566707629530804e-05
2024-10-23 16:00:26+00:00,4.120778517314028e-05
2024-10-23 17:00:15+00:00,5.933142851821319e-05
2024-10-23 18:00:27+00:00,7.934386128074012e-05
2024-10-23 19:01:58+00:00,7.777776879563993e-05
2024-10-23 20:01:51+00:00,0.00022204275242959504
2024-10-23 21:00:14+00:00,0.00021039723115617035
2024-10-23 22:00:21+00:00,0.00014056962231668357
2024-10-23 23:00:15+00:00,0.00011811062872373938
2024-10-24 00:00:16+00:00,0.00012177982544875144
2024-10-24 01:00:28+00:00,0.00011754015648016654
2024-10-24 02:00:01+00:00,0.00010869961238171459
2024-10-24 03:00:05+00:00,0.00010625923956350324
2024-10-24 04:00:08+00:00,0.00010529990306230915
2024-10-24 05:00:11+00:00,0.00011344127899009032
2024-10-24 06:00:15+00:00,0.00010774874633365445
2024-10-24 07:00:18+00:00,0.00010513618088368848
2024-10-24 08:00:05+00:00,0.00010336765757221898
2024-10-24 09:00:15+00:00,0.00010922464405355327
2024-10-24 10:00:03+00:00,0.00010646982015469053
2024-10-24 11:00:40+00:00,0.00011430193296959007
2024-10-24 12:00:08+00:00,0.00011838543117829419
2024-10-24 13:00:05+00:00,0.00011536297332470982
2024-10-24 14:00:16+00:00,0.00011643543565914165
2024-10-24 15:00:23+00:00,0.0001064657199824103
2024-10-24 16:00:22+00:00,0.00010929090383345215
2024-10-24 17:00:05+00:00,0.00011136938108467259
2024-10-24 18:00:21+00:00,0.00011152848301889966
2024-10-24 19:00:08+00:00,0.0001113437839162553
2024-10-24 20:00:09+00:00,0.00012046760903096648
2024-10-24 21:00:18+00:00,0.00011201561245618834
2024-10-24 22:00:15+00:00,0.0001157762123850866
2024-10-24 23:00:13+00:00,9.736737835573195e-05
2024-10-25 00:00:14+00:00,9.406540854439153e-05
2024-10-25 01:00:02+00:00,9.75004111887758e-05
2024-10-25 02:00:18+00:00,0.00010043941807382359
2024-10-25 03:00:19+00:00,0.0001043050606917516
2024-10-25 04:00:07+00:00,8.881919474680403e-05
2024-10-25 05:00:12+00:00,8.173853311279162e-05
2024-10-25 06:00:11+00:00,7.465725907954731e-05
2024-10-25 07:00:23+00:00,8.449210138626995e-05
2024-10-25 08:00:00+00:00,7.475379009818034e-05
2024-10-25 09:00:12+00:00,8.219828277598922e-05
2024-10-25 10:00:18+00:00,7.654011440344285e-05
2024-10-25 11:00:08+00:00,7.176714607887837e-05
2024-10-25 12:00:11+00:00,6.965482358539275e-05
2024-10-25 13:00:00+00:00,7.157950070859321e-05
2024-10-25 14:00:15+00:00,7.295214076188724e-05
2024-10-25 15:00:05+00:00,6.92793662161961e-05
2024-10-25 16:00:32+00:00,6.654861061339939e-05
2024-10-25 17:00:34+00:00,6.303112556959698e-05
2024-10-25 18:00:00+00:00,6.108195794392483e-05
2024-10-25 19:00:05+00:00,5.4112473696290566e-05
2024-10-25 20:00:03+00:00,5.4723208972429426e-05
2024-10-25 21:00:02+00:00,5.833293778226165e-05
2024-10-25 22:00:18+00:00,6.93314314736171e-05
2024-10-25 23:00:03+00:00,5.305846453492223e-05
2024-10-26 00:00:00+00:00,3.283650732942782e-05
2024-10-26 01:00:20+00:00,3.679864463348922e-05
2024-10-26 02:00:00+00:00,3.6458743223424376e-05
2024-10-26 03:00:02+00:00,4.1825771112768135e-05
2024-10-26 04:00:03+00:00,3.979604885733721e-05
2024-10-26 05:00:06+00:00,3.7919439433284114e-05
2024-10-26 06:00:48+00:00,4.0720675970233974e-05
2024-10-26 07:00:15+00:00,4.166196586630508e-05
2024-10-26 08:00:21+00:00,4.0687685161276976e-05
2024-10-26 09:00:01+00:00,4.1915739154056193e-05
2024-10-26 10:00:10+00:00,3.956647679222279e-05
2024-10-26 11:00:17+00:00,3.947815646775004e-05
2024-10-26 12:00:01+00:00,3.9885285237861707e-05
2024-10-26 13:00:05+00:00,3.956100209765473e-05
2024-10-26 14:00:14+00:00,3.924440397518482e-05
2024-10-26 15:00:03+00:00,3.606512142791055e-05
2024-10-26 16:00:06+00:00,3.09938214475159e-05
2024-10-26 17:01:04+00:00,3.111079545272066e-05
2024-10-26 18:00:29+00:00,2.9334198639757323e-05
2024-10-26 19:00:01+00:00,2.7795357356330715e-05
2024-10-26 20:00:05+00:00,3.127871020297828e-05
2024-10-26 21:00:09+00:00,2.7578613189373337e-05
2024-10-26 22:00:28+00:00,2.631362123650383e-05
2024-10-26 23:00:07+00:00,2.516617879674915e-05
2024-10-27 00:00:38+00:00,2.5225098763255752e-05
2024-10-27 01:00:07+00:00,2.3166573316086278e-05
2024-10-27 02:00:08+00:00,2.303518067574727e-05
2024-10-27 03:00:06+00:00,2.2067836710038305e-05
2024-10-27 04:00:06+00:00,2.273177341089983e-05
2024-10-27 05:00:03+00:00,2.1614574561159938e-05
2024-10-27 06:00:18+00:00,2.0716586971240452e-05
2024-10-27 07:00:17+00:00,2.1050742962567228e-05
2024-10-27 08:00:08+00:00,2.1135840526907136e-05
2024-10-27 09:00:05+00:00,2.141241354002342e-05
2024-10-27 10:00:21+00:00,2.219386450530519e-05
2024-10-27 11:00:29+00:00,2.2705240907085056e-05
2024-10-27 12:00:04+00:00,2.306137276529425e-05
2024-10-27 13:00:15+00:00,2.4558114229921655e-05
2024-10-27 14:00:21+00:00,2.508068563369082e-05
2024-10-27 15:00:19+00:00,2.309065195035743e-05
2024-10-27 16:00:08+00:00,2.3835083546213365e-05
2024-10-27 17:00:07+00:00,2.4244300605771585e-05
2024-10-27 18:00:28+00:00,2.3711840382448632e-05
2024-10-27 19:00:10+00:00,2.298545902404354e-05
2024-10-27 20:00:17+00:00,2.477182905528869e-05
2024-10-27 21:00:12+00:00,2.5760055365352745e-05
2024-10-27 22:00:08+00:00,2.9917193036161198e-05
2024-10-27 23:00:08+00:00,3.230715751506862e-05
2024-10-28 00:00:50+00:00,2.8411004564133803e-05
2024-10-28 01:00:07+00:00,3.015198985126015e-05
2024-10-28 02:00:10+00:00,3.166722598390483e-05
2024-10-28 03:00:30+00:00,3.099883557552445e-05
2024-10-28 04:00:10+00:00,2.9786455521674802e-05
2024-10-28 05:00:01+00:00,2.683760963643399e-05
2024-10-28 06:00:00+00:00,2.4444669628527543e-05
2024-10-28 07:00:02+00:00,2.469509082884263e-05
2024-10-28 08:00:05+00:00,2.920735636560347e-05
2024-10-28 09:00:17+00:00,2.882895036982182e-05
2024-10-28 10:00:12+00:00,2.9205216495364925e-05
2024-10-28 11:00:12+00:00,2.854091952404905e-05
2024-10-28 12:00:03+00:00,2.8129372504720467e-05
2024-10-28 13:00:08+00:00,3.2239002436697045e-05
2024-10-28 14:00:35+00:00,3.280198274211982e-05
2024-10-28 15:01:00+00:00,3.4114394819932565e-05
2024-10-28 16:00:40+00:00,3.151195145912306e-05
2024-10-28 17:00:10+00:00,3.0112631339959765e-05
2024-10-28 18:00:21+00:00,2.961760921959927e-05
2024-10-28 19:00:01+00:00,3.173016629738709e-05
2024-10-28 20:00:08+00:00,4.7996708584251136e-05
2024-10-28 21:00:39+00:00,4.5798853436846933e-05
2024-10-28 22:00:06+00:00,4.636959462041173e-05
2024-10-28 23:00:16+00:00,4.632017335684137e-05
2024-10-29 00:00:12+00:00,4.8237718156665266e-05
2024-10-29 01:00:04+00:00,5.004990551859164e-05
2024-10-29 02:00:03+00:00,6.0801580728918414e-05
2024-10-29 03:00:09+00:00,8.263210139219412e-05
2024-10-29 04:00:13+00:00,6.563864113669489e-05
2024-10-29 05:00:16+00:00,6.325312942724985e-05
2024-10-29 06:00:17+00:00,5.590692451805428e-05
2024-10-29 07:00:07+00:00,5.2820280617923666e-05
2024-10-29 08:00:22+00:00,5.015531414945021e-05
2024-10-29 09:00:14+00:00,5.05822565507771e-05
2024-10-29 10:00:07+00:00,4.926420345504465e-05
2024-10-29 11:00:21+00:00,4.89138381505374e-05
2024-10-29 12:00:20+00:00,4.827837425079205e-05
2024-10-29 13:00:16+00:00,4.8588237065173884e-05
2024-10-29 14:00:12+00:00,4.7773336684619744e-05
2024-10-29 15:00:18+00:00,4.781526227507683e-05
2024-10-29 16:00:06+00:00,6.75761617182556e-05
2024-10-29 17:00:35+00:00,0.00019352058915679874
2024-10-29 18:00:06+00:00,0.0001967878274116347
2024-10-29 19:00:24+00:00,0.0001905944595804397
2024-10-29 20:00:12+00:00,0.00017170319878474243
2024-10-29 21:00:13+00:00,0.0001661546606503941
2024-10-29 22:00:20+00:00,0.00017492993593624806
2024-10-29 23:00:17+00:00,0.0001858400867588006
2024-10-30 00:00:18+00:00,0.0001681855487249366
2024-10-30 01:00:11+00:00,0.00015545269669631995
2024-10-30 02:00:04+00:00,0.0001627238049119294
2024-10-30 03:00:05+00:00,0.00016873549337886068
2024-10-30 04:00:05+00:00,0.00017881486982091436
2024-10-30 05:00:12+00:00,0.00016073573793425432
2024-10-30 06:00:25+00:00,0.00014756251822837933
2024-10-30 07:00:19+00:00,0.00012578461383914075
2024-10-30 08:00:07+00:00,0.00011418177829652899
2024-10-30 09:00:32+00:00,9.365588819950102e-05
2024-10-30 10:00:32+00:00,0.00010871364469959934
2024-10-30 11:00:20+00:00,0.00012271457892511106
2024-10-30 12:00:04+00:00,0.00010710333923550706
2024-10-30 13:00:25+00:00,9.360491082761515e-05
2024-10-30 14:00:31+00:00,8.448388494602836e-05
2024-10-30 15:00:18+00:00,9.332956325673951e-05
2024-10-30 16:00:10+00:00,8.094611247054176e-05
2024-10-30 17:00:11+00:00,7.598419948190916e-05
2024-10-30 18:00:12+00:00,7.164554021072058e-05
2024-10-30 19:00:00+00:00,7.374539279398506e-05
2024-10-30 20:00:18+00:00,6.961093988046503e-05
2024-10-30 21:00:46+00:00,6.719595840919571e-05
2024-10-30 22:00:02+00:00,6.677123406970753e-05
2024-10-30 23:00:13+00:00,7.733242201246448e-05
2024-10-31 00:00:12+00:00,7.018430214374392e-05
2024-10-31 01:00:01+00:00,6.419265424249225e-05
2024-10-31 02:00:20+00:00,6.0603425725589116e-05
2024-10-31 03:00:05+00:00,5.9468320206266396e-05
2024-10-31 04:00:19+00:00,8.190879548053628e-05
2024-10-31 05:00:08+00:00,6.91294910317509e-05
2024-10-31 06:00:11+00:00,6.278923244244131e-05
2024-10-31 07:00:10+00:00,3.0183062372499125e-05
2024-10-31 08:00:03+00:00,-5.8082872905945365e-05
2024-10-31 09:00:18+00:00,-9.862841365292056e-05
2024-10-31 10:00:10+00:00,-8.647885125063656e-05
2024-10-31 11:00:05+00:00,-8.669449389944618e-05
2024-10-31 12:00:16+00:00,-8.482816662492739e-05
2024-10-31 13:00:18+00:00,-5.224847814766052e-05
2024-10-31 14:00:10+00:00,-3.9697191972143256e-05
2024-10-31 15:00:21+00:00,-1.002494986896542e-05
2024-10-31 16:00:03+00:00,1.941241132676516e-05
2024-10-31 17:00:26+00:00,2.9253298931869258e-05
2024-10-31 18:00:04+00:00,2.957660849497278e-05
2024-10-31 19:00:01+00:00,2.8739022662399562e-05
2024-10-31 20:00:03+00:00,3.367921235983406e-05
2024-10-31 21:00:39+00:00,1.5431270101528033e-05
2024-10-31 22:00:02+00:00,2.41809552542335e-05
2024-10-31 23:00:05+00:00,2.811818021854146e-05
2024-11-01 00:00:02+00:00,2.810497067601096e-05
2024-11-01 01:00:05+00:00,2.9192158158513986e-05
2024-11-01 02:00:04+00:00,3.0450865125104975e-05
2024-11-01 03:00:10+00:00,2.856229467274916e-05
2024-11-01 04:00:16+00:00,2.5968557323145807e-05
2024-11-01 05:00:12+00:00,2.5613443054819768e-05
2024-11-01 06:00:24+00:00,2.3475260025882273e-05
2024-11-01 07:00:09+00:00,2.7223589475613843e-05
2024-11-01 08:00:17+00:00,2.234988284474207e-05
2024-11-01 09:00:26+00:00,-1.7238730197673563e-05
2024-11-01 10:00:13+00:00,-3.270286797934507e-05
2024-11-01 11:00:26+00:00,-3.800365277038561e-05
2024-11-01 12:00:07+00:00,-4.037406319160722e-05
2024-11-01 13:00:03+00:00,-4.6366140950372315e-05
2024-11-01 14:00:29+00:00,-5.0543647915536104e-05
2024-11-01 15:00:17+00:00,-3.982411028060639e-05
2024-11-01 16:00:04+00:00,-3.855430697767832e-05
2024-11-01 17:00:11+00:00,-5.3817536570572604e-05
2024-11-01 18:00:02+00:00,-4.9411969162344506e-05
2024-11-01 19:00:06+00:00,-5.5949650455849585e-05
2024-11-01 20:00:08+00:00,-5.8286402269510356e-05
2024-11-01 21:00:14+00:00,-6.319312966586594e-05
2024-11-01 22:00:00+00:00,-7.960617095114267e-05
2024-11-01 23:00:00+00:00,-8.705327846994946e-05
2024-11-02 00:00:03+00:00,-9.491970243374134e-05
2024-11-02 01:00:04+00:00,-7.308888467916235e-05
2024-11-02 02:00:06+00:00,-4.0052352754117565e-05
2024-11-02 03:00:12+00:00,-6.278891722138479e-05
2024-11-02 04:00:26+00:00,-4.313087710989001e-05
2024-11-02 05:00:04+00:00,-3.834394932701325e-05
2024-11-02 06:00:18+00:00,-3.807097339915487e-05
2024-11-02 07:00:17+00:00,-3.671177340077963e-05
2024-11-02 08:00:04+00:00,-3.942035688476291e-05
2024-11-02 09:00:03+00:00,-3.594309481251404e-05
2024-11-02 10:00:04+00:00,-3.7861604718607534e-05
2024-11-02 11:00:26+00:00,-3.986527529641784e-05
2024-11-02 12:00:08+00:00,-4.112274776152743e-05
2024-11-02 13:00:11+00:00,-3.976913902349453e-05
2024-11-02 14:00:04+00:00,-3.193601909462316e-05
2024-11-02 15:00:13+00:00,-2.3781457083961302e-05
2024-11-02 16:00:24+00:00,-1.2503596288181902e-05
2024-11-02 17:00:03+00:00,-9.959938408685572e-06
2024-11-02 18:00:04+00:00,-4.930865777056823e-06
2024-11-02 19:00:24+00:00,-3.374294792320115e-06
2024-11-02 20:00:20+00:00,-3.0110767780196326e-06
2024-11-02 21:00:08+00:00,-2.8211863826931077e-06
2024-11-02 22:00:31+00:00,-3.0936522370507017e-06
2024-11-02 23:00:07+00:00,-2.1306307327352874e-06
2024-11-03 00:00:12+00:00,-1.5138951970341397e-06
2024-11-03 01:00:00+00:00,-7.377777722133933e-07
2024-11-03 02:00:00+00:00,1.4349386677997564e-06
2024-11-03 03:00:01+00:00,-4.654356610895842e-06
2024-11-03 04:00:13+00:00,-1.2818053003008688e-06
2024-11-03 05:00:17+00:00,-1.266202635004443e-06
2024-11-03 06:00:01+00:00,-9.493061753022905e-07
2024-11-03 07:00:06+00:00,-9.903156689247685e-07
2024-11-03 08:00:11+00:00,-1.1867603735060045e-06
2024-11-03 09:00:02+00:00,-7.664680431276705e-07
2024-11-03 10:00:18+00:00,-1.3667866826866216e-06
2024-11-03 11:00:08+00:00,-1.327052998672947e-06
2024-11-03 12:00:29+00:00,-7.861939779820109e-07
2024-11-03 13:00:09+00:00,-1.112557718618369e-06
2024-11-03 14:00:17+00:00,-4.851646111667239e-06
2024-11-03 15:00:13+00:00,-2.304980030361972e-05
2024-11-03 16:00:01+00:00,-1.9291966972358036e-05
2024-11-03 17:00:29+00:00,-2.341266574645525e-05
2024-11-03 18:00:07+00:00,-2.572185867995137e-05
2024-11-03 19:00:02+00:00,-3.407239039573712e-05
2024-11-03 20:00:08+00:00,-2.6399266684430364e-05
2024-11-03 21:00:04+00:00,-2.5168913452979465e-05
2024-11-03 22:00:03+00:00,-2.6031994332502727e-05
2024-11-03 23:00:03+00:00,-2.59205590880194e-05
2024-11-04 00:00:16+00:00,-1.313074771577872e-05
2024-11-04 01:00:16+00:00,-7.044680232365344e-06
2024-11-04 02:00:18+00:00,5.70424126545909e-06
2024-11-04 03:00:17+00:00,-1.7747520951059637e-07
2024-11-04 04:00:18+00:00,-2.8523321212486763e-06
2024-11-04 05:00:01+00:00,-2.6571640133283967e-06
2024-11-04 06:00:11+00:00,-2.6621974757602933e-06
2024-11-04 07:00:12+00:00,-2.981159219256807e-06
2024-11-04 08:00:20+00:00,-1.960683790108978e-06
2024-11-04 09:00:00+00:00,3.134847246032462e-07
2024-11-04 10:00:07+00:00,-1.2111039156038088e-06
2024-11-04 11:00:10+00:00,-3.8818454698016424e-07
2024-11-04 12:00:00+00:00,4.191951509520987e-07
2024-11-04 13:00:03+00:00,-2.4262877712560144e-07
2024-11-04 14:00:14+00:00,-3.526215768672723e-07
2024-11-04 15:00:07+00:00,1.6194144659980797e-07
2024-11-04 16:00:15+00:00,1.512794244692319e-07
2024-11-04 17:00:44+00:00,1.0973108165602505e-05
2024-11-04 18:00:08+00:00,1.6556486957457964e-05
2024-11-04 19:00:15+00:00,1.6866333463577163e-05
2024-11-04 20:00:11+00:00,1.7168514587594855e-05
2024-11-04 21:00:15+00:00,2.1334390554390616e-05
2024-11-04 22:00:06+00:00,4.413035491448072e-05
2024-11-04 23:00:04+00:00,7.993348725035779e-05
2024-11-05 00:00:15+00:00,7.362268993263975e-05
2024-11-05 01:00:15+00:00,7.234522380522534e-05
2024-11-05 02:00:01+00:00,7.180148015222108e-05
2024-11-05 03:00:19+00:00,7.024216986058828e-05
2024-11-05 04:00:05+00:00,7.570619995053025e-05
2024-11-05 05:00:10+00:00,7.435847358785705e-05
2024-11-05 06:00:26+00:00,7.196418650414682e-05
2024-11-05 07:00:16+00:00,7.048781439070806e-05
2024-11-05 08:00:00+00:00,6.964981729976045e-05
2024-11-05 09:00:01+00:00,6.864717201926802e-05
2024-11-05 10:00:07+00:00,6.835777601586933e-05
2024-11-05 11:00:12+00:00,6.880274618460526e-05
2024-11-05 12:00:16+00:00,7.018860908307934e-05
2024-11-05 13:00:20+00:00,6.972383025812005e-05
2024-11-05 14:00:33+00:00,7.036388382589411e-05
2024-11-05 15:00:33+00:00,8.822141946014986e-05
2024-11-05 16:00:32+00:00,7.534469645749747e-05
2024-11-05 17:00:00+00:00,8.275259786496601e-05
2024-11-05 18:00:01+00:00,7.349665411811397e-05
2024-11-05 19:00:19+00:00,7.358009934668775e-05
2024-11-05 20:00:09+00:00,6.927879522103458e-05
2024-11-05 21:00:03+00:00,8.742225124215224e-05
2024-11-05 22:00:05+00:00,7.575952700648994e-05
2024-11-05 23:00:14+00:00,7.365094181264242e-05
2024-11-06 00:00:17+00:00,7.097317024955938e-05
2024-11-06 01:00:18+00:00,8.873281210984494e-05
2024-11-06 02:00:10+00:00,8.647412396071334e-05
2024-11-06 03:00:15+00:00,8.844975507349663e-05
2024-11-06 04:00:13+00:00,6.64422491705148e-05
2024-11-06 05:00:21+00:00,5.018288709900294e-05
2024-11-06 06:00:00+00:00,4.6577401640855494e-05
2024-11-06 07:00:22+00:00,3.95844447225484e-05
2024-11-06 08:00:07+00:00,3.684062865698756e-05
2024-11-06 09:00:15+00:00,3.0091478093403947e-05
2024-11-06 10:00:17+00:00,2.6492117954730954e-05
2024-11-06 11:00:03+00:00,2.7335569677500317e-05
2024-11-06 12:00:17+00:00,2.546254392694694e-05
2024-11-06 13:00:13+00:00,2.6301858999656014e-05
2024-11-06 14:00:02+00:00,2.5944748300841007e-05
2024-11-06 15:00:09+00:00,3.610086431709853e-05
2024-11-06 16:00:10+00:00,4.627823162531011e-05
2024-11-06 17:00:12+00:00,3.833729172462084e-05
2024-11-06 18:00:02+00:00,3.551069547976585e-05
2024-11-06 19:00:18+00:00,3.670553849585825e-05
2024-11-06 20:00:04+00:00,3.432048491452334e-05
2024-11-06 21:00:11+00:00,3.317721594996572e-05
2024-11-06 22:00:15+00:00,3.330070018729673e-05
2024-11-06 23:00:06+00:00,3.8099203458123215e-05
2024-11-07 00:00:11+00:00,2.1911337573505937e-05
2024-11-07 01:00:19+00:00,1.725176217074765e-05
2024-11-07 02:00:14+00:00,1.7137114946588874e-05
2024-11-07 03:00:06+00:00,2.7151584609792025e-05
2024-11-07 04:00:09+00:00,4.286597532909885e-05
2024-11-07 05:00:16+00:00,4.545603150953982e-05
2024-11-07 06:00:17+00:00,4.694878097091258e-05
2024-11-07 07:00:24+00:00,5.9612354336884085e-05
2024-11-07 08:00:15+00:00,6.594414119684003e-05
2024-11-07 09:00:05+00:00,7.277869966832202e-05
2024-11-07 10:00:05+00:00,7.065167416113548e-05
2024-11-07 11:00:05+00:00,7.159534890264651e-05
2024-11-07 12:00:04+00:00,7.140440133263682e-05
2024-11-07 13:00:03+00:00,7.966438428341317e-05
2024-11-07 14:00:04+00:00,6.911005010988294e-05
2024-11-07 15:00:03+00:00,8.000738655932187e-05
2024-11-07 16:00:08+00:00,8.891865396931894e-05
2024-11-07 17:00:05+00:00,7.67347937334833e-05
2024-11-07 18:00:04+00:00,7.219231210751928e-05
2024-11-07 19:00:06+00:00,7.18169353998124e-05
2024-11-07 20:00:12+00:00,6.95082730229022e-05
2024-11-07 21:00:13+00:00,7.092657311513124e-05
2024-11-07 22:00:20+00:00,6.826552890653132e-05
2024-11-07 23:00:29+00:00,6.516278808264745e-05
2024-11-08 00:00:01+00:00,6.045984949934649e-05
2024-11-08 01:00:01+00:00,7.593751157433857e-05
2024-11-08 02:00:05+00:00,6.21689772128686e-05
2024-11-08 03:00:09+00:00,5.495785049171461e-05
2024-11-08 04:00:16+00:00,5.3433323347125295e-05
2024-11-08 05:00:00+00:00,6.162061970436281e-05
2024-11-08 06:00:06+00:00,5.648896657713136e-05
2024-11-08 07:00:06+00:00,4.996347462425341e-05
2024-11-08 08:00:11+00:00,5.0203814778172855e-05
2024-11-08 09:00:08+00:00,4.754200912823255e-05
2024-11-08 10:00:12+00:00,5.6941557121239674e-05
2024-11-08 11:00:18+00:00,5.028498118777488e-05
2024-11-08 12:00:07+00:00,4.998253847988771e-05
2024-11-08 13:00:15+00:00,6.435483163155229e-05
2024-11-08 14:00:07+00:00,5.82324427923146e-05
2024-11-08 15:00:03+00:00,9.152889976691104e-05
2024-11-08 16:00:13+00:00,0.00012567835802477692
2024-11-08 17:00:07+00:00,0.0001260674736900476
2024-11-08 18:00:16+00:00,0.00013478894931322582
2024-11-08 19:00:00+00:00,0.00011701060314630296
2024-11-08 20:00:06+00:00,5.9570103969116716e-05
2024-11-08 21:00:08+00:00,8.504556423268971e-05
2024-11-08 22:00:00+00:00,0.00010177912802520528
2024-11-08 23:00:19+00:00,0.0001282166984683616
2024-11-09 00:00:15+00:00,0.000163204538374793
2024-11-09 01:00:10+00:00,0.000161226560124368
2024-11-09 02:00:08+00:00,0.0001567135330032004
2024-11-09 03:00:03+00:00,0.000164261982355288
2024-11-09 04:00:05+00:00,0.00016058267620753744
2024-11-09 05:00:11+00:00,0.00016341510745196273
2024-11-09 06:00:18+00:00,0.00016862385769092993
2024-11-09 07:00:05+00:00,0.00015927511436187778
2024-11-09 08:00:01+00:00,0.0001691434413960575
2024-11-09 09:00:18+00:00,0.0001842173470332315
2024-11-09 10:00:03+00:00,0.00018757061929120195
2024-11-09 11:00:10+00:00,0.0001939564884706978
2024-11-09 12:00:05+00:00,0.000200072747930193
2024-11-09 13:00:16+00:00,0.00017264676761643324
2024-11-09 14:00:06+00:00,0.00017433168741751192
2024-11-09 15:00:03+00:00,0.00016156036999963848
2024-11-09 16:00:06+00:00,0.0001580066152639446
2024-11-09 17:00:02+00:00,0.0001553148511907544
2024-11-09 18:00:10+00:00,0.0001138865118057604
2024-11-09 19:00:17+00:00,8.16643684409878e-05
2024-11-09 20:00:11+00:00,6.440425164912713e-05
2024-11-09 21:00:17+00:00,5.5997558694358375e-05
2024-11-09 22:00:00+00:00,6.059796748222683e-05
2024-11-09 23:00:07+00:00,5.9429008074272374e-05
2024-11-10 00:00:21+00:00,4.8609068749557915e-05
2024-11-10 01:00:04+00:00,7.54387336400939e-05
2024-11-10 02:00:04+00:00,0.0001633702171191907
2024-11-10 03:00:04+00:00,0.00020213662267149542
2024-11-10 04:00:00+00:00,0.000205568231869705
2024-11-10 05:00:01+00:00,0.00020681395241646075
2024-11-10 06:00:11+00:00,0.00019803851417748712
2024-11-10 07:00:01+00:00,0.0001809919470401392
2024-11-10 08:00:08+00:00,0.00019078168132844944
2024-11-10 09:00:16+00:00,0.00018056626160828823
2024-11-10 10:00:05+00:00,0.00018792975137618025
2024-11-10 11:00:16+00:00,0.00015100351702239666
2024-11-10 12:00:02+00:00,7.995236672421196e-05
2024-11-10 13:00:05+00:00,5.089536003252359e-05
2024-11-10 14:00:05+00:00,4.413345759573024e-05
2024-11-10 15:00:01+00:00,4.805993179495808e-05
2024-11-10 16:00:13+00:00,4.300945392965302e-05
2024-11-10 17:00:09+00:00,8.010651795992691e-05
2024-11-10 18:00:03+00:00,0.0001081728333204363
2024-11-10 19:00:05+00:00,0.00013399412289316262
2024-11-10 20:00:00+00:00,0.00013851349686600702
2024-11-10 21:00:04+00:00,7.044317913901275e-05
2024-11-10 22:00:14+00:00,0.00013180833319596878
2024-11-10 23:00:06+00:00,0.00015598864083518125
2024-11-11 00:00:09+00:00,0.00016157643352343086
2024-11-11 01:00:08+00:00,0.00018139996083937755
2024-11-11 02:00:05+00:00,0.00017059229266590205
2024-11-11 03:00:12+00:00,0.00018667201402569055
2024-11-11 04:00:21+00:00,0.00013328083343962103
2024-11-11 05:00:01+00:00,0.0001336469189340421
2024-11-11 06:00:09+00:00,0.00013887309837715573
2024-11-11 07:00:14+00:00,-6.298438506263405e-06
2024-11-11 08:00:20+00:00,-6.977052368780389e-05
2024-11-11 09:00:16+00:00,-7.474785226188011e-05
2024-11-11 10:00:09+00:00,-7.126342511621775e-05
2024-11-11 11:00:04+00:00,-9.081585446818293e-05
2024-11-11 12:00:11+00:00,-6.475399987914162e-05
2024-11-11 13:00:18+00:00,-4.092687818490502e-05
2024-11-11 14:00:10+00:00,-6.0795979130502415e-05
2024-11-11 15:00:11+00:00,-6.820502658305637e-05
2024-11-11 16:00:00+00:00,2.0216523553908192e-05
2024-11-11 17:00:07+00:00,9.173942281465026e-05
2024-11-11 18:00:04+00:00,9.74290700884341e-05
2024-11-11 19:00:07+00:00,4.887227357384736e-05
2024-11-11 20:00:08+00:00,0.00010155079988308359
2024-11-11 21:00:06+00:00,0.0001563766957679075
2024-11-11 22:00:04+00:00,0.00013660557734806103
2024-11-11 23:00:18+00:00,5.763001654486047e-05
2024-11-12 00:00:01+00:00,-1.6151872776177025e-05
2024-11-12 01:00:02+00:00,-3.0963679993204114e-05
2024-11-12 02:00:03+00:00,-5.108674479924177e-05
2024-11-12 03:00:15+00:00,-5.16706825457293e-05
2024-11-12 04:00:01+00:00,-5.154111666140479e-05
2024-11-12 05:00:07+00:00,-5.873650050803982e-05
2024-11-12 06:00:08+00:00,-4.892122770552028e-05
2024-11-12 07:00:07+00:00,-3.3593740991823546e-05
2024-11-12 08:00:07+00:00,9.09174924769119e-07
2024-11-12 09:00:10+00:00,2.3255999050251398e-05
2024-11-12 10:00:28+00:00,2.067497685176225e-05
2024-11-12 11:00:15+00:00,2.1186515224360954e-05
2024-11-12 12:00:18+00:00,0.0001226913627844176
2024-11-12 13:00:18+00:00,5.512048337202818e-05
2024-11-12 14:00:05+00:00,3.0175913792735258e-05
2024-11-12 15:00:04+00:00,2.6931437470848233e-05
2024-11-12 16:00:06+00:00,6.974159364051687e-05
2024-11-12 17:00:28+00:00,0.00014470206829068972
2024-11-12 18:00:10+00:00,0.00018638512714809081
2024-11-12 19:00:13+00:00,0.0002091621303487476
2024-11-12 20:00:00+00:00,0.0002190117310074899
2024-11-12 21:00:08+00:00,0.00022139211048625672
2024-11-12 22:00:00+00:00,0.00019671389054864763
2024-11-12 23:00:00+00:00,0.00022358385891311928
2024-11-13 00:00:19+00:00,0.00018838090338039424
2024-11-13 01:00:02+00:00,0.00019661158423036582
2024-11-13 02:00:15+00:00,0.00017827861272395925
2024-11-13 03:00:03+00:00,0.00016761338319458175
2024-11-13 04:01:26+00:00,0.00013649848413833896
2024-11-13 05:00:18+00:00,0.00014839309851798446
2024-11-13 06:00:00+00:00,0.00015037216820997898
2024-11-13 07:00:10+00:00,0.0001501548526473288
2024-11-13 08:00:12+00:00,0.00017331452964772684
2024-11-13 09:00:14+00:00,0.00013790568940845045
2024-11-13 10:00:06+00:00,0.00012827976017419304
2024-11-13 11:00:16+00:00,0.0001185091877998832
2024-11-13 12:00:18+00:00,0.00011636301372103682
2024-11-13 13:00:18+00:00,9.473184865360431e-05
2024-11-13 14:00:12+00:00,0.00011129370298203107
2024-11-13 15:00:19+00:00,0.00015559826503859452
2024-11-13 16:00:16+00:00,0.00017843318852517494
2024-11-13 17:00:01+00:00,0.00018069509873207056
2024-11-13 18:00:00+00:00,0.0001765359098051443
2024-11-13 19:01:04+00:00,0.00017095209661800235
2024-11-13 20:00:08+00:00,0.0001696714051694564
2024-11-13 21:00:00+00:00,0.00022135770836999858
2024-11-13 22:00:09+00:00,0.0001934208945143287
2024-11-13 23:00:12+00:00,0.00024398767998595413
2024-11-14 00:00:24+00:00,0.00023022270498685435
2024-11-14 01:00:53+00:00,0.0002094206838406378
2024-11-14 02:00:10+00:00,0.00020838182334188832
2024-11-14 03:00:17+00:00,0.00020609045643469966
2024-11-14 04:00:03+00:00,0.0002064936628636261
2024-11-14 05:00:16+00:00,0.00020616472496381386
2024-11-14 06:00:03+00:00,0.000209443419752443
2024-11-14 07:00:13+00:00,0.0002279235855925741
2024-11-14 08:00:05+00:00,0.00024286009916997729
2024-11-14 09:00:14+00:00,0.00022529953590340684
2024-11-14 10:00:21+00:00,0.00022813249586772956
2024-11-14 11:00:02+00:00,0.00021963328784758366
2024-11-14 12:00:15+00:00,0.0001775914305806032
2024-11-14 13:00:32+00:00,0.00019860334261105546
2024-11-14 14:00:03+00:00,0.00020566257818764946
2024-11-14 15:01:11+00:00,0.00016188883516718186
2024-11-14 16:00:19+00:00,0.0001789770206031257
2024-11-14 17:00:13+00:00,0.00019777095695089938
2024-11-14 18:00:39+00:00,0.0001907540140675218
2024-11-14 19:00:18+00:00,0.00019430520461756552
2024-11-14 20:00:01+00:00,0.0001851257783072097
2024-11-14 21:01:17+00:00,0.0001634897823336591
2024-11-14 22:00:00+00:00,0.00020155341931028407
2024-11-14 23:00:13+00:00,0.00019627211270752018
2024-11-15 00:00:04+00:00,0.0001784943554712649
2024-11-15 01:00:03+00:00,0.00020837444414360253
2024-11-15 02:00:03+00:00,0.00020816276111664813
2024-11-15 03:00:08+00:00,0.00021045162391784402
2024-11-15 04:00:08+00:00,0.0001959747692233342
2024-11-15 05:00:10+00:00,0.00016850267419269858
2024-11-15 06:00:04+00:00,0.0001848812119988938
2024-11-15 07:00:09+00:00,0.00018354773810744262
2024-11-15 08:00:10+00:00,0.00016820261839576835
2024-11-15 09:00:05+00:00,0.00016920976780039133
2024-11-15 10:00:12+00:00,0.00017535618231058744
2024-11-15 11:00:19+00:00,0.00018290514691933545
2024-11-15 12:00:09+00:00,0.00014006500099965558
2024-11-15 13:00:14+00:00,0.00015291198247067154
2024-11-15 14:00:31+00:00,0.00016890586172897822
2024-11-15 15:00:02+00:00,0.00016160675425255704
2024-11-15 16:00:08+00:00,0.0001523986125253628
2024-11-15 17:00:33+00:00,0.00015911135648131132
2024-11-15 18:00:01+00:00,0.00016868977218670723
2024-11-15 19:00:38+00:00,0.0001537218415960875
2024-11-15 20:00:04+00:00,0.0001658835522092675
2024-11-15 21:00:11+00:00,0.00017990998092696397
2024-11-15 22:01:13+00:00,0.0001557075736470114
2024-11-15 23:00:00+00:00,0.00016543714669529233
2024-11-16 00:00:02+00:00,0.0001485834083187887
2024-11-16 01:00:08+00:00,0.00014388680194288726
2024-11-16 02:00:05+00:00,0.00017833334055781684
2024-11-16 03:00:10+00:00,0.00018517707764958256
2024-11-16 04:00:11+00:00,0.00019722378745311392
2024-11-16 05:00:02+00:00,0.00017582927362248522
2024-11-16 06:00:07+00:00,0.000163592269878337
2024-11-16 07:00:05+00:00,0.00015942858211115537
2024-11-16 08:00:02+00:00,0.0001629258623604303
2024-11-16 09:00:12+00:00,0.00017695316537797904
2024-11-16 10:00:01+00:00,0.00015884506681417302
2024-11-16 11:00:00+00:00,0.00016797702198479138
2024-11-16 12:00:08+00:00,0.00017212573462806739
2024-11-16 13:00:09+00:00,0.0001482514944138959
2024-11-16 14:00:10+00:00,0.00014654057041450688
2024-11-16 15:00:12+00:00,0.00014627769397148775
2024-11-16 16:00:05+00:00,0.00012582603006135385
2024-11-16 17:00:07+00:00,0.0001564579315197209
2024-11-16 18:00:03+00:00,0.0001660172684527547
2024-11-16 19:00:12+00:00,0.00017831524355717843
2024-11-16 20:00:02+00:00,0.00018725917599375365
2024-11-16 21:00:21+00:00,0.00018297825535455462
2024-11-16 22:00:01+00:00,0.00018465885006019298
2024-11-16 23:00:05+00:00,0.00019516543569396077
2024-11-17 00:00:07+00:00,0.00018157769379696198
2024-11-17 01:00:09+00:00,0.0001960737693393524
2024-11-17 02:00:00+00:00,0.00017488896467403125
2024-11-17 03:00:01+00:00,0.00014967689511585577
2024-11-17 04:00:07+00:00,0.0001314622555486554
2024-11-17 05:00:25+00:00,0.00015263101030728275
2024-11-17 06:00:31+00:00,0.0001390477267276768
2024-11-17 07:00:15+00:00,0.00014931112138708943
2024-11-17 08:00:13+00:00,0.0001290490521401539
2024-11-17 09:00:05+00:00,0.00014121845743342903
2024-11-17 10:00:04+00:00,0.00013873498236206572
2024-11-17 11:00:09+00:00,0.00014203079650742
2024-11-17 12:00:00+00:00,0.0001341205399617777
2024-11-17 13:00:16+00:00,0.00014914076903585445
2024-11-17 14:00:03+00:00,0.0001396005233499124
2024-11-17 15:00:08+00:00,0.00013149882287229398
2024-11-17 16:00:17+00:00,0.00012878449594912902
2024-11-17 17:00:21+00:00,0.00014167805687397464
2024-11-17 18:00:12+00:00,0.0001546523920400943
2024-11-17 19:00:02+00:00,0.00015308451480171132
2024-11-17 20:00:43+00:00,0.0001529623730958791
2024-11-17 21:00:13+00:00,0.0001518913049687907
2024-11-17 22:00:15+00:00,0.00014658160581186659
2024-11-17 23:00:00+00:00,0.0001612853216313473
2024-11-18 00:00:02+00:00,0.00017148856190153035
2024-11-18 01:00:08+00:00,0.00017590664896470433
2024-11-18 02:00:07+00:00,0.00017963733783153953
2024-11-18 03:00:07+00:00,0.00016295404513612835
2024-11-18 04:00:17+00:00,0.0001595926836882677
2024-11-18 05:00:12+00:00,0.00015941906853623024
2024-11-18 06:00:08+00:00,0.00017612653521963784
2024-11-18 07:00:10+00:00,0.00018712176171849744
2024-11-18 08:00:23+00:00,0.00017269520266336393
2024-11-18 09:00:16+00:00,0.00016304636784418274
2024-11-18 10:00:18+00:00,0.00015262971648211064
2024-11-18 11:00:02+00:00,0.00016921698160854952
2024-11-18 12:00:35+00:00,0.00015624632332009676
2024-11-18 13:00:14+00:00,0.00019321280334736124
2024-11-18 14:00:51+00:00,0.0001447028447099417
2024-11-18 15:00:01+00:00,0.00016554910249043213
2024-11-18 16:00:16+00:00,0.00011462690410985984
2024-11-18 17:00:54+00:00,5.763445716155223e-05
2024-11-18 18:00:21+00:00,5.5892128168568206e-05
2024-11-18 19:00:13+00:00,5.119480534966797e-05
2024-11-18 20:00:03+00:00,5.994397963523073e-05
2024-11-18 21:00:21+00:00,7.738187240913351e-05
2024-11-18 22:00:05+00:00,8.428028385638467e-05
2024-11-18 23:00:10+00:00,8.03328096970015e-05
2024-11-19 00:00:30+00:00,8.382099081667314e-05
2024-11-19 01:00:08+00:00,8.869046576340578e-05
2024-11-19 02:00:00+00:00,0.00010369954465571591
2024-11-19 03:00:09+00:00,0.00014066401725199427
2024-11-19 04:00:12+00:00,0.00013708241414629515
2024-11-19 05:00:16+00:00,0.0001275553179334203
2024-11-19 06:00:05+00:00,0.00013461776164233402
2024-11-19 07:00:07+00:00,0.00011341145041184282
2024-11-19 08:00:19+00:00,0.00010758536292006697
2024-11-19 09:00:15+00:00,0.00011033439294217906
2024-11-19 10:00:02+00:00,0.0001005545628034153
2024-11-19 11:00:12+00:00,0.00010085870556308628
2024-11-19 12:00:15+00:00,0.00014121702465178367
2024-11-19 13:00:16+00:00,0.00016512245797023787
2024-11-19 14:00:03+00:00,0.00015070522695250874
2024-11-19 15:00:23+00:00,0.00015007929438885816
2024-11-19 16:00:40+00:00,0.0001596398792790996
2024-11-19 17:00:04+00:00,0.00014899148988645663
2024-11-19 18:00:00+00:00,0.0001277620354540918
2024-11-19 19:00:28+00:00,6.599459878622998e-05
2024-11-19 20:00:38+00:00,7.233568009026666e-05
2024-11-19 21:00:02+00:00,5.524807842698764e-05
2024-11-19 22:00:14+00:00,8.006815248758553e-05
2024-11-19 23:00:19+00:00,0.0001074920326183361
2024-11-20 00:00:17+00:00,0.00011075154494452121
2024-11-20 01:00:45+00:00,7.696565450346205e-05
2024-11-20 02:00:14+00:00,9.516628049011882e-05
2024-11-20 03:00:21+00:00,9.082033037947896e-05
2024-11-20 04:00:12+00:00,8.445662235788729e-05
2024-11-20 05:00:19+00:00,8.943110925884632e-05
2024-11-20 06:00:31+00:00,0.00010047903621961276
2024-11-20 07:00:12+00:00,9.261168737464794e-05
2024-11-20 08:00:09+00:00,0.00010412886794820352
2024-11-20 09:00:05+00:00,0.00013102246597863145
2024-11-20 10:00:21+00:00,0.00013877688759827343
2024-11-20 11:00:07+00:00,0.00013380419729010345
2024-11-20 12:00:10+00:00,0.0001241955770380011
2024-11-20 13:00:18+00:00,0.0001270358971477745
2024-11-20 14:00:51+00:00,0.00013114989968750353
2024-11-20 15:00:16+00:00,0.00011183712544046365
2024-11-20 16:00:30+00:00,0.00010650803398782273
2024-11-20 17:00:01+00:00,9.628909940035089e-05
2024-11-20 18:00:42+00:00,0.00010953541114200803
2024-11-20 19:00:32+00:00,0.00010338837950155299
2024-11-20 20:00:07+00:00,7.095130224732178e-05
2024-11-20 21:00:08+00:00,7.774160191202212e-05
2024-11-20 22:00:11+00:00,6.573582606035794e-05
2024-11-20 23:00:11+00:00,6.962526030052567e-05
2024-11-21 00:00:08+00:00,6.0136095187957385e-05
2024-11-21 01:00:05+00:00,7.017091538996443e-05
2024-11-21 02:00:10+00:00,8.948715402452643e-05
2024-11-21 03:00:11+00:00,7.090255075200706e-05
2024-11-21 04:00:02+00:00,8.669545385889529e-05
2024-11-21 05:00:34+00:00,7.588033142792888e-05
2024-11-21 06:00:08+00:00,4.426999790083037e-05
2024-11-21 07:00:00+00:00,2.8875009898535703e-05
2024-11-21 08:00:18+00:00,2.1560077170170797e-05
2024-11-21 09:00:03+00:00,1.829036119386917e-05
2024-11-21 10:00:08+00:00,2.506998068191066e-05
2024-11-21 11:00:10+00:00,3.839878124644485e-05
2024-11-21 12:00:13+00:00,5.165862591312899e-05
2024-11-21 13:00:17+00:00,7.326909203249017e-05
2024-11-21 14:36:24+00:00,0.00011670464412084339
2024-11-21 16:00:19+00:00,4.953255216215924e-05
2024-11-21 17:00:15+00:00,5.2523810888935383e-05
2024-11-21 18:00:43+00:00,5.9386816320774835e-05
2024-11-22 00:00:27+00:00,6.76652117941427e-05
2024-11-22 01:00:08+00:00,4.795006198050226e-05
2024-11-22 02:00:14+00:00,8.061253162131935e-05
2024-11-22 03:00:02+00:00,8.239764004715902e-05
2024-11-22 04:00:07+00:00,8.576278492574878e-05
2024-11-22 05:00:13+00:00,0.00012312527536464908
2024-11-22 06:00:09+00:00,0.0001195244152274744
2024-11-22 07:00:17+00:00,0.00012702216570754742
2024-11-22 08:00:15+00:00,0.00013007912703337824
2024-11-22 09:00:17+00:00,0.00013189758944539878
2024-11-22 10:00:13+00:00,0.0001322577917608888
2024-11-22 11:00:08+00:00,0.00012316847998958115
2024-11-22 12:00:09+00:00,0.0001098582220801549
2024-11-22 13:00:12+00:00,8.875050790945479e-05
2024-11-22 14:00:12+00:00,5.033606320328111e-05
2024-11-22 15:00:11+00:00,5.45925393887151e-05
2024-11-22 16:00:03+00:00,7.377669036512305e-05
2024-11-22 17:00:14+00:00,7.56671293568943e-05
2024-11-22 18:00:10+00:00,8.405362105092532e-05
2024-11-22 19:00:03+00:00,0.00011066252207716937
2024-11-22 20:00:06+00:00,0.00012713075704362252
2024-11-22 21:00:22+00:00,0.00013635132268800286
2024-11-22 22:00:10+00:00,0.0001713109388084684
2024-11-22 23:00:17+00:00,0.00015816740943322665
2024-11-23 00:00:15+00:00,0.0001937285957387896
2024-11-23 01:00:05+00:00,0.00018487355746762328
2024-11-23 02:00:18+00:00,0.00017619994121273819
2024-11-23 03:00:22+00:00,0.00015856983966756137
2024-11-23 04:00:13+00:00,0.00017948513509652184
2024-11-23 05:00:11+00:00,0.00015830282804378936
2024-11-23 06:00:38+00:00,0.00015916419018297578
2024-11-23 07:00:10+00:00,0.000149747429511005
2024-11-23 08:00:35+00:00,0.0001375063658903916
2024-11-23 09:00:01+00:00,0.00013606328255414657
2024-11-23 10:00:12+00:00,0.0001284858192095635
2024-11-23 11:00:02+00:00,0.0001224701466248893
2024-11-23 12:00:16+00:00,0.00014121032595228977
2024-11-23 13:00:08+00:00,0.00014645767020883142
2024-11-23 14:00:39+00:00,0.00010419151739664736
2024-11-23 15:00:00+00:00,6.084156631675296e-05
2024-11-23 16:00:01+00:00,-3.5507848638080846e-05
2024-11-23 17:00:19+00:00,-7.172927848865497e-05
2024-11-23 18:00:17+00:00,-7.979020369998182e-05
2024-11-23 19:00:14+00:00,-8.710760184823013e-05
2024-11-23 20:00:02+00:00,-7.980057400182582e-05
2024-11-23 21:00:09+00:00,-8.111165158454836e-05
2024-11-23 22:00:24+00:00,-6.403671754819618e-05
2024-11-23 23:00:28+00:00,-4.408673778786699e-05
2024-11-24 00:00:08+00:00,1.7249028219536578e-05
2024-11-24 01:00:15+00:00,7.90924378811315e-05
2024-11-24 02:00:15+00:00,7.484311047889256e-05
2024-11-24 03:00:08+00:00,7.37945438058788e-05
2024-11-24 04:00:11+00:00,7.389194276591843e-05
2024-11-24 05:00:12+00:00,5.671990459485579e-05
2024-11-24 06:00:04+00:00,5.607449196271696e-05
2024-11-24 07:00:12+00:00,5.378091973482121e-05
2024-11-24 08:00:09+00:00,5.2550258723367935e-05
2024-11-24 09:00:15+00:00,5.326979480107177e-05
2024-11-24 10:00:17+00:00,2.4260641720815644e-05
2024-11-24 11:00:03+00:00,-1.3150389455591511e-05
2024-11-24 12:00:10+00:00,-1.1396479245224853e-05
2024-11-24 13:00:15+00:00,5.3925811113395895e-06
2024-11-24 14:00:09+00:00,3.2551507305168015e-05
2024-11-24 15:00:10+00:00,4.821009026925993e-05
2024-11-24 16:00:54+00:00,-2.2242013472943818e-05
2024-11-24 17:00:34+00:00,-4.1505515518084e-05
2024-11-24 18:02:00+00:00,-2.848923798225103e-05
2024-11-24 19:00:12+00:00,-3.367642587374168e-05
2024-11-24 20:00:14+00:00,-4.807944047353981e-05
2024-11-24 21:00:03+00:00,-5.4316240210472186e-05
2024-11-24 22:00:02+00:00,-5.685141040065408e-05
2024-11-24 23:00:00+00:00,-5.358318467385403e-05
2024-11-25 00:00:06+00:00,-5.995684057069025e-05
2024-11-25 01:00:14+00:00,-2.5378028270789576e-05
2024-11-25 02:00:08+00:00,-5.578286720887049e-07
2024-11-25 03:00:00+00:00,8.729360424541926e-06
2024-11-25 04:00:12+00:00,2.923188203627089e-05
2024-11-25 05:00:13+00:00,0.00010826494643181589
2024-11-25 06:00:13+00:00,0.00021770895654951982
2024-11-25 07:00:04+00:00,0.00023460044600043806
2024-11-25 08:00:06+00:00,0.00021813182734279124
2024-11-25 09:00:07+00:00,0.00019876413427397763
2024-11-25 10:00:15+00:00,0.0001973085712675878
2024-11-25 11:00:07+00:00,0.00019028589659587773
2024-11-25 12:00:04+00:00,0.00018706520856779589
2024-11-25 13:00:02+00:00,0.00018395712779423488
2024-11-25 14:00:09+00:00,0.00015599257317391968
2024-11-25 15:00:16+00:00,0.00011309980069687712
2024-11-25 16:00:38+00:00,0.00011669148158287414
2024-11-25 17:00:20+00:00,9.985119734544754e-05
2024-11-25 18:00:00+00:00,6.691315837546921e-05
2024-11-25 19:00:13+00:00,2.007325102674644e-05
2024-11-25 20:00:03+00:00,3.933763238787241e-06
2024-11-25 21:00:19+00:00,1.7239068623171199e-06
2024-11-25 22:00:02+00:00,-3.1784891618592087e-06
2024-11-25 23:00:18+00:00,-6.358489326376951e-06
2024-11-26 00:00:13+00:00,-1.7782540187966234e-05
2024-11-26 01:00:11+00:00,-1.721228565566363e-05
2024-11-26 02:00:17+00:00,-1.5123984308415612e-05
2024-11-26 03:00:00+00:00,-1.3430687854595159e-05
2024-11-26 04:00:08+00:00,-1.3348698066373083e-05
2024-11-26 05:00:18+00:00,-8.899821838250291e-06
2024-11-26 06:00:12+00:00,2.6999313515008147e-06
2024-11-26 07:00:13+00:00,1.4864665688997697e-05
2024-11-26 08:00:37+00:00,1.0374368678383832e-05
2024-11-26 09:00:15+00:00,1.7964748631799482e-05
2024-11-26 10:00:02+00:00,2.92454991514338e-05
2024-11-26 11:00:11+00:00,3.173203100111731e-07
2024-11-26 12:00:02+00:00,-8.146787011885606e-05
2024-11-26 13:00:03+00:00,-2.9005487669595506e-05
2024-11-26 14:00:28+00:00,-1.714104721118941e-06
2024-11-26 15:01:01+00:00,2.786003799080051e-05
2024-11-26 16:00:09+00:00,8.545984656200483e-05
2024-11-26 17:00:01+00:00,0.00013755391289343142
2024-11-26 18:00:12+00:00,0.00012265252411275206
2024-11-26 19:00:00+00:00,0.00010345236514328915
2024-11-26 20:00:20+00:00,0.00012076130265810274
2024-11-26 21:00:07+00:00,0.00013410334644672659
2024-11-26 22:00:07+00:00,0.00014753196836063566
2024-11-26 23:00:18+00:00,0.00015539078707648826
2024-11-27 00:00:12+00:00,0.00013283490167416377
2024-11-27 01:00:00+00:00,0.0001352951711834016
2024-11-27 02:00:02+00:00,0.00015459031166574873
2024-11-27 03:00:11+00:00,0.00010845937064684469
2024-11-27 04:00:11+00:00,8.086030865749375e-05
2024-11-27 05:00:14+00:00,0.00010313937000419306
2024-11-27 06:00:17+00:00,8.744209402753223e-05
2024-11-27 07:00:01+00:00,9.930737496279277e-05
2024-11-27 08:00:02+00:00,7.879194629385553e-05
2024-11-27 09:00:08+00:00,6.269383443060361e-05
2024-11-27 10:00:09+00:00,4.7077852489495225e-05
2024-11-27 11:00:13+00:00,3.8181153625243554e-05
2024-11-27 12:00:13+00:00,2.6492127374361936e-05
2024-11-27 13:00:56+00:00,1.684228752391144e-05
2024-11-27 14:02:31+00:00,4.050708389832123e-05
2024-11-27 15:11:33+00:00,0.00013782063080179917
2024-11-27 16:00:10+00:00,3.3141029509851234e-05
2024-11-27 17:00:13+00:00,-1.5667568881793534e-05
2024-11-27 18:00:13+00:00,-3.149477501027618e-05
2024-11-27 19:00:25+00:00,3.305435242059792e-05
2024-11-27 20:00:02+00:00,6.961581869404775e-05
2024-11-27 21:00:06+00:00,0.00010405576275445154
2024-11-27 22:00:14+00:00,9.686511092457497e-05
2024-11-27 23:00:39+00:00,0.00011445531718694908
2024-11-28 00:00:07+00:00,9.575479328469339e-05
2024-11-28 01:00:11+00:00,7.83095966081591e-05
2024-11-28 02:00:04+00:00,5.527408182549244e-05
2024-11-28 03:00:06+00:00,2.656884205275885e-05
2024-11-28 04:00:11+00:00,1.614191470284614e-05
2024-11-28 05:00:10+00:00,1.3225377971980587e-05
2024-11-28 06:00:14+00:00,1.0433550337246237e-05
2024-11-28 07:00:14+00:00,7.510315237925155e-06
2024-11-28 08:00:18+00:00,2.4331772223807633e-06
2024-11-28 09:00:17+00:00,2.0354318595188696e-06
2024-11-28 10:00:18+00:00,4.16894314122973e-08
2024-11-28 11:00:04+00:00,-1.4119521674350419e-05
2024-11-28 12:00:15+00:00,-2.1874707183892582e-05
2024-11-28 13:00:16+00:00,-2.3483127593082498e-05
2024-11-28 14:00:08+00:00,-2.926512400126836e-05
2024-11-28 15:00:13+00:00,-3.0967091651803114e-05
2024-11-28 16:00:03+00:00,-3.657076014918629e-05
2024-11-28 17:00:27+00:00,-1.890312485838568e-05
2024-11-28 18:00:18+00:00,-1.2503697662672122e-05
2024-11-28 19:00:16+00:00,-5.030163889184845e-06
2024-11-28 20:00:00+00:00,-4.415214262078372e-07
2024-11-28 21:00:01+00:00,5.772873419865985e-07
2024-11-28 22:00:02+00:00,8.968836451372485e-06
2024-11-28 23:00:02+00:00,1.857489758625937e-05
2024-11-29 00:00:15+00:00,2.273727161979261e-05
2024-11-29 01:00:15+00:00,2.843323308068581e-05
2024-11-29 02:00:14+00:00,3.0375665274331653e-05
2024-11-29 03:00:01+00:00,3.166451932813607e-05
2024-11-29 04:00:20+00:00,2.9852502678072342e-05
2024-11-29 05:00:00+00:00,2.964352242044443e-05
2024-11-29 06:00:19+00:00,2.9137347334359068e-05
2024-11-29 07:00:05+00:00,2.91253417863862e-05
2024-11-29 08:00:05+00:00,1.9759423455536185e-05
2024-11-29 09:00:02+00:00,2.486031724007085e-05
2024-11-29 10:00:04+00:00,3.6989982065476915e-05
2024-11-29 11:00:05+00:00,4.4241185282972245e-05
2024-11-29 12:00:07+00:00,3.968801240269466e-05
2024-11-29 13:00:08+00:00,5.692296646964234e-05
2024-11-29 14:00:08+00:00,0.00013114403349101097
2024-11-29 15:00:16+00:00,0.00015504824526898242
2024-11-29 16:00:07+00:00,0.00015379475680373007
2024-11-29 17:00:11+00:00,0.0001554702702373582
2024-11-29 18:00:22+00:00,0.00016640258702383664
2024-11-29 19:00:02+00:00,0.0001659190820158009
2024-11-29 20:00:09+00:00,0.0001734945180916788
2024-11-29 21:00:15+00:00,0.00017859530753286547
2024-11-29 22:00:02+00:00,0.00017034267881140843
2024-11-29 23:00:15+00:00,9.645616956950667e-05
2024-11-30 00:00:22+00:00,6.231192831297932e-05
2024-11-30 01:00:02+00:00,5.465136811347408e-05
2024-11-30 02:00:03+00:00,6.07022445863087e-05
2024-11-30 03:00:10+00:00,6.310399639656669e-05
2024-11-30 04:00:09+00:00,6.564428133015956e-05
2024-11-30 05:00:15+00:00,5.998073039722471e-05
2024-11-30 06:00:18+00:00,6.0098247805095575e-05
2024-11-30 07:00:01+00:00,6.808715545276444e-05
2024-11-30 08:00:04+00:00,6.662810740076274e-05
2024-11-30 09:00:08+00:00,6.82201793339495e-05
2024-11-30 10:00:09+00:00,6.961536245950691e-05
2024-11-30 11:00:12+00:00,8.467009515003175e-05
2024-11-30 12:00:18+00:00,8.105531693985967e-05
2024-11-30 13:00:01+00:00,8.68397025419355e-05
2024-11-30 14:00:06+00:00,8.13756478557822e-05
2024-11-30 15:00:05+00:00,9.612598055121072e-05
2024-11-30 16:00:19+00:00,0.00010472311818722984
2024-11-30 17:00:03+00:00,9.40600874866745e-05
2024-11-30 18:00:39+00:00,8.027199217039339e-05
2024-11-30 19:00:08+00:00,8.322481786373666e-05
2024-11-30 20:00:07+00:00,0.00012732282909331952
2024-11-30 21:00:22+00:00,0.0001279386828331341
2024-11-30 22:00:03+00:00,0.00010457262354394101
2024-11-30 23:00:15+00:00,9.42693128099946e-05
2024-12-01 00:00:14+00:00,0.00010566529466549644
2024-12-01 01:00:49+00:00,8.86677058537605e-05
2024-12-01 02:02:46+00:00,8.129195908802964e-05
2024-12-01 03:00:05+00:00,8.90401877443427e-05
2024-12-01 04:00:44+00:00,8.776838401586932e-05
2024-12-01 05:00:04+00:00,8.682069103556243e-05
2024-12-01 06:00:03+00:00,8.580480216695853e-05
2024-12-01 07:00:03+00:00,9.0165120811558e-05
2024-12-01 08:00:03+00:00,9.053807666100726e-05
2024-12-01 09:00:05+00:00,9.183813571002884e-05
2024-12-01 10:00:17+00:00,8.748588916557612e-05
2024-12-01 11:00:04+00:00,8.412378128270519e-05
2024-12-01 12:00:00+00:00,8.472592429203992e-05
2024-12-01 13:00:02+00:00,8.017095220332322e-05
2024-12-01 14:00:06+00:00,8.349783110858819e-05
2024-12-01 15:05:28+00:00,8.800901113097362e-05
2024-12-01 16:00:18+00:00,6.615224873064096e-05
2024-12-01 17:01:33+00:00,5.918262017911307e-05
2024-12-01 18:05:46+00:00,3.516003757009833e-05
2024-12-01 19:00:12+00:00,4.667863593013221e-05
2024-12-01 20:05:58+00:00,2.5841020568994406e-05
2024-12-01 21:00:05+00:00,3.7222325479585995e-05
2024-12-01 22:00:00+00:00,6.99723164965178e-05
2024-12-01 23:01:50+00:00,5.583774282818943e-05
2024-12-02 00:00:04+00:00,6.542631528749703e-05
2024-12-02 01:00:01+00:00,7.506372896459857e-05
2024-12-02 02:00:12+00:00,8.622996419120399e-05
2024-12-02 03:00:05+00:00,8.011552318678009e-05
2024-12-02 04:00:31+00:00,7.12335624512436e-05
2024-12-02 05:00:03+00:00,-0.00018433381107279005
2024-12-02 06:00:03+00:00,-0.00012092555354824653
2024-12-02 07:00:19+00:00,-9.752109071885008e-05
2024-12-02 08:00:01+00:00,-0.00010216232715300059
2024-12-02 09:00:12+00:00,-0.00010107220986819046
2024-12-02 10:00:15+00:00,-0.00012310821882169178
2024-12-02 11:00:05+00:00,-0.00011870018706956181
2024-12-02 12:00:00+00:00,-9.19686523222327e-05
2024-12-02 13:00:03+00:00,-5.320604957195412e-05
2024-12-02 14:00:11+00:00,-4.5360501516846375e-05
2024-12-02 15:00:16+00:00,-6.0682419913326215e-06
2024-12-02 16:00:13+00:00,4.114308477111809e-05
2024-12-02 17:01:23+00:00,9.615566979902854e-05
2024-12-02 18:00:34+00:00,7.877876580447983e-05
2024-12-02 19:00:16+00:00,0.0001059970597123346
2024-12-02 20:00:18+00:00,0.00010978399883170851
2024-12-02 21:00:06+00:00,0.0001107091904097095
2024-12-02 22:02:28+00:00,0.00011349890029879946
2024-12-02 23:00:21+00:00,0.0001091282966525093
2024-12-03 00:00:07+00:00,0.0001626934014416577
2024-12-03 01:00:01+00:00,0.00017252992272507223
2024-12-03 02:00:03+00:00,0.00015866818848242137
2024-12-03 03:00:10+00:00,0.0001987722293033098
2024-12-03 04:00:04+00:00,0.00016039415434474443
2024-12-03 05:00:19+00:00,0.0001570301500412481
2024-12-03 06:00:15+00:00,0.0002711855475853353
2024-12-03 07:03:01+00:00,0.0001548845934636116
2024-12-03 08:00:04+00:00,0.00016852598615125892
2024-12-03 09:00:21+00:00,0.00019715022844418433
2024-12-03 10:00:11+00:00,0.0002232585349946424
2024-12-03 11:00:16+00:00,0.0001792963482198992
2024-12-03 12:00:00+00:00,0.00016046949589104773
2024-12-03 13:00:13+00:00,0.0001289587952470465
2024-12-03 14:00:34+00:00,0.00010704754424135276
2024-12-03 15:00:14+00:00,1.0496196963379787e-05
2024-12-03 16:00:08+00:00,1.1135191906898297e-05
2024-12-03 17:00:13+00:00,9.822926320786156e-06
2024-12-03 18:00:00+00:00,3.8452314971149264e-05
2024-12-03 19:02:45+00:00,6.4813056796827e-05
2024-12-03 20:01:30+00:00,6.344071091881292e-05
2024-12-03 21:00:17+00:00,0.00010376763675413222
2024-12-03 22:00:25+00:00,8.239728522309694e-05
2024-12-03 23:00:13+00:00,5.482804982050582e-05
2024-12-04 00:00:15+00:00,4.54040071451691e-05
2024-12-04 01:00:15+00:00,7.344657389933955e-05
2024-12-04 02:00:03+00:00,8.493932325970196e-05
2024-12-04 03:00:14+00:00,6.224504013682434e-05
2024-12-04 04:00:05+00:00,8.24976631787801e-05
2024-12-04 05:01:00+00:00,6.98765068999499e-05
2024-12-04 06:00:24+00:00,7.732962964218609e-05
2024-12-04 07:00:07+00:00,6.552320001430689e-05
2024-12-04 08:00:09+00:00,8.165640259562436e-05
2024-12-04 09:00:09+00:00,6.717895433180946e-05
2024-12-04 10:00:15+00:00,8.493641275360139e-05
2024-12-04 11:00:06+00:00,0.00011882222845268061
2024-12-04 12:00:19+00:00,0.00014445134390974308
2024-12-04 13:00:01+00:00,0.00013154272990690869
2024-12-04 14:00:06+00:00,0.00011837100850829636
2024-12-04 15:00:09+00:00,0.00019624916970030457
2024-12-04 16:00:09+00:00,0.00015279325685584158
2024-12-04 17:00:17+00:00,0.00010994269179987078
2024-12-04 18:00:01+00:00,5.101540973734644e-05
2024-12-04 19:00:07+00:00,2.6296168566017112e-05
2024-12-04 20:00:14+00:00,1.5652353900507195e-05
2024-12-04 21:00:04+00:00,1.0052343662690251e-05
2024-12-04 22:00:07+00:00,3.436795664750376e-05
2024-12-04 23:00:02+00:00,8.272342349221065e-05
2024-12-05 00:00:15+00:00,0.0001462405401959188
2024-12-05 01:00:02+00:00,0.00015879824570906204
2024-12-05 02:00:05+00:00,0.00023369113729069317
2024-12-05 03:00:05+00:00,0.00018251388833684157
2024-12-05 04:00:07+00:00,0.00016342063610015685
2024-12-05 05:00:07+00:00,0.00020075823553371305
2024-12-05 06:00:03+00:00,0.00017473082806994766
2024-12-05 07:00:10+00:00,0.00015642038278604824
2024-12-05 08:00:10+00:00,0.0001396820130526772
2024-12-05 09:00:11+00:00,0.00014276565145403638
2024-12-05 10:00:01+00:00,0.00013296553152998664
2024-12-05 11:00:09+00:00,0.00012934767783819254
2024-12-05 12:00:07+00:00,0.0001430971225644203
2024-12-05 13:00:04+00:00,0.00020581037872838026
2024-12-05 14:00:08+00:00,0.0001709180622498162
2024-12-05 15:00:16+00:00,0.00017487350157654818
2024-12-05 16:00:13+00:00,0.000134191782242129
2024-12-05 17:00:11+00:00,0.00013041487867813094
2024-12-05 18:00:11+00:00,0.00012268657950201947
2024-12-05 19:00:11+00:00,0.00010493610627604999
2024-12-05 20:00:16+00:00,0.00011576233640286454
2024-12-05 21:00:20+00:00,0.00014459996518351707
2024-12-05 22:00:12+00:00,0.00010861101759770634
2024-12-05 23:00:15+00:00,8.960235137474136e-05
2024-12-06 00:00:12+00:00,6.74039961227631e-05
2024-12-06 01:00:04+00:00,7.446399118522776e-05
2024-12-06 02:00:16+00:00,7.902788909984052e-05
2024-12-06 03:00:02+00:00,7.096511135848683e-05
2024-12-06 04:00:11+00:00,7.080628724466993e-05
2024-12-06 05:00:12+00:00,8.194449349569334e-05
2024-12-06 06:00:01+00:00,9.998165343072949e-05
2024-12-06 07:00:11+00:00,0.00010523935806422714
2024-12-06 08:00:18+00:00,0.0001006282184723145
2024-12-06 09:00:19+00:00,0.00011053292718104274
2024-12-06 10:00:07+00:00,0.0001305527742329825
2024-12-06 11:00:11+00:00,0.00013753734070791644
2024-12-06 12:00:01+00:00,0.00012232214544593195
2024-12-06 13:00:06+00:00,0.00014153358611688742
2024-12-06 14:00:10+00:00,0.0001439528579308246
2024-12-06 15:00:03+00:00,0.00014405394129516982
2024-12-06 16:00:15+00:00,0.00020485588411127287
2024-12-06 17:00:07+00:00,0.00014689430981056786
2024-12-06 18:00:01+00:00,0.0001351446464360268
2024-12-06 19:00:12+00:00,0.0001405245696007769
2024-12-06 20:00:01+00:00,0.00017570652651427212
2024-12-06 21:00:17+00:00,0.00017108278569527514
2024-12-06 22:00:12+00:00,0.00012854571235786606
2024-12-06 23:00:08+00:00,0.0001464196583840215
2024-12-07 00:00:06+00:00,0.00017916047740567238
2024-12-07 01:00:08+00:00,0.00014269545026183097
2024-12-07 02:00:03+00:00,0.0001426376140808909
2024-12-07 03:00:18+00:00,0.00014262431375162832
2024-12-07 04:00:05+00:00,0.0002455889206659361
2024-12-07 05:00:04+00:00,0.00019807524862741787
2024-12-07 06:00:12+00:00,0.00016563596565405978
2024-12-07 07:00:01+00:00,0.00014577490821343888
2024-12-07 08:00:01+00:00,0.00016753655772432685
2024-12-07 09:00:20+00:00,0.00017857671551646566
2024-12-07 10:00:05+00:00,0.00015702706656102087
2024-12-07 11:00:04+00:00,0.00014915283466367593
2024-12-07 12:00:20+00:00,0.00016550869436900552
2024-12-07 13:00:21+00:00,0.000180252438181499
2024-12-07 14:00:18+00:00,0.00016298655558512172
2024-12-07 15:00:20+00:00,0.00016181895056349572
2024-12-07 16:00:03+00:00,0.00015727923507441203
2024-12-07 17:00:07+00:00,0.00018185974222202387
2024-12-07 18:00:03+00:00,0.0001778520658720574
2024-12-07 19:00:02+00:00,0.0001606263018712602
2024-12-07 20:00:09+00:00,0.0001886022020524152
2024-12-07 21:00:07+00:00,0.00022427367709291045
2024-12-07 22:00:06+00:00,0.00018850280666125838
2024-12-07 23:00:02+00:00,0.00016598061346434736
2024-12-08 00:00:03+00:00,0.00015533774438803254
2024-12-08 01:00:02+00:00,0.0001512129284190488
2024-12-08 02:00:12+00:00,0.00015309109277190615
2024-12-08 03:00:13+00:00,0.00015093618981239235
2024-12-08 04:00:12+00:00,0.00014953069320610367
2024-12-08 05:00:07+00:00,0.0001505265008670022
2024-12-08 06:00:12+00:00,0.00015147895352300226
2024-12-08 07:00:22+00:00,0.0001994130654985694
2024-12-08 08:00:02+00:00,0.00019792564025576163
2024-12-08 09:00:18+00:00,0.00018140079236370432
2024-12-08 10:00:17+00:00,0.00022644668874010243
2024-12-08 11:00:11+00:00,0.00020822900799250695
2024-12-08 12:00:00+00:00,0.00024784144342861306
2024-12-08 13:00:08+00:00,0.00028597521693817326
2024-12-08 14:00:09+00:00,0.00024432854639425686
2024-12-08 15:00:08+00:00,0.00023195784144619576
2024-12-08 16:00:32+00:00,0.00022460001272204896
2024-12-08 17:00:01+00:00,0.00024097327054658805
2024-12-08 18:00:38+00:00,0.00020035231795184513
2024-12-08 19:00:00+00:00,0.00018251463459533857
2024-12-08 20:00:04+00:00,0.0001595030706497333
2024-12-08 21:00:05+00:00,0.00015995823895164406
2024-12-08 22:00:09+00:00,0.0001869964469915101
2024-12-08 23:00:13+00:00,0.00019120302955623954
2024-12-09 00:00:12+00:00,0.00015790478834278778
2024-12-09 01:00:09+00:00,0.00017695121888310699
2024-12-09 02:00:03+00:00,0.0001767395253594068
2024-12-09 03:00:14+00:00,0.00017923674290246366
2024-12-09 04:00:06+00:00,0.0001776375970106914
2024-12-09 05:00:07+00:00,0.00014510137105031818
2024-12-09 06:00:06+00:00,0.0001325577605213793
2024-12-09 07:00:07+00:00,0.0001799788139858096
2024-12-09 08:00:12+00:00,0.00018229781321162618
2024-12-09 09:00:18+00:00,0.00018290829087164233
2024-12-09 10:00:00+00:00,0.00017185854605606947
2024-12-09 11:00:06+00:00,0.00012816144362285466
2024-12-09 12:00:10+00:00,0.00013626429977560883
2024-12-09 13:00:32+00:00,0.00011146038569009974
2024-12-09 14:00:06+00:00,0.00012165384966477056
2024-12-09 15:00:09+00:00,0.0001358386286785471
2024-12-09 16:00:15+00:00,0.00015343319581747448
2024-12-09 17:00:00+00:00,0.00011629789275730274
2024-12-09 18:00:13+00:00,8.311982245634978e-05
2024-12-09 19:00:02+00:00,5.662694444768265e-05
2024-12-09 20:00:05+00:00,4.305090914909941e-05
2024-12-09 21:00:10+00:00,2.8036361431557885e-06
2024-12-09 22:00:01+00:00,-1.2409992162901918e-05
2024-12-09 23:00:15+00:00,5.347450195241511e-05
2024-12-10 00:00:01+00:00,8.393424557634585e-05
2024-12-10 01:00:00+00:00,0.00011681586744220418
2024-12-10 02:00:01+00:00,9.629157011870325e-05
2024-12-10 03:00:37+00:00,9.279668736743746e-05
2024-12-10 04:00:03+00:00,9.154186220871544e-05
2024-12-10 05:00:03+00:00,0.00011306165228580325
2024-12-10 06:00:04+00:00,0.0001787577961242584
2024-12-10 07:00:12+00:00,0.00013788763900133492
2024-12-10 08:00:10+00:00,8.730965375519608e-05
2024-12-10 09:00:15+00:00,7.704114944062129e-05
2024-12-10 10:00:04+00:00,8.010159705079677e-05
2024-12-10 11:00:16+00:00,8.864664746139098e-05
2024-12-10 12:00:02+00:00,6.685858103826293e-05
2024-12-10 13:00:07+00:00,7.123973219026359e-05
2024-12-10 14:00:15+00:00,7.20156756758658e-05
2024-12-10 15:00:18+00:00,7.875835045514244e-05
2024-12-10 16:00:07+00:00,0.00010703575183057807
2024-12-10 17:00:32+00:00,0.00011910940601659203
2024-12-10 18:00:43+00:00,0.00010414095758379061
2024-12-10 19:00:16+00:00,4.5236580869225446e-05
2024-12-10 20:00:04+00:00,2.3969370761309113e-05
2024-12-10 21:00:06+00:00,2.297754577121647e-05
2024-12-10 22:00:12+00:00,3.224586993110878e-05
2024-12-10 23:00:13+00:00,3.20941158685405e-05
2024-12-11 00:00:04+00:00,2.9403252148357864e-05
2024-12-11 01:00:07+00:00,3.080647346089381e-05
2024-12-11 02:00:15+00:00,3.439047485546074e-05
2024-12-11 03:00:12+00:00,4.189735876040193e-05
2024-12-11 04:00:10+00:00,3.643837696523619e-05
2024-12-11 05:00:02+00:00,4.262595376689758e-05
2024-12-11 06:00:22+00:00,3.712360589379605e-05
2024-12-11 07:00:14+00:00,3.483557897672249e-05
2024-12-11 08:00:10+00:00,3.9090421729807e-05
2024-12-11 09:00:05+00:00,4.807779994205613e-05
2024-12-11 10:00:13+00:00,4.3647867190441076e-05
2024-12-11 11:00:16+00:00,4.049551146426826e-05
2024-12-11 12:00:03+00:00,4.627149895770028e-05
2024-12-11 13:00:11+00:00,6.98348858461748e-05
2024-12-11 14:00:00+00:00,6.554302787307427e-05
2024-12-11 15:00:11+00:00,6.363236961904853e-05
2024-12-11 16:00:03+00:00,7.636132706118708e-05
2024-12-11 17:00:18+00:00,5.990730362150071e-05
2024-12-11 18:00:10+00:00,4.358698287856208e-05
2024-12-11 19:00:14+00:00,3.202848147137436e-05
2024-12-11 20:00:50+00:00,2.5708460541958405e-05
2024-12-11 21:00:12+00:00,2.1610538745923522e-05
2024-12-11 22:00:19+00:00,1.8815163764087857e-05
2024-12-11 23:00:19+00:00,1.9601497481725825e-05
2024-12-12 00:00:09+00:00,2.5192159705304203e-05
2024-12-12 01:00:04+00:00,4.0109423269141746e-05
2024-12-12 02:00:10+00:00,4.901296326535477e-05
2024-12-12 03:00:12+00:00,0.00012333403843420022
2024-12-12 04:00:11+00:00,0.00017208491033297244
2024-12-12 05:00:13+00:00,0.00013920275156149495
2024-12-12 06:00:17+00:00,0.0001096283537275717
2024-12-12 07:00:21+00:00,7.238862498780105e-05
2024-12-12 08:00:02+00:00,6.883667548476055e-05
2024-12-12 09:00:03+00:00,7.009188954835788e-05
2024-12-12 10:00:04+00:00,6.198148190486818e-05
2024-12-12 11:00:10+00:00,4.176674522331594e-05
2024-12-12 12:00:11+00:00,1.3434322228247096e-05
2024-12-12 13:00:15+00:00,3.260272762338197e-05
2024-12-12 14:00:00+00:00,5.107844174629819e-05
2024-12-12 15:00:10+00:00,5.1979363394370766e-05
2024-12-12 16:00:16+00:00,4.353126395204336e-05
2024-12-12 17:00:01+00:00,3.8673385092491844e-05
2024-12-12 18:00:05+00:00,3.4768650135458554e-05
2024-12-12 19:00:09+00:00,2.9123457631149307e-05
2024-12-12 20:00:13+00:00,3.140618542630916e-05
2024-12-12 21:00:10+00:00,2.560411648450853e-05
2024-12-12 22:00:04+00:00,4.047581297251347e-05
2024-12-12 23:00:13+00:00,7.895759575062272e-06
2024-12-13 00:00:21+00:00,3.5805739612974246e-06
2024-12-13 01:00:03+00:00,1.2175538254969466e-05
2024-12-13 02:00:14+00:00,-5.722345854438931e-07
2024-12-13 03:00:15+00:00,3.939708364466103e-05
2024-12-13 04:00:01+00:00,4.892446007374907e-05
2024-12-13 05:00:10+00:00,5.723799842891042e-05
2024-12-13 06:00:00+00:00,6.0078430178943116e-05
2024-12-13 07:00:03+00:00,6.247876773835541e-05
2024-12-13 08:00:11+00:00,6.613620549856236e-05
2024-12-13 09:00:09+00:00,6.003630184510406e-05
2024-12-13 10:00:17+00:00,6.398945278197101e-05
2024-12-13 11:00:03+00:00,7.290643606617343e-05
2024-12-13 12:00:05+00:00,7.49327906752745e-05
2024-12-13 13:00:08+00:00,8.208074253780018e-05
2024-12-13 14:00:08+00:00,8.00027489457585e-05
2024-12-13 15:00:14+00:00,8.804004905489368e-05
2024-12-13 16:00:01+00:00,0.00011919765455556724
2024-12-13 17:00:02+00:00,0.00014061517548794714
2024-12-13 18:00:11+00:00,0.00013203541014377782
2024-12-13 19:00:17+00:00,0.0001341007598167707
2024-12-13 20:00:02+00:00,0.0001406904002044847
2024-12-13 21:00:05+00:00,0.0001429200222456695
2024-12-13 22:00:05+00:00,0.00014475194055615524
2024-12-13 23:00:06+00:00,0.00014816813215951614
2024-12-14 00:00:10+00:00,0.0001574423741156361
2024-12-14 01:00:12+00:00,0.00017776553642457487
2024-12-14 02:00:17+00:00,0.0001396981309236022
2024-12-14 03:00:10+00:00,0.0001286155500902625
2024-12-14 04:00:14+00:00,9.772631529878859e-05
2024-12-14 05:00:12+00:00,7.466495005273933e-05
2024-12-14 06:00:18+00:00,6.561792438518238e-05
2024-12-14 07:00:00+00:00,6.29280950565805e-05
2024-12-14 08:00:02+00:00,5.942458613584481e-05
2024-12-14 09:00:07+00:00,5.656079414491157e-05
2024-12-14 10:00:17+00:00,3.5700827185280376e-05
2024-12-14 11:00:16+00:00,1.8350110857632683e-05
2024-12-14 12:00:04+00:00,1.8954145178577566e-05
2024-12-14 13:00:03+00:00,3.913916153818037e-05
2024-12-14 14:00:11+00:00,5.745747461038538e-05
2024-12-14 15:00:12+00:00,7.26731018415494e-05
2024-12-14 16:00:00+00:00,8.23782593530154e-05
2024-12-14 17:00:12+00:00,6.298085047718156e-05
2024-12-14 18:00:17+00:00,5.3225592355587025e-05
2024-12-14 19:00:18+00:00,5.036814228195067e-05
2024-12-14 20:00:04+00:00,3.130532784855594e-05
2024-12-14 21:00:02+00:00,2.7337824616613494e-05
2024-12-14 22:00:09+00:00,2.963393593687269e-05
2024-12-14 23:00:11+00:00,2.5138239426986662e-05
2024-12-15 00:00:07+00:00,3.0497977487215437e-05
2024-12-15 01:00:17+00:00,3.624798941968332e-05
2024-12-15 02:00:01+00:00,4.4157760047756324e-05
2024-12-15 03:00:07+00:00,4.3142752772097025e-05
2024-12-15 04:00:03+00:00,4.385160988238956e-05
2024-12-15 05:00:01+00:00,7.283657355900059e-05
2024-12-15 06:00:03+00:00,8.3164989388111e-05
2024-12-15 07:00:05+00:00,9.100430805703523e-05
2024-12-15 08:00:04+00:00,0.00011024527873389484
2024-12-15 09:00:05+00:00,0.00010284321083202796
2024-12-15 10:00:04+00:00,8.968323070990828e-05
2024-12-15 11:00:08+00:00,8.814982987888053e-05
2024-12-15 12:00:15+00:00,8.487055751669556e-05
2024-12-15 13:00:00+00:00,8.480880002557497e-05
2024-12-15 14:00:06+00:00,8.715121178947744e-05
2024-12-15 15:00:11+00:00,8.498921241148351e-05
2024-12-15 16:00:07+00:00,6.189283652552754e-05
2024-12-15 17:00:00+00:00,5.277671050970441e-05
2024-12-15 18:00:19+00:00,3.574143573944556e-05
2024-12-15 19:00:07+00:00,2.9721151257773626e-05
2024-12-15 20:00:06+00:00,2.8883102966457444e-05
2024-12-15 21:00:19+00:00,2.4578487580224047e-05
2024-12-15 22:00:20+00:00,4.505872641423523e-05
2024-12-15 23:00:02+00:00,4.621476416092351e-05
2024-12-16 00:00:14+00:00,6.912541041081453e-05
2024-12-16 01:00:08+00:00,4.977430055403587e-05
2024-12-16 02:00:02+00:00,4.727425998695535e-05
2024-12-16 03:00:37+00:00,5.2099987938674604e-05
2024-12-16 04:00:14+00:00,4.7415908574403714e-05
2024-12-16 05:00:17+00:00,4.335649838643058e-05
2024-12-16 06:00:15+00:00,5.4528904056740626e-05
2024-12-16 07:00:04+00:00,5.1923092059395084e-05
2024-12-16 08:00:05+00:00,5.340630059421104e-05
2024-12-16 09:00:18+00:00,4.387693027536584e-05
2024-12-16 10:00:06+00:00,6.474578099629244e-05
2024-12-16 11:00:12+00:00,8.12855022091742e-05
2024-12-16 12:00:05+00:00,6.990175125002346e-05
2024-12-16 13:00:08+00:00,7.66659974189226e-05
2024-12-16 14:00:19+00:00,8.141875713734764e-05
2024-12-16 15:00:04+00:00,9.231100845498087e-05
2024-12-16 16:00:12+00:00,0.000106899597243733
2024-12-16 17:00:09+00:00,9.204896953906402e-05
2024-12-16 18:00:13+00:00,9.433137233781541e-05
2024-12-16 19:00:03+00:00,0.00014140074496566798
2024-12-16 20:00:18+00:00,0.000143950178395957
2024-12-16 21:00:03+00:00,5.744877294218573e-05
2024-12-16 22:00:04+00:00,1.0817880119353075e-06
2024-12-16 23:00:18+00:00,-5.885445685183587e-06
2024-12-17 00:00:01+00:00,-7.949504211848517e-06
2024-12-17 01:00:10+00:00,-1.590825096647723e-06
2024-12-17 02:00:14+00:00,-3.348263354008139e-06
2024-12-17 03:00:17+00:00,-4.534834470518657e-06
2024-12-17 04:00:01+00:00,4.054290050015329e-06
2024-12-17 05:00:04+00:00,2.09485629798768e-05
2024-12-17 06:00:17+00:00,1.27652910822351e-05
2024-12-17 07:00:04+00:00,9.242057782967912e-06
2024-12-17 08:00:04+00:00,8.848334464202327e-06
2024-12-17 09:00:00+00:00,9.055455581936472e-06
2024-12-17 10:00:06+00:00,1.6363500068263083e-05
2024-12-17 11:00:04+00:00,2.9624596750351197e-05
2024-12-17 12:00:10+00:00,4.1216374311829965e-05
2024-12-17 13:00:15+00:00,4.4360240748797344e-05
2024-12-17 14:00:22+00:00,4.918296169092574e-05
2024-12-17 15:00:29+00:00,4.635163909844308e-05
2024-12-17 16:00:11+00:00,3.886480981589283e-05
2024-12-17 17:00:33+00:00,2.7790478521036713e-05
2024-12-17 18:00:09+00:00,2.844476063242268e-05
2024-12-17 19:00:10+00:00,2.6330021484221923e-05
2024-12-17 20:00:09+00:00,2.6996638371406392e-05
2024-12-17 21:00:13+00:00,2.2904656677479066e-05
2024-12-17 22:00:05+00:00,1.6574736409518794e-05
2024-12-17 23:00:09+00:00,1.3649776298051345e-05
2024-12-18 00:00:12+00:00,1.818214819565473e-05
2024-12-18 01:00:12+00:00,1.0153135475939936e-05
2024-12-18 02:00:38+00:00,7.636363207571272e-06
2024-12-18 03:00:24+00:00,1.2864682486941474e-05
2024-12-18 04:00:18+00:00,3.357354082388426e-06
2024-12-18 05:00:03+00:00,-3.715376221220281e-05
2024-12-18 06:00:07+00:00,-2.8510710726378852e-05
2024-12-18 07:00:01+00:00,-3.192337459325996e-05
2024-12-18 08:00:15+00:00,-2.728260465681329e-05
2024-12-18 09:00:05+00:00,-2.919974980369139e-05
2024-12-18 10:00:07+00:00,-2.6245453204650593e-05
2024-12-18 11:00:16+00:00,-2.5814658807966365e-05
2024-12-18 12:00:02+00:00,-2.6506830048219577e-05
2024-12-18 13:00:08+00:00,-3.243023796298502e-05
2024-12-18 14:00:16+00:00,-2.4292560428157204e-05
2024-12-18 15:00:08+00:00,-1.7496746565392263e-05
2024-12-18 16:00:05+00:00,-9.346505492532508e-06
2024-12-18 17:00:10+00:00,6.241596562216731e-06
2024-12-18 18:00:02+00:00,1.7263194263985168e-05
2024-12-18 19:00:09+00:00,1.6113050357891925e-05
2024-12-18 20:00:05+00:00,-4.50726818982283e-06
2024-12-18 21:00:06+00:00,-4.6320602167144006e-05
2024-12-18 22:00:10+00:00,-2.2229590366894348e-05
2024-12-18 23:00:14+00:00,-1.203209180836499e-05
2024-12-19 00:00:16+00:00,-2.4766395908526052e-05
2024-12-19 01:00:21+00:00,1.0890499150431614e-05
2024-12-19 02:00:05+00:00,2.3018146338955885e-05
2024-12-19 03:00:12+00:00,2.976684380019496e-05
2024-12-19 04:00:13+00:00,3.0328449886273293e-05
2024-12-19 05:00:15+00:00,2.0356470546767803e-05
2024-12-19 06:00:18+00:00,2.3491339286570186e-05
2024-12-19 07:00:01+00:00,1.2538646443405283e-05
2024-12-19 08:00:08+00:00,9.481734459518089e-06
2024-12-19 09:00:14+00:00,1.0488474739141792e-05
2024-12-19 10:00:48+00:00,1.856260615205841e-05
2024-12-19 11:00:00+00:00,2.9049755630539675e-05
2024-12-19 12:00:06+00:00,2.5981225606241128e-05
2024-12-19 13:00:10+00:00,2.5861798255677547e-05
2024-12-19 14:00:13+00:00,2.8762700192189636e-05
2024-12-19 15:00:08+00:00,2.8956948950872422e-05
2024-12-19 16:00:13+00:00,3.280913421099866e-05
2024-12-19 17:00:08+00:00,3.112832327339067e-05
2024-12-19 18:00:03+00:00,2.9094073929134268e-05
2024-12-19 19:00:04+00:00,-7.073352386949888e-06
2024-12-19 20:00:23+00:00,-4.5598601654244085e-05
2024-12-19 21:00:08+00:00,-3.4209405125070146e-05
2024-12-19 22:00:07+00:00,1.3661726769158569e-05
2024-12-19 23:00:04+00:00,3.8161371334275546e-05
2024-12-20 00:00:17+00:00,3.487389482392508e-05
2024-12-20 01:00:15+00:00,3.434844297511677e-05
2024-12-20 02:00:15+00:00,3.1453802463969425e-05
2024-12-20 03:00:19+00:00,4.1336949704623915e-05
2024-12-20 04:00:00+00:00,3.2111336038564215e-05
2024-12-20 05:00:03+00:00,3.0269776945660024e-05
2024-12-20 06:00:04+00:00,3.1053135652943043e-05
2024-12-20 07:00:03+00:00,3.715857327227318e-05
2024-12-20 08:00:13+00:00,3.741238183855545e-05
2024-12-20 09:00:13+00:00,-8.241411037541155e-06
2024-12-20 10:00:17+00:00,-3.4394652767416167e-05
2024-12-20 11:00:02+00:00,-7.272500811910084e-05
2024-12-20 12:00:21+00:00,-0.00013315458441840537
2024-12-20 13:00:03+00:00,-0.00013728016513559125
2024-12-20 14:00:09+00:00,-0.00011497390866647668
2024-12-20 15:00:15+00:00,-0.00012693784016094023
2024-12-20 16:00:02+00:00,-6.517873683052138e-05
2024-12-20 17:00:06+00:00,-1.1764312110712708e-05
2024-12-20 18:00:10+00:00,2.9838510005382865e-07
2024-12-20 19:00:00+00:00,4.2888215992162785e-06
2024-12-20 20:00:04+00:00,1.7029106242200888e-05
2024-12-20 21:00:05+00:00,1.1802300395282537e-05
2024-12-20 22:00:35+00:00,7.336702002238752e-06
2024-12-20 23:00:03+00:00,6.218980600497223e-06
2024-12-21 00:03:45+00:00,6.144309672383716e-06
2024-12-21 01:00:00+00:00,-1.4898828451293027e-05
2024-12-21 02:00:11+00:00,-3.189901968360911e-05
2024-12-21 03:00:17+00:00,-3.73405420160941e-05
2024-12-21 04:00:18+00:00,-2.308655808242209e-05
2024-12-21 05:00:02+00:00,3.2121474708240442e-06
2024-12-21 06:00:04+00:00,1.2327751968757421e-05
2024-12-21 07:00:10+00:00,1.910831706880368e-05
2024-12-21 08:00:12+00:00,1.831650919715674e-05
2024-12-21 09:00:14+00:00,3.8676668106909766e-07
2024-12-21 10:00:19+00:00,-1.3779927746612765e-05
2024-12-21 11:00:02+00:00,-9.246972617944802e-06
2024-12-21 12:00:02+00:00,-1.3859147263562571e-05
2024-12-21 13:00:07+00:00,-3.315463307168022e-05
2024-12-21 14:00:14+00:00,-6.7080278521845e-05
2024-12-21 15:00:20+00:00,-4.561370581095936e-05
2024-12-21 16:00:16+00:00,-3.7334543477677655e-05
2024-12-21 17:00:01+00:00,-5.2706130100624284e-05
2024-12-21 18:00:17+00:00,-5.071098645194376e-05
2024-12-21 19:00:18+00:00,-5.34069966854513e-05
2024-12-21 20:00:03+00:00,-6.168976906112668e-05
2024-12-21 21:00:03+00:00,-5.0090207139752504e-05
2024-12-21 22:00:06+00:00,-4.425885569501571e-05
2024-12-21 23:00:09+00:00,-3.7050108998418736e-05
2024-12-22 00:00:11+00:00,-2.618928483858378e-05
2024-12-22 01:00:10+00:00,-2.6459847675914107e-05
2024-12-22 02:00:16+00:00,-2.959724207896078e-05
2024-12-22 03:00:17+00:00,-1.552739244789765e-05
2024-12-22 04:00:16+00:00,6.834421483095874e-06
2024-12-22 05:00:17+00:00,1.871163419408123e-05
2024-12-22 06:00:01+00:00,-4.009727685615614e-06
2024-12-22 07:00:00+00:00,-1.3744115984534049e-05
2024-12-22 08:00:03+00:00,-1.552679388119743e-05
2024-12-22 09:00:03+00:00,-1.631454945908448e-05
2024-12-22 10:00:03+00:00,-1.4413425697697845e-05
2024-12-22 11:00:03+00:00,-9.347218267843488e-06
2024-12-22 12:00:04+00:00,-1.0186951375765827e-05
2024-12-22 13:00:16+00:00,-4.5076110865249584e-06
2024-12-22 14:00:15+00:00,2.528525441041604e-06
2024-12-22 15:00:15+00:00,-5.66943971493053e-06
2024-12-22 16:00:00+00:00,1.1452116787947732e-05
2024-12-22 17:00:04+00:00,2.40184523642603e-05
2024-12-22 18:00:03+00:00,2.1973001689851944e-05
2024-12-22 19:00:05+00:00,2.6734358114901135e-05
2024-12-22 20:00:04+00:00,2.8844790851190823e-05
2024-12-22 21:00:06+00:00,3.223527097137082e-05
2024-12-22 22:00:07+00:00,3.549141963910125e-05
2024-12-22 23:00:06+00:00,2.7300794033610503e-05
2024-12-23 00:00:07+00:00,2.400986488335283e-05
2024-12-23 01:00:07+00:00,2.191977412771597e-05
2024-12-23 02:00:04+00:00,2.961228632939781e-05
2024-12-23 03:00:08+00:00,3.045652235972408e-05
2024-12-23 04:00:02+00:00,6.33070560894177e-05
2024-12-23 05:00:07+00:00,4.9432676762116986e-05
2024-12-23 06:00:08+00:00,3.205139866818829e-05
2024-12-23 07:00:12+00:00,3.2200704197343534e-05
2024-12-23 08:00:03+00:00,3.135154305505411e-05
2024-12-23 09:00:06+00:00,3.238448174801026e-05
2024-12-23 10:00:08+00:00,3.79525107470123e-05
2024-12-23 11:00:12+00:00,3.411477090188532e-05
2024-12-23 12:00:13+00:00,2.837684798345649e-05
2024-12-23 13:00:15+00:00,3.0403910699426183e-05
2024-12-23 14:00:08+00:00,6.643994312761839e-07
2024-12-23 15:00:04+00:00,-2.157681986839721e-05
2024-12-23 16:00:02+00:00,-3.2354513013511116e-05
2024-12-23 17:00:05+00:00,-2.5507438606783703e-05
2024-12-23 18:00:09+00:00,-2.6718112272990574e-05
2024-12-23 19:00:11+00:00,-2.2626281773697514e-05
2024-12-23 20:00:16+00:00,-1.6586026381376918e-05
2024-12-23 21:00:32+00:00,-3.898839370979185e-05
2024-12-23 22:00:01+00:00,-4.383370796461977e-05
2024-12-23 23:00:03+00:00,-2.8435089084640518e-05
2024-12-24 00:00:04+00:00,-2.2314889479899176e-05
2024-12-24 01:00:05+00:00,-1.9731758115351374e-05
2024-12-24 02:00:07+00:00,-3.801113875693703e-05
2024-12-24 03:00:06+00:00,-3.443893091155201e-05
2024-12-24 04:00:08+00:00,-2.441783498702599e-05
2024-12-24 05:00:11+00:00,-2.0335464574544342e-05
2024-12-24 06:00:15+00:00,-2.148477180741643e-05
2024-12-24 07:00:17+00:00,-1.8047343102961734e-05
2024-12-24 08:00:18+00:00,-1.4283043274234048e-05
2024-12-24 09:00:02+00:00,-1.101557752675777e-05
2024-12-24 10:00:02+00:00,-1.2968214431541076e-05
2024-12-24 11:00:01+00:00,-1.3333745999033628e-05
2024-12-24 12:00:06+00:00,-8.718024045042714e-06
2024-12-24 13:00:24+00:00,-1.2257008076121228e-05
2024-12-24 14:00:12+00:00,-1.1620692229233387e-05
2024-12-24 15:00:19+00:00,-1.299381480147648e-05
2024-12-24 16:00:00+00:00,-3.3068369283674467e-06
2024-12-24 17:00:04+00:00,8.138162076661771e-06
2024-12-24 18:00:09+00:00,1.7614294808536152e-05
2024-12-24 19:00:14+00:00,1.92216877327199e-05
2024-12-24 20:00:14+00:00,2.687887262962126e-05
2024-12-24 21:00:06+00:00,1.643795577581972e-05
2024-12-24 22:00:08+00:00,2.650044485669935e-05
2024-12-24 23:00:17+00:00,1.9504063923559823e-05
2024-12-25 00:00:17+00:00,1.6900720428948513e-05
2024-12-25 01:00:06+00:00,1.5866368352112298e-05
2024-12-25 02:00:08+00:00,1.65572940830325e-05
2024-12-25 03:00:12+00:00,3.2659635033167334e-05
2024-12-25 04:00:17+00:00,5.313743913607911e-05
2024-12-25 05:00:18+00:00,5.864252867319055e-05
2024-12-25 06:00:03+00:00,6.30809199265773e-05
2024-12-25 07:00:06+00:00,6.146963006062072e-05
2024-12-25 08:00:10+00:00,6.235679029204038e-05
2024-12-25 09:00:09+00:00,6.4778639894496e-05
2024-12-25 10:00:12+00:00,6.5396960857735e-05
2024-12-25 11:00:24+00:00,8.507381042853386e-05
2024-12-25 12:00:04+00:00,8.6290813051573e-05
2024-12-25 13:00:11+00:00,9.120677118406387e-05
2024-12-25 14:00:12+00:00,8.35970074271051e-05
2024-12-25 15:00:16+00:00,7.958729353329e-05
2024-12-25 16:00:07+00:00,7.662098094823803e-05
2024-12-25 17:00:18+00:00,8.023509623514361e-05
2024-12-25 18:00:05+00:00,7.982520034488086e-05
2024-12-25 19:00:10+00:00,7.64348606830703e-05
2024-12-25 20:00:18+00:00,7.881338226421944e-05
2024-12-25 21:00:04+00:00,7.648205867515019e-05
2024-12-25 22:00:07+00:00,7.584690061921333e-05
2024-12-25 23:00:17+00:00,7.447606628699463e-05
2024-12-26 00:00:20+00:00,7.529323977400455e-05
2024-12-26 01:00:03+00:00,7.633764943116679e-05
2024-12-26 02:00:12+00:00,7.475271706728754e-05
2024-12-26 03:00:01+00:00,6.96496357805908e-05
2024-12-26 04:00:02+00:00,6.42686553356923e-05
2024-12-26 05:00:02+00:00,5.849810587835637e-05
2024-12-26 06:00:03+00:00,5.772826717363809e-05
2024-12-26 07:00:05+00:00,5.731360774837663e-05
2024-12-26 08:00:14+00:00,5.551320747901454e-05
2024-12-26 09:00:11+00:00,6.851537819045198e-05
2024-12-26 10:00:10+00:00,5.615426458270805e-05
2024-12-26 11:00:12+00:00,5.176162575515187e-05
2024-12-26 12:00:14+00:00,5.101558713148218e-05
2024-12-26 13:00:14+00:00,4.827011360459642e-05
2024-12-26 14:00:01+00:00,4.770622653128851e-05
2024-12-26 15:00:06+00:00,4.663477632934444e-05
2024-12-26 16:00:00+00:00,4.5615183340598064e-05
2024-12-26 17:00:28+00:00,4.795752733192657e-05
2024-12-26 18:00:09+00:00,4.123495120035437e-05
2024-12-26 19:00:09+00:00,4.787395674538313e-05
2024-12-26 20:00:08+00:00,4.5135002196227345e-05
2024-12-26 21:00:20+00:00,4.440556545907707e-05
2024-12-26 22:00:09+00:00,4.766615274838122e-05
2024-12-26 23:00:18+00:00,4.891499762660062e-05
2024-12-27 00:00:06+00:00,4.5642719260509396e-05
2024-12-27 01:00:07+00:00,4.632117002817714e-05
2024-12-27 02:00:07+00:00,5.232476514527639e-05
2024-12-27 03:00:09+00:00,5.539117566671422e-05
2024-12-27 04:00:17+00:00,4.977761116370086e-05
2024-12-27 05:00:16+00:00,5.0535949999862816e-05
2024-12-27 06:00:17+00:00,4.8518141990827284e-05
2024-12-27 07:00:19+00:00,4.9302066289981835e-05
2024-12-27 08:00:01+00:00,4.959997785466155e-05
2024-12-27 09:00:14+00:00,4.966788829892449e-05
2024-12-27 10:00:05+00:00,8.999200329123443e-05
2024-12-27 11:00:13+00:00,6.0483994016114e-05
2024-12-27 12:00:13+00:00,5.297376360660085e-05
2024-12-27 13:00:17+00:00,4.5941792932393864e-05
2024-12-27 14:00:06+00:00,4.210757051805445e-05
2024-12-27 15:00:13+00:00,4.9868910123128565e-05
2024-12-27 16:00:03+00:00,5.9569639318566665e-05
2024-12-27 17:00:06+00:00,4.79324848198915e-05
2024-12-27 18:00:18+00:00,4.403018873710057e-05
2024-12-27 19:00:03+00:00,3.4579961337542905e-05
2024-12-27 20:00:15+00:00,3.3035930471642204e-05
2024-12-27 21:00:12+00:00,3.0549452057565015e-05
2024-12-27 22:00:00+00:00,1.653459918629978e-05
2024-12-27 23:00:09+00:00,1.8440224116693733e-05
2024-12-28 00:00:05+00:00,3.076706061333521e-05
2024-12-28 01:00:08+00:00,3.33397277449833e-05
2024-12-28 02:00:10+00:00,2.4227522184912576e-05
2024-12-28 03:00:17+00:00,3.1734800148218765e-05
2024-12-28 04:00:03+00:00,4.689629456697743e-05
2024-12-28 05:00:09+00:00,4.478264883650019e-05
2024-12-28 06:00:14+00:00,4.93132963694878e-05
2024-12-28 07:00:06+00:00,4.545320039756719e-05
2024-12-28 08:00:11+00:00,4.598862960238525e-05
2024-12-28 09:00:01+00:00,4.955853645347661e-05
2024-12-28 10:00:02+00:00,5.329243583574269e-05
2024-12-28 11:00:12+00:00,5.053193229730887e-05
2024-12-28 12:00:08+00:00,5.3935036438966087e-05
2024-12-28 13:00:06+00:00,4.982424064606453e-05
2024-12-28 14:00:03+00:00,5.141805462633661e-05
2024-12-28 15:00:08+00:00,5.908729653430284e-05
2024-12-28 16:00:02+00:00,5.541778110544144e-05
2024-12-28 17:00:21+00:00,5.237926017592561e-05
2024-12-28 18:00:16+00:00,5.1050256816327245e-05
2024-12-28 19:00:10+00:00,3.828665391818793e-05
2024-12-28 20:00:11+00:00,3.9706203892948534e-05
2024-12-28 21:00:03+00:00,3.521548198484391e-05
2024-12-28 22:00:14+00:00,3.540044065763332e-05
2024-12-28 23:00:09+00:00,3.8598734016954984e-05
2024-12-29 00:00:16+00:00,3.41720012718282e-05
2024-12-29 01:00:05+00:00,4.4407338470507464e-05
2024-12-29 02:00:06+00:00,4.8428938603813187e-05
2024-12-29 03:00:18+00:00,5.353390425568511e-05
2024-12-29 04:00:16+00:00,4.8828497590848056e-05
2024-12-29 05:00:03+00:00,4.2299914615770506e-05
2024-12-29 06:00:10+00:00,4.035669678871737e-05
2024-12-29 07:00:17+00:00,4.203745325551137e-05
2024-12-29 08:00:08+00:00,4.6184208268579585e-05
2024-12-29 09:00:13+00:00,4.257803387547226e-05
2024-12-29 10:00:19+00:00,4.664864483461538e-05
2024-12-29 11:00:04+00:00,4.408438094636267e-05
2024-12-29 13:00:09+00:00,5.158622893324228e-05
2024-12-29 14:00:09+00:00,5.6433271657296674e-05
2024-12-29 15:00:08+00:00,5.5451518367421885e-05
2024-12-29 16:00:14+00:00,5.173638818600216e-05
2024-12-29 17:00:04+00:00,5.1256227981215766e-05
2024-12-29 18:00:08+00:00,5.9198183160776115e-05
2024-12-29 19:00:05+00:00,4.872146910983045e-05
2024-12-29 20:00:08+00:00,4.126931447716579e-05
2024-12-29 21:00:13+00:00,3.765990227707846e-05
2024-12-29 22:00:36+00:00,3.608297007682909e-05
2024-12-29 23:00:03+00:00,3.444929441923321e-05
2024-12-30 00:00:02+00:00,3.665228559530435e-05
2024-12-30 01:00:01+00:00,4.186975944487307e-05
2024-12-30 02:00:10+00:00,6.297099018784799e-05
2024-12-30 03:00:13+00:00,4.3777561748519105e-05
2024-12-30 04:00:04+00:00,4.10770396263601e-05
2024-12-30 05:00:07+00:00,3.944228420956055e-05
2024-12-30 06:00:23+00:00,4.066986974702172e-05
2024-12-30 07:00:11+00:00,4.296040511998718e-05
2024-12-30 08:00:15+00:00,3.581134628888675e-05
2024-12-30 09:00:16+00:00,3.848739034679363e-05
2024-12-30 10:00:02+00:00,2.9542644022735734e-05
2024-12-30 11:00:19+00:00,2.8553301377193244e-05
2024-12-30 12:00:10+00:00,3.097613559515444e-05
2024-12-30 13:00:12+00:00,2.8841889387198563e-05
2024-12-30 14:00:12+00:00,4.481148646362414e-05
2024-12-30 15:00:05+00:00,5.167438418767503e-05
2024-12-30 16:00:07+00:00,1.1351740419094209e-05
2024-12-30 17:00:17+00:00,8.467147148385713e-06
2024-12-30 18:00:56+00:00,4.268903632847598e-06
2024-12-30 19:00:16+00:00,1.1207194775519767e-05
2024-12-30 20:00:00+00:00,1.2909256874190265e-05
2024-12-30 21:00:13+00:00,1.7841197964319312e-05
2024-12-30 22:00:16+00:00,1.1433573435908987e-05
2024-12-30 23:00:05+00:00,6.004866620217721e-06
2024-12-31 00:00:13+00:00,1.9329205101392986e-06
2024-12-31 01:00:16+00:00,1.2602228442834404e-07
2024-12-31 02:00:08+00:00,2.2091921662005606e-06
2024-12-31 03:00:13+00:00,3.2208949752852142e-06
2024-12-31 04:00:17+00:00,1.4544456843454589e-07
2024-12-31 05:00:03+00:00,-3.730549799811064e-06
2024-12-31 06:00:07+00:00,-1.2994023020504458e-05
2024-12-31 07:00:10+00:00,-1.7250298284323666e-05
2024-12-31 08:00:10+00:00,-1.8719398436935082e-05
2024-12-31 09:00:13+00:00,-2.6172472163487165e-05
2024-12-31 10:00:16+00:00,-2.1038018376772808e-05
2024-12-31 11:00:01+00:00,-2.025994463652208e-05
2024-12-31 12:00:15+00:00,-2.1571717675624536e-05
2024-12-31 13:00:04+00:00,-1.8444867612717315e-05
2024-12-31 14:00:07+00:00,-2.2291753309933543e-05
2024-12-31 15:00:11+00:00,-1.3387791703296104e-05
2024-12-31 16:00:04+00:00,-1.1614395739389435e-05
2024-12-31 17:00:06+00:00,-1.620515793691974e-05
2024-12-31 18:00:09+00:00,-2.8487176625299432e-05
2024-12-31 19:00:12+00:00,-1.6813163449994573e-05
2024-12-31 20:00:04+00:00,-1.2311937845569475e-05
2024-12-31 21:00:10+00:00,-9.201335079456426e-06
2024-12-31 22:00:18+00:00,-4.579408189949771e-06
2024-12-31 23:00:18+00:00,-8.647557586341852e-06
2025-01-01 00:00:06+00:00,-3.8419482165402715e-06
2025-01-01 01:00:11+00:00,-4.1196833426621276e-07
2025-01-01 02:00:17+00:00,-5.818195116519027e-06
2025-01-01 03:00:17+00:00,-2.0027581910938277e-06
2025-01-01 04:00:19+00:00,-1.2753591225441497e-06
2025-01-01 05:00:19+00:00,-3.6789445309479468e-06
2025-01-01 06:00:04+00:00,-3.1666743254216143e-07
2025-01-01 07:00:13+00:00,3.8165720915931253e-07
2025-01-01 08:00:13+00:00,5.675291310003762e-07
2025-01-01 09:00:18+00:00,-2.073576277536115e-06
2025-01-01 10:00:17+00:00,-2.8766726526691817e-06
2025-01-01 11:00:10+00:00,3.034922798022675e-06
2025-01-01 12:00:04+00:00,1.089856831796901e-05
2025-01-01 13:00:06+00:00,1.4368320307663247e-05
2025-01-01 14:00:10+00:00,1.3303995246967409e-05
2025-01-01 15:00:12+00:00,1.2728040356613119e-05
2025-01-01 16:00:15+00:00,1.628879626486063e-05
2025-01-01 17:00:16+00:00,1.6645015924954004e-05
2025-01-01 18:00:05+00:00,1.1200168734615882e-05
2025-01-01 19:00:04+00:00,7.952280730541345e-06
2025-01-01 20:00:22+00:00,7.077240411501343e-06
2025-01-01 21:00:02+00:00,1.3711554068727522e-05
2025-01-01 22:00:16+00:00,1.1766546651208241e-05
2025-01-01 23:00:10+00:00,1.1164751902054032e-05
2025-01-02 00:00:19+00:00,2.505565927457084e-05
2025-01-02 01:00:14+00:00,5.878430582862956e-05
2025-01-02 02:00:06+00:00,4.153689897909614e-05
2025-01-02 03:00:24+00:00,4.003749091815458e-05
2025-01-02 04:00:05+00:00,3.6107021049866994e-05
2025-01-02 05:00:03+00:00,3.911370522333281e-05
2025-01-02 06:00:03+00:00,4.3821268039896945e-05
2025-01-02 07:00:04+00:00,3.8720172116420754e-05
2025-01-02 08:00:03+00:00,4.464103035712472e-05
2025-01-02 09:00:07+00:00,4.2347929553202884e-05
2025-01-02 10:00:10+00:00,6.699920547565243e-05
2025-01-02 11:00:00+00:00,9.461954794592168e-05
2025-01-02 12:00:08+00:00,8.109488108871599e-05
2025-01-02 13:00:12+00:00,8.544835445664478e-05
2025-01-07 00:00:02+00:00,-2.2680502678424535e-06
2025-01-07 01:00:07+00:00,-2.2793209332171987e-06
2025-01-07 02:00:23+00:00,2.931254142697419e-06
2025-01-07 03:00:13+00:00,-1.1943090518395234e-06
2025-01-07 04:00:11+00:00,4.169153306705068e-06
2025-01-07 05:00:10+00:00,4.562019345003766e-06
2025-01-07 06:00:20+00:00,6.0503657930032505e-06
2025-01-07 07:00:12+00:00,6.278938127003835e-06
2025-01-07 08:00:13+00:00,1.5278006267666325e-06
2025-01-07 09:00:30+00:00,5.533984949581242e-06
2025-01-07 10:00:14+00:00,5.611189200260065e-06
2025-01-07 11:00:15+00:00,5.913999953909027e-06
2025-01-07 12:00:15+00:00,1.1076916249366602e-05
2025-01-07 13:00:00+00:00,1.5087508999739097e-05
2025-01-07 14:00:00+00:00,2.2031332960222605e-05
2025-01-07 15:00:00+00:00,2.9425465156892493e-05
2025-01-07 16:00:14+00:00,1.764789869105292e-05
2025-01-07 17:00:02+00:00,2.119874425311611e-05
2025-01-07 18:00:12+00:00,1.2577538438262382e-05
2025-01-07 19:00:12+00:00,-4.5424785788624914e-06
2025-01-07 20:00:12+00:00,-1.1033120152296064e-05
2025-01-07 21:00:00+00:00,-1.380878488137451e-05
2025-01-07 22:00:13+00:00,-1.9549223688069544e-05
2025-01-07 23:00:07+00:00,-2.3489448534297033e-05
2025-01-08 00:00:14+00:00,-2.8271692472119282e-05
2025-01-08 01:00:09+00:00,-2.27118482785351e-05
2025-01-08 02:00:12+00:00,-1.9471257886395856e-05
2025-01-08 03:00:18+00:00,-1.5993236981335984e-05
2025-01-08 04:00:18+00:00,-1.9092260192743798e-05
2025-01-08 05:00:18+00:00,-1.72572410813602e-05
2025-01-08 06:00:18+00:00,-1.2015674682701106e-05
2025-01-08 07:00:01+00:00,-1.7827133648102057e-05
2025-01-08 08:00:05+00:00,-1.1045026473778702e-05
2025-01-08 09:00:12+00:00,-9.41888958781861e-06
