,rate_fraction
2025-06-19 00:00:00.652000+00:00,4.4625e-05
2025-06-19 01:00:00.452000+00:00,1.25e-05
2025-06-19 02:00:00.676000+00:00,1.25e-05
2025-06-19 03:00:00.565000+00:00,1.25e-05
2025-06-19 04:00:00.832000+00:00,1.5375e-05
2025-06-19 05:00:00.905000+00:00,0.00033925
2025-06-19 06:00:00.604000+00:00,8.475e-05
2025-06-19 07:00:00.321000+00:00,0.000747
2025-06-19 08:00:00.787000+00:00,0.000654875
2025-06-19 09:00:00.515000+00:00,0.00057325
2025-06-19 10:00:00.144000+00:00,0.000690875
2025-06-19 11:00:01.394000+00:00,3.7625e-05
2025-06-19 12:00:01.353000+00:00,0.00119475
2025-06-19 13:00:00.514000+00:00,0.00026225
2025-06-19 14:00:00.059000+00:00,0.0001155
2025-06-19 15:00:00.744000+00:00,1.25e-05
2025-06-19 16:00:00.410000+00:00,1.25e-05
2025-06-19 17:00:00.278000+00:00,1.25e-05
2025-06-19 18:00:00.706000+00:00,1.25e-05
2025-06-19 19:00:00.958000+00:00,1.25e-05
2025-06-19 20:00:01.479000+00:00,1.25e-05
2025-06-19 21:00:00.311000+00:00,1.25e-05
2025-06-19 22:00:00.776000+00:00,1.25e-05
2025-06-19 23:00:00.909000+00:00,1.25e-05
2025-06-20 00:00:00.552000+00:00,1.25e-05
2025-06-20 01:00:00.450000+00:00,1.25e-05
2025-06-20 02:00:00.907000+00:00,1.25e-05
2025-06-20 03:00:00.815000+00:00,1.25e-05
2025-06-20 04:00:00.835000+00:00,1.25e-05
2025-06-20 05:00:01.202000+00:00,1.25e-05
2025-06-20 06:00:00.031000+00:00,1.25e-05
2025-06-20 07:00:00.855000+00:00,1.25e-05
2025-06-20 08:00:00.041000+00:00,1.25e-05
2025-06-20 09:00:00.776000+00:00,1.25e-05
2025-06-20 10:00:00.210000+00:00,1.25e-05
2025-06-20 11:00:01.084000+00:00,1.9875e-05
2025-06-20 12:00:00.031000+00:00,0.000820375
2025-06-20 13:00:00.383000+00:00,6.175e-05
2025-06-20 14:00:01.064000+00:00,8.3875e-05
2025-06-20 15:00:01.157000+00:00,1.25e-05
2025-06-20 16:00:00.013000+00:00,1.25e-05
2025-06-20 17:00:00.042000+00:00,1.25e-05
2025-06-20 18:00:00.594000+00:00,1.25e-05
2025-06-20 19:00:00.713000+00:00,1.25e-05
2025-06-20 20:00:00.390000+00:00,0.000321125
2025-06-20 21:00:00.259000+00:00,8.275e-05
2025-06-20 22:00:00.303000+00:00,0.00035025
2025-06-20 23:00:00.850000+00:00,1.25e-05
2025-06-21 00:00:01.171000+00:00,1.25e-05
2025-06-21 01:00:00.751000+00:00,1.25e-05
2025-06-21 02:00:00.765000+00:00,2.3125e-05
2025-06-21 03:00:00.534000+00:00,1.25e-05
2025-06-21 04:00:00.094000+00:00,1.25e-05
2025-06-21 05:00:00.321000+00:00,1.25e-05
2025-06-21 06:00:00.104000+00:00,1.25e-05
2025-06-21 07:00:00.373000+00:00,1.25e-05
2025-06-21 08:00:01.608000+00:00,1.25e-05
2025-06-21 09:00:00.219000+00:00,1.25e-05
2025-06-21 10:00:00.646000+00:00,1.25e-05
2025-06-21 11:00:00.608000+00:00,1.25e-05
2025-06-21 12:00:00.010000+00:00,1.25e-05
2025-06-21 13:00:00.330000+00:00,1.25e-05
2025-06-21 14:00:00.685000+00:00,3.2875e-05
2025-06-21 15:00:00.573000+00:00,1.25e-05
2025-06-21 16:00:00.857000+00:00,0.0001705
2025-06-21 17:00:00.859000+00:00,1.25e-05
2025-06-21 18:00:00.057000+00:00,1.25e-05
2025-06-21 19:00:00.047000+00:00,1.25e-05
2025-06-21 20:00:00.253000+00:00,0.000124125
2025-06-21 21:00:00.807000+00:00,9.825e-05
2025-06-21 22:00:00.033000+00:00,3.9e-05
2025-06-21 23:00:00.739000+00:00,1.25e-05
2025-06-22 00:00:00.215000+00:00,1.25e-05
2025-06-22 01:00:01.231000+00:00,1.25e-05
2025-06-22 02:00:00.830000+00:00,1.25e-05
2025-06-22 03:00:00.635000+00:00,1.25e-05
2025-06-22 04:00:00.758000+00:00,1.25e-05
2025-06-22 05:00:00.221000+00:00,1.25e-05
2025-06-22 06:00:00.074000+00:00,1.25e-05
2025-06-22 07:00:00.099000+00:00,1.25e-05
2025-06-22 08:00:00.961000+00:00,1.25e-05
2025-06-22 09:00:03.608000+00:00,1.25e-05
2025-06-22 10:00:01.338000+00:00,1.25e-05
2025-06-22 11:00:04.657000+00:00,1.25e-05
2025-06-22 12:00:00.590000+00:00,1.25e-05
2025-06-22 13:00:01.186000+00:00,1.25e-05
2025-06-22 14:00:00.903000+00:00,1.25e-05
2025-06-22 15:00:00.952000+00:00,1.25e-05
2025-06-22 16:00:00.398000+00:00,1.25e-05
2025-06-22 17:00:00.227000+00:00,1.35e-05
2025-06-22 18:00:00.891000+00:00,2.475e-05
2025-06-22 19:00:00.404000+00:00,3.9625e-05
2025-06-22 20:00:00.826000+00:00,3.9625e-05
2025-06-22 21:00:00.527000+00:00,4.675e-05
2025-06-22 22:00:00.287000+00:00,6.225e-05
2025-06-22 23:00:00.186000+00:00,6.9875e-05
2025-06-23 00:00:00.400000+00:00,0.00017025
2025-06-23 01:00:00.815000+00:00,0.000172625
2025-06-23 02:00:00.608000+00:00,9.2625e-05
2025-06-23 03:00:00.619000+00:00,0.0002115
2025-06-23 04:00:00.793000+00:00,0.00033
2025-06-23 05:00:00.896000+00:00,0.000248125
2025-06-23 06:00:00.248000+00:00,0.00024275
2025-06-23 07:00:01.396000+00:00,0.000525
2025-06-23 08:00:00.832000+00:00,0.0002615
2025-06-23 09:00:00.201000+00:00,0.000276875
2025-06-23 10:00:00.278000+00:00,0.000265125
2025-06-23 11:00:00.486000+00:00,0.000195125
2025-06-23 12:00:00.373000+00:00,9.225e-05
2025-06-23 13:00:00.705000+00:00,9.525e-05
2025-06-23 14:00:00.243000+00:00,0.000155
2025-06-23 15:00:01.453000+00:00,0.000353375
2025-06-23 16:00:00.466000+00:00,7.55e-05
2025-06-23 17:00:00.509000+00:00,7.7125e-05
2025-06-23 18:00:00.682000+00:00,3.55e-05
2025-06-23 19:00:00.731000+00:00,4.5375e-05
2025-06-23 20:00:01.152000+00:00,4.8375e-05
2025-06-23 21:00:01.339000+00:00,6.425e-05
2025-06-23 22:00:00.162000+00:00,6.8125e-05
2025-06-23 23:00:00.426000+00:00,0.000108
2025-06-24 00:00:00.098000+00:00,0.00013375
2025-06-24 01:00:01.102000+00:00,0.000108
2025-06-24 02:00:01.153000+00:00,8.9875e-05
2025-06-24 03:00:00.882000+00:00,8.6125e-05
2025-06-24 04:00:00.975000+00:00,9.7625e-05
2025-06-24 05:00:00.718000+00:00,7.2875e-05
2025-06-24 06:00:00.298000+00:00,5.025e-05
2025-06-24 07:00:00.249000+00:00,6.7e-05
2025-06-24 08:00:00.619000+00:00,6.8e-05
2025-06-24 09:00:00.285000+00:00,5.15e-05
2025-06-24 10:00:00.492000+00:00,5.05e-05
2025-06-24 11:00:00.909000+00:00,4.1875e-05
2025-06-24 12:00:00.596000+00:00,4.75e-05
2025-06-24 13:00:00.251000+00:00,4.0875e-05
2025-06-24 14:00:00.297000+00:00,7.7125e-05
2025-06-24 15:00:00.554000+00:00,8.75e-05
2025-06-24 16:00:00.554000+00:00,0.000101375
2025-06-24 17:00:01.097000+00:00,9.8125e-05
2025-06-24 18:00:00.723000+00:00,0.00011375
2025-06-24 19:00:00.306000+00:00,0.000110375
2025-06-24 20:00:00.591000+00:00,8.0125e-05
2025-06-24 21:00:00.457000+00:00,8.9375e-05
2025-06-24 22:00:00.901000+00:00,8.5e-05
2025-06-24 23:00:01.005000+00:00,8.2375e-05
2025-06-25 00:00:00.720000+00:00,8.6625e-05
2025-06-25 01:00:01.062000+00:00,8.85e-05
2025-06-25 02:00:00.124000+00:00,0.000111125
2025-06-25 03:00:00.020000+00:00,0.000120875
2025-06-25 04:00:00.159000+00:00,0.000133125
2025-06-25 05:00:00.727000+00:00,0.000112875
2025-06-25 06:00:00.824000+00:00,9.6625e-05
2025-06-25 07:00:00.136000+00:00,9.425e-05
2025-06-25 08:00:00.272000+00:00,0.000107625
2025-06-25 09:00:01.453000+00:00,0.000103875
2025-06-25 10:00:00.757000+00:00,0.000104
2025-06-25 11:00:01.962000+00:00,9.925e-05
2025-06-25 12:00:00.189000+00:00,0.0001185
2025-06-25 13:00:02.011000+00:00,0.000121375
2025-06-25 14:00:00.735000+00:00,0.000133
2025-06-25 15:00:00.741000+00:00,0.0001235
2025-06-25 16:00:01.024000+00:00,0.00010125
2025-06-25 17:00:00.339000+00:00,9.475e-05
2025-06-25 18:00:00.452000+00:00,0.000102125
2025-06-25 19:00:01.016000+00:00,9.65e-05
2025-06-25 20:00:00.502000+00:00,0.000102
2025-06-25 21:00:00.283000+00:00,9.525e-05
2025-06-25 22:00:01.810000+00:00,0.000107125
2025-06-25 23:00:01.054000+00:00,9.5625e-05
2025-06-26 00:00:00.196000+00:00,9.125e-05
2025-06-26 01:00:00.341000+00:00,0.000101375
2025-06-26 02:00:00.171000+00:00,0.000102375
2025-06-26 03:00:00.502000+00:00,3.8375e-05
2025-06-26 04:00:00.259000+00:00,0.00013775
2025-06-26 05:00:00.288000+00:00,0.00012725
2025-06-26 06:00:00.013000+00:00,0.000108875
2025-06-26 07:00:00.861000+00:00,0.000105875
2025-06-26 08:00:00.540000+00:00,0.000118125
2025-06-26 09:00:00.501000+00:00,0.00013175
2025-06-26 10:00:00.302000+00:00,0.000138125
2025-06-26 11:00:00.363000+00:00,0.000136375
2025-06-26 12:00:00.411000+00:00,0.000129375
2025-06-26 13:00:00.800000+00:00,0.000129375
2025-06-26 14:00:00.662000+00:00,0.000138125
2025-06-26 15:00:00.200000+00:00,0.00013925
2025-06-26 16:00:00.715000+00:00,0.000132875
2025-06-26 17:00:00.914000+00:00,0.000334375
2025-06-26 18:00:00.304000+00:00,0.000779875
2025-06-26 19:00:00.645000+00:00,0.001061875
2025-06-26 20:00:00.559000+00:00,0.00067575
2025-06-26 21:00:00.232000+00:00,0.000124125
2025-06-26 22:00:00.813000+00:00,0.000147
2025-06-26 23:00:00.112000+00:00,0.0004445
2025-06-27 00:00:00.004000+00:00,0.00053225
2025-06-27 01:00:00.767000+00:00,8.1875e-05
2025-06-27 02:00:00.450000+00:00,9e-05
2025-06-27 03:00:00.240000+00:00,0.000105875
2025-06-27 04:00:00.923000+00:00,0.000119875
2025-06-27 05:00:00.551000+00:00,0.0001155
2025-06-27 06:00:00.268000+00:00,0.00010675
2025-06-27 07:00:00.607000+00:00,0.00010175
2025-06-27 08:00:00.372000+00:00,0.000127
2025-06-27 09:00:01.135000+00:00,0.00011625
2025-06-27 10:00:00.854000+00:00,0.00012375
2025-06-27 11:00:00.412000+00:00,0.0001175
2025-06-27 12:00:00.081000+00:00,0.000120875
2025-06-27 13:00:00.782000+00:00,0.00012375
2025-06-27 14:00:00.756000+00:00,0.0001215
2025-06-27 15:00:00.604000+00:00,0.000122875
2025-06-27 16:00:00.672000+00:00,0.00011375
2025-06-27 17:00:00.341000+00:00,0.0003065
2025-06-27 18:00:00.175000+00:00,0.000311625
2025-06-27 19:00:00.526000+00:00,0.000126375
2025-06-27 20:00:00.688000+00:00,5.35e-05
2025-06-27 21:00:00.520000+00:00,6.5e-05
2025-06-27 22:00:00.506000+00:00,6.3875e-05
2025-06-27 23:00:02.062000+00:00,6.125e-05
2025-06-28 00:00:01.047000+00:00,5.7125e-05
2025-06-28 01:00:01.114000+00:00,6.5875e-05
2025-06-28 02:00:00.873000+00:00,7.5375e-05
2025-06-28 03:00:00.199000+00:00,6.375e-05
2025-06-28 04:00:00.109000+00:00,6.9375e-05
2025-06-28 05:00:00.222000+00:00,7.575e-05
2025-06-28 06:00:00.208000+00:00,7.35e-05
2025-06-28 07:00:00.148000+00:00,7.55e-05
2025-06-28 08:00:00.299000+00:00,6.475e-05
2025-06-28 09:00:00.959000+00:00,7.5125e-05
2025-06-28 10:00:00.267000+00:00,8.4375e-05
2025-06-28 11:00:00.854000+00:00,8.55e-05
2025-06-28 12:00:00.289000+00:00,8.4875e-05
2025-06-28 13:00:00.517000+00:00,7.1625e-05
2025-06-28 14:00:00.890000+00:00,8.5125e-05
2025-06-28 15:00:01.047000+00:00,7.5125e-05
2025-06-28 16:00:00.326000+00:00,6.6125e-05
2025-06-28 17:00:00.734000+00:00,7.75e-05
2025-06-28 18:00:00.735000+00:00,6.5875e-05
2025-06-28 19:00:00.256000+00:00,8.7875e-05
2025-06-28 20:00:00.661000+00:00,8.4e-05
2025-06-28 21:00:00.592000+00:00,9.9875e-05
2025-06-28 22:00:00.398000+00:00,8.2e-05
2025-06-28 23:00:00.406000+00:00,8.0625e-05
2025-06-29 00:00:00.023000+00:00,9.725e-05
2025-06-29 01:00:00.184000+00:00,9.3125e-05
2025-06-29 02:00:00.697000+00:00,8.7375e-05
2025-06-29 03:00:00.755000+00:00,7.5125e-05
2025-06-29 04:00:00.750000+00:00,1.25e-05
2025-06-29 05:00:00.671000+00:00,1.25e-05
2025-06-29 06:00:00.260000+00:00,1.25e-05
2025-06-29 07:00:00.633000+00:00,1.25e-05
2025-06-29 08:00:00.228000+00:00,1.25e-05
2025-06-29 09:00:00.456000+00:00,1.25e-05
2025-06-29 10:00:00.131000+00:00,1.25e-05
2025-06-29 11:00:00.776000+00:00,1.25e-05
2025-06-29 12:00:00.547000+00:00,1.25e-05
2025-06-29 13:00:00.748000+00:00,1.25e-05
2025-06-29 14:00:00.831000+00:00,1.25e-05
2025-06-29 15:00:00.770000+00:00,1.25e-05
2025-06-29 16:00:00.608000+00:00,1.2625e-05
2025-06-29 17:00:00.353000+00:00,1.25e-05
2025-06-29 18:00:00.081000+00:00,1.25e-05
2025-06-29 19:00:00.419000+00:00,1.25e-05
2025-06-29 20:00:00.577000+00:00,1.25e-05
2025-06-29 21:00:00.257000+00:00,1.7875e-05
2025-06-29 22:00:00.468000+00:00,1.2625e-05
2025-06-29 23:00:00.931000+00:00,1.25e-05
2025-06-30 00:00:00.005000+00:00,1.325e-05
2025-06-30 01:00:00.145000+00:00,1.325e-05
2025-06-30 02:00:00.094000+00:00,1.275e-05
2025-06-30 03:00:00.434000+00:00,6.9e-05
2025-06-30 04:00:00.599000+00:00,5.3625e-05
2025-06-30 05:00:00.808000+00:00,3.2625e-05
2025-06-30 06:00:00.091000+00:00,2.25e-05
2025-06-30 07:00:00.651000+00:00,2.85e-05
2025-06-30 08:00:00.506000+00:00,2.4125e-05
2025-06-30 09:00:00.391000+00:00,2.0125e-05
2025-06-30 10:00:00.043000+00:00,1.95e-05
2025-06-30 11:00:00.152000+00:00,1.6375e-05
2025-06-30 12:00:00.154000+00:00,1.9e-05
2025-06-30 13:00:00.506000+00:00,2.0375e-05
2025-06-30 14:00:01.348000+00:00,2.175e-05
2025-06-30 15:00:00.355000+00:00,7.175e-05
2025-06-30 16:00:01.101000+00:00,0.00027325
2025-06-30 17:00:00.750000+00:00,3.875e-05
2025-06-30 18:00:00.301000+00:00,2.375e-05
2025-06-30 19:00:00.309000+00:00,2.9125e-05
2025-06-30 20:00:00.820000+00:00,2.1125e-05
2025-06-30 21:00:00.828000+00:00,1.5625e-05
2025-06-30 22:00:00.412000+00:00,1.625e-05
2025-06-30 23:00:00.260000+00:00,1.575e-05
2025-07-01 00:00:00.616000+00:00,0.000227125
2025-07-01 01:00:00.407000+00:00,0.0002645
2025-07-01 02:00:00.497000+00:00,1.25e-05
2025-07-01 03:00:00.652000+00:00,1.2625e-05
2025-07-01 04:00:00.600000+00:00,1.25e-05
2025-07-01 05:00:00.776000+00:00,1.25e-05
2025-07-01 06:00:00.677000+00:00,1.275e-05
2025-07-01 07:00:00.032000+00:00,1.8e-05
2025-07-01 08:00:00.999000+00:00,1.7125e-05
2025-07-01 09:00:00.243000+00:00,2.0375e-05
2025-07-01 10:00:00.128000+00:00,1.25e-05
2025-07-01 11:00:00.348000+00:00,0.000238
2025-07-01 12:00:03.833000+00:00,0.000221125
2025-07-01 13:00:00.593000+00:00,0.000217
2025-07-01 14:00:00.240000+00:00,0.000209625
2025-07-01 15:00:00.638000+00:00,0.000213875
2025-07-01 16:00:00.062000+00:00,0.000205
2025-07-01 17:00:00.887000+00:00,0.000209875
2025-07-01 18:00:00.802000+00:00,0.00020275
2025-07-01 19:00:00.502000+00:00,0.001283625
2025-07-01 20:00:00.486000+00:00,0.002611375
2025-07-01 21:00:08.571000+00:00,0.000159375
2025-07-01 22:00:00.648000+00:00,0.000156375
2025-07-01 23:00:00.265000+00:00,0.00015275
2025-07-02 00:00:00.854000+00:00,0.000141875
2025-07-02 01:00:00.313000+00:00,0.000134
2025-07-02 02:00:00.558000+00:00,0.000141875
2025-07-02 03:00:00.132000+00:00,0.000139375
2025-07-02 04:00:00.503000+00:00,0.000150125
2025-07-02 05:00:00.110000+00:00,0.00015325
2025-07-02 06:00:00.135000+00:00,0.000147875
2025-07-02 07:00:00.759000+00:00,0.000153375
2025-07-02 08:00:00.260000+00:00,0.00017225
2025-07-02 09:00:01.070000+00:00,0.0001725
2025-07-02 10:00:01.856000+00:00,0.000186125
2025-07-02 11:00:00.640000+00:00,0.000179
2025-07-02 12:00:00.541000+00:00,0.000173375
2025-07-02 13:00:00.570000+00:00,0.0001675
2025-07-02 14:00:00.933000+00:00,0.0001635
2025-07-02 15:00:00.741000+00:00,0.0001485
2025-07-02 16:00:00.404000+00:00,0.000173875
2025-07-02 17:00:00.184000+00:00,0.000160375
2025-07-02 18:00:00.355000+00:00,0.000128625
2025-07-02 19:00:00.318000+00:00,6.7125e-05
2025-07-02 20:00:00.855000+00:00,6.125e-05
2025-07-02 21:00:00.304000+00:00,8.275e-05
2025-07-02 22:00:00.102000+00:00,4.8875e-05
2025-07-02 23:00:00.002000+00:00,1.25e-05
2025-07-03 00:00:00.613000+00:00,1.25e-05
2025-07-03 01:00:00.538000+00:00,1.25e-05
2025-07-03 02:00:00.738000+00:00,1.25e-05
2025-07-03 03:00:00.500000+00:00,1.25e-05
2025-07-03 04:00:01.893000+00:00,1.25e-05
2025-07-03 05:00:00.042000+00:00,1.25e-05
2025-07-03 06:00:00.155000+00:00,1.25e-05
2025-07-03 07:00:00.568000+00:00,1.25e-05
2025-07-03 08:00:00.476000+00:00,1.25e-05
2025-07-03 09:00:00.654000+00:00,1.25e-05
2025-07-03 10:00:00.540000+00:00,1.25e-05
2025-07-03 11:00:00.034000+00:00,1.25e-05
2025-07-03 12:00:00.846000+00:00,1.25e-05
2025-07-03 13:00:00.361000+00:00,1.1375e-05
2025-07-03 14:00:00.552000+00:00,1.25e-05
2025-07-03 15:00:01.066000+00:00,1.25e-05
2025-07-03 16:00:00.948000+00:00,1.25e-05
2025-07-03 17:00:00.181000+00:00,1.25e-05
2025-07-03 18:00:00.249000+00:00,1.25e-05
2025-07-03 19:00:00.841000+00:00,1.25e-05
2025-07-03 20:00:00.329000+00:00,1.25e-05
2025-07-03 21:00:00.828000+00:00,1.25e-05
2025-07-03 22:00:00.244000+00:00,1.25e-05
2025-07-03 23:00:00.829000+00:00,1.25e-05
2025-07-04 00:00:00.063000+00:00,1.25e-05
2025-07-04 01:00:00.551000+00:00,1.25e-05
2025-07-04 02:00:00.034000+00:00,1.25e-05
2025-07-04 03:00:00.343000+00:00,1.25e-05
2025-07-04 04:00:00.751000+00:00,1.25e-05
2025-07-04 05:00:00.920000+00:00,1.25e-05
2025-07-04 06:00:00.034000+00:00,-0.00015275
2025-07-04 07:00:00.189000+00:00,1.25e-05
2025-07-04 08:00:00.242000+00:00,7.6e-05
2025-07-04 09:00:00.345000+00:00,-0.00015875
2025-07-04 10:00:00.921000+00:00,1.375e-05
2025-07-04 11:00:00.432000+00:00,0.00021925
2025-07-04 12:00:00.992000+00:00,0.0002505
2025-07-04 13:00:01.011000+00:00,2.3875e-05
2025-07-04 14:00:00.894000+00:00,1.425e-05
2025-07-04 15:00:00.540000+00:00,2.25e-05
2025-07-04 16:00:00.648000+00:00,0.000770375
2025-07-04 17:00:00.384000+00:00,0.000629875
2025-07-04 18:00:00.435000+00:00,1.475e-05
2025-07-04 19:00:00.377000+00:00,1.25e-05
2025-07-04 20:00:00.116000+00:00,1.25e-05
2025-07-04 21:00:00.370000+00:00,1.25e-05
2025-07-04 22:00:00.410000+00:00,1.25e-05
2025-07-04 23:00:00.898000+00:00,1.25e-05
2025-07-05 00:00:00.506000+00:00,1.25e-05
2025-07-05 01:00:00.783000+00:00,1.25e-05
2025-07-05 02:00:00.127000+00:00,1.25e-05
2025-07-05 03:00:01.056000+00:00,1.25e-05
2025-07-05 04:00:00.651000+00:00,1.25e-05
2025-07-05 05:00:00.126000+00:00,1.25e-05
2025-07-05 06:00:01.152000+00:00,1.25e-05
2025-07-05 07:00:00.667000+00:00,1.25e-05
2025-07-05 08:00:00.808000+00:00,1.25e-05
2025-07-05 09:00:00.920000+00:00,1.25e-05
2025-07-05 10:00:00.523000+00:00,1.25e-05
2025-07-05 11:00:00.442000+00:00,1.25e-05
2025-07-05 12:00:00.799000+00:00,1.25e-05
2025-07-05 13:00:00.478000+00:00,1.25e-05
2025-07-05 14:00:00.257000+00:00,1.25e-05
2025-07-05 15:00:01.409000+00:00,1.25e-05
2025-07-05 16:00:00.552000+00:00,1.25e-05
2025-07-05 17:00:00.929000+00:00,1.25e-05
2025-07-05 18:00:00.535000+00:00,0.000304875
2025-07-05 19:00:00.579000+00:00,1.25e-05
2025-07-05 20:00:00.539000+00:00,1.25e-05
2025-07-05 21:00:00.776000+00:00,1.25e-05
2025-07-05 22:00:00.222000+00:00,1.25e-05
2025-07-05 23:00:00.653000+00:00,1.25e-05
2025-07-06 00:00:00.514000+00:00,6e-06
2025-07-06 01:00:00.172000+00:00,-3.8125e-05
2025-07-06 02:00:00.257000+00:00,-0.0001655
2025-07-06 03:00:00.553000+00:00,2.15e-05
2025-07-06 04:00:00.482000+00:00,6.0375e-05
2025-07-06 05:00:00.634000+00:00,7.15e-05
2025-07-06 06:00:00.231000+00:00,0.000173125
2025-07-06 07:00:00.400000+00:00,1.625e-05
2025-07-06 08:00:00.331000+00:00,0.000305125
2025-07-06 09:00:00.751000+00:00,6.25e-07
2025-07-06 10:00:00.725000+00:00,1.25e-05
2025-07-06 11:00:00.877000+00:00,1.25e-05
2025-07-06 12:00:00.685000+00:00,1.25e-05
2025-07-06 13:00:00.797000+00:00,1.25e-05
2025-07-06 14:00:00.493000+00:00,1.25e-05
2025-07-06 15:00:00.469000+00:00,1.25e-05
2025-07-06 16:00:00.116000+00:00,1.25e-05
2025-07-06 17:00:00.094000+00:00,1.25e-05
2025-07-06 18:00:00.080000+00:00,1.25e-05
2025-07-06 19:00:00.414000+00:00,1.25e-05
2025-07-06 20:00:00.600000+00:00,1.25e-05
2025-07-06 21:00:00.360000+00:00,1.25e-05
2025-07-06 22:00:00.645000+00:00,1.25e-05
2025-07-06 23:00:00.976000+00:00,1.25e-05
2025-07-07 00:00:00.805000+00:00,1.25e-05
2025-07-07 01:00:00.786000+00:00,1.25e-05
2025-07-07 02:00:01.082000+00:00,1.25e-05
2025-07-07 03:00:00.099000+00:00,1.25e-05
2025-07-07 04:00:00.221000+00:00,1.25e-05
2025-07-07 05:00:00.521000+00:00,1.25e-05
2025-07-07 06:00:00.791000+00:00,1.25e-05
2025-07-07 07:00:00.403000+00:00,1.25e-05
2025-07-07 08:00:00.372000+00:00,1.25e-05
2025-07-07 09:00:05.470000+00:00,1.25e-05
2025-07-07 10:00:00.749000+00:00,1.25e-05
2025-07-07 11:00:00.637000+00:00,1.25e-05
2025-07-07 12:00:00.576000+00:00,1.25e-05
2025-07-07 13:00:00.965000+00:00,1.25e-05
2025-07-07 14:00:00.640000+00:00,1.25e-05
2025-07-07 15:00:00.346000+00:00,1.25e-05
2025-07-07 16:00:00.646000+00:00,1.25e-05
2025-07-07 17:00:00.098000+00:00,1.25e-05
2025-07-07 18:00:00.395000+00:00,1.25e-05
2025-07-07 19:00:00.852000+00:00,1.25e-05
2025-07-07 20:00:00.051000+00:00,1.25e-05
2025-07-07 21:00:00.639000+00:00,1.25e-05
2025-07-07 22:00:00.984000+00:00,1.25e-05
2025-07-07 23:00:00.705000+00:00,1.25e-05
2025-07-08 00:00:00.772000+00:00,1.25e-05
2025-07-08 01:00:00.214000+00:00,1.25e-05
2025-07-08 02:00:00.826000+00:00,1.25e-05
2025-07-08 03:00:00.006000+00:00,2.275e-05
2025-07-08 04:00:00.652000+00:00,1.25e-05
2025-07-08 05:00:00.030000+00:00,1.25e-05
2025-07-08 06:00:02.382000+00:00,1.25e-05
2025-07-08 07:00:00.710000+00:00,1.25e-05
2025-07-08 08:00:00.397000+00:00,1.25e-05
2025-07-08 09:00:00.421000+00:00,1.25e-05
2025-07-08 10:00:00.102000+00:00,1.25e-05
2025-07-08 11:00:00.694000+00:00,1.25e-05
2025-07-08 12:00:01.124000+00:00,1.25e-05
2025-07-08 13:00:00.082000+00:00,1.25e-05
2025-07-08 14:00:00.064000+00:00,1.25e-05
2025-07-08 15:00:00.641000+00:00,1.25e-05
2025-07-08 16:00:00.687000+00:00,1.25e-05
2025-07-08 17:00:00.138000+00:00,1.25e-05
2025-07-08 18:00:00.235000+00:00,1.25e-05
2025-07-08 19:00:01.225000+00:00,1.25e-05
2025-07-08 20:00:00.463000+00:00,1.25e-05
2025-07-08 21:00:00.304000+00:00,1.25e-05
2025-07-08 22:00:01.711000+00:00,1.25e-05
2025-07-08 23:00:00.738000+00:00,1.25e-05
2025-07-09 00:00:00.704000+00:00,1.25e-05
2025-07-09 01:00:00.517000+00:00,1.25e-05
2025-07-09 02:00:00.292000+00:00,1.25e-05
2025-07-09 03:00:00.557000+00:00,1.25e-05
2025-07-09 04:00:00.413000+00:00,1.25e-05
2025-07-09 05:00:00.852000+00:00,1.25e-05
2025-07-09 06:00:00.380000+00:00,1.25e-05
2025-07-09 07:00:00.390000+00:00,1.25e-05
2025-07-09 08:00:00.083000+00:00,1.25e-05
2025-07-09 09:00:00.422000+00:00,1.25e-05
2025-07-09 10:00:00.086000+00:00,1.25e-05
2025-07-09 11:00:00.158000+00:00,1.25e-05
2025-07-09 12:00:00.322000+00:00,1.25e-05
2025-07-09 13:00:00.285000+00:00,1.25e-05
2025-07-09 14:00:00.249000+00:00,1.25e-05
2025-07-09 15:00:00.125000+00:00,1.25e-05
2025-07-09 16:00:00.254000+00:00,1.25e-05
2025-07-09 17:00:00.935000+00:00,1.25e-05
2025-07-09 18:00:00.746000+00:00,1.25e-05
2025-07-09 19:00:00.300000+00:00,1.25e-05
2025-07-09 20:00:00.268000+00:00,1.25e-05
2025-07-09 21:00:00.946000+00:00,1.25e-05
2025-07-09 22:00:00.869000+00:00,1.25e-05
2025-07-09 23:00:00.041000+00:00,1.25e-05
2025-07-10 00:00:00.318000+00:00,1.25e-05
2025-07-10 01:00:00.396000+00:00,1.25e-05
2025-07-10 02:00:00.298000+00:00,1.25e-05
2025-07-10 03:00:00.087000+00:00,1.25e-05
2025-07-10 04:00:00.339000+00:00,1.25e-05
2025-07-10 05:00:00.537000+00:00,1.25e-05
2025-07-10 06:00:00.374000+00:00,1.25e-05
2025-07-10 07:00:00.147000+00:00,1.25e-05
2025-07-10 08:00:00.668000+00:00,1.25e-05
2025-07-10 09:00:00.617000+00:00,1.25e-05
2025-07-10 10:00:00.563000+00:00,1.25e-05
2025-07-10 11:00:00.338000+00:00,1.25e-05
2025-07-10 12:00:00.852000+00:00,1.25e-05
2025-07-10 13:00:00.073000+00:00,1.25e-05
2025-07-10 14:00:00.018000+00:00,1.25e-05
2025-07-10 15:00:00.294000+00:00,1.25e-05
2025-07-10 16:00:00.616000+00:00,1.25e-05
2025-07-10 17:00:00.226000+00:00,1.25e-05
2025-07-10 18:00:01.564000+00:00,1.025e-05
2025-07-10 19:00:00.079000+00:00,1.25e-05
2025-07-10 20:00:00.143000+00:00,9.1e-05
2025-07-10 21:00:00.133000+00:00,1.25e-05
2025-07-10 22:00:00.178000+00:00,2.7375e-05
2025-07-10 23:00:00.116000+00:00,0.00011675
2025-07-11 00:00:00.417000+00:00,1.25e-05
2025-07-11 01:00:00.812000+00:00,1.25e-05
2025-07-11 02:00:00.224000+00:00,1.25e-05
2025-07-11 03:00:00.728000+00:00,1.25e-05
2025-07-11 04:00:02.244000+00:00,1.25e-05
2025-07-11 05:00:01.053000+00:00,1.25e-05
2025-07-11 06:00:00.562000+00:00,1.25e-05
2025-07-11 07:00:00.282000+00:00,1.325e-05
2025-07-11 08:00:00.524000+00:00,1.25e-05
2025-07-11 09:00:00.669000+00:00,1.25e-05
2025-07-11 10:00:00.091000+00:00,0.000214375
2025-07-11 11:00:00.687000+00:00,0.000910875
2025-07-11 12:00:00.626000+00:00,0.00177725
2025-07-11 13:00:00.106000+00:00,1.25e-05
2025-07-11 14:00:00.606000+00:00,1.25e-05
2025-07-11 15:00:00.547000+00:00,1.3125e-05
2025-07-11 16:00:00.265000+00:00,1.3e-05
2025-07-11 17:00:00.799000+00:00,1.25e-05
2025-07-11 18:00:00.917000+00:00,1.25e-05
2025-07-11 19:00:00.535000+00:00,1.15e-05
2025-07-11 20:00:00.010000+00:00,1.25e-05
2025-07-11 21:00:00.728000+00:00,1.7625e-05
2025-07-11 22:00:02.080000+00:00,1.35e-05
2025-07-11 23:00:00.184000+00:00,1.3375e-05
2025-07-12 00:00:00.421000+00:00,1.3e-05
2025-07-12 01:00:00.209000+00:00,1.4375e-05
2025-07-12 02:00:00.857000+00:00,1.425e-05
2025-07-12 03:00:00.379000+00:00,1.325e-05
2025-07-12 04:00:00.722000+00:00,1.325e-05
2025-07-12 05:00:00.512000+00:00,1.425e-05
2025-07-12 06:00:00.256000+00:00,1.275e-05
2025-07-12 07:00:01.286000+00:00,1.475e-05
2025-07-12 08:00:00.374000+00:00,1.575e-05
2025-07-12 09:00:00.337000+00:00,1.65e-05
2025-07-12 10:00:01.687000+00:00,1.35e-05
2025-07-12 11:00:00.668000+00:00,1.25e-05
2025-07-12 12:00:00.458000+00:00,1.275e-05
2025-07-12 13:00:00.261000+00:00,1.25e-05
2025-07-12 14:00:00.142000+00:00,1.25e-05
2025-07-12 15:00:00.545000+00:00,1.25e-05
2025-07-12 16:00:00.747000+00:00,1.325e-05
2025-07-12 17:00:00.296000+00:00,0.00048275
2025-07-12 18:00:00.796000+00:00,1.25e-05
2025-07-12 19:00:00.344000+00:00,1.25e-05
2025-07-12 20:00:00.818000+00:00,1.25e-05
2025-07-12 21:00:00.106000+00:00,1.25e-05
2025-07-12 22:00:00.189000+00:00,1.25e-05
2025-07-12 23:00:00.303000+00:00,1.25e-05
2025-07-13 00:00:00.693000+00:00,1.2875e-05
2025-07-13 01:00:00.053000+00:00,1.2625e-05
2025-07-13 02:00:00.392000+00:00,1.25e-05
2025-07-13 03:00:00.475000+00:00,1.25e-05
2025-07-13 04:00:00.691000+00:00,1.25e-05
2025-07-13 05:00:00.316000+00:00,1.25e-05
2025-07-13 06:00:00.555000+00:00,1.2625e-05
2025-07-13 07:00:00.216000+00:00,1.25e-05
2025-07-13 08:00:00.374000+00:00,1.3e-05
2025-07-13 09:00:00.565000+00:00,1.2625e-05
2025-07-13 10:00:00.166000+00:00,1.25e-05
2025-07-13 11:00:00.893000+00:00,1.475e-05
2025-07-13 12:00:01.105000+00:00,1.3625e-05
2025-07-13 13:00:00.675000+00:00,0.000368
2025-07-13 14:00:00.391000+00:00,0.00124275
2025-07-13 15:00:00.915000+00:00,0.00036675
2025-07-13 16:00:00.122000+00:00,0.000377375
2025-07-13 17:00:00.842000+00:00,0.000383625
2025-07-13 18:00:00.547000+00:00,0.000637375
2025-07-13 19:00:00.143000+00:00,0.000336
2025-07-13 20:00:00.096000+00:00,0.0002465
2025-07-13 21:00:00.773000+00:00,0.0002465
2025-07-13 22:00:00.296000+00:00,0.000241
2025-07-13 23:00:00.634000+00:00,9.25e-05
2025-07-14 00:00:00.800000+00:00,6.8e-05
2025-07-14 01:00:00.142000+00:00,9.05e-05
2025-07-14 02:00:00.698000+00:00,3.9375e-05
2025-07-14 03:00:00.050000+00:00,1.25e-05
2025-07-14 04:00:00.415000+00:00,1.25e-05
2025-07-14 05:00:00.278000+00:00,1.25e-05
2025-07-14 06:00:00.036000+00:00,1.25e-05
2025-07-14 07:00:01.214000+00:00,1.25e-05
2025-07-14 08:00:00.381000+00:00,1.25e-05
2025-07-14 09:00:00.342000+00:00,4.3e-05
2025-07-14 10:00:00.057000+00:00,7.775e-05
2025-07-14 11:00:00.200000+00:00,3.225e-05
2025-07-14 12:00:00.124000+00:00,1.5875e-05
2025-07-14 13:00:00.007000+00:00,0.000214
2025-07-14 14:00:01.048000+00:00,0.000262875
2025-07-14 15:00:00.445000+00:00,1.6875e-05
2025-07-14 16:00:00.219000+00:00,7.225e-05
2025-07-14 17:00:00.209000+00:00,1.25e-05
2025-07-14 18:00:00.264000+00:00,1.25e-05
2025-07-14 19:00:02.805000+00:00,1.25e-05
2025-07-14 20:00:00.637000+00:00,1.2875e-05
2025-07-14 21:00:00.583000+00:00,1.95e-05
2025-07-14 22:00:01.427000+00:00,1.25e-05
2025-07-14 23:00:00.989000+00:00,1.25e-05
2025-07-15 00:00:00.457000+00:00,1.25e-05
2025-07-15 01:00:00.436000+00:00,2.5125e-05
2025-07-15 02:00:00.373000+00:00,1.25e-05
2025-07-15 03:00:00.595000+00:00,1.25e-05
2025-07-15 04:00:00.665000+00:00,1.25e-05
2025-07-15 05:00:00.099000+00:00,1.25e-05
2025-07-15 06:00:00.827000+00:00,0.000109125
2025-07-15 07:00:00.339000+00:00,0.00019125
2025-07-15 08:00:00.741000+00:00,1.25e-05
2025-07-15 09:00:00.750000+00:00,0.000173375
2025-07-15 10:00:00.823000+00:00,1.725e-05
2025-07-15 11:00:00.247000+00:00,1.25e-05
2025-07-15 12:00:00.215000+00:00,1.25e-05
2025-07-15 13:00:00.020000+00:00,1.8625e-05
2025-07-15 14:00:01.179000+00:00,4.7625e-05
2025-07-15 15:00:00.826000+00:00,0.000361625
2025-07-15 16:00:00.005000+00:00,0.00044175
2025-07-15 17:00:00.619000+00:00,1.25e-05
2025-07-15 18:00:00.335000+00:00,1.3375e-05
2025-07-15 19:00:01.116000+00:00,1.25e-05
2025-07-15 20:00:00.741000+00:00,0.00019875
2025-07-15 21:00:00.878000+00:00,1.25e-05
2025-07-15 22:00:00.039000+00:00,2.15e-05
2025-07-15 23:00:00.980000+00:00,1.25e-05
2025-07-16 00:00:00.343000+00:00,1.7875e-05
2025-07-16 01:00:00.735000+00:00,1.25e-05
2025-07-16 02:00:00.739000+00:00,1.25e-05
2025-07-16 03:00:00.773000+00:00,1.25e-05
2025-07-16 04:00:00.393000+00:00,1.25e-05
2025-07-16 05:00:00.177000+00:00,5.325e-05
2025-07-16 06:00:00.052000+00:00,1.25e-05
2025-07-16 07:00:00.432000+00:00,1.25e-05
2025-07-16 08:00:00.535000+00:00,1.25e-05
2025-07-16 09:00:00.333000+00:00,1.25e-05
2025-07-16 10:00:00.835000+00:00,1.25e-05
2025-07-16 11:00:00.453000+00:00,1.25e-05
2025-07-16 12:00:00.507000+00:00,1.25e-05
2025-07-16 13:00:01.033000+00:00,1.275e-05
2025-07-16 14:00:00.487000+00:00,1.25e-05
2025-07-16 15:00:00.297000+00:00,1.25e-05
2025-07-16 16:00:00.067000+00:00,1.25e-05
2025-07-16 17:00:00.286000+00:00,1.25e-05
2025-07-16 18:00:00.198000+00:00,1.25e-05
2025-07-16 19:00:01.183000+00:00,2.075e-05
2025-07-16 20:00:00.655000+00:00,1.25e-05
2025-07-16 21:00:01.520000+00:00,1.25e-05
2025-07-16 22:00:00.277000+00:00,1.35e-05
2025-07-16 23:00:00.273000+00:00,1.5e-05
2025-07-17 00:00:02.239000+00:00,7.1625e-05
2025-07-17 01:00:00.231000+00:00,1.375e-05
2025-07-17 02:00:01.585000+00:00,0.000690125
2025-07-17 03:00:00.940000+00:00,2.3875e-05
2025-07-17 04:00:00.954000+00:00,2.35e-05
2025-07-17 05:00:00.270000+00:00,2.125e-05
2025-07-17 06:00:00.776000+00:00,2.3125e-05
2025-07-17 07:00:02.217000+00:00,2.425e-05
2025-07-17 08:00:00.565000+00:00,3.1375e-05
2025-07-17 09:00:03.868000+00:00,3.025e-05
2025-07-17 10:00:00.512000+00:00,3.0625e-05
2025-07-17 11:00:00.938000+00:00,3.725e-05
2025-07-17 12:00:00.517000+00:00,5.425e-05
2025-07-17 13:00:00.691000+00:00,0.000182625
2025-07-17 14:00:00.826000+00:00,0.000218375
2025-07-17 15:00:00.549000+00:00,0.0001405
2025-07-17 16:00:00.202000+00:00,0.0001395
2025-07-17 17:00:00.396000+00:00,0.000167625
2025-07-17 18:00:01.445000+00:00,0.00020375
2025-07-17 19:00:00.178000+00:00,0.000216875
2025-07-17 20:00:00.009000+00:00,0.00016575
2025-07-17 21:00:00.020000+00:00,0.000168875
2025-07-17 22:00:00.111000+00:00,1.25e-05
2025-07-17 23:00:00.673000+00:00,1.3625e-05
2025-07-18 00:00:00.803000+00:00,1.2625e-05
2025-07-18 01:00:00.650000+00:00,1.25e-05
2025-07-18 02:00:01.720000+00:00,1.25e-05
2025-07-18 03:00:00.481000+00:00,1.3375e-05
2025-07-18 04:00:00.846000+00:00,1.5125e-05
2025-07-18 05:00:00.029000+00:00,1.3875e-05
2025-07-18 06:00:00.277000+00:00,1.25e-05
2025-07-18 07:00:00.986000+00:00,1.425e-05
2025-07-18 08:00:00.327000+00:00,1.3875e-05
2025-07-18 09:00:00.783000+00:00,1.25e-05
2025-07-18 10:00:00.212000+00:00,1.2875e-05
2025-07-18 11:00:00.129000+00:00,1.425e-05
2025-07-18 12:00:00.184000+00:00,1.625e-05
2025-07-18 13:00:00.026000+00:00,1.2625e-05
2025-07-18 14:00:00.439000+00:00,1.35e-05
2025-07-18 15:00:00.794000+00:00,1.475e-05
2025-07-18 16:00:00.041000+00:00,1.65e-05
2025-07-18 17:00:01.507000+00:00,2.0875e-05
2025-07-18 18:00:00.270000+00:00,1.25e-05
2025-07-18 19:00:00.226000+00:00,1.2875e-05
2025-07-18 20:00:00.882000+00:00,1.25e-05
2025-07-18 21:00:00.751000+00:00,1.25e-05
2025-07-18 22:00:00.771000+00:00,1.275e-05
2025-07-18 23:00:00.228000+00:00,1.9e-05
2025-07-19 00:00:01.022000+00:00,1.825e-05
2025-07-19 01:00:00.094000+00:00,1.9e-05
2025-07-19 02:00:00.674000+00:00,2.2125e-05
2025-07-19 03:00:00.659000+00:00,1.8125e-05
2025-07-19 04:00:00.226000+00:00,2.35e-05
2025-07-19 05:00:00.055000+00:00,2.2125e-05
2025-07-19 06:00:00.545000+00:00,1.85e-05
2025-07-19 07:00:00.079000+00:00,2.375e-05
2025-07-19 08:00:00.183000+00:00,1.6e-05
2025-07-19 09:00:00.453000+00:00,2.1375e-05
2025-07-19 10:00:00.582000+00:00,1.525e-05
2025-07-19 11:00:00.501000+00:00,1.7125e-05
2025-07-19 12:00:00.285000+00:00,2.5125e-05
2025-07-19 13:00:00.433000+00:00,2.175e-05
2025-07-19 14:00:00.622000+00:00,2.075e-05
2025-07-19 15:00:00.746000+00:00,1.925e-05
2025-07-19 16:00:00.185000+00:00,1.725e-05
2025-07-19 17:00:00.318000+00:00,1.7125e-05
2025-07-19 18:00:00.410000+00:00,2.2e-05
2025-07-19 19:00:00.121000+00:00,2.0875e-05
2025-07-19 20:00:00.599000+00:00,1.9125e-05
2025-07-19 21:00:00.446000+00:00,1.725e-05
2025-07-19 22:00:00.459000+00:00,2.3375e-05
2025-07-19 23:00:00.305000+00:00,2.3875e-05
2025-07-20 00:00:00.283000+00:00,2.1875e-05
2025-07-20 01:00:00.275000+00:00,1.9875e-05
2025-07-20 02:00:00.539000+00:00,1.8e-05
2025-07-20 03:00:00.874000+00:00,2.2625e-05
2025-07-20 04:00:00.954000+00:00,2.35e-05
2025-07-20 05:00:00.778000+00:00,2.275e-05
2025-07-20 06:00:00.738000+00:00,1.725e-05
2025-07-20 07:00:00.828000+00:00,2.9125e-05
2025-07-20 08:00:00.608000+00:00,1.8625e-05
2025-07-20 09:00:00.573000+00:00,1.7875e-05
2025-07-20 10:00:00.822000+00:00,1.5875e-05
2025-07-20 11:00:00.621000+00:00,1.9375e-05
2025-07-20 12:00:00.331000+00:00,2.75e-05
2025-07-20 13:00:00.209000+00:00,2.475e-05
2025-07-20 14:00:00.276000+00:00,4.3375e-05
2025-07-20 15:00:00.449000+00:00,2.7125e-05
2025-07-20 16:00:00.373000+00:00,2.3125e-05
2025-07-20 17:00:02.975000+00:00,1.8375e-05
2025-07-20 18:00:00.561000+00:00,1.7375e-05
2025-07-20 19:00:00.280000+00:00,1.325e-05
2025-07-20 20:00:01.121000+00:00,1.4375e-05
2025-07-20 21:00:00.806000+00:00,1.5e-05
2025-07-20 22:00:01.018000+00:00,1.4125e-05
2025-07-20 23:00:00.360000+00:00,1.2875e-05
2025-07-21 00:00:00.501000+00:00,1.6e-05
2025-07-21 01:00:00.073000+00:00,1.4875e-05
2025-07-21 02:00:01.691000+00:00,1.3625e-05
2025-07-21 03:00:00.191000+00:00,1.4125e-05
2025-07-21 04:00:00.046000+00:00,1.4875e-05
2025-07-21 05:00:00.167000+00:00,1.65e-05
2025-07-21 06:00:00.263000+00:00,1.3e-05
2025-07-21 07:00:00.373000+00:00,1.3375e-05
2025-07-21 08:00:00.104000+00:00,1.5625e-05
2025-07-21 09:00:00.768000+00:00,1.6625e-05
2025-07-21 10:00:00.730000+00:00,1.6125e-05
2025-07-21 11:00:00.603000+00:00,1.925e-05
2025-07-21 12:00:00.473000+00:00,1.425e-05
2025-07-21 13:00:00.220000+00:00,1.65e-05
2025-07-21 14:00:00.892000+00:00,1.3625e-05
2025-07-21 15:00:01.011000+00:00,1.625e-05
2025-07-21 16:00:00.854000+00:00,1.5625e-05
2025-07-21 17:00:01.190000+00:00,1.4125e-05
2025-07-21 18:00:00.584000+00:00,1.2625e-05
2025-07-21 19:00:00.148000+00:00,1.375e-05
2025-07-21 20:00:00.424000+00:00,1.25e-05
2025-07-21 21:00:00.202000+00:00,1.275e-05
2025-07-21 22:00:00.214000+00:00,5.35e-05
2025-07-21 23:00:00.724000+00:00,1.8125e-05
2025-07-22 00:00:00.420000+00:00,3.025e-05
2025-07-22 01:00:00.142000+00:00,1.3e-05
2025-07-22 02:00:00.753000+00:00,1.325e-05
2025-07-22 03:00:00.805000+00:00,1.4125e-05
2025-07-22 04:00:00.023000+00:00,6.2125e-05
2025-07-22 05:00:00.275000+00:00,0.001080125
2025-07-22 06:00:00.167000+00:00,0.000278875
2025-07-22 07:00:00.573000+00:00,3.4625e-05
2025-07-22 08:00:00.289000+00:00,1.475e-05
2025-07-22 09:00:00.368000+00:00,1.7625e-05
2025-07-22 10:00:00.732000+00:00,1.5e-05
2025-07-22 11:00:00.135000+00:00,1.3125e-05
2025-07-22 12:00:00.101000+00:00,1.25e-05
2025-07-22 13:00:00.577000+00:00,1.55e-05
2025-07-22 14:00:00.123000+00:00,0.00015225
2025-07-22 15:00:00.580000+00:00,1.4625e-05
2025-07-22 16:00:00.241000+00:00,1.4e-05
2025-07-22 17:00:00.410000+00:00,1.3375e-05
2025-07-22 18:00:00.037000+00:00,1.4625e-05
2025-07-22 19:00:01.330000+00:00,1.5375e-05
2025-07-22 20:00:00.088000+00:00,2.1375e-05
2025-07-22 21:00:00.049000+00:00,0.0002305
2025-07-22 22:00:00.328000+00:00,1.5e-05
2025-07-22 23:00:00.187000+00:00,9.875e-05
2025-07-23 00:00:00.469000+00:00,1.5125e-05
2025-07-23 01:00:00.837000+00:00,4.7125e-05
2025-07-23 02:00:00.435000+00:00,2.1125e-05
2025-07-23 03:00:00.029000+00:00,1.3125e-05
2025-07-23 04:00:01.538000+00:00,1.425e-05
2025-07-23 05:00:00.080000+00:00,1.25e-05
2025-07-23 06:00:00.726000+00:00,8.675e-05
2025-07-23 07:00:00.750000+00:00,3e-05
2025-07-23 08:00:00.334000+00:00,3.05e-05
2025-07-23 09:00:00.504000+00:00,3.6e-05
2025-07-23 10:00:00.460000+00:00,2.075e-05
2025-07-23 11:00:00.838000+00:00,1.3e-05
2025-07-23 12:00:00.735000+00:00,1.35e-05
2025-07-23 13:00:00.663000+00:00,1.625e-05
2025-07-23 14:00:00.857000+00:00,0.000108
2025-07-23 15:00:00.225000+00:00,2.4625e-05
2025-07-23 16:00:00.889000+00:00,0.000104625
2025-07-23 17:00:00.567000+00:00,0.000452375
2025-07-23 18:00:00.752000+00:00,1.25e-05
2025-07-23 19:00:00.070000+00:00,1.25e-05
2025-07-23 20:00:00.320000+00:00,1.25e-05
2025-07-23 21:00:00.551000+00:00,1.25e-05
2025-07-23 22:00:00.574000+00:00,1.25e-05
2025-07-23 23:00:00.739000+00:00,9.675e-05
2025-07-24 00:00:00.439000+00:00,4.175e-05
2025-07-24 01:00:00.223000+00:00,8.425e-05
2025-07-24 02:00:00.814000+00:00,0.000245
2025-07-24 03:00:00.919000+00:00,1.7375e-05
2025-07-24 04:00:02.018000+00:00,1.25e-05
2025-07-24 05:00:00.121000+00:00,1.25e-05
2025-07-24 06:00:01.250000+00:00,1.25e-05
2025-07-24 07:00:00.265000+00:00,1.25e-05
2025-07-24 08:00:00.920000+00:00,9.0625e-05
2025-07-24 09:00:00.967000+00:00,1.425e-05
2025-07-24 10:00:00.224000+00:00,1.25e-05
2025-07-24 11:00:00.015000+00:00,1.25e-05
2025-07-24 12:00:00.817000+00:00,2.7625e-05
2025-07-24 13:00:00.262000+00:00,3.0125e-05
2025-07-24 14:00:00.492000+00:00,1.25e-05
2025-07-24 15:00:00.486000+00:00,1.25e-05
2025-07-24 16:00:00.566000+00:00,1.525e-05
2025-07-24 17:00:00.887000+00:00,0.000266375
2025-07-24 18:00:00.858000+00:00,1.325e-05
2025-07-24 19:00:01.165000+00:00,1.25e-05
2025-07-24 20:00:00.088000+00:00,1.25e-05
2025-07-24 21:00:00.058000+00:00,1.25e-05
2025-07-24 22:00:00.812000+00:00,1.25e-05
2025-07-24 23:00:00.680000+00:00,1.25e-05
2025-07-25 00:00:00.078000+00:00,1.25e-05
2025-07-25 01:00:00.724000+00:00,1.25e-05
2025-07-25 02:00:02.520000+00:00,1.25e-05
2025-07-25 03:00:00.511000+00:00,1.25e-05
2025-07-25 04:00:00.780000+00:00,2.025e-05
2025-07-25 05:00:00.316000+00:00,1.25e-05
2025-07-25 06:00:01.119000+00:00,1.25e-05
2025-07-25 07:00:00.661000+00:00,1.25e-05
2025-07-25 08:00:00.057000+00:00,1.25e-05
2025-07-25 09:00:00.887000+00:00,1.25e-05
2025-07-25 10:00:00.155000+00:00,5.1875e-05
2025-07-25 11:00:00.110000+00:00,1.25e-05
2025-07-25 12:00:00.224000+00:00,1.25e-05
2025-07-25 13:00:00.425000+00:00,1.25e-05
2025-07-25 14:00:00.322000+00:00,1.25e-05
2025-07-25 15:00:00.839000+00:00,0.000319375
2025-07-25 16:00:00.827000+00:00,0.000218
2025-07-25 17:00:00.665000+00:00,1.275e-05
2025-07-25 18:00:00.064000+00:00,1.25e-05
2025-07-25 19:00:00.045000+00:00,1.25e-05
2025-07-25 20:00:00.108000+00:00,1.25e-05
2025-07-25 21:00:00.758000+00:00,1.25e-05
2025-07-25 22:00:00.568000+00:00,2.9625e-05
2025-07-25 23:00:00.259000+00:00,1.6375e-05
2025-07-26 00:00:00.611000+00:00,1.375e-05
2025-07-26 01:00:00.387000+00:00,1.25e-05
2025-07-26 02:00:00.373000+00:00,1.25e-05
2025-07-26 03:00:00.465000+00:00,1.25e-05
2025-07-26 04:00:00.432000+00:00,1.25e-05
2025-07-26 05:00:00.500000+00:00,1.25e-05
2025-07-26 06:00:00.463000+00:00,1.25e-05
2025-07-26 07:00:00.350000+00:00,2.2125e-05
2025-07-26 08:00:00.446000+00:00,1.25e-05
2025-07-26 09:00:00.076000+00:00,1.25e-05
2025-07-26 10:00:00.569000+00:00,6.875e-05
2025-07-26 11:00:00.087000+00:00,1.75e-05
2025-07-26 12:00:00.448000+00:00,1.25e-05
2025-07-26 13:00:00.368000+00:00,1.25e-05
2025-07-26 14:00:00.069000+00:00,1.25e-05
2025-07-26 15:00:00.720000+00:00,6.8875e-05
2025-07-26 16:00:02.018000+00:00,0.000411375
2025-07-26 17:00:00.355000+00:00,9.375e-05
2025-07-26 18:00:00.152000+00:00,0.000455875
2025-07-26 19:00:00.204000+00:00,9.1375e-05
2025-07-26 20:00:00.673000+00:00,4.0375e-05
2025-07-26 21:00:00.750000+00:00,0.000173625
2025-07-26 22:00:01.074000+00:00,0.000138625
2025-07-26 23:00:00.230000+00:00,0.00039375
2025-07-27 00:00:00.572000+00:00,6.1875e-05
2025-07-27 01:00:00.652000+00:00,1.25e-05
2025-07-27 02:00:00.526000+00:00,1.25e-05
2025-07-27 03:00:00.415000+00:00,5.15e-05
2025-07-27 04:00:00.692000+00:00,1.25e-05
2025-07-27 05:00:00.549000+00:00,1.25e-05
2025-07-27 06:00:00.370000+00:00,3.1e-05
2025-07-27 07:00:00.699000+00:00,3.175e-05
2025-07-27 08:00:00.027000+00:00,0.000299875
2025-07-27 09:00:00.534000+00:00,0.00066675
2025-07-27 10:00:00.058000+00:00,0.000900375
2025-07-27 11:00:00.817000+00:00,0.000199375
2025-07-27 12:00:00.325000+00:00,0.000694875
2025-07-27 13:00:03.389000+00:00,2.8125e-05
2025-07-27 14:00:02.826000+00:00,1.25e-05
2025-07-27 15:00:00.252000+00:00,1.25e-05
2025-07-27 16:00:00.666000+00:00,1.25e-05
2025-07-27 17:00:01.310000+00:00,1.25e-05
2025-07-27 18:00:00.091000+00:00,0.000178375
2025-07-27 19:00:00.816000+00:00,0.0002755
2025-07-27 20:00:00.385000+00:00,1.6e-05
2025-07-27 21:00:01.017000+00:00,1.25e-05
2025-07-27 22:00:00.724000+00:00,1.25e-05
2025-07-27 23:00:00.541000+00:00,1.25e-05
2025-07-28 00:00:02.638000+00:00,1.25e-05
2025-07-28 01:00:00.213000+00:00,1.25e-05
2025-07-28 02:00:00.196000+00:00,0.000244375
2025-07-28 03:00:00.946000+00:00,0.0001925
2025-07-28 04:00:00.140000+00:00,1.25e-05
2025-07-28 05:00:00.014000+00:00,1.25e-05
2025-07-28 06:00:00.322000+00:00,1.25e-05
2025-07-28 07:00:00.123000+00:00,1.25e-05
2025-07-28 08:00:00.587000+00:00,1.25e-05
2025-07-28 09:00:00.339000+00:00,1.25e-05
2025-07-28 10:00:01.037000+00:00,2.2e-05
2025-07-28 11:00:00.172000+00:00,1.25e-05
2025-07-28 12:00:00.528000+00:00,0.000158
2025-07-28 13:00:00.493000+00:00,3.5375e-05
2025-07-28 14:00:00.245000+00:00,1.25e-05
2025-07-28 15:00:01.188000+00:00,1.3e-05
2025-07-28 16:00:00.465000+00:00,1.25e-05
2025-07-28 17:00:00.003000+00:00,6.5e-05
2025-07-28 18:00:00.553000+00:00,0.0001635
2025-07-28 19:00:00.433000+00:00,6.05e-05
2025-07-28 20:00:00.230000+00:00,0.000216875
2025-07-28 21:00:01.394000+00:00,0.000729125
2025-07-28 22:00:00.731000+00:00,0.000936375
2025-07-28 23:00:00.122000+00:00,0.0005105
2025-07-29 00:00:00.928000+00:00,3.425e-05
2025-07-29 01:00:01.084000+00:00,3.025e-05
2025-07-29 02:00:02.113000+00:00,3.9375e-05
2025-07-29 03:00:00.271000+00:00,4.0125e-05
2025-07-29 04:00:00.185000+00:00,2.4e-05
2025-07-29 05:00:00.920000+00:00,4.5125e-05
2025-07-29 06:00:00.751000+00:00,4.1e-05
2025-07-29 07:00:00.912000+00:00,4.1625e-05
2025-07-29 08:00:01.325000+00:00,4.0375e-05
2025-07-29 09:00:00.021000+00:00,4.2e-05
2025-07-29 10:00:00.208000+00:00,4.8125e-05
2025-07-29 11:00:01.132000+00:00,5.4375e-05
2025-07-29 12:00:00.493000+00:00,3.6875e-05
2025-07-29 13:00:00.706000+00:00,4.925e-05
2025-07-29 14:00:00.767000+00:00,5.2125e-05
2025-07-29 15:00:00.772000+00:00,2.1875e-05
2025-07-29 16:00:00.004000+00:00,7.2125e-05
2025-07-29 17:00:00.172000+00:00,6.8625e-05
2025-07-29 18:00:00.613000+00:00,7.75e-05
2025-07-29 19:00:00.097000+00:00,7.1125e-05
2025-07-29 20:00:00.039000+00:00,8.1625e-05
2025-07-29 21:00:00.231000+00:00,7.6625e-05
2025-07-29 22:00:00.828000+00:00,6.425e-05
2025-07-29 23:00:00.719000+00:00,6.7375e-05
2025-07-30 00:00:00.188000+00:00,6.5625e-05
2025-07-30 01:00:00.062000+00:00,7.9875e-05
2025-07-30 02:00:00.476000+00:00,5.85e-05
2025-07-30 03:00:01.274000+00:00,7.3125e-05
2025-07-30 04:00:00.453000+00:00,6.5e-05
2025-07-30 05:00:00.023000+00:00,0.00010575
2025-07-30 06:00:00.815000+00:00,9.4e-05
2025-07-30 07:00:00.213000+00:00,9.0375e-05
2025-07-30 08:00:00.249000+00:00,0.000104
2025-07-30 09:00:00.870000+00:00,8.85e-05
2025-07-30 10:00:00.176000+00:00,0.000101875
2025-07-30 11:00:00.803000+00:00,8.55e-05
2025-07-30 12:00:00.014000+00:00,5.4875e-05
2025-07-30 13:00:00.549000+00:00,5.2375e-05
2025-07-30 14:00:00.920000+00:00,5.1625e-05
2025-07-30 15:00:00.409000+00:00,4.65e-05
2025-07-30 16:00:00.302000+00:00,6.7875e-05
2025-07-30 17:00:00.741000+00:00,6.2375e-05
2025-07-30 18:00:00.628000+00:00,6.3e-05
2025-07-30 19:00:00.371000+00:00,5.75e-05
2025-07-30 20:00:00.114000+00:00,2.55e-05
2025-07-30 21:00:00.254000+00:00,4.225e-05
2025-07-30 22:00:00.028000+00:00,4.5125e-05
2025-07-30 23:00:01.020000+00:00,4.95e-05
2025-07-31 00:00:00.184000+00:00,1.2375e-05
2025-07-31 01:00:00.773000+00:00,-8.625e-06
2025-07-31 02:00:00.718000+00:00,1.25e-05
2025-07-31 03:00:00.517000+00:00,0.00025225
2025-07-31 04:00:00.769000+00:00,0.000179875
2025-07-31 05:00:00.469000+00:00,0.000301125
2025-07-31 06:00:00.059000+00:00,0.00028825
2025-07-31 07:00:00.324000+00:00,1.25e-05
2025-07-31 08:00:01.581000+00:00,1.25e-05
2025-07-31 09:00:00.172000+00:00,1.25e-05
2025-07-31 10:00:00.265000+00:00,1.25e-05
2025-07-31 11:00:00.636000+00:00,1.25e-05
2025-07-31 12:00:00.123000+00:00,1.25e-05
2025-07-31 13:00:00.653000+00:00,1.25e-05
2025-07-31 14:00:00.642000+00:00,1.25e-05
2025-07-31 15:00:00.010000+00:00,1.5375e-05
2025-07-31 16:00:00.252000+00:00,1.25e-05
2025-07-31 17:00:01.010000+00:00,1.25e-05
2025-07-31 18:00:00.621000+00:00,1.25e-05
2025-07-31 19:00:00.375000+00:00,1.25e-05
2025-07-31 20:00:00.591000+00:00,1.25e-05
2025-07-31 21:00:00.684000+00:00,1.25e-05
2025-07-31 22:00:01.468000+00:00,1.25e-05
2025-07-31 23:00:00.490000+00:00,1.25e-05
2025-08-01 00:00:00.830000+00:00,1.25e-05
2025-08-01 01:00:00.482000+00:00,1.25e-05
2025-08-01 02:00:00.293000+00:00,1.25e-05
2025-08-01 03:00:00.617000+00:00,1.25e-05
2025-08-01 04:00:00.791000+00:00,1.25e-05
2025-08-01 05:00:00.730000+00:00,1.25e-05
2025-08-01 06:00:00.459000+00:00,1.25e-05
2025-08-01 07:00:01.020000+00:00,1.275e-05
2025-08-01 08:00:00.872000+00:00,3.2625e-05
2025-08-01 09:00:00.411000+00:00,0.0001075
2025-08-01 10:00:00.547000+00:00,1.25e-05
2025-08-01 11:00:00.278000+00:00,1.25e-05
2025-08-01 12:00:00.790000+00:00,1.25e-05
2025-08-01 13:00:00.010000+00:00,1.25e-05
2025-08-01 14:00:00.430000+00:00,4.2375e-05
2025-08-01 15:00:00+00:00,1.25e-05
2025-08-01 16:00:00.969000+00:00,1.25e-05
2025-08-01 17:00:00.060000+00:00,1.25e-05
2025-08-01 18:00:00.284000+00:00,1.25e-05
2025-08-01 19:00:00.816000+00:00,4.2e-05
2025-08-01 20:00:00.118000+00:00,5.025e-05
2025-08-01 21:00:00.531000+00:00,1.4e-05
2025-08-01 22:00:00.632000+00:00,1.25e-05
2025-08-01 23:00:00.315000+00:00,0.000305625
2025-08-02 00:00:00.262000+00:00,1.25e-05
2025-08-02 01:00:00.356000+00:00,1.275e-05
2025-08-02 02:00:00.480000+00:00,1.25e-05
2025-08-02 03:00:00.517000+00:00,1.3e-05
2025-08-02 04:00:00.498000+00:00,1.25e-05
2025-08-02 05:00:00.718000+00:00,1.2625e-05
2025-08-02 06:00:00.746000+00:00,1.25e-05
2025-08-02 07:00:00.080000+00:00,1.25e-05
2025-08-02 08:00:00.334000+00:00,1.275e-05
2025-08-02 09:00:00.669000+00:00,1.275e-05
2025-08-02 10:00:00.433000+00:00,1.25e-05
2025-08-02 11:00:00.065000+00:00,1.25e-05
2025-08-02 12:00:00.911000+00:00,1.25e-05
2025-08-02 13:00:00.321000+00:00,1.4375e-05
2025-08-02 14:00:00.103000+00:00,1.25e-05
2025-08-02 15:00:00.219000+00:00,1.5625e-05
2025-08-02 16:00:00.680000+00:00,1.25e-05
2025-08-02 17:00:00.757000+00:00,1.25e-05
2025-08-02 18:00:00.508000+00:00,1.25e-05
2025-08-02 19:00:00.328000+00:00,1.25e-05
2025-08-02 20:00:00.706000+00:00,1.25e-05
2025-08-02 21:00:00.705000+00:00,1.25e-05
2025-08-02 22:00:01.169000+00:00,1.25e-05
2025-08-02 23:00:00.567000+00:00,-3.25e-06
2025-08-03 00:00:00.448000+00:00,1.25e-05
2025-08-03 01:00:00.015000+00:00,7.75e-06
2025-08-03 02:00:00.215000+00:00,1.25e-05
2025-08-03 03:00:00.116000+00:00,1.25e-05
2025-08-03 04:00:00.077000+00:00,1.25e-05
2025-08-03 05:00:00.222000+00:00,1.25e-05
2025-08-03 06:00:00.757000+00:00,1.25e-05
2025-08-03 07:00:00.072000+00:00,1.25e-05
2025-08-03 08:00:00.974000+00:00,1.9e-05
2025-08-03 09:00:00.080000+00:00,1.25e-05
2025-08-03 10:00:00.367000+00:00,1.25e-05
2025-08-03 11:00:00.172000+00:00,1.25e-05
2025-08-03 12:00:00.474000+00:00,1.25e-05
2025-08-03 13:00:00.615000+00:00,7.4e-05
2025-08-03 14:00:00.079000+00:00,0.00011575
2025-08-03 15:00:00.329000+00:00,5.4375e-05
2025-08-03 16:00:00.278000+00:00,0.000119375
2025-08-03 17:00:00.603000+00:00,1.25e-05
2025-08-03 18:00:00.821000+00:00,1.25e-05
2025-08-03 19:00:00.851000+00:00,1.25e-05
2025-08-03 20:00:00.658000+00:00,1.25e-05
2025-08-03 21:00:00.578000+00:00,1.25e-05
2025-08-03 22:00:00.076000+00:00,1.25e-05
2025-08-03 23:00:00.319000+00:00,1.25e-05
2025-08-04 00:00:00.047000+00:00,1.25e-05
2025-08-04 01:00:01.453000+00:00,1.25e-05
2025-08-04 02:00:00.145000+00:00,4.6e-05
2025-08-04 03:00:00.082000+00:00,0.000224875
2025-08-04 04:00:01.076000+00:00,0.000251125
2025-08-04 05:00:01.015000+00:00,1.25e-05
2025-08-04 06:00:02.731000+00:00,0.000222375
2025-08-04 07:00:00.918000+00:00,2.45e-05
2025-08-04 08:00:00.967000+00:00,1.2625e-05
2025-08-04 09:00:00.127000+00:00,0.000109875
2025-08-04 10:00:00.974000+00:00,0.00011425
2025-08-04 11:00:00.409000+00:00,1.25e-05
2025-08-04 12:00:00.190000+00:00,1.25e-05
2025-08-04 13:00:00.527000+00:00,1.25e-05
2025-08-04 14:00:00.076000+00:00,1.25e-05
2025-08-04 15:00:00.543000+00:00,1.25e-05
2025-08-04 16:00:00.900000+00:00,1.25e-05
2025-08-04 17:00:00.119000+00:00,8.75e-05
2025-08-04 18:00:00.545000+00:00,1.25e-05
2025-08-04 19:00:00.464000+00:00,1.25e-05
2025-08-04 20:00:00.283000+00:00,1.25e-05
2025-08-04 21:00:00.325000+00:00,1.25e-05
2025-08-04 22:00:00.323000+00:00,1.25e-05
2025-08-04 23:00:00.835000+00:00,1.25e-05
2025-08-05 00:00:00.664000+00:00,1.25e-05
2025-08-05 01:00:00.429000+00:00,1.25e-05
2025-08-05 02:00:00.873000+00:00,1.25e-05
2025-08-05 03:00:00.391000+00:00,1.25e-05
2025-08-05 04:00:00.778000+00:00,1.25e-05
2025-08-05 05:00:00.672000+00:00,1.25e-05
2025-08-05 06:00:00.766000+00:00,1.25e-05
2025-08-05 07:00:01.328000+00:00,1.25e-05
2025-08-05 08:00:01.570000+00:00,1.25e-05
2025-08-05 09:00:00.336000+00:00,0.00020975
2025-08-05 10:00:00.725000+00:00,7.5125e-05
2025-08-05 11:00:02.245000+00:00,1.25e-05
2025-08-05 12:00:01.219000+00:00,1.25e-05
2025-08-05 13:00:00.908000+00:00,0.000160875
2025-08-05 14:00:00.260000+00:00,1.2625e-05
2025-08-05 15:00:00.261000+00:00,3.2125e-05
2025-08-05 16:00:00.871000+00:00,1.25e-05
2025-08-05 17:00:01.015000+00:00,7.05e-05
2025-08-05 18:00:00.709000+00:00,1.25e-05
2025-08-05 19:00:00.273000+00:00,1.25e-05
2025-08-05 20:00:00.350000+00:00,1.25e-05
2025-08-05 21:00:01.347000+00:00,0.000137375
2025-08-05 22:00:00.664000+00:00,0.00014225
2025-08-05 23:00:00.593000+00:00,4.525e-05
2025-08-06 00:00:00.692000+00:00,1.25e-05
2025-08-06 01:00:00.407000+00:00,1.25e-05
2025-08-06 02:00:00.725000+00:00,1.25e-05
2025-08-06 03:00:00.293000+00:00,1.25e-05
2025-08-06 04:00:00.921000+00:00,1.25e-05
2025-08-06 05:00:00.367000+00:00,1.25e-05
2025-08-06 06:00:00.817000+00:00,1.25e-05
2025-08-06 07:00:00.409000+00:00,1.25e-05
2025-08-06 08:00:00.611000+00:00,1.775e-05
2025-08-06 09:00:00.306000+00:00,9.85e-05
2025-08-06 10:00:00.331000+00:00,0.000140625
2025-08-06 11:00:00.455000+00:00,0.00052075
2025-08-06 12:00:00.435000+00:00,0.000279625
2025-08-06 13:00:00.271000+00:00,0.00011775
2025-08-06 14:00:00.058000+00:00,1.25e-05
2025-08-06 15:00:00.087000+00:00,1.25e-05
2025-08-06 16:00:00.438000+00:00,1.25e-05
2025-08-06 17:00:00.450000+00:00,1.25e-05
2025-08-06 18:00:00.198000+00:00,1.25e-05
2025-08-06 19:00:00.403000+00:00,1.25e-05
2025-08-06 20:00:01.379000+00:00,1.25e-05
2025-08-06 21:00:00.764000+00:00,1.25e-05
2025-08-06 22:00:00.296000+00:00,1.25e-05
2025-08-06 23:00:02.203000+00:00,1.25e-05
2025-08-07 00:00:00.365000+00:00,1.25e-05
2025-08-07 01:00:00.958000+00:00,1.25e-05
2025-08-07 02:00:00.985000+00:00,7.9125e-05
2025-08-07 03:00:00.618000+00:00,0.00018325
2025-08-07 04:00:01.121000+00:00,0.000635875
2025-08-07 05:00:00.461000+00:00,0.000554625
2025-08-07 06:00:00.047000+00:00,0.000145625
2025-08-07 07:00:00.760000+00:00,2.075e-05
2025-08-07 08:00:00.426000+00:00,0.000190875
2025-08-07 09:00:00.147000+00:00,4.9125e-05
2025-08-07 10:00:00.828000+00:00,1.25e-05
2025-08-07 11:00:00.058000+00:00,1.25e-05
2025-08-07 12:00:00.163000+00:00,1.25e-05
2025-08-07 13:00:00.720000+00:00,1.25e-05
2025-08-07 14:00:00.088000+00:00,1.25e-05
2025-08-07 15:00:00.555000+00:00,1.25e-05
2025-08-07 16:00:01.232000+00:00,1.25e-05
2025-08-07 17:00:00.171000+00:00,1.25e-05
2025-08-07 18:00:00.965000+00:00,1.25e-05
2025-08-07 19:00:01.471000+00:00,1.25e-05
2025-08-07 20:00:00.520000+00:00,1.25e-05
2025-08-07 21:00:01.943000+00:00,1.25e-05
2025-08-07 22:00:00.433000+00:00,1.25e-05
2025-08-07 23:00:00.944000+00:00,1.25e-05
2025-08-08 00:00:00.516000+00:00,1.25e-05
2025-08-08 01:00:00.548000+00:00,1.25e-05
2025-08-08 02:00:00.492000+00:00,0.0003355
2025-08-08 03:00:00.281000+00:00,0.000606
2025-08-08 04:00:00.427000+00:00,6.275e-05
2025-08-08 05:00:00.205000+00:00,0.000198625
2025-08-08 06:00:00.672000+00:00,0.000660375
2025-08-08 07:00:00.019000+00:00,0.000178375
2025-08-08 08:00:00.170000+00:00,1.25e-05
2025-08-08 09:00:00.469000+00:00,1.25e-05
2025-08-08 10:00:00.825000+00:00,1.25e-05
2025-08-08 11:00:00.339000+00:00,1.25e-05
2025-08-08 12:00:00.235000+00:00,1.25e-05
2025-08-08 13:00:00.187000+00:00,1.25e-05
2025-08-08 14:00:00.643000+00:00,1.25e-05
2025-08-08 15:00:00.178000+00:00,1.25e-05
2025-08-08 16:00:00.222000+00:00,1.25e-05
2025-08-08 17:00:00.480000+00:00,1.25e-05
2025-08-08 18:00:00.560000+00:00,1.25e-05
2025-08-08 19:00:00.166000+00:00,1.25e-05
2025-08-08 20:00:00.954000+00:00,1.25e-05
2025-08-08 21:00:00.655000+00:00,1.25e-05
2025-08-08 22:00:00.710000+00:00,1.25e-05
2025-08-08 23:00:00.451000+00:00,1.25e-05
2025-08-09 00:00:00.140000+00:00,1.25e-05
2025-08-09 01:00:00.523000+00:00,1.25e-05
2025-08-09 02:00:00.560000+00:00,1.25e-05
2025-08-09 03:00:00.804000+00:00,1.25e-05
2025-08-09 04:00:00.729000+00:00,1.25e-05
2025-08-09 05:00:00.459000+00:00,1.25e-05
2025-08-09 06:00:00.890000+00:00,5.4125e-05
2025-08-09 07:00:00.799000+00:00,6.7875e-05
2025-08-09 08:00:00.748000+00:00,1.25e-05
2025-08-09 09:00:01.320000+00:00,1.25e-05
2025-08-09 10:00:00.178000+00:00,1.25e-05
2025-08-09 11:00:01.530000+00:00,1.25e-05
2025-08-09 12:00:00.572000+00:00,1.25e-05
2025-08-09 13:00:00.376000+00:00,1.25e-05
2025-08-09 14:00:00.534000+00:00,1.25e-05
2025-08-09 15:00:00.053000+00:00,1.25e-05
2025-08-09 16:00:00.273000+00:00,1.25e-05
2025-08-09 17:00:00.495000+00:00,1.25e-05
2025-08-09 18:00:00.716000+00:00,1.25e-05
2025-08-09 19:00:00.221000+00:00,1.25e-05
2025-08-09 20:00:00.380000+00:00,1.25e-05
2025-08-09 21:00:00.501000+00:00,1.25e-05
2025-08-09 22:00:00.895000+00:00,1.25e-05
2025-08-09 23:00:00.574000+00:00,1.25e-05
2025-08-10 00:00:00.018000+00:00,1.25e-05
2025-08-10 01:00:00.267000+00:00,1.25e-05
2025-08-10 02:00:01.375000+00:00,1.25e-05
2025-08-10 03:00:00.213000+00:00,1.25e-05
2025-08-10 04:00:00.418000+00:00,1.25e-05
2025-08-10 05:00:00.644000+00:00,1.25e-05
2025-08-10 06:00:00.433000+00:00,1.25e-05
2025-08-10 07:00:00.506000+00:00,1.25e-05
2025-08-10 08:00:00.566000+00:00,1.25e-05
2025-08-10 09:00:00.320000+00:00,1.25e-05
2025-08-10 10:00:00.029000+00:00,1.25e-05
2025-08-10 11:00:00.487000+00:00,1.25e-05
2025-08-10 12:00:00.166000+00:00,1.25e-05
2025-08-10 13:00:00.076000+00:00,1.25e-05
2025-08-10 14:00:00.436000+00:00,1.25e-05
2025-08-10 15:00:00.319000+00:00,1.25e-05
2025-08-10 16:00:00.781000+00:00,1.5625e-05
2025-08-10 17:00:00.399000+00:00,1.25e-05
2025-08-10 18:00:00.020000+00:00,1.25e-05
2025-08-10 19:00:00.799000+00:00,1.25e-05
2025-08-10 20:00:02.372000+00:00,1.25e-05
2025-08-10 21:00:00.138000+00:00,1.25e-05
2025-08-10 22:00:00.061000+00:00,1.25e-05
2025-08-10 23:00:00.623000+00:00,1.25e-05
2025-08-11 00:00:00.133000+00:00,1.25e-05
2025-08-11 01:00:00.716000+00:00,1.25e-05
2025-08-11 02:00:03.280000+00:00,1.25e-05
2025-08-11 03:00:01.565000+00:00,1.25e-05
2025-08-11 04:00:00.166000+00:00,1.25e-05
2025-08-11 05:00:00.470000+00:00,1.25e-05
2025-08-11 06:00:00.522000+00:00,1.25e-05
2025-08-11 07:00:00.055000+00:00,1.25e-05
2025-08-11 08:00:00.255000+00:00,1.25e-05
2025-08-11 09:00:00.610000+00:00,1.25e-05
2025-08-11 10:00:00.699000+00:00,1.25e-05
2025-08-11 11:00:00.520000+00:00,1.25e-05
2025-08-11 12:00:00.588000+00:00,1.2625e-05
2025-08-11 13:00:02.303000+00:00,2.975e-05
2025-08-11 14:00:00.095000+00:00,4.7875e-05
2025-08-11 15:00:00.489000+00:00,1.25e-05
2025-08-11 16:00:00.320000+00:00,1.25e-05
2025-08-11 17:00:00.078000+00:00,1.25e-05
2025-08-11 18:00:00.465000+00:00,1.25e-05
2025-08-11 19:00:00.190000+00:00,1.25e-05
2025-08-11 20:00:00.974000+00:00,1.25e-05
2025-08-11 21:00:00.383000+00:00,1.25e-05
2025-08-11 22:00:01.019000+00:00,0.00011425
2025-08-11 23:00:00.721000+00:00,0.0003245
2025-08-12 00:00:00.574000+00:00,1.25e-05
2025-08-12 01:00:01.403000+00:00,1.25e-05
2025-08-12 02:00:00.664000+00:00,1.25e-05
2025-08-12 03:00:00.030000+00:00,1.25e-05
2025-08-12 04:00:01.251000+00:00,1.25e-05
2025-08-12 05:00:00.570000+00:00,1.25e-05
2025-08-12 06:00:00.702000+00:00,1.25e-05
2025-08-12 07:00:00.779000+00:00,1.25e-05
2025-08-12 08:00:00.066000+00:00,1.25e-05
2025-08-12 09:00:00.857000+00:00,1.25e-05
2025-08-12 10:00:00.819000+00:00,1.25e-05
2025-08-12 11:00:01.078000+00:00,1.25e-05
2025-08-12 12:00:00.659000+00:00,1.25e-05
2025-08-12 13:00:01.104000+00:00,1.25e-05
2025-08-12 14:00:00.765000+00:00,1.25e-05
2025-08-12 15:00:00.362000+00:00,1.25e-05
2025-08-12 16:00:00.655000+00:00,1.25e-05
2025-08-12 17:00:00.015000+00:00,1.25e-05
2025-08-12 18:00:02.846000+00:00,1.25e-05
2025-08-12 19:00:00.578000+00:00,1.25e-05
2025-08-12 20:00:00.857000+00:00,1.25e-05
2025-08-12 21:00:00.549000+00:00,1.25e-05
2025-08-12 22:00:01.011000+00:00,1.25e-05
2025-08-12 23:00:00.211000+00:00,1.25e-05
2025-08-13 00:00:00.171000+00:00,1.25e-05
2025-08-13 01:00:00.173000+00:00,1.25e-05
2025-08-13 02:00:00.462000+00:00,1.25e-05
2025-08-13 03:00:00.128000+00:00,1.25e-05
2025-08-13 04:00:00.396000+00:00,1.25e-05
2025-08-13 05:00:00.933000+00:00,1.25e-05
2025-08-13 06:00:01.339000+00:00,1.25e-05
2025-08-13 07:00:00.853000+00:00,1.25e-05
2025-08-13 08:00:00.168000+00:00,1.25e-05
2025-08-13 09:00:00.400000+00:00,1.25e-05
2025-08-13 10:00:00.952000+00:00,1.25e-05
2025-08-13 11:00:00.348000+00:00,1.25e-05
2025-08-13 12:00:00.764000+00:00,1.25e-05
2025-08-13 13:00:00.140000+00:00,0.000132625
2025-08-13 14:00:00.173000+00:00,1.25e-05
2025-08-13 15:00:00.507000+00:00,1.25e-05
2025-08-13 16:00:00.350000+00:00,0.000644625
2025-08-13 17:00:01.017000+00:00,1.25e-05
2025-08-13 18:00:00.998000+00:00,1.25e-05
2025-08-13 19:00:00.558000+00:00,0.00011
2025-08-13 20:00:00.717000+00:00,1.25e-05
2025-08-13 21:00:00.852000+00:00,1.25e-05
2025-08-13 22:00:00.792000+00:00,1.25e-05
2025-08-13 23:00:00.227000+00:00,1.25e-05
2025-08-14 00:00:00.720000+00:00,1.25e-05
2025-08-14 01:00:02.048000+00:00,1.25e-05
2025-08-14 02:00:00.153000+00:00,1.25e-05
2025-08-14 03:00:00.013000+00:00,1.25e-05
2025-08-14 04:00:00.306000+00:00,1.25e-05
2025-08-14 05:00:00.328000+00:00,1.25e-05
2025-08-14 06:00:01.049000+00:00,1.25e-05
2025-08-14 07:00:01.076000+00:00,1.25e-05
2025-08-14 08:00:00.416000+00:00,1.25e-05
2025-08-14 09:00:00.593000+00:00,1.25e-05
2025-08-14 10:00:00.354000+00:00,1.25e-05
2025-08-14 11:00:00.526000+00:00,1.25e-05
2025-08-14 12:00:00.516000+00:00,1.25e-05
2025-08-14 13:00:00.374000+00:00,1.25e-05
2025-08-14 14:00:00.640000+00:00,1.25e-05
2025-08-14 15:00:00.073000+00:00,1.25e-05
2025-08-14 16:00:00.367000+00:00,1.25e-05
2025-08-14 17:00:00.585000+00:00,1.25e-05
2025-08-14 18:00:00.041000+00:00,1.25e-05
2025-08-14 19:00:00.671000+00:00,1.25e-05
2025-08-14 20:00:00.190000+00:00,1.25e-05
2025-08-14 21:00:00.777000+00:00,1.25e-05
2025-08-14 22:00:00.632000+00:00,1.25e-05
2025-08-14 23:00:00.469000+00:00,1.25e-05
2025-08-15 00:00:00.099000+00:00,1.25e-05
2025-08-15 01:00:00.261000+00:00,1.25e-05
2025-08-15 02:00:00.308000+00:00,1.25e-05
2025-08-15 03:00:00.357000+00:00,1.25e-05
2025-08-15 04:00:00.574000+00:00,1.25e-05
2025-08-15 05:00:00.167000+00:00,1.25e-05
2025-08-15 06:00:00.273000+00:00,1.25e-05
2025-08-15 07:00:00.724000+00:00,1.25e-05
2025-08-15 08:00:00.574000+00:00,1.25e-05
2025-08-15 09:00:00.566000+00:00,1.25e-05
2025-08-15 10:00:01.038000+00:00,1.25e-05
2025-08-15 11:00:00.440000+00:00,1.25e-05
2025-08-15 12:00:00.849000+00:00,1.25e-05
2025-08-15 13:00:00.790000+00:00,1.25e-05
2025-08-15 14:00:00.156000+00:00,0.000131
2025-08-15 15:00:01.724000+00:00,1.25e-05
2025-08-15 16:00:00.351000+00:00,1.25e-05
2025-08-15 17:00:00.333000+00:00,1.25e-05
2025-08-15 18:00:00.068000+00:00,1.25e-05
2025-08-15 19:00:00.797000+00:00,1.25e-05
2025-08-15 20:00:01.069000+00:00,1.25e-05
2025-08-15 21:00:00.357000+00:00,1.25e-05
2025-08-15 22:00:00.251000+00:00,1.25e-05
2025-08-15 23:00:00.362000+00:00,1.25e-05
2025-08-16 00:00:00.235000+00:00,1.25e-05
2025-08-16 01:00:00.666000+00:00,1.25e-05
2025-08-16 02:00:00.306000+00:00,1.25e-05
2025-08-16 03:00:00.189000+00:00,1.25e-05
2025-08-16 04:00:00.761000+00:00,1.25e-05
2025-08-16 05:00:00.667000+00:00,1.25e-05
2025-08-16 06:00:00.801000+00:00,1.25e-05
2025-08-16 07:00:00.746000+00:00,1.25e-05
2025-08-16 08:00:00.005000+00:00,1.25e-05
2025-08-16 09:00:00.077000+00:00,1.25e-05
2025-08-16 10:00:00.584000+00:00,1.25e-05
2025-08-16 11:00:00.634000+00:00,1.25e-05
2025-08-16 12:00:00.403000+00:00,1.25e-05
2025-08-16 13:00:00.071000+00:00,1.25e-05
2025-08-16 14:00:00.468000+00:00,1.25e-05
2025-08-16 15:00:00.584000+00:00,1.25e-05
2025-08-16 16:00:03.278000+00:00,1.25e-05
2025-08-16 17:00:00.774000+00:00,1.25e-05
2025-08-16 18:00:00.160000+00:00,1.25e-05
2025-08-16 19:00:00.266000+00:00,1.25e-05
2025-08-16 20:00:00.412000+00:00,1.25e-05
2025-08-16 21:00:00.261000+00:00,1.25e-05
2025-08-16 22:00:00.509000+00:00,1.25e-05
2025-08-16 23:00:00.683000+00:00,1.25e-05
2025-08-17 00:00:00.132000+00:00,1.25e-05
2025-08-17 01:00:00.266000+00:00,1.25e-05
2025-08-17 02:00:00.463000+00:00,1.25e-05
2025-08-17 03:00:00.115000+00:00,1.25e-05
2025-08-17 04:00:00.238000+00:00,1.25e-05
2025-08-17 05:00:00.160000+00:00,1.25e-05
2025-08-17 06:00:00.332000+00:00,1.25e-05
2025-08-17 07:00:00.168000+00:00,1.25e-05
2025-08-17 08:00:00.087000+00:00,1.25e-05
2025-08-17 09:00:00.467000+00:00,1.25e-05
2025-08-17 10:00:00.565000+00:00,1.25e-05
2025-08-17 11:00:01.721000+00:00,1.25e-05
2025-08-17 12:00:00.672000+00:00,1.25e-05
2025-08-17 13:00:01.824000+00:00,1.25e-05
2025-08-17 14:00:00.421000+00:00,1.25e-05
2025-08-17 15:00:00.654000+00:00,1.25e-05
2025-08-17 16:00:00.166000+00:00,1.25e-05
2025-08-17 17:00:00.529000+00:00,1.25e-05
2025-08-17 18:00:00.096000+00:00,1.25e-05
2025-08-17 19:00:00.925000+00:00,1.25e-05
2025-08-17 20:00:01.041000+00:00,1.25e-05
2025-08-17 21:00:00.247000+00:00,1.25e-05
2025-08-17 22:00:00.872000+00:00,1.25e-05
2025-08-17 23:00:00.302000+00:00,1.25e-05
2025-08-18 00:00:00.626000+00:00,1.25e-05
2025-08-18 01:00:00.656000+00:00,1.35e-05
2025-08-18 02:00:00.217000+00:00,0.000442875
2025-08-18 03:00:00.415000+00:00,9.1125e-05
2025-08-18 04:00:00.022000+00:00,1.25e-05
2025-08-18 05:00:00.473000+00:00,1.25e-05
2025-08-18 06:00:01.146000+00:00,2.2e-05
2025-08-18 07:00:00.558000+00:00,1.375e-05
2025-08-18 08:00:00.525000+00:00,1.25e-05
2025-08-18 09:00:00.415000+00:00,1.25e-05
2025-08-18 10:00:00.427000+00:00,1.25e-05
2025-08-18 11:00:00.623000+00:00,1.25e-05
2025-08-18 12:00:00.676000+00:00,1.25e-05
2025-08-18 13:00:00.580000+00:00,1.25e-05
2025-08-18 14:00:00.181000+00:00,1.25e-05
2025-08-18 15:00:00.121000+00:00,1.25e-05
2025-08-18 16:00:00.132000+00:00,1.25e-05
2025-08-18 17:00:00.174000+00:00,1.25e-05
2025-08-18 18:00:00.759000+00:00,1.25e-05
2025-08-18 19:00:00.505000+00:00,1.25e-05
2025-08-18 20:00:00.667000+00:00,1.25e-05
2025-08-18 21:00:00.550000+00:00,1.25e-05
2025-08-18 22:00:00.745000+00:00,1.25e-05
2025-08-18 23:00:00.966000+00:00,1.25e-05
2025-08-19 00:00:00.960000+00:00,1.8125e-05
2025-08-19 01:00:00.330000+00:00,9.225e-05
2025-08-19 02:00:00.790000+00:00,0.0002485
2025-08-19 03:00:00.538000+00:00,0.000531375
2025-08-19 04:00:00.476000+00:00,0.00041025
2025-08-19 05:00:00.728000+00:00,1.25e-05
2025-08-19 06:00:00.950000+00:00,1.25e-05
2025-08-19 07:00:00.569000+00:00,1.25e-05
2025-08-19 08:00:00.694000+00:00,1.25e-05
2025-08-19 09:00:00.304000+00:00,1.25e-05
2025-08-19 10:00:00.375000+00:00,1.25e-05
2025-08-19 11:00:00.535000+00:00,1.25e-05
2025-08-19 12:00:00.317000+00:00,1.25e-05
2025-08-19 13:00:00.395000+00:00,1.25e-05
2025-08-19 14:00:00.618000+00:00,1.25e-05
2025-08-19 15:00:00.673000+00:00,1.25e-05
2025-08-19 16:00:00.026000+00:00,1.25e-05
2025-08-19 17:00:00.020000+00:00,1.25e-05
2025-08-19 18:00:00.602000+00:00,1.25e-05
2025-08-19 19:00:00.255000+00:00,1.25e-05
2025-08-19 20:00:00.137000+00:00,1.25e-05
2025-08-19 21:00:00.288000+00:00,1.25e-05
2025-08-19 22:00:00.727000+00:00,1.25e-05
2025-08-19 23:00:00.657000+00:00,1.25e-05
2025-08-20 00:00:00.422000+00:00,1.25e-05
2025-08-20 01:00:00.387000+00:00,1.25e-05
2025-08-20 02:00:00.490000+00:00,1.25e-05
2025-08-20 03:00:00.157000+00:00,1.25e-05
2025-08-20 04:00:00.369000+00:00,0.000691
2025-08-20 05:00:00.617000+00:00,0.000575625
2025-08-20 06:00:00.276000+00:00,0.000943625
2025-08-20 07:00:00.909000+00:00,0.00058375
2025-08-20 08:00:00.605000+00:00,0.000449
2025-08-20 09:00:00.817000+00:00,1.25e-05
2025-08-20 10:00:00.167000+00:00,1.775e-05
2025-08-20 11:00:00.018000+00:00,5.15e-05
2025-08-20 12:00:00.288000+00:00,2.9e-05
2025-08-20 13:00:00.673000+00:00,1.25e-05
2025-08-20 14:00:00.158000+00:00,1.25e-05
2025-08-20 15:00:00.528000+00:00,1.25e-05
2025-08-20 16:00:00.449000+00:00,1.25e-05
2025-08-20 17:00:00.541000+00:00,1.25e-05
2025-08-20 18:00:00.256000+00:00,1.25e-05
2025-08-20 19:00:00.806000+00:00,1.25e-05
2025-08-20 20:00:00.477000+00:00,1.25e-05
2025-08-20 21:00:00.629000+00:00,1.25e-05
2025-08-20 22:00:00.733000+00:00,1.25e-05
2025-08-20 23:00:00.624000+00:00,1.25e-05
2025-08-21 00:00:00.568000+00:00,1.25e-05
2025-08-21 01:00:00.823000+00:00,1.25e-05
2025-08-21 02:00:01.020000+00:00,1.25e-05
2025-08-21 03:00:00.202000+00:00,1.25e-05
2025-08-21 04:00:00.736000+00:00,1.25e-05
2025-08-21 05:00:00.593000+00:00,1.25e-05
2025-08-21 06:00:00.269000+00:00,1.25e-05
2025-08-21 07:00:00.083000+00:00,1.25e-05
2025-08-21 08:00:00.895000+00:00,1.25e-05
2025-08-21 09:00:00.275000+00:00,1.25e-05
2025-08-21 10:00:00.482000+00:00,1.25e-05
2025-08-21 11:00:01.008000+00:00,1.25e-05
2025-08-21 12:00:00.742000+00:00,1.25e-05
2025-08-21 13:00:00.666000+00:00,1.25e-05
2025-08-21 14:00:00.111000+00:00,1.25e-05
2025-08-21 15:00:00.469000+00:00,1.25e-05
2025-08-21 16:00:00.944000+00:00,1.25e-05
2025-08-21 17:00:00.648000+00:00,1.25e-05
2025-08-21 18:00:00.021000+00:00,1.25e-05
2025-08-21 19:00:00.362000+00:00,1.25e-05
2025-08-21 20:00:00.735000+00:00,1.25e-05
2025-08-21 21:00:00.628000+00:00,1.25e-05
2025-08-21 22:00:00.097000+00:00,1.25e-05
2025-08-21 23:00:00.438000+00:00,1.25e-05
2025-08-22 00:00:00.616000+00:00,1.25e-05
2025-08-22 01:00:00.277000+00:00,1.25e-05
2025-08-22 02:00:00.723000+00:00,1.25e-05
2025-08-22 03:00:00.716000+00:00,1.25e-05
2025-08-22 04:00:00.491000+00:00,1.25e-05
2025-08-22 05:00:00.514000+00:00,2e-06
2025-08-22 06:00:00.518000+00:00,1.25e-05
2025-08-22 07:00:01.072000+00:00,1.25e-05
2025-08-22 08:00:00.714000+00:00,1.25e-05
2025-08-22 09:00:00.677000+00:00,1.25e-05
2025-08-22 10:00:00.314000+00:00,1.25e-05
2025-08-22 11:00:00.096000+00:00,1.25e-05
2025-08-22 12:00:01.173000+00:00,1.25e-05
2025-08-22 13:00:00.428000+00:00,0.000196375
2025-08-22 14:00:01.102000+00:00,2.875e-05
2025-08-22 15:00:00.213000+00:00,1.25e-05
2025-08-22 16:00:01.284000+00:00,1.25e-05
2025-08-22 17:00:00.526000+00:00,2.8625e-05
2025-08-22 18:00:00.068000+00:00,1.25e-05
2025-08-22 19:00:00.022000+00:00,1.25e-05
2025-08-22 20:00:00.642000+00:00,2.15e-05
2025-08-22 21:00:00.018000+00:00,3.05e-05
2025-08-22 22:00:00.677000+00:00,1.25e-05
2025-08-22 23:00:00.419000+00:00,1.25e-05
2025-08-23 00:00:00.205000+00:00,1.25e-05
2025-08-23 01:00:00.768000+00:00,1.25e-05
2025-08-23 02:00:00.589000+00:00,1.675e-05
2025-08-23 03:00:00.604000+00:00,0.0003945
2025-08-23 04:00:01.382000+00:00,1.25e-05
2025-08-23 05:00:00.505000+00:00,1.25e-05
2025-08-23 06:00:00.566000+00:00,1.25e-05
2025-08-23 07:00:00.343000+00:00,1.25e-05
2025-08-23 08:00:00.219000+00:00,1.25e-05
2025-08-23 09:00:00.053000+00:00,1.25e-05
2025-08-23 10:00:00.563000+00:00,1.25e-05
2025-08-23 11:00:01.170000+00:00,1.25e-05
2025-08-23 12:00:00.140000+00:00,1.25e-05
2025-08-23 13:00:00.618000+00:00,1.25e-05
2025-08-23 14:00:00.181000+00:00,1.25e-05
2025-08-23 15:00:00.645000+00:00,1.25e-05
2025-08-23 16:00:00.460000+00:00,1.25e-05
2025-08-23 17:00:00.489000+00:00,1.25e-05
2025-08-23 18:00:00.505000+00:00,1.25e-05
2025-08-23 19:00:00.641000+00:00,1.25e-05
2025-08-23 20:00:00.333000+00:00,1.25e-05
2025-08-23 21:00:00.313000+00:00,1.25e-05
2025-08-23 22:00:00.170000+00:00,1.25e-05
2025-08-23 23:00:00.797000+00:00,1.25e-05
2025-08-24 00:00:00.026000+00:00,1.25e-05
2025-08-24 01:00:00.883000+00:00,1.25e-05
2025-08-24 02:00:00.967000+00:00,1.25e-05
2025-08-24 03:00:00.319000+00:00,1.25e-05
2025-08-24 04:00:00.170000+00:00,1.25e-05
2025-08-24 05:00:00.680000+00:00,1.25e-05
2025-08-24 06:00:00.298000+00:00,1.25e-05
2025-08-24 07:00:00.184000+00:00,1.25e-05
2025-08-24 08:00:00.571000+00:00,1.25e-05
2025-08-24 09:00:00.015000+00:00,8.5125e-05
2025-08-24 10:00:00.618000+00:00,3.3375e-05
2025-08-24 11:00:00.272000+00:00,0.000339375
2025-08-24 12:00:00.621000+00:00,1.25e-05
2025-08-24 13:00:00.396000+00:00,1.25e-05
2025-08-24 14:00:00.422000+00:00,1.25e-05
2025-08-24 15:00:00.715000+00:00,1.25e-05
2025-08-24 16:00:01.270000+00:00,1.25e-05
2025-08-24 17:00:00.531000+00:00,1.25e-05
2025-08-24 18:00:00.014000+00:00,1.25e-05
2025-08-24 19:00:00.827000+00:00,1.25e-05
2025-08-24 20:00:01.266000+00:00,1.25e-05
2025-08-24 21:00:00.198000+00:00,1.25e-05
2025-08-24 22:00:00.154000+00:00,1.25e-05
2025-08-24 23:00:00.539000+00:00,1.25e-05
2025-08-25 00:00:00.686000+00:00,1.25e-05
2025-08-25 01:00:02.123000+00:00,1.25e-05
2025-08-25 02:00:00.809000+00:00,1.25e-05
2025-08-25 03:00:00.846000+00:00,1.25e-05
2025-08-25 04:00:00.792000+00:00,0.000103625
2025-08-25 05:00:00.609000+00:00,1.25e-05
2025-08-25 06:00:00.207000+00:00,1.325e-05
2025-08-25 07:00:00.718000+00:00,3.4375e-05
2025-08-25 08:00:00.772000+00:00,3.0875e-05
2025-08-25 09:00:01.080000+00:00,1.25e-05
2025-08-25 10:00:00.075000+00:00,6.4625e-05
2025-08-25 11:00:00.667000+00:00,5.675e-05
2025-08-25 12:00:00.517000+00:00,5.05e-05
2025-08-25 13:00:00.817000+00:00,1.25e-05
2025-08-25 14:00:00.813000+00:00,1.25e-05
2025-08-25 15:00:00.340000+00:00,6.1625e-05
2025-08-25 16:00:00.035000+00:00,5.0375e-05
2025-08-25 17:00:00.072000+00:00,1.25e-05
2025-08-25 18:00:00.672000+00:00,1.25e-05
2025-08-25 19:00:00.125000+00:00,1.25e-05
2025-08-25 20:00:00.602000+00:00,0.000197125
2025-08-25 21:00:00.485000+00:00,1.25e-05
2025-08-25 22:00:01.122000+00:00,1.25e-05
2025-08-25 23:00:00.432000+00:00,1.25e-05
2025-08-26 00:00:00.266000+00:00,1.25e-05
2025-08-26 01:00:00.017000+00:00,1.25e-05
2025-08-26 02:00:00.302000+00:00,1.25e-05
2025-08-26 03:00:00.519000+00:00,3.9125e-05
2025-08-26 04:00:00.089000+00:00,1.25e-05
2025-08-26 05:00:00.363000+00:00,1.25e-05
2025-08-26 06:00:01.004000+00:00,1.25e-05
2025-08-26 07:00:00.292000+00:00,1.25e-05
2025-08-26 08:00:00.168000+00:00,1.25e-05
2025-08-26 09:00:00.476000+00:00,2.725e-05
2025-08-26 10:00:00.302000+00:00,1.25e-05
2025-08-26 11:00:00.516000+00:00,1.25e-05
2025-08-26 12:00:00.766000+00:00,1.25e-05
2025-08-26 13:00:00.116000+00:00,1.25e-05
2025-08-26 14:00:00.152000+00:00,1.25e-05
2025-08-26 15:00:00.168000+00:00,1.25e-05
2025-08-26 16:00:00.288000+00:00,1.25e-05
2025-08-26 17:00:00.484000+00:00,1.25e-05
2025-08-26 18:00:00.959000+00:00,1.25e-05
2025-08-26 19:00:00.438000+00:00,1.25e-05
2025-08-26 20:00:00.085000+00:00,1.25e-05
2025-08-26 21:00:00.065000+00:00,1.25e-05
2025-08-26 22:00:00.624000+00:00,1.25e-05
2025-08-26 23:00:00.265000+00:00,1.25e-05
2025-08-27 00:00:00.404000+00:00,1.25e-05
2025-08-27 01:00:02.213000+00:00,1.25e-05
2025-08-27 02:00:00.769000+00:00,1.25e-05
2025-08-27 03:00:00.796000+00:00,1.25e-05
2025-08-27 04:00:00.133000+00:00,1.25e-05
2025-08-27 05:00:00.091000+00:00,1.25e-05
2025-08-27 06:00:00.239000+00:00,6.925e-05
2025-08-27 07:00:00.097000+00:00,0.000179125
2025-08-27 08:00:00.124000+00:00,0.00032225
2025-08-27 09:00:00.079000+00:00,1.25e-05
2025-08-27 10:00:00.666000+00:00,1.25e-05
2025-08-27 11:00:00.168000+00:00,1.25e-05
2025-08-27 12:00:00.446000+00:00,1.25e-05
2025-08-27 13:00:00.120000+00:00,1.25e-05
2025-08-27 14:00:00.941000+00:00,1.35e-05
2025-08-27 15:00:00.646000+00:00,1.2625e-05
2025-08-27 16:00:01.119000+00:00,1.25e-05
2025-08-27 17:00:00.469000+00:00,1.4e-05
2025-08-27 18:00:00.048000+00:00,1.375e-05
2025-08-27 19:00:00.718000+00:00,1.325e-05
2025-08-27 20:00:00.324000+00:00,1.2625e-05
2025-08-27 21:00:00.089000+00:00,1.25e-05
2025-08-27 22:00:00.016000+00:00,5.95e-05
2025-08-27 23:00:00.674000+00:00,7.0125e-05
2025-08-28 00:00:01.018000+00:00,0.0001225
2025-08-28 01:00:00.823000+00:00,0.000369375
2025-08-28 02:00:00.467000+00:00,0.00055525
2025-08-28 03:00:00.783000+00:00,0.00043425
2025-08-28 04:00:01.520000+00:00,6.375e-05
2025-08-28 05:00:00.070000+00:00,6.375e-05
2025-08-28 06:00:00.416000+00:00,9.0875e-05
2025-08-28 07:00:00.090000+00:00,6.95e-05
2025-08-28 08:00:00.216000+00:00,6.5625e-05
2025-08-28 09:00:00.493000+00:00,5.7625e-05
2025-08-28 10:00:00.559000+00:00,6.95e-05
2025-08-28 11:00:01.218000+00:00,6.875e-05
2025-08-28 12:00:00.462000+00:00,6.925e-05
2025-08-28 13:00:00.539000+00:00,5.4375e-05
2025-08-28 14:00:00.448000+00:00,5.325e-05
2025-08-28 15:00:00.356000+00:00,1.25e-05
2025-08-28 16:00:00.662000+00:00,1.25e-05
2025-08-28 17:00:00.155000+00:00,1.25e-05
2025-08-28 18:00:00.205000+00:00,0.000142375
2025-08-28 19:00:00.601000+00:00,1.25e-05
2025-08-28 20:00:01.314000+00:00,0.000242625
2025-08-28 21:00:00.268000+00:00,2.2625e-05
2025-08-28 22:00:00.019000+00:00,2.4125e-05
2025-08-28 23:00:00.193000+00:00,2.4875e-05
2025-08-29 00:00:00.738000+00:00,4.15e-05
2025-08-29 01:00:00.643000+00:00,1.9875e-05
2025-08-29 02:00:01.098000+00:00,1.25e-05
2025-08-29 03:00:00.219000+00:00,1.25e-05
2025-08-29 04:00:00.366000+00:00,1.25e-05
2025-08-29 05:00:00.170000+00:00,1.25e-05
2025-08-29 06:00:00.321000+00:00,1.25e-05
2025-08-29 07:00:00.203000+00:00,0.000105
2025-08-29 08:00:00.249000+00:00,7.4375e-05
2025-08-29 09:00:00.162000+00:00,1.25e-05
2025-08-29 10:00:00.812000+00:00,1.7e-05
2025-08-29 11:00:00.914000+00:00,1.25e-05
2025-08-29 12:00:00.792000+00:00,1.25e-05
2025-08-29 13:00:00.354000+00:00,1.25e-05
2025-08-29 14:00:00.805000+00:00,0.000136125
2025-08-29 15:00:00.721000+00:00,0.00038425
2025-08-29 16:00:00.287000+00:00,3.8625e-05
2025-08-29 17:00:00.196000+00:00,2.875e-05
2025-08-29 18:00:00.772000+00:00,3.475e-05
2025-08-29 19:00:00.372000+00:00,2.75e-05
2025-08-29 20:00:00.265000+00:00,6.575e-05
2025-08-29 21:00:00.544000+00:00,0.000352625
2025-08-29 22:00:00.667000+00:00,2e-05
2025-08-29 23:00:00.166000+00:00,2.6875e-05
2025-08-30 00:00:00.459000+00:00,1.8125e-05
2025-08-30 01:00:00.315000+00:00,2.8875e-05
2025-08-30 02:00:00.557000+00:00,2.2625e-05
2025-08-30 03:00:00.792000+00:00,2.0625e-05
2025-08-30 04:00:02.636000+00:00,1.45e-05
2025-08-30 05:00:00.450000+00:00,2.2625e-05
2025-08-30 06:00:00.473000+00:00,2.4e-05
2025-08-30 07:00:00.405000+00:00,1.7125e-05
2025-08-30 08:00:00.340000+00:00,1.35e-05
2025-08-30 09:00:00.789000+00:00,5.625e-05
2025-08-30 10:00:01.007000+00:00,0.000489625
2025-08-30 11:00:00.754000+00:00,0.000411875
2025-08-30 12:00:00.376000+00:00,1.3625e-05
2025-08-30 13:00:00.880000+00:00,1.5625e-05
2025-08-30 14:00:00.470000+00:00,2.1125e-05
2025-08-30 15:00:00.535000+00:00,2.125e-05
2025-08-30 16:00:00.630000+00:00,3.025e-05
2025-08-30 17:00:00.126000+00:00,3.3375e-05
2025-08-30 18:00:00.167000+00:00,8.9875e-05
2025-08-30 19:00:00.490000+00:00,1.925e-05
2025-08-30 20:00:00.777000+00:00,0.000438375
2025-08-30 21:00:00.175000+00:00,0.001055
2025-08-30 22:00:00.199000+00:00,0.001068875
2025-08-30 23:00:00.565000+00:00,0.00011625
2025-08-31 00:00:00.270000+00:00,1.6625e-05
2025-08-31 01:00:00.505000+00:00,2.4125e-05
2025-08-31 02:00:00.676000+00:00,2.35e-05
2025-08-31 03:00:00.758000+00:00,1.325e-05
2025-08-31 04:00:00.166000+00:00,1.2875e-05
2025-08-31 05:00:00.481000+00:00,7.45e-05
2025-08-31 06:00:00.393000+00:00,8.5125e-05
2025-08-31 07:00:00.396000+00:00,8.925e-05
2025-08-31 08:00:00.379000+00:00,7.0375e-05
2025-08-31 09:00:00.716000+00:00,7.7875e-05
2025-08-31 10:00:00.867000+00:00,8.25e-05
2025-08-31 11:00:00.663000+00:00,9.6875e-05
2025-08-31 12:00:00.223000+00:00,5.675e-05
2025-08-31 13:00:00.040000+00:00,5.8125e-05
2025-08-31 14:00:00.222000+00:00,8.9625e-05
2025-08-31 15:00:00.821000+00:00,6.2e-05
2025-08-31 16:00:00.062000+00:00,5.3375e-05
2025-08-31 17:00:00.688000+00:00,6.8875e-05
2025-08-31 18:00:00.712000+00:00,6.775e-05
2025-08-31 19:00:01.551000+00:00,3.2875e-05
2025-08-31 20:00:00.178000+00:00,3.3125e-05
2025-08-31 21:00:00.775000+00:00,8.5375e-05
2025-08-31 22:00:00.558000+00:00,3.2125e-05
2025-08-31 23:00:00.468000+00:00,4.4e-05
2025-09-01 00:00:00.039000+00:00,7.3375e-05
2025-09-01 01:00:00.675000+00:00,6.5875e-05
2025-09-01 02:00:03.496000+00:00,5.9125e-05
2025-09-01 03:00:00.173000+00:00,7.2375e-05
2025-09-01 04:00:00.550000+00:00,4.4e-05
2025-09-01 05:00:00.827000+00:00,4.675e-05
2025-09-01 06:00:00.325000+00:00,5.325e-05
2025-09-01 07:00:00.336000+00:00,4.2125e-05
2025-09-01 08:00:01.089000+00:00,4.5625e-05
2025-09-01 09:00:00.920000+00:00,4.575e-05
2025-09-01 10:00:00.858000+00:00,8.6125e-05
2025-09-01 11:00:00.746000+00:00,9.0875e-05
2025-09-01 12:00:00.012000+00:00,7.9875e-05
2025-09-01 13:00:00.287000+00:00,7.15e-05
2025-09-01 14:00:00.450000+00:00,5.075e-05
2025-09-01 15:00:00.214000+00:00,4.7375e-05
2025-09-01 16:00:01.037000+00:00,0.00016075
2025-09-01 17:00:00.265000+00:00,0.000447
2025-09-01 18:00:00.098000+00:00,8.1e-05
2025-09-01 19:00:00.724000+00:00,4.8625e-05
2025-09-01 20:00:00.569000+00:00,8.2625e-05
2025-09-01 21:00:00.163000+00:00,8.975e-05
2025-09-01 22:00:00.761000+00:00,0.00033025
2025-09-01 23:00:00.305000+00:00,0.000252625
2025-09-02 00:00:00.323000+00:00,0.00022
2025-09-02 01:00:00.519000+00:00,0.000216
2025-09-02 02:00:00.639000+00:00,0.00024675
2025-09-02 03:00:00.264000+00:00,0.000211875
2025-09-02 04:00:00.662000+00:00,0.000260625
2025-09-02 05:00:00.839000+00:00,0.000237
2025-09-02 06:00:01.310000+00:00,0.000250375
2025-09-02 07:00:01.552000+00:00,0.000219875
2025-09-02 08:00:00.931000+00:00,0.000237875
2025-09-02 09:00:00.651000+00:00,0.00021425
2025-09-02 10:00:00.434000+00:00,0.000158625
2025-09-02 11:00:00.596000+00:00,0.000163375
2025-09-02 12:00:00.394000+00:00,0.000181875
2025-09-02 13:00:00.192000+00:00,0.000160875
2025-09-02 14:00:00.043000+00:00,9.4125e-05
2025-09-02 15:00:01.766000+00:00,7.825e-05
2025-09-02 16:00:00.814000+00:00,4.1375e-05
2025-09-02 17:00:00.832000+00:00,8.8625e-05
2025-09-02 18:00:00.204000+00:00,9.25e-05
2025-09-02 19:00:00.118000+00:00,8.2875e-05
2025-09-02 20:00:00.855000+00:00,8.975e-05
2025-09-02 21:00:00.271000+00:00,9.3e-05
2025-09-02 22:00:00.162000+00:00,6.425e-05
2025-09-02 23:00:00.071000+00:00,0.000101125
2025-09-03 00:00:01.277000+00:00,0.0001025
2025-09-03 01:00:00.134000+00:00,9.7625e-05
2025-09-03 02:00:00.256000+00:00,0.000132875
2025-09-03 03:00:00.081000+00:00,6.8125e-05
2025-09-03 04:00:00.496000+00:00,0.000145875
2025-09-03 05:00:00.847000+00:00,0.00013125
2025-09-03 06:00:00.487000+00:00,0.0001105
2025-09-03 07:00:00.483000+00:00,0.0001105
2025-09-03 08:00:00.647000+00:00,0.000100125
2025-09-03 09:00:00.334000+00:00,9.0625e-05
2025-09-03 10:00:00.740000+00:00,9.6625e-05
2025-09-03 11:00:00.914000+00:00,9.5875e-05
2025-09-03 12:00:00.088000+00:00,9.5375e-05
2025-09-03 13:00:00.624000+00:00,0.00014875
2025-09-03 14:00:00.302000+00:00,0.000189375
2025-09-03 15:00:00.625000+00:00,0.0001635
2025-09-03 16:00:00.626000+00:00,0.000189
2025-09-03 17:00:00.329000+00:00,0.000222125
2025-09-03 18:00:01.310000+00:00,0.0002195
2025-09-03 19:00:00.723000+00:00,0.000234625
2025-09-03 20:00:00.015000+00:00,0.000220625
2025-09-03 21:00:00.625000+00:00,0.000200125
2025-09-03 22:00:00.683000+00:00,0.000180125
2025-09-03 23:00:00.280000+00:00,0.000200125
2025-09-04 00:00:00.323000+00:00,0.000222125
2025-09-04 01:00:00.148000+00:00,0.00018025
2025-09-04 02:00:00.535000+00:00,0.00019975
2025-09-04 03:00:00.675000+00:00,0.0002175
2025-09-04 04:00:00.847000+00:00,0.000209125
2025-09-04 05:00:01.221000+00:00,1.25e-05
2025-09-04 06:00:00.786000+00:00,1.25e-05
2025-09-04 07:00:00.510000+00:00,1.275e-05
2025-09-04 08:00:00.736000+00:00,1.2875e-05
2025-09-04 09:00:00.176000+00:00,1.3125e-05
2025-09-04 10:00:00.329000+00:00,1.35e-05
2025-09-04 11:00:00.300000+00:00,1.9e-05
2025-09-04 12:00:00.427000+00:00,1.4125e-05
2025-09-04 13:00:00.408000+00:00,1.3e-05
2025-09-04 14:00:00.147000+00:00,1.2625e-05
2025-09-04 15:00:00.277000+00:00,1.2625e-05
2025-09-04 16:00:00.309000+00:00,1.8875e-05
2025-09-04 17:00:00.225000+00:00,2.0625e-05
2025-09-04 18:00:00.988000+00:00,1.3125e-05
2025-09-04 19:00:00.180000+00:00,2.2625e-05
2025-09-04 20:00:00.403000+00:00,4.725e-05
2025-09-04 21:00:00.176000+00:00,3.3e-05
2025-09-04 22:00:00.825000+00:00,1.5125e-05
2025-09-04 23:00:01.181000+00:00,1.4125e-05
2025-09-05 00:00:00.332000+00:00,1.45e-05
2025-09-05 01:00:00.291000+00:00,1.3e-05
2025-09-05 02:00:00.324000+00:00,1.325e-05
2025-09-05 03:00:00.242000+00:00,1.375e-05
2025-09-05 04:00:00.159000+00:00,1.525e-05
2025-09-05 05:00:03.178000+00:00,1.2625e-05
2025-09-05 06:00:00.322000+00:00,1.35e-05
2025-09-05 07:00:00.780000+00:00,1.25e-05
2025-09-05 08:00:00.181000+00:00,1.25e-05
2025-09-05 09:00:00.039000+00:00,1.25e-05
2025-09-05 10:00:00.723000+00:00,1.25e-05
2025-09-05 11:00:00.207000+00:00,1.25e-05
2025-09-05 12:00:00.392000+00:00,1.25e-05
2025-09-05 13:00:00.825000+00:00,1.25e-05
2025-09-05 14:00:00.819000+00:00,1.25e-05
2025-09-05 15:00:00.191000+00:00,1.25e-05
2025-09-05 16:00:00.448000+00:00,1.25e-05
2025-09-05 17:00:00.737000+00:00,1.25e-05
2025-09-05 18:00:00.395000+00:00,1.25e-05
2025-09-05 19:00:00.874000+00:00,1.25e-05
2025-09-05 20:00:00.695000+00:00,1.25e-05
2025-09-05 21:00:00.237000+00:00,1.25e-05
2025-09-05 22:00:00.489000+00:00,1.25e-05
2025-09-05 23:00:00.783000+00:00,1.25e-05
2025-09-06 00:00:00.454000+00:00,1.25e-05
2025-09-06 01:00:01.113000+00:00,1.25e-05
2025-09-06 02:00:00.166000+00:00,1.25e-05
2025-09-06 03:00:00.720000+00:00,1.25e-05
2025-09-06 04:00:01.286000+00:00,1.25e-05
2025-09-06 05:00:00.332000+00:00,1.25e-05
2025-09-06 06:00:00.007000+00:00,1.25e-05
2025-09-06 07:00:00.716000+00:00,1.25e-05
2025-09-06 08:00:00.523000+00:00,1.25e-05
2025-09-06 09:00:00.602000+00:00,1.25e-05
2025-09-06 10:00:00.295000+00:00,1.25e-05
2025-09-06 11:00:00.271000+00:00,1.25e-05
2025-09-06 12:00:01.028000+00:00,4.2125e-05
2025-09-06 13:00:00.599000+00:00,1.25e-05
2025-09-06 14:00:00.507000+00:00,1.25e-05
2025-09-06 15:00:00.472000+00:00,1.25e-05
2025-09-06 16:00:00.953000+00:00,1.25e-05
2025-09-06 17:00:00.070000+00:00,1.25e-05
2025-09-06 18:00:00.414000+00:00,1.25e-05
2025-09-06 19:00:00.694000+00:00,0.00017
2025-09-06 20:00:00.665000+00:00,2.05e-05
2025-09-06 21:00:00.078000+00:00,1.25e-05
2025-09-06 22:00:00.985000+00:00,1.25e-05
2025-09-06 23:00:00.707000+00:00,1.25e-05
2025-09-07 00:00:00.648000+00:00,8.6625e-05
2025-09-07 01:00:00.648000+00:00,1.25e-05
2025-09-07 02:00:00.174000+00:00,1.25e-05
2025-09-07 03:00:00.349000+00:00,1.25e-05
2025-09-07 04:00:00.327000+00:00,2.6125e-05
2025-09-07 05:00:00.646000+00:00,3.8875e-05
2025-09-07 06:00:00.092000+00:00,1.975e-05
2025-09-07 07:00:00.330000+00:00,1.25e-05
2025-09-07 08:00:00.576000+00:00,1.25e-05
2025-09-07 09:00:01.488000+00:00,1.25e-05
2025-09-07 10:00:00.594000+00:00,1.25e-05
2025-09-07 11:00:01.145000+00:00,1.25e-05
2025-09-07 12:00:00.525000+00:00,1.25e-05
2025-09-07 13:00:00.549000+00:00,1.25e-05
2025-09-07 14:00:00.800000+00:00,1.25e-05
2025-09-07 15:00:00.502000+00:00,5.575e-05
2025-09-07 16:00:00.067000+00:00,1.625e-05
2025-09-07 17:00:00.457000+00:00,1.25e-05
2025-09-07 18:00:00.318000+00:00,1.25e-05
2025-09-07 19:00:00.334000+00:00,1.25e-05
2025-09-07 20:00:00.281000+00:00,1.25e-05
2025-09-07 21:00:00.175000+00:00,1.25e-05
2025-09-07 22:00:00.333000+00:00,1.25e-05
2025-09-07 23:00:00.855000+00:00,1.25e-05
2025-09-08 00:00:00.719000+00:00,1.25e-05
2025-09-08 01:00:00.013000+00:00,1.8e-05
2025-09-08 02:00:00.872000+00:00,1.25e-05
2025-09-08 03:00:00.338000+00:00,1.25e-05
2025-09-08 04:00:00.683000+00:00,1.25e-05
2025-09-08 05:00:00.449000+00:00,1.25e-05
2025-09-08 06:00:00.526000+00:00,1.25e-05
2025-09-08 07:00:00.269000+00:00,1.25e-05
2025-09-08 08:00:00.243000+00:00,4.8625e-05
2025-09-08 09:00:00.076000+00:00,1.25e-05
2025-09-08 10:00:00.205000+00:00,0.000318875
2025-09-08 11:00:00.279000+00:00,0.0005285
2025-09-08 12:00:00.720000+00:00,1.25e-05
2025-09-08 13:00:00.333000+00:00,1.25e-05
2025-09-08 14:00:00.956000+00:00,1.25e-05
2025-09-08 15:00:00.383000+00:00,1.25e-05
2025-09-08 16:00:00.259000+00:00,1.25e-05
2025-09-08 17:00:00.030000+00:00,1.25e-05
2025-09-08 18:00:00.597000+00:00,1.25e-05
2025-09-08 19:00:00.157000+00:00,1.25e-05
2025-09-08 20:00:00.324000+00:00,1.25e-05
2025-09-08 21:00:00.821000+00:00,1.25e-05
2025-09-08 22:00:00.326000+00:00,1.25e-05
2025-09-08 23:00:00.519000+00:00,1.25e-05
2025-09-09 00:00:00.165000+00:00,1.25e-05
2025-09-09 01:00:00.295000+00:00,1.25e-05
2025-09-09 02:00:00.754000+00:00,1.25e-05
2025-09-09 03:00:00.774000+00:00,1.25e-05
2025-09-09 04:00:00.194000+00:00,1.25e-05
2025-09-09 05:00:00.456000+00:00,1.25e-05
2025-09-09 06:00:00.084000+00:00,1.25e-05
2025-09-09 07:00:00.376000+00:00,3.05e-05
2025-09-09 08:00:00.019000+00:00,1.25e-05
2025-09-09 09:00:00.729000+00:00,1.25e-05
2025-09-09 10:00:00.458000+00:00,1.25e-05
2025-09-09 11:00:00.076000+00:00,0.000159625
2025-09-09 12:00:00.486000+00:00,0.000521625
2025-09-09 13:00:00.275000+00:00,1.25e-05
2025-09-09 14:00:00.280000+00:00,1.25e-05
2025-09-09 15:00:00.583000+00:00,1.3625e-05
2025-09-09 16:00:00.386000+00:00,1.55e-05
2025-09-09 17:00:00.598000+00:00,1.25e-05
2025-09-09 18:00:00.125000+00:00,1.25e-05
2025-09-09 19:00:00.350000+00:00,1.25e-05
2025-09-09 20:00:00.647000+00:00,1.25e-05
2025-09-09 21:00:00.015000+00:00,1.25e-05
2025-09-09 22:00:00.774000+00:00,1.25e-05
2025-09-09 23:00:00.151000+00:00,0.000130625
2025-09-10 00:00:00.253000+00:00,8.1e-05
2025-09-10 01:00:00.076000+00:00,1.25e-05
2025-09-10 02:00:00.629000+00:00,1.25e-05
2025-09-10 03:00:00.326000+00:00,1.25e-05
2025-09-10 04:00:00.253000+00:00,1.25e-05
2025-09-10 05:00:00.578000+00:00,1.25e-05
2025-09-10 06:00:00.505000+00:00,1.25e-05
2025-09-10 07:00:00.430000+00:00,1.25e-05
2025-09-10 08:00:00.651000+00:00,1.3875e-05
2025-09-10 09:00:00.285000+00:00,1.25e-05
2025-09-10 10:00:00.223000+00:00,1.25e-05
2025-09-10 11:00:00.064000+00:00,1.25e-05
2025-09-10 12:00:00.715000+00:00,1.25e-05
2025-09-10 13:00:00.257000+00:00,1.275e-05
2025-09-10 14:00:00.706000+00:00,1.25e-05
2025-09-10 15:00:00.413000+00:00,1.3e-05
2025-09-10 16:00:00+00:00,1.25e-05
2025-09-10 17:00:00.388000+00:00,1.2875e-05
2025-09-10 18:00:00.533000+00:00,1.25e-05
2025-09-10 19:00:00.385000+00:00,1.3125e-05
2025-09-10 20:00:01.219000+00:00,1.2875e-05
2025-09-10 21:00:00.503000+00:00,1.2125e-05
2025-09-10 22:00:00.575000+00:00,1.25e-05
2025-09-10 23:00:00.637000+00:00,1.25e-05
2025-09-11 00:00:00.689000+00:00,1.25e-05
2025-09-11 01:00:00.835000+00:00,1.25e-05
2025-09-11 02:00:00.150000+00:00,1.25e-05
2025-09-11 03:00:00.633000+00:00,1.25e-05
2025-09-11 04:00:00.092000+00:00,1.25e-05
2025-09-11 05:00:00.451000+00:00,1.25e-05
2025-09-11 06:00:00.126000+00:00,1.25e-05
2025-09-11 07:00:00.224000+00:00,1.25e-05
2025-09-11 08:00:00.226000+00:00,1.6e-05
2025-09-11 09:00:00.530000+00:00,1.8625e-05
2025-09-11 10:00:00.736000+00:00,0.000846
2025-09-11 11:00:00.871000+00:00,0.00068125
2025-09-11 12:00:00.027000+00:00,0.000501
2025-09-11 13:00:00.440000+00:00,0.00040625
2025-09-11 14:00:00.488000+00:00,0.000375375
2025-09-11 15:00:00.657000+00:00,0.00044575
2025-09-11 16:00:00.461000+00:00,0.00046125
2025-09-11 17:00:00.254000+00:00,0.000420625
2025-09-11 18:00:00.610000+00:00,0.000370125
2025-09-11 19:00:00.243000+00:00,0.000254375
2025-09-11 20:00:00.174000+00:00,0.000316375
2025-09-11 21:00:00.675000+00:00,0.000304875
2025-09-11 22:00:00.667000+00:00,0.000108875
2025-09-11 23:00:00.619000+00:00,0.000198625
2025-09-12 00:00:00.046000+00:00,0.000378
2025-09-12 01:00:00.337000+00:00,0.00030425
2025-09-12 02:00:00.176000+00:00,0.00034575
2025-09-12 03:00:00.027000+00:00,0.000486125
2025-09-12 04:00:00.076000+00:00,0.00047525
2025-09-12 05:00:00.230000+00:00,0.000455125
2025-09-12 06:00:00.277000+00:00,0.00048125
2025-09-12 07:00:00.027000+00:00,0.00014225
2025-09-12 08:00:00.639000+00:00,0.000186125
2025-09-12 09:00:00.636000+00:00,0.000164125
2025-09-12 10:00:00.301000+00:00,8.5875e-05
2025-09-12 11:00:00.773000+00:00,1.25e-05
2025-09-12 12:00:00.471000+00:00,1.25e-05
2025-09-12 13:00:01.432000+00:00,1.7e-05
2025-09-12 14:00:00.003000+00:00,2.25e-05
2025-09-12 15:00:00.610000+00:00,2.1e-05
2025-09-12 16:00:00.397000+00:00,7.3e-05
2025-09-12 17:00:00.676000+00:00,1.25e-05
2025-09-12 18:00:00.932000+00:00,1.25e-05
2025-09-12 19:00:00.229000+00:00,1.25e-05
2025-09-12 20:00:00.577000+00:00,1.25e-05
2025-09-12 21:00:00.445000+00:00,1.25e-05
2025-09-12 22:00:00.434000+00:00,1.25e-05
2025-09-12 23:00:01.114000+00:00,1.1125e-05
2025-09-13 00:00:00.664000+00:00,1.25e-05
2025-09-13 01:00:00.717000+00:00,6.25e-07
2025-09-13 02:00:00.524000+00:00,1.25e-05
2025-09-13 03:00:01.277000+00:00,1.25e-05
2025-09-13 04:00:00.724000+00:00,1.25e-05
2025-09-13 05:00:00.176000+00:00,1.25e-05
2025-09-13 06:00:00.312000+00:00,1.25e-05
2025-09-13 07:00:00.850000+00:00,1.25e-05
2025-09-13 08:00:00.725000+00:00,1.25e-05
2025-09-13 09:00:00.735000+00:00,1.25e-05
2025-09-13 10:00:00.114000+00:00,1.25e-05
2025-09-13 11:00:00.577000+00:00,1.25e-05
2025-09-13 12:00:00.230000+00:00,1.25e-05
2025-09-13 13:00:00.662000+00:00,1.25e-05
2025-09-13 14:00:00.772000+00:00,1.25e-05
2025-09-13 15:00:00.330000+00:00,1.25e-05
2025-09-13 16:00:00.570000+00:00,0.00013175
2025-09-13 17:00:00.880000+00:00,4.3e-05
2025-09-13 18:00:00.677000+00:00,1.25e-05
2025-09-13 19:00:00.510000+00:00,1.25e-05
2025-09-13 20:00:00.696000+00:00,1.25e-05
2025-09-13 21:00:00.170000+00:00,1.25e-05
2025-09-13 22:00:00.331000+00:00,1.25e-05
2025-09-13 23:00:00.111000+00:00,1.25e-05
2025-09-14 00:00:00.428000+00:00,1.25e-05
2025-09-14 01:00:00.595000+00:00,1.25e-05
2025-09-14 02:00:00.471000+00:00,1.25e-05
2025-09-14 03:00:00.576000+00:00,1.25e-05
2025-09-14 04:00:00.230000+00:00,1.125e-06
2025-09-14 05:00:02.328000+00:00,1.25e-05
2025-09-14 06:00:00.060000+00:00,1.25e-05
2025-09-14 07:00:00.531000+00:00,1.25e-05
2025-09-14 08:00:00.659000+00:00,1.25e-05
2025-09-14 09:00:00.360000+00:00,-8.475e-05
2025-09-14 10:00:00.092000+00:00,4.5875e-05
2025-09-14 11:00:00.228000+00:00,0.000253875
2025-09-14 12:00:00.729000+00:00,0.00083025
2025-09-14 13:00:00.547000+00:00,0.0008265
2025-09-14 14:00:00.316000+00:00,0.00115475
2025-09-14 15:00:00.076000+00:00,0.000796125
2025-09-14 16:00:00.759000+00:00,0.00041675
2025-09-14 17:00:00.094000+00:00,0.000847625
2025-09-14 18:00:00.094000+00:00,0.00057275
2025-09-14 19:00:00.019000+00:00,0.000689375
2025-09-14 20:00:00.214000+00:00,0.000595125
2025-09-14 21:00:00.253000+00:00,0.001161875
2025-09-14 22:00:00.796000+00:00,0.001150375
2025-09-14 23:00:02.418000+00:00,0.00111375
2025-09-15 00:00:00.829000+00:00,0.00023725
2025-09-15 01:00:00.730000+00:00,0.000469875
2025-09-15 02:00:00.153000+00:00,0.000130375
2025-09-15 03:00:00.179000+00:00,0.00019625
2025-09-15 04:00:01.202000+00:00,0.00072425
2025-09-15 05:00:00.111000+00:00,0.000727625
2025-09-15 06:00:00.376000+00:00,0.000845125
2025-09-15 07:00:00.850000+00:00,0.000725625
2025-09-15 08:00:00.474000+00:00,0.000341875
2025-09-15 09:00:00.027000+00:00,0.000618
2025-09-15 10:00:00.346000+00:00,0.00013
2025-09-15 11:00:00.122000+00:00,0.0002295
2025-09-15 12:00:00.524000+00:00,0.00021175
2025-09-15 13:00:00.701000+00:00,0.000187375
2025-09-15 14:00:00.114000+00:00,0.000204375
2025-09-15 15:00:00.474000+00:00,0.000237125
2025-09-15 16:00:00.088000+00:00,0.000143125
2025-09-15 17:00:00.828000+00:00,0.000152375
2025-09-15 18:00:00.295000+00:00,0.000299375
2025-09-15 19:00:00.730000+00:00,0.0003185
2025-09-15 20:00:00.120000+00:00,0.0001585
2025-09-15 21:00:00.126000+00:00,0.00031475
2025-09-15 22:00:00.390000+00:00,0.000280375
2025-09-15 23:00:00.283000+00:00,0.000139375
2025-09-16 00:00:00.611000+00:00,0.00015625
2025-09-16 01:00:00.095000+00:00,0.0001995
2025-09-16 02:00:00.104000+00:00,0.000566125
2025-09-16 03:00:00.374000+00:00,0.000624625
2025-09-16 04:00:00.524000+00:00,0.0003635
2025-09-16 05:00:00.532000+00:00,0.00061325
2025-09-16 06:00:00.857000+00:00,0.00032325
2025-09-16 07:00:00.930000+00:00,0.0006215
2025-09-16 08:00:00.091000+00:00,0.000611625
2025-09-16 09:00:00.785000+00:00,0.000604625
2025-09-16 10:00:00.187000+00:00,0.00058325
2025-09-16 11:00:00.606000+00:00,0.000290875
2025-09-16 12:00:00.668000+00:00,0.000199
2025-09-16 13:00:00.507000+00:00,0.000270125
2025-09-16 14:00:00.176000+00:00,0.00014925
2025-09-16 15:00:00.334000+00:00,0.000187375
2025-09-16 16:00:00.022000+00:00,5.4625e-05
2025-09-16 17:00:00.125000+00:00,9.85e-05
2025-09-16 18:00:00.275000+00:00,0.00033725
2025-09-16 19:00:00.870000+00:00,0.000418625
2025-09-16 20:00:00.230000+00:00,0.000420875
2025-09-16 21:00:00.482000+00:00,1.2625e-05
2025-09-16 22:00:00.218000+00:00,2.4625e-05
2025-09-16 23:00:00.109000+00:00,1.85e-05
2025-09-17 00:00:00.194000+00:00,1.7375e-05
2025-09-17 01:00:00.808000+00:00,1.25e-05
2025-09-17 02:00:00.058000+00:00,1.325e-05
2025-09-17 03:00:00.411000+00:00,1.3e-05
2025-09-17 04:00:00.024000+00:00,1.275e-05
2025-09-17 05:00:00.476000+00:00,1.2875e-05
2025-09-17 06:00:00.865000+00:00,1.2625e-05
2025-09-17 07:00:00.395000+00:00,1.25e-05
2025-09-17 08:00:00.227000+00:00,1.3e-05
2025-09-17 09:00:00.503000+00:00,8.6625e-05
2025-09-17 10:00:00.218000+00:00,0.000262875
2025-09-17 11:00:00.717000+00:00,1.25e-05
2025-09-17 12:00:00.510000+00:00,1.35e-05
2025-09-17 13:00:00.380000+00:00,1.3625e-05
2025-09-17 14:00:00.433000+00:00,0.000379
2025-09-17 15:00:00.148000+00:00,0.000436
2025-09-17 16:00:00.429000+00:00,0.000210125
2025-09-17 17:00:00.085000+00:00,0.00038575
2025-09-17 18:00:00.241000+00:00,0.000109125
2025-09-17 19:00:00.684000+00:00,1.25e-05
2025-09-17 20:00:00.705000+00:00,1.475e-05
2025-09-17 21:00:00.775000+00:00,0.000242125
2025-09-17 22:00:00.560000+00:00,0.000201
2025-09-17 23:00:00.500000+00:00,1.25e-05
2025-09-18 00:00:00.172000+00:00,1.25e-05
2025-09-18 01:00:00.635000+00:00,2.6375e-05
2025-09-18 02:00:00.081000+00:00,0.000143625
2025-09-18 03:00:00.439000+00:00,0.000212125
2025-09-18 04:00:00.830000+00:00,0.00035425
2025-09-18 05:00:00.326000+00:00,0.000307
2025-09-18 06:00:00.069000+00:00,0.000312
2025-09-18 07:00:00.299000+00:00,0.000385125
2025-09-18 08:00:00.227000+00:00,0.000333
2025-09-18 09:00:00.509000+00:00,0.00019625
2025-09-18 10:00:00.681000+00:00,0.000416125
2025-09-18 11:00:00.770000+00:00,0.000411
2025-09-18 12:00:00.384000+00:00,0.000365125
2025-09-18 13:00:00.044000+00:00,0.000388125
2025-09-18 14:00:00.629000+00:00,0.00026675
2025-09-18 15:00:00.815000+00:00,0.000309625
2025-09-18 16:00:00.676000+00:00,0.000194375
2025-09-18 17:00:00.753000+00:00,0.0002565
2025-09-18 18:00:00.361000+00:00,0.00013225
2025-09-18 19:00:00.497000+00:00,0.00017175
2025-09-18 20:00:00.857000+00:00,0.000132875
2025-09-18 21:00:00.438000+00:00,9.85e-05
2025-09-18 22:00:00.279000+00:00,1.25e-05
2025-09-18 23:00:00.377000+00:00,2.9375e-05
2025-09-19 00:00:00.483000+00:00,1.5625e-05
2025-09-19 01:00:00.533000+00:00,-0.000104625
2025-09-19 02:00:00.470000+00:00,1.25e-05
2025-09-19 03:00:00.723000+00:00,1.25e-05
2025-09-19 04:00:00.682000+00:00,1.25e-05
2025-09-19 05:00:00.705000+00:00,1.25e-05
2025-09-19 06:00:01.067000+00:00,1.05e-05
2025-09-19 07:00:00.956000+00:00,1.25e-05
2025-09-19 08:00:00.808000+00:00,1.7875e-05
2025-09-19 09:00:00.975000+00:00,1.9375e-05
2025-09-19 10:00:00.088000+00:00,1.25e-05
2025-09-19 11:00:00.145000+00:00,-1.25e-05
2025-09-19 12:00:00.032000+00:00,-0.00040975
2025-09-19 13:00:00.443000+00:00,1.25e-05
2025-09-19 14:00:00.527000+00:00,1.25e-05
2025-09-19 15:00:00.577000+00:00,-2.2125e-05
2025-09-19 16:00:00.613000+00:00,-0.000308375
2025-09-19 17:00:00.415000+00:00,-0.00023175
2025-09-19 18:00:00.807000+00:00,-0.00013025
2025-09-19 19:00:00.242000+00:00,-0.000197875
2025-09-19 20:00:00.069000+00:00,-0.00013275
2025-09-19 21:00:00.135000+00:00,-0.000198125
2025-09-19 22:00:00.680000+00:00,-0.000172125
2025-09-19 23:00:00.929000+00:00,-0.0001915
2025-09-20 00:00:00.785000+00:00,-0.0001315
2025-09-20 01:00:00.487000+00:00,1.25e-05
2025-09-20 02:00:00.598000+00:00,1.25e-05
2025-09-20 03:00:00.276000+00:00,-3.875e-06
2025-09-20 04:00:00.127000+00:00,7.75e-06
2025-09-20 05:00:00.813000+00:00,1.075e-05
2025-09-20 06:00:00.675000+00:00,1.25e-05
2025-09-20 07:00:00.286000+00:00,1.1625e-05
2025-09-20 08:00:00.287000+00:00,1.175e-05
2025-09-20 09:00:00.976000+00:00,1.25e-05
2025-09-20 10:00:00.766000+00:00,1.25e-05
2025-09-20 11:00:01.132000+00:00,1.25e-05
2025-09-20 12:00:00.448000+00:00,1.25e-05
2025-09-20 13:00:00.694000+00:00,1.3625e-05
2025-09-20 14:00:00.517000+00:00,1.25e-05
2025-09-20 15:00:00.573000+00:00,1.25e-05
2025-09-20 16:00:00.147000+00:00,1.25e-05
2025-09-20 17:00:00.077000+00:00,1.25e-05
2025-09-20 18:00:00.149000+00:00,1.45e-05
2025-09-20 19:00:00.215000+00:00,1.25e-05
2025-09-20 20:00:00.221000+00:00,1.25e-05
2025-09-20 21:00:00.115000+00:00,1.25e-05
2025-09-20 22:00:00.254000+00:00,1.25e-05
2025-09-20 23:00:00.042000+00:00,1.25e-05
2025-09-21 00:00:00.181000+00:00,1.25e-05
2025-09-21 01:00:00.721000+00:00,1.25e-05
2025-09-21 02:00:00.554000+00:00,1.25e-05
2025-09-21 03:00:00.266000+00:00,1.25e-05
2025-09-21 04:00:00.494000+00:00,1.25e-05
2025-09-21 05:00:00.358000+00:00,1.25e-05
2025-09-21 06:00:00.826000+00:00,1.25e-05
2025-09-21 07:00:00.682000+00:00,1.25e-05
2025-09-21 08:00:00.472000+00:00,1.25e-05
2025-09-21 09:00:00.283000+00:00,1.25e-05
2025-09-21 10:00:00.327000+00:00,1.25e-05
2025-09-21 11:00:00.577000+00:00,1.25e-05
2025-09-21 12:00:00.029000+00:00,1.25e-05
2025-09-21 13:00:00.289000+00:00,1.25e-05
2025-09-21 14:00:00.313000+00:00,0.000105625
2025-09-21 15:00:00.912000+00:00,0.000159875
2025-09-21 16:00:00.828000+00:00,1.25e-05
2025-09-21 17:00:00.987000+00:00,3.5e-06
2025-09-21 18:00:00.188000+00:00,1.25e-05
2025-09-21 19:00:00.298000+00:00,1.25e-05
2025-09-21 20:00:00.569000+00:00,1.3625e-05
2025-09-21 21:00:00.078000+00:00,1.6375e-05
2025-09-21 22:00:00.443000+00:00,1.25e-05
2025-09-21 23:00:00.670000+00:00,1.25e-05
2025-09-22 00:00:00.328000+00:00,1.25e-05
2025-09-22 01:00:00.553000+00:00,1.25e-05
2025-09-22 02:00:00.180000+00:00,1.25e-05
2025-09-22 03:00:00.670000+00:00,1.25e-05
2025-09-22 04:00:00.630000+00:00,1.25e-05
2025-09-22 05:00:00.373000+00:00,1.25e-05
2025-09-22 06:00:00.712000+00:00,1.4625e-05
2025-09-22 07:00:00.331000+00:00,1.25e-05
2025-09-22 08:00:00.309000+00:00,1.25e-05
2025-09-22 09:00:00.426000+00:00,1.25e-05
2025-09-22 10:00:00.227000+00:00,1.3875e-05
2025-09-22 11:00:00.581000+00:00,1.0875e-05
2025-09-22 12:00:00.470000+00:00,3.15e-05
2025-09-22 13:00:00.374000+00:00,1.25e-05
2025-09-22 14:00:00.444000+00:00,1.25e-05
2025-09-22 15:00:00.346000+00:00,1.25e-05
2025-09-22 16:00:00.265000+00:00,1.25e-05
2025-09-22 17:00:00.149000+00:00,0.000126
2025-09-22 18:00:00.011000+00:00,3.6625e-05
2025-09-22 19:00:00.626000+00:00,1.25e-05
2025-09-22 20:00:00.225000+00:00,1.25e-05
2025-09-22 21:00:00.147000+00:00,2.0875e-05
2025-09-22 22:00:00.909000+00:00,0.00020675
2025-09-22 23:00:00.689000+00:00,6.875e-05
2025-09-23 00:00:00.142000+00:00,2.0375e-05
2025-09-23 01:00:00.579000+00:00,0.000269125
2025-09-23 02:00:00.135000+00:00,8.1e-05
2025-09-23 03:00:00.149000+00:00,9.25e-05
2025-09-23 04:00:00.804000+00:00,5.45e-05
2025-09-23 05:00:00.134000+00:00,6.2625e-05
2025-09-23 06:00:00.961000+00:00,5.3875e-05
2025-09-23 07:00:00.201000+00:00,0.00010675
2025-09-23 08:00:00.247000+00:00,7.05e-05
2025-09-23 09:00:00.634000+00:00,6.875e-05
2025-09-23 10:00:00.577000+00:00,0.000106875
2025-09-23 11:00:00.456000+00:00,0.000107875
2025-09-23 12:00:00.365000+00:00,0.00022525
2025-09-23 13:00:00.077000+00:00,0.000391
2025-09-23 14:00:00.196000+00:00,0.000114875
2025-09-23 15:00:00.294000+00:00,0.000104875
2025-09-23 16:00:00.081000+00:00,9.5875e-05
2025-09-23 17:00:00.395000+00:00,0.000113625
2025-09-23 18:00:00.016000+00:00,0.000126875
2025-09-23 19:00:00.937000+00:00,0.000137875
2025-09-23 20:00:00.511000+00:00,0.000215125
2025-09-23 21:00:00.762000+00:00,0.000256375
2025-09-23 22:00:00.073000+00:00,9.7875e-05
2025-09-23 23:00:00.491000+00:00,0.000129
2025-09-24 00:00:00.717000+00:00,0.000152
2025-09-24 01:00:00.278000+00:00,0.000161875
2025-09-24 02:00:00.419000+00:00,0.000143625
2025-09-24 03:00:00.929000+00:00,0.000164125
2025-09-24 04:00:00.474000+00:00,0.00013625
2025-09-24 05:00:00.312000+00:00,0.000123
2025-09-24 06:00:00.733000+00:00,0.0001485
2025-09-24 07:00:00.992000+00:00,8.575e-05
2025-09-24 08:00:01.260000+00:00,4.0625e-05
2025-09-24 09:00:00.488000+00:00,5e-05
2025-09-24 10:00:00.771000+00:00,1.6875e-05
2025-09-24 11:00:00.575000+00:00,2.4125e-05
2025-09-24 12:00:00.806000+00:00,2.7e-05
2025-09-24 13:00:00.169000+00:00,3.45e-05
2025-09-24 14:00:00.367000+00:00,6.4125e-05
2025-09-24 15:00:00.118000+00:00,0.000138875
2025-09-24 16:00:00.417000+00:00,0.000168375
2025-09-24 17:00:00.314000+00:00,0.000145625
2025-09-24 18:00:00.460000+00:00,0.000132625
2025-09-24 19:00:00.526000+00:00,0.00013975
2025-09-24 20:00:00.022000+00:00,0.0001295
2025-09-24 21:00:00.370000+00:00,0.0001435
2025-09-24 22:00:00.368000+00:00,0.0001435
2025-09-24 23:00:00.020000+00:00,0.000143
2025-09-25 00:00:00.668000+00:00,0.000143
2025-09-25 01:00:00.093000+00:00,0.00013025
2025-09-25 02:00:00.470000+00:00,0.00011825
2025-09-25 03:00:00.273000+00:00,9.9e-05
2025-09-25 04:00:00.565000+00:00,0.000197125
2025-09-25 05:00:00.740000+00:00,7.375e-05
2025-09-25 06:00:00.157000+00:00,8.6375e-05
2025-09-25 07:00:00.161000+00:00,4.4375e-05
2025-09-25 08:00:00.367000+00:00,3.3375e-05
2025-09-25 09:00:00.533000+00:00,3.3625e-05
2025-09-25 10:00:00.314000+00:00,4.3625e-05
2025-09-25 11:00:00.678000+00:00,3.6125e-05
2025-09-25 12:00:00.173000+00:00,6.1125e-05
2025-09-25 13:00:00.045000+00:00,1.3125e-05
2025-09-25 14:00:00.551000+00:00,1.25e-05
2025-09-25 15:00:00.068000+00:00,1.3375e-05
2025-09-25 16:00:00.521000+00:00,-8.625e-06
2025-09-25 17:00:00.718000+00:00,1.25e-05
2025-09-25 18:00:00.520000+00:00,1.25e-05
2025-09-25 19:00:00.266000+00:00,1.25e-05
2025-09-25 20:00:00.572000+00:00,1.25e-05
2025-09-25 21:00:00.471000+00:00,1.25e-05
2025-09-25 22:00:00.310000+00:00,1.25e-05
2025-09-25 23:00:00.425000+00:00,1.25e-05
2025-09-26 00:00:00.549000+00:00,7.4625e-05
2025-09-26 01:00:00.143000+00:00,1.25e-05
2025-09-26 02:00:00.317000+00:00,1.25e-05
2025-09-26 03:00:00.581000+00:00,1.25e-05
2025-09-26 04:00:00.220000+00:00,1.25e-05
2025-09-26 05:00:00.617000+00:00,1.25e-05
2025-09-26 06:00:00.819000+00:00,1.25e-05
2025-09-26 07:00:00.416000+00:00,1.25e-05
2025-09-26 08:00:00.669000+00:00,1.25e-05
2025-09-26 09:00:00.739000+00:00,1.25e-05
2025-09-26 10:00:00.072000+00:00,1.25e-05
2025-09-26 11:00:00.219000+00:00,1.25e-05
2025-09-26 12:00:00.171000+00:00,1.25e-05
2025-09-26 13:00:00.571000+00:00,1.25e-05
2025-09-26 14:00:00.618000+00:00,1.25e-05
2025-09-26 15:00:00.276000+00:00,1.25e-05
2025-09-26 16:00:00.709000+00:00,1.25e-05
2025-09-26 17:00:00.370000+00:00,1.25e-05
2025-09-26 18:00:00.089000+00:00,1.25e-05
2025-09-26 19:00:00.412000+00:00,6e-06
2025-09-26 20:00:02.482000+00:00,1.25e-05
2025-09-26 21:00:00.521000+00:00,1.25e-05
2025-09-26 22:00:00.315000+00:00,1.25e-05
2025-09-26 23:00:00.277000+00:00,1.25e-05
2025-09-27 00:00:00.487000+00:00,1.25e-05
2025-09-27 01:00:00.164000+00:00,1.25e-05
2025-09-27 02:00:00.451000+00:00,1.25e-05
2025-09-27 03:00:00.698000+00:00,1.25e-05
2025-09-27 04:00:00.183000+00:00,1.25e-05
2025-09-27 05:00:00.600000+00:00,1.25e-05
2025-09-27 06:00:00.044000+00:00,1.25e-05
2025-09-27 07:00:02.015000+00:00,1.25e-05
2025-09-27 08:00:00.677000+00:00,1.25e-05
2025-09-27 09:00:00.666000+00:00,1.25e-05
2025-09-27 10:00:00.566000+00:00,1.25e-05
2025-09-27 11:00:00.019000+00:00,1.6125e-05
2025-09-27 12:00:00.164000+00:00,1.25e-05
2025-09-27 13:00:00.522000+00:00,1.25e-05
2025-09-27 14:00:00.519000+00:00,1.25e-05
2025-09-27 15:00:00.041000+00:00,1.25e-05
2025-09-27 16:00:00.679000+00:00,1.25e-05
2025-09-27 17:00:00.413000+00:00,1.25e-05
2025-09-27 18:00:00.501000+00:00,1.25e-05
2025-09-27 19:00:00.514000+00:00,1.25e-05
2025-09-27 20:00:00.426000+00:00,1.25e-05
2025-09-27 21:00:00.325000+00:00,2.475e-05
2025-09-27 22:00:00.067000+00:00,1.25e-05
2025-09-27 23:00:00.057000+00:00,1.25e-05
2025-09-28 00:00:00.026000+00:00,1.25e-05
2025-09-28 01:00:00.768000+00:00,1.25e-05
2025-09-28 02:00:00.460000+00:00,1.25e-05
2025-09-28 03:00:00.217000+00:00,1.25e-05
2025-09-28 04:00:00.169000+00:00,1.25e-05
2025-09-28 05:00:00.573000+00:00,1.25e-05
2025-09-28 06:00:00.315000+00:00,1.25e-05
2025-09-28 07:00:00.111000+00:00,1.25e-05
2025-09-28 08:00:00.075000+00:00,1.25e-05
2025-09-28 09:00:00.069000+00:00,1.25e-05
2025-09-28 10:00:00.199000+00:00,7.5625e-05
2025-09-28 11:00:00.361000+00:00,0.000429875
2025-09-28 12:00:00.306000+00:00,0.000109625
2025-09-28 13:00:00.399000+00:00,1.25e-05
2025-09-28 14:00:00.212000+00:00,1.25e-05
2025-09-28 15:00:00.065000+00:00,1.25e-05
2025-09-28 16:00:00.594000+00:00,1.25e-05
2025-09-28 17:00:00.565000+00:00,1.25e-05
2025-09-28 18:00:00.487000+00:00,1.25e-05
2025-09-28 19:00:00.406000+00:00,1.25e-05
2025-09-28 20:00:00.227000+00:00,1.25e-05
2025-09-28 21:00:00.373000+00:00,1.25e-05
2025-09-28 22:00:00.038000+00:00,1.25e-05
2025-09-28 23:00:00.872000+00:00,2.2375e-05
2025-09-29 00:00:00.521000+00:00,6.3375e-05
2025-09-29 01:00:00.503000+00:00,1.25e-05
2025-09-29 02:00:00.475000+00:00,1.25e-05
2025-09-29 03:00:00.765000+00:00,1.25e-05
2025-09-29 04:00:00.647000+00:00,1.25e-05
2025-09-29 05:00:00.069000+00:00,1.25e-05
2025-09-29 06:00:00.305000+00:00,1.25e-05
2025-09-29 07:00:00.716000+00:00,1.25e-05
2025-09-29 08:00:00.580000+00:00,1.25e-05
2025-09-29 09:00:00.613000+00:00,1.25e-05
2025-09-29 10:00:00.622000+00:00,2.5125e-05
2025-09-29 11:00:00.302000+00:00,1.25e-05
2025-09-29 12:00:00.154000+00:00,1.25e-05
2025-09-29 13:00:00.217000+00:00,1.25e-05
2025-09-29 14:00:00.652000+00:00,1.25e-05
2025-09-29 15:00:00.018000+00:00,3.7125e-05
2025-09-29 16:00:00.417000+00:00,1.3875e-05
2025-09-29 17:00:00.611000+00:00,1.25e-05
2025-09-29 18:00:00.597000+00:00,1.25e-05
2025-09-29 19:00:00.402000+00:00,4.05e-05
2025-09-29 20:00:00.867000+00:00,1.25e-05
2025-09-29 21:00:00.366000+00:00,1.25e-05
2025-09-29 22:00:00.647000+00:00,1.25e-05
2025-09-29 23:00:00.186000+00:00,1.25e-05
2025-09-30 00:00:00.024000+00:00,1.25e-05
2025-09-30 01:00:00.516000+00:00,1.25e-05
2025-09-30 02:00:00.863000+00:00,1.25e-05
2025-09-30 03:00:00.115000+00:00,1.25e-05
2025-09-30 04:00:00.043000+00:00,1.25e-05
2025-09-30 05:00:00.305000+00:00,7.725e-05
2025-09-30 06:00:00.563000+00:00,2.7375e-05
2025-09-30 07:00:00.515000+00:00,1.25e-05
2025-09-30 08:00:00.022000+00:00,1.25e-05
2025-09-30 09:00:00.151000+00:00,1.25e-05
2025-09-30 10:00:00.717000+00:00,1.25e-05
2025-09-30 11:00:00.316000+00:00,1.25e-05
2025-09-30 12:00:00.516000+00:00,1.25e-05
2025-09-30 13:00:00.404000+00:00,1.25e-05
2025-09-30 14:00:00.401000+00:00,1.25e-05
2025-09-30 15:00:00.497000+00:00,1.25e-05
2025-09-30 16:00:00.276000+00:00,1.25e-05
2025-09-30 17:00:00.583000+00:00,1.25e-05
2025-09-30 18:00:00.817000+00:00,1.25e-05
2025-09-30 19:00:00.623000+00:00,1.25e-05
2025-09-30 20:00:00.390000+00:00,1.25e-05
2025-09-30 21:00:00.200000+00:00,1.25e-05
2025-09-30 22:00:00.596000+00:00,1.25e-05
2025-09-30 23:00:00.655000+00:00,1.25e-05
2025-10-01 00:00:00.896000+00:00,1.25e-05
2025-10-01 01:00:00.432000+00:00,1.25e-05
2025-10-01 02:00:00.391000+00:00,1.25e-05
2025-10-01 03:00:00.368000+00:00,1.25e-05
2025-10-01 04:00:00.310000+00:00,1.25e-05
2025-10-01 05:00:00.557000+00:00,1.25e-05
2025-10-01 06:00:00.459000+00:00,1.25e-05
2025-10-01 07:00:00.263000+00:00,1.25e-05
2025-10-01 08:00:00.831000+00:00,1.25e-05
2025-10-01 09:00:00.244000+00:00,1.25e-05
2025-10-01 10:00:00.314000+00:00,1.25e-05
2025-10-01 11:00:00.465000+00:00,1.25e-05
2025-10-01 12:00:00.234000+00:00,1.25e-05
2025-10-01 13:00:00.316000+00:00,1.25e-05
2025-10-01 14:00:00.730000+00:00,1.25e-05
2025-10-01 15:00:00.761000+00:00,1.25e-05
2025-10-01 16:00:00.709000+00:00,1.25e-05
2025-10-01 17:00:00.617000+00:00,1.25e-05
2025-10-01 18:00:00.716000+00:00,1.25e-05
2025-10-01 19:00:00+00:00,1.25e-05
2025-10-01 20:00:00.616000+00:00,1.25e-05
2025-10-01 21:00:00.468000+00:00,1.25e-05
2025-10-01 22:00:00.548000+00:00,1.25e-05
2025-10-01 23:00:00.128000+00:00,1.25e-05
2025-10-02 00:00:00.578000+00:00,1.25e-05
2025-10-02 01:00:00.305000+00:00,1.25e-05
2025-10-02 02:00:00.306000+00:00,1.25e-05
2025-10-02 03:00:00.568000+00:00,1.25e-05
2025-10-02 04:00:00.324000+00:00,1.25e-05
2025-10-02 05:00:00.374000+00:00,1.25e-05
2025-10-02 06:00:00.020000+00:00,1.25e-05
2025-10-02 07:00:00.224000+00:00,1.25e-05
2025-10-02 08:00:00.162000+00:00,1.25e-05
2025-10-02 09:00:00.098000+00:00,0.000115375
2025-10-02 10:00:00.163000+00:00,3.2875e-05
2025-10-02 11:00:00.217000+00:00,1.45e-05
2025-10-02 12:00:00.816000+00:00,1.25e-05
2025-10-02 13:00:00.091000+00:00,1.2625e-05
2025-10-02 14:00:00.006000+00:00,2.2375e-05
2025-10-02 15:00:00.061000+00:00,2.8625e-05
2025-10-02 16:00:00.359000+00:00,1.25e-05
2025-10-02 17:00:00.343000+00:00,1.25e-05
2025-10-02 18:00:00.018000+00:00,2.8125e-05
2025-10-02 19:00:00.067000+00:00,3.5875e-05
2025-10-02 20:00:00.244000+00:00,4.0875e-05
2025-10-02 21:00:00.222000+00:00,8.7e-05
2025-10-02 22:00:00.137000+00:00,0.000153625
2025-10-02 23:00:00.238000+00:00,0.000254
2025-10-03 00:00:00.073000+00:00,0.000256
2025-10-03 01:00:00.077000+00:00,0.000206
2025-10-03 02:00:00.423000+00:00,3.5625e-05
2025-10-03 03:00:00.576000+00:00,2.8375e-05
2025-10-03 04:00:00.220000+00:00,3.925e-05
2025-10-03 05:00:00.641000+00:00,2.6875e-05
2025-10-03 06:00:00.125000+00:00,3.275e-05
2025-10-03 07:00:00.509000+00:00,3.85e-05
2025-10-03 08:00:00.137000+00:00,3.575e-05
2025-10-03 09:00:00.131000+00:00,0.000142875
2025-10-03 10:00:00.170000+00:00,0.000136
2025-10-03 11:00:00.224000+00:00,3.125e-05
2025-10-03 12:00:00.556000+00:00,2.4875e-05
2025-10-03 13:00:00.207000+00:00,0.000178625
2025-10-03 14:00:00.251000+00:00,0.000362125
2025-10-03 15:00:00.022000+00:00,0.00024175
2025-10-03 16:00:00.230000+00:00,1.4875e-05
2025-10-03 17:00:00.172000+00:00,1.8375e-05
2025-10-03 18:00:00.069000+00:00,2.0125e-05
2025-10-03 19:00:00.600000+00:00,6.5375e-05
2025-10-03 20:00:00.589000+00:00,0.000122125
2025-10-03 21:00:00.120000+00:00,0.000141875
2025-10-03 22:00:00.452000+00:00,0.000201875
2025-10-03 23:00:00.902000+00:00,0.00017925
2025-10-04 00:00:00.697000+00:00,0.000183125
2025-10-04 01:00:00.463000+00:00,0.000202625
2025-10-04 02:00:00.620000+00:00,0.000187125
2025-10-04 03:00:00.528000+00:00,9.2e-05
2025-10-04 04:00:00.705000+00:00,0.000130875
2025-10-04 05:00:00.269000+00:00,0.000200875
2025-10-04 06:00:00.605000+00:00,0.000185375
2025-10-04 07:00:00.781000+00:00,0.00015275
2025-10-04 08:00:00.018000+00:00,0.000221375
2025-10-04 09:00:00.056000+00:00,9.0125e-05
2025-10-04 10:00:00.766000+00:00,6.6375e-05
2025-10-04 11:00:00.211000+00:00,0.000107125
2025-10-04 12:00:00.014000+00:00,5.125e-05
2025-10-04 13:00:00.149000+00:00,7.4e-05
2025-10-04 14:00:00.465000+00:00,9.45e-05
2025-10-04 15:00:00.065000+00:00,9.0125e-05
2025-10-04 16:00:00.058000+00:00,3.4375e-05
2025-10-04 17:00:00.147000+00:00,6.375e-05
2025-10-04 18:00:00.310000+00:00,7.2125e-05
2025-10-04 19:00:00.533000+00:00,3.025e-05
2025-10-04 20:00:00.046000+00:00,7.3125e-05
2025-10-04 21:00:00.316000+00:00,7.8625e-05
2025-10-04 22:00:00.362000+00:00,8.0625e-05
2025-10-04 23:00:00.066000+00:00,6.25e-05
2025-10-05 00:00:00.511000+00:00,6.975e-05
2025-10-05 01:00:00.150000+00:00,9.675e-05
2025-10-05 02:00:00.424000+00:00,7.6375e-05
2025-10-05 03:00:00.445000+00:00,3.6625e-05
2025-10-05 04:00:00.169000+00:00,7.55e-05
2025-10-05 05:00:00.273000+00:00,5.35e-05
2025-10-05 06:00:00.381000+00:00,0.00011525
2025-10-05 07:00:00.581000+00:00,7.825e-05
2025-10-05 08:00:00.567000+00:00,0.00010425
2025-10-05 09:00:00.171000+00:00,0.000196125
2025-10-05 10:00:00.066000+00:00,0.00012775
2025-10-05 11:00:00.535000+00:00,7.5875e-05
2025-10-05 12:00:00.231000+00:00,4.8125e-05
2025-10-05 13:00:00.393000+00:00,8.9625e-05
2025-10-05 14:00:00.086000+00:00,6.875e-05
2025-10-05 15:00:00.094000+00:00,8.8875e-05
2025-10-05 16:00:00.199000+00:00,0.00010275
2025-10-05 17:00:00.219000+00:00,9.975e-05
2025-10-05 18:00:00.222000+00:00,0.000122375
2025-10-05 19:00:00.518000+00:00,0.000241875
2025-10-05 20:00:00.357000+00:00,0.00025125
2025-10-05 21:00:00.612000+00:00,0.0001885
2025-10-05 22:00:00.483000+00:00,0.000192125
2025-10-05 23:00:00.492000+00:00,0.000144375
2025-10-06 00:00:00.317000+00:00,0.0002095
2025-10-06 01:00:00.317000+00:00,0.0001875
2025-10-06 02:00:00.341000+00:00,0.000136375
2025-10-06 03:00:00.379000+00:00,0.000169125
2025-10-06 04:00:00.354000+00:00,0.000205875
2025-10-06 05:00:00.265000+00:00,0.000164625
2025-10-06 06:00:00.319000+00:00,0.00014425
2025-10-06 07:00:00.067000+00:00,5.4625e-05
2025-10-06 08:00:00.465000+00:00,8.7625e-05
2025-10-06 09:00:00.636000+00:00,3.425e-05
2025-10-06 10:00:00.431000+00:00,6.775e-05
2025-10-06 11:00:00.767000+00:00,6.35e-05
2025-10-06 12:00:00.475000+00:00,6.2375e-05
2025-10-06 13:00:00.769000+00:00,2.75e-05
2025-10-06 14:00:00.523000+00:00,4.65e-05
2025-10-06 15:00:00.484000+00:00,6.4375e-05
2025-10-06 16:00:00.344000+00:00,4.975e-05
2025-10-06 17:00:00.413000+00:00,5.3e-05
2025-10-06 18:00:00.325000+00:00,1.25e-05
2025-10-06 19:00:00.109000+00:00,1.25e-05
2025-10-06 20:00:00.341000+00:00,1.25e-05
2025-10-06 21:00:00.678000+00:00,1.25e-05
2025-10-06 22:00:00.362000+00:00,1.25e-05
2025-10-06 23:00:00.355000+00:00,1.25e-05
2025-10-07 00:00:00.440000+00:00,1.25e-05
2025-10-07 01:00:00.623000+00:00,1.25e-05
2025-10-07 02:00:00.622000+00:00,1.4e-05
2025-10-07 03:00:00.827000+00:00,1.25e-05
2025-10-07 04:00:00.006000+00:00,1.25e-05
2025-10-07 05:00:00.326000+00:00,1.25e-05
2025-10-07 06:00:00.552000+00:00,1.25e-05
2025-10-07 07:00:00.188000+00:00,1.25e-05
2025-10-07 08:00:00.106000+00:00,1.25e-05
2025-10-07 09:00:00.068000+00:00,1.2375e-05
2025-10-07 10:00:00.139000+00:00,1.25e-05
2025-10-07 11:00:00.092000+00:00,1.25e-05
2025-10-07 12:00:00.027000+00:00,1.25e-05
2025-10-07 13:00:00.505000+00:00,1.25e-05
2025-10-07 14:00:00.515000+00:00,1.25e-05
2025-10-07 15:00:00.369000+00:00,1.25e-05
2025-10-07 16:00:00.305000+00:00,1.25e-05
2025-10-07 17:00:00.170000+00:00,1.25e-05
2025-10-07 18:00:00.464000+00:00,1.2625e-05
2025-10-07 19:00:00.666000+00:00,1.2625e-05
2025-10-07 20:00:00.020000+00:00,1.2625e-05
2025-10-07 21:00:00.244000+00:00,1.25e-05
2025-10-07 22:00:00.419000+00:00,1.25e-05
2025-10-07 23:00:00.534000+00:00,1.25e-05
2025-10-08 00:00:00.215000+00:00,1.2625e-05
2025-10-08 01:00:00.062000+00:00,1.25e-05
2025-10-08 02:00:00.676000+00:00,1.25e-05
2025-10-08 03:00:00.542000+00:00,1.25e-05
2025-10-08 04:00:00.240000+00:00,1.25e-05
2025-10-08 05:00:00.266000+00:00,1.25e-05
2025-10-08 06:00:00.266000+00:00,1.25e-05
2025-10-08 07:00:00.312000+00:00,1.25e-05
2025-10-08 08:00:00.061000+00:00,1.25e-05
2025-10-08 09:00:00.236000+00:00,0.000101375
2025-10-08 10:00:01.016000+00:00,3.925e-05
2025-10-08 11:00:00.517000+00:00,1.25e-05
2025-10-08 12:00:00.241000+00:00,1.25e-05
2025-10-08 13:00:00.362000+00:00,1.25e-05
2025-10-08 14:00:00.221000+00:00,1.25e-05
2025-10-08 15:00:00.170000+00:00,1.25e-05
2025-10-08 16:00:00.309000+00:00,1.25e-05
2025-10-08 17:00:00.607000+00:00,1.25e-05
2025-10-08 18:00:00.414000+00:00,1.25e-05
2025-10-08 19:00:00.172000+00:00,1.375e-05
2025-10-08 20:00:00.017000+00:00,1.775e-05
2025-10-08 21:00:00.443000+00:00,2.6375e-05
2025-10-08 22:00:00.396000+00:00,1.9625e-05
2025-10-08 23:00:00.212000+00:00,2.1625e-05
2025-10-09 00:00:00.123000+00:00,2.25e-05
2025-10-09 01:00:00.049000+00:00,2.9e-05
2025-10-09 02:00:00.559000+00:00,1.45e-05
2025-10-09 03:00:00.054000+00:00,2.9875e-05
2025-10-09 04:00:00.318000+00:00,1.6e-05
2025-10-09 05:00:00.578000+00:00,2.55e-05
2025-10-09 06:00:00.547000+00:00,2.45e-05
2025-10-09 07:00:00.239000+00:00,1.825e-05
2025-10-09 08:00:00.167000+00:00,3.825e-05
2025-10-09 09:00:00.065000+00:00,1.875e-05
2025-10-09 10:00:00.514000+00:00,1.425e-05
2025-10-09 11:00:00.350000+00:00,1.675e-05
2025-10-09 12:00:00.487000+00:00,1.625e-05
2025-10-09 13:00:00.217000+00:00,1.7125e-05
2025-10-09 14:00:00.134000+00:00,1.475e-05
2025-10-09 15:00:00.549000+00:00,1.4e-05
2025-10-09 16:00:00.106000+00:00,2.7875e-05
2025-10-09 17:00:00.262000+00:00,1.3e-05
2025-10-09 18:00:00.014000+00:00,1.25e-05
2025-10-09 19:00:00.020000+00:00,1.275e-05
2025-10-09 20:00:00.573000+00:00,1.2875e-05
2025-10-09 21:00:00.444000+00:00,1.25e-05
2025-10-09 22:00:00.246000+00:00,1.25e-05
2025-10-09 23:00:00.618000+00:00,1.25e-05
2025-10-10 00:00:00.417000+00:00,1.25e-05
2025-10-10 01:00:00.427000+00:00,1.4e-05
2025-10-10 02:00:00.617000+00:00,1.4125e-05
2025-10-10 03:00:00.590000+00:00,1.35e-05
2025-10-10 04:00:00.537000+00:00,1.5125e-05
2025-10-10 05:00:00.017000+00:00,1.2875e-05
2025-10-10 06:00:00.718000+00:00,1.325e-05
2025-10-10 07:00:00.423000+00:00,1.3875e-05
2025-10-10 08:00:00.553000+00:00,2.975e-05
2025-10-10 09:00:00.331000+00:00,1.25e-05
2025-10-10 10:00:00.314000+00:00,1.2875e-05
2025-10-10 11:00:00.382000+00:00,1.3125e-05
2025-10-10 12:00:00.397000+00:00,1.2625e-05
2025-10-10 13:00:00.410000+00:00,1.2875e-05
2025-10-10 14:00:00.274000+00:00,1.25e-05
2025-10-10 15:00:00.279000+00:00,1.2625e-05
2025-10-10 16:00:00.594000+00:00,3.2e-05
2025-10-10 17:00:00.074000+00:00,1.25e-05
2025-10-10 18:00:00.157000+00:00,1.25e-05
2025-10-10 19:00:00.199000+00:00,1.3875e-05
2025-10-10 20:00:00.798000+00:00,1.2625e-05
2025-10-10 21:00:00.049000+00:00,1.3375e-05
2025-10-10 23:31:55.902000+00:00,8.5e-06
2025-10-10 23:34:00.011000+00:00,1.25e-05
2025-10-11 02:36:09.809000+00:00,1.25e-05
2025-10-11 02:40:53.608000+00:00,1.25e-05
2025-10-11 02:41:05.528000+00:00,1.25e-05
2025-10-11 03:36:51.263000+00:00,1.25e-05
2025-10-11 04:28:04.630000+00:00,1.25e-05
2025-10-11 05:00:00.108000+00:00,-0.000515625
2025-10-11 06:00:00.300000+00:00,-0.004358625
2025-10-11 07:00:00.296000+00:00,4.25e-05
2025-10-11 08:00:00.019000+00:00,0.00041225
2025-10-11 09:00:00.127000+00:00,0.000338125
2025-10-11 10:00:00.497000+00:00,0.000144375
2025-10-11 11:00:00.122000+00:00,0.000177375
2025-10-11 12:00:00.348000+00:00,0.000148125
2025-10-11 13:00:00.209000+00:00,0.0001165
2025-10-11 14:00:00.498000+00:00,8.475e-05
2025-10-11 15:00:00.525000+00:00,7.175e-05
2025-10-11 16:00:00.170000+00:00,0.00010125
2025-10-11 17:00:00.439000+00:00,9.9875e-05
2025-10-11 18:00:00.569000+00:00,0.00010725
2025-10-11 19:00:00.595000+00:00,0.000107125
2025-10-11 20:00:00.295000+00:00,0.00045725
2025-10-11 21:00:00.231000+00:00,0.000138125
2025-10-11 22:00:00.461000+00:00,0.000151375
2025-10-11 23:00:00.473000+00:00,0.0001705
2025-10-12 00:00:00.121000+00:00,0.000219375
2025-10-12 01:00:00.347000+00:00,0.000252875
2025-10-12 02:00:00.278000+00:00,0.0002685
2025-10-12 03:00:00.011000+00:00,0.000210125
2025-10-12 04:00:00.578000+00:00,0.00019175
2025-10-12 05:00:00.144000+00:00,0.000207875
2025-10-12 06:00:00.374000+00:00,0.00023425
2025-10-12 07:00:00.145000+00:00,0.000211375
2025-10-12 08:00:00.638000+00:00,0.00017975
2025-10-12 09:00:00.262000+00:00,0.000163
2025-10-12 10:00:00.607000+00:00,0.00012775
2025-10-12 11:00:00.500000+00:00,-0.000324875
2025-10-12 12:00:00.537000+00:00,-0.001548
2025-10-12 13:00:00.139000+00:00,-0.001458875
2025-10-12 14:00:00.024000+00:00,1.25e-05
2025-10-12 15:00:00.343000+00:00,-4.1375e-05
2025-10-12 16:00:00.680000+00:00,-0.000197375
2025-10-12 17:00:00.047000+00:00,1.25e-05
2025-10-12 18:00:00.345000+00:00,-9.375e-06
2025-10-12 19:00:00.250000+00:00,1.25e-05
2025-10-12 20:00:00.338000+00:00,1.25e-05
2025-10-12 21:00:00.528000+00:00,1.25e-05
2025-10-12 22:00:00.509000+00:00,1.25e-05
2025-10-12 23:00:00.177000+00:00,1.25e-05
2025-10-13 00:00:00.188000+00:00,1.25e-05
2025-10-13 01:00:00.331000+00:00,1.25e-05
2025-10-13 02:00:00.202000+00:00,1.25e-05
2025-10-13 03:00:00.348000+00:00,1.25e-05
2025-10-13 04:00:00.234000+00:00,1.25e-05
2025-10-13 05:00:00.257000+00:00,1.25e-05
2025-10-13 06:00:00.279000+00:00,1.25e-05
2025-10-13 07:00:00.046000+00:00,1.25e-05
2025-10-13 08:00:00.479000+00:00,-8.5e-05
2025-10-13 09:00:00.631000+00:00,5e-07
2025-10-13 10:00:00.628000+00:00,1.25e-05
2025-10-13 11:00:00.287000+00:00,1.25e-05
2025-10-13 12:00:00.545000+00:00,1.1875e-05
2025-10-13 13:00:00.582000+00:00,1.25e-05
2025-10-13 14:00:00.149000+00:00,1.25e-05
2025-10-13 15:00:00.243000+00:00,1.25e-05
2025-10-13 16:00:00.297000+00:00,1.25e-05
2025-10-13 17:00:00.184000+00:00,-4.525e-05
2025-10-13 18:00:00.306000+00:00,1.25e-05
2025-10-13 19:00:00.430000+00:00,1.25e-05
2025-10-13 20:00:00.479000+00:00,1.0875e-05
2025-10-13 21:00:00.585000+00:00,1.15e-05
2025-10-13 22:00:00.188000+00:00,1.25e-05
2025-10-13 23:00:00.430000+00:00,1.15e-05
2025-10-14 00:00:00.158000+00:00,1.25e-05
2025-10-14 01:00:00.105000+00:00,1.25e-05
2025-10-14 02:00:00.498000+00:00,1.25e-05
2025-10-14 03:00:00.478000+00:00,1.25e-05
2025-10-14 04:00:00.113000+00:00,1.25e-05
2025-10-14 05:00:00.349000+00:00,1.25e-05
2025-10-14 06:00:00.009000+00:00,-6.825e-05
2025-10-14 07:00:00.537000+00:00,1e-05
2025-10-14 08:00:00.948000+00:00,-1.6125e-05
2025-10-14 09:00:00.448000+00:00,-0.00030275
2025-10-14 10:00:00.527000+00:00,-0.00029375
2025-10-14 11:00:00.177000+00:00,-1.3875e-05
2025-10-14 12:00:00.302000+00:00,-2.375e-06
2025-10-14 13:00:00.380000+00:00,5.25e-06
2025-10-14 14:00:00.741000+00:00,4.125e-06
2025-10-14 15:00:00.640000+00:00,-3.1125e-05
2025-10-14 16:00:00.025000+00:00,-0.000103625
2025-10-14 17:00:00.018000+00:00,-0.0001805
2025-10-14 18:00:00.322000+00:00,-8.225e-05
2025-10-14 19:00:00.196000+00:00,-5.275e-05
2025-10-14 20:00:00.492000+00:00,-8.75e-06
2025-10-14 21:00:00.670000+00:00,-1.9375e-05
2025-10-14 22:00:00.478000+00:00,-2.225e-05
2025-10-14 23:00:00.797000+00:00,-6.3125e-05
2025-10-15 00:00:00.065000+00:00,-3.375e-06
2025-10-15 01:00:00.526000+00:00,-7.375e-06
2025-10-15 02:00:00.678000+00:00,-1.75e-06
2025-10-15 03:00:00.513000+00:00,3.75e-06
2025-10-15 04:00:00+00:00,5.625e-06
2025-10-15 05:00:00.064000+00:00,-0.00021275
2025-10-15 06:00:00.200000+00:00,-7e-06
2025-10-15 07:00:00.139000+00:00,-2.25e-05
2025-10-15 08:00:00.038000+00:00,-4.6e-05
2025-10-15 09:00:00.255000+00:00,-1.825e-05
2025-10-15 10:00:00.078000+00:00,-2e-05
2025-10-15 11:00:00.476000+00:00,-3.375e-06
2025-10-15 12:00:00.083000+00:00,-5.4e-05
2025-10-15 13:00:00.436000+00:00,-1.9375e-05
2025-10-15 14:00:00.070000+00:00,-2.75e-05
2025-10-15 15:00:00.018000+00:00,-4.0375e-05
2025-10-15 16:00:00.632000+00:00,-8.5125e-05
2025-10-15 17:00:00.202000+00:00,-0.0001295
2025-10-15 18:00:00.147000+00:00,-3.4875e-05
2025-10-15 19:00:00.452000+00:00,-0.0003915
2025-10-15 20:00:00.451000+00:00,-0.0004105
2025-10-15 21:00:00.092000+00:00,-0.00011925
2025-10-15 22:00:00.033000+00:00,-0.00019975
2025-10-15 23:00:00.211000+00:00,-0.000213625
2025-10-16 00:00:00.329000+00:00,-0.000289375
2025-10-16 01:00:00.130000+00:00,-0.000560375
2025-10-16 02:00:00.469000+00:00,-0.000163125
2025-10-16 03:00:00.344000+00:00,-0.000275625
2025-10-16 04:00:00.202000+00:00,-0.000294375
2025-10-16 05:00:00.373000+00:00,-0.0001715
2025-10-16 06:00:00.499000+00:00,-0.000248375
2025-10-16 07:00:00.403000+00:00,-0.000280125
2025-10-16 08:00:00.240000+00:00,-0.00024325
2025-10-16 09:00:00.602000+00:00,-0.000258125
2025-10-16 10:00:00.692000+00:00,-1.925e-05
2025-10-16 11:00:00.099000+00:00,-0.000203125
2025-10-16 12:00:00.187000+00:00,-0.000258125
2025-10-16 13:00:00.044000+00:00,-0.000261625
2025-10-16 14:00:00.082000+00:00,-0.00027725
2025-10-16 15:00:00.250000+00:00,-0.000218375
2025-10-16 16:00:00.336000+00:00,-0.00035475
2025-10-16 17:00:00.184000+00:00,-0.000157125
2025-10-16 18:00:00.500000+00:00,-0.00033825
2025-10-16 19:00:00.080000+00:00,-0.0002675
2025-10-16 20:00:00.299000+00:00,-0.000298125
2025-10-16 21:00:00.156000+00:00,-0.000350875
2025-10-16 22:00:00.287000+00:00,-0.000182875
2025-10-16 23:00:00.082000+00:00,-0.00013075
2025-10-17 00:00:00.093000+00:00,-0.000187125
2025-10-17 01:00:00.318000+00:00,-0.000183125
2025-10-17 02:00:00.132000+00:00,-0.000176
2025-10-17 03:00:00.012000+00:00,-0.00015725
2025-10-17 04:00:00.033000+00:00,-0.0002445
2025-10-17 05:00:00.385000+00:00,-0.00016775
2025-10-17 06:00:00.128000+00:00,-0.00013925
2025-10-17 07:00:00.273000+00:00,-3.55e-05
2025-10-17 08:00:00.505000+00:00,6.575e-05
2025-10-17 09:00:00.184000+00:00,1.2125e-05
2025-10-17 10:00:00.257000+00:00,8.2875e-05
2025-10-17 11:00:00.164000+00:00,1.25e-05
2025-10-17 12:00:00.433000+00:00,1.25e-05
2025-10-17 13:00:00.301000+00:00,1.25e-05
2025-10-17 14:00:00.049000+00:00,1.25e-05
2025-10-17 15:00:00.193000+00:00,1.25e-05
2025-10-17 16:00:00.085000+00:00,1.25e-05
2025-10-17 17:00:00.439000+00:00,1.25e-05
2025-10-17 18:00:00.495000+00:00,1.25e-05
2025-10-17 19:00:00.081000+00:00,1.25e-05
2025-10-17 20:00:00.301000+00:00,1.25e-05
2025-10-17 21:00:00.064000+00:00,1.25e-05
2025-10-17 22:00:00.199000+00:00,-4.0625e-05
2025-10-17 23:00:00.228000+00:00,1.5e-06
2025-10-18 00:00:00.134000+00:00,1.25e-05
2025-10-18 01:00:00.353000+00:00,1.25e-05
2025-10-18 02:00:00.054000+00:00,1.25e-05
2025-10-18 03:00:00.332000+00:00,1.25e-05
2025-10-18 04:00:00.011000+00:00,1.25e-05
2025-10-18 05:00:00.225000+00:00,1.25e-05
2025-10-18 06:00:00.348000+00:00,1.25e-05
2025-10-18 07:00:00.447000+00:00,1.25e-05
2025-10-18 08:00:00.333000+00:00,1.25e-05
2025-10-18 09:00:00.087000+00:00,1.25e-05
2025-10-18 10:00:00.453000+00:00,1.25e-05
2025-10-18 11:00:00.092000+00:00,1.25e-05
2025-10-18 12:00:00.050000+00:00,1.25e-05
2025-10-18 13:00:00.219000+00:00,1.25e-05
2025-10-18 14:00:00.347000+00:00,1.25e-05
2025-10-18 15:00:00.295000+00:00,1.25e-05
2025-10-18 16:00:00.653000+00:00,1.25e-05
2025-10-18 17:00:00.634000+00:00,1.25e-05
2025-10-18 18:00:00.048000+00:00,1.25e-05
2025-10-18 19:00:00.160000+00:00,1.25e-05
2025-10-18 20:00:00.229000+00:00,1.25e-05
2025-10-18 21:00:00.386000+00:00,1.25e-05
2025-10-18 22:00:00.159000+00:00,1.25e-05
2025-10-18 23:00:00.100000+00:00,1.25e-05
2025-10-19 00:00:00.397000+00:00,1.25e-05
2025-10-19 01:00:00.395000+00:00,1.25e-05
2025-10-19 02:00:00.096000+00:00,3.575e-05
2025-10-19 03:00:00.188000+00:00,4.6375e-05
2025-10-19 04:00:00.248000+00:00,1.25e-05
2025-10-19 05:00:00.062000+00:00,1.25e-05
2025-10-19 06:00:00.339000+00:00,1.25e-05
2025-10-19 07:00:00.611000+00:00,1.25e-05
2025-10-19 08:00:00.022000+00:00,1.25e-05
2025-10-19 09:00:00.277000+00:00,1.25e-05
2025-10-19 10:00:00.116000+00:00,1.25e-05
2025-10-19 11:00:00.216000+00:00,1.25e-05
2025-10-19 12:00:00.326000+00:00,1.25e-05
2025-10-19 13:00:00.411000+00:00,1.25e-05
2025-10-19 14:00:00.317000+00:00,1.25e-05
2025-10-19 15:00:00.185000+00:00,1.25e-05
2025-10-19 16:00:00.030000+00:00,1.25e-05
2025-10-19 17:00:00.009000+00:00,1.25e-05
2025-10-19 18:00:00.745000+00:00,1.25e-05
2025-10-19 19:00:02.053000+00:00,7.0375e-05
2025-10-19 20:00:00.359000+00:00,1.9375e-05
2025-10-19 21:00:00.583000+00:00,1.25e-05
2025-10-19 22:00:00.470000+00:00,1.25e-05
2025-10-19 23:00:00.426000+00:00,1.25e-05
2025-10-20 00:00:00.472000+00:00,1.25e-05
2025-10-20 01:00:00.313000+00:00,1.25e-05
2025-10-20 02:00:00.503000+00:00,1.25e-05
2025-10-20 03:00:00.084000+00:00,8.5e-06
2025-10-20 04:00:00.068000+00:00,1.25e-05
2025-10-20 05:00:00.521000+00:00,1.25e-05
2025-10-20 06:00:00.403000+00:00,1.25e-05
2025-10-20 07:00:00.305000+00:00,1.25e-05
2025-10-20 08:00:00.298000+00:00,1.25e-05
2025-10-20 09:00:00.003000+00:00,1.25e-05
2025-10-20 10:00:00.176000+00:00,1.25e-05
2025-10-20 11:00:00.085000+00:00,1.25e-05
2025-10-20 12:00:00.209000+00:00,1.25e-05
2025-10-20 13:00:00.498000+00:00,1.25e-05
2025-10-20 14:00:00.233000+00:00,1.25e-05
2025-10-20 15:00:00.387000+00:00,1.25e-05
2025-10-20 16:00:00.191000+00:00,1.25e-05
2025-10-20 17:00:00.045000+00:00,1.25e-05
2025-10-20 18:00:00.168000+00:00,1.25e-05
2025-10-20 19:00:00.077000+00:00,1.25e-05
2025-10-20 20:00:00.528000+00:00,1.25e-05
2025-10-20 21:00:00.275000+00:00,1.25e-05
2025-10-20 22:00:00.080000+00:00,1.25e-05
2025-10-20 23:00:00.473000+00:00,1.25e-05
2025-10-21 00:00:00.147000+00:00,1.25e-05
2025-10-21 01:00:00.517000+00:00,1.25e-05
2025-10-21 02:00:00.570000+00:00,1.25e-05
2025-10-21 03:00:00.218000+00:00,1.25e-05
2025-10-21 04:00:00.277000+00:00,1.25e-05
2025-10-21 05:00:00.432000+00:00,1.25e-05
2025-10-21 06:00:00.187000+00:00,1.25e-05
2025-10-21 07:00:00.328000+00:00,1.5e-05
2025-10-21 08:00:00.394000+00:00,1.25e-05
2025-10-21 09:00:00.115000+00:00,1.25e-05
2025-10-21 10:00:00.366000+00:00,1.25e-05
2025-10-21 11:00:00.059000+00:00,1.25e-05
2025-10-21 12:00:00.408000+00:00,1.25e-05
2025-10-21 13:00:00.057000+00:00,1.25e-05
2025-10-21 14:00:00.596000+00:00,1.25e-05
2025-10-21 15:00:00.427000+00:00,1.25e-05
2025-10-21 16:00:00.606000+00:00,1.25e-05
2025-10-21 17:00:00.278000+00:00,1.25e-05
2025-10-21 18:00:00.327000+00:00,1.25e-05
2025-10-21 19:00:00.032000+00:00,1.25e-05
2025-10-21 20:00:00.579000+00:00,1.25e-05
2025-10-21 21:00:00.207000+00:00,1.25e-05
2025-10-21 22:00:00.494000+00:00,1.25e-05
2025-10-21 23:00:00.538000+00:00,1.25e-05
2025-10-22 00:00:00.363000+00:00,1.25e-05
2025-10-22 01:00:00.531000+00:00,1.25e-05
2025-10-22 02:00:00.276000+00:00,1.6875e-05
2025-10-22 03:00:00.342000+00:00,1.25e-05
2025-10-22 04:00:00.127000+00:00,1.25e-05
2025-10-22 05:00:00.186000+00:00,1.25e-05
2025-10-22 06:00:00.345000+00:00,1.25e-05
2025-10-22 07:00:00.475000+00:00,1.25e-05
2025-10-22 08:00:00.077000+00:00,1.25e-05
2025-10-22 09:00:00.275000+00:00,1.25e-05
2025-10-22 10:00:00.024000+00:00,1.25e-05
2025-10-22 11:00:00.084000+00:00,1.25e-05
2025-10-22 12:00:00.529000+00:00,1.25e-05
2025-10-22 13:00:00.007000+00:00,1.25e-05
2025-10-22 14:00:00.482000+00:00,1.25e-05
2025-10-22 15:00:00.259000+00:00,1.25e-05
2025-10-22 16:00:00.359000+00:00,1.25e-05
2025-10-22 17:00:00.117000+00:00,1.25e-05
2025-10-22 18:00:00.116000+00:00,1.25e-05
2025-10-22 19:00:00.682000+00:00,1.25e-05
2025-10-22 20:00:00.302000+00:00,1.25e-05
2025-10-22 21:00:00.354000+00:00,1.25e-05
2025-10-22 22:00:00.022000+00:00,1.25e-05
2025-10-22 23:00:00.601000+00:00,1.25e-05
2025-10-23 00:00:00.638000+00:00,1.25e-05
2025-10-23 01:00:00.070000+00:00,1.25e-05
2025-10-23 02:00:00.008000+00:00,1.25e-05
2025-10-23 03:00:00.204000+00:00,1.25e-05
2025-10-23 04:00:00.705000+00:00,1.25e-05
2025-10-23 05:00:00.243000+00:00,1.25e-05
2025-10-23 06:00:00.368000+00:00,1.25e-05
2025-10-23 07:00:00.524000+00:00,1.25e-05
2025-10-23 08:00:00.479000+00:00,1.25e-05
2025-10-23 09:00:00.460000+00:00,3.3e-05
2025-10-23 10:00:00.133000+00:00,1.25e-05
2025-10-23 11:00:00.275000+00:00,1.5625e-05
2025-10-23 12:00:00.557000+00:00,1.25e-05
2025-10-23 13:00:00.190000+00:00,1.25e-05
2025-10-23 14:00:00.284000+00:00,1.25e-05
2025-10-23 15:00:00.140000+00:00,1.325e-05
2025-10-23 16:00:00.521000+00:00,1.25e-05
2025-10-23 17:00:00.577000+00:00,1.8125e-05
2025-10-23 18:00:00.577000+00:00,1.25e-05
2025-10-23 19:00:00.332000+00:00,1.25e-05
2025-10-23 20:00:00.128000+00:00,1.25e-05
2025-10-23 21:00:00.304000+00:00,1.25e-05
2025-10-23 22:00:00.368000+00:00,1.25e-05
2025-10-23 23:00:00.565000+00:00,1.25e-05
2025-10-24 00:00:00.531000+00:00,1.25e-05
2025-10-24 01:00:00.189000+00:00,1.25e-05
2025-10-24 02:00:00.552000+00:00,1.25e-05
2025-10-24 03:00:00.508000+00:00,1.25e-05
2025-10-24 04:00:00.149000+00:00,2.4625e-05
2025-10-24 05:00:00.581000+00:00,1.25e-05
2025-10-24 06:00:00.408000+00:00,1.25e-05
2025-10-24 07:00:00.115000+00:00,1.25e-05
2025-10-24 08:00:00.493000+00:00,1.25e-05
2025-10-24 09:00:00.364000+00:00,5.2125e-05
2025-10-24 10:00:00.417000+00:00,0.00014175
2025-10-24 11:00:00.104000+00:00,1.5625e-05
2025-10-24 12:00:00.017000+00:00,1.35e-05
2025-10-24 13:00:00.092000+00:00,1.3125e-05
2025-10-24 14:00:00.276000+00:00,1.25e-05
2025-10-24 15:00:00+00:00,1.25e-05
2025-10-24 16:00:00.465000+00:00,1.25e-05
2025-10-24 17:00:00.530000+00:00,1.25e-05
2025-10-24 18:00:00.611000+00:00,2.8375e-05
2025-10-24 19:00:00.132000+00:00,1.4125e-05
2025-10-24 20:00:00.128000+00:00,1.25e-05
2025-10-24 21:00:00.010000+00:00,1.25e-05
2025-10-24 22:00:00.333000+00:00,1.2625e-05
2025-10-24 23:00:00.426000+00:00,2.2375e-05
2025-10-25 00:00:00.487000+00:00,1.625e-05
2025-10-25 01:00:00.529000+00:00,1.25e-05
2025-10-25 02:00:00.449000+00:00,1.25e-05
2025-10-25 03:00:00.525000+00:00,2.7e-05
2025-10-25 04:00:00.027000+00:00,1.25e-05
2025-10-25 05:00:00.137000+00:00,1.3e-05
2025-10-25 06:00:00.606000+00:00,1.925e-05
2025-10-25 07:00:00.338000+00:00,3.6e-05
2025-10-25 08:00:00.026000+00:00,3.1375e-05
2025-10-25 09:00:00.512000+00:00,0.0001
2025-10-25 10:00:00.428000+00:00,3.1875e-05
2025-10-25 11:00:00.304000+00:00,5.4875e-05
2025-10-25 12:00:00.186000+00:00,5.9125e-05
2025-10-25 13:00:00.521000+00:00,5.3375e-05
2025-10-25 14:00:00.627000+00:00,2.3e-05
2025-10-25 15:00:00.021000+00:00,1.25e-05
2025-10-25 16:00:00.433000+00:00,1.25e-05
2025-10-25 17:00:00.436000+00:00,2.925e-05
2025-10-25 18:00:00.042000+00:00,3.675e-05
2025-10-25 19:00:00.215000+00:00,1.425e-05
2025-10-25 20:00:00.262000+00:00,1.25e-05
2025-10-25 21:00:00.474000+00:00,1.25e-05
2025-10-25 22:00:00.076000+00:00,1.25e-05
2025-10-25 23:00:00.144000+00:00,1.15e-05
2025-10-26 00:00:00.089000+00:00,2.8625e-05
2025-10-26 01:00:00.066000+00:00,1.25e-05
2025-10-26 02:00:00.360000+00:00,1.25e-05
2025-10-26 03:00:00.319000+00:00,1.4e-05
2025-10-26 04:00:00.225000+00:00,1.25e-05
2025-10-26 05:00:00.321000+00:00,1e-05
2025-10-26 06:00:00.632000+00:00,1.575e-05
2025-10-26 07:00:00.020000+00:00,1.25e-05
2025-10-26 08:00:00.556000+00:00,1.25e-05
2025-10-26 09:00:00.130000+00:00,1.5625e-05
2025-10-26 10:00:00.418000+00:00,1.25e-05
2025-10-26 11:00:00.537000+00:00,1.25e-05
2025-10-26 12:00:00.579000+00:00,1.25e-05
2025-10-26 13:00:00.435000+00:00,1.25e-05
2025-10-26 14:00:00.185000+00:00,1.25e-05
2025-10-26 15:00:00.258000+00:00,1.25e-05
2025-10-26 16:00:00.387000+00:00,1.35e-05
2025-10-26 17:00:00.479000+00:00,1.25e-05
2025-10-26 18:00:00.072000+00:00,1.25e-05
2025-10-26 19:00:00.463000+00:00,1.25e-05
2025-10-26 20:00:00.190000+00:00,1.25e-05
2025-10-26 21:00:00.323000+00:00,1.25e-05
2025-10-26 22:00:00.319000+00:00,1.25e-05
2025-10-26 23:00:00.114000+00:00,1.25e-05
2025-10-27 00:00:00.155000+00:00,1.25e-05
2025-10-27 01:00:00.416000+00:00,1.25e-05
2025-10-27 02:00:00.324000+00:00,1.25e-05
2025-10-27 03:00:00.519000+00:00,1.25e-05
2025-10-27 04:00:00.302000+00:00,1.25e-05
2025-10-27 05:00:00.489000+00:00,1.25e-05
2025-10-27 06:00:00.281000+00:00,1.25e-05
2025-10-27 07:00:00.507000+00:00,1.25e-05
2025-10-27 08:00:00.592000+00:00,1.25e-05
2025-10-27 09:00:00.080000+00:00,1.775e-05
2025-10-27 10:00:00.238000+00:00,1.25e-05
2025-10-27 11:00:00.120000+00:00,1.25e-05
2025-10-27 12:00:00.496000+00:00,1.25e-05
2025-10-27 13:00:00.447000+00:00,1.25e-05
2025-10-27 14:00:00.158000+00:00,1.25e-05
2025-10-27 15:00:00.131000+00:00,1.25e-05
2025-10-27 16:00:00.326000+00:00,1.25e-05
2025-10-27 17:00:00.362000+00:00,1.8375e-05
2025-10-27 18:00:00.159000+00:00,1.25e-05
2025-10-27 19:00:00.279000+00:00,1.25e-05
2025-10-27 20:00:00.172000+00:00,1.25e-05
2025-10-27 21:00:00.075000+00:00,1.25e-05
2025-10-27 22:00:00.339000+00:00,1.25e-05
2025-10-27 23:00:00.128000+00:00,1.25e-05
2025-10-28 00:00:00.231000+00:00,1.25e-05
2025-10-28 01:00:00.076000+00:00,1.25e-05
2025-10-28 02:00:00.425000+00:00,1.25e-05
2025-10-28 03:00:00.664000+00:00,1.25e-05
2025-10-28 04:00:00.135000+00:00,1.25e-05
2025-10-28 05:00:00.222000+00:00,1.25e-05
2025-10-28 06:00:01.242000+00:00,1.25e-05
2025-10-28 07:00:00.369000+00:00,1.25e-05
2025-10-28 08:00:00.264000+00:00,1.25e-05
2025-10-28 09:00:00.327000+00:00,2.25e-05
2025-10-28 10:00:00.318000+00:00,1.25e-05
2025-10-28 11:00:00.240000+00:00,1.25e-05
2025-10-28 12:00:00.553000+00:00,1.25e-05
2025-10-28 13:00:00.476000+00:00,1.25e-05
2025-10-28 14:00:00.433000+00:00,1.2875e-05
2025-10-28 15:00:00.513000+00:00,1.25e-05
2025-10-28 16:00:00.033000+00:00,1.25e-05
2025-10-28 17:00:00.256000+00:00,1.25e-05
2025-10-28 18:00:00.570000+00:00,1.25e-05
2025-10-28 19:00:00.282000+00:00,1.25e-05
2025-10-28 20:00:00.085000+00:00,1.25e-05
2025-10-28 21:00:00.433000+00:00,1.25e-05
2025-10-28 22:00:00.178000+00:00,1.25e-05
2025-10-28 23:00:00.257000+00:00,1.25e-05
2025-10-29 00:00:00.381000+00:00,1.25e-05
2025-10-29 01:00:00.078000+00:00,1.25e-05
2025-10-29 02:00:00.206000+00:00,1.25e-05
2025-10-29 03:00:00.048000+00:00,1.25e-05
2025-10-29 04:00:00.577000+00:00,1.25e-05
2025-10-29 05:00:00.481000+00:00,1.25e-05
2025-10-29 06:00:00.380000+00:00,1.25e-05
2025-10-29 07:00:00.568000+00:00,1.25e-05
2025-10-29 08:00:00.227000+00:00,1.25e-05
2025-10-29 09:00:00.366000+00:00,3.675e-05
2025-10-29 10:00:00.056000+00:00,1.25e-05
2025-10-29 11:00:00.025000+00:00,1.25e-05
2025-10-29 12:00:00.023000+00:00,1.275e-05
2025-10-29 13:00:00.677000+00:00,1.325e-05
2025-10-29 14:00:00.030000+00:00,1.25e-05
2025-10-29 15:00:00.428000+00:00,1.275e-05
2025-10-29 16:00:00.428000+00:00,1.25e-05
2025-10-29 17:00:00.081000+00:00,1.25e-05
2025-10-29 18:00:00.274000+00:00,1.25e-05
2025-10-29 19:00:00.564000+00:00,1.25e-05
2025-10-29 20:00:00.315000+00:00,1.25e-05
2025-10-29 21:00:00.522000+00:00,1.25e-05
2025-10-29 22:00:00.381000+00:00,1.25e-05
2025-10-29 23:00:00.511000+00:00,1.25e-05
2025-10-30 00:00:00.278000+00:00,1.25e-05
2025-10-30 01:00:00.354000+00:00,1.25e-05
2025-10-30 02:00:00.416000+00:00,1.25e-05
2025-10-30 03:00:00.277000+00:00,1.25e-05
2025-10-30 04:00:00.389000+00:00,1.25e-05
2025-10-30 05:00:00.229000+00:00,3.875e-06
2025-10-30 06:00:00.136000+00:00,1.25e-05
2025-10-30 07:00:00.461000+00:00,8.625e-06
2025-10-30 08:00:00.329000+00:00,-1.75e-05
2025-10-30 09:00:00.474000+00:00,1.25e-05
2025-10-30 10:00:00.580000+00:00,1.5625e-05
2025-10-30 11:00:00.161000+00:00,2.8375e-05
2025-10-30 12:00:00.619000+00:00,4.2375e-05
2025-10-30 13:00:00.405000+00:00,0.000130875
2025-10-30 14:00:00.307000+00:00,1.25e-05
2025-10-30 15:00:00.012000+00:00,1.25e-05
2025-10-30 16:00:00.184000+00:00,3.2875e-05
2025-10-30 17:00:00.066000+00:00,1.4e-05
2025-10-30 18:00:00.426000+00:00,1.25e-05
2025-10-30 19:00:00.028000+00:00,1.25e-05
2025-10-30 20:00:00.815000+00:00,1.25e-05
2025-10-30 21:00:00.796000+00:00,1.25e-05
2025-10-30 22:00:00.228000+00:00,1.25e-05
2025-10-30 23:00:00.118000+00:00,2.2e-05
2025-10-31 00:00:00.452000+00:00,2.1375e-05
2025-10-31 01:00:00.682000+00:00,1.3125e-05
2025-10-31 02:00:00.144000+00:00,1.7125e-05
2025-10-31 03:00:00.499000+00:00,1.2625e-05
2025-10-31 04:00:00.198000+00:00,1.25e-05
2025-10-31 05:00:00.332000+00:00,1.2625e-05
2025-10-31 06:00:00.044000+00:00,1.25e-05
2025-10-31 07:00:00.400000+00:00,1.3125e-05
2025-10-31 08:00:00.266000+00:00,1.2875e-05
2025-10-31 09:00:00.298000+00:00,1.4375e-05
2025-10-31 10:00:00.028000+00:00,1.85e-05
2025-10-31 11:00:00.197000+00:00,2.325e-05
2025-10-31 12:00:00.359000+00:00,3.3875e-05
2025-10-31 13:00:00.448000+00:00,1.25e-05
2025-10-31 14:00:00.434000+00:00,1.4e-05
2025-10-31 15:00:00.162000+00:00,1.25e-05
2025-10-31 16:00:00.318000+00:00,1.5125e-05
2025-10-31 17:00:00.569000+00:00,1.25e-05
2025-10-31 18:00:00.284000+00:00,1.25e-05
2025-10-31 19:00:00.286000+00:00,1.25e-05
2025-10-31 20:00:00.094000+00:00,1.25e-05
2025-10-31 21:00:00.254000+00:00,1.25e-05
2025-10-31 22:00:00.404000+00:00,1.25e-05
2025-10-31 23:00:00.282000+00:00,1.25e-05
2025-11-01 00:00:00.439000+00:00,1.25e-05
2025-11-01 01:00:00.256000+00:00,1.25e-05
2025-11-01 02:00:00.580000+00:00,1.525e-05
2025-11-01 03:00:00.273000+00:00,3.1125e-05
2025-11-01 04:00:00.041000+00:00,3.7125e-05
2025-11-01 05:00:00.178000+00:00,3.65e-05
2025-11-01 06:00:01.015000+00:00,2.725e-05
2025-11-01 07:00:00.180000+00:00,3.1625e-05
2025-11-01 08:00:00.630000+00:00,4.1e-05
2025-11-01 09:00:00.447000+00:00,4.4625e-05
2025-11-01 10:00:00.277000+00:00,1.9875e-05
2025-11-01 11:00:00.091000+00:00,3.9875e-05
2025-11-01 12:00:00.330000+00:00,4.7e-05
2025-11-01 13:00:00.346000+00:00,4.3625e-05
2025-11-01 14:00:00.033000+00:00,4.2875e-05
2025-11-01 15:00:00.466000+00:00,2.1625e-05
2025-11-01 16:00:00.582000+00:00,2.5125e-05
2025-11-01 17:00:00.532000+00:00,2.35e-05
2025-11-01 18:00:00.104000+00:00,3.0625e-05
2025-11-01 19:00:00.042000+00:00,2.3e-05
2025-11-01 20:00:00.168000+00:00,4.3e-05
2025-11-01 21:00:00.193000+00:00,2.25e-05
2025-11-01 22:00:00.289000+00:00,2.3125e-05
2025-11-01 23:00:00.378000+00:00,2e-05
2025-11-02 00:00:00.517000+00:00,3.5625e-05
2025-11-02 01:00:00.430000+00:00,1.4e-05
2025-11-02 02:00:00.511000+00:00,1.5625e-05
2025-11-02 03:00:00.342000+00:00,1.375e-05
2025-11-02 04:00:00.076000+00:00,1.4625e-05
2025-11-02 05:00:00.321000+00:00,2.55e-05
2025-11-02 06:00:00.317000+00:00,3.1375e-05
2025-11-02 07:00:00.467000+00:00,1.975e-05
2025-11-02 08:00:00.028000+00:00,1.8e-05
2025-11-02 09:00:00.046000+00:00,3.175e-05
2025-11-02 10:00:00.628000+00:00,3.2125e-05
2025-11-02 11:00:00.452000+00:00,1.25e-05
2025-11-02 12:00:00.644000+00:00,2.2375e-05
2025-11-02 13:00:00.044000+00:00,2.5e-05
2025-11-02 14:00:00.019000+00:00,1.6375e-05
2025-11-02 15:00:00.360000+00:00,1.725e-05
2025-11-02 16:00:00.678000+00:00,1.3125e-05
2025-11-02 17:00:00.030000+00:00,1.4625e-05
2025-11-02 18:00:00.239000+00:00,2.4875e-05
2025-11-02 19:00:00.285000+00:00,2.95e-05
2025-11-02 20:00:00.032000+00:00,3.175e-05
2025-11-02 21:00:00.935000+00:00,1.95e-05
2025-11-02 22:00:00.169000+00:00,3.9875e-05
2025-11-02 23:00:00.166000+00:00,2.4625e-05
2025-11-03 00:00:00.605000+00:00,2.6e-05
2025-11-03 01:00:00.399000+00:00,2.4625e-05
2025-11-03 02:00:00.632000+00:00,2.2e-05
2025-11-03 03:00:00.152000+00:00,1.55e-05
2025-11-03 04:00:00.252000+00:00,1.35e-05
2025-11-03 05:00:00.151000+00:00,1.25e-05
2025-11-03 06:00:00.068000+00:00,1.25e-05
2025-11-03 07:00:00.262000+00:00,1.25e-05
2025-11-03 08:00:00.236000+00:00,3.5e-06
2025-11-03 09:00:00.435000+00:00,2.5e-07
2025-11-03 10:00:00.122000+00:00,1.25e-05
2025-11-03 11:00:00.163000+00:00,1.25e-05
2025-11-03 12:00:00.055000+00:00,1.25e-05
2025-11-03 13:00:00.630000+00:00,1.25e-05
2025-11-03 14:00:00.014000+00:00,1.25e-05
2025-11-03 15:00:00.009000+00:00,1.25e-05
2025-11-03 16:00:00.333000+00:00,1.25e-05
2025-11-03 17:00:00.348000+00:00,1.25e-05
2025-11-03 18:00:00.442000+00:00,1.25e-05
2025-11-03 19:00:00.078000+00:00,1.25e-05
2025-11-03 20:00:00.139000+00:00,1.25e-05
2025-11-03 21:00:00.100000+00:00,1.25e-05
2025-11-03 22:00:00.232000+00:00,1.25e-05
2025-11-03 23:00:00.377000+00:00,1.25e-05
2025-11-04 00:00:00.123000+00:00,1.25e-05
2025-11-04 01:00:00.021000+00:00,1.25e-05
2025-11-04 02:00:00.462000+00:00,1.25e-05
2025-11-04 03:00:00.287000+00:00,1.25e-05
2025-11-04 04:00:00.089000+00:00,1.25e-05
2025-11-04 05:00:00.155000+00:00,1.25e-05
2025-11-04 06:00:00.153000+00:00,1.25e-05
2025-11-04 07:00:00.002000+00:00,1.175e-05
2025-11-04 08:00:00.162000+00:00,1.25e-05
2025-11-04 09:00:00.219000+00:00,1.2375e-05
2025-11-04 10:00:00.203000+00:00,1.25e-05
2025-11-04 11:00:00.020000+00:00,1.25e-05
2025-11-04 12:00:00.328000+00:00,2.8e-05
2025-11-04 13:00:00.372000+00:00,1.25e-05
2025-11-04 14:00:00.291000+00:00,1.25e-05
2025-11-04 15:00:00.289000+00:00,1.25e-05
2025-11-04 16:00:00.335000+00:00,1.25e-05
2025-11-04 17:00:00.439000+00:00,1.25e-05
2025-11-04 18:00:00.338000+00:00,1.25e-05
2025-11-04 19:00:00.535000+00:00,1.25e-05
2025-11-04 20:00:00.131000+00:00,1.25e-05
2025-11-04 21:00:00.333000+00:00,1.25e-05
2025-11-04 22:00:00.177000+00:00,1.25e-05
2025-11-04 23:00:00.429000+00:00,1.25e-05
2025-11-05 00:00:00.571000+00:00,1.25e-05
2025-11-05 01:00:00.303000+00:00,1.25e-05
2025-11-05 02:00:00.065000+00:00,1.25e-05
2025-11-05 03:00:00.045000+00:00,1.25e-05
2025-11-05 04:00:00.413000+00:00,1.25e-05
2025-11-05 05:00:00.527000+00:00,1.25e-05
2025-11-05 06:00:00.170000+00:00,1.25e-05
2025-11-05 07:00:00.144000+00:00,1.25e-05
2025-11-05 08:00:00.172000+00:00,1.25e-05
2025-11-05 09:00:00.630000+00:00,1.25e-05
2025-11-05 10:00:00.440000+00:00,1.25e-05
2025-11-05 11:00:00.298000+00:00,1.25e-05
2025-11-05 12:00:00.482000+00:00,2.125e-06
2025-11-05 13:00:00.561000+00:00,1.1e-05
2025-11-05 14:00:00.080000+00:00,1.25e-05
2025-11-05 15:00:00.251000+00:00,1.25e-05
2025-11-05 16:00:00.391000+00:00,1.25e-05
2025-11-05 17:00:00.068000+00:00,1.25e-05
2025-11-05 18:00:00.641000+00:00,1.25e-05
2025-11-05 19:00:00.312000+00:00,1.25e-05
2025-11-05 20:00:00.181000+00:00,1.25e-05
2025-11-05 21:00:00.054000+00:00,1.25e-05
2025-11-05 22:00:00.627000+00:00,1.25e-05
2025-11-05 23:00:00.083000+00:00,1.25e-05
2025-11-06 00:00:00.026000+00:00,1.25e-05
2025-11-06 01:00:00.440000+00:00,1.25e-05
2025-11-06 02:00:00.429000+00:00,1.25e-05
2025-11-06 03:00:00.296000+00:00,1.25e-05
2025-11-06 04:00:00.202000+00:00,1.25e-05
2025-11-06 05:00:00.027000+00:00,1.25e-05
2025-11-06 06:00:00.574000+00:00,1.25e-05
2025-11-06 07:00:00.512000+00:00,1.25e-05
2025-11-06 08:00:00.296000+00:00,1.25e-05
2025-11-06 09:00:00.012000+00:00,1.25e-05
2025-11-06 10:00:00.183000+00:00,1.25e-05
2025-11-06 11:00:00.178000+00:00,1.25e-05
2025-11-06 12:00:00.015000+00:00,1.25e-05
2025-11-06 13:00:02.195000+00:00,1.25e-05
2025-11-06 14:00:00.217000+00:00,1.25e-05
2025-11-06 15:00:00.127000+00:00,1.25e-05
2025-11-06 16:00:00.104000+00:00,1.25e-05
2025-11-06 17:00:00.250000+00:00,1.25e-05
2025-11-06 18:00:00.118000+00:00,1.25e-05
2025-11-06 19:00:00.473000+00:00,1.25e-05
2025-11-06 20:00:00.077000+00:00,1.25e-05
2025-11-06 21:00:00.471000+00:00,1.25e-05
2025-11-06 22:00:00.318000+00:00,1.25e-05
2025-11-06 23:00:00.377000+00:00,1.25e-05
2025-11-07 00:00:00.604000+00:00,1.25e-05
2025-11-07 01:00:00.516000+00:00,1.25e-05
2025-11-07 02:00:00.137000+00:00,1.25e-05
2025-11-07 03:00:00.248000+00:00,1.25e-05
2025-11-07 04:00:00.338000+00:00,1.25e-05
2025-11-07 05:00:00.530000+00:00,1.25e-05
2025-11-07 06:00:00.116000+00:00,1.25e-05
2025-11-07 07:00:00.263000+00:00,1.25e-05
2025-11-07 08:00:00.365000+00:00,1.25e-05
2025-11-07 09:00:00.318000+00:00,2.7125e-05
2025-11-07 10:00:00.628000+00:00,1.25e-05
2025-11-07 11:00:00.169000+00:00,1.25e-05
2025-11-07 12:00:00.458000+00:00,1.3625e-05
2025-11-07 13:00:00.634000+00:00,1.4125e-05
2025-11-07 14:00:00.033000+00:00,2.5e-05
2025-11-07 15:00:00.416000+00:00,1.7375e-05
2025-11-07 16:00:00.486000+00:00,1.625e-05
2025-11-07 17:00:00.024000+00:00,1.725e-05
2025-11-07 18:00:00.227000+00:00,3.4e-05
2025-11-07 19:00:00.526000+00:00,2.5625e-05
2025-11-07 20:00:00.259000+00:00,2.4125e-05
2025-11-07 21:00:00.379000+00:00,1.825e-05
2025-11-07 22:00:00.182000+00:00,1.275e-05
2025-11-07 23:00:00.246000+00:00,1.875e-05
2025-11-08 00:00:00.236000+00:00,1.975e-05
2025-11-08 01:00:00.266000+00:00,3.775e-05
2025-11-08 02:00:00.256000+00:00,5.6125e-05
2025-11-08 03:00:00.417000+00:00,4.4e-05
2025-11-08 04:00:00.387000+00:00,3.5875e-05
2025-11-08 05:00:00.378000+00:00,1.6125e-05
2025-11-08 06:00:00.479000+00:00,1.5375e-05
2025-11-08 07:00:00.024000+00:00,1.8375e-05
2025-11-08 08:00:00.292000+00:00,1.25e-05
2025-11-08 09:00:00.317000+00:00,1.25e-05
2025-11-08 10:00:00.142000+00:00,1.25e-05
2025-11-08 11:00:00.130000+00:00,1.25e-05
2025-11-08 12:00:00.036000+00:00,1.5125e-05
2025-11-08 13:00:00.137000+00:00,1.25e-05
2025-11-08 14:00:00.157000+00:00,1.3375e-05
2025-11-08 15:00:00.445000+00:00,1.25e-05
2025-11-08 16:00:00.578000+00:00,1.25e-05
2025-11-08 17:00:00.552000+00:00,1.25e-05
2025-11-08 18:00:00.005000+00:00,1.25e-05
2025-11-08 19:00:00.121000+00:00,1.25e-05
2025-11-08 20:00:00.396000+00:00,1.25e-05
2025-11-08 21:00:00.019000+00:00,1.25e-05
2025-11-08 22:00:00.332000+00:00,1.25e-05
2025-11-08 23:00:00.117000+00:00,1.25e-05
2025-11-09 00:00:00.516000+00:00,1.25e-05
2025-11-09 01:00:00.328000+00:00,1.25e-05
2025-11-09 02:00:00.519000+00:00,1.25e-05
2025-11-09 03:00:00.815000+00:00,1.25e-05
2025-11-09 04:00:00.088000+00:00,1.25e-05
2025-11-09 05:00:00.100000+00:00,1.25e-05
2025-11-09 06:00:00.602000+00:00,1.25e-05
2025-11-09 07:00:00.670000+00:00,1.25e-05
2025-11-09 08:00:00.323000+00:00,1.225e-05
2025-11-09 09:00:00.388000+00:00,1.2125e-05
2025-11-09 10:00:00.140000+00:00,6.75e-06
2025-11-09 11:00:00.578000+00:00,-3.125e-06
2025-11-09 12:00:00.394000+00:00,-1.375e-06
2025-11-09 13:00:00.052000+00:00,-1.625e-06
2025-11-09 14:00:00.177000+00:00,8.625e-06
2025-11-09 15:00:00.590000+00:00,-3.75e-07
2025-11-09 16:00:00.034000+00:00,-1.1875e-05
2025-11-09 17:00:00.507000+00:00,-5.25e-06
2025-11-09 18:00:00.235000+00:00,5.125e-06
2025-11-09 19:00:00.454000+00:00,1.2375e-05
2025-11-09 20:00:00.454000+00:00,1.25e-05
2025-11-09 21:00:00.650000+00:00,8.5e-06
2025-11-09 22:00:00.022000+00:00,1.125e-05
2025-11-09 23:00:00.482000+00:00,1.25e-05
2025-11-10 00:00:00.676000+00:00,1.25e-05
2025-11-10 01:00:00.492000+00:00,1.25e-05
2025-11-10 02:00:00.376000+00:00,1.25e-05
2025-11-10 03:00:00.158000+00:00,1.25e-05
2025-11-10 04:00:00.471000+00:00,1.25e-05
2025-11-10 05:00:00.587000+00:00,1.25e-05
2025-11-10 06:00:00.089000+00:00,1.25e-05
2025-11-10 07:00:00.422000+00:00,1.25e-05
2025-11-10 08:00:00.240000+00:00,1.65e-05
2025-11-10 09:00:00.428000+00:00,1.3625e-05
2025-11-10 10:00:00.161000+00:00,1.25e-05
2025-11-10 11:00:00.394000+00:00,1.25e-05
2025-11-10 12:00:00.337000+00:00,1.25e-05
2025-11-10 13:00:00.491000+00:00,1.25e-05
2025-11-10 14:00:00.496000+00:00,1.25e-05
2025-11-10 15:00:00.384000+00:00,1.3875e-05
2025-11-10 16:00:01.082000+00:00,2.2875e-05
2025-11-10 17:00:00.508000+00:00,1.925e-05
2025-11-10 18:00:00.318000+00:00,2.9e-05
2025-11-10 19:00:00.387000+00:00,1.5375e-05
2025-11-10 20:00:00.374000+00:00,2.375e-05
2025-11-10 21:00:00.313000+00:00,2.2375e-05
2025-11-10 22:00:00.481000+00:00,1.575e-05
2025-11-10 23:00:00.479000+00:00,2.775e-05
2025-11-11 00:00:00.334000+00:00,3.175e-05
2025-11-11 01:00:00.393000+00:00,2.3375e-05
2025-11-11 02:00:00.074000+00:00,3.6375e-05
2025-11-11 03:00:00.449000+00:00,4.525e-05
2025-11-11 04:00:00.112000+00:00,4.775e-05
2025-11-11 05:00:00.474000+00:00,2.325e-05
2025-11-11 06:00:00.570000+00:00,1.3e-05
2025-11-11 07:00:00.122000+00:00,1.525e-05
2025-11-11 08:00:00.279000+00:00,2.1375e-05
2025-11-11 09:00:00.663000+00:00,1.25e-05
2025-11-11 10:00:00.223000+00:00,1.25e-05
2025-11-11 11:00:00.331000+00:00,1.25e-05
2025-11-11 12:00:00.027000+00:00,1.25e-05
2025-11-11 13:00:00.497000+00:00,1.25e-05
2025-11-11 14:00:00.019000+00:00,1.25e-05
2025-11-11 15:00:00.378000+00:00,1.25e-05
2025-11-11 16:00:00.049000+00:00,1.25e-05
2025-11-11 17:00:00.407000+00:00,1.25e-05
2025-11-11 18:00:00.573000+00:00,1.25e-05
2025-11-11 19:00:00.264000+00:00,1.25e-05
2025-11-11 20:00:00.315000+00:00,1.25e-05
2025-11-11 21:00:00.381000+00:00,1.425e-05
2025-11-11 22:00:00.432000+00:00,1.25e-05
2025-11-11 23:00:00.461000+00:00,1.25e-05
2025-11-12 00:00:03.365000+00:00,1.25e-05
2025-11-12 01:00:00.586000+00:00,1.25e-05
2025-11-12 02:00:00.074000+00:00,1.25e-05
2025-11-12 03:00:00.329000+00:00,1.275e-05
2025-11-12 04:00:00.010000+00:00,1.25e-05
2025-11-12 05:00:00.187000+00:00,1.25e-05
2025-11-12 06:00:00.381000+00:00,1.25e-05
2025-11-12 07:00:00.333000+00:00,1.175e-05
2025-11-12 08:00:00.440000+00:00,9.75e-06
2025-11-12 09:00:00.265000+00:00,-3.125e-05
2025-11-12 10:00:00.248000+00:00,-3.675e-05
2025-11-12 11:00:00.100000+00:00,-4.3125e-05
2025-11-12 12:00:00.424000+00:00,-4.725e-05
2025-11-12 13:00:00.580000+00:00,-8.1375e-05
2025-11-12 14:00:00.461000+00:00,-6.75e-05
2025-11-12 15:00:00.098000+00:00,-0.000101625
2025-11-12 16:00:00.228000+00:00,-5.8875e-05
2025-11-12 17:00:00.639000+00:00,-5.0625e-05
2025-11-12 18:00:00.336000+00:00,-2.675e-05
2025-11-12 19:00:00.468000+00:00,-6.1625e-05
2025-11-12 20:00:00.508000+00:00,-4.7875e-05
2025-11-12 21:00:00.182000+00:00,-4.8875e-05
2025-11-12 22:00:00.047000+00:00,-8.7375e-05
2025-11-12 23:00:00.435000+00:00,-8.325e-05
2025-11-13 00:00:00.625000+00:00,-8.275e-05
2025-11-13 01:00:00.345000+00:00,-7.3375e-05
2025-11-13 02:00:00.431000+00:00,-3.6375e-05
2025-11-13 03:00:00.130000+00:00,-5.925e-05
2025-11-13 04:00:00.158000+00:00,-6.65e-05
2025-11-13 05:00:00.335000+00:00,-6.375e-05
2025-11-13 06:00:00.316000+00:00,-3.95e-05
2025-11-13 07:00:00.139000+00:00,-3.375e-06
2025-11-13 08:00:00.150000+00:00,-1.525e-05
2025-11-13 09:00:00.802000+00:00,-0.000102625
2025-11-13 10:00:00.008000+00:00,-0.000147
2025-11-13 11:00:00.535000+00:00,-9.8e-05
2025-11-13 12:00:00.036000+00:00,-9.875e-05
2025-11-13 13:00:00.018000+00:00,-8.1e-05
2025-11-13 14:00:00.265000+00:00,-9.875e-05
2025-11-13 15:00:00.246000+00:00,-8.85e-05
2025-11-13 16:00:00.232000+00:00,-6.2625e-05
2025-11-13 17:00:00.070000+00:00,-4.55e-05
2025-11-13 18:00:00.491000+00:00,-1.2875e-05
2025-11-13 19:00:00.755000+00:00,5.375e-06
2025-11-13 20:00:00.088000+00:00,-1.8875e-05
2025-11-13 21:00:00.328000+00:00,-1.4125e-05
2025-11-13 22:00:00.157000+00:00,-5e-06
2025-11-13 23:00:00.281000+00:00,-2.2e-05
2025-11-14 00:00:00.354000+00:00,-1.9125e-05
2025-11-14 01:00:00.565000+00:00,-9.325e-05
2025-11-14 02:00:00.680000+00:00,-9.4875e-05
2025-11-14 03:00:00.431000+00:00,-4.7875e-05
2025-11-14 04:00:00.187000+00:00,-5.3125e-05
2025-11-14 05:00:00.665000+00:00,-7.175e-05
2025-11-14 06:00:00.090000+00:00,-1.25e-06
2025-11-14 07:00:00.246000+00:00,-2.75e-05
2025-11-14 08:00:00.189000+00:00,-2.7875e-05
2025-11-14 09:00:00.419000+00:00,-8.325e-05
2025-11-14 10:00:00.208000+00:00,-8.1625e-05
2025-11-14 11:00:00.080000+00:00,-6.7125e-05
2025-11-14 12:00:00.193000+00:00,-8.1375e-05
2025-11-14 13:00:00.241000+00:00,-5.6125e-05
2025-11-14 14:00:00.092000+00:00,-1.5e-05
2025-11-14 15:00:00.415000+00:00,8.25e-06
2025-11-14 16:00:00.185000+00:00,6e-06
2025-11-14 17:00:00.029000+00:00,-4.625e-06
2025-11-14 18:00:00.219000+00:00,-7.225e-05
2025-11-14 19:00:00.220000+00:00,-5.2125e-05
2025-11-14 20:00:00.333000+00:00,-1.1625e-05
2025-11-14 21:00:00.159000+00:00,-2.4125e-05
2025-11-14 22:00:00.370000+00:00,-1.125e-05
2025-11-14 23:00:00.578000+00:00,6.625e-06
2025-11-15 00:00:00.315000+00:00,8.375e-06
2025-11-15 01:00:00.192000+00:00,1.25e-05
2025-11-15 02:00:00.319000+00:00,1.25e-05
2025-11-15 03:00:00.224000+00:00,1.25e-05
2025-11-15 04:00:00.304000+00:00,1.25e-05
2025-11-15 05:00:00.298000+00:00,1.25e-05
2025-11-15 06:00:00.062000+00:00,1.25e-05
2025-11-15 07:00:00.388000+00:00,1.25e-05
2025-11-15 08:00:00.338000+00:00,1.25e-05
2025-11-15 09:00:00.549000+00:00,1.25e-05
2025-11-15 10:00:00.428000+00:00,3.6e-05
2025-11-15 11:00:00.317000+00:00,1.25e-05
2025-11-15 12:00:00.046000+00:00,1.25e-05
2025-11-15 13:00:00.457000+00:00,1.25e-05
2025-11-15 14:00:00.323000+00:00,1.25e-05
2025-11-15 15:00:00.404000+00:00,1.25e-05
2025-11-15 16:00:00.484000+00:00,1.25e-05
2025-11-15 17:00:00.391000+00:00,1.25e-05
2025-11-15 18:00:00.269000+00:00,1.25e-05
2025-11-15 19:00:00.086000+00:00,1.25e-05
2025-11-15 20:00:00.360000+00:00,1.25e-05
2025-11-15 21:00:00.479000+00:00,1.25e-05
2025-11-15 22:00:00.136000+00:00,0.000136625
2025-11-15 23:00:00.227000+00:00,0.00010825
2025-11-16 00:00:00.060000+00:00,4.15e-05
2025-11-16 01:00:00.429000+00:00,9.4625e-05
2025-11-16 02:00:00.193000+00:00,0.000149625
2025-11-16 03:00:00.229000+00:00,4.3125e-05
2025-11-16 04:00:00.327000+00:00,1.25e-05
2025-11-16 05:00:00.594000+00:00,1.25e-05
2025-11-16 06:00:00.673000+00:00,2.5e-07
2025-11-16 07:00:00.208000+00:00,-5.275e-05
2025-11-16 08:00:00.608000+00:00,5.125e-06
2025-11-16 09:00:00.367000+00:00,1.0125e-05
2025-11-16 10:00:00.151000+00:00,-3.125e-06
2025-11-16 11:00:00.412000+00:00,0.000105375
2025-11-16 12:00:00.070000+00:00,5.5625e-05
2025-11-16 13:00:00.140000+00:00,3.8e-05
2025-11-16 14:00:00.535000+00:00,2.2875e-05
2025-11-16 15:00:00.714000+00:00,2.5875e-05
2025-11-16 16:00:00.414000+00:00,2.525e-05
2025-11-16 17:00:00.637000+00:00,0.0
2025-11-16 18:00:00.239000+00:00,0.0
2025-11-16 19:00:00.378000+00:00,0.0
2025-11-16 20:00:00.103000+00:00,0.0
2025-11-16 21:00:00.429000+00:00,0.0
2025-11-16 22:00:00.512000+00:00,0.0
2025-11-16 23:00:00.106000+00:00,1.5125e-05
2025-11-17 00:00:00.125000+00:00,1.3125e-05
2025-11-17 01:00:00.289000+00:00,1.1e-05
2025-11-17 02:00:00.342000+00:00,1.25e-06
2025-11-17 03:00:00.252000+00:00,1.875e-06
2025-11-17 04:00:00.347000+00:00,0.0
2025-11-17 05:00:00.330000+00:00,0.0
2025-11-17 06:00:00.384000+00:00,0.0
2025-11-17 07:00:00.128000+00:00,0.0
2025-11-17 08:00:00.015000+00:00,0.0
2025-11-17 09:00:00.117000+00:00,0.0
2025-11-17 10:00:00.567000+00:00,0.0
2025-11-17 11:00:00.137000+00:00,0.0
2025-11-17 12:00:00.116000+00:00,0.0
2025-11-17 13:00:00.345000+00:00,0.0
2025-11-17 14:00:00.363000+00:00,0.0
2025-11-17 15:00:00.604000+00:00,0.0
2025-11-17 16:00:00.031000+00:00,0.0
2025-11-17 17:00:00.326000+00:00,5e-07
2025-11-17 18:00:00.083000+00:00,1.25e-06
2025-11-17 19:00:00.307000+00:00,1.1125e-05
2025-11-17 20:00:00.530000+00:00,1.175e-05
2025-11-17 21:00:00.263000+00:00,4.75e-05
2025-11-17 22:00:00.350000+00:00,6.3375e-05
2025-11-17 23:00:00.213000+00:00,6.35e-05
2025-11-18 00:00:00.380000+00:00,3.3375e-05
2025-11-18 01:00:00.623000+00:00,4.8625e-05
2025-11-18 02:00:00.133000+00:00,4.75e-05
2025-11-18 03:00:00.374000+00:00,4.3375e-05
2025-11-18 04:00:00.462000+00:00,0.000165875
2025-11-18 05:00:00.661000+00:00,0.00051225
2025-11-18 06:00:00.807000+00:00,0.0
2025-11-18 07:00:00.389000+00:00,0.000240375
2025-11-18 08:00:00.485000+00:00,0.000440125
2025-11-18 09:00:00.524000+00:00,0.000166625
2025-11-18 10:00:00.184000+00:00,0.000136375
2025-11-18 11:00:00.515000+00:00,0.000536125
2025-11-18 12:00:00.627000+00:00,0.001106875
2025-11-18 13:00:00.423000+00:00,0.0010745
2025-11-18 14:00:00.544000+00:00,0.000914625
2025-11-18 15:00:00.437000+00:00,0.00105125
2025-11-18 16:00:00.076000+00:00,0.001176125
2025-11-18 17:00:00.470000+00:00,0.000618
2025-11-18 18:00:00.211000+00:00,0.000437
2025-11-18 19:00:00.087000+00:00,0.00047125
2025-11-18 20:00:00.136000+00:00,0.000355875
2025-11-18 21:00:00.525000+00:00,0.000249625
2025-11-18 22:00:00.284000+00:00,0.000212
2025-11-18 23:00:00.506000+00:00,0.000222
2025-11-19 00:00:00.121000+00:00,0.0001805
2025-11-19 01:00:00.369000+00:00,0.000122625
2025-11-19 02:00:00.538000+00:00,3.45e-05
2025-11-19 03:00:00.519000+00:00,6.525e-05
2025-11-19 04:00:00.475000+00:00,8.65e-05
2025-11-19 05:00:00.180000+00:00,0.00012525
2025-11-19 06:00:00.272000+00:00,0.000160625
2025-11-19 07:00:00.779000+00:00,7.9875e-05
2025-11-19 08:00:00.069000+00:00,0.000164125
2025-11-19 09:00:00.505000+00:00,0.000141
2025-11-19 10:00:00.303000+00:00,0.00021025
2025-11-19 11:00:00.164000+00:00,0.000213375
2025-11-19 12:00:00.530000+00:00,0.000132375
2025-11-19 13:00:00.564000+00:00,0.00010225
2025-11-19 14:00:00.631000+00:00,0.000117
2025-11-19 15:00:00.176000+00:00,8.75e-05
2025-11-19 16:00:00.349000+00:00,6.3375e-05
2025-11-19 17:00:00.634000+00:00,-0.000138625
2025-11-19 18:00:00.777000+00:00,-0.00089575
2025-11-19 19:00:00.774000+00:00,-0.0007465
2025-11-19 20:00:00.269000+00:00,-0.000237625
2025-11-19 21:00:00.378000+00:00,0.0
2025-11-19 22:00:00.324000+00:00,0.0
2025-11-19 23:00:00.563000+00:00,3.5e-05
2025-11-20 00:00:00.187000+00:00,0.0
2025-11-20 01:00:00.539000+00:00,0.0
2025-11-20 02:00:00.582000+00:00,0.00023025
2025-11-20 03:00:00.356000+00:00,0.000218
2025-11-20 04:00:00.410000+00:00,-2.75e-06
2025-11-20 05:00:00.100000+00:00,0.00010075
2025-11-20 06:00:00.137000+00:00,0.000166375
2025-11-20 07:00:00.316000+00:00,8.3125e-05
2025-11-20 08:00:00.502000+00:00,-1.125e-06
2025-11-20 09:00:00.695000+00:00,0.0
2025-11-20 10:00:00.692000+00:00,0.0
2025-11-20 11:00:00.073000+00:00,2.1375e-05
2025-11-20 12:00:00.115000+00:00,-0.000101875
2025-11-20 13:00:00.640000+00:00,-3.975e-05
2025-11-20 14:00:00.520000+00:00,-4.6e-05
2025-11-20 15:00:00.505000+00:00,-1.3375e-05
2025-11-20 16:00:00.059000+00:00,-8.75e-07
2025-11-20 17:00:00.459000+00:00,0.0
2025-11-20 18:00:00.159000+00:00,0.0
2025-11-20 19:00:00.473000+00:00,0.0
2025-11-20 20:00:00.113000+00:00,0.0
2025-11-20 21:00:00.334000+00:00,4.75e-06
2025-11-20 22:00:00.334000+00:00,-1.875e-06
2025-11-20 23:00:00.597000+00:00,-1.8125e-05
2025-11-21 00:00:00.429000+00:00,6.25e-06
2025-11-21 01:00:00.214000+00:00,6.25e-07
2025-11-21 02:00:00.481000+00:00,0.0
2025-11-21 03:00:00.331000+00:00,0.0
2025-11-21 04:00:00.854000+00:00,0.0
2025-11-21 05:00:00.372000+00:00,0.0
2025-11-21 06:00:00.328000+00:00,9.625e-06
2025-11-21 07:00:00.074000+00:00,3.375e-06
2025-11-21 08:00:00.436000+00:00,0.0
2025-11-21 09:00:00.500000+00:00,0.0
2025-11-21 10:00:00.342000+00:00,0.0
2025-11-21 11:00:00.038000+00:00,0.0
2025-11-21 12:00:00.071000+00:00,4.15e-05
2025-11-21 13:00:00.139000+00:00,5.4875e-05
2025-11-21 14:00:00.335000+00:00,1.75e-06
2025-11-21 15:00:00.362000+00:00,0.0
2025-11-21 16:00:00.208000+00:00,0.0
2025-11-21 17:00:00.451000+00:00,1.9125e-05
2025-11-21 18:00:00.592000+00:00,4.75e-06
2025-11-21 19:00:00.424000+00:00,0.0
2025-11-21 20:00:00.378000+00:00,1e-06
2025-11-21 21:00:00.567000+00:00,0.0
2025-11-21 22:00:00.452000+00:00,0.0
2025-11-21 23:00:00.301000+00:00,0.0
2025-11-22 00:00:00.398000+00:00,0.0
2025-11-22 01:00:00.151000+00:00,0.0
2025-11-22 02:00:00.293000+00:00,0.0
2025-11-22 03:00:00.279000+00:00,0.0
2025-11-22 04:00:00.545000+00:00,0.0
2025-11-22 05:00:00.342000+00:00,0.0
2025-11-22 06:00:00.161000+00:00,0.0
2025-11-22 07:00:00.038000+00:00,0.0
2025-11-22 08:00:00.026000+00:00,0.0
2025-11-22 09:00:00.086000+00:00,0.0
2025-11-22 10:00:00.420000+00:00,0.0
2025-11-22 11:00:00.240000+00:00,0.0
2025-11-22 12:00:00.409000+00:00,0.0
2025-11-22 13:00:00.722000+00:00,0.0
2025-11-22 14:00:00.562000+00:00,0.00027
2025-11-22 15:00:00.262000+00:00,7.425e-05
2025-11-22 16:00:00.403000+00:00,3.85e-05
2025-11-22 17:00:00.144000+00:00,9.35e-05
2025-11-22 18:00:00.301000+00:00,4.375e-06
2025-11-22 19:00:00.697000+00:00,0.0
2025-11-22 20:00:00.586000+00:00,0.0
2025-11-22 21:00:00.171000+00:00,0.0
2025-11-22 22:00:00.249000+00:00,0.0
2025-11-22 23:00:00.329000+00:00,0.0
2025-11-23 00:00:00.284000+00:00,0.0
2025-11-23 01:00:00.830000+00:00,3.75e-07
2025-11-23 02:00:00.557000+00:00,2.525e-05
2025-11-23 03:00:00.074000+00:00,1.625e-05
2025-11-23 04:00:00.516000+00:00,6.575e-05
2025-11-23 05:00:00.375000+00:00,0.0
2025-11-23 06:00:00.293000+00:00,0.0
2025-11-23 07:00:00.903000+00:00,4.475e-05
2025-11-23 08:00:00.328000+00:00,0.00020075
2025-11-23 09:00:00.454000+00:00,0.0
2025-11-23 10:00:00.203000+00:00,3.875e-06
2025-11-23 11:00:00.483000+00:00,1.1e-05
2025-11-23 12:00:00.582000+00:00,0.0
2025-11-23 13:00:00.323000+00:00,8.65e-05
2025-11-23 14:00:00.116000+00:00,1.1875e-05
2025-11-23 15:00:00.439000+00:00,0.0
2025-11-23 16:00:00.363000+00:00,0.0
2025-11-23 17:00:00.466000+00:00,0.0
2025-11-23 18:00:00.290000+00:00,0.0
2025-11-23 19:00:00.011000+00:00,0.0
2025-11-23 20:00:00.543000+00:00,0.0
2025-11-23 21:00:00.117000+00:00,6.25e-07
2025-11-23 22:00:00.003000+00:00,2.5e-07
2025-11-23 23:00:00.175000+00:00,0.0
2025-11-24 00:00:00.017000+00:00,0.0
2025-11-24 01:00:00.025000+00:00,1.625e-05
2025-11-24 02:00:00.171000+00:00,7.075e-05
2025-11-24 03:00:00.339000+00:00,0.0
2025-11-24 04:00:00.677000+00:00,8.75e-07
2025-11-24 05:00:00.153000+00:00,0.0001805
2025-11-24 06:00:00.357000+00:00,0.0
2025-11-24 07:00:00.025000+00:00,0.0
2025-11-24 08:00:00.576000+00:00,0.0
2025-11-24 09:00:00.257000+00:00,0.0
2025-11-24 10:00:00.626000+00:00,3.125e-06
2025-11-24 11:00:00.339000+00:00,3.4e-05
2025-11-24 12:00:00.014000+00:00,4.45e-05
2025-11-24 13:00:00.024000+00:00,4.5875e-05
2025-11-24 14:00:00.460000+00:00,7.125e-05
2025-11-24 15:00:00.584000+00:00,9.35e-05
2025-11-24 16:00:00.393000+00:00,7.825e-05
2025-11-24 17:00:00.379000+00:00,9.525e-05
2025-11-24 18:00:00.098000+00:00,8.425e-05
2025-11-24 19:00:00.278000+00:00,9.275e-05
2025-11-24 20:00:00.136000+00:00,6.6625e-05
2025-11-24 21:00:00.371000+00:00,9.8875e-05
2025-11-24 22:00:00.574000+00:00,9.9e-05
2025-11-24 23:00:00.054000+00:00,4.2625e-05
2025-11-25 00:00:00.783000+00:00,2.5625e-05
2025-11-25 01:00:00.259000+00:00,0.0
2025-11-25 02:00:00.146000+00:00,0.000245
2025-11-25 03:00:00.523000+00:00,2.5375e-05
2025-11-25 04:00:00.053000+00:00,0.0
2025-11-25 05:00:00.074000+00:00,0.0
2025-11-25 06:00:00.260000+00:00,0.0
2025-11-25 07:00:00.016000+00:00,0.0
2025-11-25 08:00:00.271000+00:00,0.0
2025-11-25 09:00:00.117000+00:00,0.0
2025-11-25 10:00:00.555000+00:00,3.5e-06
2025-11-25 11:00:00.133000+00:00,1.25e-05
2025-11-25 12:00:00.451000+00:00,7e-05
2025-11-25 13:00:00.042000+00:00,7.35e-05
2025-11-25 14:00:00.313000+00:00,4.125e-05
2025-11-25 15:00:00.285000+00:00,1.5125e-05
2025-11-25 16:00:00.508000+00:00,5.0625e-05
2025-11-25 17:00:00.486000+00:00,5.5375e-05
2025-11-25 18:00:00.092000+00:00,5.8125e-05
2025-11-25 19:00:00.085000+00:00,4.9625e-05
2025-11-25 20:00:00.026000+00:00,3.9375e-05
2025-11-25 21:00:00.531000+00:00,6.3875e-05
2025-11-25 22:00:00.037000+00:00,4.9625e-05
2025-11-25 23:00:00.633000+00:00,3.8e-05
2025-11-26 00:00:00.127000+00:00,1.8125e-05
2025-11-26 01:00:00.405000+00:00,1.75e-05
2025-11-26 02:00:00.184000+00:00,1.275e-05
2025-11-26 03:00:00.362000+00:00,0.000144875
2025-11-26 04:00:00.117000+00:00,0.000276375
2025-11-26 05:00:00.471000+00:00,0.00022575
2025-11-26 06:00:00.404000+00:00,0.00022025
2025-11-26 07:00:00.293000+00:00,0.00021
2025-11-26 08:00:00.347000+00:00,1.925e-05
2025-11-26 09:00:00.337000+00:00,8.375e-05
2025-11-26 10:00:00.257000+00:00,5.675e-05
2025-11-26 11:00:00.174000+00:00,0.0
2025-11-26 12:00:00.142000+00:00,0.0
2025-11-26 13:00:00.102000+00:00,0.0
2025-11-26 14:00:00.509000+00:00,0.0
2025-11-26 15:00:00.005000+00:00,0.0
2025-11-26 16:00:00.037000+00:00,0.0
2025-11-26 17:00:00.758000+00:00,0.0
2025-11-26 18:00:00.068000+00:00,0.0
2025-11-26 19:00:00.266000+00:00,0.00032925
2025-11-26 20:00:00.015000+00:00,0.0001075
2025-11-26 21:00:00.275000+00:00,0.0
2025-11-26 22:00:00.558000+00:00,0.0
2025-11-26 23:00:00.448000+00:00,0.0
2025-11-27 00:00:00.219000+00:00,0.0
2025-11-27 01:00:00.486000+00:00,7.5e-07
2025-11-27 02:00:00.373000+00:00,2.625e-06
2025-11-27 03:00:00.034000+00:00,0.0
2025-11-27 04:00:00.216000+00:00,0.0
2025-11-27 05:00:00.121000+00:00,7.5e-07
2025-11-27 06:00:00.339000+00:00,0.0
2025-11-27 07:00:00.087000+00:00,0.0
2025-11-27 08:00:00.293000+00:00,0.0
2025-11-27 09:00:00.321000+00:00,5.025e-05
2025-11-27 10:00:00.511000+00:00,0.0
2025-11-27 11:00:00.537000+00:00,2e-06
2025-11-27 12:00:00.219000+00:00,8.05e-05
2025-11-27 13:00:00.633000+00:00,1.7875e-05
2025-11-27 14:00:00.004000+00:00,0.0
2025-11-27 15:00:00.280000+00:00,0.0
2025-11-27 16:00:00.026000+00:00,0.0
2025-11-27 17:00:00.033000+00:00,0.0
2025-11-27 18:00:00.326000+00:00,0.0
2025-11-27 19:00:00.462000+00:00,0.0
2025-11-27 20:00:00.378000+00:00,0.0
2025-11-27 21:00:00.338000+00:00,0.0
2025-11-27 22:00:00.461000+00:00,0.0
2025-11-27 23:00:00.461000+00:00,0.0
2025-11-28 00:00:00.315000+00:00,0.0
2025-11-28 01:00:00.043000+00:00,0.0
2025-11-28 02:00:00.441000+00:00,0.0
2025-11-28 03:00:00.033000+00:00,1.85e-05
2025-11-28 04:00:00.536000+00:00,0.0
2025-11-28 05:00:00.449000+00:00,0.0
2025-11-28 06:00:00.345000+00:00,0.0
2025-11-28 07:00:00.571000+00:00,0.0
2025-11-28 08:00:00.378000+00:00,0.0
2025-11-28 09:00:00.046000+00:00,0.0
2025-11-28 10:00:00.611000+00:00,0.0
2025-11-28 11:00:00.498000+00:00,0.0
2025-11-28 12:00:00.589000+00:00,0.0
2025-11-28 13:00:00.038000+00:00,2e-06
2025-11-28 14:00:00.220000+00:00,3.8375e-05
2025-11-28 15:00:00.152000+00:00,4.7e-05
2025-11-28 16:00:00.239000+00:00,7.5625e-05
2025-11-28 17:00:00.355000+00:00,0.000101375
2025-11-28 18:00:00.319000+00:00,0.000145125
2025-11-28 19:00:00.328000+00:00,0.000140875
2025-11-28 20:00:00.124000+00:00,0.000163125
2025-11-28 21:00:00.438000+00:00,0.000143625
2025-11-28 22:00:00.550000+00:00,0.0001445
2025-11-28 23:00:00.081000+00:00,0.00016325
2025-11-29 00:00:00.210000+00:00,0.00013525
2025-11-29 01:00:00.106000+00:00,0.0
2025-11-29 02:00:00.514000+00:00,0.0
2025-11-29 03:00:00.458000+00:00,0.0
2025-11-29 04:00:00.568000+00:00,0.0
2025-11-29 05:00:00.461000+00:00,0.0
2025-11-29 06:00:00.061000+00:00,0.0
2025-11-29 07:00:00.125000+00:00,0.0
2025-11-29 08:00:00.552000+00:00,0.0
2025-11-29 09:00:00.208000+00:00,0.0
2025-11-29 10:00:00.298000+00:00,0.0
2025-11-29 11:00:00.219000+00:00,0.0
2025-11-29 12:00:00.379000+00:00,0.0
2025-11-29 13:00:00.082000+00:00,0.0
2025-11-29 14:00:00.589000+00:00,0.0
2025-11-29 15:00:00.040000+00:00,0.0
2025-11-29 16:00:00.508000+00:00,0.0
2025-11-29 17:00:00.179000+00:00,0.0
2025-11-29 18:00:00.520000+00:00,0.0
2025-11-29 19:00:00.171000+00:00,0.0
2025-11-29 20:00:00.380000+00:00,0.0
2025-11-29 21:00:00.163000+00:00,0.0
2025-11-29 22:00:00.457000+00:00,0.0
2025-11-29 23:00:00.293000+00:00,0.0
2025-11-30 00:00:00.656000+00:00,0.0
2025-11-30 01:00:00.574000+00:00,0.0
2025-11-30 02:00:00.135000+00:00,0.0
2025-11-30 03:00:00.636000+00:00,0.0
2025-11-30 04:00:00.384000+00:00,0.0
2025-11-30 05:00:00.186000+00:00,0.0
2025-11-30 06:00:00.176000+00:00,8.275e-05
2025-11-30 07:00:00.107000+00:00,4.7875e-05
2025-11-30 08:00:00.561000+00:00,0.0
2025-11-30 09:00:00.259000+00:00,3.9375e-05
2025-11-30 10:00:00.661000+00:00,0.00016775
2025-11-30 11:00:00.397000+00:00,0.0
2025-11-30 12:00:00.413000+00:00,5.875e-06
2025-11-30 13:00:00.580000+00:00,1.7625e-05
2025-11-30 14:00:00.523000+00:00,4.5e-06
2025-11-30 15:00:00.199000+00:00,5.375e-06
2025-11-30 16:00:00.180000+00:00,1e-05
2025-11-30 17:00:00.101000+00:00,1.3375e-05
2025-11-30 18:00:00.364000+00:00,1.975e-05
2025-11-30 19:00:00.513000+00:00,2.075e-05
2025-11-30 20:00:00.163000+00:00,2.0625e-05
2025-11-30 21:00:00.045000+00:00,1.1375e-05
2025-11-30 22:00:00.185000+00:00,1.175e-05
2025-11-30 23:00:00.185000+00:00,5.7875e-05
2025-12-01 00:00:00.559000+00:00,0.000183375
2025-12-01 01:00:00.374000+00:00,0.000118625
2025-12-01 02:00:00.661000+00:00,2.75e-06
2025-12-01 03:00:00.080000+00:00,0.0
2025-12-01 04:00:00.910000+00:00,0.0
2025-12-01 05:00:00.027000+00:00,0.0
2025-12-01 06:00:00.326000+00:00,0.0
2025-12-01 07:00:00.020000+00:00,0.0
2025-12-01 08:00:00.062000+00:00,2.5e-07
2025-12-01 09:00:00.453000+00:00,0.0
2025-12-01 10:00:00.295000+00:00,0.0
2025-12-01 11:00:00.548000+00:00,3.7875e-05
2025-12-01 12:00:00.407000+00:00,4.4125e-05
2025-12-01 13:00:00.081000+00:00,9.675e-05
2025-12-01 14:00:00.097000+00:00,0.0
2025-12-01 15:00:00.173000+00:00,0.0
2025-12-01 16:00:00.386000+00:00,0.0
2025-12-01 17:00:00.766000+00:00,0.0
2025-12-01 18:00:00.308000+00:00,0.0
2025-12-01 19:00:00.476000+00:00,0.0
2025-12-01 20:00:00.124000+00:00,0.0
2025-12-01 21:00:00.013000+00:00,0.0
2025-12-01 22:00:00.372000+00:00,0.0
2025-12-01 23:00:00.583000+00:00,0.0
2025-12-02 00:00:00.283000+00:00,0.0
2025-12-02 01:00:00.732000+00:00,0.0
2025-12-02 02:00:00.604000+00:00,0.0
2025-12-02 03:00:00.400000+00:00,0.0
2025-12-02 04:00:00.397000+00:00,0.0
2025-12-02 05:00:00.390000+00:00,0.0
2025-12-02 06:00:00.271000+00:00,0.0
2025-12-02 07:00:00.315000+00:00,0.0
2025-12-02 08:00:00.692000+00:00,0.0
2025-12-02 09:00:00.097000+00:00,0.0
2025-12-02 10:00:00.720000+00:00,0.0
2025-12-02 11:00:00.565000+00:00,0.0
2025-12-02 12:00:00.270000+00:00,0.0
2025-12-02 13:00:00.030000+00:00,0.0
2025-12-02 14:00:00.489000+00:00,0.0
2025-12-02 15:00:00.421000+00:00,0.0
2025-12-02 16:00:00.349000+00:00,-1.5125e-05
2025-12-02 17:00:00.284000+00:00,-2.4e-05
2025-12-02 18:00:00.134000+00:00,0.0
2025-12-02 19:00:00.104000+00:00,0.0
2025-12-02 20:00:00.417000+00:00,0.0
2025-12-02 21:00:00.304000+00:00,0.0
2025-12-02 22:00:00.423000+00:00,0.0
2025-12-02 23:00:00.076000+00:00,0.0
2025-12-03 00:00:00.689000+00:00,0.0
2025-12-03 01:00:00.551000+00:00,0.0
2025-12-03 02:00:00.499000+00:00,0.0
2025-12-03 03:00:00.415000+00:00,0.0
2025-12-03 04:00:00.108000+00:00,0.0
2025-12-03 05:00:00.070000+00:00,-3e-06
2025-12-03 06:00:00.392000+00:00,0.0
2025-12-03 07:00:00.232000+00:00,0.0
2025-12-03 08:00:00.065000+00:00,0.0
2025-12-03 09:00:00.015000+00:00,0.0
2025-12-03 10:00:00.221000+00:00,0.0
2025-12-03 11:00:00.514000+00:00,0.0
2025-12-03 12:00:00.449000+00:00,0.0
2025-12-03 13:00:00.387000+00:00,0.0
2025-12-03 14:00:00.651000+00:00,0.0
2025-12-03 15:00:00.006000+00:00,0.0
2025-12-03 16:00:00.097000+00:00,0.0
2025-12-03 17:00:00.135000+00:00,0.0
2025-12-03 18:00:00.332000+00:00,0.0
2025-12-03 19:00:00.022000+00:00,0.0
2025-12-03 20:00:00.405000+00:00,1e-06
2025-12-03 21:00:00.644000+00:00,4.125e-06
2025-12-03 22:00:00.547000+00:00,0.0
2025-12-03 23:00:00.558000+00:00,0.0
2025-12-04 00:00:00.527000+00:00,0.0
2025-12-04 01:00:00.465000+00:00,0.0
2025-12-04 02:00:00.728000+00:00,0.0
2025-12-04 03:00:00.188000+00:00,0.0
2025-12-04 04:00:00.337000+00:00,0.0
2025-12-04 05:00:00.207000+00:00,0.0
2025-12-04 06:00:00.443000+00:00,0.0
2025-12-04 07:00:00.231000+00:00,0.0
2025-12-04 08:00:00.386000+00:00,0.0
2025-12-04 09:00:00.275000+00:00,4.375e-06
2025-12-04 10:00:00.206000+00:00,0.0
2025-12-04 11:00:00.121000+00:00,0.0
2025-12-04 12:00:00.029000+00:00,0.0
2025-12-04 13:00:00.178000+00:00,0.0
2025-12-04 14:00:00.143000+00:00,0.0
2025-12-04 15:00:00.021000+00:00,9.875e-06
2025-12-04 16:00:00.189000+00:00,2.775e-05
2025-12-04 17:00:00.249000+00:00,1.2625e-05
2025-12-04 18:00:00.279000+00:00,7.75e-06
2025-12-04 19:00:00.382000+00:00,1.2625e-05
2025-12-04 20:00:00.006000+00:00,2e-06
2025-12-04 21:00:00.679000+00:00,8.75e-07
2025-12-04 22:00:00.549000+00:00,2.375e-06
2025-12-04 23:00:00.525000+00:00,6e-06
2025-12-05 00:00:00.671000+00:00,3.875e-06
2025-12-05 01:00:00.346000+00:00,1.25e-07
2025-12-05 02:00:00.178000+00:00,3.5e-06
2025-12-05 03:00:00.190000+00:00,2.225e-05
2025-12-05 04:00:00.509000+00:00,1.375e-06
2025-12-05 05:00:00.477000+00:00,3.75e-07
2025-12-05 06:00:00.591000+00:00,2.875e-06
2025-12-05 07:00:00.361000+00:00,5e-07
2025-12-05 08:00:00.350000+00:00,8.75e-07
2025-12-05 09:00:00.048000+00:00,1.25e-06
2025-12-05 10:00:00.591000+00:00,0.0
2025-12-05 11:00:00.384000+00:00,2e-06
2025-12-05 12:00:00.491000+00:00,2.5e-06
2025-12-05 13:00:00.450000+00:00,3.75e-06
2025-12-05 14:00:00.122000+00:00,6.5e-06
2025-12-05 15:00:00.363000+00:00,1.625e-06
2025-12-05 16:00:00.059000+00:00,0.0
2025-12-05 17:00:00.407000+00:00,0.0
2025-12-05 18:00:00.229000+00:00,0.0
2025-12-05 19:00:00.449000+00:00,0.0
2025-12-05 20:00:00.020000+00:00,0.0
2025-12-05 21:00:00.534000+00:00,0.0
2025-12-05 22:00:00.430000+00:00,0.0
2025-12-05 23:00:00.024000+00:00,0.0
2025-12-06 00:00:00.311000+00:00,0.0
2025-12-06 01:00:00.522000+00:00,0.0
2025-12-06 02:00:00.596000+00:00,0.0
2025-12-06 03:00:00.576000+00:00,0.0
2025-12-06 04:00:00.104000+00:00,0.0
2025-12-06 05:00:00.259000+00:00,1.75e-06
2025-12-06 06:00:00.073000+00:00,1.25e-07
2025-12-06 07:00:00.283000+00:00,0.0
2025-12-06 08:00:00.094000+00:00,0.0
2025-12-06 09:00:00.618000+00:00,0.0
2025-12-06 10:00:00.577000+00:00,0.0
2025-12-06 11:00:00.296000+00:00,0.0
2025-12-06 12:00:00.077000+00:00,0.0
2025-12-06 13:00:00.457000+00:00,2e-06
2025-12-06 14:00:00.028000+00:00,8.25e-06
2025-12-06 15:00:00.191000+00:00,9.375e-06
2025-12-06 16:00:00.411000+00:00,1.5e-06
2025-12-06 17:00:00.172000+00:00,1.55e-05
2025-12-06 18:00:00.656000+00:00,3.0125e-05
2025-12-06 19:00:00.429000+00:00,2.5375e-05
2025-12-06 20:00:00.035000+00:00,1.2e-05
2025-12-06 21:00:00.134000+00:00,1.5375e-05
2025-12-06 22:00:00.217000+00:00,1.05e-05
2025-12-06 23:00:00.585000+00:00,1.175e-05
2025-12-07 00:00:00.372000+00:00,1.625e-05
2025-12-07 01:00:00.437000+00:00,1.7e-05
2025-12-07 02:00:00.569000+00:00,2.5e-06
2025-12-07 03:00:00.768000+00:00,2e-06
2025-12-07 04:00:00.460000+00:00,2.25e-06
2025-12-07 05:00:00.839000+00:00,7.75e-06
2025-12-07 06:00:00.453000+00:00,3.75e-07
2025-12-07 07:00:00.228000+00:00,6.5e-06
2025-12-07 08:00:00.479000+00:00,5.625e-06
2025-12-07 09:00:00.131000+00:00,1.325e-05
2025-12-07 10:00:00.447000+00:00,8.5e-06
2025-12-07 11:00:00.130000+00:00,0.0
2025-12-07 12:00:00.272000+00:00,2.5e-07
2025-12-07 13:00:00.052000+00:00,0.0
2025-12-07 14:00:00.351000+00:00,0.0
2025-12-07 15:00:00.608000+00:00,0.0
2025-12-07 16:00:00.821000+00:00,0.0
2025-12-07 17:00:00.132000+00:00,0.0
2025-12-07 18:00:00.448000+00:00,0.0
2025-12-07 19:00:00.148000+00:00,0.0
2025-12-07 20:00:00.381000+00:00,0.0
2025-12-07 21:00:00.437000+00:00,0.0
2025-12-07 22:00:00.051000+00:00,0.0
2025-12-07 23:00:00.185000+00:00,0.0
2025-12-08 00:00:00.032000+00:00,0.0
2025-12-08 01:00:00.022000+00:00,0.0
2025-12-08 02:00:00.600000+00:00,0.0
2025-12-08 03:00:00.278000+00:00,0.0
2025-12-08 04:00:00.127000+00:00,0.0
2025-12-08 05:00:00.077000+00:00,0.0
2025-12-08 06:00:00.453000+00:00,0.0
2025-12-08 07:00:00.232000+00:00,0.0
2025-12-08 08:00:00.456000+00:00,0.0
2025-12-08 09:00:00.402000+00:00,0.0
2025-12-08 10:00:00.180000+00:00,0.0
2025-12-08 11:00:00.238000+00:00,0.0
2025-12-08 12:00:00.477000+00:00,0.0
2025-12-08 13:00:00.114000+00:00,0.0
2025-12-08 14:00:00.112000+00:00,0.0
2025-12-08 15:00:00.586000+00:00,0.0
2025-12-08 16:00:00.219000+00:00,0.0
2025-12-08 17:00:00.679000+00:00,0.0
2025-12-08 18:00:00.739000+00:00,0.0
2025-12-08 19:00:00.318000+00:00,0.0
2025-12-08 20:00:00.576000+00:00,0.0
2025-12-08 21:00:00.428000+00:00,1.25e-07
2025-12-08 22:00:00.589000+00:00,1.25e-07
2025-12-08 23:00:00.086000+00:00,8.75e-07
2025-12-09 00:00:00.729000+00:00,3.75e-07
2025-12-09 01:00:00.347000+00:00,1.8875e-05
2025-12-09 02:00:00.134000+00:00,6.5e-06
2025-12-09 03:00:00.480000+00:00,1.25e-07
2025-12-09 04:00:00.609000+00:00,0.0
2025-12-09 05:00:00.629000+00:00,0.0
2025-12-09 06:00:00.035000+00:00,0.0
2025-12-09 07:00:00.326000+00:00,1.8875e-05
2025-12-09 08:00:00.026000+00:00,3.1e-05
2025-12-09 09:00:00.428000+00:00,2.6125e-05
2025-12-09 10:00:00.825000+00:00,4.65e-05
2025-12-09 11:00:00.341000+00:00,3.3e-05
2025-12-09 12:00:00.343000+00:00,1.875e-06
2025-12-09 13:00:00.267000+00:00,6.875e-06
2025-12-09 14:00:00.252000+00:00,2.125e-06
2025-12-09 15:00:00.569000+00:00,5e-07
2025-12-09 16:00:00.296000+00:00,1.5e-06
2025-12-09 17:00:00.599000+00:00,1.625e-06
2025-12-09 18:00:00.413000+00:00,4.875e-06
2025-12-09 19:00:00.591000+00:00,0.0
2025-12-09 20:00:00.111000+00:00,0.0
2025-12-09 21:00:00.039000+00:00,0.0
2025-12-09 22:00:00.586000+00:00,0.0
2025-12-09 23:00:00.148000+00:00,0.0
2025-12-10 00:00:00.237000+00:00,0.0
2025-12-10 01:00:00.121000+00:00,0.0
2025-12-10 02:00:00.446000+00:00,0.0
2025-12-10 03:00:00.580000+00:00,0.0
2025-12-10 04:00:00.602000+00:00,0.0
2025-12-10 05:00:00.614000+00:00,0.0
2025-12-10 06:00:00.250000+00:00,0.0
2025-12-10 07:00:00.045000+00:00,0.0
2025-12-10 08:00:00.606000+00:00,0.0
2025-12-10 09:00:00.253000+00:00,0.0
2025-12-10 10:00:00.174000+00:00,1.25e-07
2025-12-10 11:00:00.343000+00:00,0.0
2025-12-10 12:00:00.397000+00:00,5.875e-06
2025-12-10 13:00:00.564000+00:00,9.75e-06
2025-12-10 14:00:00.110000+00:00,1.7875e-05
2025-12-10 15:00:00.247000+00:00,1.75e-06
2025-12-10 16:00:00.344000+00:00,0.0
2025-12-10 17:00:00.328000+00:00,0.0
2025-12-10 18:00:00.128000+00:00,0.0
2025-12-10 19:00:00.515000+00:00,0.0
2025-12-10 20:00:00.646000+00:00,0.0
2025-12-10 21:00:00.175000+00:00,0.0
2025-12-10 22:00:00.396000+00:00,0.0
2025-12-10 23:00:00.479000+00:00,1.625e-06
2025-12-11 00:00:00.099000+00:00,0.0
2025-12-11 01:00:00.452000+00:00,0.0
2025-12-11 02:00:00.114000+00:00,0.0
2025-12-11 03:00:00.268000+00:00,0.0
2025-12-11 04:00:00.354000+00:00,0.0
2025-12-11 05:00:00.232000+00:00,0.0
2025-12-11 06:00:00.243000+00:00,0.0
2025-12-11 07:00:00.071000+00:00,0.0
2025-12-11 08:00:00.395000+00:00,0.0
2025-12-11 09:00:00.611000+00:00,0.0
2025-12-11 10:00:00.537000+00:00,0.0
2025-12-11 11:00:00.030000+00:00,0.0
2025-12-11 12:00:00.287000+00:00,0.0
2025-12-11 13:00:00.112000+00:00,0.0
2025-12-11 14:00:00.244000+00:00,0.0
2025-12-11 15:00:00.560000+00:00,0.0
2025-12-11 16:00:00.135000+00:00,0.0
2025-12-11 17:00:00.461000+00:00,0.0
2025-12-11 18:00:00.180000+00:00,1.5e-06
2025-12-11 19:00:00.050000+00:00,2.375e-06
2025-12-11 20:00:00.519000+00:00,0.0
2025-12-11 21:00:00.409000+00:00,0.0
2025-12-11 22:00:00.132000+00:00,0.0
2025-12-11 23:00:00.599000+00:00,0.0
2025-12-12 00:00:00.050000+00:00,0.0
2025-12-12 01:00:00.510000+00:00,0.0
2025-12-12 02:00:00.169000+00:00,0.0
2025-12-12 03:00:00.325000+00:00,0.0
2025-12-12 04:00:00.373000+00:00,0.0
2025-12-12 05:00:00.512000+00:00,0.0
2025-12-12 06:00:00.151000+00:00,0.0
2025-12-12 07:00:00.216000+00:00,0.0
2025-12-12 08:00:00.402000+00:00,0.0
2025-12-12 09:00:00.552000+00:00,0.0
2025-12-12 10:00:00.328000+00:00,5e-07
2025-12-12 11:00:00.079000+00:00,8e-06
2025-12-12 12:00:00.214000+00:00,3.75e-06
2025-12-12 13:00:00.145000+00:00,0.0
2025-12-12 14:00:00.548000+00:00,0.0
2025-12-12 15:00:00.439000+00:00,1.75e-06
2025-12-12 16:00:00.586000+00:00,1.125e-06
2025-12-12 17:00:00.011000+00:00,0.0
2025-12-12 18:00:00.603000+00:00,0.0
2025-12-12 19:00:00.609000+00:00,0.0
2025-12-12 20:00:00.254000+00:00,0.0
2025-12-12 21:00:00.411000+00:00,0.0
2025-12-12 22:00:00.011000+00:00,0.0
2025-12-12 23:00:00.058000+00:00,0.0
2025-12-13 00:00:00.928000+00:00,0.0
2025-12-13 01:00:00.300000+00:00,0.0
2025-12-13 02:00:00.532000+00:00,0.0
2025-12-13 03:00:00.393000+00:00,0.0
2025-12-13 04:00:00.248000+00:00,0.0
2025-12-13 05:00:00.591000+00:00,-1.75e-06
2025-12-13 06:00:00.536000+00:00,0.0
2025-12-13 07:00:00.529000+00:00,0.0
2025-12-13 08:00:00.223000+00:00,0.0
2025-12-13 09:00:00.295000+00:00,0.0
2025-12-13 10:00:00.586000+00:00,0.0
2025-12-13 11:00:00.555000+00:00,0.0
2025-12-13 12:00:00.016000+00:00,0.0
2025-12-13 13:00:00.791000+00:00,0.0
2025-12-13 14:00:00.651000+00:00,0.0
2025-12-13 15:00:00.092000+00:00,0.0
2025-12-13 16:00:00.411000+00:00,0.0
2025-12-13 17:00:00.178000+00:00,0.0
2025-12-13 18:00:00.093000+00:00,0.0
2025-12-13 19:00:00.427000+00:00,0.0
2025-12-13 20:00:00.228000+00:00,0.0
2025-12-13 21:00:00.080000+00:00,0.0
2025-12-13 22:00:00.463000+00:00,0.0
2025-12-13 23:00:00.403000+00:00,0.0
2025-12-14 00:00:00.497000+00:00,0.0
2025-12-14 01:00:00.542000+00:00,0.0
2025-12-14 02:00:00.348000+00:00,0.0
2025-12-14 03:00:00.526000+00:00,0.0
2025-12-14 04:00:00.291000+00:00,0.0
2025-12-14 05:00:00.617000+00:00,0.0
2025-12-14 06:00:00.308000+00:00,0.0
2025-12-14 07:00:00.195000+00:00,0.0
2025-12-14 08:00:00.739000+00:00,0.0
2025-12-14 09:00:00.021000+00:00,0.0
2025-12-14 10:00:00.120000+00:00,0.0
2025-12-14 11:00:00.427000+00:00,0.0
2025-12-14 12:00:00.146000+00:00,0.0
2025-12-14 13:00:00.418000+00:00,0.0
2025-12-14 14:00:00.439000+00:00,0.0
2025-12-14 15:00:00.452000+00:00,0.0
2025-12-14 16:00:00.532000+00:00,0.0
2025-12-14 17:00:00.389000+00:00,0.0
2025-12-14 18:00:00.355000+00:00,0.0
2025-12-14 19:00:00.066000+00:00,0.0
2025-12-14 20:00:00.528000+00:00,0.0
2025-12-14 21:00:00.577000+00:00,0.0
2025-12-14 22:00:00.484000+00:00,0.0
2025-12-14 23:00:00.307000+00:00,0.0
2025-12-15 00:00:00.697000+00:00,0.0
2025-12-15 01:00:00.394000+00:00,0.0
2025-12-15 02:00:00.154000+00:00,0.0
2025-12-15 03:00:00.523000+00:00,0.0
2025-12-15 04:00:00.316000+00:00,0.0
2025-12-15 05:00:00.345000+00:00,0.0
2025-12-15 06:00:00.100000+00:00,0.0
2025-12-15 07:00:00.179000+00:00,0.0
2025-12-15 08:00:00.385000+00:00,0.0
2025-12-15 09:00:00.404000+00:00,0.0
2025-12-15 10:00:00.131000+00:00,0.0
2025-12-15 11:00:00.382000+00:00,0.0
2025-12-15 12:00:00.177000+00:00,0.0
2025-12-15 13:00:00.127000+00:00,0.0
2025-12-15 14:00:00.399000+00:00,0.0
2025-12-15 15:00:00.500000+00:00,0.0
2025-12-15 16:00:00.374000+00:00,0.0
2025-12-15 17:00:00.244000+00:00,0.0
2025-12-15 18:00:00.544000+00:00,0.0
2025-12-15 19:00:00.892000+00:00,0.0
2025-12-15 20:00:00.472000+00:00,0.0
2025-12-15 21:00:00.575000+00:00,0.0
2025-12-15 22:00:00.511000+00:00,0.0
2025-12-15 23:00:00.299000+00:00,0.0
2025-12-16 00:00:00.361000+00:00,0.0
2025-12-16 01:00:00.336000+00:00,0.0
2025-12-16 02:00:00.401000+00:00,0.0
2025-12-16 03:00:00.461000+00:00,0.0
2025-12-16 04:00:00.761000+00:00,1.25e-07
2025-12-16 05:00:00.199000+00:00,1.25e-07
2025-12-16 06:00:00.348000+00:00,0.0
2025-12-16 07:00:00.231000+00:00,0.0
2025-12-16 08:00:00.575000+00:00,0.0
2025-12-16 09:00:00.255000+00:00,0.0
2025-12-16 10:00:00.279000+00:00,0.0
2025-12-16 11:00:00.474000+00:00,-4.5e-06
2025-12-16 12:00:00.182000+00:00,0.0
2025-12-16 13:00:00.197000+00:00,0.0
2025-12-16 14:00:00.524000+00:00,0.0
2025-12-16 15:00:00.096000+00:00,0.0
2025-12-16 16:00:00.511000+00:00,0.0
2025-12-16 17:00:00.354000+00:00,0.0
2025-12-16 18:00:00.438000+00:00,0.0
2025-12-16 19:00:00.467000+00:00,0.0
2025-12-16 20:00:00.157000+00:00,0.0
2025-12-16 21:00:00.075000+00:00,0.0
2025-12-16 22:00:00.416000+00:00,0.0
2025-12-16 23:00:00.301000+00:00,0.0
2025-12-17 00:00:00.068000+00:00,0.0
2025-12-17 01:00:00.045000+00:00,0.0
2025-12-17 02:00:00.132000+00:00,0.0
2025-12-17 03:00:00.560000+00:00,0.0
2025-12-17 04:00:00.650000+00:00,0.0
2025-12-17 05:00:00.284000+00:00,5e-07
2025-12-17 06:00:00.285000+00:00,1.375e-06
2025-12-17 07:00:00.009000+00:00,0.0
2025-12-17 08:00:00.390000+00:00,0.0
2025-12-17 09:00:00.243000+00:00,0.0
2025-12-17 10:00:00.716000+00:00,0.0
2025-12-17 11:00:00.095000+00:00,0.0
2025-12-17 12:00:00.080000+00:00,0.0
2025-12-17 13:00:00.310000+00:00,0.0
2025-12-17 14:00:00.283000+00:00,0.0
2025-12-17 15:00:00.449000+00:00,0.0
2025-12-17 16:00:00.208000+00:00,0.0
2025-12-17 17:00:00.390000+00:00,0.0
2025-12-17 18:00:00.665000+00:00,0.0
2025-12-17 19:00:00.184000+00:00,0.0
2025-12-17 20:00:00.618000+00:00,0.0
2025-12-17 21:00:00.422000+00:00,0.0
2025-12-17 22:00:00.552000+00:00,3e-06
2025-12-17 23:00:00.165000+00:00,0.0
2025-12-18 00:00:00.557000+00:00,0.0
2025-12-18 01:00:00.140000+00:00,1.25e-07
2025-12-18 02:00:00.941000+00:00,0.0
2025-12-18 03:00:00.432000+00:00,2.375e-06
2025-12-18 04:00:00.327000+00:00,8.75e-07
2025-12-18 05:00:00.292000+00:00,0.0
2025-12-18 06:00:00.006000+00:00,0.0
2025-12-18 07:00:00.424000+00:00,0.0
2025-12-18 08:00:00.654000+00:00,0.0
2025-12-18 09:00:00.123000+00:00,0.0
2025-12-18 10:00:00.326000+00:00,0.0
2025-12-18 11:00:00.677000+00:00,0.0
2025-12-18 12:00:00.447000+00:00,0.0
2025-12-18 13:00:00.390000+00:00,0.0
2025-12-18 14:00:00.022000+00:00,0.0
2025-12-18 15:00:00.580000+00:00,0.0
2025-12-18 16:00:00.102000+00:00,0.0
2025-12-18 17:00:00.371000+00:00,0.0
2025-12-18 18:00:00.553000+00:00,0.0
2025-12-18 19:00:00.454000+00:00,1.25e-07
2025-12-18 20:00:00.562000+00:00,1.75e-06
2025-12-18 21:00:00.163000+00:00,2.2625e-05
2025-12-18 22:00:00.528000+00:00,6.875e-05
2025-12-18 23:00:00.379000+00:00,6.6875e-05
2025-12-19 00:00:00.100000+00:00,3.2375e-05
2025-12-19 01:00:00.324000+00:00,6e-05
2025-12-19 02:00:00.740000+00:00,7.75e-05
2025-12-19 03:00:00.412000+00:00,5.525e-05
2025-12-19 04:00:00.528000+00:00,4.7125e-05
2025-12-19 05:00:00.507000+00:00,0.00011475
2025-12-19 06:00:00.443000+00:00,4.3375e-05
2025-12-19 07:00:00.218000+00:00,1.175e-05
2025-12-19 08:00:00.524000+00:00,2.5e-06
2025-12-19 09:00:00.232000+00:00,0.0
2025-12-19 10:00:00.374000+00:00,0.0
2025-12-19 11:00:00.418000+00:00,0.0
2025-12-19 12:00:00.520000+00:00,0.0
2025-12-19 13:00:00.128000+00:00,0.0
2025-12-19 14:00:00.472000+00:00,0.0
2025-12-19 15:00:00.685000+00:00,0.0
2025-12-19 16:00:00.217000+00:00,0.0
2025-12-19 17:00:00.198000+00:00,0.0
2025-12-19 18:00:00.305000+00:00,0.0
2025-12-19 19:00:00.445000+00:00,0.0
2025-12-19 20:00:00.112000+00:00,0.0
2025-12-19 21:00:00.220000+00:00,0.0
2025-12-19 22:00:00.244000+00:00,0.0
2025-12-19 23:00:00.096000+00:00,0.0
2025-12-20 00:00:00.094000+00:00,0.0
2025-12-20 01:00:00.050000+00:00,0.0
2025-12-20 02:00:00.235000+00:00,0.0
2025-12-20 03:00:00.181000+00:00,0.0
2025-12-20 04:00:00.834000+00:00,0.0
2025-12-20 05:00:00.381000+00:00,0.0
2025-12-20 06:00:00.118000+00:00,0.0
2025-12-20 07:00:00.233000+00:00,0.0
2025-12-20 08:00:00.583000+00:00,0.0
2025-12-20 09:00:00.747000+00:00,0.0
2025-12-20 10:00:00.631000+00:00,0.0
2025-12-20 11:00:00.182000+00:00,0.0
2025-12-20 12:00:00.564000+00:00,0.0
2025-12-20 13:00:00.546000+00:00,0.0
2025-12-20 14:00:00.454000+00:00,0.0
2025-12-20 15:00:00.247000+00:00,0.0
2025-12-20 16:00:00.207000+00:00,0.0
2025-12-20 17:00:00.306000+00:00,0.0
2025-12-20 18:00:00.178000+00:00,0.0
2025-12-20 19:00:00.180000+00:00,0.0
2025-12-20 20:00:00.023000+00:00,0.0
2025-12-20 21:00:00.205000+00:00,0.0
2025-12-20 22:00:00.494000+00:00,0.0
2025-12-20 23:00:00.100000+00:00,0.0
2025-12-21 00:00:00.218000+00:00,0.0
2025-12-21 01:00:00.295000+00:00,0.0
2025-12-21 02:00:00.314000+00:00,0.0
2025-12-21 03:00:00.316000+00:00,0.0
2025-12-21 04:00:00.670000+00:00,0.0
2025-12-21 05:00:00.455000+00:00,0.0
2025-12-21 06:00:00.231000+00:00,0.0
2025-12-21 07:00:00.395000+00:00,0.0
2025-12-21 08:00:00.585000+00:00,0.0
2025-12-21 09:00:00.362000+00:00,0.0
2025-12-21 10:00:00.360000+00:00,0.0
2025-12-21 11:00:00.049000+00:00,0.0
2025-12-21 12:00:00.325000+00:00,0.0
2025-12-21 13:00:00.509000+00:00,0.0
2025-12-21 14:00:00.420000+00:00,0.0
2025-12-21 15:00:00.151000+00:00,0.0
2025-12-21 16:00:00.107000+00:00,0.0
2025-12-21 17:00:00.423000+00:00,0.0
2025-12-21 18:00:00.201000+00:00,0.0
2025-12-21 19:00:00.298000+00:00,0.0
2025-12-21 20:00:00.235000+00:00,0.0
2025-12-21 21:00:00.488000+00:00,0.0
2025-12-21 22:00:00.392000+00:00,0.0
2025-12-21 23:00:00.445000+00:00,-1e-06
2025-12-22 00:00:00.409000+00:00,0.0
2025-12-22 01:00:00.334000+00:00,-1.25e-07
2025-12-22 02:00:00.348000+00:00,-2.5e-07
2025-12-22 03:00:00.257000+00:00,0.0
2025-12-22 04:00:00.011000+00:00,0.0
2025-12-22 05:00:00.277000+00:00,0.0
2025-12-22 06:00:00.055000+00:00,-1.25e-07
2025-12-22 07:00:00.560000+00:00,0.0
2025-12-22 08:00:00.017000+00:00,0.0
2025-12-22 09:00:00.142000+00:00,0.0
2025-12-22 10:00:00.449000+00:00,0.0
2025-12-22 11:00:00.339000+00:00,0.0
2025-12-22 12:00:00.401000+00:00,3.375e-06
2025-12-22 13:00:00.617000+00:00,5.375e-06
2025-12-22 14:00:00.203000+00:00,0.0
2025-12-22 15:00:00.153000+00:00,0.0
2025-12-22 16:00:00.367000+00:00,0.0
2025-12-22 17:00:00.148000+00:00,0.0
2025-12-22 18:00:00.535000+00:00,0.0
2025-12-22 19:00:00.344000+00:00,0.0
2025-12-22 20:00:00.425000+00:00,0.0
2025-12-22 21:00:00.222000+00:00,0.0
2025-12-22 22:00:00.142000+00:00,0.0
2025-12-22 23:00:00.146000+00:00,0.0
2025-12-23 00:00:00.334000+00:00,0.0
2025-12-23 01:00:00.014000+00:00,0.0
2025-12-23 02:00:00.453000+00:00,0.0
2025-12-23 03:00:00.199000+00:00,0.0
2025-12-23 04:00:00.548000+00:00,0.0
2025-12-23 05:00:00.541000+00:00,0.0
2025-12-23 06:00:00.365000+00:00,0.0
2025-12-23 07:00:00.471000+00:00,0.0
2025-12-23 08:00:00.483000+00:00,0.0
2025-12-23 09:00:00.204000+00:00,0.0
2025-12-23 10:00:00.047000+00:00,0.0
2025-12-23 11:00:00.396000+00:00,0.0
2025-12-23 12:00:00.447000+00:00,0.0
2025-12-23 13:00:00+00:00,0.0
2025-12-23 14:00:00.479000+00:00,0.0
2025-12-23 15:00:00.426000+00:00,0.0
2025-12-23 16:00:00.390000+00:00,0.0
2025-12-23 17:00:00.383000+00:00,0.0
2025-12-23 18:00:00.429000+00:00,0.0
2025-12-23 19:00:00.559000+00:00,0.0
2025-12-23 20:00:00.852000+00:00,0.0
2025-12-23 21:00:00.014000+00:00,0.0
2025-12-23 22:00:00.338000+00:00,0.0
2025-12-23 23:00:00.208000+00:00,0.0
2025-12-24 00:00:00.758000+00:00,0.0
2025-12-24 01:00:00.378000+00:00,0.0
2025-12-24 02:00:00.001000+00:00,0.0
2025-12-24 03:00:00.374000+00:00,0.0
2025-12-24 04:00:00.010000+00:00,0.0
2025-12-24 05:00:00.412000+00:00,0.0
2025-12-24 06:00:00.092000+00:00,0.0
2025-12-24 07:00:00.198000+00:00,0.0
2025-12-24 08:00:00.443000+00:00,0.0
2025-12-24 09:00:00.446000+00:00,0.0
2025-12-24 10:00:00.474000+00:00,0.0
2025-12-24 11:00:00.012000+00:00,0.0
2025-12-24 12:00:00.290000+00:00,0.0
2025-12-24 13:00:00.494000+00:00,0.0
2025-12-24 14:00:00.049000+00:00,0.0
2025-12-24 15:00:00.092000+00:00,0.0
2025-12-24 16:00:00.354000+00:00,0.0
2025-12-24 17:00:00.388000+00:00,0.0
2025-12-24 18:00:00.256000+00:00,0.0
2025-12-24 19:00:00.746000+00:00,0.0
2025-12-24 20:00:00.285000+00:00,0.0
2025-12-24 21:00:00.246000+00:00,0.0
2025-12-24 22:00:00.340000+00:00,0.0
2025-12-24 23:00:00.198000+00:00,0.0
2025-12-25 00:00:00.646000+00:00,0.0
2025-12-25 01:00:00.181000+00:00,0.0
2025-12-25 02:00:00.411000+00:00,0.0
2025-12-25 03:00:00.046000+00:00,0.0
2025-12-25 04:00:00.633000+00:00,0.0
2025-12-25 05:00:00.941000+00:00,0.0
2025-12-25 06:00:00.379000+00:00,0.0
2025-12-25 07:00:00.199000+00:00,0.0
2025-12-25 08:00:00.005000+00:00,-1.25e-07
2025-12-25 09:00:00.160000+00:00,-1.25e-07
2025-12-25 10:00:00.022000+00:00,0.0
2025-12-25 11:00:00.116000+00:00,0.0
2025-12-25 12:00:00.487000+00:00,-7.5e-07
2025-12-25 13:00:00.547000+00:00,0.0
2025-12-25 14:00:00.171000+00:00,0.0
2025-12-25 15:00:00.519000+00:00,-1.75e-06
2025-12-25 16:00:00.433000+00:00,-5e-07
2025-12-25 17:00:00.381000+00:00,0.0
2025-12-25 18:00:00.259000+00:00,0.0
2025-12-25 19:00:00.249000+00:00,0.0
2025-12-25 20:00:00.174000+00:00,0.0
2025-12-25 21:00:00.388000+00:00,0.0
2025-12-25 22:00:00.411000+00:00,0.0
2025-12-25 23:00:00.154000+00:00,0.0
2025-12-26 00:00:00.472000+00:00,0.0
2025-12-26 01:00:00.190000+00:00,0.0
2025-12-26 02:00:00.296000+00:00,1.25e-06
2025-12-26 03:00:00.673000+00:00,1.6625e-05
2025-12-26 04:00:00.081000+00:00,3.65e-05
2025-12-26 05:00:00.522000+00:00,2.45e-05
2025-12-26 06:00:00.307000+00:00,2.1125e-05
2025-12-26 07:00:00.101000+00:00,4.25e-06
2025-12-26 08:00:00.273000+00:00,0.0
2025-12-26 09:00:00.181000+00:00,0.0
2025-12-26 10:00:00.209000+00:00,0.0
2025-12-26 11:00:00.523000+00:00,0.0
2025-12-26 12:00:00.450000+00:00,0.0
2025-12-26 13:00:00.605000+00:00,0.0
2025-12-26 14:00:00.546000+00:00,0.0
2025-12-26 15:00:00.320000+00:00,0.0
2025-12-26 16:00:00.272000+00:00,0.0
2025-12-26 17:00:00.299000+00:00,0.0
2025-12-26 18:00:00.594000+00:00,0.0
2025-12-26 19:00:00.160000+00:00,0.0
2025-12-26 20:00:00.808000+00:00,0.0
2025-12-26 21:00:00.270000+00:00,-2.5e-07
2025-12-26 22:00:00.828000+00:00,0.0
2025-12-26 23:00:00.477000+00:00,0.0
2025-12-27 00:00:00.441000+00:00,0.0
2025-12-27 01:00:00.173000+00:00,0.0
2025-12-27 02:00:00.300000+00:00,-2.5e-07
2025-12-27 03:00:00.325000+00:00,0.0
2025-12-27 04:00:00.247000+00:00,0.0
2025-12-27 05:00:00.452000+00:00,0.0
2025-12-27 06:00:00.269000+00:00,0.0
2025-12-27 07:00:00.144000+00:00,0.0
2025-12-27 08:00:00.145000+00:00,0.0
2025-12-27 09:00:00.309000+00:00,0.0
2025-12-27 10:00:00.434000+00:00,0.0
2025-12-27 11:00:00.010000+00:00,0.0
2025-12-27 12:00:00.406000+00:00,0.0
2025-12-27 13:00:00.254000+00:00,0.0
2025-12-27 14:00:00.587000+00:00,0.0
2025-12-27 15:00:00.597000+00:00,0.0
2025-12-27 16:00:00.415000+00:00,0.0
2025-12-27 17:00:00.479000+00:00,0.0
2025-12-27 18:00:00.555000+00:00,0.0
2025-12-27 19:00:00.389000+00:00,0.0
2025-12-27 20:00:00.036000+00:00,6.25e-07
2025-12-27 21:00:00.141000+00:00,2.875e-06
2025-12-27 22:00:00.103000+00:00,3.75e-07
2025-12-27 23:00:00.547000+00:00,1.375e-06
2025-12-28 00:00:00.319000+00:00,1.125e-05
2025-12-28 01:00:00.259000+00:00,9.5e-06
2025-12-28 02:00:00.273000+00:00,4.375e-06
2025-12-28 03:00:00.521000+00:00,3.75e-07
2025-12-28 04:00:00.600000+00:00,1.25e-07
2025-12-28 05:00:00.143000+00:00,0.0
2025-12-28 06:00:00.277000+00:00,0.0
2025-12-28 07:00:00.246000+00:00,0.0
2025-12-28 08:00:00.188000+00:00,0.0
2025-12-28 09:00:00.214000+00:00,0.0
2025-12-28 10:00:00.353000+00:00,0.0
2025-12-28 11:00:00.024000+00:00,0.0
2025-12-28 12:00:00.274000+00:00,0.0
2025-12-28 13:00:00.371000+00:00,0.0
2025-12-28 14:00:00.457000+00:00,0.0
2025-12-28 15:00:00.222000+00:00,0.0
2025-12-28 16:00:00.340000+00:00,0.0
2025-12-28 17:00:00.436000+00:00,0.0
2025-12-28 18:00:00.372000+00:00,0.0
2025-12-28 19:00:00.739000+00:00,7.5e-07
2025-12-28 20:00:00.071000+00:00,1.5e-06
2025-12-28 21:00:00.609000+00:00,2.7125e-05
2025-12-28 22:00:00.415000+00:00,1.425e-05
2025-12-28 23:00:00.609000+00:00,9.5e-06
2025-12-29 00:00:00.547000+00:00,1.75e-06
2025-12-29 01:00:00.287000+00:00,7.5e-07
2025-12-29 02:00:00.480000+00:00,7.5e-07
2025-12-29 03:00:00.631000+00:00,0.0
2025-12-29 04:00:00.258000+00:00,0.0
2025-12-29 05:00:00.082000+00:00,0.0
2025-12-29 06:00:00.397000+00:00,0.0
2025-12-29 07:00:01.237000+00:00,0.0
2025-12-29 08:00:00.189000+00:00,0.0
2025-12-29 09:00:00.014000+00:00,0.0
2025-12-29 10:00:00.226000+00:00,0.0
2025-12-29 11:00:00.644000+00:00,0.0
2025-12-29 12:00:00.039000+00:00,0.0
2025-12-29 13:00:00.592000+00:00,0.0
2025-12-29 14:00:00.395000+00:00,0.0
2025-12-29 15:00:00.491000+00:00,0.0
2025-12-29 16:00:00.303000+00:00,0.0
2025-12-29 17:00:00.161000+00:00,0.0
2025-12-29 18:00:00.029000+00:00,0.0
2025-12-29 19:00:00.281000+00:00,0.0
2025-12-29 20:00:00.240000+00:00,0.0
2025-12-29 21:00:00.329000+00:00,0.0
2025-12-29 22:00:00.408000+00:00,0.0
2025-12-29 23:00:00.383000+00:00,0.0
2025-12-30 00:00:00.482000+00:00,0.0
2025-12-30 01:00:01.011000+00:00,0.0
2025-12-30 02:00:00.535000+00:00,0.0
2025-12-30 03:00:00.746000+00:00,0.0
2025-12-30 04:00:00.046000+00:00,0.0
2025-12-30 05:00:00.646000+00:00,0.0
2025-12-30 06:00:00.497000+00:00,0.0
2025-12-30 07:00:00.408000+00:00,0.0
2025-12-30 08:00:00.255000+00:00,0.0
2025-12-30 09:00:00.390000+00:00,0.0
2025-12-30 10:00:00.128000+00:00,0.0
2025-12-30 11:00:00.606000+00:00,0.0
2025-12-30 12:00:00.357000+00:00,0.0
2025-12-30 13:00:00.248000+00:00,0.0
2025-12-30 14:00:00.678000+00:00,0.0
2025-12-30 15:00:00.146000+00:00,0.0
2025-12-30 16:00:00.045000+00:00,0.0
2025-12-30 17:00:00.390000+00:00,0.0
2025-12-30 18:00:00.511000+00:00,0.0
2025-12-30 19:00:00.400000+00:00,0.0
2025-12-30 20:00:00.123000+00:00,0.0
2025-12-30 21:00:00.502000+00:00,0.0
2025-12-30 22:00:00.076000+00:00,0.0
2025-12-30 23:00:00.392000+00:00,1e-06
2025-12-31 00:00:00.179000+00:00,2e-06
2025-12-31 01:00:00.671000+00:00,5e-07
2025-12-31 02:00:00.447000+00:00,3.75e-07
2025-12-31 03:00:00.008000+00:00,0.0
2025-12-31 04:00:00.489000+00:00,0.0
2025-12-31 05:00:00.460000+00:00,5e-07
2025-12-31 06:00:00.677000+00:00,0.0
2025-12-31 07:00:00.444000+00:00,0.0
2025-12-31 08:00:00.489000+00:00,0.0
2025-12-31 09:00:00.146000+00:00,0.0
2025-12-31 10:00:00.107000+00:00,0.0
2025-12-31 11:00:00.646000+00:00,0.0
2025-12-31 12:00:00.362000+00:00,0.0
2025-12-31 13:00:00.342000+00:00,0.0
2025-12-31 14:00:00.191000+00:00,0.0
2025-12-31 15:00:00.618000+00:00,0.0
2025-12-31 16:00:00.197000+00:00,0.0
2025-12-31 17:00:00.150000+00:00,0.0
2025-12-31 18:00:00.377000+00:00,0.0
2025-12-31 19:00:00.621000+00:00,0.0
2025-12-31 20:00:00.195000+00:00,0.0
2025-12-31 21:00:00.547000+00:00,0.0
2025-12-31 22:00:00.391000+00:00,6.25e-07
2025-12-31 23:00:00.314000+00:00,2.5e-07
2026-01-01 00:00:00.242000+00:00,0.0
2026-01-01 01:00:00.264000+00:00,2.625e-06
2026-01-01 02:00:00.052000+00:00,1.5125e-05
2026-01-01 03:00:00.415000+00:00,5.375e-06
2026-01-01 04:00:00.158000+00:00,3.5e-06
2026-01-01 05:00:00.306000+00:00,3.25e-06
2026-01-01 06:00:00.451000+00:00,8.625e-06
2026-01-01 07:00:00.322000+00:00,4.25e-06
2026-01-01 08:00:00.308000+00:00,1.4e-05
2026-01-01 09:00:00.487000+00:00,2.625e-06
2026-01-01 10:00:00.198000+00:00,7.5e-07
2026-01-01 11:00:00.374000+00:00,0.0
2026-01-01 12:00:00.025000+00:00,0.0
2026-01-01 13:00:00.376000+00:00,6.25e-07
2026-01-01 14:00:00.474000+00:00,0.0
2026-01-01 15:00:00.251000+00:00,0.0
2026-01-01 16:00:00.364000+00:00,0.0
2026-01-01 17:00:00.303000+00:00,0.0
2026-01-01 18:00:00.305000+00:00,0.0
2026-01-01 19:00:00.347000+00:00,0.0
2026-01-01 20:00:00.303000+00:00,0.0
2026-01-01 21:00:00.531000+00:00,0.0
2026-01-01 22:00:00.643000+00:00,0.0
2026-01-01 23:00:00.173000+00:00,0.0
2026-01-02 00:00:00.555000+00:00,0.0
2026-01-02 01:00:00.287000+00:00,6.25e-07
2026-01-02 02:00:00.750000+00:00,4.75e-06
2026-01-02 03:00:00.215000+00:00,3e-06
2026-01-02 04:00:00.648000+00:00,8.75e-07
2026-01-02 05:00:00.206000+00:00,2.25e-06
2026-01-02 06:00:00.184000+00:00,2.5e-07
2026-01-02 07:00:00.455000+00:00,0.0
2026-01-02 08:00:00.233000+00:00,0.0
2026-01-02 09:00:00.401000+00:00,0.0
2026-01-02 10:00:00.044000+00:00,0.0
2026-01-02 11:00:00.336000+00:00,0.0
2026-01-02 12:00:00.283000+00:00,0.0
2026-01-02 13:00:00.302000+00:00,5e-07
2026-01-02 14:00:00.017000+00:00,0.0
2026-01-02 15:00:00.465000+00:00,0.0
2026-01-02 16:00:00.449000+00:00,0.0
2026-01-02 17:00:00.424000+00:00,0.0
2026-01-02 18:00:00.466000+00:00,0.0
2026-01-02 19:00:00.035000+00:00,0.0
2026-01-02 20:00:00.165000+00:00,0.0
2026-01-02 21:00:00.640000+00:00,0.0
2026-01-02 22:00:00.297000+00:00,0.0
2026-01-02 23:00:00.820000+00:00,0.0
2026-01-03 00:00:00.448000+00:00,0.0
2026-01-03 01:00:00.597000+00:00,0.0
2026-01-03 02:00:00.172000+00:00,0.0
2026-01-03 03:00:00.295000+00:00,0.0
2026-01-03 04:00:00.134000+00:00,0.0
2026-01-03 05:00:00.299000+00:00,0.0
2026-01-03 06:00:00.360000+00:00,0.0
2026-01-03 07:00:00.142000+00:00,0.0
2026-01-03 08:00:00.397000+00:00,0.0
2026-01-03 09:00:00.077000+00:00,0.0
2026-01-03 10:00:00.225000+00:00,0.0
2026-01-03 11:00:00.392000+00:00,0.0
2026-01-03 12:00:00.535000+00:00,0.0
2026-01-03 13:00:00.050000+00:00,0.0
2026-01-03 14:00:00.223000+00:00,0.0
2026-01-03 15:00:00.105000+00:00,0.0
2026-01-03 16:00:00.512000+00:00,0.0
2026-01-03 17:00:00.545000+00:00,0.0
2026-01-03 18:00:00.455000+00:00,0.0
2026-01-03 19:00:00.745000+00:00,0.0
2026-01-03 20:00:00.318000+00:00,0.0
2026-01-03 21:00:00.077000+00:00,0.0
2026-01-03 22:00:00.346000+00:00,0.0
2026-01-03 23:00:00.070000+00:00,2.5e-07
2026-01-04 00:00:00.486000+00:00,6.25e-07
2026-01-04 01:00:00.590000+00:00,7.5e-07
2026-01-04 02:00:00.499000+00:00,6.125e-06
2026-01-04 03:00:00.207000+00:00,2.25e-06
2026-01-04 04:00:00.382000+00:00,1.025e-05
2026-01-04 05:00:00.044000+00:00,1.0125e-05
2026-01-04 06:00:00.157000+00:00,3.25e-06
2026-01-04 07:00:00.318000+00:00,4.875e-06
2026-01-04 08:00:00.173000+00:00,1.4e-05
2026-01-04 09:00:00.483000+00:00,8.75e-06
2026-01-04 10:00:00.024000+00:00,2.2375e-05
2026-01-04 11:00:00.094000+00:00,3.45e-05
2026-01-04 12:00:00.086000+00:00,3.025e-05
2026-01-04 13:00:00.319000+00:00,2.35e-05
2026-01-04 14:00:00.472000+00:00,2.125e-06
2026-01-04 15:00:00.983000+00:00,6.5e-06
2026-01-04 16:00:00.295000+00:00,1.5e-06
2026-01-04 17:00:00.196000+00:00,7.5e-07
2026-01-04 18:00:00.302000+00:00,1.875e-06
2026-01-04 19:00:00.496000+00:00,3.75e-07
2026-01-04 20:00:00.578000+00:00,7.5e-07
2026-01-04 21:00:00.024000+00:00,0.0
2026-01-04 22:00:00.560000+00:00,0.0
2026-01-04 23:00:00.398000+00:00,0.0
2026-01-05 00:00:00.143000+00:00,0.0
2026-01-05 01:00:00.253000+00:00,0.0
2026-01-05 02:00:00.325000+00:00,0.0
2026-01-05 03:00:00.044000+00:00,0.0
2026-01-05 04:00:00.140000+00:00,0.0
2026-01-05 05:00:00.363000+00:00,0.0
2026-01-05 06:00:00.403000+00:00,0.0
2026-01-05 07:00:00.636000+00:00,0.0
2026-01-05 08:00:00.294000+00:00,1.375e-06
2026-01-05 09:00:00.181000+00:00,2.375e-06
2026-01-05 10:00:00.591000+00:00,5e-07
2026-01-05 11:00:00.408000+00:00,0.0
2026-01-05 12:00:00.529000+00:00,0.0
2026-01-05 13:00:00.550000+00:00,0.0
2026-01-05 14:00:00.560000+00:00,0.0
2026-01-05 15:00:00.010000+00:00,0.0
2026-01-05 16:00:00.049000+00:00,0.0
2026-01-05 17:00:00.026000+00:00,0.0
2026-01-05 18:00:00.248000+00:00,0.0
2026-01-05 19:00:00.093000+00:00,0.0
2026-01-05 20:00:00.094000+00:00,0.0
2026-01-05 21:00:00.166000+00:00,-6.25e-07
2026-01-05 22:00:00.223000+00:00,0.0
2026-01-05 23:00:00.405000+00:00,0.0
2026-01-06 00:00:00.633000+00:00,0.0
2026-01-06 01:00:00.590000+00:00,0.0
2026-01-06 02:00:00.387000+00:00,0.0
2026-01-06 03:00:00.269000+00:00,0.0
2026-01-06 04:00:00.105000+00:00,0.0
2026-01-06 05:00:00.423000+00:00,0.0
2026-01-06 06:00:00.002000+00:00,0.0
2026-01-06 07:00:00.227000+00:00,0.0
2026-01-06 08:00:00.329000+00:00,0.0
2026-01-06 09:00:00.164000+00:00,0.0
2026-01-06 10:00:00.038000+00:00,0.0
2026-01-06 11:00:00.471000+00:00,0.0
2026-01-06 12:00:00.042000+00:00,0.0
2026-01-06 13:00:00.479000+00:00,0.0
2026-01-06 14:00:00+00:00,0.0
2026-01-06 15:00:00.256000+00:00,0.0
2026-01-06 16:00:00.334000+00:00,0.0
2026-01-06 17:00:00.519000+00:00,0.0
2026-01-06 18:00:00.144000+00:00,0.0
2026-01-06 19:00:00.841000+00:00,0.0
2026-01-06 20:00:00.451000+00:00,0.0
2026-01-06 21:00:00.472000+00:00,0.0
2026-01-06 22:00:00.393000+00:00,0.0
2026-01-06 23:00:00.399000+00:00,0.0
2026-01-07 00:00:00.301000+00:00,0.0
2026-01-07 01:00:00.207000+00:00,0.0
2026-01-07 02:00:00.011000+00:00,0.0
2026-01-07 03:00:00.481000+00:00,0.0
2026-01-07 04:00:00.013000+00:00,0.0
2026-01-07 05:00:00.404000+00:00,1.25e-07
2026-01-07 06:00:00.317000+00:00,1.25e-07
2026-01-07 07:00:00.201000+00:00,0.0
2026-01-07 08:00:00.510000+00:00,6.25e-07
2026-01-07 09:00:00.168000+00:00,1e-06
2026-01-07 10:00:00.281000+00:00,2.5e-07
2026-01-07 11:00:00.577000+00:00,6e-06
2026-01-07 12:00:00.591000+00:00,3.75e-05
2026-01-07 13:00:00.568000+00:00,6.525e-05
2026-01-07 14:00:00.783000+00:00,4.2125e-05
2026-01-07 15:00:00.605000+00:00,7.5e-07
2026-01-07 16:00:00.466000+00:00,0.0
2026-01-07 17:00:00.098000+00:00,0.0
2026-01-07 18:00:00.370000+00:00,0.0
2026-01-07 19:00:00.046000+00:00,0.0
2026-01-07 20:00:00.014000+00:00,0.0
2026-01-07 21:00:00.264000+00:00,0.0
2026-01-07 22:00:00.668000+00:00,0.0
2026-01-07 23:00:00.385000+00:00,0.0
2026-01-08 00:00:00.396000+00:00,0.0
2026-01-08 01:00:00.157000+00:00,0.0
2026-01-08 02:00:00.544000+00:00,0.0
2026-01-08 03:00:00.149000+00:00,0.0
2026-01-08 04:00:00.224000+00:00,0.0
2026-01-08 05:00:00.195000+00:00,0.0
2026-01-08 06:00:00.934000+00:00,0.0
2026-01-08 07:00:00.326000+00:00,0.0
2026-01-08 08:00:00.586000+00:00,0.0
2026-01-08 09:00:00.635000+00:00,0.0
2026-01-08 10:00:00.279000+00:00,0.0
2026-01-08 11:00:00.592000+00:00,0.0
2026-01-08 12:00:00.244000+00:00,0.0
2026-01-08 13:00:00.229000+00:00,0.0
2026-01-08 14:00:00.170000+00:00,0.0
2026-01-08 15:00:00.404000+00:00,0.0
2026-01-08 16:00:00.029000+00:00,0.0
2026-01-08 17:00:00.331000+00:00,0.0
2026-01-08 18:00:00.102000+00:00,0.0
2026-01-08 19:00:00.255000+00:00,0.0
2026-01-08 20:00:00.744000+00:00,0.0
2026-01-08 21:00:00.498000+00:00,0.0
2026-01-08 22:00:00.404000+00:00,0.0
2026-01-08 23:00:00.127000+00:00,0.0
2026-01-09 00:00:00.121000+00:00,0.0
2026-01-09 01:00:00.346000+00:00,0.0
2026-01-09 02:00:00.597000+00:00,0.0
2026-01-09 03:00:00.453000+00:00,0.0
2026-01-09 04:00:00.975000+00:00,0.0
2026-01-09 05:00:00.451000+00:00,0.0
2026-01-09 06:00:00.527000+00:00,0.0
2026-01-09 07:00:00.030000+00:00,1e-06
2026-01-09 08:00:00.381000+00:00,0.0
2026-01-09 09:00:00.620000+00:00,0.0
2026-01-09 10:00:00.628000+00:00,0.0
2026-01-09 11:00:00.193000+00:00,0.0
2026-01-09 12:00:00.135000+00:00,0.0
2026-01-09 13:00:00.130000+00:00,0.0
2026-01-09 14:00:00.569000+00:00,0.0
2026-01-09 15:00:00.078000+00:00,0.0
2026-01-09 16:00:00.343000+00:00,0.0
2026-01-09 17:00:00.584000+00:00,0.0
2026-01-09 18:00:00.282000+00:00,0.0
2026-01-09 19:00:00.399000+00:00,0.0
2026-01-09 20:00:00.376000+00:00,0.0
2026-01-09 21:00:00.791000+00:00,0.0
2026-01-09 22:00:00.252000+00:00,0.0
2026-01-09 23:00:00.085000+00:00,0.0
2026-01-10 00:00:00.544000+00:00,0.0
2026-01-10 01:00:00.286000+00:00,0.0
2026-01-10 02:00:00.193000+00:00,0.0
2026-01-10 03:00:00.616000+00:00,0.0
2026-01-10 04:00:00.583000+00:00,0.0
2026-01-10 05:00:00.202000+00:00,0.0
2026-01-10 06:00:00.508000+00:00,0.0
2026-01-10 07:00:00.440000+00:00,5e-07
2026-01-10 08:00:00.577000+00:00,3.75e-07
2026-01-10 09:00:00.728000+00:00,0.0
2026-01-10 10:00:00.233000+00:00,1.875e-06
2026-01-10 11:00:00.050000+00:00,3.75e-07
2026-01-10 12:00:00.597000+00:00,0.0
2026-01-10 13:00:00.246000+00:00,0.0
2026-01-10 14:00:00.507000+00:00,0.0
2026-01-10 15:00:00.311000+00:00,0.0
2026-01-10 16:00:00.106000+00:00,6.25e-07
2026-01-10 17:00:00.414000+00:00,0.0
2026-01-10 18:00:00.030000+00:00,0.0
2026-01-10 19:00:00.171000+00:00,0.0
2026-01-10 20:00:00.153000+00:00,1.25e-07
2026-01-10 21:00:00.147000+00:00,0.0
2026-01-10 22:00:00.464000+00:00,0.0
2026-01-10 23:00:00.605000+00:00,0.0
2026-01-11 00:00:00.243000+00:00,0.0
2026-01-11 01:00:00.430000+00:00,0.0
2026-01-11 02:00:00.482000+00:00,3.75e-07
2026-01-11 03:00:00.592000+00:00,8.75e-07
2026-01-11 04:00:00.126000+00:00,0.0
2026-01-11 05:00:00.219000+00:00,5e-07
2026-01-11 06:00:00.382000+00:00,2.5e-07
2026-01-11 07:00:00.196000+00:00,2.75e-06
2026-01-11 08:00:00.378000+00:00,5.25e-06
2026-01-11 09:00:00.757000+00:00,2e-06
2026-01-11 10:00:00.160000+00:00,1.875e-06
2026-01-11 11:00:00.513000+00:00,1.625e-06
2026-01-11 12:00:00.746000+00:00,0.0
2026-01-11 13:00:00.442000+00:00,3.375e-06
2026-01-11 14:00:00.628000+00:00,1.125e-06
2026-01-11 15:00:00.182000+00:00,1.25e-07
2026-01-11 16:00:00.599000+00:00,1.25e-07
2026-01-11 17:00:00.256000+00:00,0.0
2026-01-11 18:00:00.198000+00:00,0.0
2026-01-11 19:00:00.556000+00:00,0.0
2026-01-11 20:00:00.102000+00:00,0.0
2026-01-11 21:00:00.561000+00:00,0.0
2026-01-11 22:00:00.090000+00:00,0.0
2026-01-11 23:00:00.193000+00:00,0.0
2026-01-12 00:00:00.004000+00:00,0.0
2026-01-12 01:00:00.351000+00:00,0.0
2026-01-12 02:00:00.180000+00:00,0.0
2026-01-12 03:00:00.196000+00:00,0.0
2026-01-12 04:00:00.106000+00:00,0.0
2026-01-12 05:00:00.143000+00:00,0.0
2026-01-12 06:00:00.198000+00:00,0.0
2026-01-12 07:00:00.368000+00:00,1.25e-07
2026-01-12 08:00:00.297000+00:00,1.25e-07
2026-01-12 09:00:00.403000+00:00,0.0
2026-01-12 10:00:00.511000+00:00,0.0
2026-01-12 11:00:00.211000+00:00,3.375e-06
2026-01-12 12:00:00.085000+00:00,2.9375e-05
2026-01-12 13:00:00.192000+00:00,2.7625e-05
2026-01-12 14:00:00.329000+00:00,3.8875e-05
2026-01-12 15:00:00.693000+00:00,3.825e-05
2026-01-12 16:00:00.018000+00:00,4.6625e-05
2026-01-12 17:00:00.220000+00:00,3.225e-05
2026-01-12 18:00:00.381000+00:00,1.175e-05
2026-01-12 19:00:00.335000+00:00,3.25e-06
2026-01-12 20:00:00.327000+00:00,0.0
2026-01-12 21:00:00.130000+00:00,0.0
2026-01-12 22:00:00.297000+00:00,0.0
2026-01-12 23:00:00.293000+00:00,4.5e-06
2026-01-13 00:00:00.078000+00:00,5.75e-05
2026-01-13 01:00:00.027000+00:00,9.6e-05
2026-01-13 02:00:00.481000+00:00,7.75e-06
2026-01-13 03:00:00.346000+00:00,2.5e-06
2026-01-13 04:00:00.594000+00:00,0.0
2026-01-13 05:00:00.005000+00:00,2.25e-06
2026-01-13 06:00:00.798000+00:00,1.25e-06
2026-01-13 07:00:00.486000+00:00,2.875e-06
2026-01-13 08:00:00.028000+00:00,3.125e-06
2026-01-13 09:00:00.061000+00:00,1.125e-06
2026-01-13 10:00:00.342000+00:00,1e-06
2026-01-13 11:00:00.144000+00:00,7.375e-06
2026-01-13 12:00:00.103000+00:00,6.875e-06
2026-01-13 13:00:00.499000+00:00,7.625e-06
2026-01-13 14:00:00.381000+00:00,5e-07
2026-01-13 15:00:00.089000+00:00,9.875e-06
2026-01-13 16:00:00.485000+00:00,1.25e-05
2026-01-13 17:00:00.599000+00:00,0.0
2026-01-13 18:00:00.508000+00:00,0.0
2026-01-13 19:00:00.464000+00:00,0.0
2026-01-13 20:00:00.462000+00:00,0.0
2026-01-13 21:00:00.418000+00:00,3.75e-07
2026-01-13 22:00:00.284000+00:00,0.0
2026-01-13 23:00:00.143000+00:00,8.75e-07
2026-01-14 00:00:00.085000+00:00,0.0
2026-01-14 01:00:00.020000+00:00,0.0
2026-01-14 02:00:00.365000+00:00,0.0
2026-01-14 03:00:00.002000+00:00,0.0
2026-01-14 04:00:00.241000+00:00,0.0
2026-01-14 05:00:00.403000+00:00,2.5e-07
2026-01-14 06:00:00.487000+00:00,0.0
2026-01-14 07:00:00.682000+00:00,0.0
2026-01-14 08:00:00.216000+00:00,0.0
2026-01-14 09:00:00.042000+00:00,7.5e-07
2026-01-14 10:00:00.075000+00:00,8.75e-07
2026-01-14 11:00:00.633000+00:00,4.375e-06
2026-01-14 12:00:00.520000+00:00,8.375e-06
2026-01-14 13:00:00.248000+00:00,7e-06
2026-01-14 14:00:00.354000+00:00,4.75e-06
2026-01-14 15:00:00.171000+00:00,5e-07
2026-01-14 16:00:00.253000+00:00,0.0
2026-01-14 17:00:00.138000+00:00,0.0
2026-01-14 18:00:00.613000+00:00,0.0
2026-01-14 19:00:00.191000+00:00,0.0
2026-01-14 20:00:00.482000+00:00,5e-07
2026-01-14 21:00:00.341000+00:00,0.0
2026-01-14 22:00:00.202000+00:00,0.0
2026-01-14 23:00:00.728000+00:00,0.0
2026-01-15 00:00:00.100000+00:00,0.0
2026-01-15 01:00:00.669000+00:00,0.0
2026-01-15 02:00:00.390000+00:00,-2.5e-07
2026-01-15 03:00:00.440000+00:00,0.0
2026-01-15 04:00:00.020000+00:00,0.0
2026-01-15 05:00:00.546000+00:00,0.0
2026-01-15 06:00:00.237000+00:00,0.0
2026-01-15 07:00:00.069000+00:00,0.0
2026-01-15 08:00:00.055000+00:00,0.0
2026-01-15 09:00:00.238000+00:00,0.0
2026-01-15 10:00:00.318000+00:00,0.0
2026-01-15 11:00:00.458000+00:00,0.0
2026-01-15 12:00:00.469000+00:00,0.0
2026-01-15 13:00:00.169000+00:00,0.0
2026-01-15 14:00:00.726000+00:00,0.0
2026-01-15 15:00:00.158000+00:00,0.0
2026-01-15 16:00:00.496000+00:00,0.0
2026-01-15 17:00:00.476000+00:00,3.75e-07
2026-01-15 18:00:00.186000+00:00,0.0
2026-01-15 19:00:00.033000+00:00,0.0
2026-01-15 20:00:00.148000+00:00,0.0
2026-01-15 21:00:00.566000+00:00,0.0
2026-01-15 22:00:00.247000+00:00,0.0
2026-01-15 23:00:00.551000+00:00,0.0
2026-01-16 00:00:00.114000+00:00,0.0
2026-01-16 01:00:00.075000+00:00,0.0
2026-01-16 02:00:00.363000+00:00,0.0
2026-01-16 03:00:00.008000+00:00,0.0
2026-01-16 04:00:00.262000+00:00,0.0
2026-01-16 05:00:00.008000+00:00,1.5e-06
2026-01-16 06:00:00.388000+00:00,3.375e-06
2026-01-16 07:00:00.241000+00:00,1.475e-05
2026-01-16 08:00:00.107000+00:00,1.875e-06
2026-01-16 09:00:00.555000+00:00,9.5e-06
2026-01-16 10:00:00.512000+00:00,7.375e-06
2026-01-16 11:00:00.447000+00:00,3.0625e-05
2026-01-16 12:00:00.274000+00:00,6.2125e-05
2026-01-16 13:00:00.439000+00:00,5.175e-05
2026-01-16 14:00:00.311000+00:00,4.125e-05
2026-01-16 15:00:00.577000+00:00,4.7625e-05
2026-01-16 16:00:00.046000+00:00,3.425e-05
2026-01-16 17:00:00.007000+00:00,4.9625e-05
2026-01-16 18:00:00.348000+00:00,5.5625e-05
2026-01-16 19:00:00.281000+00:00,6.4875e-05
2026-01-16 20:00:00.454000+00:00,6.95e-05
2026-01-16 21:00:00.596000+00:00,6.0375e-05
2026-01-16 22:00:00.233000+00:00,1.075e-05
2026-01-16 23:00:00.098000+00:00,9.5e-06
2026-01-17 00:00:00.387000+00:00,3.375e-06
2026-01-17 01:00:00.198000+00:00,8.25e-06
2026-01-17 02:00:00.383000+00:00,1.8625e-05
2026-01-17 03:00:00.314000+00:00,1.775e-05
2026-01-17 04:00:00.349000+00:00,1.225e-05
2026-01-17 05:00:00.573000+00:00,5.375e-06
2026-01-17 06:00:00.713000+00:00,5e-06
2026-01-17 07:00:00.002000+00:00,3.75e-07
2026-01-17 08:00:00.463000+00:00,1.375e-06
2026-01-17 09:00:00.121000+00:00,2.5e-07
2026-01-17 10:00:00.252000+00:00,1.25e-07
2026-01-17 11:00:00.372000+00:00,2.5e-07
2026-01-17 12:00:00.428000+00:00,1.25e-06
2026-01-17 13:00:00.128000+00:00,0.0
2026-01-17 14:00:00.464000+00:00,1.25e-07
2026-01-17 15:00:00.451000+00:00,0.0
2026-01-17 16:00:00.571000+00:00,0.0
2026-01-17 17:00:00.195000+00:00,0.0
2026-01-17 18:00:00.859000+00:00,0.0
2026-01-17 19:00:00.470000+00:00,0.0
2026-01-17 20:00:00.262000+00:00,0.0
2026-01-17 21:00:00.070000+00:00,0.0
2026-01-17 22:00:00.626000+00:00,0.0
2026-01-17 23:00:00.555000+00:00,0.0
2026-01-18 00:00:00.353000+00:00,0.0
2026-01-18 01:00:00.130000+00:00,2.5e-07
2026-01-18 02:00:00.160000+00:00,1.875e-06
2026-01-18 03:00:00.365000+00:00,3.625e-06
2026-01-18 04:00:00.567000+00:00,6e-06
2026-01-18 05:00:00.520000+00:00,2.4625e-05
2026-01-18 06:00:00.500000+00:00,3.3e-05
2026-01-18 07:00:00.197000+00:00,6.55e-05
2026-01-18 08:00:00.057000+00:00,3.6875e-05
2026-01-18 09:00:00.297000+00:00,3.25e-05
2026-01-18 10:00:00.265000+00:00,2.5875e-05
2026-01-18 11:00:00.566000+00:00,1.875e-05
2026-01-18 12:00:00.183000+00:00,1.45e-05
2026-01-18 13:00:00.078000+00:00,2.75e-06
2026-01-18 14:00:00.704000+00:00,7.5e-07
2026-01-18 15:00:00.372000+00:00,0.0
2026-01-18 16:00:00.687000+00:00,0.0
2026-01-18 17:00:00.368000+00:00,0.0
2026-01-18 18:00:00.153000+00:00,0.0
2026-01-18 19:00:00.467000+00:00,0.0
2026-01-18 20:00:00.405000+00:00,0.0
2026-01-18 21:00:00.145000+00:00,0.0
2026-01-18 22:00:00.446000+00:00,0.0
2026-01-18 23:00:00.054000+00:00,0.0
2026-01-19 00:00:00.554000+00:00,0.0
2026-01-19 01:00:00.070000+00:00,0.0
2026-01-19 02:00:00.383000+00:00,0.0
2026-01-19 03:00:00.305000+00:00,0.0
2026-01-19 04:00:00.270000+00:00,0.0
2026-01-19 05:00:00.471000+00:00,0.0
2026-01-19 06:00:00.634000+00:00,0.0
2026-01-19 07:00:00.329000+00:00,0.0
2026-01-19 08:00:00.025000+00:00,0.0
2026-01-19 09:00:00.521000+00:00,0.0
2026-01-19 10:00:00.311000+00:00,0.0
2026-01-19 11:00:00.605000+00:00,0.0
2026-01-19 12:00:00.600000+00:00,1.25e-07
2026-01-19 13:00:00.090000+00:00,4.75e-06
2026-01-19 14:00:00.656000+00:00,4.625e-06
2026-01-19 15:00:00.344000+00:00,4.5e-06
2026-01-19 16:00:00.239000+00:00,2.8125e-05
2026-01-19 17:00:00.057000+00:00,1.9125e-05
2026-01-19 18:00:00.180000+00:00,1e-06
2026-01-19 19:00:00.513000+00:00,1.875e-06
2026-01-19 20:00:00.596000+00:00,0.0
2026-01-19 21:00:00.078000+00:00,0.0
2026-01-19 22:00:00.233000+00:00,1.5e-06
2026-01-19 23:00:00.261000+00:00,0.0
2026-01-20 00:00:00.686000+00:00,0.0
2026-01-20 01:00:00.062000+00:00,0.0
2026-01-20 02:00:00.357000+00:00,0.0
2026-01-20 03:00:00.080000+00:00,1.25e-07
2026-01-20 04:00:00.193000+00:00,1.125e-06
2026-01-20 05:00:00.120000+00:00,1.5e-06
2026-01-20 06:00:00.295000+00:00,0.0
2026-01-20 07:00:00.514000+00:00,3.125e-06
2026-01-20 08:00:00.489000+00:00,5.875e-06
2026-01-20 09:00:00.182000+00:00,1.7375e-05
2026-01-20 10:00:00.108000+00:00,2.7e-05
2026-01-20 11:00:00.564000+00:00,7.7125e-05
2026-01-20 12:00:00.245000+00:00,9.1125e-05
2026-01-20 13:00:00.079000+00:00,6.7125e-05
2026-01-20 14:00:00.420000+00:00,8.3375e-05
2026-01-20 15:00:00.073000+00:00,4.5e-05
2026-01-20 16:00:00.148000+00:00,4.375e-05
2026-01-20 17:00:00.682000+00:00,3.275e-05
2026-01-20 18:00:00.139000+00:00,1.7e-05
2026-01-20 19:00:00.647000+00:00,7.9375e-05
2026-01-20 20:00:00.313000+00:00,0.00010125
2026-01-20 21:00:00.643000+00:00,0.0001205
2026-01-20 22:00:00.110000+00:00,0.000115625
2026-01-20 23:00:00.247000+00:00,0.00012025
2026-01-21 00:00:00.108000+00:00,0.000139625
2026-01-21 01:00:00.257000+00:00,0.000190875
2026-01-21 02:00:00.247000+00:00,6.6375e-05
2026-01-21 03:00:00.388000+00:00,4.925e-05
2026-01-21 04:00:00.257000+00:00,6.525e-05
2026-01-21 05:00:00.413000+00:00,8.325e-05
2026-01-21 06:00:00.226000+00:00,6.9875e-05
2026-01-21 07:00:00.507000+00:00,3.65e-05
2026-01-21 08:00:00.199000+00:00,1.8875e-05
2026-01-21 09:00:00.411000+00:00,1.1e-05
2026-01-21 10:00:00.130000+00:00,3.375e-06
2026-01-21 11:00:00.424000+00:00,9.625e-06
2026-01-21 12:00:00.190000+00:00,6.2875e-05
2026-01-21 13:00:00.214000+00:00,7.7875e-05
2026-01-21 14:00:00.630000+00:00,7.9125e-05
2026-01-21 15:00:00.474000+00:00,6.6375e-05
2026-01-21 16:00:00.600000+00:00,1.5125e-05
2026-01-21 17:00:00.192000+00:00,7.5e-07
2026-01-21 18:00:00.462000+00:00,6.375e-06
2026-01-21 19:00:00.347000+00:00,0.0
2026-01-21 20:00:00.194000+00:00,2.2875e-05
2026-01-21 21:00:00.440000+00:00,2.625e-05
2026-01-21 22:00:00.393000+00:00,1.3125e-05
2026-01-21 23:00:00.112000+00:00,1.625e-05
2026-01-22 00:00:00.083000+00:00,5.125e-06
2026-01-22 01:00:00.142000+00:00,2.375e-06
2026-01-22 02:00:00.289000+00:00,1.0875e-05
2026-01-22 03:00:00.405000+00:00,1.0125e-05
2026-01-22 04:00:00.348000+00:00,1.75e-06
2026-01-22 05:00:00.193000+00:00,7.5e-06
2026-01-22 06:00:00.304000+00:00,9.5e-06
2026-01-22 07:00:00.406000+00:00,1.5875e-05
2026-01-22 08:00:00.867000+00:00,4.7125e-05
2026-01-22 09:00:00.575000+00:00,3.6875e-05
2026-01-22 10:00:00.342000+00:00,2.5875e-05
2026-01-22 11:00:00.354000+00:00,1.975e-05
2026-01-22 12:00:00.141000+00:00,5.125e-06
2026-01-22 13:00:00.157000+00:00,3e-06
2026-01-22 14:00:00.232000+00:00,7.5e-07
2026-01-22 15:00:00.394000+00:00,1.225e-05
2026-01-22 16:00:00.407000+00:00,5.4875e-05
2026-01-22 17:00:00.509000+00:00,1.7e-05
2026-01-22 18:00:00.124000+00:00,4.375e-06
2026-01-22 19:00:00.334000+00:00,2.5e-06
2026-01-22 20:00:00.265000+00:00,0.0
2026-01-22 21:00:00.271000+00:00,2.5e-07
2026-01-22 22:00:00.411000+00:00,3.75e-06
2026-01-22 23:00:00.053000+00:00,2.125e-06
2026-01-23 00:00:00.400000+00:00,1.25e-06
2026-01-23 01:00:00.428000+00:00,8.75e-07
2026-01-23 02:00:00.323000+00:00,0.0
2026-01-23 03:00:00.456000+00:00,5e-07
2026-01-23 04:00:00.094000+00:00,1.25e-07
2026-01-23 05:00:00.050000+00:00,1.25e-06
2026-01-23 06:00:00.590000+00:00,0.0
2026-01-23 07:00:00.130000+00:00,3.5e-06
2026-01-23 08:00:00.096000+00:00,1.2875e-05
2026-01-23 09:00:00.314000+00:00,1.3e-05
2026-01-23 10:00:00.245000+00:00,2.6e-05
2026-01-23 11:00:00.033000+00:00,7.8625e-05
2026-01-23 12:00:00.009000+00:00,7.425e-05
2026-01-23 13:00:00.627000+00:00,4.825e-05
2026-01-23 14:00:00.262000+00:00,3.575e-05
2026-01-23 15:00:00.424000+00:00,4.7e-05
2026-01-23 16:00:00.649000+00:00,6.9125e-05
2026-01-23 17:00:00.366000+00:00,3.1125e-05
2026-01-23 18:00:00.024000+00:00,5e-07
2026-01-23 19:00:00.095000+00:00,0.0
2026-01-23 20:00:00.529000+00:00,0.0
2026-01-23 21:00:00.505000+00:00,0.0
2026-01-23 22:00:00.474000+00:00,1.25e-07
2026-01-23 23:00:00.135000+00:00,2.375e-06
2026-01-24 00:00:00.256000+00:00,2.125e-06
2026-01-24 01:00:00.265000+00:00,1.725e-05
2026-01-24 02:00:00.391000+00:00,5.25e-05
2026-01-24 03:00:00.423000+00:00,6.875e-05
2026-01-24 04:00:00.064000+00:00,7.825e-05
2026-01-24 05:00:00.160000+00:00,7.25e-05
2026-01-24 06:00:00.372000+00:00,7.575e-05
2026-01-24 07:00:00.101000+00:00,7.8e-05
2026-01-24 08:00:00.219000+00:00,9.525e-05
2026-01-24 09:00:00.747000+00:00,9.3e-05
2026-01-24 10:00:00.350000+00:00,5.2625e-05
2026-01-24 11:00:00.124000+00:00,5.0125e-05
2026-01-24 12:00:00.015000+00:00,4.1125e-05
2026-01-24 13:00:00.498000+00:00,3.9875e-05
2026-01-24 14:00:00.071000+00:00,2.4125e-05
2026-01-24 15:00:00.811000+00:00,2.15e-05
2026-01-24 16:00:00.251000+00:00,1.6375e-05
2026-01-24 17:00:00.538000+00:00,1.5375e-05
2026-01-24 18:00:00.072000+00:00,2.4125e-05
2026-01-24 19:00:00.164000+00:00,4.675e-05
2026-01-24 20:00:00.214000+00:00,3.3e-05
2026-01-24 21:00:00.058000+00:00,3.1375e-05
2026-01-24 22:00:00.137000+00:00,3.925e-05
2026-01-24 23:00:00.317000+00:00,2.15e-05
2026-01-25 00:00:00.424000+00:00,1.1625e-05
2026-01-25 01:00:00.347000+00:00,1.8875e-05
2026-01-25 02:00:00.471000+00:00,1.025e-05
2026-01-25 03:00:00.461000+00:00,1.3625e-05
2026-01-25 04:00:00.143000+00:00,2e-06
2026-01-25 05:00:00.015000+00:00,5.375e-06
2026-01-25 06:00:00.297000+00:00,2.2875e-05
2026-01-25 07:00:00.554000+00:00,7.625e-06
2026-01-25 08:00:00.678000+00:00,4.625e-06
2026-01-25 09:00:00.403000+00:00,1.4625e-05
2026-01-25 10:00:00.569000+00:00,4.35e-05
2026-01-25 11:00:00.273000+00:00,6.2375e-05
2026-01-25 12:00:00.249000+00:00,7.3125e-05
2026-01-25 13:00:00.761000+00:00,7.975e-05
2026-01-25 14:00:00.401000+00:00,6.8e-05
2026-01-25 15:00:00.407000+00:00,6.5125e-05
2026-01-25 16:00:00.509000+00:00,7.2875e-05
2026-01-25 17:00:00.516000+00:00,4.6625e-05
2026-01-25 18:00:00.152000+00:00,5.6e-05
2026-01-25 19:00:00.402000+00:00,2.7e-05
2026-01-25 20:00:00.327000+00:00,3.7375e-05
2026-01-25 21:00:00.448000+00:00,5.0375e-05
2026-01-25 22:00:00.506000+00:00,7.2e-05
2026-01-25 23:00:00.154000+00:00,5.725e-05
2026-01-26 00:00:00.229000+00:00,3.1375e-05
2026-01-26 01:00:00.156000+00:00,6e-05
2026-01-26 02:00:00.706000+00:00,4.05e-05
2026-01-26 03:00:00.098000+00:00,2.75e-05
2026-01-26 04:00:00.247000+00:00,2.325e-05
2026-01-26 05:00:00.590000+00:00,1.45e-05
2026-01-26 06:00:00.150000+00:00,1.6125e-05
2026-01-26 07:00:00.323000+00:00,2.125e-06
2026-01-26 08:00:00.595000+00:00,6.25e-07
2026-01-26 09:00:00.119000+00:00,1.25e-06
2026-01-26 10:00:00.338000+00:00,2.5e-06
2026-01-26 11:00:00.293000+00:00,8.75e-07
2026-01-26 12:00:00.260000+00:00,1.25e-06
2026-01-26 13:00:00.366000+00:00,3.5e-06
2026-01-26 14:00:00.071000+00:00,1.2e-05
2026-01-26 15:00:00.483000+00:00,1e-06
2026-01-26 16:00:00.546000+00:00,0.0
2026-01-26 17:00:00.493000+00:00,0.0
2026-01-26 18:00:00.044000+00:00,0.0
2026-01-26 19:00:00.119000+00:00,0.0
2026-01-26 20:00:00.239000+00:00,0.0
2026-01-26 21:00:00.221000+00:00,2.5e-07
2026-01-26 22:00:00.537000+00:00,0.0
2026-01-26 23:00:00.048000+00:00,0.0
2026-01-27 00:00:00.613000+00:00,0.0
2026-01-27 01:00:00.550000+00:00,0.0
2026-01-27 02:00:00.671000+00:00,0.0
2026-01-27 03:00:00.181000+00:00,0.0
2026-01-27 04:00:00.198000+00:00,1e-06
2026-01-27 05:00:00.348000+00:00,4e-06
2026-01-27 06:00:00.234000+00:00,5e-07
2026-01-27 07:00:00.498000+00:00,1.625e-06
2026-01-27 08:00:00.322000+00:00,2.625e-06
2026-01-27 09:00:00.196000+00:00,1.55e-05
2026-01-27 10:00:00.574000+00:00,1.875e-05
2026-01-27 11:00:00.871000+00:00,3.125e-05
2026-01-27 12:00:00.549000+00:00,4.625e-05
2026-01-27 13:00:00.036000+00:00,4.9625e-05
2026-01-27 14:00:00.130000+00:00,7.0625e-05
2026-01-27 15:00:00.088000+00:00,3.5875e-05
2026-01-27 16:00:00.323000+00:00,5.025e-05
2026-01-27 17:00:00.084000+00:00,2.925e-05
2026-01-27 18:00:00.010000+00:00,1.225e-05
2026-01-27 19:00:00.042000+00:00,5e-06
2026-01-27 20:00:00.643000+00:00,6.25e-07
2026-01-27 21:00:00.370000+00:00,3.125e-06
2026-01-27 22:00:00.519000+00:00,7.5e-07
2026-01-27 23:00:00.593000+00:00,0.0
2026-01-28 00:00:00.323000+00:00,5e-07
2026-01-28 01:00:00.366000+00:00,0.0
2026-01-28 02:00:00.254000+00:00,3.75e-07
2026-01-28 03:00:00.144000+00:00,0.0
2026-01-28 04:00:00.078000+00:00,0.0
2026-01-28 05:00:00.328000+00:00,0.0
2026-01-28 06:00:00.325000+00:00,0.0
2026-01-28 07:00:00.263000+00:00,8e-06
2026-01-28 08:00:00.093000+00:00,9.5e-06
2026-01-28 09:00:00.347000+00:00,9.875e-06
2026-01-28 10:00:00.435000+00:00,0.0
2026-01-28 11:00:00.293000+00:00,0.0
2026-01-28 12:00:00.409000+00:00,0.0
2026-01-28 13:00:00.298000+00:00,1.25e-07
2026-01-28 14:00:00.059000+00:00,0.0
2026-01-28 15:00:00.543000+00:00,0.0
2026-01-28 16:00:00.620000+00:00,0.0
2026-01-28 17:00:00.208000+00:00,2.5e-07
2026-01-28 18:00:00.545000+00:00,1.625e-06
2026-01-28 19:00:00.508000+00:00,2.125e-06
2026-01-28 20:00:00.293000+00:00,2.375e-06
2026-01-28 21:00:00.603000+00:00,1.75e-06
2026-01-28 22:00:00.349000+00:00,0.0
2026-01-28 23:00:00.137000+00:00,2.5e-07
2026-01-29 00:00:00.047000+00:00,3.5e-06
2026-01-29 01:00:00.415000+00:00,3.75e-07
2026-01-29 02:00:00.504000+00:00,0.0
2026-01-29 03:00:00.298000+00:00,0.0
2026-01-29 04:00:00.444000+00:00,0.0
2026-01-29 05:00:00.499000+00:00,2.25e-06
2026-01-29 06:00:00.423000+00:00,1.25e-07
2026-01-29 07:00:00.244000+00:00,0.0
2026-01-29 08:00:00.527000+00:00,0.0
2026-01-29 09:00:00.109000+00:00,0.0
2026-01-29 10:00:00.057000+00:00,0.0
2026-01-29 11:00:00.352000+00:00,0.0
2026-01-29 12:00:00.155000+00:00,0.0
2026-01-29 13:00:00.471000+00:00,0.0
2026-01-29 14:00:00.166000+00:00,0.0
2026-01-29 15:00:00.123000+00:00,0.0
2026-01-29 16:00:00.473000+00:00,2.75e-05
2026-01-29 17:00:00.044000+00:00,3.1125e-05
2026-01-29 18:00:00.229000+00:00,5.5e-06
2026-01-29 19:00:00.118000+00:00,6.25e-07
2026-01-29 20:00:00.555000+00:00,4.125e-06
2026-01-29 21:00:00.200000+00:00,4.775e-05
2026-01-29 22:00:00.257000+00:00,2.0875e-05
2026-01-29 23:00:00.467000+00:00,4.125e-06
2026-01-30 00:00:00.209000+00:00,8.375e-06
2026-01-30 01:00:00.198000+00:00,1.9625e-05
2026-01-30 02:00:00.223000+00:00,1.125e-06
2026-01-30 03:00:00.553000+00:00,1.5e-06
2026-01-30 04:00:00.020000+00:00,1.1e-05
2026-01-30 05:00:00.278000+00:00,1.5625e-05
2026-01-30 06:00:00.195000+00:00,3.75e-07
2026-01-30 07:00:00.453000+00:00,5e-06
2026-01-30 08:00:00.318000+00:00,8.5e-06
2026-01-30 09:00:00.028000+00:00,1.125e-06
2026-01-30 10:00:00.716000+00:00,1.5e-06
2026-01-30 11:00:00.071000+00:00,3.4625e-05
2026-01-30 12:00:00.118000+00:00,3.7625e-05
2026-01-30 13:00:00.363000+00:00,2.7e-05
2026-01-30 14:00:00.027000+00:00,3.0875e-05
2026-01-30 15:00:00.387000+00:00,1.5875e-05
2026-01-30 16:00:00.316000+00:00,7.75e-06
2026-01-30 17:00:00.030000+00:00,3.5125e-05
2026-01-30 18:00:00.031000+00:00,5.8e-05
2026-01-30 19:00:00.168000+00:00,8.4875e-05
2026-01-30 20:00:00.029000+00:00,4.3125e-05
2026-01-30 21:00:00.545000+00:00,1.7e-05
2026-01-30 22:00:00.614000+00:00,3.875e-05
2026-01-30 23:00:00.534000+00:00,3.4e-05
2026-01-31 00:00:00.440000+00:00,2.125e-05
2026-01-31 01:00:00.018000+00:00,2.2e-05
2026-01-31 02:00:00.386000+00:00,4.575e-05
2026-01-31 03:00:00.552000+00:00,4.2125e-05
2026-01-31 04:00:00.257000+00:00,4.575e-05
2026-01-31 05:00:00.140000+00:00,4.9625e-05
2026-01-31 06:00:00.693000+00:00,6.5125e-05
2026-01-31 07:00:00.485000+00:00,8.45e-05
2026-01-31 08:00:00.248000+00:00,0.000111125
2026-01-31 09:00:00.409000+00:00,0.00011125
2026-01-31 10:00:00.193000+00:00,0.000111875
2026-01-31 11:00:00.355000+00:00,9.3125e-05
2026-01-31 12:00:00.174000+00:00,8.975e-05
2026-01-31 13:00:00.034000+00:00,8.1375e-05
2026-01-31 14:00:00.722000+00:00,5.625e-05
2026-01-31 15:00:00.736000+00:00,1.175e-05
2026-01-31 16:00:00.012000+00:00,1.05e-05
2026-01-31 17:00:00.487000+00:00,1.6375e-05
2026-01-31 18:00:00.003000+00:00,1.6875e-05
2026-01-31 19:00:00.635000+00:00,3.2625e-05
2026-01-31 20:00:00.187000+00:00,3.5625e-05
2026-01-31 21:00:00.604000+00:00,1.85e-05
2026-01-31 22:00:00.058000+00:00,4.8375e-05
2026-01-31 23:00:00.488000+00:00,6.6375e-05
2026-02-01 00:00:00.589000+00:00,5.625e-05
2026-02-01 01:00:00.100000+00:00,5.375e-05
2026-02-01 02:00:00.217000+00:00,1.95e-05
2026-02-01 03:00:00.539000+00:00,1.9e-05
2026-02-01 04:00:00.185000+00:00,2.4875e-05
2026-02-01 05:00:00.668000+00:00,6.25e-06
2026-02-01 06:00:00.264000+00:00,1.625e-06
2026-02-01 07:00:00.292000+00:00,0.0
2026-02-01 08:00:00.286000+00:00,3.75e-06
2026-02-01 09:00:00.702000+00:00,4.625e-06
2026-02-01 10:00:00.240000+00:00,1.0375e-05
2026-02-01 11:00:00.219000+00:00,0.0
2026-02-01 12:00:00.473000+00:00,0.0
2026-02-01 13:00:00.403000+00:00,0.0
2026-02-01 14:00:00.039000+00:00,0.0
2026-02-01 15:00:00.289000+00:00,0.0
2026-02-01 16:00:00.494000+00:00,0.0
2026-02-01 17:00:00.185000+00:00,0.0
2026-02-01 18:00:00.521000+00:00,0.0
2026-02-01 19:00:00.299000+00:00,0.0
2026-02-01 20:00:00.059000+00:00,0.0
2026-02-01 21:00:00.498000+00:00,0.0
2026-02-01 22:00:00.069000+00:00,0.0
2026-02-01 23:00:00.312000+00:00,8.75e-07
2026-02-02 00:00:00.157000+00:00,0.0
2026-02-02 01:00:00.191000+00:00,0.0
2026-02-02 02:00:00.504000+00:00,0.0
2026-02-02 03:00:00.062000+00:00,0.0
2026-02-02 04:00:00.302000+00:00,2.5e-07
2026-02-02 05:00:00.293000+00:00,3.75e-07
2026-02-02 06:00:00.389000+00:00,0.0
2026-02-02 07:00:00.016000+00:00,4.75e-06
2026-02-02 08:00:00.331000+00:00,1.825e-05
2026-02-02 09:00:00.612000+00:00,5.375e-06
2026-02-02 10:00:00.317000+00:00,3.375e-06
2026-02-02 11:00:00.241000+00:00,2.25e-06
2026-02-02 12:00:00.256000+00:00,3.75e-07
2026-02-02 13:00:00.034000+00:00,0.0
2026-02-02 14:00:00.574000+00:00,0.0
2026-02-02 15:00:00.363000+00:00,0.0
2026-02-02 16:00:00.039000+00:00,0.0
2026-02-02 17:00:00.391000+00:00,5e-07
2026-02-02 18:00:00.402000+00:00,0.0
2026-02-02 19:00:00.142000+00:00,1.25e-07
2026-02-02 20:00:00.543000+00:00,1.25e-07
2026-02-02 21:00:00.482000+00:00,0.0
2026-02-02 22:00:00.527000+00:00,7.5e-07
2026-02-02 23:00:00.387000+00:00,0.0
2026-02-03 00:00:00.013000+00:00,0.0
2026-02-03 01:00:00.158000+00:00,0.0
2026-02-03 02:00:00.233000+00:00,0.0
2026-02-03 03:00:00.332000+00:00,0.0
2026-02-03 04:00:00.184000+00:00,0.0
2026-02-03 05:00:00.499000+00:00,2.3375e-05
2026-02-03 06:00:00.477000+00:00,2.225e-05
2026-02-03 07:00:00.385000+00:00,3.525e-05
2026-02-03 08:00:00.285000+00:00,3.2625e-05
2026-02-03 09:00:00.236000+00:00,1.4375e-05
2026-02-03 10:00:00.074000+00:00,3.625e-06
2026-02-03 11:00:00.545000+00:00,5e-07
2026-02-03 12:00:00.418000+00:00,3.75e-07
2026-02-03 13:00:00.009000+00:00,0.0
2026-02-03 14:00:00.138000+00:00,7.5e-07
2026-02-03 15:00:00.073000+00:00,2.75e-06
2026-02-03 16:00:00.174000+00:00,5.9125e-05
2026-02-03 17:00:00.294000+00:00,0.00201775
2026-02-03 18:00:00.560000+00:00,0.00162525
2026-02-03 19:00:00.349000+00:00,0.001316875
2026-02-03 20:00:00.488000+00:00,0.00054325
2026-02-03 21:00:00.369000+00:00,-2.4125e-05
2026-02-03 22:00:00.067000+00:00,0.0
2026-02-03 23:00:00.154000+00:00,7e-06
2026-02-04 00:00:00.132000+00:00,2.375e-05
2026-02-04 01:00:00.248000+00:00,9.375e-06
2026-02-04 02:00:00.040000+00:00,0.0
2026-02-04 03:00:00.205000+00:00,0.0
2026-02-04 04:00:00.189000+00:00,0.0
2026-02-04 05:00:00.329000+00:00,0.0
2026-02-04 06:00:00.478000+00:00,0.0
2026-02-04 07:00:00.062000+00:00,0.0
2026-02-04 08:00:00.494000+00:00,0.0
2026-02-04 09:00:00.016000+00:00,0.0
2026-02-04 10:00:00.506000+00:00,0.0
2026-02-04 11:00:00.587000+00:00,0.0
2026-02-04 12:00:00.019000+00:00,0.0
2026-02-04 13:00:00.541000+00:00,0.0
2026-02-04 14:00:00.186000+00:00,0.0
2026-02-04 15:00:00.149000+00:00,0.0
2026-02-04 16:00:00.488000+00:00,0.0
2026-02-04 17:00:00.056000+00:00,0.0
2026-02-04 18:00:00.291000+00:00,0.0
2026-02-04 19:00:00.098000+00:00,0.0
2026-02-04 20:00:00.269000+00:00,2.75e-06
2026-02-04 21:00:00.396000+00:00,1.25e-06
2026-02-04 22:00:00.568000+00:00,2.5e-07
2026-02-04 23:00:00.483000+00:00,3.625e-06
2026-02-05 00:00:00.225000+00:00,1e-06
2026-02-05 01:00:00.785000+00:00,9.875e-06
2026-02-05 02:00:00.445000+00:00,1.25e-05
2026-02-05 03:00:00.355000+00:00,2.4e-05
2026-02-05 04:00:00.439000+00:00,2.6e-05
2026-02-05 05:00:00.218000+00:00,3.65e-05
2026-02-05 06:00:00.530000+00:00,3.4625e-05
2026-02-05 07:00:00.415000+00:00,6.5875e-05
2026-02-05 08:00:00.460000+00:00,0.00010725
2026-02-05 09:00:00.023000+00:00,0.00011325
2026-02-05 10:00:00.330000+00:00,0.00011475
2026-02-05 11:00:00.607000+00:00,0.000100375
2026-02-05 12:00:00.497000+00:00,0.000106375
2026-02-05 13:00:00.637000+00:00,9.0125e-05
2026-02-05 14:00:00.045000+00:00,0.000113375
2026-02-05 15:00:00.393000+00:00,2.3125e-05
2026-02-05 16:00:00.476000+00:00,6.25e-07
2026-02-05 17:00:00.432000+00:00,9.625e-06
2026-02-05 18:00:00.031000+00:00,2.5e-07
2026-02-05 19:00:00.306000+00:00,0.0
2026-02-05 20:00:00.299000+00:00,0.0
2026-02-05 21:00:00.046000+00:00,0.0
2026-02-05 22:00:00.101000+00:00,0.0
2026-02-05 23:00:00.239000+00:00,1.25e-07
2026-02-06 00:00:00.015000+00:00,0.0
2026-02-06 01:00:00.097000+00:00,1.65e-05
2026-02-06 02:00:00.121000+00:00,7.9625e-05
2026-02-06 03:00:00.488000+00:00,0.000121125
2026-02-06 04:00:00.516000+00:00,8.15e-05
2026-02-06 05:00:00.116000+00:00,3.875e-05
2026-02-06 06:00:00.340000+00:00,1.7125e-05
2026-02-06 07:00:00.030000+00:00,1.9875e-05
2026-02-06 08:00:00.336000+00:00,1.775e-05
2026-02-06 09:00:00.113000+00:00,3.775e-05
2026-02-06 10:00:00.607000+00:00,4.9125e-05
2026-02-06 11:00:00.631000+00:00,6.95e-05
2026-02-06 12:00:00.224000+00:00,7.475e-05
2026-02-06 13:00:00.115000+00:00,7.225e-05
2026-02-06 14:00:00.061000+00:00,3.15e-05
2026-02-06 15:00:00.002000+00:00,6.375e-06
2026-02-06 16:00:00.236000+00:00,2.625e-06
2026-02-06 17:00:00.046000+00:00,9.5e-06
2026-02-06 18:00:00.577000+00:00,2.3e-05
2026-02-06 19:00:00.015000+00:00,2.9125e-05
2026-02-06 20:00:00.320000+00:00,2.9375e-05
2026-02-06 21:00:00.267000+00:00,1.7875e-05
2026-02-06 22:00:00.079000+00:00,6e-06
2026-02-06 23:00:00.471000+00:00,1.125e-06
2026-02-07 00:00:00.130000+00:00,1.7625e-05
2026-02-07 01:00:00.021000+00:00,0.000219125
2026-02-07 02:00:00.024000+00:00,0.000510125
2026-02-07 03:00:00.557000+00:00,0.000189
2026-02-07 04:00:00.561000+00:00,0.000200875
2026-02-07 05:00:00.401000+00:00,0.000217625
2026-02-07 06:00:00.740000+00:00,0.000233375
2026-02-07 07:00:00.549000+00:00,0.000229
2026-02-07 08:00:00.487000+00:00,0.0001865
2026-02-07 09:00:00.561000+00:00,0.00019225
2026-02-07 10:00:00.383000+00:00,0.00022275
2026-02-07 11:00:00.273000+00:00,0.00022425
2026-02-07 12:00:00.266000+00:00,0.000236125
2026-02-07 13:00:00.329000+00:00,0.0002645
2026-02-07 14:00:00.403000+00:00,0.00025875
2026-02-07 15:00:00.073000+00:00,0.000251625
2026-02-07 16:00:00.019000+00:00,0.0002565
2026-02-07 17:00:00.141000+00:00,0.00019275
2026-02-07 18:00:00.188000+00:00,0.000171875
2026-02-07 19:00:00.020000+00:00,0.000187125
2026-02-07 20:00:00.429000+00:00,0.00019425
2026-02-07 21:00:00.485000+00:00,0.00019725
2026-02-07 22:00:00.314000+00:00,0.0001685
2026-02-07 23:00:00.767000+00:00,0.000183875
2026-02-08 00:00:00.720000+00:00,0.00016975
2026-02-08 01:00:00.535000+00:00,0.000174625
2026-02-08 02:00:00.082000+00:00,0.000182375
2026-02-08 03:00:00.040000+00:00,0.000169125
2026-02-08 04:00:00.038000+00:00,0.000152375
2026-02-08 05:00:00.053000+00:00,0.000169875
2026-02-08 06:00:00.597000+00:00,0.000176625
2026-02-08 07:00:00.263000+00:00,0.000158125
2026-02-08 08:00:00.005000+00:00,0.000149375
2026-02-08 09:00:00.053000+00:00,0.000145375
2026-02-08 10:00:00.341000+00:00,0.000154875
2026-02-08 11:00:00.599000+00:00,0.000140625
2026-02-08 12:00:00.222000+00:00,0.000121
2026-02-08 13:00:00.059000+00:00,0.000124875
2026-02-08 14:00:00.640000+00:00,0.00013375
2026-02-08 15:00:00.361000+00:00,0.00014025
2026-02-08 16:00:00.019000+00:00,0.000110875
2026-02-08 17:00:00.245000+00:00,0.00010625
2026-02-08 18:00:00.211000+00:00,0.000148375
2026-02-08 19:00:00.298000+00:00,0.000132125
2026-02-08 20:00:00.521000+00:00,0.00015825
2026-02-08 21:00:00.317000+00:00,0.00016
2026-02-08 22:00:00.629000+00:00,0.000147375
2026-02-08 23:00:00.438000+00:00,0.000126
2026-02-09 00:00:00.209000+00:00,0.000106625
2026-02-09 01:00:00.552000+00:00,0.000131125
2026-02-09 02:00:00.513000+00:00,0.000146125
2026-02-09 03:00:00.125000+00:00,0.0001305
2026-02-09 04:00:00.464000+00:00,0.000130375
2026-02-09 05:00:00.141000+00:00,0.000128
2026-02-09 06:00:00.409000+00:00,0.000132875
2026-02-09 07:00:00.349000+00:00,0.0001165
2026-02-09 08:00:00.233000+00:00,0.00011075
2026-02-09 09:00:00.203000+00:00,9.7e-05
2026-02-09 10:00:00.545000+00:00,0.000120625
2026-02-09 11:00:00.605000+00:00,9.6e-05
2026-02-09 12:00:00.800000+00:00,8.5125e-05
2026-02-09 13:00:00.343000+00:00,0.000106125
2026-02-09 14:00:00.122000+00:00,0.000116875
2026-02-09 15:00:00.386000+00:00,0.000109875
2026-02-09 16:00:00.801000+00:00,0.00010625
2026-02-09 17:00:00.601000+00:00,5.5625e-05
2026-02-09 18:00:00.363000+00:00,9.7125e-05
2026-02-09 19:00:00.307000+00:00,0.000111125
2026-02-09 20:00:00.462000+00:00,0.00010125
2026-02-09 21:00:00.063000+00:00,0.000105125
2026-02-09 22:00:00.424000+00:00,9.7625e-05
2026-02-09 23:00:00.173000+00:00,7.975e-05
2026-02-10 00:00:00.416000+00:00,1.125e-06
2026-02-10 01:00:00.337000+00:00,0.0
2026-02-10 02:00:00.468000+00:00,0.0
2026-02-10 03:00:00.222000+00:00,5e-07
2026-02-10 04:00:00.274000+00:00,0.0
2026-02-10 05:00:00.452000+00:00,0.0
2026-02-10 06:00:00.506000+00:00,2.25e-05
2026-02-10 07:00:00.503000+00:00,6.9625e-05
2026-02-10 08:00:00.091000+00:00,7.2875e-05
2026-02-10 09:00:00.399000+00:00,7.45e-05
2026-02-10 10:00:00.547000+00:00,4.9125e-05
2026-02-10 11:00:00.385000+00:00,3.3625e-05
2026-02-10 12:00:00.027000+00:00,-7e-06
2026-02-10 13:00:00.506000+00:00,0.0
2026-02-10 14:00:00.569000+00:00,-8e-06
2026-02-10 15:00:00.597000+00:00,-8.125e-06
2026-02-10 16:00:00.269000+00:00,0.0
2026-02-10 17:00:00.516000+00:00,-5.5e-06
2026-02-10 18:00:00.146000+00:00,0.0
2026-02-10 19:00:00.386000+00:00,0.0
2026-02-10 20:00:00.182000+00:00,0.0
2026-02-10 21:00:00.376000+00:00,0.0
2026-02-10 22:00:00.078000+00:00,0.0
2026-02-10 23:00:00.387000+00:00,0.0
2026-02-11 00:00:00.084000+00:00,0.0
2026-02-11 01:00:00.042000+00:00,6.25e-07
2026-02-11 02:00:00.003000+00:00,3.5e-06
2026-02-11 03:00:00.556000+00:00,0.0
2026-02-11 04:00:00.594000+00:00,2.75e-06
2026-02-11 05:00:00.843000+00:00,2.5e-07
2026-02-11 06:00:00.530000+00:00,0.0
2026-02-11 07:00:00.135000+00:00,0.0
2026-02-11 08:00:00.186000+00:00,0.0
2026-02-11 09:00:00.397000+00:00,8.75e-07
2026-02-11 10:00:00.521000+00:00,0.0
2026-02-11 11:00:00.087000+00:00,0.0
2026-02-11 12:00:00.114000+00:00,0.0
2026-02-11 13:00:00.238000+00:00,0.0
2026-02-11 14:00:00.538000+00:00,0.0
2026-02-11 15:00:00.334000+00:00,0.0
2026-02-11 16:00:00.406000+00:00,0.0
2026-02-11 17:00:00.529000+00:00,0.0
2026-02-11 18:00:00.340000+00:00,0.0
2026-02-11 19:00:00.512000+00:00,0.0
2026-02-11 20:00:00.008000+00:00,2.75e-06
2026-02-11 21:00:00.187000+00:00,0.0
2026-02-11 22:00:00.291000+00:00,0.0
2026-02-11 23:00:00.488000+00:00,0.0
2026-02-12 00:00:00.497000+00:00,0.000311875
2026-02-12 01:00:00.295000+00:00,0.000122125
2026-02-12 02:00:00.298000+00:00,0.00013375
2026-02-12 03:00:00.483000+00:00,0.000120125
2026-02-12 04:00:00.066000+00:00,0.0001445
2026-02-12 05:00:00.101000+00:00,0.000140375
2026-02-12 06:00:00.440000+00:00,0.0001215
2026-02-12 07:00:00.086000+00:00,0.00012575
2026-02-12 08:00:00.065000+00:00,0.00014475
2026-02-12 09:00:00.380000+00:00,0.000106
2026-02-12 10:00:00.415000+00:00,0.000116125
2026-02-12 11:00:00.312000+00:00,0.000135625
2026-02-12 12:00:00.169000+00:00,0.000150625
2026-02-12 13:00:00.363000+00:00,0.000170125
2026-02-12 14:00:00.442000+00:00,0.00014825
2026-02-12 15:00:00.082000+00:00,0.00013925
2026-02-12 16:00:00.473000+00:00,0.00014325
2026-02-12 17:00:00.566000+00:00,0.000132125
2026-02-12 18:00:00.110000+00:00,0.000116125
2026-02-12 19:00:00.219000+00:00,0.000163375
2026-02-12 20:00:00.270000+00:00,0.000113125
2026-02-12 21:00:00.458000+00:00,0.0001045
2026-02-12 22:00:00.246000+00:00,0.00011575
2026-02-12 23:00:00.227000+00:00,0.00011775
2026-02-13 00:00:00.303000+00:00,0.00014175
2026-02-13 01:00:00.398000+00:00,0.00016175
2026-02-13 02:00:00.217000+00:00,0.000168625
2026-02-13 03:00:00.165000+00:00,0.000178125
2026-02-13 04:00:00.009000+00:00,0.000195
2026-02-13 05:00:00.394000+00:00,0.000227
2026-02-13 06:00:00.033000+00:00,0.000230125
2026-02-13 07:00:00.410000+00:00,0.000221125
2026-02-13 08:00:00.142000+00:00,0.000203875
2026-02-13 09:00:00.093000+00:00,0.00018825
2026-02-13 10:00:00.613000+00:00,0.000123875
2026-02-13 11:00:00.300000+00:00,0.00013825
2026-02-13 12:00:00.504000+00:00,0.000124875
2026-02-13 13:00:00.183000+00:00,8.6625e-05
2026-02-13 14:00:00.144000+00:00,0.000108625
2026-02-13 15:00:00.435000+00:00,0.000104625
2026-02-13 16:00:00.440000+00:00,9.35e-05
2026-02-13 17:00:00.395000+00:00,9.1e-05
2026-02-13 18:00:00.286000+00:00,0.0001315
2026-02-13 19:00:00.169000+00:00,6.0375e-05
2026-02-13 20:00:00.451000+00:00,0.000105125
2026-02-13 21:00:00.343000+00:00,0.00011375
2026-02-13 22:00:00.331000+00:00,0.00014775
2026-02-13 23:00:00.361000+00:00,0.000123125
2026-02-14 00:00:00.022000+00:00,9.5875e-05
2026-02-14 01:00:00.025000+00:00,8.9875e-05
2026-02-14 02:00:00.430000+00:00,8.2375e-05
2026-02-14 03:00:00.307000+00:00,6.7875e-05
2026-02-14 04:00:00.309000+00:00,7.2625e-05
2026-02-14 05:00:00.157000+00:00,6.45e-05
2026-02-14 06:00:00.059000+00:00,5.875e-05
2026-02-14 07:00:00.028000+00:00,1.875e-05
2026-02-14 08:00:00.593000+00:00,6e-05
2026-02-14 09:00:00.313000+00:00,8.4625e-05
2026-02-14 10:00:00.201000+00:00,6.3625e-05
2026-02-14 11:00:00.400000+00:00,5.175e-05
2026-02-14 12:00:00.527000+00:00,4.3e-05
2026-02-14 13:00:00.065000+00:00,2.25e-05
2026-02-14 14:00:00.388000+00:00,2.4625e-05
2026-02-14 15:00:00.006000+00:00,4.2125e-05
2026-02-14 16:00:00.316000+00:00,3.0875e-05
2026-02-14 17:00:00.603000+00:00,2.175e-05
2026-02-14 18:00:00.130000+00:00,2.7375e-05
2026-02-14 19:00:00.407000+00:00,9.125e-06
2026-02-14 20:00:00.270000+00:00,1.825e-05
2026-02-14 21:00:00.274000+00:00,9.0375e-05
2026-02-14 22:00:00.938000+00:00,9.0875e-05
2026-02-14 23:00:00.334000+00:00,7.475e-05
2026-02-15 00:00:00.055000+00:00,8.675e-05
2026-02-15 01:00:00.180000+00:00,8.7125e-05
2026-02-15 02:00:00.195000+00:00,7.2e-05
2026-02-15 03:00:00.301000+00:00,4.175e-05
2026-02-15 04:00:00.508000+00:00,4.775e-05
2026-02-15 05:00:00.438000+00:00,3.1e-05
2026-02-15 06:00:00.239000+00:00,4.6e-05
2026-02-15 07:00:00.812000+00:00,3.425e-05
2026-02-15 08:00:00.458000+00:00,3.1e-05
2026-02-15 09:00:00.506000+00:00,3.6375e-05
2026-02-15 10:00:00.613000+00:00,1.9375e-05
2026-02-15 11:00:00.292000+00:00,2.2375e-05
2026-02-15 12:00:00.485000+00:00,5.225e-05
2026-02-15 13:00:00.425000+00:00,5.9125e-05
2026-02-15 14:00:00.565000+00:00,2.125e-05
2026-02-15 15:00:00.594000+00:00,1.9e-05
2026-02-15 16:00:00.400000+00:00,3.0125e-05
2026-02-15 17:00:00.079000+00:00,4.325e-05
2026-02-15 18:00:00.351000+00:00,5.75e-05
2026-02-15 19:00:00.185000+00:00,3.95e-05
2026-02-15 20:00:00.056000+00:00,3.8e-05
2026-02-15 21:00:00.013000+00:00,2.9e-05
2026-02-15 22:00:00.713000+00:00,9.4875e-05
2026-02-15 23:00:00.453000+00:00,9.2625e-05
2026-02-16 00:00:00.147000+00:00,4.9625e-05
2026-02-16 01:00:00.094000+00:00,5.7e-05
2026-02-16 02:00:00.523000+00:00,1.4875e-05
2026-02-16 03:00:00.340000+00:00,2.125e-06
2026-02-16 04:00:00.377000+00:00,0.0
2026-02-16 05:00:00.235000+00:00,0.0
2026-02-16 06:00:00.470000+00:00,0.0
2026-02-16 07:00:00.037000+00:00,0.0
2026-02-16 08:00:00.565000+00:00,2.625e-06
2026-02-16 09:00:00.127000+00:00,0.0
2026-02-16 10:00:00.616000+00:00,0.0
2026-02-16 11:00:00.069000+00:00,0.0
2026-02-16 12:00:00.067000+00:00,1.375e-06
2026-02-16 13:00:00.297000+00:00,0.0
2026-02-16 14:00:00.440000+00:00,5e-07
2026-02-16 15:00:00.659000+00:00,2.5e-06
2026-02-16 16:00:00.272000+00:00,4.875e-06
2026-02-16 17:00:00.468000+00:00,5.625e-06
2026-02-16 18:00:00.348000+00:00,3.75e-06
2026-02-16 19:00:00.111000+00:00,2.1375e-05
2026-02-16 20:00:00.209000+00:00,4.3375e-05
2026-02-16 21:00:00.585000+00:00,5.7375e-05
2026-02-16 22:00:00.376000+00:00,7.8e-05
2026-02-16 23:00:00.289000+00:00,0.000104625
2026-02-17 00:00:00.038000+00:00,0.000111875
2026-02-17 01:00:00.244000+00:00,0.000107875
2026-02-17 02:00:00.067000+00:00,0.00011725
2026-02-17 03:00:00.496000+00:00,0.000114125
2026-02-17 04:00:00.228000+00:00,8.875e-05
2026-02-17 05:00:00.134000+00:00,8.8625e-05
2026-02-17 06:00:00.033000+00:00,7.15e-05
2026-02-17 07:00:00.336000+00:00,9.6125e-05
2026-02-17 08:00:00.302000+00:00,0.000105875
2026-02-17 09:00:00.407000+00:00,9.2e-05
2026-02-17 10:00:00.239000+00:00,7.2e-05
2026-02-17 11:00:00.136000+00:00,6.4875e-05
2026-02-17 12:00:00.018000+00:00,0.0002455
2026-02-17 13:00:00.439000+00:00,0.0002705
2026-02-17 14:00:00.048000+00:00,0.00019275
2026-02-17 15:00:00.147000+00:00,0.000193875
2026-02-17 16:00:00.269000+00:00,0.000238375
2026-02-17 17:00:00.370000+00:00,0.000240375
2026-02-17 18:00:00.432000+00:00,0.00016525
2026-02-17 19:00:00.389000+00:00,0.000177125
2026-02-17 20:00:00.051000+00:00,0.000165125
2026-02-17 21:00:00.180000+00:00,0.00015175
2026-02-17 22:00:00.283000+00:00,0.00017525
2026-02-17 23:00:00.087000+00:00,0.000160625
2026-02-18 00:00:00.410000+00:00,0.00015025
2026-02-18 01:00:00.030000+00:00,0.00013075
2026-02-18 02:00:00.036000+00:00,0.000114
2026-02-18 03:00:00.137000+00:00,0.000137375
2026-02-18 04:00:00.501000+00:00,0.0001355
2026-02-18 05:00:00.575000+00:00,0.00012825
2026-02-18 06:00:00.274000+00:00,0.000125
2026-02-18 07:00:00.291000+00:00,0.0001205
2026-02-18 08:00:00.004000+00:00,0.000130875
2026-02-18 09:00:00.171000+00:00,0.000132375
2026-02-18 10:00:00.485000+00:00,0.000105
2026-02-18 11:00:00.526000+00:00,6.3625e-05
2026-02-18 12:00:00.474000+00:00,6.125e-05
2026-02-18 13:00:00.258000+00:00,8.825e-05
2026-02-18 14:00:00.428000+00:00,8.9375e-05
2026-02-18 15:00:00.178000+00:00,8.25e-05
2026-02-18 16:00:00.089000+00:00,6.95e-05
2026-02-18 17:00:00.384000+00:00,5.8e-05
2026-02-18 18:00:00.101000+00:00,4.925e-05
2026-02-18 19:00:00.171000+00:00,6.2625e-05
2026-02-18 20:00:00.436000+00:00,4.6625e-05
2026-02-18 21:00:00.499000+00:00,5.6e-05
2026-02-18 22:00:00.410000+00:00,5.625e-05
2026-02-18 23:00:00.518000+00:00,4.1125e-05
2026-02-19 00:00:00.400000+00:00,9.2625e-05
2026-02-19 01:00:00.787000+00:00,8.3375e-05
2026-02-19 02:00:00.338000+00:00,7.775e-05
2026-02-19 03:00:00.262000+00:00,6.9875e-05
2026-02-19 04:00:00.231000+00:00,7.7625e-05
2026-02-19 05:00:00.562000+00:00,7.2125e-05
2026-02-19 06:00:00.337000+00:00,7.6625e-05
2026-02-19 07:00:00.003000+00:00,9.1125e-05
2026-02-19 08:00:00.014000+00:00,0.000109875
2026-02-19 09:00:00.504000+00:00,9.75e-05
2026-02-19 10:00:00.174000+00:00,0.000114125
2026-02-19 11:00:00.045000+00:00,9.925e-05
2026-02-19 12:00:00.118000+00:00,9.975e-05
2026-02-19 13:00:00.322000+00:00,8.55e-05
2026-02-19 14:00:00.860000+00:00,7.4875e-05
2026-02-19 15:00:00.274000+00:00,4.45e-05
2026-02-19 16:00:00.384000+00:00,2.1e-05
2026-02-19 17:00:00.581000+00:00,3.35e-05
2026-02-19 18:00:00.315000+00:00,2.625e-05
2026-02-19 19:00:00.319000+00:00,3.2375e-05
2026-02-19 20:00:00.150000+00:00,2.025e-05
2026-02-19 21:00:00.093000+00:00,1.725e-05
2026-02-19 22:00:00.105000+00:00,2.025e-05
2026-02-19 23:00:00.311000+00:00,1.9375e-05
2026-02-20 00:00:00.403000+00:00,3.5125e-05
2026-02-20 01:00:00.187000+00:00,5.3375e-05
2026-02-20 02:00:00.280000+00:00,6.4875e-05
2026-02-20 03:00:00.180000+00:00,2.6e-05
2026-02-20 04:00:00.388000+00:00,1.7125e-05
2026-02-20 05:00:00.290000+00:00,3.0875e-05
2026-02-20 06:00:00.951000+00:00,2.6e-05
2026-02-20 07:00:00.470000+00:00,1.3375e-05
2026-02-20 08:00:00.139000+00:00,5.125e-06
2026-02-20 09:00:00.193000+00:00,4.25e-06
2026-02-20 10:00:00.455000+00:00,7.625e-06
2026-02-20 11:00:00.323000+00:00,-0.00024075
2026-02-20 12:00:00.506000+00:00,-0.000579875
2026-02-20 13:00:00.459000+00:00,-6.575e-05
2026-02-20 14:00:00.306000+00:00,0.0
2026-02-20 15:00:00.397000+00:00,0.0
2026-02-20 16:00:00.299000+00:00,-5.275e-05
2026-02-20 17:00:00.425000+00:00,-1.425e-05
2026-02-20 18:00:00.253000+00:00,0.0
2026-02-20 19:00:00.223000+00:00,0.0
2026-02-20 20:00:00.409000+00:00,0.0
2026-02-20 21:00:00.406000+00:00,0.0
2026-02-20 22:00:00.282000+00:00,0.0
2026-02-20 23:00:00.348000+00:00,0.0
2026-02-21 00:00:00.225000+00:00,0.0
2026-02-21 01:00:00.054000+00:00,0.0
2026-02-21 02:00:00.092000+00:00,0.0
2026-02-21 03:00:00.651000+00:00,0.0
2026-02-21 04:00:00.488000+00:00,0.0
2026-02-21 05:00:00.167000+00:00,0.0
2026-02-21 06:00:00.120000+00:00,0.0
2026-02-21 07:00:00.213000+00:00,0.0
2026-02-21 08:00:00.127000+00:00,0.0
2026-02-21 09:00:00.484000+00:00,0.0
2026-02-21 10:00:00.388000+00:00,0.0
2026-02-21 11:00:00.247000+00:00,0.0
2026-02-21 12:00:00.557000+00:00,0.0
2026-02-21 13:00:00.400000+00:00,0.0
2026-02-21 14:00:00.114000+00:00,0.0
2026-02-21 15:00:00.381000+00:00,0.0
2026-02-21 16:00:00.450000+00:00,0.0
2026-02-21 17:00:00.357000+00:00,0.0
2026-02-21 18:00:00.107000+00:00,0.0
2026-02-21 19:00:00.478000+00:00,-2.5e-07
2026-02-21 20:00:00.586000+00:00,0.0
2026-02-21 21:00:00.322000+00:00,0.0
2026-02-21 22:00:00.424000+00:00,-2.5e-07
2026-02-21 23:00:00.188000+00:00,0.0
2026-02-22 00:00:00.119000+00:00,0.0
2026-02-22 01:00:00.320000+00:00,0.0
2026-02-22 02:00:00.050000+00:00,0.0
2026-02-22 03:00:00.049000+00:00,0.0
2026-02-22 04:00:00.030000+00:00,0.0
2026-02-22 05:00:00.078000+00:00,0.0
2026-02-22 06:00:00.233000+00:00,0.0
2026-02-22 07:00:00.237000+00:00,0.0
2026-02-22 08:00:00.540000+00:00,0.0
2026-02-22 09:00:00.586000+00:00,0.0
2026-02-22 10:00:00.693000+00:00,-2.5e-07
2026-02-22 11:00:00.487000+00:00,0.0
2026-02-22 12:00:00.279000+00:00,0.0
2026-02-22 13:00:00.305000+00:00,0.0
2026-02-22 14:00:00.298000+00:00,0.0
2026-02-22 15:00:00.321000+00:00,0.0
2026-02-22 16:00:00.350000+00:00,0.0
2026-02-22 17:00:00.288000+00:00,1.375e-06
2026-02-22 18:00:00.100000+00:00,2.375e-06
2026-02-22 19:00:00.100000+00:00,2.25e-06
2026-02-22 20:00:00.129000+00:00,0.0
2026-02-22 21:00:00.126000+00:00,0.0
2026-02-22 22:00:00.367000+00:00,0.0
2026-02-22 23:00:00.284000+00:00,0.0
2026-02-23 00:00:00.115000+00:00,0.0
2026-02-23 01:00:00.570000+00:00,0.0
2026-02-23 02:00:00.492000+00:00,0.0
2026-02-23 03:00:00.541000+00:00,0.0
2026-02-23 04:00:00.606000+00:00,-1.675e-05
2026-02-23 05:00:00.594000+00:00,0.0
2026-02-23 06:00:00.349000+00:00,0.0
2026-02-23 07:00:00.220000+00:00,0.0
2026-02-23 08:00:00.214000+00:00,0.0
2026-02-23 09:00:00.027000+00:00,-2e-06
2026-02-23 10:00:00.091000+00:00,-5e-07
2026-02-23 11:00:00.321000+00:00,0.0
2026-02-23 12:00:00.005000+00:00,0.0
2026-02-23 13:00:00.291000+00:00,0.0
2026-02-23 14:00:00.074000+00:00,0.0
2026-02-23 15:00:00.056000+00:00,0.0
2026-02-23 16:00:00.351000+00:00,0.0
2026-02-23 17:00:00.324000+00:00,0.0
2026-02-23 18:00:00.543000+00:00,0.0
2026-02-23 19:00:00.249000+00:00,0.0
2026-02-23 20:00:00.236000+00:00,0.0
2026-02-23 21:00:00.088000+00:00,0.0
2026-02-23 22:00:00.067000+00:00,0.0
2026-02-23 23:00:00.160000+00:00,0.0
2026-02-24 00:00:00.542000+00:00,0.0
2026-02-24 01:00:00.214000+00:00,0.0
2026-02-24 02:00:00.577000+00:00,0.0
2026-02-24 03:00:00.089000+00:00,0.0
2026-02-24 04:00:00.030000+00:00,0.0
2026-02-24 05:00:00.337000+00:00,0.0
2026-02-24 06:00:00.393000+00:00,0.0
2026-02-24 07:00:00.506000+00:00,0.0
2026-02-24 08:00:00.180000+00:00,0.0
2026-02-24 09:00:00.439000+00:00,0.0
2026-02-24 10:00:00.465000+00:00,0.0
2026-02-24 11:00:00.436000+00:00,0.0
2026-02-24 12:00:00.388000+00:00,0.0
2026-02-24 13:00:00.544000+00:00,0.0
2026-02-24 14:00:00.396000+00:00,0.0
2026-02-24 15:00:00.182000+00:00,0.0
2026-02-24 16:00:00.418000+00:00,0.0
2026-02-24 17:00:00.338000+00:00,0.0
2026-02-24 18:00:00.127000+00:00,0.0
2026-02-24 19:00:00.035000+00:00,0.0
2026-02-24 20:00:01.056000+00:00,0.0
2026-02-24 21:00:00.486000+00:00,-1.875e-06
2026-02-24 22:00:00.511000+00:00,-8.375e-06
2026-02-24 23:00:00.060000+00:00,-9.25e-06
2026-02-25 00:00:00.306000+00:00,-7.125e-06
2026-02-25 01:00:00.074000+00:00,-1.2875e-05
2026-02-25 02:00:00.030000+00:00,-6.25e-07
2026-02-25 03:00:00.100000+00:00,0.0
2026-02-25 04:00:00.546000+00:00,-1.75e-06
2026-02-25 05:00:00.235000+00:00,0.0
2026-02-25 06:00:00.193000+00:00,-1.35e-05
2026-02-25 07:00:00.254000+00:00,-1.55e-05
2026-02-25 08:00:00.112000+00:00,-1e-06
2026-02-25 09:00:00.570000+00:00,0.0
2026-02-25 10:00:00.652000+00:00,-2.375e-06
2026-02-25 11:00:00.326000+00:00,-1.25e-07
2026-02-25 12:00:00.281000+00:00,0.0
2026-02-25 13:00:00.310000+00:00,0.0
2026-02-25 14:00:00.135000+00:00,0.0
2026-02-25 15:00:00.612000+00:00,0.0
2026-02-25 16:00:00.512000+00:00,0.0
2026-02-25 17:00:00.406000+00:00,0.0
2026-02-25 18:00:00.246000+00:00,0.0
2026-02-25 19:00:00.133000+00:00,0.0
2026-02-25 20:00:00.281000+00:00,0.0
2026-02-25 21:00:00.436000+00:00,0.0
2026-02-25 22:00:00.314000+00:00,0.0
2026-02-25 23:00:00.693000+00:00,0.0
2026-02-26 00:00:00.224000+00:00,0.0
2026-02-26 01:00:00.420000+00:00,0.0
2026-02-26 02:00:00.302000+00:00,0.0
2026-02-26 03:00:00.281000+00:00,0.0
2026-02-26 04:00:00.101000+00:00,0.0
2026-02-26 05:00:00.519000+00:00,0.0
2026-02-26 06:00:00.337000+00:00,0.0
2026-02-26 07:00:00.557000+00:00,0.0
2026-02-26 08:00:00.497000+00:00,0.0
2026-02-26 09:00:00.227000+00:00,0.0
2026-02-26 10:00:00.354000+00:00,0.0
2026-02-26 11:00:00.047000+00:00,0.0
2026-02-26 12:00:00.084000+00:00,0.0
2026-02-26 13:00:00.334000+00:00,0.0
2026-02-26 14:00:00.319000+00:00,0.0
2026-02-26 15:00:00.239000+00:00,0.0
2026-02-26 16:00:00.471000+00:00,0.0
2026-02-26 17:00:00.480000+00:00,-1.25e-07
2026-02-26 18:00:00.553000+00:00,0.0
2026-02-26 19:00:00.336000+00:00,0.0
2026-02-26 20:00:00.650000+00:00,0.0
2026-02-26 21:00:00.318000+00:00,0.0
2026-02-26 22:00:00.206000+00:00,0.0
2026-02-26 23:00:00.194000+00:00,0.0
2026-02-27 00:00:00.535000+00:00,0.0
2026-02-27 01:00:00.101000+00:00,0.0
2026-02-27 02:00:00.551000+00:00,0.0
2026-02-27 03:00:00.387000+00:00,0.0
2026-02-27 04:00:00.433000+00:00,0.0
2026-02-27 05:00:00.587000+00:00,0.0
2026-02-27 06:00:00.316000+00:00,0.0
2026-02-27 07:00:00.261000+00:00,0.0
2026-02-27 08:00:00.175000+00:00,0.0
2026-02-27 09:00:00.340000+00:00,-3.125e-06
2026-02-27 10:00:00.242000+00:00,-1.625e-06
2026-02-27 11:00:00.351000+00:00,0.0
2026-02-27 12:00:00.331000+00:00,-5e-07
2026-02-27 13:00:00.289000+00:00,-3.75e-07
2026-02-27 14:00:00.026000+00:00,-3.75e-07
2026-02-27 15:00:00.106000+00:00,0.0
2026-02-27 16:00:00.394000+00:00,0.0
2026-02-27 17:00:00.243000+00:00,0.0
2026-02-27 18:00:00.244000+00:00,-6.25e-07
2026-02-27 19:00:00.449000+00:00,-1.25e-07
2026-02-27 20:00:00.480000+00:00,-1.125e-06
2026-02-27 21:00:00.438000+00:00,-1.25e-07
2026-02-27 22:00:00.614000+00:00,-2.5e-07
2026-02-27 23:00:00.228000+00:00,-2.25e-06
2026-02-28 00:00:00.270000+00:00,-2.5e-07
2026-02-28 01:00:00.538000+00:00,-1.25e-07
2026-02-28 02:00:00.092000+00:00,0.0
2026-02-28 03:00:00.606000+00:00,-1.75e-06
2026-02-28 04:00:00.216000+00:00,-9.875e-06
2026-02-28 05:00:00.042000+00:00,0.0
2026-02-28 06:00:00.500000+00:00,0.0
2026-02-28 07:00:00.156000+00:00,0.0
2026-02-28 08:00:00.476000+00:00,0.0
2026-02-28 09:00:00.512000+00:00,0.0
2026-02-28 10:00:00.536000+00:00,-6.25e-07
2026-02-28 11:00:00.413000+00:00,0.0
2026-02-28 12:00:00.870000+00:00,0.0
2026-02-28 13:00:00.295000+00:00,0.0
2026-02-28 14:00:00.469000+00:00,0.0
2026-02-28 15:00:00.278000+00:00,0.0
2026-02-28 16:00:00.536000+00:00,0.0
2026-02-28 17:00:00.333000+00:00,0.0
2026-02-28 18:00:00.078000+00:00,0.0
2026-02-28 19:00:00.476000+00:00,0.0
2026-02-28 20:00:00.145000+00:00,0.0
2026-02-28 21:00:00.514000+00:00,0.0
2026-02-28 22:00:00.228000+00:00,-1.25e-07
2026-02-28 23:00:00.561000+00:00,0.0
2026-03-01 00:00:00.498000+00:00,-1.25e-07
2026-03-01 01:00:00.505000+00:00,0.0
2026-03-01 02:00:00.391000+00:00,0.0
2026-03-01 03:00:00.273000+00:00,0.0
2026-03-01 04:00:00.356000+00:00,-1.0625e-05
2026-03-01 05:00:00.066000+00:00,-1.5e-06
2026-03-01 06:00:00.133000+00:00,0.0
2026-03-01 07:00:00.575000+00:00,-9.625e-06
2026-03-01 08:00:00.004000+00:00,-3.75e-06
2026-03-01 09:00:00.708000+00:00,-3.75e-06
2026-03-01 10:00:00.166000+00:00,-1e-06
2026-03-01 11:00:00.702000+00:00,-2.5e-07
2026-03-01 12:00:00.387000+00:00,-1.625e-06
2026-03-01 13:00:00.180000+00:00,0.0
2026-03-01 14:00:00.236000+00:00,-2.5e-07
2026-03-01 15:00:00.396000+00:00,0.0
2026-03-01 16:00:00.063000+00:00,0.0
2026-03-01 17:00:00.092000+00:00,0.0
2026-03-01 18:00:00.560000+00:00,0.0
2026-03-01 19:00:00.457000+00:00,0.0
2026-03-01 20:00:00.138000+00:00,0.0
2026-03-01 21:00:00.411000+00:00,7.5e-07
2026-03-01 22:00:00.621000+00:00,1.2e-05
2026-03-01 23:00:00.029000+00:00,3.8625e-05
2026-03-02 00:00:00.284000+00:00,6.1625e-05
2026-03-02 01:00:00.497000+00:00,6.8625e-05
2026-03-02 02:00:00.017000+00:00,7.325e-05
2026-03-02 03:00:00.372000+00:00,4.55e-05
2026-03-02 04:00:00.330000+00:00,4.8e-05
2026-03-02 05:00:00.585000+00:00,3.8875e-05
2026-03-02 06:00:00.263000+00:00,2.125e-05
2026-03-02 07:00:00.037000+00:00,2.2625e-05
2026-03-02 08:00:00.191000+00:00,3.1625e-05
2026-03-02 09:00:00.826000+00:00,4.85e-05
2026-03-02 10:00:00.520000+00:00,4.75e-06
2026-03-02 11:00:00.623000+00:00,5.125e-06
2026-03-02 12:00:00.056000+00:00,3.75e-06
2026-03-02 13:00:00.455000+00:00,3.125e-06
2026-03-02 14:00:00.735000+00:00,2.5e-07
2026-03-02 15:00:00.510000+00:00,7.5e-06
2026-03-02 16:00:00.377000+00:00,3.125e-06
2026-03-02 17:00:00.190000+00:00,0.0
2026-03-02 18:00:00.185000+00:00,0.0
2026-03-02 19:00:00.270000+00:00,0.0
2026-03-02 20:00:00.417000+00:00,0.0
2026-03-02 21:00:00.026000+00:00,0.0
2026-03-02 22:00:00.069000+00:00,0.0
2026-03-02 23:00:00.115000+00:00,0.0
2026-03-03 00:00:00.389000+00:00,0.0
2026-03-03 01:00:00.556000+00:00,0.0
2026-03-03 02:00:00.391000+00:00,0.0
2026-03-03 03:00:00.137000+00:00,0.0
2026-03-03 04:00:00.205000+00:00,0.0
2026-03-03 05:00:00.537000+00:00,0.0
2026-03-03 06:00:00.091000+00:00,0.0
2026-03-03 07:00:00.037000+00:00,0.0
2026-03-03 08:00:00.236000+00:00,0.0
2026-03-03 09:00:00.254000+00:00,0.0
2026-03-03 10:00:00.124000+00:00,0.0
2026-03-03 11:00:00.379000+00:00,0.0
2026-03-03 12:00:00.697000+00:00,0.0
2026-03-03 13:00:00.314000+00:00,0.0
2026-03-03 14:00:00.415000+00:00,0.0
2026-03-03 15:00:00.338000+00:00,0.0
2026-03-03 16:00:00.085000+00:00,0.0
2026-03-03 17:00:00.180000+00:00,0.0
2026-03-03 18:00:00.569000+00:00,0.0
2026-03-03 19:00:00.533000+00:00,0.0
2026-03-03 20:00:00.260000+00:00,0.0
2026-03-03 21:00:00.149000+00:00,0.0
2026-03-03 22:00:00.311000+00:00,0.0
2026-03-03 23:00:00.442000+00:00,0.0
2026-03-04 00:00:00.223000+00:00,0.0
2026-03-04 01:00:00.427000+00:00,0.0
2026-03-04 02:00:00.532000+00:00,0.0
2026-03-04 03:00:00.327000+00:00,0.0
2026-03-04 04:00:00.085000+00:00,0.0
2026-03-04 05:00:00.522000+00:00,0.0
2026-03-04 06:00:00.290000+00:00,0.0
2026-03-04 07:00:00.062000+00:00,0.0
2026-03-04 08:00:00.346000+00:00,0.0
2026-03-04 09:00:00.208000+00:00,2.5e-07
2026-03-04 10:00:00.088000+00:00,5e-07
2026-03-04 11:00:00.275000+00:00,5e-07
2026-03-04 12:00:00.366000+00:00,0.0
2026-03-04 13:00:00.165000+00:00,0.0
2026-03-04 14:00:00.433000+00:00,0.0
2026-03-04 15:00:00.288000+00:00,0.0
2026-03-04 16:00:00.147000+00:00,0.0
2026-03-04 17:00:00.697000+00:00,-3.25e-06
2026-03-04 18:00:00.321000+00:00,-3.75e-06
2026-03-04 19:00:00.537000+00:00,-4.125e-06
2026-03-04 20:00:00.014000+00:00,-2.8375e-05
2026-03-04 21:00:00.028000+00:00,-4.3875e-05
2026-03-04 22:00:00.724000+00:00,-6.0125e-05
2026-03-04 23:00:00.292000+00:00,-3.375e-05
2026-03-05 00:00:00.594000+00:00,-8.625e-06
2026-03-05 01:00:00.024000+00:00,-5e-07
2026-03-05 02:00:00.390000+00:00,-6.25e-07
2026-03-05 03:00:00.408000+00:00,-2.25e-06
2026-03-05 04:00:00.589000+00:00,-5.75e-06
2026-03-05 05:00:00.556000+00:00,-7.5e-06
2026-03-05 06:00:00.517000+00:00,-8.75e-07
2026-03-05 07:00:00.464000+00:00,-8.75e-07
2026-03-05 08:00:00.271000+00:00,-6.25e-07
2026-03-05 09:00:00.473000+00:00,-1.5e-06
2026-03-05 10:00:00.402000+00:00,-7.5e-07
2026-03-05 11:00:00.216000+00:00,-2.5e-06
2026-03-05 12:00:00.415000+00:00,0.0
2026-03-05 13:00:00.237000+00:00,0.0
2026-03-05 14:00:00.409000+00:00,0.0
2026-03-05 15:00:00.054000+00:00,0.0
2026-03-05 16:00:00.096000+00:00,0.0
2026-03-05 17:00:00.551000+00:00,0.0
2026-03-05 18:00:00.088000+00:00,0.0
2026-03-05 19:00:00.111000+00:00,0.0
2026-03-05 20:00:00.141000+00:00,0.0
2026-03-05 21:00:00.243000+00:00,0.0
2026-03-05 22:00:00.187000+00:00,0.0
2026-03-05 23:00:00.493000+00:00,-1.25e-07
2026-03-06 00:00:00.595000+00:00,0.0
2026-03-06 01:00:00.162000+00:00,0.0
2026-03-06 02:00:00.332000+00:00,0.0
2026-03-06 03:00:00.084000+00:00,0.0
2026-03-06 04:00:00.292000+00:00,0.0
2026-03-06 05:00:00.821000+00:00,0.0
2026-03-06 06:00:00.241000+00:00,-1e-06
2026-03-06 07:00:00.694000+00:00,0.0
2026-03-06 08:00:00.390000+00:00,0.0
2026-03-06 09:00:00.385000+00:00,-1.125e-06
2026-03-06 10:00:00.399000+00:00,0.0
2026-03-06 11:00:00.244000+00:00,0.0
2026-03-06 12:00:00.165000+00:00,0.0
2026-03-06 13:00:00.498000+00:00,0.0
2026-03-06 14:00:00.239000+00:00,0.0
2026-03-06 15:00:00.645000+00:00,0.0
2026-03-06 16:00:00.499000+00:00,0.0
2026-03-06 17:00:00.188000+00:00,-3.175e-05
2026-03-06 18:00:00.139000+00:00,0.0
2026-03-06 19:00:00.008000+00:00,0.0
2026-03-06 20:00:00.294000+00:00,0.0
2026-03-06 21:00:00.214000+00:00,0.0
2026-03-06 22:00:00.108000+00:00,0.0
2026-03-06 23:00:00.460000+00:00,0.0
2026-03-07 00:00:00.180000+00:00,0.0
2026-03-07 01:00:00.438000+00:00,0.0
2026-03-07 02:00:00.208000+00:00,0.0
2026-03-07 03:00:00.521000+00:00,0.0
2026-03-07 04:00:00.095000+00:00,0.0
2026-03-07 05:00:00.489000+00:00,0.0
2026-03-07 06:00:00.696000+00:00,0.0
2026-03-07 07:00:00.114000+00:00,1.25e-07
2026-03-07 08:00:00.467000+00:00,0.0
2026-03-07 09:00:00.285000+00:00,0.0
2026-03-07 10:00:00.615000+00:00,0.0
2026-03-07 11:00:00.637000+00:00,0.0
2026-03-07 12:00:00.069000+00:00,0.0
2026-03-07 13:00:00.498000+00:00,0.0
2026-03-07 14:00:00.588000+00:00,0.0
2026-03-07 15:00:00.019000+00:00,0.0
2026-03-07 16:00:00.057000+00:00,0.0
2026-03-07 17:00:00.379000+00:00,0.0
2026-03-07 18:00:00.328000+00:00,0.0
2026-03-07 19:00:00.546000+00:00,0.0
2026-03-07 20:00:00.543000+00:00,0.0
2026-03-07 21:00:00.298000+00:00,0.0
2026-03-07 22:00:00.244000+00:00,0.0
2026-03-07 23:00:00.153000+00:00,0.0
2026-03-08 00:00:00.847000+00:00,0.0
2026-03-08 01:00:00.061000+00:00,0.0
2026-03-08 02:00:00.193000+00:00,0.0
2026-03-08 03:00:00.556000+00:00,0.0
2026-03-08 04:00:00.160000+00:00,0.0
2026-03-08 05:00:00.131000+00:00,0.0
2026-03-08 06:00:00.519000+00:00,0.0
2026-03-08 07:00:00.344000+00:00,0.0
2026-03-08 08:00:00.354000+00:00,0.0
2026-03-08 09:00:00.286000+00:00,0.0
2026-03-08 10:00:00.516000+00:00,0.0
2026-03-08 11:00:00.475000+00:00,0.0
2026-03-08 12:00:00.546000+00:00,1e-06
2026-03-08 13:00:00.625000+00:00,0.0
2026-03-08 14:00:00.312000+00:00,0.0
2026-03-08 15:00:00.100000+00:00,0.0
2026-03-08 16:00:00.312000+00:00,0.0
2026-03-08 17:00:00.445000+00:00,0.0
2026-03-08 18:00:00.236000+00:00,0.0
2026-03-08 19:00:00.151000+00:00,0.0
2026-03-08 20:00:00.511000+00:00,0.0
2026-03-08 21:00:00.472000+00:00,0.0
2026-03-08 22:00:00.372000+00:00,0.0
2026-03-08 23:00:00.202000+00:00,0.0
2026-03-09 00:00:00.179000+00:00,0.0
2026-03-09 01:00:00.520000+00:00,0.0
2026-03-09 02:00:00.122000+00:00,0.0
2026-03-09 03:00:00.231000+00:00,0.0
2026-03-09 04:00:00.538000+00:00,0.0
2026-03-09 05:00:00.040000+00:00,0.0
2026-03-09 06:00:00.035000+00:00,0.0
2026-03-09 07:00:00.299000+00:00,0.0
2026-03-09 08:00:00.346000+00:00,0.0
2026-03-09 09:00:00.672000+00:00,0.0
2026-03-09 10:00:00.435000+00:00,0.0
2026-03-09 11:00:00.065000+00:00,0.0
2026-03-09 12:00:00.369000+00:00,0.0
2026-03-09 13:00:00.031000+00:00,-1.875e-06
2026-03-09 14:00:00.446000+00:00,-3.75e-07
2026-03-09 15:00:00.594000+00:00,-1.0625e-05
2026-03-09 16:00:00.315000+00:00,-6e-06
2026-03-09 17:00:00.536000+00:00,-1e-06
2026-03-09 18:00:00.338000+00:00,-7.5e-07
2026-03-09 19:00:00.718000+00:00,-1.25e-06
2026-03-09 20:00:00.313000+00:00,-8e-06
2026-03-09 21:00:00.646000+00:00,-8.125e-06
2026-03-09 22:00:00.059000+00:00,-1.15e-05
2026-03-09 23:00:00.560000+00:00,-2.775e-05
2026-03-10 00:00:00.141000+00:00,-3.25e-06
2026-03-10 01:00:00.411000+00:00,-1.2875e-05
2026-03-10 02:00:00.306000+00:00,-8.875e-06
2026-03-10 03:00:00.313000+00:00,0.0
2026-03-10 04:00:00.188000+00:00,0.0
2026-03-10 05:00:00.386000+00:00,-6.25e-06
2026-03-10 06:00:00.494000+00:00,-4.625e-06
2026-03-10 07:00:00.155000+00:00,-1.8875e-05
2026-03-10 08:00:00.133000+00:00,-5.25e-06
2026-03-10 09:00:00.406000+00:00,0.0
2026-03-10 10:00:00.411000+00:00,0.0
2026-03-10 11:00:00.105000+00:00,0.0
2026-03-10 12:00:00.165000+00:00,0.0
2026-03-10 13:00:00.130000+00:00,0.0
2026-03-10 14:00:00.412000+00:00,0.0
2026-03-10 15:00:00.195000+00:00,0.0
2026-03-10 16:00:00.309000+00:00,-1.25e-07
2026-03-10 17:00:00.246000+00:00,0.0
2026-03-10 18:00:00.188000+00:00,0.0
2026-03-10 19:00:00.439000+00:00,0.0
2026-03-10 20:00:00.041000+00:00,0.0
2026-03-10 21:00:00.281000+00:00,0.0
2026-03-10 22:00:00.397000+00:00,0.0
2026-03-10 23:00:00.315000+00:00,0.0
2026-03-11 00:00:00.507000+00:00,0.0
2026-03-11 01:00:00.492000+00:00,0.0
2026-03-11 02:00:00.019000+00:00,0.0
2026-03-11 03:00:00.305000+00:00,0.0
2026-03-11 04:00:00.022000+00:00,0.0
2026-03-11 05:00:00.487000+00:00,0.0
2026-03-11 06:00:00.368000+00:00,0.0
2026-03-11 07:00:00.555000+00:00,0.0
2026-03-11 08:00:00.435000+00:00,0.0
2026-03-11 09:00:00.589000+00:00,0.0
2026-03-11 10:00:00.085000+00:00,0.0
2026-03-11 11:00:00.636000+00:00,0.0
2026-03-11 12:00:00.320000+00:00,0.0
2026-03-11 13:00:00.021000+00:00,0.0
2026-03-11 14:00:00.106000+00:00,0.0
2026-03-11 15:00:00.438000+00:00,0.0
2026-03-11 16:00:00.150000+00:00,-3.25e-06
2026-03-11 17:00:00.522000+00:00,-1.925e-05
2026-03-11 18:00:00.621000+00:00,-2.075e-05
2026-03-11 19:00:00.590000+00:00,-7.5e-06
2026-03-11 20:00:00.196000+00:00,-1.2375e-05
2026-03-11 21:00:00.062000+00:00,-1.875e-05
2026-03-11 22:00:00.315000+00:00,-4.875e-06
2026-03-11 23:00:00.599000+00:00,-1.25e-07
2026-03-12 00:00:00.334000+00:00,0.0
2026-03-12 01:00:00.236000+00:00,-3.375e-06
2026-03-12 02:00:00.360000+00:00,-2.5e-07
2026-03-12 03:00:00.033000+00:00,0.0
2026-03-12 04:00:00.181000+00:00,-2.5e-07
2026-03-12 05:00:00.538000+00:00,0.0
2026-03-12 06:00:00.226000+00:00,-1.2625e-05
2026-03-12 07:00:00.139000+00:00,-8.3375e-05
2026-03-12 08:00:00.549000+00:00,-0.000174
2026-03-12 09:00:00.486000+00:00,-0.000160125
2026-03-12 10:00:00.101000+00:00,-0.00016825
2026-03-12 11:00:00.535000+00:00,-0.000187625
2026-03-12 12:00:00.437000+00:00,-0.000239375
2026-03-12 13:00:00.127000+00:00,-0.000257125
2026-03-12 14:00:00.288000+00:00,-0.000132
2026-03-12 15:00:00.277000+00:00,-2.925e-05
2026-03-12 16:00:00.580000+00:00,-9.625e-06
2026-03-12 17:00:00.220000+00:00,0.0
2026-03-12 18:00:00.233000+00:00,0.0
2026-03-12 19:00:00.335000+00:00,-1e-06
2026-03-12 20:00:00.109000+00:00,0.0
2026-03-12 21:00:00.412000+00:00,-1.625e-06
2026-03-12 22:00:00.252000+00:00,-2.375e-06
2026-03-12 23:00:00.175000+00:00,0.0
2026-03-13 00:00:00.030000+00:00,-1.125e-06
2026-03-13 01:00:00.340000+00:00,-1.25e-06
2026-03-13 02:00:00.339000+00:00,-7.125e-06
2026-03-13 03:00:00.551000+00:00,-2.8625e-05
2026-03-13 04:00:00.565000+00:00,-1.2e-05
2026-03-13 05:00:00.110000+00:00,0.0
2026-03-13 06:00:00.214000+00:00,-1.1375e-05
2026-03-13 07:00:00.297000+00:00,0.0
2026-03-13 08:00:00.507000+00:00,0.0
2026-03-13 09:00:00.535000+00:00,0.0
2026-03-13 10:00:00.380000+00:00,0.0
2026-03-13 11:00:00.204000+00:00,0.0
2026-03-13 12:00:00.648000+00:00,0.0
2026-03-13 13:00:00.441000+00:00,0.0
2026-03-13 14:00:00.202000+00:00,0.0
2026-03-13 15:00:00.004000+00:00,0.0
2026-03-13 16:00:00.078000+00:00,0.0
2026-03-13 17:00:00.423000+00:00,0.0
2026-03-13 18:00:00.487000+00:00,0.0
2026-03-13 19:00:00.188000+00:00,0.0
2026-03-13 20:00:00.046000+00:00,0.0
2026-03-13 21:00:00.347000+00:00,0.0
2026-03-13 22:00:00.452000+00:00,0.0
2026-03-13 23:00:00.160000+00:00,0.0
2026-03-14 00:00:00.512000+00:00,0.0
2026-03-14 01:00:00.207000+00:00,0.0
2026-03-14 02:00:00.330000+00:00,0.0
2026-03-14 03:00:00.545000+00:00,0.0
2026-03-14 04:00:00.448000+00:00,0.0
2026-03-14 05:00:00.392000+00:00,0.0
2026-03-14 06:00:00.143000+00:00,0.0
2026-03-14 07:00:00.559000+00:00,0.0
2026-03-14 08:00:00.632000+00:00,0.0
2026-03-14 09:00:00.290000+00:00,1.25e-07
2026-03-14 10:00:00.470000+00:00,0.0
2026-03-14 11:00:00.229000+00:00,0.0
2026-03-14 12:00:00.102000+00:00,0.0
2026-03-14 13:00:00.242000+00:00,0.0
2026-03-14 14:00:00.530000+00:00,0.0
2026-03-14 15:00:00.174000+00:00,0.0
2026-03-14 16:00:00.557000+00:00,0.0
2026-03-14 17:00:00.236000+00:00,3.75e-07
2026-03-14 18:00:00.036000+00:00,0.0
2026-03-14 19:00:00.269000+00:00,0.0
2026-03-14 20:00:00.002000+00:00,0.0
2026-03-14 21:00:00.204000+00:00,0.0
2026-03-14 22:00:00.452000+00:00,6.25e-07
2026-03-14 23:00:00.311000+00:00,1.5e-06
2026-03-15 00:00:00.552000+00:00,0.0
2026-03-15 01:00:00.134000+00:00,0.0
2026-03-15 02:00:00.224000+00:00,0.0
2026-03-15 03:00:00.186000+00:00,0.0
2026-03-15 04:00:00.015000+00:00,0.0
2026-03-15 05:00:00.397000+00:00,0.0
2026-03-15 06:00:00.092000+00:00,0.0
2026-03-15 07:00:00.518000+00:00,0.0
2026-03-15 08:00:00.512000+00:00,0.0
2026-03-15 09:00:00.658000+00:00,0.0
2026-03-15 10:00:00.116000+00:00,0.0
2026-03-15 11:00:00.306000+00:00,0.0
2026-03-15 12:00:00.235000+00:00,0.0
2026-03-15 13:00:00.092000+00:00,0.0
2026-03-15 14:00:00.185000+00:00,0.0
2026-03-15 15:00:00.076000+00:00,0.0
2026-03-15 16:00:00.475000+00:00,0.0
2026-03-15 17:00:00.369000+00:00,0.0
2026-03-15 18:00:00.430000+00:00,0.0
2026-03-15 19:00:00.047000+00:00,0.0
2026-03-15 20:00:00.515000+00:00,0.0
2026-03-15 21:00:00.127000+00:00,0.0
2026-03-15 22:00:00.246000+00:00,0.0
2026-03-15 23:00:00.579000+00:00,0.0
2026-03-16 00:00:00.069000+00:00,0.0
2026-03-16 01:00:00.605000+00:00,0.0
2026-03-16 02:00:00.617000+00:00,0.0
2026-03-16 03:00:00.037000+00:00,0.0
2026-03-16 04:00:00.148000+00:00,0.0
2026-03-16 05:00:00.333000+00:00,0.0
2026-03-16 06:00:00.384000+00:00,0.0
2026-03-16 07:00:00.061000+00:00,0.0
2026-03-16 08:00:00.536000+00:00,0.0
2026-03-16 09:00:00.467000+00:00,1.1625e-05
2026-03-16 10:00:00.408000+00:00,2.5125e-05
2026-03-16 11:00:00.505000+00:00,2.575e-05
2026-03-16 12:00:00.386000+00:00,1.85e-05
2026-03-16 13:00:00.001000+00:00,2.1625e-05
2026-03-16 14:00:00.150000+00:00,1.8375e-05
2026-03-16 15:00:00.519000+00:00,3.75e-06
2026-03-16 16:00:00.553000+00:00,0.0
2026-03-16 17:00:00.634000+00:00,0.0
2026-03-16 18:00:00.289000+00:00,2.5e-07
2026-03-16 19:00:00.438000+00:00,1.5375e-05
2026-03-16 20:00:00.076000+00:00,2.075e-05
2026-03-16 21:00:00.385000+00:00,7.375e-06
2026-03-16 22:00:00.236000+00:00,6.875e-06
2026-03-16 23:00:00.497000+00:00,5.25e-06
2026-03-17 00:00:00.058000+00:00,1.2875e-05
2026-03-17 01:00:00.345000+00:00,3.25e-06
2026-03-17 02:00:00.282000+00:00,0.0
2026-03-17 03:00:00.144000+00:00,0.0
2026-03-17 04:00:00.062000+00:00,0.0
2026-03-17 05:00:00.483000+00:00,0.0
2026-03-17 06:00:00.444000+00:00,0.0
2026-03-17 07:00:00.192000+00:00,0.0
2026-03-17 08:00:00.651000+00:00,0.0
2026-03-17 09:00:00.501000+00:00,0.0
2026-03-17 10:00:00.385000+00:00,0.0
2026-03-17 11:00:00.488000+00:00,0.0
2026-03-17 12:00:00.934000+00:00,0.0
2026-03-17 13:00:00.125000+00:00,0.0
2026-03-17 14:00:00.555000+00:00,0.0
2026-03-17 15:00:00.404000+00:00,0.0
2026-03-17 16:00:00.531000+00:00,0.0
2026-03-17 17:00:00.544000+00:00,0.0
2026-03-17 18:00:00.050000+00:00,0.0
2026-03-17 19:00:00.325000+00:00,0.0
2026-03-17 20:00:00.240000+00:00,0.0
2026-03-17 21:00:00.416000+00:00,0.0
2026-03-17 22:00:00.314000+00:00,0.0
2026-03-17 23:00:00.534000+00:00,0.0
2026-03-18 00:00:00.541000+00:00,0.0
2026-03-18 01:00:00.327000+00:00,0.0
2026-03-18 02:00:00.134000+00:00,0.0
2026-03-18 03:00:00.044000+00:00,0.0
2026-03-18 04:00:00.154000+00:00,0.0
2026-03-18 05:00:00.536000+00:00,-3.75e-06
2026-03-18 06:00:00.353000+00:00,-1.25e-07
2026-03-18 07:00:00.635000+00:00,0.0
2026-03-18 08:00:00.027000+00:00,-2.1125e-05
2026-03-18 09:00:00.309000+00:00,-7.5e-06
2026-03-18 10:00:00.385000+00:00,-1.125e-06
2026-03-18 11:00:00.072000+00:00,-4.375e-06
2026-03-18 12:00:00.344000+00:00,-4e-06
2026-03-18 13:00:00.125000+00:00,-2e-05
2026-03-18 14:00:00.285000+00:00,-2.175e-05
2026-03-18 15:00:00.184000+00:00,-2.475e-05
2026-03-18 16:00:00.208000+00:00,-4.525e-05
2026-03-18 17:00:00.263000+00:00,-5.925e-05
2026-03-18 18:00:00.004000+00:00,-5.0875e-05
2026-03-18 19:00:00.406000+00:00,-7.475e-05
2026-03-18 20:00:00.565000+00:00,-4.8125e-05
2026-03-18 21:00:00.347000+00:00,-1.3875e-05
2026-03-18 22:00:00.284000+00:00,-9.125e-06
2026-03-18 23:00:00.039000+00:00,-2.125e-06
2026-03-19 00:00:00.394000+00:00,-6.125e-06
2026-03-19 01:00:00.504000+00:00,-3.25e-06
2026-03-19 02:00:00.349000+00:00,-3.5e-06
2026-03-19 03:00:00.469000+00:00,-5e-07
2026-03-19 04:00:00.370000+00:00,0.0
2026-03-19 05:00:00.592000+00:00,-1.125e-06
2026-03-19 06:00:00.118000+00:00,-1.25e-07
2026-03-19 07:00:00.194000+00:00,-2.5e-07
2026-03-19 08:00:00.131000+00:00,-8.75e-07
2026-03-19 09:00:00.565000+00:00,-3.75e-07
2026-03-19 10:00:00.150000+00:00,-6.25e-07
2026-03-19 11:00:00.454000+00:00,-6.375e-06
2026-03-19 12:00:00.142000+00:00,-1.725e-05
2026-03-19 13:00:00.406000+00:00,-2.5e-07
2026-03-19 14:00:00.369000+00:00,0.0
2026-03-19 15:00:00.559000+00:00,0.0
2026-03-19 16:00:00.061000+00:00,0.0
2026-03-19 17:00:00.189000+00:00,-1.25e-07
2026-03-19 18:00:00.245000+00:00,0.0
2026-03-19 19:00:00.483000+00:00,0.0
2026-03-19 20:00:00.599000+00:00,0.0
2026-03-19 21:00:00.245000+00:00,-9.875e-06
2026-03-19 22:00:00.069000+00:00,-1.775e-05
2026-03-19 23:00:00.028000+00:00,-1.1375e-05
2026-03-20 00:00:00.556000+00:00,-1.1375e-05
2026-03-20 01:00:00.221000+00:00,0.0
2026-03-20 02:00:00.822000+00:00,0.0
2026-03-20 03:00:00.652000+00:00,0.0
2026-03-20 04:00:00.167000+00:00,-1e-06
2026-03-20 05:00:00.069000+00:00,0.0
2026-03-20 06:00:00.618000+00:00,0.0
2026-03-20 07:00:00.592000+00:00,0.0
2026-03-20 08:00:00.580000+00:00,0.0
2026-03-20 09:00:00.702000+00:00,0.0
2026-03-20 10:00:00.570000+00:00,0.0
2026-03-20 11:00:00.151000+00:00,0.0
2026-03-20 12:00:00.588000+00:00,0.0
2026-03-20 13:00:00.426000+00:00,0.0
2026-03-20 14:00:00.572000+00:00,0.0
2026-03-20 15:00:00.651000+00:00,0.0
2026-03-20 16:00:00.100000+00:00,0.0
2026-03-20 17:00:00.545000+00:00,0.0
2026-03-20 18:00:00.397000+00:00,0.0
2026-03-20 19:00:00.043000+00:00,0.0
2026-03-20 20:00:00.156000+00:00,0.0
2026-03-20 21:00:00.319000+00:00,0.0
2026-03-20 22:00:00.079000+00:00,0.0
2026-03-20 23:00:00.429000+00:00,0.0
2026-03-21 00:00:00.105000+00:00,0.0
2026-03-21 01:00:00.058000+00:00,0.0
2026-03-21 02:00:00.342000+00:00,0.0
2026-03-21 03:00:00.319000+00:00,0.0
2026-03-21 04:00:00.488000+00:00,0.0
2026-03-21 05:00:00.462000+00:00,0.0
2026-03-21 06:00:00.227000+00:00,0.0
2026-03-21 07:00:00.029000+00:00,0.0
2026-03-21 08:00:00.378000+00:00,0.0
2026-03-21 09:00:00.476000+00:00,0.0
2026-03-21 10:00:00.084000+00:00,0.0
2026-03-21 11:00:00.074000+00:00,0.0
2026-03-21 12:00:00.445000+00:00,0.0
2026-03-21 13:00:00.143000+00:00,0.0
2026-03-21 14:00:00.545000+00:00,0.0
2026-03-21 15:00:00.155000+00:00,0.0
2026-03-21 16:00:00.441000+00:00,0.0
2026-03-21 17:00:00.581000+00:00,0.0
2026-03-21 18:00:00.203000+00:00,0.0
2026-03-21 19:00:00.355000+00:00,0.0
2026-03-21 20:00:00.520000+00:00,0.0
2026-03-21 21:00:00.251000+00:00,0.0
2026-03-21 22:00:00.219000+00:00,0.0
2026-03-21 23:00:00.366000+00:00,0.0
2026-03-22 00:00:00.101000+00:00,0.0
2026-03-22 01:00:00.321000+00:00,0.0
2026-03-22 02:00:00.488000+00:00,0.0
2026-03-22 03:00:00.386000+00:00,0.0
2026-03-22 04:00:00.149000+00:00,0.0
2026-03-22 05:00:00.577000+00:00,0.0
2026-03-22 06:00:00.528000+00:00,0.0
2026-03-22 07:00:00.620000+00:00,0.0
2026-03-22 08:00:00.295000+00:00,0.0
2026-03-22 09:00:00.690000+00:00,0.0
2026-03-22 10:00:00.395000+00:00,0.0
2026-03-22 11:00:00.178000+00:00,0.0
2026-03-22 12:00:00.069000+00:00,0.0
2026-03-22 13:00:00.501000+00:00,0.0
2026-03-22 14:00:00.433000+00:00,0.0
2026-03-22 15:00:00.577000+00:00,0.0
2026-03-22 16:00:00.121000+00:00,0.0
2026-03-22 17:00:00.145000+00:00,0.0
2026-03-22 18:00:00.436000+00:00,0.0
2026-03-22 19:00:00.269000+00:00,0.0
2026-03-22 20:00:00.041000+00:00,-1.3875e-05
2026-03-22 21:00:00.034000+00:00,0.0
2026-03-22 22:00:00.140000+00:00,-1.175e-05
2026-03-22 23:00:00.167000+00:00,-2.9375e-05
2026-03-23 00:00:00.383000+00:00,-3.975e-05
2026-03-23 01:00:00.355000+00:00,-7.875e-06
2026-03-23 02:00:00.565000+00:00,-7.375e-06
2026-03-23 03:00:00.312000+00:00,-1.225e-05
2026-03-23 04:00:00.128000+00:00,-3.875e-06
2026-03-23 05:00:00.174000+00:00,-5.45e-05
2026-03-23 06:00:00.340000+00:00,-5.3375e-05
2026-03-23 07:00:00.383000+00:00,-5.225e-05
2026-03-23 08:00:00.678000+00:00,-3.975e-05
2026-03-23 09:00:00.121000+00:00,-3.125e-05
2026-03-23 10:00:00.321000+00:00,-1.5375e-05
2026-03-23 11:00:00.160000+00:00,-8.25e-06
2026-03-23 12:00:00.254000+00:00,-5.15e-05
2026-03-23 13:00:00.140000+00:00,-8.35e-05
2026-03-23 14:00:00.074000+00:00,-8.75e-05
2026-03-23 15:00:00.271000+00:00,-5.5375e-05
2026-03-23 16:00:00.721000+00:00,-3.15e-05
2026-03-23 17:00:00.078000+00:00,-3.575e-05
2026-03-23 18:00:00.364000+00:00,-9.75e-06
2026-03-23 19:00:00.540000+00:00,-2.4e-05
2026-03-23 20:00:00.531000+00:00,-2.875e-06
2026-03-23 21:00:00.385000+00:00,0.0
2026-03-23 22:00:00.096000+00:00,0.0
2026-03-23 23:00:00.655000+00:00,0.0
2026-03-24 00:00:00.578000+00:00,0.0
2026-03-24 01:00:00.188000+00:00,0.0
2026-03-24 02:00:00.245000+00:00,-3.75e-07
2026-03-24 03:00:00.424000+00:00,-2.5e-07
2026-03-24 04:00:00.422000+00:00,-2.5e-07
2026-03-24 05:00:00.585000+00:00,0.0
2026-03-24 06:00:00.042000+00:00,0.0
2026-03-24 07:00:00.493000+00:00,0.0
2026-03-24 08:00:00.682000+00:00,0.0
2026-03-24 09:00:00.333000+00:00,-3.25e-06
2026-03-24 10:00:00.261000+00:00,-6.25e-07
2026-03-24 11:00:00.205000+00:00,-5e-07
2026-03-24 12:00:00.269000+00:00,-2.375e-06
2026-03-24 13:00:00.070000+00:00,-2.375e-06
2026-03-24 14:00:00.066000+00:00,-1.125e-06
2026-03-24 15:00:00.119000+00:00,-2.125e-06
2026-03-24 16:00:00.257000+00:00,0.0
2026-03-24 17:00:00.618000+00:00,0.0
2026-03-24 18:00:00.471000+00:00,0.0
2026-03-24 19:00:00.387000+00:00,-5e-07
2026-03-24 20:00:00.250000+00:00,0.0
2026-03-24 21:00:00.602000+00:00,0.0
2026-03-24 22:00:00.077000+00:00,0.0
2026-03-24 23:00:00.027000+00:00,-2.5e-07
2026-03-25 00:00:00.113000+00:00,0.0
2026-03-25 01:00:00.229000+00:00,-2.5e-07
2026-03-25 02:00:00.490000+00:00,0.0
2026-03-25 03:00:00.189000+00:00,0.0
2026-03-25 04:00:00.067000+00:00,0.0
2026-03-25 05:00:00.123000+00:00,0.0
2026-03-25 06:00:00.481000+00:00,0.0
2026-03-25 07:00:00.097000+00:00,0.0
2026-03-25 08:00:00.510000+00:00,0.0
2026-03-25 09:00:00.657000+00:00,0.0
2026-03-25 10:00:00.402000+00:00,0.0
2026-03-25 11:00:00.099000+00:00,0.0
2026-03-25 12:00:00.169000+00:00,0.0
2026-03-25 13:00:00.456000+00:00,-7.5e-07
2026-03-25 14:00:00.548000+00:00,0.0
2026-03-25 15:00:00.262000+00:00,-3.625e-06
2026-03-25 16:00:00.343000+00:00,-1.125e-06
2026-03-25 17:00:00.020000+00:00,-1.25e-07
2026-03-25 18:00:00.557000+00:00,0.0
2026-03-25 19:00:00.270000+00:00,0.0
2026-03-25 20:00:00.389000+00:00,-2e-06
2026-03-25 21:00:00.437000+00:00,-4.625e-06
2026-03-25 22:00:00.205000+00:00,-1e-06
2026-03-25 23:00:00.045000+00:00,-7.5e-07
2026-03-26 00:00:00.012000+00:00,-1.375e-06
2026-03-26 01:00:00.185000+00:00,-2e-06
2026-03-26 02:00:00.169000+00:00,0.0
2026-03-26 03:00:00.244000+00:00,-2.5e-07
2026-03-26 04:00:00.177000+00:00,-7.75e-06
2026-03-26 05:00:00.122000+00:00,-4.625e-06
2026-03-26 06:00:00.633000+00:00,-8.625e-06
2026-03-26 07:00:00.212000+00:00,-1.2625e-05
2026-03-26 08:00:00.425000+00:00,-7.5e-07
2026-03-26 09:00:00.384000+00:00,-3.75e-07
2026-03-26 10:00:00.483000+00:00,0.0
2026-03-26 11:00:00.293000+00:00,0.0
2026-03-26 12:00:00.471000+00:00,0.0
2026-03-26 13:00:00.563000+00:00,0.0
2026-03-26 14:00:00.368000+00:00,0.0
2026-03-26 15:00:00.179000+00:00,-4.25e-06
2026-03-26 16:00:00.540000+00:00,-1.875e-06
2026-03-26 17:00:00.409000+00:00,-1.1875e-05
2026-03-26 18:00:00.547000+00:00,-2.275e-05
2026-03-26 19:00:00.346000+00:00,-1.2375e-05
2026-03-26 20:00:00.270000+00:00,-7e-06
2026-03-26 21:00:00.038000+00:00,-4.25e-06
2026-03-26 22:00:00.475000+00:00,0.0
2026-03-26 23:00:00.006000+00:00,-1.25e-07
2026-03-27 00:00:00.475000+00:00,-2e-06
2026-03-27 01:00:00.269000+00:00,0.0
2026-03-27 02:00:00.406000+00:00,-1.25e-07
2026-03-27 03:00:00.378000+00:00,-7.5e-07
2026-03-27 04:00:00.067000+00:00,0.0
2026-03-27 05:00:00.386000+00:00,-1.25e-07
2026-03-27 06:00:00.217000+00:00,-3.75e-07
2026-03-27 07:00:00.470000+00:00,-6.25e-06
2026-03-27 08:00:00.016000+00:00,-3.25e-06
2026-03-27 09:00:00.416000+00:00,-4e-06
2026-03-27 10:00:00.272000+00:00,-8.6e-05
2026-03-27 11:00:00.370000+00:00,-8.05e-05
2026-03-27 12:00:00.413000+00:00,-9.7875e-05
2026-03-27 13:00:00.584000+00:00,-6.15e-05
2026-03-27 14:00:00.090000+00:00,-6.2625e-05
2026-03-27 15:00:00.004000+00:00,-5.9375e-05
2026-03-27 16:00:00.080000+00:00,-4.325e-05
2026-03-27 17:00:00.100000+00:00,-4.95e-05
2026-03-27 18:00:00.243000+00:00,-3.5e-05
2026-03-27 19:00:00.481000+00:00,-4.2875e-05
2026-03-27 20:00:00.369000+00:00,-4.0125e-05
2026-03-27 21:00:00.212000+00:00,-5.3875e-05
2026-03-27 22:00:00.078000+00:00,-3.4e-05
2026-03-27 23:00:00.011000+00:00,-3.25e-05
2026-03-28 00:00:00.325000+00:00,-1.2125e-05
2026-03-28 01:00:00.227000+00:00,-3.75e-07
2026-03-28 02:00:00.270000+00:00,0.0
2026-03-28 03:00:00.377000+00:00,0.0
2026-03-28 04:00:00.454000+00:00,-1.25e-07
2026-03-28 05:00:00.153000+00:00,0.0
2026-03-28 06:00:00.316000+00:00,-1e-06
2026-03-28 07:00:00.393000+00:00,-7.5e-07
2026-03-28 08:00:00.482000+00:00,0.0
2026-03-28 09:00:00.025000+00:00,0.0
2026-03-28 10:00:00.368000+00:00,0.0
2026-03-28 11:00:00.495000+00:00,0.0
2026-03-28 12:00:00.509000+00:00,0.0
2026-03-28 13:00:00.331000+00:00,0.0
2026-03-28 14:00:00.022000+00:00,0.0
2026-03-28 15:00:00.215000+00:00,-4.125e-06
2026-03-28 16:00:00.433000+00:00,-1.875e-06
2026-03-28 17:00:00.184000+00:00,-1e-06
2026-03-28 18:00:00.285000+00:00,-6.25e-07
2026-03-28 19:00:00.262000+00:00,-1.25e-07
2026-03-28 20:00:00.128000+00:00,-1.25e-06
2026-03-28 21:00:00.422000+00:00,-1.25e-07
2026-03-28 22:00:00.238000+00:00,-5.375e-06
2026-03-28 23:00:00.388000+00:00,-4.25e-06
2026-03-29 00:00:00.359000+00:00,-6.25e-06
2026-03-29 01:00:00.499000+00:00,-5.125e-06
2026-03-29 02:00:00.165000+00:00,-8.875e-06
2026-03-29 03:00:00.383000+00:00,-1.0125e-05
2026-03-29 04:00:00.325000+00:00,-2e-06
2026-03-29 05:00:00.560000+00:00,-1.25e-07
2026-03-29 06:00:00.375000+00:00,0.0
2026-03-29 07:00:00.573000+00:00,-1.875e-06
2026-03-29 08:00:00.496000+00:00,-8.75e-07
2026-03-29 09:00:00.360000+00:00,0.0
2026-03-29 10:00:00.094000+00:00,-3.75e-07
2026-03-29 11:00:00.306000+00:00,-2.5e-07
2026-03-29 12:00:00.134000+00:00,-4.5e-06
2026-03-29 13:00:00.172000+00:00,-2.375e-06
2026-03-29 14:00:00.297000+00:00,-1.25e-07
2026-03-29 15:00:00.120000+00:00,0.0
2026-03-29 16:00:00.502000+00:00,-1.125e-06
2026-03-29 17:00:00.018000+00:00,-1e-06
2026-03-29 18:00:00.426000+00:00,-8.75e-07
2026-03-29 19:00:00.033000+00:00,-1.625e-06
2026-03-29 20:00:00.399000+00:00,0.0
2026-03-29 21:00:00.065000+00:00,0.0
2026-03-29 22:00:00.475000+00:00,-1.125e-06
2026-03-29 23:00:00.434000+00:00,0.0
2026-03-30 00:00:00.428000+00:00,-9.375e-06
2026-03-30 01:00:00.508000+00:00,-2.5e-07
2026-03-30 02:00:00.181000+00:00,-3.375e-06
2026-03-30 03:00:00.424000+00:00,-5.375e-06
2026-03-30 04:00:00.221000+00:00,-3.75e-06
2026-03-30 05:00:00.323000+00:00,-2.875e-06
2026-03-30 06:00:00.569000+00:00,0.0
2026-03-30 07:00:00.060000+00:00,-1.875e-06
2026-03-30 08:00:00.349000+00:00,-7.625e-06
2026-03-30 09:00:00.333000+00:00,-2e-06
2026-03-30 10:00:00.036000+00:00,-8.75e-07
2026-03-30 11:00:00.382000+00:00,0.0
2026-03-30 12:00:00.120000+00:00,0.0
2026-03-30 13:00:00.438000+00:00,0.0
2026-03-30 14:00:00.236000+00:00,0.0
2026-03-30 15:00:00.492000+00:00,0.0
2026-03-30 16:00:00.073000+00:00,0.0
2026-03-30 17:00:00.122000+00:00,-2.5e-07
2026-03-30 18:00:00.111000+00:00,0.0
2026-03-30 19:00:00+00:00,0.0
2026-03-30 20:00:00.423000+00:00,2.5e-07
2026-03-30 21:00:00.367000+00:00,0.0
2026-03-30 22:00:00.285000+00:00,1.025e-05
2026-03-30 23:00:00.052000+00:00,3.25e-06
2026-03-31 00:00:00.621000+00:00,1.2875e-05
2026-03-31 01:00:00.313000+00:00,1.675e-05
2026-03-31 02:00:00.273000+00:00,4.125e-05
2026-03-31 03:00:00.561000+00:00,4.9375e-05
2026-03-31 04:00:00.094000+00:00,4.7375e-05
2026-03-31 05:00:00.444000+00:00,4.525e-05
2026-03-31 06:00:00.197000+00:00,2.0125e-05
2026-03-31 07:00:00.029000+00:00,1.375e-06
2026-03-31 08:00:00.585000+00:00,2e-06
2026-03-31 09:00:00.065000+00:00,1.75e-06
2026-03-31 10:00:00.269000+00:00,1.05e-05
2026-03-31 11:00:00.110000+00:00,0.0
2026-03-31 12:00:00.202000+00:00,0.0
2026-03-31 13:00:00.256000+00:00,0.0
2026-03-31 14:00:00.126000+00:00,0.0
2026-03-31 15:00:00.192000+00:00,1.25e-06
2026-03-31 16:00:00.530000+00:00,0.0
2026-03-31 17:00:00.164000+00:00,0.0
2026-03-31 18:00:00.054000+00:00,0.0
2026-03-31 19:00:00.516000+00:00,3.75e-07
2026-03-31 20:00:00.554000+00:00,2e-06
2026-03-31 21:00:00.013000+00:00,8.75e-07
2026-03-31 22:00:00.209000+00:00,0.0
2026-03-31 23:00:00.352000+00:00,4.25e-06
2026-04-01 00:00:00.024000+00:00,1.875e-06
2026-04-01 01:00:00.429000+00:00,0.0
2026-04-01 02:00:00.090000+00:00,1.375e-06
2026-04-01 03:00:00.298000+00:00,5e-07
2026-04-01 04:00:00.289000+00:00,5e-07
2026-04-01 05:00:00.406000+00:00,5e-07
2026-04-01 06:00:00.387000+00:00,5.25e-06
2026-04-01 07:00:00.175000+00:00,5.25e-06
2026-04-01 08:00:00.021000+00:00,1.5625e-05
2026-04-01 09:00:00.056000+00:00,5.625e-06
2026-04-01 10:00:00.319000+00:00,3.5e-06
2026-04-01 11:00:00.063000+00:00,4.125e-06
2026-04-01 12:00:00.093000+00:00,2.25e-06
2026-04-01 13:00:00.118000+00:00,3.75e-07
2026-04-01 14:00:00.585000+00:00,0.0
2026-04-01 15:00:00.541000+00:00,0.0
2026-04-01 16:00:00.196000+00:00,0.0
2026-04-01 17:00:00.514000+00:00,5e-07
2026-04-01 18:00:00.027000+00:00,0.0
2026-04-01 19:00:00.341000+00:00,0.0
2026-04-01 20:00:00.035000+00:00,0.0
2026-04-01 21:00:00.466000+00:00,0.0
2026-04-01 22:00:00.252000+00:00,0.0
2026-04-01 23:00:00.026000+00:00,0.0
2026-04-02 00:00:00.294000+00:00,0.0
2026-04-02 01:00:00.277000+00:00,0.0
2026-04-02 02:00:00.030000+00:00,0.0
2026-04-02 03:00:00.384000+00:00,0.0
2026-04-02 04:00:00.483000+00:00,0.0
2026-04-02 05:00:00.280000+00:00,0.0
2026-04-02 06:00:00.368000+00:00,0.0
2026-04-02 07:00:00.046000+00:00,0.0
2026-04-02 08:00:00.371000+00:00,0.0
2026-04-02 09:00:00.340000+00:00,7.5e-07
2026-04-02 10:00:00.347000+00:00,0.0
2026-04-02 11:00:00.233000+00:00,0.0
2026-04-02 12:00:00.020000+00:00,0.0
2026-04-02 13:00:00.523000+00:00,0.0
2026-04-02 14:00:00.211000+00:00,0.0
2026-04-02 15:00:00.238000+00:00,0.0
2026-04-02 16:00:00.334000+00:00,3.75e-07
2026-04-02 17:00:00.593000+00:00,3.75e-07
2026-04-02 18:00:00.737000+00:00,5e-07
2026-04-02 19:00:00.148000+00:00,5e-07
2026-04-02 20:00:00.385000+00:00,2.25e-06
2026-04-02 21:00:00.201000+00:00,6e-06
2026-04-02 22:00:00.285000+00:00,6.75e-06
2026-04-02 23:00:00.333000+00:00,3.35e-05
2026-04-03 00:00:00.080000+00:00,2.0875e-05
2026-04-03 01:00:00.297000+00:00,1.2375e-05
2026-04-03 02:00:00.088000+00:00,1.2625e-05
2026-04-03 03:00:00.018000+00:00,1.475e-05
2026-04-03 04:00:00.284000+00:00,3.75e-06
2026-04-03 05:00:00.658000+00:00,3.625e-06
2026-04-03 06:00:00.688000+00:00,3.625e-06
2026-04-03 07:00:00.255000+00:00,5.25e-06
2026-04-03 08:00:00.328000+00:00,8.75e-07
2026-04-03 09:00:00.497000+00:00,2.1125e-05
2026-04-03 10:00:00.201000+00:00,2.075e-05
2026-04-03 11:00:00.426000+00:00,3.6375e-05
2026-04-03 12:00:00.109000+00:00,3.5625e-05
2026-04-03 13:00:00.667000+00:00,1.2e-05
2026-04-03 14:00:00.403000+00:00,9.5e-06
2026-04-03 15:00:00.171000+00:00,2e-06
2026-04-03 16:00:00.117000+00:00,2.625e-06
2026-04-03 17:00:00.350000+00:00,8.75e-07
2026-04-03 18:00:00.068000+00:00,0.0
2026-04-03 19:00:00.258000+00:00,8.75e-07
2026-04-03 20:00:00.505000+00:00,5e-07
2026-04-03 21:00:00.390000+00:00,2.75e-06
2026-04-03 22:00:00.568000+00:00,8.75e-07
2026-04-03 23:00:00.189000+00:00,1.25e-07
2026-04-04 00:00:00.159000+00:00,0.0
2026-04-04 01:00:00.267000+00:00,1.25e-06
2026-04-04 02:00:00.088000+00:00,1.125e-06
2026-04-04 03:00:00.529000+00:00,5e-07
2026-04-04 04:00:00.298000+00:00,0.0
2026-04-04 05:00:00.089000+00:00,3.75e-07
2026-04-04 06:00:00.110000+00:00,7.5e-07
2026-04-04 07:00:00.264000+00:00,0.0
2026-04-04 08:00:00.289000+00:00,3.75e-07
2026-04-04 09:00:00.629000+00:00,0.0
2026-04-04 10:00:00.119000+00:00,1.25e-07
2026-04-04 11:00:00.161000+00:00,1.25e-07
2026-04-04 12:00:00.449000+00:00,0.0
2026-04-04 13:00:00.009000+00:00,1e-06
2026-04-04 14:00:00.427000+00:00,1.375e-06
2026-04-04 15:00:00.471000+00:00,5e-07
2026-04-04 16:00:00.319000+00:00,0.0
2026-04-04 17:00:00.278000+00:00,5e-07
2026-04-04 18:00:00.168000+00:00,1.25e-07
2026-04-04 19:00:00.296000+00:00,1.25e-07
2026-04-04 20:00:00.250000+00:00,0.0
2026-04-04 21:00:00.257000+00:00,1.125e-06
2026-04-04 22:00:00.112000+00:00,0.0
2026-04-04 23:00:00.438000+00:00,1.25e-07
2026-04-05 00:00:00.369000+00:00,1.625e-06
2026-04-05 01:00:00.069000+00:00,0.0
2026-04-05 02:00:00.507000+00:00,7.5e-07
2026-04-05 03:00:00.125000+00:00,4.625e-06
2026-04-05 04:00:00.069000+00:00,1.75e-06
2026-04-05 05:00:00.474000+00:00,2.875e-06
2026-04-05 06:00:00.196000+00:00,5.625e-06
2026-04-05 07:00:00.422000+00:00,4.75e-06
2026-04-05 08:00:00.016000+00:00,2.75e-06
2026-04-05 09:00:00.494000+00:00,4.375e-06
2026-04-05 10:00:00.271000+00:00,2.125e-06
2026-04-05 11:00:00.505000+00:00,2.125e-06
2026-04-05 12:00:00.027000+00:00,1.25e-07
2026-04-05 13:00:00.629000+00:00,2.5e-07
2026-04-05 14:00:00.041000+00:00,1.125e-06
2026-04-05 15:00:00.381000+00:00,3.75e-07
2026-04-05 16:00:00.069000+00:00,0.0
2026-04-05 17:00:00.507000+00:00,2.5e-07
2026-04-05 18:00:00.336000+00:00,5e-07
2026-04-05 19:00:00.119000+00:00,2.625e-06
2026-04-05 20:00:00.084000+00:00,6.25e-06
2026-04-05 21:00:00.473000+00:00,8.5e-06
2026-04-05 22:00:00.091000+00:00,9.625e-06
2026-04-05 23:00:00.449000+00:00,5e-06
2026-04-06 00:00:00.590000+00:00,5.25e-06
2026-04-06 01:00:00.071000+00:00,1.85e-05
2026-04-06 02:00:00.421000+00:00,1.1375e-05
2026-04-06 03:00:00.127000+00:00,1.525e-05
2026-04-06 04:00:00.449000+00:00,1.0875e-05
2026-04-06 05:00:00.101000+00:00,3e-06
2026-04-06 06:00:00.027000+00:00,7.25e-06
2026-04-06 07:00:00.372000+00:00,2.75e-06
2026-04-06 08:00:00.201000+00:00,5.5e-06
2026-04-06 09:00:00.152000+00:00,2.125e-06
2026-04-06 10:00:00.116000+00:00,3.625e-06
2026-04-06 11:00:00.395000+00:00,4.25e-06
2026-04-06 12:00:00.429000+00:00,5e-07
2026-04-06 13:00:00.237000+00:00,1.625e-06
2026-04-06 14:00:00.414000+00:00,8e-06
2026-04-06 15:00:00.394000+00:00,4.75e-06
2026-04-06 16:00:00.294000+00:00,0.0
2026-04-06 17:00:00.081000+00:00,0.0
2026-04-06 18:00:00.120000+00:00,0.0
2026-04-06 19:00:00.273000+00:00,2.5e-07
2026-04-06 20:00:00.229000+00:00,0.0
2026-04-06 21:00:00.507000+00:00,1.125e-06
2026-04-06 22:00:00.496000+00:00,5e-07
2026-04-06 23:00:00.034000+00:00,0.0
2026-04-07 00:00:00.062000+00:00,8.75e-07
2026-04-07 01:00:00.600000+00:00,2e-06
2026-04-07 02:00:00.486000+00:00,3.75e-07
2026-04-07 03:00:00.534000+00:00,0.0
2026-04-07 04:00:00.387000+00:00,0.0
2026-04-07 05:00:00.097000+00:00,3.75e-07
2026-04-07 06:00:00.509000+00:00,0.0
2026-04-07 07:00:00.245000+00:00,0.0
2026-04-07 08:00:00.623000+00:00,1.375e-06
2026-04-07 09:00:00.322000+00:00,8.375e-06
2026-04-07 10:00:00.380000+00:00,7.5e-07
2026-04-07 11:00:00.029000+00:00,3.25e-06
2026-04-07 12:00:00.284000+00:00,0.0
2026-04-07 13:00:00.011000+00:00,2.5e-07
2026-04-07 14:00:00.491000+00:00,1.5e-06
2026-04-07 15:00:00.147000+00:00,4e-06
2026-04-07 16:00:00.134000+00:00,4.625e-06
2026-04-07 17:00:00.205000+00:00,4.125e-06
2026-04-07 18:00:00.116000+00:00,3.125e-06
2026-04-07 19:00:00.252000+00:00,1.25e-07
2026-04-07 20:00:00.462000+00:00,0.0
2026-04-07 21:00:00.383000+00:00,0.0
2026-04-07 22:00:00.087000+00:00,0.0
2026-04-07 23:00:00.066000+00:00,0.0
2026-04-08 00:00:00.321000+00:00,0.0
2026-04-08 01:00:00.575000+00:00,0.0
2026-04-08 02:00:00.338000+00:00,0.0
2026-04-08 03:00:00.038000+00:00,0.0
2026-04-08 04:00:00.376000+00:00,0.0
2026-04-08 05:00:00.561000+00:00,0.0
2026-04-08 06:00:00.054000+00:00,0.0
2026-04-08 07:00:00.467000+00:00,0.0
2026-04-08 08:00:00.216000+00:00,0.0
2026-04-08 09:00:00.404000+00:00,5.375e-06
2026-04-08 10:00:00.031000+00:00,1.125e-06
2026-04-08 11:00:00.096000+00:00,0.0
2026-04-08 12:00:00.026000+00:00,0.0
2026-04-08 13:00:00.249000+00:00,0.0
2026-04-08 14:00:00.160000+00:00,0.0
2026-04-08 15:00:00.313000+00:00,0.0
2026-04-08 16:00:00.387000+00:00,0.0
2026-04-08 17:00:00.536000+00:00,0.0
2026-04-08 18:00:00.412000+00:00,0.0
2026-04-08 19:00:00.368000+00:00,0.0
2026-04-08 20:00:00.042000+00:00,0.0
2026-04-08 21:00:00.288000+00:00,-1.125e-06
2026-04-08 22:00:00.044000+00:00,0.0
2026-04-08 23:00:00.322000+00:00,6.25e-07
2026-04-09 00:00:00.167000+00:00,0.0
2026-04-09 01:00:00.385000+00:00,1.25e-07
2026-04-09 02:00:00.053000+00:00,0.0
2026-04-09 03:00:00.522000+00:00,3.75e-07
2026-04-09 04:00:00.110000+00:00,0.0
2026-04-09 05:00:00.274000+00:00,0.0
2026-04-09 06:00:00.424000+00:00,6.25e-07
2026-04-09 07:00:00.370000+00:00,1.375e-06
2026-04-09 08:00:00.340000+00:00,1e-06
2026-04-09 09:00:00.103000+00:00,2.5e-07
2026-04-09 10:00:00.092000+00:00,0.0
2026-04-09 11:00:00.669000+00:00,2.5e-07
2026-04-09 12:00:00.097000+00:00,6.25e-07
2026-04-09 13:00:00.156000+00:00,2.5e-06
2026-04-09 14:00:00.466000+00:00,5.625e-06
2026-04-09 15:00:00.144000+00:00,1.25e-07
2026-04-09 16:00:00.449000+00:00,3e-06
2026-04-09 17:00:00.020000+00:00,2.25e-06
2026-04-09 18:00:00.339000+00:00,4.75e-06
2026-04-09 19:00:00.237000+00:00,8.75e-07
2026-04-09 20:00:00.448000+00:00,1.375e-06
2026-04-09 21:00:00.371000+00:00,1.75e-06
2026-04-09 22:00:00.502000+00:00,5.25e-06
2026-04-09 23:00:00.377000+00:00,1.8125e-05
2026-04-10 00:00:00.022000+00:00,2.5e-06
2026-04-10 01:00:00.726000+00:00,0.0
2026-04-10 02:00:00.453000+00:00,0.0
2026-04-10 03:00:00.560000+00:00,1.5e-06
2026-04-10 04:00:00.001000+00:00,5e-07
2026-04-10 05:00:00.568000+00:00,3.125e-06
2026-04-10 06:00:00.401000+00:00,8.75e-07
2026-04-10 07:00:00.478000+00:00,1.2625e-05
2026-04-10 08:00:00.577000+00:00,3.2625e-05
2026-04-10 09:00:00.224000+00:00,2.4375e-05
2026-04-10 10:00:00.087000+00:00,1.3375e-05
2026-04-10 11:00:00.728000+00:00,1.025e-05
2026-04-10 12:00:00.747000+00:00,0.0
2026-04-10 13:00:00.087000+00:00,7.5e-07
2026-04-10 14:00:01.188000+00:00,0.0
2026-04-10 15:00:00.633000+00:00,3.125e-06
2026-04-10 16:00:00.251000+00:00,0.0
2026-04-10 17:00:00.084000+00:00,1.375e-06
2026-04-10 18:00:00.070000+00:00,0.0
2026-04-10 19:00:00.070000+00:00,0.0
2026-04-10 20:00:00.166000+00:00,0.0
2026-04-10 21:00:00.055000+00:00,0.0
2026-04-10 22:00:00.603000+00:00,0.0
2026-04-10 23:00:00.588000+00:00,0.0
2026-04-11 00:00:00.284000+00:00,0.0
2026-04-11 01:00:00.159000+00:00,0.0
2026-04-11 02:00:00.075000+00:00,0.0
2026-04-11 03:00:00.504000+00:00,0.0
2026-04-11 04:00:00.220000+00:00,0.0
2026-04-11 05:00:00.010000+00:00,0.0
2026-04-11 06:00:00.371000+00:00,0.0
2026-04-11 07:00:00.024000+00:00,0.0
2026-04-11 08:00:00.413000+00:00,0.0
2026-04-11 09:00:00.342000+00:00,1.85e-05
2026-04-11 10:00:00.549000+00:00,4.125e-06
2026-04-11 11:00:00.407000+00:00,1.25e-06
2026-04-11 12:00:00.320000+00:00,0.0
2026-04-11 13:00:00.046000+00:00,2.5e-07
2026-04-11 14:00:00.471000+00:00,0.0
2026-04-11 15:00:00.235000+00:00,0.0
2026-04-11 16:00:00.469000+00:00,0.0
2026-04-11 17:00:00.133000+00:00,5e-07
2026-04-11 18:00:00.200000+00:00,0.0
2026-04-11 19:00:00.076000+00:00,0.0
2026-04-11 20:00:00.343000+00:00,0.0
2026-04-11 21:00:00.540000+00:00,0.0
2026-04-11 22:00:00.446000+00:00,2.5e-07
2026-04-11 23:00:00.521000+00:00,2.5e-07
2026-04-12 00:00:00.205000+00:00,0.0
2026-04-12 01:00:00.257000+00:00,0.0
2026-04-12 02:00:00.423000+00:00,0.0
2026-04-12 03:00:00.103000+00:00,0.0
2026-04-12 04:00:00.075000+00:00,0.0
2026-04-12 05:00:00.220000+00:00,0.0
2026-04-12 06:00:01.067000+00:00,0.0
2026-04-12 07:00:00.181000+00:00,0.0
2026-04-12 08:00:00.459000+00:00,0.0
2026-04-12 09:00:00.470000+00:00,2.5e-07
2026-04-12 10:00:00.322000+00:00,0.0
2026-04-12 11:00:00.519000+00:00,0.0
2026-04-12 12:00:00.240000+00:00,0.0
2026-04-12 13:00:00.076000+00:00,0.0
2026-04-12 14:00:00.019000+00:00,0.0
2026-04-12 15:00:00.076000+00:00,0.0
2026-04-12 16:00:00.121000+00:00,1.25e-07
2026-04-12 17:00:00.397000+00:00,1.1625e-05
2026-04-12 18:00:00.020000+00:00,1.475e-05
2026-04-12 19:00:00.352000+00:00,9.375e-06
2026-04-12 20:00:00.311000+00:00,3.75e-07
2026-04-12 21:00:00.321000+00:00,0.0
2026-04-12 22:00:00.270000+00:00,0.0
2026-04-12 23:00:00.569000+00:00,6.25e-07
2026-04-13 00:00:00.465000+00:00,0.0
2026-04-13 01:00:00.504000+00:00,0.0
2026-04-13 02:00:00.071000+00:00,3.75e-07
2026-04-13 03:00:00.525000+00:00,2.875e-06
2026-04-13 04:00:00.448000+00:00,6.125e-06
2026-04-13 05:00:00.005000+00:00,0.0
2026-04-13 06:00:00.062000+00:00,1.25e-07
2026-04-13 07:00:00.065000+00:00,0.0
2026-04-13 08:00:00.001000+00:00,0.0
2026-04-13 09:00:00.524000+00:00,1.875e-06
2026-04-13 10:00:00.295000+00:00,1.25e-07
2026-04-13 11:00:01.016000+00:00,0.0
2026-04-13 12:00:00.567000+00:00,1.5e-06
2026-04-13 13:00:00.458000+00:00,0.0
2026-04-13 14:00:00.438000+00:00,0.0
2026-04-13 15:00:00.523000+00:00,0.0
2026-04-13 16:00:00.517000+00:00,0.0
2026-04-13 17:00:00.777000+00:00,0.0
2026-04-13 18:00:00.291000+00:00,0.0
2026-04-13 19:00:00.265000+00:00,0.0
2026-04-13 20:00:00.581000+00:00,0.0
2026-04-13 21:00:00.388000+00:00,0.0
2026-04-13 22:00:00.261000+00:00,0.0
2026-04-13 23:00:00.559000+00:00,0.0
2026-04-14 00:00:00.247000+00:00,0.0
2026-04-14 01:00:00.536000+00:00,-6.25e-07
2026-04-14 02:00:00.383000+00:00,0.0
2026-04-14 03:00:00.033000+00:00,0.0
2026-04-14 04:00:00.614000+00:00,0.0
2026-04-14 05:00:00.520000+00:00,0.0
2026-04-14 06:00:00.602000+00:00,0.0
2026-04-14 07:00:00.110000+00:00,0.0
2026-04-14 08:00:00.436000+00:00,0.0
2026-04-14 09:00:00.506000+00:00,0.0
2026-04-14 10:00:00.290000+00:00,0.0
2026-04-14 11:00:00.620000+00:00,0.0
2026-04-14 12:00:00.168000+00:00,0.0
2026-04-14 13:00:00.023000+00:00,0.0
2026-04-14 14:00:00.618000+00:00,0.0
2026-04-14 15:00:00.256000+00:00,0.0
2026-04-14 16:00:00.035000+00:00,0.0
2026-04-14 17:00:00.483000+00:00,0.0
2026-04-14 18:00:00.052000+00:00,0.0
2026-04-14 19:00:00.350000+00:00,-4.125e-06
2026-04-14 20:00:00.326000+00:00,0.0
2026-04-14 21:00:00.485000+00:00,0.0
2026-04-14 22:00:00.470000+00:00,0.0
2026-04-14 23:00:00.059000+00:00,-5.875e-06
2026-04-15 00:00:00.237000+00:00,0.0
2026-04-15 01:00:00.290000+00:00,0.0
2026-04-15 02:00:00.580000+00:00,0.0
2026-04-15 03:00:00.521000+00:00,0.0
2026-04-15 04:00:00.391000+00:00,0.0
2026-04-15 05:00:00.019000+00:00,0.0
2026-04-15 06:00:00.168000+00:00,0.0
2026-04-15 07:00:00.421000+00:00,0.0
2026-04-15 08:00:00.678000+00:00,0.0
2026-04-15 09:00:00.383000+00:00,0.0
2026-04-15 10:00:00.170000+00:00,0.0
2026-04-15 11:00:00.271000+00:00,0.0
2026-04-15 12:00:00.405000+00:00,0.0
2026-04-15 13:00:00.020000+00:00,0.0
2026-04-15 14:00:00.252000+00:00,0.0
2026-04-15 15:00:00.414000+00:00,0.0
2026-04-15 16:00:00.632000+00:00,0.0
2026-04-15 17:00:00.526000+00:00,0.0
2026-04-15 18:00:00.048000+00:00,0.0
2026-04-15 19:00:00.077000+00:00,0.0
2026-04-15 20:00:00.070000+00:00,0.0
2026-04-15 21:00:00.661000+00:00,0.0
2026-04-15 22:00:00.085000+00:00,0.0
2026-04-15 23:00:00.500000+00:00,0.0
2026-04-16 00:00:00.320000+00:00,0.0
2026-04-16 01:00:00.310000+00:00,0.0
2026-04-16 02:00:00.318000+00:00,0.0
2026-04-16 03:00:00.290000+00:00,0.0
2026-04-16 04:00:00.515000+00:00,0.0
2026-04-16 05:00:00.535000+00:00,0.0
2026-04-16 06:00:00.143000+00:00,2.375e-06
2026-04-16 07:00:00.514000+00:00,1.0125e-05
2026-04-16 08:00:00.576000+00:00,9.3e-05
2026-04-16 09:00:00.669000+00:00,8.875e-06
2026-04-16 10:00:00.175000+00:00,2.1125e-05
2026-04-16 11:00:00.082000+00:00,9.75e-06
2026-04-16 12:00:00.666000+00:00,6.25e-06
2026-04-16 13:00:00.704000+00:00,4.5e-06
2026-04-16 14:00:00.306000+00:00,6.25e-06
2026-04-16 15:00:00.050000+00:00,2.5e-07
2026-04-16 16:00:00.022000+00:00,1.75e-06
2026-04-16 17:00:00.568000+00:00,4e-06
2026-04-16 18:00:00.458000+00:00,1.25e-07
2026-04-16 19:00:00.562000+00:00,6.25e-07
2026-04-16 20:00:00.796000+00:00,1.25e-07
2026-04-16 21:00:00.253000+00:00,0.0
2026-04-16 22:00:00.336000+00:00,0.0
2026-04-16 23:00:00.050000+00:00,0.0
2026-04-17 00:00:00.719000+00:00,1.125e-05
2026-04-17 01:00:00.207000+00:00,1.2e-05
2026-04-17 02:00:00.820000+00:00,3.0625e-05
2026-04-17 03:00:00.419000+00:00,3.5875e-05
2026-04-17 04:00:00.183000+00:00,2.5e-06
2026-04-17 05:00:00.258000+00:00,2.25e-06
2026-04-17 06:00:00.170000+00:00,1.5e-05
2026-04-17 07:00:00.129000+00:00,6.625e-06
2026-04-17 08:00:00.870000+00:00,1.8625e-05
2026-04-17 09:00:00.156000+00:00,3.575e-05
2026-04-17 10:00:00.330000+00:00,6.25e-05
2026-04-17 11:00:00.460000+00:00,3.7125e-05
2026-04-17 12:00:00.553000+00:00,2.8375e-05
2026-04-17 13:00:00.024000+00:00,2.6875e-05
2026-04-17 14:00:00.504000+00:00,3.15e-05
2026-04-17 15:00:00.554000+00:00,2.925e-05
2026-04-17 16:00:00.113000+00:00,5.9e-05
2026-04-17 17:00:00.441000+00:00,1.4375e-05
2026-04-17 18:00:00.292000+00:00,1.9e-05
2026-04-17 19:00:00.605000+00:00,4.725e-05
2026-04-17 20:00:00.182000+00:00,1.8e-05
2026-04-17 21:00:00.050000+00:00,3.4e-05
2026-04-17 22:00:00.254000+00:00,1.525e-05
2026-04-17 23:00:00.202000+00:00,1.3e-05
2026-04-18 00:00:00.467000+00:00,2.6625e-05
2026-04-18 01:00:00.382000+00:00,1.85e-05
2026-04-18 02:00:00.574000+00:00,4.975e-05
2026-04-18 03:00:00.560000+00:00,7.2125e-05
2026-04-18 04:00:00.136000+00:00,5.8625e-05
2026-04-18 05:00:00.245000+00:00,2.3375e-05
2026-04-18 06:00:00.195000+00:00,1.5e-06
2026-04-18 07:00:00.099000+00:00,1.75e-06
2026-04-18 08:00:00.069000+00:00,9.625e-06
2026-04-18 09:00:00.326000+00:00,6.25e-07
2026-04-18 10:00:00.293000+00:00,1.2625e-05
2026-04-18 11:00:00.044000+00:00,2.525e-05
2026-04-18 12:00:00.577000+00:00,1.2e-05
2026-04-18 13:00:00.123000+00:00,3.625e-06
2026-04-18 14:00:00.173000+00:00,5.75e-06
2026-04-18 15:00:00.482000+00:00,1.3375e-05
2026-04-18 16:00:00.455000+00:00,3.125e-06
2026-04-18 17:00:00.238000+00:00,3.75e-07
2026-04-18 18:00:00.782000+00:00,2.5e-07
2026-04-18 19:00:00.346000+00:00,0.0
2026-04-18 20:00:00.341000+00:00,0.0
2026-04-18 21:00:00.218000+00:00,0.0
2026-04-18 22:00:00.242000+00:00,0.0
2026-04-18 23:00:00.127000+00:00,0.0
2026-04-19 00:00:00.513000+00:00,0.0
2026-04-19 01:00:00.246000+00:00,0.0
2026-04-19 02:00:00.284000+00:00,0.0
2026-04-19 03:00:00.299000+00:00,0.0
2026-04-19 04:00:00.422000+00:00,0.0
2026-04-19 05:00:00.479000+00:00,0.0
2026-04-19 06:00:00.527000+00:00,0.0
2026-04-19 07:00:00.027000+00:00,0.0
2026-04-19 08:00:00.163000+00:00,0.0
2026-04-19 09:00:00.471000+00:00,0.0
2026-04-19 10:00:00.008000+00:00,0.0
2026-04-19 11:00:00.228000+00:00,0.0
2026-04-19 12:00:00.472000+00:00,-3.75e-07
2026-04-19 13:00:00.324000+00:00,0.0
2026-04-19 14:00:00.255000+00:00,0.0
2026-04-19 15:00:00.352000+00:00,0.0
2026-04-19 16:00:00.423000+00:00,0.0
2026-04-19 17:00:00.195000+00:00,0.0
2026-04-19 18:00:00.042000+00:00,0.0
2026-04-19 19:00:00.356000+00:00,0.0
2026-04-19 20:00:00.480000+00:00,0.0
2026-04-19 21:00:00.325000+00:00,0.0
2026-04-19 22:00:00.214000+00:00,0.0
2026-04-19 23:00:00.144000+00:00,0.0
2026-04-20 00:00:00.374000+00:00,0.0
2026-04-20 01:00:00.042000+00:00,0.0
2026-04-20 02:00:00.191000+00:00,0.0
2026-04-20 03:00:00.310000+00:00,0.0
2026-04-20 04:00:00.316000+00:00,0.0
2026-04-20 05:00:00.254000+00:00,0.0
2026-04-20 06:00:00.368000+00:00,0.0
2026-04-20 07:00:00.409000+00:00,0.0
2026-04-20 08:00:00.481000+00:00,1.25e-07
2026-04-20 09:00:00.519000+00:00,0.0
2026-04-20 10:00:00.608000+00:00,0.0
2026-04-20 11:00:00.050000+00:00,0.0
2026-04-20 12:00:00.182000+00:00,0.0
2026-04-20 13:00:00.599000+00:00,0.0
2026-04-20 14:00:00.034000+00:00,0.0
2026-04-20 15:00:00.189000+00:00,0.0
2026-04-20 16:00:00.164000+00:00,0.0
2026-04-20 17:00:00.221000+00:00,0.0
2026-04-20 18:00:00.517000+00:00,0.0
2026-04-20 19:00:00.501000+00:00,0.0
2026-04-20 20:00:00.598000+00:00,0.0
2026-04-20 21:00:00.032000+00:00,0.0
2026-04-20 22:00:00.457000+00:00,0.0
2026-04-20 23:00:00.511000+00:00,0.0
2026-04-21 00:00:00.041000+00:00,0.0
2026-04-21 01:00:00.359000+00:00,0.0
2026-04-21 02:00:00.229000+00:00,2.625e-06
2026-04-21 03:00:00.393000+00:00,9.375e-06
2026-04-21 04:00:00.104000+00:00,0.0
2026-04-21 05:00:00.313000+00:00,5e-07
2026-04-21 06:00:00.100000+00:00,5.5e-06
2026-04-21 07:00:00.420000+00:00,1.125e-06
2026-04-21 08:00:00.574000+00:00,0.0
2026-04-21 09:00:00.571000+00:00,1.625e-06
2026-04-21 10:00:00.050000+00:00,4.875e-06
2026-04-21 11:00:00.023000+00:00,1.25e-06
2026-04-21 12:00:00.009000+00:00,0.0
2026-04-21 13:00:00.530000+00:00,3.125e-06
2026-04-21 14:00:00.379000+00:00,3.5e-06
2026-04-21 15:00:00.367000+00:00,0.0
2026-04-21 16:00:00.260000+00:00,2.375e-06
2026-04-21 17:00:00.521000+00:00,0.0
2026-04-21 18:00:00.581000+00:00,0.0
2026-04-21 19:00:00.248000+00:00,0.0
2026-04-21 20:00:00.026000+00:00,6.25e-07
2026-04-21 21:00:00.400000+00:00,1.3375e-05
2026-04-21 22:00:00.323000+00:00,1.075e-05
2026-04-21 23:00:00.263000+00:00,1.75e-06
2026-04-22 00:00:00.164000+00:00,2.75e-06
2026-04-22 01:00:00.087000+00:00,5.625e-06
2026-04-22 02:00:00.302000+00:00,1.15e-05
2026-04-22 03:00:00.479000+00:00,2.625e-06
2026-04-22 04:00:00.407000+00:00,3.75e-06
2026-04-22 05:00:00.416000+00:00,1.0375e-05
2026-04-22 06:00:00.049000+00:00,8e-06
2026-04-22 07:00:00.142000+00:00,0.0
2026-04-22 08:00:00.489000+00:00,0.0
2026-04-22 09:00:00.054000+00:00,-1.25e-07
2026-04-22 10:00:00.429000+00:00,0.0
2026-04-22 11:00:00.082000+00:00,0.0
2026-04-22 12:00:00.268000+00:00,0.0
2026-04-22 13:00:00.303000+00:00,2.5e-07
2026-04-22 14:00:00.315000+00:00,0.0
2026-04-22 15:00:00.267000+00:00,0.0
2026-04-22 16:00:00.177000+00:00,0.0
2026-04-22 17:00:00.135000+00:00,0.0
2026-04-22 18:00:00.587000+00:00,0.0
2026-04-22 19:00:00.651000+00:00,0.0
2026-04-22 20:00:00.289000+00:00,0.0
2026-04-22 21:00:00.135000+00:00,0.0
2026-04-22 22:00:00.317000+00:00,0.0
2026-04-22 23:00:00.494000+00:00,0.0
2026-04-23 00:00:00.339000+00:00,0.0
2026-04-23 01:00:00.410000+00:00,0.0
2026-04-23 02:00:00.097000+00:00,0.0
2026-04-23 03:00:00.152000+00:00,0.0
2026-04-23 04:00:00.121000+00:00,0.0
2026-04-23 05:00:00.457000+00:00,0.0
2026-04-23 06:00:00.621000+00:00,0.0
2026-04-23 07:00:00.370000+00:00,0.0
2026-04-23 08:00:00.071000+00:00,0.0
2026-04-23 09:00:00.074000+00:00,0.0
2026-04-23 10:00:00.004000+00:00,0.0
2026-04-23 11:00:00.568000+00:00,0.0
2026-04-23 12:00:00.465000+00:00,0.0
2026-04-23 13:00:00.239000+00:00,0.0
2026-04-23 14:00:00.169000+00:00,0.0
2026-04-23 15:00:00.143000+00:00,0.0
2026-04-23 16:00:00.310000+00:00,0.0
2026-04-23 17:00:00.133000+00:00,0.0
2026-04-23 18:00:00.043000+00:00,0.0
2026-04-23 19:00:00.166000+00:00,0.0
2026-04-23 20:00:00.202000+00:00,0.0
2026-04-23 21:00:00.401000+00:00,0.0
2026-04-23 22:00:00.273000+00:00,0.0
2026-04-23 23:00:00.105000+00:00,0.0
2026-04-24 00:00:00.073000+00:00,0.0
2026-04-24 01:00:00.223000+00:00,0.0
2026-04-24 02:00:00.340000+00:00,0.0
2026-04-24 03:00:00.064000+00:00,0.0
2026-04-24 04:00:00.633000+00:00,0.0
2026-04-24 05:00:00.280000+00:00,0.0
2026-04-24 06:00:00.268000+00:00,0.0
2026-04-24 07:00:00.335000+00:00,0.0
2026-04-24 08:00:00.177000+00:00,0.0
2026-04-24 09:00:00.408000+00:00,-5.675e-05
2026-04-24 10:00:00.092000+00:00,0.0
2026-04-24 11:00:00.679000+00:00,0.0
2026-04-24 12:00:00.245000+00:00,0.0
2026-04-24 13:00:00.396000+00:00,0.0
2026-04-24 14:00:00.525000+00:00,0.0
2026-04-24 15:00:00.591000+00:00,0.0
2026-04-24 16:00:00.202000+00:00,-2.5e-07
2026-04-24 17:00:00.350000+00:00,-7.125e-06
2026-04-24 18:00:00.454000+00:00,0.0
2026-04-24 19:00:00.112000+00:00,0.0
2026-04-24 20:00:00.062000+00:00,0.0
2026-04-24 21:00:00.556000+00:00,0.0
2026-04-24 22:00:00.558000+00:00,0.0
2026-04-24 23:00:00.597000+00:00,0.0
2026-04-25 00:00:00.191000+00:00,0.0
2026-04-25 01:00:00.422000+00:00,0.0
2026-04-25 02:00:00.447000+00:00,0.0
2026-04-25 03:00:00.479000+00:00,0.0
2026-04-25 04:00:00.475000+00:00,0.0
2026-04-25 05:00:00.134000+00:00,0.0
2026-04-25 06:00:00.143000+00:00,0.0
2026-04-25 07:00:00.069000+00:00,0.0
2026-04-25 08:00:00.369000+00:00,0.0
2026-04-25 09:00:00.052000+00:00,0.0
2026-04-25 10:00:00.257000+00:00,0.0
2026-04-25 11:00:00.168000+00:00,0.0
2026-04-25 12:00:00.515000+00:00,0.0
2026-04-25 13:00:00.077000+00:00,0.0
2026-04-25 14:00:00.270000+00:00,0.0
2026-04-25 15:00:00.327000+00:00,0.0
2026-04-25 16:00:00.526000+00:00,0.0
2026-04-25 17:00:00.294000+00:00,0.0
2026-04-25 18:00:00.348000+00:00,0.0
2026-04-25 19:00:00.642000+00:00,0.0
2026-04-25 20:00:00.311000+00:00,0.0
2026-04-25 21:00:00.038000+00:00,0.0
2026-04-25 22:00:00.155000+00:00,-7.5e-07
2026-04-25 23:00:00.110000+00:00,-2.25e-06
2026-04-26 00:00:00.420000+00:00,0.0
2026-04-26 01:00:00.250000+00:00,-8.75e-07
2026-04-26 02:00:00.107000+00:00,-1.875e-06
2026-04-26 03:00:00.054000+00:00,0.0
2026-04-26 04:00:00.219000+00:00,0.0
2026-04-26 05:00:00.206000+00:00,0.0
2026-04-26 06:00:00.243000+00:00,0.0
2026-04-26 07:00:00.618000+00:00,0.0
2026-04-26 08:00:00.098000+00:00,-2.25e-06
2026-04-26 09:00:00.668000+00:00,-1.0125e-05
2026-04-26 10:00:00.132000+00:00,-1.625e-05
2026-04-26 11:00:00.187000+00:00,-2.8625e-05
2026-04-26 12:00:00.118000+00:00,-3.2375e-05
2026-04-26 13:00:00.324000+00:00,-1.6e-05
2026-04-26 14:00:00.314000+00:00,-5e-07
2026-04-26 15:00:00.194000+00:00,-1.125e-06
2026-04-26 16:00:00.456000+00:00,-2.375e-06
2026-04-26 17:00:00.430000+00:00,-7.5e-07
2026-04-26 18:00:00.553000+00:00,-1e-06
2026-04-26 19:00:00.401000+00:00,-6.25e-07
2026-04-26 20:00:00.421000+00:00,-1.25e-07
2026-04-26 21:00:00.578000+00:00,-2.5e-07
2026-04-26 22:00:00.827000+00:00,-3.375e-06
2026-04-26 23:00:00.396000+00:00,-8.75e-07
2026-04-27 00:00:00.619000+00:00,-1.25e-07
2026-04-27 01:00:00.130000+00:00,0.0
2026-04-27 02:00:00.190000+00:00,0.0
2026-04-27 03:00:00.263000+00:00,0.0
2026-04-27 04:00:00.296000+00:00,0.0
2026-04-27 05:00:00.294000+00:00,0.0
2026-04-27 06:00:00.169000+00:00,0.0
2026-04-27 07:00:00.279000+00:00,-2.625e-06
2026-04-27 08:00:00.254000+00:00,-5e-07
2026-04-27 09:00:00.279000+00:00,-5e-07
2026-04-27 10:00:00.175000+00:00,0.0
2026-04-27 11:00:00.148000+00:00,3.75e-07
2026-04-27 12:00:00.122000+00:00,-1.75e-06
2026-04-27 13:00:00.301000+00:00,0.0
2026-04-27 14:00:00.546000+00:00,-1.5e-06
2026-04-27 15:00:00.621000+00:00,-4.5e-06
2026-04-27 16:00:00.050000+00:00,-1.875e-06
2026-04-27 17:00:00.534000+00:00,-3.75e-07
2026-04-27 18:00:00.157000+00:00,0.0
2026-04-27 19:00:00.362000+00:00,0.0
2026-04-27 20:00:00.228000+00:00,0.0
2026-04-27 21:00:00.521000+00:00,0.0
2026-04-27 22:00:00.116000+00:00,-7.25e-06
2026-04-27 23:00:00.621000+00:00,-7.5e-07
2026-04-28 00:00:00.357000+00:00,-5.125e-06
2026-04-28 01:00:00.534000+00:00,-1.375e-05
2026-04-28 02:00:00.348000+00:00,-7.75e-06
2026-04-28 03:00:00.154000+00:00,-4.75e-06
2026-04-28 04:00:00.351000+00:00,-1.125e-06
2026-04-28 05:00:00.517000+00:00,-2.0375e-05
2026-04-28 06:00:00.032000+00:00,-3.7625e-05
2026-04-28 07:00:00.539000+00:00,-2.6e-05
2026-04-28 08:00:00.337000+00:00,-1.5e-06
2026-04-28 09:00:00.315000+00:00,-2.4125e-05
2026-04-28 10:00:00.320000+00:00,-1e-05
2026-04-28 11:00:00.454000+00:00,0.0
2026-04-28 12:00:00.165000+00:00,-1.5e-06
2026-04-28 13:00:00.382000+00:00,-4.75e-06
2026-04-28 14:00:00.483000+00:00,-4.25e-06
2026-04-28 15:00:00.170000+00:00,-3.875e-06
2026-04-28 16:00:00.009000+00:00,0.0
2026-04-28 17:00:00.164000+00:00,0.0
2026-04-28 18:00:00.274000+00:00,-6.25e-06
2026-04-28 19:00:00.009000+00:00,-4.25e-06
2026-04-28 20:00:00.330000+00:00,-6.5e-06
2026-04-28 21:00:00.309000+00:00,-1.1e-05
2026-04-28 22:00:00.461000+00:00,0.0
2026-04-28 23:00:00.100000+00:00,0.0
2026-04-29 00:00:00.148000+00:00,0.0
2026-04-29 01:00:00.169000+00:00,0.0
2026-04-29 02:00:00.333000+00:00,0.0
2026-04-29 03:00:00.154000+00:00,-1.25e-07
2026-04-29 04:00:00.117000+00:00,-1e-06
2026-04-29 05:00:00.007000+00:00,-5e-07
2026-04-29 06:00:00.329000+00:00,0.0
2026-04-29 07:00:00.471000+00:00,0.0
2026-04-29 08:00:00.137000+00:00,0.0
2026-04-29 09:00:00.613000+00:00,-1.25e-07
2026-04-29 10:00:00.541000+00:00,0.0
2026-04-29 11:00:00.291000+00:00,0.0
2026-04-29 12:00:00.183000+00:00,0.0
2026-04-29 13:00:00.290000+00:00,0.0
2026-04-29 14:00:00.347000+00:00,0.0
2026-04-29 15:00:00.172000+00:00,0.0
2026-04-29 16:00:00.390000+00:00,0.0
2026-04-29 17:00:00.454000+00:00,2.25e-06
2026-04-29 18:00:00.286000+00:00,0.0
2026-04-29 19:00:00.247000+00:00,0.0
2026-04-29 20:00:00.727000+00:00,0.0
2026-04-29 21:00:00.505000+00:00,0.0
2026-04-29 22:00:00.170000+00:00,0.0
2026-04-29 23:00:00.319000+00:00,0.0
2026-04-30 00:00:00.524000+00:00,0.0
2026-04-30 01:00:00.374000+00:00,0.0
2026-04-30 02:00:00.196000+00:00,0.0
2026-04-30 03:00:00.425000+00:00,0.0
2026-04-30 04:00:00.104000+00:00,0.0
2026-04-30 05:00:00.512000+00:00,-2e-06
2026-04-30 06:00:00.481000+00:00,0.0
2026-04-30 07:00:00.117000+00:00,-4.375e-06
2026-04-30 08:00:00.607000+00:00,0.0
2026-04-30 09:00:00.322000+00:00,-7.5e-07
2026-04-30 10:00:00.485000+00:00,-7.875e-05
2026-04-30 11:00:00.308000+00:00,-7.125e-05
2026-04-30 12:00:00.176000+00:00,-7.8125e-05
2026-04-30 13:00:00.536000+00:00,-7.65e-05
2026-04-30 14:00:00.079000+00:00,-6.25e-05
2026-04-30 15:00:00.051000+00:00,-6.2125e-05
2026-04-30 16:00:00.481000+00:00,-6.8125e-05
2026-04-30 17:00:00.551000+00:00,-5.8625e-05
2026-04-30 18:00:00.083000+00:00,-5.5375e-05
2026-04-30 19:00:00.050000+00:00,-4.6125e-05
2026-04-30 20:00:00.323000+00:00,-5.825e-05
2026-04-30 21:00:00.550000+00:00,-7.1625e-05
2026-04-30 22:00:00.113000+00:00,-9.8625e-05
2026-04-30 23:00:00.011000+00:00,-8.4875e-05
2026-05-01 00:00:00.264000+00:00,-9.2625e-05
2026-05-01 01:00:00.429000+00:00,-6.925e-05
2026-05-01 02:00:00.025000+00:00,-5.575e-05
2026-05-01 03:00:00.495000+00:00,-4.4625e-05
2026-05-01 04:00:00.462000+00:00,-4.4875e-05
2026-05-01 05:00:00.075000+00:00,-4.2125e-05
2026-05-01 06:00:00.076000+00:00,-4.25e-05
2026-05-01 07:00:00.514000+00:00,-4.1125e-05
2026-05-01 08:00:00.238000+00:00,-4.8e-05
2026-05-01 09:00:00.614000+00:00,-1.25e-05
2026-05-01 10:00:00.213000+00:00,-3.125e-05
2026-05-01 11:00:00.527000+00:00,-2.3125e-05
2026-05-01 12:00:00.046000+00:00,-1.6125e-05
2026-05-01 13:00:00.269000+00:00,-2.75e-06
2026-05-01 14:00:00.373000+00:00,-2.125e-06
2026-05-01 15:00:00.392000+00:00,-1.4125e-05
2026-05-01 16:00:00.202000+00:00,-1.7625e-05
2026-05-01 17:00:00.550000+00:00,-3e-05
2026-05-01 18:00:00.105000+00:00,-2.275e-05
2026-05-01 19:00:00.134000+00:00,-1.5e-05
2026-05-01 20:00:00.575000+00:00,-1.625e-05
2026-05-01 21:00:00.442000+00:00,-1.25e-06
2026-05-01 22:00:00.359000+00:00,-2.25e-06
2026-05-01 23:00:00.371000+00:00,-5e-07
2026-05-02 00:00:00.276000+00:00,0.0
2026-05-02 01:00:00.463000+00:00,0.0
2026-05-02 02:00:00.317000+00:00,0.0
2026-05-02 03:00:00.297000+00:00,0.0
2026-05-02 04:00:00.446000+00:00,0.0
2026-05-02 05:00:00.111000+00:00,0.0
2026-05-02 06:00:00.170000+00:00,0.0
2026-05-02 07:00:00.269000+00:00,0.0
2026-05-02 08:00:00.312000+00:00,-1.25e-06
2026-05-02 09:00:00.381000+00:00,-1.8375e-05
2026-05-02 10:00:00.267000+00:00,0.0
2026-05-02 11:00:00.121000+00:00,0.0
2026-05-02 12:00:00.250000+00:00,0.0
2026-05-02 13:00:00.128000+00:00,0.0
2026-05-02 14:00:00.517000+00:00,0.0
2026-05-02 15:00:00.249000+00:00,0.0
2026-05-02 16:00:00.297000+00:00,0.0
2026-05-02 17:00:00.398000+00:00,0.0
2026-05-02 18:00:00.345000+00:00,0.0
2026-05-02 19:00:00.635000+00:00,0.0
2026-05-02 20:00:00.014000+00:00,0.0
2026-05-02 21:00:00.520000+00:00,0.0
2026-05-02 22:00:00.417000+00:00,0.0
2026-05-02 23:00:00.550000+00:00,0.0
2026-05-03 00:00:00.253000+00:00,0.0
2026-05-03 01:00:00.189000+00:00,0.0
2026-05-03 02:00:00.192000+00:00,0.0
2026-05-03 03:00:00.592000+00:00,0.0
2026-05-03 04:00:00.617000+00:00,0.0
2026-05-03 05:00:00+00:00,0.0
2026-05-03 06:00:00.749000+00:00,0.0
2026-05-03 07:00:00.018000+00:00,0.0
2026-05-03 08:00:00.214000+00:00,0.0
2026-05-03 09:00:00.080000+00:00,0.0
2026-05-03 10:00:00.517000+00:00,0.0
2026-05-03 11:00:00.071000+00:00,0.0
2026-05-03 12:00:00.069000+00:00,0.0
2026-05-03 13:00:00.028000+00:00,0.0
2026-05-03 14:00:00.466000+00:00,0.0
2026-05-03 15:00:00.269000+00:00,0.0
2026-05-03 16:00:00.056000+00:00,0.0
2026-05-03 17:00:00.448000+00:00,0.0
2026-05-03 18:00:00.450000+00:00,0.0
2026-05-03 19:00:00.262000+00:00,0.0
2026-05-03 20:00:00.449000+00:00,0.0
2026-05-03 21:00:00.461000+00:00,0.0
2026-05-03 22:00:00.179000+00:00,0.0
2026-05-03 23:00:00.274000+00:00,0.0
2026-05-04 00:00:00.012000+00:00,0.0
2026-05-04 01:00:00.172000+00:00,0.0
2026-05-04 02:00:00.186000+00:00,0.0
2026-05-04 03:00:00.438000+00:00,0.0
2026-05-04 04:00:00.059000+00:00,0.0
2026-05-04 05:00:00.302000+00:00,-2.875e-06
2026-05-04 06:00:00.338000+00:00,0.0
2026-05-04 07:00:00.555000+00:00,0.0
2026-05-04 08:00:00.269000+00:00,0.0
2026-05-04 09:00:00.552000+00:00,1.375e-06
2026-05-04 10:00:00.453000+00:00,0.0
2026-05-04 11:00:00.608000+00:00,0.0
2026-05-04 12:00:00.148000+00:00,0.0
2026-05-04 13:00:00.413000+00:00,0.0
2026-05-04 14:00:00.559000+00:00,0.0
2026-05-04 15:00:00.176000+00:00,0.0
2026-05-04 16:00:00.370000+00:00,0.0
2026-05-04 17:00:00.684000+00:00,0.0
2026-05-04 18:00:00.080000+00:00,0.0
2026-05-04 19:00:00.316000+00:00,0.0
2026-05-04 20:00:00.438000+00:00,0.0
2026-05-04 21:00:00.503000+00:00,0.0
2026-05-04 22:00:00.370000+00:00,0.0
2026-05-04 23:00:00.021000+00:00,0.0
2026-05-05 00:00:00.338000+00:00,0.0
2026-05-05 01:00:00.383000+00:00,0.0
2026-05-05 02:00:00.196000+00:00,0.0
2026-05-05 03:00:00.037000+00:00,0.0
2026-05-05 04:00:00.198000+00:00,0.0
2026-05-05 05:00:00.461000+00:00,0.0
2026-05-05 06:00:00.448000+00:00,0.0
2026-05-05 07:00:00.271000+00:00,0.0
2026-05-05 08:00:00.036000+00:00,0.0
2026-05-05 09:00:00.096000+00:00,7.5e-07
2026-05-05 10:00:00.487000+00:00,8.75e-07
2026-05-05 11:00:00.524000+00:00,-5e-07
2026-05-05 12:00:00.124000+00:00,0.0
2026-05-05 13:00:00.089000+00:00,0.0
2026-05-05 14:00:00.312000+00:00,0.0
2026-05-05 15:00:00.343000+00:00,0.0
2026-05-05 16:00:00.091000+00:00,0.0
2026-05-05 17:00:00.255000+00:00,0.0
2026-05-05 18:00:00.106000+00:00,0.0
2026-05-05 19:00:00.133000+00:00,0.0
2026-05-05 20:00:00.552000+00:00,0.0
2026-05-05 21:00:00.519000+00:00,0.0
2026-05-05 22:00:00.004000+00:00,0.0
2026-05-05 23:00:00.381000+00:00,0.0
2026-05-06 00:00:00.437000+00:00,0.0
2026-05-06 01:00:00.258000+00:00,0.0
2026-05-06 02:00:00.112000+00:00,0.0
2026-05-06 03:00:00.365000+00:00,0.0
2026-05-06 04:00:00.408000+00:00,0.0
2026-05-06 05:00:00.426000+00:00,0.0
2026-05-06 06:00:00.418000+00:00,-4.475e-05
2026-05-06 07:00:00.220000+00:00,-4.3625e-05
2026-05-06 08:00:00.085000+00:00,-2.3e-05
2026-05-06 09:00:00.587000+00:00,-8.125e-06
2026-05-06 10:00:00.537000+00:00,-2.925e-05
2026-05-06 11:00:00.506000+00:00,-3.1e-05
2026-05-06 12:00:00.268000+00:00,-2.6375e-05
2026-05-06 13:00:00.400000+00:00,-2.925e-05
2026-05-06 14:00:00.507000+00:00,-5.6625e-05
2026-05-06 15:00:00.347000+00:00,-1.0625e-05
2026-05-06 16:00:00.226000+00:00,-5.275e-05
2026-05-06 17:00:00.519000+00:00,-4.2875e-05
2026-05-06 18:00:00.555000+00:00,-4.5375e-05
2026-05-06 19:00:00.093000+00:00,-4.6375e-05
2026-05-06 20:00:00.434000+00:00,-6.1625e-05
2026-05-06 21:00:00.409000+00:00,-7.275e-05
2026-05-06 22:00:00.619000+00:00,-5.7e-05
2026-05-06 23:00:00.085000+00:00,-2.6125e-05
2026-05-07 00:00:00.446000+00:00,-3.6e-05
2026-05-07 01:00:00.722000+00:00,-2.0125e-05
2026-05-07 02:00:00.342000+00:00,-1.375e-05
2026-05-07 03:00:00.129000+00:00,-6e-06
2026-05-07 04:00:00.450000+00:00,-7e-06
2026-05-07 05:00:00.028000+00:00,-5.75e-06
2026-05-07 06:00:00.155000+00:00,-1.6875e-05
2026-05-07 07:00:00.103000+00:00,-1.425e-05
2026-05-07 08:00:00.049000+00:00,-1.875e-05
2026-05-07 09:00:00.179000+00:00,-9.375e-06
2026-05-07 10:00:00.470000+00:00,-1.9875e-05
2026-05-07 11:00:00.530000+00:00,-1.975e-05
2026-05-07 12:00:00.187000+00:00,-1.625e-06
2026-05-07 13:00:00.036000+00:00,-1.625e-06
2026-05-07 14:00:00.074000+00:00,-3.625e-06
2026-05-07 15:00:00.489000+00:00,-1.5e-06
2026-05-07 16:00:00.293000+00:00,-1.125e-06
2026-05-07 17:00:00.151000+00:00,-7.5e-06
2026-05-07 18:00:00.183000+00:00,-1.4625e-05
2026-05-07 19:00:00.403000+00:00,-1.625e-05
2026-05-07 20:00:00.170000+00:00,-1.9625e-05
2026-05-07 21:00:00.073000+00:00,-1e-06
2026-05-07 22:00:00.168000+00:00,0.0
2026-05-07 23:00:00.279000+00:00,0.0
2026-05-08 00:00:00.030000+00:00,0.0
2026-05-08 01:00:00.326000+00:00,0.0
2026-05-08 02:00:00.522000+00:00,0.0
2026-05-08 03:00:00.304000+00:00,0.0
2026-05-08 04:00:00.043000+00:00,0.0
2026-05-08 05:00:00.194000+00:00,0.0
2026-05-08 06:00:00.482000+00:00,0.0
2026-05-08 07:00:00.254000+00:00,0.0
2026-05-08 08:00:00.390000+00:00,0.0
2026-05-08 09:00:00.100000+00:00,-3.75e-07
2026-05-08 10:00:00.432000+00:00,0.0
2026-05-08 11:00:00.085000+00:00,0.0
2026-05-08 12:00:00.569000+00:00,0.0
2026-05-08 13:00:00.056000+00:00,0.0
2026-05-08 14:00:00.435000+00:00,0.0
2026-05-08 15:00:00.526000+00:00,0.0
2026-05-08 16:00:00.005000+00:00,0.0
2026-05-08 17:00:00.550000+00:00,0.0
2026-05-08 18:00:00.367000+00:00,0.0
2026-05-08 19:00:00.235000+00:00,0.0
2026-05-08 20:00:00.238000+00:00,0.0
2026-05-08 21:00:00.391000+00:00,0.0
2026-05-08 22:00:00.367000+00:00,0.0
2026-05-08 23:00:00.272000+00:00,-2.5e-07
2026-05-09 00:00:00.269000+00:00,-2.625e-06
2026-05-09 01:00:00.182000+00:00,0.0
2026-05-09 02:00:00.287000+00:00,0.0
2026-05-09 03:00:00.269000+00:00,0.0
2026-05-09 04:00:00.221000+00:00,0.0
2026-05-09 05:00:00.428000+00:00,0.0
2026-05-09 06:00:00.662000+00:00,0.0
2026-05-09 07:00:00.404000+00:00,0.0
2026-05-09 08:00:00.050000+00:00,-3.375e-06
2026-05-09 09:00:00.381000+00:00,-1.25e-07
2026-05-09 10:00:00.439000+00:00,-6.5e-06
2026-05-09 11:00:00.233000+00:00,-1.175e-05
2026-05-09 12:00:00.126000+00:00,-8.75e-07
2026-05-09 13:00:00.129000+00:00,0.0
2026-05-09 14:00:00.559000+00:00,-2.25e-06
2026-05-09 15:00:00.426000+00:00,-9.625e-06
2026-05-09 16:00:00.299000+00:00,-6.125e-06
2026-05-09 17:00:00.196000+00:00,-1.875e-06
2026-05-09 18:00:00.524000+00:00,-8.75e-07
2026-05-09 19:00:00.171000+00:00,-3.875e-06
2026-05-09 20:00:00.218000+00:00,0.0
2026-05-09 21:00:00.034000+00:00,0.0
2026-05-09 22:00:00.169000+00:00,-1.875e-06
2026-05-09 23:00:00.337000+00:00,-1e-06
2026-05-10 00:00:00.033000+00:00,-6.25e-07
2026-05-10 01:00:00.018000+00:00,-1.375e-05
2026-05-10 02:00:00.324000+00:00,-1.35e-05
2026-05-10 03:00:00.433000+00:00,-1.275e-05
2026-05-10 04:00:00.189000+00:00,-1.3625e-05
2026-05-10 05:00:00.518000+00:00,-9.25e-06
2026-05-10 06:00:00.465000+00:00,-1.2625e-05
2026-05-10 07:00:00.368000+00:00,-1.375e-05
2026-05-10 08:00:00.164000+00:00,-2.7875e-05
2026-05-10 09:00:00.109000+00:00,-3.7375e-05
2026-05-10 10:00:00.080000+00:00,-3.1125e-05
2026-05-10 11:00:00.442000+00:00,-4.8125e-05
2026-05-10 12:00:00.296000+00:00,-2.475e-05
2026-05-10 13:00:00.015000+00:00,-3.6875e-05
2026-05-10 14:00:00.266000+00:00,-2.625e-05
2026-05-10 15:00:00.376000+00:00,-2.525e-05
2026-05-10 16:00:00.298000+00:00,-1.775e-05
2026-05-10 17:00:00.089000+00:00,-8.5e-06
2026-05-10 18:00:00.063000+00:00,-1.4375e-05
2026-05-10 19:00:00.169000+00:00,-3.25e-06
2026-05-10 20:00:00.128000+00:00,-1.3125e-05
2026-05-10 21:00:00.388000+00:00,-7.75e-06
2026-05-10 22:00:00.597000+00:00,-5e-07
2026-05-10 23:00:00.164000+00:00,-3.625e-06
2026-05-11 00:00:00.443000+00:00,-1.6375e-05
2026-05-11 01:00:00.346000+00:00,-2.875e-06
2026-05-11 02:00:00.076000+00:00,-8.75e-07
2026-05-11 03:00:00.104000+00:00,-1.875e-06
2026-05-11 04:00:00.084000+00:00,-1.8125e-05
2026-05-11 05:00:00.588000+00:00,-1.8375e-05
2026-05-11 06:00:00.372000+00:00,-1.65e-05
2026-05-11 07:00:00.359000+00:00,-1.1625e-05
2026-05-11 08:00:00.499000+00:00,-2.5875e-05
2026-05-11 09:00:00.152000+00:00,-7.5875e-05
2026-05-11 10:00:00.120000+00:00,-7.45e-05
2026-05-11 11:00:00.449000+00:00,-9.6375e-05
2026-05-11 12:00:00.205000+00:00,-7.45e-05
2026-05-11 13:00:00.452000+00:00,-5.525e-05
2026-05-11 14:00:00.293000+00:00,-3e-05
2026-05-11 15:00:00.247000+00:00,-5.025e-05
2026-05-11 16:00:00.068000+00:00,-2.4375e-05
2026-05-11 17:00:00.068000+00:00,-1.3625e-05
2026-05-11 18:00:00.223000+00:00,-1.8625e-05
2026-05-11 19:00:00.269000+00:00,-1.5375e-05
2026-05-11 20:00:00.100000+00:00,-7e-06
2026-05-11 21:00:00.268000+00:00,-2.375e-06
2026-05-11 22:00:00.047000+00:00,-5e-07
2026-05-11 23:00:00.118000+00:00,-8.75e-07
2026-05-12 00:00:00.245000+00:00,-5.25e-06
2026-05-12 01:00:00.277000+00:00,-2.5e-06
2026-05-12 02:00:00.246000+00:00,-6.125e-06
2026-05-12 03:00:00.026000+00:00,-1.125e-06
2026-05-12 04:00:00.123000+00:00,-5e-07
2026-05-12 05:00:00.089000+00:00,0.0
2026-05-12 06:00:00.146000+00:00,-6.625e-06
2026-05-12 07:00:00.620000+00:00,-8.875e-05
2026-05-12 08:00:00.208000+00:00,-6.55e-05
2026-05-12 09:00:00.150000+00:00,-6.2875e-05
2026-05-12 10:00:00.422000+00:00,-8.1625e-05
2026-05-12 11:00:00.630000+00:00,-5.3125e-05
2026-05-12 12:00:00.318000+00:00,0.0
2026-05-12 13:00:00.429000+00:00,0.0
2026-05-12 14:00:00.067000+00:00,0.0
2026-05-12 15:00:00.219000+00:00,0.0
2026-05-12 16:00:00.267000+00:00,0.0
2026-05-12 17:00:00.071000+00:00,0.0
2026-05-12 18:00:00.058000+00:00,0.0
2026-05-12 19:00:00.112000+00:00,0.0
2026-05-12 20:00:00.251000+00:00,0.0
2026-05-12 21:00:00.444000+00:00,0.0
2026-05-12 22:00:00.272000+00:00,0.0
2026-05-12 23:00:00.319000+00:00,0.0
2026-05-13 00:00:00.050000+00:00,0.0
2026-05-13 01:00:00.379000+00:00,0.0
2026-05-13 02:00:00.272000+00:00,0.0
2026-05-13 03:00:00.264000+00:00,0.0
2026-05-13 04:00:00.425000+00:00,0.0
2026-05-13 05:00:00.471000+00:00,0.0
2026-05-13 06:00:00.319000+00:00,0.0
2026-05-13 07:00:00.473000+00:00,-5.375e-06
2026-05-13 08:00:00.655000+00:00,-1.025e-05
2026-05-13 09:00:00.594000+00:00,-4.975e-05
2026-05-13 10:00:00.554000+00:00,-2.525e-05
2026-05-13 11:00:00.347000+00:00,-6.625e-06
2026-05-13 12:00:00.103000+00:00,-1e-05
2026-05-13 13:00:00.460000+00:00,-2.5e-07
2026-05-13 14:00:00.414000+00:00,-3.75e-07
2026-05-13 15:00:00.276000+00:00,0.0
2026-05-13 16:00:00.164000+00:00,0.0
2026-05-13 17:00:00.554000+00:00,0.0
2026-05-13 18:00:00.283000+00:00,0.0
2026-05-13 19:00:00.040000+00:00,0.0
2026-05-13 20:00:00.311000+00:00,0.0
2026-05-13 21:00:00.235000+00:00,0.0
2026-05-13 22:00:00.092000+00:00,0.0
2026-05-13 23:00:00.497000+00:00,0.0
2026-05-14 00:00:00.562000+00:00,0.0
2026-05-14 01:00:00.055000+00:00,8.75e-07
2026-05-14 02:00:00.479000+00:00,0.0
2026-05-14 03:00:00.404000+00:00,0.0
2026-05-14 04:00:00.861000+00:00,0.0
2026-05-14 05:00:00.051000+00:00,0.0
2026-05-14 06:00:00.321000+00:00,0.0
2026-05-14 07:00:00.334000+00:00,0.0
2026-05-14 08:00:00.415000+00:00,0.0
2026-05-14 09:00:00.132000+00:00,-1.2e-05
2026-05-14 10:00:00.006000+00:00,-1.5e-06
2026-05-14 11:00:00.729000+00:00,-8.75e-07
2026-05-14 12:00:00.302000+00:00,-2.25e-06
2026-05-14 13:00:00.720000+00:00,-2.125e-06
2026-05-14 14:00:00.417000+00:00,-1.925e-05
2026-05-14 15:00:00.318000+00:00,-9.875e-06
2026-05-14 16:00:00.524000+00:00,0.0
2026-05-14 17:00:00.697000+00:00,0.0
2026-05-14 18:00:00.096000+00:00,0.0
2026-05-14 19:00:00.602000+00:00,0.0
2026-05-14 20:00:00.268000+00:00,0.0
2026-05-14 21:00:00.500000+00:00,0.0
2026-05-14 22:00:00.570000+00:00,0.0
2026-05-14 23:00:00.086000+00:00,0.0
2026-05-15 00:00:00.369000+00:00,0.0
2026-05-15 01:00:00.435000+00:00,0.0
2026-05-15 02:00:00.421000+00:00,1.25e-07
2026-05-15 03:00:00.133000+00:00,0.0
2026-05-15 04:00:00.372000+00:00,8.75e-07
2026-05-15 05:00:00.057000+00:00,0.0
2026-05-15 06:00:00.074000+00:00,2.5e-07
2026-05-15 07:00:00.427000+00:00,6.125e-06
2026-05-15 08:00:00.370000+00:00,1.6375e-05
2026-05-15 09:00:00.029000+00:00,3.025e-05
2026-05-15 10:00:00.480000+00:00,3.15e-05
2026-05-15 11:00:00.018000+00:00,3.325e-05
2026-05-15 12:00:00.364000+00:00,5.5e-06
2026-05-15 13:00:00.319000+00:00,0.0
2026-05-15 14:00:00.499000+00:00,0.0
2026-05-15 15:00:00.336000+00:00,0.0
2026-05-15 16:00:00.476000+00:00,0.0
2026-05-15 17:00:00.371000+00:00,0.0
2026-05-15 18:00:00.463000+00:00,0.0
2026-05-15 19:00:00.262000+00:00,0.0
2026-05-15 20:00:00.224000+00:00,0.0
2026-05-15 21:00:00.232000+00:00,0.0
2026-05-15 22:00:00.412000+00:00,0.0
2026-05-15 23:00:00.074000+00:00,0.0
2026-05-16 00:00:00.371000+00:00,0.0
2026-05-16 01:00:00.075000+00:00,0.0
2026-05-16 02:00:00.043000+00:00,0.0
2026-05-16 03:00:00.265000+00:00,0.0
2026-05-16 04:00:00.456000+00:00,0.0
2026-05-16 05:00:00.069000+00:00,-1.25e-07
2026-05-16 06:00:00.184000+00:00,-2.5e-07
2026-05-16 07:00:00.515000+00:00,-1.125e-06
2026-05-16 08:00:00.427000+00:00,0.0
2026-05-16 09:00:00.444000+00:00,-6.5e-06
2026-05-16 10:00:00.137000+00:00,-2e-06
2026-05-16 11:00:00.360000+00:00,0.0
2026-05-16 12:00:00.522000+00:00,0.0
2026-05-16 13:00:00.534000+00:00,-1.25e-07
2026-05-16 14:00:00.006000+00:00,0.0
2026-05-16 15:00:00.353000+00:00,0.0
2026-05-16 16:00:00.318000+00:00,-8.75e-07
2026-05-16 17:00:00.072000+00:00,0.0
2026-05-16 18:00:00.241000+00:00,-2.5e-07
2026-05-16 19:00:00.008000+00:00,0.0
2026-05-16 20:00:00.453000+00:00,-3.75e-07
2026-05-16 21:00:00.152000+00:00,-7.875e-06
2026-05-16 22:00:00.123000+00:00,-1.1625e-05
2026-05-16 23:00:00.201000+00:00,-1.1e-05
2026-05-17 00:00:00.033000+00:00,-2.625e-06
2026-05-17 01:00:00.151000+00:00,-9.625e-06
2026-05-17 02:00:00.304000+00:00,-1.35e-05
2026-05-17 03:00:00.217000+00:00,-2.5625e-05
2026-05-17 04:00:00.283000+00:00,-2.6e-05
2026-05-17 05:00:00.594000+00:00,-6.375e-06
2026-05-17 06:00:00.213000+00:00,-4.125e-06
2026-05-17 07:00:00.319000+00:00,-2.5e-07
2026-05-17 08:00:00.402000+00:00,-1.875e-06
2026-05-17 09:00:00.490000+00:00,-1.25e-07
2026-05-17 10:00:00.179000+00:00,0.0
2026-05-17 11:00:00.176000+00:00,0.0
2026-05-17 12:00:00.392000+00:00,0.0
2026-05-17 13:00:00.145000+00:00,0.0
2026-05-17 14:00:00.160000+00:00,0.0
2026-05-17 15:00:00.097000+00:00,0.0
2026-05-17 16:00:00.489000+00:00,0.0
2026-05-17 17:00:00.576000+00:00,0.0
2026-05-17 18:00:00.593000+00:00,0.0
2026-05-17 19:00:00.192000+00:00,0.0
2026-05-17 20:00:00.249000+00:00,0.0
2026-05-17 21:00:00.383000+00:00,0.0
2026-05-17 22:00:00.525000+00:00,0.0
2026-05-17 23:00:00.375000+00:00,0.0
2026-05-18 00:00:00.158000+00:00,0.0
2026-05-18 01:00:00.440000+00:00,0.0
2026-05-18 02:00:00.269000+00:00,0.0
2026-05-18 03:00:00.582000+00:00,0.0
2026-05-18 04:00:00.265000+00:00,0.0
2026-05-18 05:00:00.261000+00:00,0.0
2026-05-18 06:00:00.617000+00:00,0.0
2026-05-18 07:00:00.345000+00:00,0.0
2026-05-18 08:00:00.500000+00:00,0.0
2026-05-18 09:00:00.606000+00:00,2.875e-06
2026-05-18 10:00:00.311000+00:00,2.5e-07
2026-05-18 11:00:00.188000+00:00,0.0
2026-05-18 12:00:00.164000+00:00,0.0
2026-05-18 13:00:00.002000+00:00,0.0
2026-05-18 14:00:00.099000+00:00,0.0
2026-05-18 15:00:00.577000+00:00,0.0
2026-05-18 16:00:00.349000+00:00,0.0
2026-05-18 17:00:00.252000+00:00,1.25e-07
2026-05-18 18:00:00.128000+00:00,8.75e-07
2026-05-18 19:00:00.388000+00:00,1.25e-07
2026-05-18 20:00:00.495000+00:00,5e-07
2026-05-18 21:00:00.276000+00:00,0.0
2026-05-18 22:00:00.440000+00:00,0.0
2026-05-18 23:00:00.569000+00:00,0.0
2026-05-19 00:00:02.125000+00:00,0.0
2026-05-19 01:00:00.239000+00:00,0.0
2026-05-19 02:00:00.099000+00:00,0.0
2026-05-19 03:00:00.483000+00:00,0.0
2026-05-19 04:00:00.168000+00:00,0.0
2026-05-19 05:00:00.367000+00:00,0.0
2026-05-19 06:00:00.604000+00:00,0.0
2026-05-19 07:00:00.237000+00:00,0.0
2026-05-19 08:00:00.420000+00:00,0.0
2026-05-19 09:00:00.320000+00:00,0.0
2026-05-19 10:00:00.614000+00:00,0.0
2026-05-19 11:00:00.478000+00:00,0.0
2026-05-19 12:00:00.400000+00:00,0.0
2026-05-19 13:00:00.160000+00:00,0.0
2026-05-19 14:00:00.046000+00:00,0.0
2026-05-19 15:00:00.348000+00:00,0.0
2026-05-19 16:00:00.071000+00:00,0.0
2026-05-19 17:00:00.291000+00:00,0.0
2026-05-19 18:00:00.252000+00:00,0.0
2026-05-19 19:00:00.170000+00:00,0.0
2026-05-19 20:00:00.127000+00:00,0.0
2026-05-19 21:00:00.474000+00:00,0.0
2026-05-19 22:00:00.221000+00:00,0.0
2026-05-19 23:00:00.127000+00:00,0.0
2026-05-20 00:00:00.111000+00:00,0.0
2026-05-20 01:00:00.536000+00:00,0.0
2026-05-20 02:00:00.380000+00:00,0.0
2026-05-20 03:00:00.268000+00:00,0.0
2026-05-20 04:00:00.403000+00:00,0.0
2026-05-20 05:00:00.629000+00:00,0.0
2026-05-20 06:00:00.152000+00:00,0.0
2026-05-20 07:00:00.255000+00:00,0.0
2026-05-20 08:00:00.294000+00:00,0.0
2026-05-20 09:00:00.321000+00:00,0.0
2026-05-20 10:00:00.222000+00:00,0.0
2026-05-20 11:00:00.631000+00:00,0.0
2026-05-20 12:00:00.073000+00:00,0.0
2026-05-20 13:00:00.323000+00:00,0.0
2026-05-20 14:00:00.020000+00:00,2.5e-07
2026-05-20 15:00:00.448000+00:00,4.875e-05
2026-05-20 16:00:00.374000+00:00,9.2625e-05
2026-05-20 17:00:00.067000+00:00,7.95e-05
2026-05-20 18:00:00.579000+00:00,1.525e-05
2026-05-20 19:00:00.463000+00:00,2.8375e-05
2026-05-20 20:00:00.315000+00:00,2.625e-06
2026-05-20 21:00:00.452000+00:00,3e-06
2026-05-20 22:00:00.324000+00:00,0.0
2026-05-20 23:00:00.095000+00:00,0.0
2026-05-21 00:00:00.020000+00:00,0.0
2026-05-21 01:00:00.500000+00:00,7.5e-07
2026-05-21 02:00:00.382000+00:00,0.0
2026-05-21 03:00:00.090000+00:00,0.0
2026-05-21 04:00:00.320000+00:00,0.0
2026-05-21 05:00:00.520000+00:00,0.0
2026-05-21 06:00:00.314000+00:00,0.0
2026-05-21 07:00:00.385000+00:00,0.0
2026-05-21 08:00:00.366000+00:00,0.0
2026-05-21 09:00:00.115000+00:00,1.25e-07
2026-05-21 10:00:00.225000+00:00,0.0
2026-05-21 11:00:00.582000+00:00,0.0
2026-05-21 12:00:00.121000+00:00,0.0
2026-05-21 13:00:00.068000+00:00,0.0
2026-05-21 14:00:00.219000+00:00,0.0
2026-05-21 15:00:00.108000+00:00,0.0
2026-05-21 16:00:00.406000+00:00,0.0
2026-05-21 17:00:00.219000+00:00,0.0
2026-05-21 18:00:00.356000+00:00,0.0
2026-05-21 19:00:00.422000+00:00,-5e-07
2026-05-21 20:00:00.025000+00:00,-1.125e-06
2026-05-21 21:00:00.269000+00:00,0.0
2026-05-21 22:00:00.453000+00:00,0.0
2026-05-21 23:00:00.042000+00:00,0.0
2026-05-22 00:00:00.008000+00:00,0.0
2026-05-22 01:00:00.264000+00:00,0.0
2026-05-22 02:00:00.203000+00:00,0.0
2026-05-22 03:00:00.303000+00:00,0.0
2026-05-22 04:00:00.518000+00:00,0.0
2026-05-22 05:00:00.110000+00:00,0.0
2026-05-22 06:00:00.535000+00:00,0.0
2026-05-22 07:00:00.296000+00:00,0.0
2026-05-22 08:00:00.254000+00:00,0.0
2026-05-22 09:00:00.402000+00:00,0.0
2026-05-22 10:00:00.327000+00:00,0.0
2026-05-22 11:00:00.022000+00:00,0.0
2026-05-22 12:00:00.404000+00:00,-6.25e-07
2026-05-22 13:00:00.457000+00:00,-3.75e-07
2026-05-22 14:00:00.162000+00:00,-6.25e-07
2026-05-22 15:00:00.268000+00:00,0.0
2026-05-22 16:00:00.167000+00:00,0.0
2026-05-22 17:00:00.199000+00:00,0.0
2026-05-22 18:00:00.316000+00:00,0.0
2026-05-22 19:00:00.506000+00:00,0.0
2026-05-22 20:00:00.539000+00:00,0.0
2026-05-22 21:00:00.393000+00:00,0.0
2026-05-22 22:00:00.425000+00:00,0.0
2026-05-22 23:00:00.495000+00:00,0.0
2026-05-23 00:00:00.304000+00:00,0.0
2026-05-23 01:00:00.458000+00:00,0.0
2026-05-23 02:00:00.055000+00:00,3.75e-07
2026-05-23 03:00:00.493000+00:00,6.5e-06
2026-05-23 04:00:00.445000+00:00,4.5e-06
2026-05-23 05:00:00.075000+00:00,9.25e-06
2026-05-23 06:00:00.373000+00:00,3.75e-06
2026-05-23 07:00:00.291000+00:00,1.3125e-05
2026-05-23 08:00:00.509000+00:00,1.5625e-05
2026-05-23 09:00:00.376000+00:00,9.875e-06
2026-05-23 10:00:00.183000+00:00,6.625e-06
2026-05-23 11:00:00.473000+00:00,3.375e-05
2026-05-23 12:00:00.215000+00:00,2.0625e-05
2026-05-23 13:00:00.077000+00:00,2.5e-06
2026-05-23 14:00:02.039000+00:00,2.1875e-05
2026-05-23 15:00:00.162000+00:00,3.1375e-05
2026-05-23 16:00:00.409000+00:00,2.6e-05
2026-05-23 17:00:00.038000+00:00,4.3125e-05
2026-05-23 18:00:00.132000+00:00,8e-06
2026-05-23 19:00:00.227000+00:00,1.9125e-05
2026-05-23 20:00:00.459000+00:00,2.3125e-05
2026-05-23 21:00:00.085000+00:00,3.675e-05
2026-05-23 22:00:00.579000+00:00,3.9375e-05
2026-05-23 23:00:00.482000+00:00,2.6375e-05
2026-05-24 00:00:00.311000+00:00,2.4875e-05
2026-05-24 01:00:00.374000+00:00,3.0125e-05
2026-05-24 02:00:00.196000+00:00,9.375e-06
2026-05-24 03:00:00.383000+00:00,2.625e-06
2026-05-24 04:00:00.067000+00:00,0.0
2026-05-24 05:00:00.480000+00:00,0.0
2026-05-24 06:00:00.310000+00:00,0.0
2026-05-24 07:00:00.220000+00:00,0.0
2026-05-24 08:00:00.634000+00:00,0.0
2026-05-24 09:00:00.463000+00:00,1.25e-07
2026-05-24 10:00:00.013000+00:00,0.0
2026-05-24 11:00:00.574000+00:00,0.0
2026-05-24 12:00:00.631000+00:00,0.0
2026-05-24 13:00:00.098000+00:00,5e-07
2026-05-24 14:00:00.494000+00:00,0.0
2026-05-24 15:00:00.368000+00:00,0.0
2026-05-24 16:00:00.223000+00:00,0.0
2026-05-24 17:00:00.274000+00:00,0.0
2026-05-24 18:00:00.591000+00:00,0.0
2026-05-24 19:00:00.268000+00:00,0.0
2026-05-24 20:00:00.571000+00:00,0.0
2026-05-24 21:00:00.524000+00:00,0.0
2026-05-24 22:00:00.159000+00:00,0.0
2026-05-24 23:00:00.031000+00:00,0.0
2026-05-25 00:00:00.300000+00:00,0.0
2026-05-25 01:00:00.111000+00:00,0.0
2026-05-25 02:00:00.344000+00:00,0.0
2026-05-25 03:00:00.405000+00:00,0.0
2026-05-25 04:00:00.267000+00:00,1e-06
2026-05-25 05:00:00.040000+00:00,1.125e-06
2026-05-25 06:00:00.072000+00:00,8.5e-06
2026-05-25 07:00:00.088000+00:00,0.0
2026-05-25 08:00:00.195000+00:00,0.0
2026-05-25 09:00:00.152000+00:00,0.0
2026-05-25 10:00:00.239000+00:00,0.0
2026-05-25 11:00:00.513000+00:00,0.0
2026-05-25 12:00:00.320000+00:00,0.0
2026-05-25 13:00:00.285000+00:00,0.0
2026-05-25 14:00:00.327000+00:00,0.0
2026-05-25 15:00:00.197000+00:00,0.0
2026-05-25 16:00:00.523000+00:00,0.0
2026-05-25 17:00:00.526000+00:00,-2.125e-06
2026-05-25 18:00:00.013000+00:00,-5.375e-06
2026-05-25 19:00:00.347000+00:00,-1.05e-05
2026-05-25 20:00:00.183000+00:00,-2.575e-05
2026-05-25 21:00:00.195000+00:00,-1.375e-06
2026-05-25 22:00:00.371000+00:00,0.0
2026-05-25 23:00:00.195000+00:00,0.0
2026-05-26 00:00:00.213000+00:00,0.0
2026-05-26 01:00:00.084000+00:00,0.0
2026-05-26 02:00:00.075000+00:00,0.0
2026-05-26 03:00:00.351000+00:00,0.0
2026-05-26 04:00:00.001000+00:00,5e-07
2026-05-26 05:00:00.316000+00:00,2.25e-06
2026-05-26 06:00:00.169000+00:00,1.1125e-05
2026-05-26 07:00:00.067000+00:00,3.925e-05
2026-05-26 08:00:00.219000+00:00,3.4875e-05
2026-05-26 09:00:00.446000+00:00,3.7625e-05
2026-05-26 10:00:00.443000+00:00,3.8625e-05
2026-05-26 11:00:00.471000+00:00,2.8625e-05
2026-05-26 12:00:00.118000+00:00,0.0
2026-05-26 13:00:00.194000+00:00,0.0
2026-05-26 14:00:00.218000+00:00,0.0
2026-05-26 15:00:00.201000+00:00,0.0
2026-05-26 16:00:00.298000+00:00,0.0
2026-05-26 17:00:00.498000+00:00,0.0
2026-05-26 18:00:00.467000+00:00,0.0
2026-05-26 19:00:00.388000+00:00,0.0
2026-05-26 20:00:00.220000+00:00,3.75e-07
2026-05-26 21:00:00.172000+00:00,8.75e-07
2026-05-26 22:00:00.032000+00:00,2.2875e-05
2026-05-26 23:00:00.321000+00:00,4.275e-05
2026-05-27 00:00:00.112000+00:00,1.2625e-05
2026-05-27 01:00:00.419000+00:00,0.0
2026-05-27 02:00:00.332000+00:00,3.5e-06
2026-05-27 03:00:00.420000+00:00,0.0
2026-05-27 04:00:00.228000+00:00,8.75e-07
2026-05-27 05:00:00.115000+00:00,5e-07
2026-05-27 06:00:00.364000+00:00,-3.75e-07
2026-05-27 07:00:00.243000+00:00,-1.7125e-05
2026-05-27 08:00:00.102000+00:00,-5.7625e-05
2026-05-27 09:00:00.328000+00:00,-7.7875e-05
2026-05-27 10:00:00.515000+00:00,-5.5375e-05
2026-05-27 11:00:00.088000+00:00,-9.8625e-05
2026-05-27 12:00:00.408000+00:00,-6.25e-07
2026-05-27 13:00:00.114000+00:00,0.0
2026-05-27 14:00:00.172000+00:00,0.0
2026-05-27 15:00:00.177000+00:00,0.0
2026-05-27 16:00:00.426000+00:00,0.0
2026-05-27 17:00:00.555000+00:00,0.0
2026-05-27 18:00:00.374000+00:00,-2.25e-06
2026-05-27 19:00:00.369000+00:00,-2.625e-06
2026-05-27 20:00:00.240000+00:00,-3.75e-07
2026-05-27 21:00:00.240000+00:00,-8.75e-07
2026-05-27 22:00:00.661000+00:00,-1.375e-05
2026-05-27 23:00:00.391000+00:00,-4.6125e-05
2026-05-28 00:00:00.535000+00:00,-4.1875e-05
2026-05-28 01:00:00.415000+00:00,-7.25e-06
2026-05-28 02:00:00.389000+00:00,-1.625e-05
2026-05-28 03:00:00.448000+00:00,-7.625e-06
2026-05-28 04:00:00.117000+00:00,-3.5e-06
2026-05-28 05:00:00.456000+00:00,-1.75e-06
2026-05-28 06:00:00.541000+00:00,-2.375e-06
2026-05-28 07:00:00.465000+00:00,-5.375e-06
2026-05-28 08:00:00.151000+00:00,-2.875e-06
2026-05-28 09:00:00.440000+00:00,-2.2e-05
2026-05-28 10:00:00.240000+00:00,-1.1625e-05
2026-05-28 11:00:00.110000+00:00,-3.625e-05
2026-05-28 12:00:00.505000+00:00,-3.225e-05
2026-05-28 13:00:00.199000+00:00,-1.125e-06
2026-05-28 14:00:00.167000+00:00,0.0
2026-05-28 15:00:00.202000+00:00,-2.5e-07
2026-05-28 16:00:00.507000+00:00,0.0
2026-05-28 17:00:00.356000+00:00,0.0
2026-05-28 18:00:00.267000+00:00,0.0
2026-05-28 19:00:00.119000+00:00,0.0
2026-05-28 20:00:00.510000+00:00,0.0
2026-05-28 21:00:00.177000+00:00,0.0
2026-05-28 22:00:00.192000+00:00,-1.25e-07
2026-05-28 23:00:00.448000+00:00,0.0
2026-05-29 00:00:00.509000+00:00,-2.5e-07
2026-05-29 01:00:00.533000+00:00,0.0
2026-05-29 02:00:00.432000+00:00,0.0
2026-05-29 03:00:00.189000+00:00,0.0
2026-05-29 04:00:00.139000+00:00,0.0
2026-05-29 05:00:00.319000+00:00,0.0
2026-05-29 06:00:00.213000+00:00,0.0
2026-05-29 07:00:00.010000+00:00,-7.5e-07
2026-05-29 08:00:00.446000+00:00,0.0
2026-05-29 09:00:00.188000+00:00,0.0
2026-05-29 10:00:00.502000+00:00,0.0
2026-05-29 11:00:00.043000+00:00,0.0
2026-05-29 12:00:00.521000+00:00,-2.5e-07
2026-05-29 13:00:00.091000+00:00,0.0
2026-05-29 14:00:00.396000+00:00,0.0
2026-05-29 15:00:00.373000+00:00,0.0
2026-05-29 16:00:00.385000+00:00,2.0875e-05
2026-05-29 17:00:00.186000+00:00,2.7875e-05
2026-05-29 18:00:00.055000+00:00,0.0
2026-05-29 19:00:00.460000+00:00,0.0
2026-05-29 20:00:00.078000+00:00,-1.0625e-05
2026-05-29 21:00:00.042000+00:00,-5.5e-06
2026-05-29 22:00:00.246000+00:00,-1.4625e-05
2026-05-29 23:00:00.209000+00:00,-3.1125e-05
2026-05-30 00:00:00.266000+00:00,-3.6375e-05
2026-05-30 01:00:00.190000+00:00,-8.625e-06
2026-05-30 02:00:00.050000+00:00,-1.1625e-05
2026-05-30 03:00:00.113000+00:00,-1.15e-05
2026-05-30 04:00:00.143000+00:00,-9.75e-06
2026-05-30 05:00:00.390000+00:00,-3.1875e-05
2026-05-30 06:00:00.434000+00:00,-1.65e-05
2026-05-30 07:00:00.031000+00:00,-1.425e-05
2026-05-30 08:00:00.394000+00:00,-9e-06
2026-05-30 09:00:00.225000+00:00,-2.125e-05
2026-05-30 10:00:00.071000+00:00,-3.875e-06
2026-05-30 11:00:00.215000+00:00,0.0
2026-05-30 12:00:00.213000+00:00,0.0
2026-05-30 13:00:00.176000+00:00,0.0
2026-05-30 14:00:00.112000+00:00,0.0
2026-05-30 15:00:00.502000+00:00,0.0
2026-05-30 16:00:00.085000+00:00,-2.5e-07
2026-05-30 17:00:00.025000+00:00,0.0
2026-05-30 18:00:00.044000+00:00,0.0
2026-05-30 19:00:00.061000+00:00,0.0
2026-05-30 20:00:00.280000+00:00,0.0
2026-05-30 21:00:00.239000+00:00,0.0
2026-05-30 22:00:00.493000+00:00,0.0
2026-05-30 23:00:00.210000+00:00,0.0
2026-05-31 00:00:00.205000+00:00,0.0
2026-05-31 01:00:00.095000+00:00,0.0
2026-05-31 02:00:00.396000+00:00,0.0
2026-05-31 03:00:00.582000+00:00,-3.25e-06
2026-05-31 04:00:00.140000+00:00,0.0
2026-05-31 05:00:00.225000+00:00,-3e-06
2026-05-31 06:00:00.385000+00:00,-1.025e-05
2026-05-31 07:00:00.225000+00:00,-1.9e-05
2026-05-31 08:00:00.607000+00:00,-1.575e-05
2026-05-31 09:00:00.292000+00:00,-1.25e-05
2026-05-31 10:00:00.102000+00:00,-1.125e-06
2026-05-31 11:00:00.087000+00:00,0.0
2026-05-31 12:00:00.507000+00:00,0.0
2026-05-31 13:00:00.289000+00:00,0.0
2026-05-31 14:00:00.186000+00:00,0.0
2026-05-31 15:00:00.051000+00:00,0.0
2026-05-31 16:00:00.043000+00:00,0.0
2026-05-31 17:00:00.489000+00:00,0.0
2026-05-31 18:00:00.241000+00:00,0.0
2026-05-31 19:00:00.144000+00:00,0.0
2026-05-31 20:00:00.109000+00:00,0.0
2026-05-31 21:00:00.151000+00:00,0.0
2026-05-31 22:00:00.335000+00:00,0.0
2026-05-31 23:00:00.498000+00:00,0.0
2026-06-01 00:00:00.489000+00:00,1.25e-07
2026-06-01 01:00:00.008000+00:00,2.25e-06
2026-06-01 02:00:00.240000+00:00,2.25e-06
2026-06-01 03:00:00.306000+00:00,2.5e-07
2026-06-01 04:00:00.374000+00:00,2.075e-05
2026-06-01 05:00:00.041000+00:00,1.875e-06
2026-06-01 06:00:00.558000+00:00,0.0
2026-06-01 07:00:00.164000+00:00,5.25e-06
2026-06-01 08:00:00.062000+00:00,7.625e-06
2026-06-01 09:00:00.314000+00:00,3.625e-06
2026-06-01 10:00:00.081000+00:00,1.0375e-05
2026-06-01 11:00:00.036000+00:00,2.5e-07
2026-06-01 12:00:00.443000+00:00,1.875e-06
2026-06-01 13:00:00.627000+00:00,3.325e-05
2026-06-01 14:00:00.013000+00:00,8.875e-06
2026-06-01 15:00:00.388000+00:00,0.0
2026-06-01 16:00:00.440000+00:00,0.0
2026-06-01 17:00:00.376000+00:00,0.0
2026-06-01 18:00:00.077000+00:00,0.0
2026-06-01 19:00:00.331000+00:00,0.0
2026-06-01 20:00:00.091000+00:00,0.0
2026-06-01 21:00:00.054000+00:00,0.0
2026-06-01 22:00:00.454000+00:00,0.0
2026-06-01 23:00:00.170000+00:00,0.0
2026-06-02 00:00:00.224000+00:00,0.0
2026-06-02 01:00:00.078000+00:00,0.0
2026-06-02 02:00:00.229000+00:00,0.0
2026-06-02 03:00:00.440000+00:00,0.0
2026-06-02 04:00:00.541000+00:00,0.0
2026-06-02 05:00:00.216000+00:00,1.125e-06
2026-06-02 06:00:00.352000+00:00,0.0
2026-06-02 07:00:00.136000+00:00,0.0
2026-06-02 08:00:00.044000+00:00,0.0
2026-06-02 09:00:00.140000+00:00,1.3875e-05
2026-06-02 10:00:00.276000+00:00,1.075e-05
2026-06-02 11:00:00.108000+00:00,1.4875e-05
2026-06-02 12:00:00.491000+00:00,0.0
2026-06-02 13:00:00.546000+00:00,0.0
2026-06-02 14:00:00.513000+00:00,0.0
2026-06-02 15:00:00.351000+00:00,0.0
2026-06-02 16:00:00.197000+00:00,0.0
2026-06-02 17:00:00.524000+00:00,0.0
2026-06-02 18:00:00.330000+00:00,0.0
2026-06-02 19:00:00.210000+00:00,0.0
2026-06-02 20:00:00.117000+00:00,3.75e-07
2026-06-02 21:00:00.089000+00:00,0.0
2026-06-02 22:00:00.324000+00:00,0.0
2026-06-02 23:00:00.214000+00:00,0.0
2026-06-03 00:00:00.409000+00:00,-1.5125e-05
2026-06-03 01:00:00.267000+00:00,-2.0875e-05
2026-06-03 02:00:00.123000+00:00,-6.25e-06
2026-06-03 03:00:00.163000+00:00,0.0
2026-06-03 04:00:00.553000+00:00,0.0
2026-06-03 05:00:00.425000+00:00,0.0
2026-06-03 06:00:00.288000+00:00,0.0
2026-06-03 07:00:00.016000+00:00,0.0
2026-06-03 08:00:00.238000+00:00,0.0
2026-06-03 09:00:00.085000+00:00,0.0
2026-06-03 10:00:00.282000+00:00,0.0
2026-06-03 11:00:00.064000+00:00,5e-07
2026-06-03 12:00:00.140000+00:00,0.0
2026-06-03 13:00:00.611000+00:00,1.5e-06
2026-06-03 14:00:00.377000+00:00,2.5125e-05
2026-06-03 15:00:00.221000+00:00,2.5875e-05
2026-06-03 16:00:00.469000+00:00,2.425e-05
2026-06-03 17:00:00.101000+00:00,3.5875e-05
2026-06-03 18:00:00.216000+00:00,2.45e-05
2026-06-03 19:00:00.379000+00:00,4.075e-05
2026-06-03 20:00:00.212000+00:00,8.375e-06
2026-06-03 21:00:00.045000+00:00,2.625e-06
2026-06-03 22:00:00.163000+00:00,1.75e-05
2026-06-03 23:00:00.471000+00:00,1.2e-05
2026-06-04 00:00:00.110000+00:00,1.875e-06
2026-06-04 01:00:00.199000+00:00,2.1125e-05
2026-06-04 02:00:00.296000+00:00,4.375e-06
2026-06-04 03:00:00.266000+00:00,2.5e-07
2026-06-04 04:00:00.068000+00:00,5.875e-06
2026-06-04 05:00:00.070000+00:00,1.9375e-05
2026-06-04 06:00:00.232000+00:00,1.6875e-05
2026-06-04 07:00:00.260000+00:00,1.6375e-05
2026-06-04 08:00:00.335000+00:00,5.875e-06
2026-06-04 09:00:00.317000+00:00,1.1125e-05
2026-06-04 10:00:00.297000+00:00,1.875e-05
2026-06-04 11:00:00.031000+00:00,0.0
2026-06-04 12:00:00.476000+00:00,0.0
2026-06-04 13:00:00.534000+00:00,0.0
2026-06-04 14:00:00.341000+00:00,0.0
2026-06-04 15:00:00.412000+00:00,0.0
2026-06-04 16:00:00.303000+00:00,0.0
2026-06-04 17:00:00.191000+00:00,0.0
2026-06-04 18:00:00.116000+00:00,0.0
2026-06-04 19:00:00.449000+00:00,0.0
2026-06-04 20:00:00.255000+00:00,0.0
2026-06-04 21:00:00.231000+00:00,0.0
2026-06-04 22:00:00.088000+00:00,0.0
2026-06-04 23:00:00.597000+00:00,1.25e-06
2026-06-05 00:00:00.297000+00:00,4.875e-06
2026-06-05 01:00:00.088000+00:00,1.9875e-05
2026-06-05 02:00:00.441000+00:00,5.375e-05
2026-06-05 03:00:00.228000+00:00,3.3875e-05
2026-06-05 04:00:00.459000+00:00,2.65e-05
2026-06-05 05:00:00.051000+00:00,4.8375e-05
2026-06-05 06:00:00.492000+00:00,2.3875e-05
2026-06-05 07:00:00.503000+00:00,0.0
2026-06-05 08:00:00.571000+00:00,0.0
2026-06-05 09:00:00.808000+00:00,0.0
2026-06-05 10:00:00.051000+00:00,0.0
2026-06-05 11:00:00.343000+00:00,0.0
2026-06-05 12:00:00.508000+00:00,0.0
2026-06-05 13:00:00.413000+00:00,0.0
2026-06-05 14:00:00.539000+00:00,0.0
2026-06-05 15:00:00.293000+00:00,-4.7e-05
2026-06-05 16:00:00.316000+00:00,8.75e-07
2026-06-05 17:00:00.143000+00:00,5.05e-05
2026-06-05 18:00:00.318000+00:00,8.2625e-05
2026-06-05 19:00:00.370000+00:00,6.9625e-05
2026-06-05 20:00:00.474000+00:00,5.5875e-05
2026-06-05 21:00:00.387000+00:00,4.25e-06
2026-06-05 22:00:00.037000+00:00,5e-07
2026-06-05 23:00:00.292000+00:00,0.0
2026-06-06 00:00:00.060000+00:00,0.0
2026-06-06 01:00:00.538000+00:00,0.0
2026-06-06 02:00:00.630000+00:00,0.0
2026-06-06 03:00:00.221000+00:00,0.0
2026-06-06 04:00:00.043000+00:00,0.0
2026-06-06 05:00:00.476000+00:00,0.0
2026-06-06 06:00:00.177000+00:00,0.0
2026-06-06 07:00:00.477000+00:00,0.0
2026-06-06 08:00:00.486000+00:00,0.0
2026-06-06 09:00:00.326000+00:00,0.0
2026-06-06 10:00:00.196000+00:00,0.0
2026-06-06 11:00:00.083000+00:00,-3.75e-07
2026-06-06 12:00:00.009000+00:00,-8.75e-07
2026-06-06 13:00:00.283000+00:00,-1.75e-06
2026-06-06 14:00:00.542000+00:00,-3.25e-06
2026-06-06 15:00:00.035000+00:00,-9.75e-06
2026-06-06 16:00:00.377000+00:00,-1.4625e-05
2026-06-06 17:00:00.393000+00:00,-2.45e-05
2026-06-06 18:00:00.245000+00:00,-1.4e-05
2026-06-06 19:00:00.312000+00:00,-2.375e-06
2026-06-06 20:00:00.242000+00:00,0.0
2026-06-06 21:00:00.501000+00:00,0.0
2026-06-06 22:00:00.313000+00:00,0.0
2026-06-06 23:00:00.535000+00:00,0.0
2026-06-07 00:00:00.282000+00:00,0.0
2026-06-07 01:00:00.548000+00:00,0.0
2026-06-07 02:00:00.375000+00:00,0.0
2026-06-07 03:00:00.217000+00:00,0.0
2026-06-07 04:00:00.493000+00:00,0.0
2026-06-07 05:00:00.395000+00:00,0.0
2026-06-07 06:00:00.492000+00:00,0.0
2026-06-07 07:00:00.242000+00:00,0.0
2026-06-07 08:00:00.235000+00:00,2.5e-07
2026-06-07 09:00:00.630000+00:00,0.0
2026-06-07 10:00:00.154000+00:00,0.0
2026-06-07 11:00:00.457000+00:00,0.0
2026-06-07 12:00:00.376000+00:00,0.0
2026-06-07 13:00:00.348000+00:00,2.85e-05
2026-06-07 14:00:00.207000+00:00,2.5e-06
2026-06-07 15:00:00.394000+00:00,4e-06
2026-06-07 16:00:00.397000+00:00,1.125e-06
2026-06-07 17:00:00.315000+00:00,9.25e-06
2026-06-07 18:00:00.491000+00:00,1.1375e-05
2026-06-07 19:00:00.279000+00:00,1.2875e-05
2026-06-07 20:00:00.520000+00:00,1.625e-06
2026-06-07 21:00:00.391000+00:00,3.875e-06
2026-06-07 22:00:00.770000+00:00,2.5e-07
2026-06-07 23:00:00.577000+00:00,7.5e-07
2026-06-08 00:00:00.394000+00:00,3.375e-06
2026-06-08 01:00:00.156000+00:00,5.125e-06
2026-06-08 02:00:00.038000+00:00,2.875e-06
2026-06-08 03:00:00.263000+00:00,5.125e-06
2026-06-08 04:00:00.076000+00:00,1.075e-05
2026-06-08 05:00:00.510000+00:00,3.75e-06
2026-06-08 06:00:00.013000+00:00,6.875e-06
2026-06-08 07:00:00.116000+00:00,5e-07
2026-06-08 08:00:00.085000+00:00,0.0
2026-06-08 09:00:00.261000+00:00,0.0
2026-06-08 10:00:00.479000+00:00,3.125e-06
2026-06-08 11:00:00.579000+00:00,1.1e-05
2026-06-08 12:00:00.453000+00:00,2.75e-06
2026-06-08 13:00:00.056000+00:00,0.0
2026-06-08 14:00:00.144000+00:00,1.25e-06
2026-06-08 15:00:00.336000+00:00,0.0
2026-06-08 16:00:00.522000+00:00,2.5e-06
2026-06-08 17:00:00.187000+00:00,1.25e-07
2026-06-08 18:00:00.251000+00:00,1.25e-07
2026-06-08 19:00:00.293000+00:00,0.0
2026-06-08 20:00:00.174000+00:00,0.0
2026-06-08 21:00:00.251000+00:00,0.0
2026-06-08 22:00:00.549000+00:00,0.0
2026-06-08 23:00:00.250000+00:00,0.0
2026-06-09 00:00:00.315000+00:00,0.0
2026-06-09 01:00:00.381000+00:00,0.0
2026-06-09 02:00:00.141000+00:00,0.0
2026-06-09 03:00:00.502000+00:00,0.0
2026-06-09 04:00:00.289000+00:00,0.0
2026-06-09 05:00:00.534000+00:00,0.0
2026-06-09 06:00:00.201000+00:00,0.0
2026-06-09 07:00:00.202000+00:00,0.0
2026-06-09 08:00:00.244000+00:00,0.0
2026-06-09 09:00:00.456000+00:00,0.0
2026-06-09 10:00:00.668000+00:00,7.725e-05
2026-06-09 11:00:00.040000+00:00,3.7125e-05
2026-06-09 12:00:00.371000+00:00,1.375e-06
2026-06-09 13:00:00.450000+00:00,9.125e-06
2026-06-09 14:00:00.486000+00:00,8.75e-07
2026-06-09 15:00:00.262000+00:00,0.0
2026-06-09 16:00:00.115000+00:00,0.0
2026-06-09 17:00:00.349000+00:00,0.0
2026-06-09 18:00:00.073000+00:00,0.0
2026-06-09 19:00:00.577000+00:00,0.0
2026-06-09 20:00:00.234000+00:00,0.0
2026-06-09 21:00:00.098000+00:00,0.0
2026-06-09 22:00:00.089000+00:00,0.0
2026-06-09 23:00:00.059000+00:00,0.0
2026-06-10 00:00:00.525000+00:00,0.0
2026-06-10 01:00:00.108000+00:00,0.0
2026-06-10 02:00:00.092000+00:00,0.0
2026-06-10 03:00:00.301000+00:00,0.0
2026-06-10 04:00:00.141000+00:00,1.75e-06
2026-06-10 05:00:00.606000+00:00,6.25e-07
2026-06-10 06:00:00.564000+00:00,1.8625e-05
2026-06-10 07:00:00.152000+00:00,1.725e-05
2026-06-10 08:00:00.390000+00:00,1.3125e-05
2026-06-10 09:00:00.009000+00:00,2.1875e-05
2026-06-10 10:00:00.463000+00:00,4.175e-05
2026-06-10 11:00:00.375000+00:00,3.3125e-05
2026-06-10 12:00:00.233000+00:00,2.7125e-05
2026-06-10 13:00:00.325000+00:00,2.575e-05
2026-06-10 14:00:00.312000+00:00,4.0625e-05
2026-06-10 15:00:00.022000+00:00,4.2875e-05
2026-06-10 16:00:00.412000+00:00,3.15e-05
2026-06-10 17:00:00.252000+00:00,8.375e-06
2026-06-10 18:00:00.371000+00:00,3.75e-06
2026-06-10 19:00:00.191000+00:00,6.125e-06
2026-06-10 20:00:00.351000+00:00,1.6125e-05
2026-06-10 21:00:00.227000+00:00,2.2875e-05
2026-06-10 22:00:00.314000+00:00,8.5625e-05
2026-06-10 23:00:00.320000+00:00,0.000121375
2026-06-11 00:00:00.477000+00:00,0.000114875
2026-06-11 01:00:00.099000+00:00,9.95e-05
2026-06-11 02:00:00.008000+00:00,0.000123875
2026-06-11 03:00:00.048000+00:00,8.95e-05
2026-06-11 04:00:00.390000+00:00,7.0625e-05
2026-06-11 05:00:00.375000+00:00,2.25e-06
2026-06-11 06:00:00.400000+00:00,3.625e-06
2026-06-11 07:00:00.440000+00:00,0.0
2026-06-11 08:00:00.167000+00:00,0.0
2026-06-11 09:00:00.174000+00:00,0.0
2026-06-11 10:00:00.388000+00:00,0.0
2026-06-11 11:00:00.412000+00:00,-1.25e-07
2026-06-11 12:00:00.369000+00:00,0.0
2026-06-11 13:00:00.126000+00:00,0.0
2026-06-11 14:00:00.220000+00:00,0.0
2026-06-11 15:00:00.366000+00:00,0.0
2026-06-11 16:00:00.226000+00:00,0.0
2026-06-11 17:00:00.137000+00:00,0.0
2026-06-11 18:00:00.524000+00:00,0.0
2026-06-11 19:00:00.289000+00:00,0.0
2026-06-11 20:00:00.437000+00:00,0.0
2026-06-11 21:00:00.339000+00:00,0.0
2026-06-11 22:00:00.188000+00:00,0.0
2026-06-11 23:00:00.031000+00:00,0.0
2026-06-12 00:00:00.186000+00:00,0.0
2026-06-12 01:00:00.081000+00:00,0.0
2026-06-12 02:00:00.019000+00:00,0.0
2026-06-12 03:00:00.343000+00:00,0.0
2026-06-12 04:00:00.477000+00:00,1.25e-07
2026-06-12 05:00:00.176000+00:00,3e-06
2026-06-12 06:00:00.020000+00:00,2.5e-06
2026-06-12 07:00:00.397000+00:00,3.75e-07
2026-06-12 08:00:00.042000+00:00,3.25e-06
2026-06-12 09:00:00.613000+00:00,3.9625e-05
2026-06-12 10:00:00.312000+00:00,4.15e-05
2026-06-12 11:00:00.162000+00:00,4.05e-05
2026-06-12 12:00:00.320000+00:00,3.15e-05
2026-06-12 13:00:00.388000+00:00,1.8125e-05
2026-06-12 14:00:00.162000+00:00,2.375e-06
2026-06-12 15:00:00.496000+00:00,3.75e-06
2026-06-12 16:00:00.513000+00:00,5e-07
2026-06-12 17:00:00.084000+00:00,6.25e-07
2026-06-12 18:00:00.489000+00:00,7.5e-07
2026-06-12 19:00:00.239000+00:00,3.75e-07
2026-06-12 20:00:00.359000+00:00,3.75e-07
2026-06-12 21:00:00.102000+00:00,2e-06
2026-06-12 22:00:00.042000+00:00,1.1875e-05
2026-06-12 23:00:00.298000+00:00,1e-05
2026-06-13 00:00:00.461000+00:00,5.5e-06
2026-06-13 01:00:00.255000+00:00,1.25e-05
2026-06-13 02:00:00.524000+00:00,9.375e-06
2026-06-13 03:00:00.232000+00:00,2.25e-06
2026-06-13 04:00:00.102000+00:00,2.5e-06
2026-06-13 05:00:00.426000+00:00,0.0
2026-06-13 06:00:00.065000+00:00,0.0
2026-06-13 07:00:00.446000+00:00,0.0
2026-06-13 08:00:00.255000+00:00,0.0
2026-06-13 09:00:00.009000+00:00,0.0
2026-06-13 10:00:00.424000+00:00,2.5e-07
2026-06-13 11:00:00.084000+00:00,0.0
2026-06-13 12:00:00.229000+00:00,0.0
2026-06-13 13:00:00.211000+00:00,0.0
2026-06-13 14:00:00.459000+00:00,0.0
2026-06-13 15:00:00.126000+00:00,0.0
2026-06-13 16:00:00.490000+00:00,-1.25e-07
2026-06-13 17:00:00.143000+00:00,-5e-07
2026-06-13 18:00:00.189000+00:00,-2.5e-07
2026-06-13 19:00:00.331000+00:00,-1.25e-06
2026-06-13 20:00:00.578000+00:00,-5.625e-06
2026-06-13 21:00:00.490000+00:00,-2.375e-06
2026-06-13 22:00:00.191000+00:00,-5e-07
2026-06-13 23:00:00.199000+00:00,-1.625e-06
2026-06-14 00:00:00.416000+00:00,-1.25e-07
2026-06-14 01:00:00.637000+00:00,-6.375e-06
2026-06-14 02:00:00.282000+00:00,-1.4375e-05
2026-06-14 03:00:00.134000+00:00,-1.5875e-05
2026-06-14 04:00:00.286000+00:00,-2.8e-05
2026-06-14 05:00:00.044000+00:00,-4.55e-05
2026-06-14 06:00:00.197000+00:00,-4.95e-05
2026-06-14 07:00:00.327000+00:00,-4.5625e-05
2026-06-14 08:00:00.126000+00:00,-3.4375e-05
2026-06-14 09:00:00.717000+00:00,-2.625e-06
2026-06-14 10:00:00.413000+00:00,-1.875e-06
2026-06-14 11:00:00.471000+00:00,-6.625e-06
2026-06-14 12:00:00.209000+00:00,-1.9375e-05
2026-06-14 13:00:00.499000+00:00,-2.0125e-05
2026-06-14 14:00:00.391000+00:00,-2.7e-05
2026-06-14 15:00:00.503000+00:00,-4.0375e-05
2026-06-14 16:00:00.246000+00:00,-3.55e-05
2026-06-14 17:00:00.391000+00:00,-4.05e-05
2026-06-14 18:00:00.480000+00:00,-3.5e-05
2026-06-14 19:00:00.259000+00:00,-1.6125e-05
2026-06-14 20:00:00.432000+00:00,-1.875e-06
2026-06-14 21:00:00.241000+00:00,0.0
2026-06-14 22:00:00.020000+00:00,0.0
2026-06-14 23:00:00.133000+00:00,0.0
2026-06-15 00:00:00.234000+00:00,0.0
2026-06-15 01:00:00.344000+00:00,0.0
2026-06-15 02:00:00.269000+00:00,0.0
2026-06-15 03:00:00.208000+00:00,0.0
2026-06-15 04:00:00.191000+00:00,0.0
2026-06-15 05:00:00.229000+00:00,0.0
2026-06-15 06:00:00.201000+00:00,0.0
2026-06-15 07:00:00.375000+00:00,0.0
2026-06-15 08:00:00.425000+00:00,0.0
2026-06-15 09:00:00.404000+00:00,3.125e-06
2026-06-15 10:00:00.100000+00:00,0.0
2026-06-15 11:00:00.340000+00:00,0.0
2026-06-15 12:00:00.438000+00:00,0.0
2026-06-15 13:00:00.511000+00:00,0.0
2026-06-15 14:00:00.093000+00:00,0.0
2026-06-15 15:00:00.322000+00:00,-6.25e-07
2026-06-15 16:00:00.110000+00:00,0.0
2026-06-15 17:00:00.351000+00:00,3.375e-06
2026-06-15 18:00:00.150000+00:00,2.2875e-05
2026-06-15 19:00:00.552000+00:00,9.375e-06
2026-06-15 20:00:00.015000+00:00,4.8875e-05
2026-06-15 21:00:00.185000+00:00,4.2875e-05
2026-06-15 22:00:00.370000+00:00,0.0
2026-06-15 23:00:00.234000+00:00,0.0
2026-06-16 00:00:00.006000+00:00,0.0
2026-06-16 01:00:00.148000+00:00,0.0
2026-06-16 02:00:00.345000+00:00,0.0
2026-06-16 03:00:00.317000+00:00,0.0
2026-06-16 04:00:00.299000+00:00,0.0
2026-06-16 05:00:00.538000+00:00,0.0
2026-06-16 06:00:00.203000+00:00,0.0
2026-06-16 07:00:00.189000+00:00,0.0
2026-06-16 08:00:00.295000+00:00,4.375e-06
2026-06-16 09:00:00.358000+00:00,9e-06
2026-06-16 10:00:00.194000+00:00,2.5e-07
2026-06-16 11:00:00.533000+00:00,8.125e-06
2026-06-16 12:00:00.185000+00:00,7e-06
2026-06-16 13:00:00.189000+00:00,2.25e-06
2026-06-16 14:00:00.449000+00:00,1e-06
2026-06-16 15:00:00.373000+00:00,0.0
2026-06-16 16:00:00.108000+00:00,0.0
2026-06-16 17:00:00.410000+00:00,0.0
2026-06-16 18:00:00.240000+00:00,0.0
2026-06-16 19:00:00.441000+00:00,5.125e-06
2026-06-16 20:00:00.244000+00:00,3.4625e-05
2026-06-16 21:00:00.098000+00:00,0.0
2026-06-16 22:00:00.167000+00:00,0.0
2026-06-16 23:00:00.242000+00:00,0.0
2026-06-17 00:00:00.091000+00:00,0.0
2026-06-17 01:00:00.605000+00:00,0.0
2026-06-17 02:00:00.189000+00:00,0.0
2026-06-17 03:00:00.543000+00:00,0.0
2026-06-17 04:00:00.202000+00:00,0.0
2026-06-17 05:00:00.472000+00:00,0.0
2026-06-17 06:00:00.190000+00:00,0.0
2026-06-17 07:00:00.089000+00:00,0.0
2026-06-17 08:00:00.306000+00:00,0.0
2026-06-17 09:00:00.134000+00:00,2.25e-06
2026-06-17 10:00:00.005000+00:00,0.0
2026-06-17 11:00:00.359000+00:00,0.0
2026-06-17 12:00:00.653000+00:00,0.0
2026-06-17 13:00:00.496000+00:00,0.0
2026-06-17 14:00:00.640000+00:00,0.0
2026-06-17 15:00:00.259000+00:00,0.0
2026-06-17 16:00:00.490000+00:00,0.0
2026-06-17 17:00:00.322000+00:00,0.0
2026-06-17 18:00:00.227000+00:00,-6.7e-05
2026-06-17 19:00:00.396000+00:00,-0.0001005
2026-06-17 20:00:00.341000+00:00,-9.4375e-05
2026-06-17 21:00:00.277000+00:00,-0.000124375
2026-06-17 22:00:00.520000+00:00,2.0375e-05
2026-06-17 23:00:00.151000+00:00,0.0
2026-06-18 00:00:00.067000+00:00,-1.75e-06
2026-06-18 01:00:00.028000+00:00,-6.25e-07
2026-06-18 02:00:00.057000+00:00,0.0
2026-06-18 03:00:00.438000+00:00,0.0
2026-06-18 04:00:00.556000+00:00,0.0
2026-06-18 05:00:00.038000+00:00,0.0
2026-06-18 06:00:00.071000+00:00,0.0
2026-06-18 07:00:00.265000+00:00,0.0
2026-06-18 08:00:00.302000+00:00,0.0
2026-06-18 09:00:00.368000+00:00,0.0
2026-06-18 10:00:00.005000+00:00,0.0
2026-06-18 11:00:00.529000+00:00,-8.75e-07
2026-06-18 12:00:00.464000+00:00,0.0
2026-06-18 13:00:00.252000+00:00,0.0
2026-06-18 14:00:00.455000+00:00,0.0
2026-06-18 15:00:00.238000+00:00,0.0
2026-06-18 16:00:00.098000+00:00,0.0
2026-06-18 17:00:00.529000+00:00,1.1875e-05
2026-06-18 18:00:00.486000+00:00,4.2375e-05
2026-06-18 19:00:00.508000+00:00,-6.75e-06
2026-06-18 20:00:00.094000+00:00,0.0
2026-06-18 21:00:00.244000+00:00,0.0
2026-06-18 22:00:00.450000+00:00,0.0
2026-06-18 23:00:00.038000+00:00,0.0
