time,rate_fraction
2025-06-19 00:00:00.047000+00:00,1.25e-05
2025-06-19 01:00:00.052000+00:00,1.25e-05
2025-06-19 02:00:00.022000+00:00,1.25e-05
2025-06-19 03:00:00.039000+00:00,1.25e-05
2025-06-19 04:00:00.079000+00:00,1.25e-05
2025-06-19 05:00:00.009000+00:00,6.52808e-05
2025-06-19 06:00:00.005000+00:00,5.75587e-05
2025-06-19 07:00:00.071000+00:00,1.25e-05
2025-06-19 08:00:00.036000+00:00,1.25e-05
2025-06-19 09:00:00.002000+00:00,2.02416e-05
2025-06-19 10:00:00.081000+00:00,1.53296e-05
2025-06-19 11:00:00.024000+00:00,1.26999e-05
2025-06-19 12:00:00.042000+00:00,5.68551e-05
2025-06-19 13:00:00.015000+00:00,3.62459e-05
2025-06-19 14:00:00.064000+00:00,1.25e-05
2025-06-19 15:00:00.017000+00:00,1.67119e-05
2025-06-19 16:00:00.041000+00:00,6.64397e-05
2025-06-19 17:00:00.007000+00:00,3.43119e-05
2025-06-19 18:00:00.012000+00:00,8.60166e-05
2025-06-19 19:00:00.010000+00:00,1.25e-05
2025-06-19 20:00:00.009000+00:00,1.25e-05
2025-06-19 21:00:00.013000+00:00,1.25e-05
2025-06-19 22:00:00.020000+00:00,1.25e-05
2025-06-19 23:00:00.094000+00:00,1.25e-05
2025-06-20 00:00:00.010000+00:00,1.25e-05
2025-06-20 01:00:00.041000+00:00,1.25e-05
2025-06-20 02:00:00.037000+00:00,1.25e-05
2025-06-20 03:00:00.001000+00:00,1.25e-05
2025-06-20 04:00:00.051000+00:00,1.25e-05
2025-06-20 05:00:00.001000+00:00,1.25e-05
2025-06-20 06:00:00.010000+00:00,3.18165e-05
2025-06-20 07:00:00.184000+00:00,1.93066e-05
2025-06-20 08:00:00.051000+00:00,2.51456e-05
2025-06-20 09:00:00.015000+00:00,1.25e-05
2025-06-20 10:00:00.061000+00:00,1.25e-05
2025-06-20 11:00:00.044000+00:00,1.25e-05
2025-06-20 12:00:00.061000+00:00,1.25e-05
2025-06-20 13:00:00.035000+00:00,1.25e-05
2025-06-20 14:00:00.039000+00:00,1.25e-05
2025-06-20 15:00:00.025000+00:00,1.25e-05
2025-06-20 16:00:00.037000+00:00,1.25e-05
2025-06-20 17:00:00.001000+00:00,1.25e-05
2025-06-20 18:00:00.003000+00:00,3.94204e-05
2025-06-20 19:00:00.018000+00:00,1.25e-05
2025-06-20 20:00:00.100000+00:00,1.25e-05
2025-06-20 21:00:00.016000+00:00,1.25e-05
2025-06-20 22:00:00.031000+00:00,1.25e-05
2025-06-20 23:00:00.059000+00:00,1.25e-05
2025-06-21 00:00:00.049000+00:00,1.25e-05
2025-06-21 01:00:00.056000+00:00,4.12848e-05
2025-06-21 02:00:00.037000+00:00,1.25e-05
2025-06-21 03:00:00.106000+00:00,1.25e-05
2025-06-21 04:00:00.070000+00:00,1.25e-05
2025-06-21 05:00:00.024000+00:00,1.25e-05
2025-06-21 06:00:00.014000+00:00,1.25e-05
2025-06-21 07:00:00.018000+00:00,1.25e-05
2025-06-21 08:00:00.012000+00:00,1.25e-05
2025-06-21 09:00:00.057000+00:00,1.25e-05
2025-06-21 10:00:00.011000+00:00,1.05348e-05
2025-06-21 11:00:00.021000+00:00,1.25e-05
2025-06-21 12:00:00.046000+00:00,1.25e-05
2025-06-21 13:00:00.024000+00:00,1.25e-05
2025-06-21 14:00:00.060000+00:00,1.25e-05
2025-06-21 15:00:00.030000+00:00,1.25e-05
2025-06-21 16:00:00.081000+00:00,1.25e-05
2025-06-21 17:00:00.045000+00:00,1.25e-05
2025-06-21 18:00:00.041000+00:00,1.25e-05
2025-06-21 19:00:00.077000+00:00,1.25e-05
2025-06-21 20:00:00.044000+00:00,1.25e-05
2025-06-21 21:00:00.061000+00:00,1.25e-05
2025-06-21 22:00:00.046000+00:00,-2.21613e-05
2025-06-21 23:00:00.104000+00:00,1.25e-05
2025-06-22 00:00:00.016000+00:00,2.38936e-05
2025-06-22 01:00:00.040000+00:00,1.25e-05
2025-06-22 02:00:00.038000+00:00,1.25e-05
2025-06-22 03:00:00.065000+00:00,1.25e-05
2025-06-22 04:00:00.100000+00:00,1.25e-05
2025-06-22 05:00:00.018000+00:00,1.25e-05
2025-06-22 06:00:00.038000+00:00,1.25e-05
2025-06-22 07:00:00.067000+00:00,-2.6872e-06
2025-06-22 08:00:00.031000+00:00,1.25e-05
2025-06-22 09:00:00.046000+00:00,1.25e-05
2025-06-22 10:00:00.050000+00:00,1.25e-05
2025-06-22 11:00:00.036000+00:00,1.25e-05
2025-06-22 12:00:00.031000+00:00,1.25e-05
2025-06-22 13:00:00.012000+00:00,1.25e-05
2025-06-22 14:00:00.086000+00:00,1.25e-05
2025-06-22 15:00:00.065000+00:00,1.25e-05
2025-06-22 16:00:00.069000+00:00,1.25e-05
2025-06-22 17:00:00.040000+00:00,1.25e-05
2025-06-22 18:00:00.048000+00:00,1.25e-05
2025-06-22 19:00:00.085000+00:00,1.25e-05
2025-06-22 20:00:00.054000+00:00,1.25e-05
2025-06-22 21:00:00.048000+00:00,1.25e-05
2025-06-22 22:00:00.041000+00:00,-1.4829e-06
2025-06-22 23:00:00.044000+00:00,1.25e-05
2025-06-23 00:00:00.043000+00:00,1.25e-05
2025-06-23 01:00:00.037000+00:00,1.25e-05
2025-06-23 02:00:00.017000+00:00,7.2367e-06
2025-06-23 03:00:00.044000+00:00,-4.8209e-06
2025-06-23 04:00:00.049000+00:00,1.25e-05
2025-06-23 05:00:00.019000+00:00,1.25e-05
2025-06-23 06:00:00.076000+00:00,1.25e-05
2025-06-23 07:00:00.011000+00:00,1.25e-05
2025-06-23 08:00:00.017000+00:00,1.25e-05
2025-06-23 09:00:00.019000+00:00,-1.79489e-05
2025-06-23 10:00:00.046000+00:00,-1.1327e-05
2025-06-23 11:00:00.034000+00:00,-1.6136e-06
2025-06-23 12:00:00.080000+00:00,2.9118e-06
2025-06-23 13:00:00.012000+00:00,1.25e-05
2025-06-23 14:00:00.004000+00:00,-8.354e-07
2025-06-23 15:00:00.046000+00:00,-3.5345e-06
2025-06-23 16:00:00.038000+00:00,-3.1282e-06
2025-06-23 17:00:00.060000+00:00,-1.06962e-05
2025-06-23 18:00:00.057000+00:00,-2.61502e-05
2025-06-23 19:00:00.136000+00:00,-1.49162e-05
2025-06-23 20:00:00.113000+00:00,-1.5717e-05
2025-06-23 21:00:00.002000+00:00,-1.51028e-05
2025-06-23 22:00:00.022000+00:00,-4.7943e-06
2025-06-23 23:00:00.081000+00:00,1.25e-05
2025-06-24 00:00:00.086000+00:00,3.7981e-06
2025-06-24 01:00:00.030000+00:00,-3.60142e-05
2025-06-24 02:00:00.012000+00:00,-1.6997e-06
2025-06-24 03:00:00.058000+00:00,-1.24542e-05
2025-06-24 04:00:00.011000+00:00,1.25e-05
2025-06-24 05:00:00.057000+00:00,1.25e-05
2025-06-24 06:00:00.021000+00:00,1.25e-05
2025-06-24 07:00:00.020000+00:00,1.25e-05
2025-06-24 08:00:00.005000+00:00,-5.228e-07
2025-06-24 09:00:00.035000+00:00,9.378e-07
2025-06-24 10:00:00.047000+00:00,-1.0992e-06
2025-06-24 11:00:00.024000+00:00,-1.53289e-05
2025-06-24 12:00:00.039000+00:00,1.25e-05
2025-06-24 13:00:00.075000+00:00,1.25e-05
2025-06-24 14:00:00+00:00,1.25e-05
2025-06-24 15:00:00.070000+00:00,1.25e-05
2025-06-24 16:00:00.015000+00:00,-8.3984e-06
2025-06-24 17:00:00.052000+00:00,1.25e-05
2025-06-24 18:00:00.069000+00:00,1.25e-05
2025-06-24 19:00:00.043000+00:00,1.25e-05
2025-06-24 20:00:00.020000+00:00,1.25e-05
2025-06-24 21:00:00.117000+00:00,1.25e-05
2025-06-24 22:00:00.021000+00:00,1.25e-05
2025-06-24 23:00:00.016000+00:00,1.25e-05
2025-06-25 00:00:00.046000+00:00,1.25e-05
2025-06-25 01:00:00.024000+00:00,1.25e-05
2025-06-25 02:00:00.044000+00:00,1.25e-05
2025-06-25 03:00:00.022000+00:00,1.25e-05
2025-06-25 04:00:00.021000+00:00,8.0862e-06
2025-06-25 05:00:00.108000+00:00,1.25e-05
2025-06-25 06:00:00.081000+00:00,-1.6533e-06
2025-06-25 07:00:00.014000+00:00,-1.13293e-05
2025-06-25 08:00:00.049000+00:00,5.0019e-06
2025-06-25 09:00:00.056000+00:00,4.7261e-06
2025-06-25 10:00:00.018000+00:00,1.25e-05
2025-06-25 11:00:00.047000+00:00,1.25e-05
2025-06-25 12:00:00.014000+00:00,1.25e-05
2025-06-25 13:00:00.113000+00:00,1.20351e-05
2025-06-25 14:00:00.133000+00:00,-2.7028e-05
2025-06-25 15:00:00.058000+00:00,-2.84726e-05
2025-06-25 16:00:00.058000+00:00,1.25e-05
2025-06-25 17:00:00.041000+00:00,1.25e-05
2025-06-25 18:00:00.042000+00:00,1.25e-05
2025-06-25 19:00:00.007000+00:00,1.25e-05
2025-06-25 20:00:00.067000+00:00,1.25e-05
2025-06-25 21:00:00.026000+00:00,1.25e-05
2025-06-25 22:00:00.007000+00:00,1.25e-05
2025-06-25 23:00:00.042000+00:00,1.25e-05
2025-06-26 00:00:00.101000+00:00,1.25e-05
2025-06-26 01:00:00.002000+00:00,1.25e-05
2025-06-26 02:00:00.017000+00:00,1.25e-05
2025-06-26 03:00:00.038000+00:00,8.7392e-06
2025-06-26 04:00:00.069000+00:00,1.25e-05
2025-06-26 05:00:00.068000+00:00,1.25e-05
2025-06-26 06:00:00.042000+00:00,1.25e-05
2025-06-26 07:00:00.020000+00:00,1.25e-05
2025-06-26 08:00:00.086000+00:00,1.25e-05
2025-06-26 09:00:00.030000+00:00,1.25e-05
2025-06-26 10:00:00.107000+00:00,1.25e-05
2025-06-26 11:00:00.055000+00:00,1.25e-05
2025-06-26 12:00:00.037000+00:00,1.25e-05
2025-06-26 13:00:00.035000+00:00,1.25e-05
2025-06-26 14:00:00.041000+00:00,1.25e-05
2025-06-26 15:00:00.057000+00:00,1.25e-05
2025-06-26 16:00:00.035000+00:00,1.25e-05
2025-06-26 17:00:00.006000+00:00,1.25e-05
2025-06-26 18:00:00.019000+00:00,1.25e-05
2025-06-26 19:00:00.032000+00:00,1.25e-05
2025-06-26 20:00:00.060000+00:00,1.25e-05
2025-06-26 21:00:00.003000+00:00,1.25e-05
2025-06-26 22:00:00.030000+00:00,1.25e-05
2025-06-26 23:00:00.100000+00:00,1.25e-05
2025-06-27 00:00:00.045000+00:00,1.73742e-05
2025-06-27 01:00:00.051000+00:00,3.27341e-05
2025-06-27 02:00:00.002000+00:00,1.71943e-05
2025-06-27 03:00:00.058000+00:00,1.25e-05
2025-06-27 04:00:00.075000+00:00,1.25e-05
2025-06-27 05:00:00.053000+00:00,1.25e-05
2025-06-27 06:00:00.022000+00:00,1.25e-05
2025-06-27 07:00:00.039000+00:00,1.25e-05
2025-06-27 08:00:00.094000+00:00,1.25e-05
2025-06-27 09:00:00.074000+00:00,1.25e-05
2025-06-27 10:00:00.062000+00:00,1.25e-05
2025-06-27 11:00:00.077000+00:00,1.25e-05
2025-06-27 12:00:00.089000+00:00,1.25e-05
2025-06-27 13:00:00.012000+00:00,1.25e-05
2025-06-27 14:00:00.134000+00:00,1.25e-05
2025-06-27 15:00:00.057000+00:00,1.25e-05
2025-06-27 16:00:00.002000+00:00,1.25e-05
2025-06-27 17:00:00.040000+00:00,1.25e-05
2025-06-27 18:00:00.028000+00:00,1.25e-05
2025-06-27 19:00:00.055000+00:00,1.25e-05
2025-06-27 20:00:00.010000+00:00,1.25e-05
2025-06-27 21:00:00.128000+00:00,1.25e-05
2025-06-27 22:00:00.049000+00:00,1.25e-05
2025-06-27 23:00:00.026000+00:00,1.25e-05
2025-06-28 00:00:00.061000+00:00,1.25e-05
2025-06-28 01:00:00.002000+00:00,1.25e-05
2025-06-28 02:00:00.050000+00:00,1.25e-05
2025-06-28 03:00:00.018000+00:00,1.25e-05
2025-06-28 04:00:00.012000+00:00,1.25e-05
2025-06-28 05:00:00.027000+00:00,1.25e-05
2025-06-28 06:00:00.009000+00:00,1.25e-05
2025-06-28 07:00:00.061000+00:00,1.25e-05
2025-06-28 08:00:00.029000+00:00,1.25e-05
2025-06-28 09:00:00.080000+00:00,-1.587e-05
2025-06-28 10:00:00.063000+00:00,1.2197e-05
2025-06-28 11:00:00.015000+00:00,1.25e-05
2025-06-28 12:00:00.033000+00:00,1.25e-05
2025-06-28 13:00:00.035000+00:00,1.25e-05
2025-06-28 14:00:00.069000+00:00,1.25e-05
2025-06-28 15:00:00.038000+00:00,1.25e-05
2025-06-28 16:00:00.129000+00:00,1.25e-05
2025-06-28 17:00:00.012000+00:00,1.25e-05
2025-06-28 18:00:00.074000+00:00,1.25e-05
2025-06-28 19:00:00.062000+00:00,1.25e-05
2025-06-28 20:00:00.031000+00:00,1.25e-05
2025-06-28 21:00:00.032000+00:00,1.25e-05
2025-06-28 22:00:00.098000+00:00,1.25e-05
2025-06-28 23:00:00.026000+00:00,1.25e-05
2025-06-29 00:00:00.019000+00:00,1.25e-05
2025-06-29 01:00:00.121000+00:00,1.25e-05
2025-06-29 02:00:00.018000+00:00,1.25e-05
2025-06-29 03:00:00.058000+00:00,1.25e-05
2025-06-29 04:00:00.046000+00:00,1.25e-05
2025-06-29 05:00:00.092000+00:00,1.25e-05
2025-06-29 06:00:00.009000+00:00,1.25e-05
2025-06-29 07:00:00.042000+00:00,1.25e-05
2025-06-29 08:00:00.036000+00:00,1.25e-05
2025-06-29 09:00:00.036000+00:00,1.25e-05
2025-06-29 10:00:00.076000+00:00,1.25e-05
2025-06-29 11:00:00.049000+00:00,1.25e-05
2025-06-29 12:00:00.033000+00:00,1.25e-05
2025-06-29 13:00:00.061000+00:00,1.25e-05
2025-06-29 14:00:00.001000+00:00,1.25e-05
2025-06-29 15:00:00.052000+00:00,1.25e-05
2025-06-29 16:00:00.060000+00:00,1.25e-05
2025-06-29 17:00:00.066000+00:00,1.25e-05
2025-06-29 18:00:00.047000+00:00,1.25e-05
2025-06-29 19:00:00.122000+00:00,1.25e-05
2025-06-29 20:00:00.049000+00:00,1.33305e-05
2025-06-29 21:00:00.068000+00:00,1.25e-05
2025-06-29 22:00:00.016000+00:00,1.25e-05
2025-06-29 23:00:00.017000+00:00,1.25e-05
2025-06-30 00:00:00.062000+00:00,1.58105e-05
2025-06-30 01:00:00.028000+00:00,1.25e-05
2025-06-30 02:00:00.062000+00:00,1.40258e-05
2025-06-30 03:00:00.034000+00:00,6.13215e-05
2025-06-30 04:00:00.049000+00:00,6.46226e-05
2025-06-30 05:00:00.040000+00:00,1.25e-05
2025-06-30 06:00:00.058000+00:00,1.25e-05
2025-06-30 07:00:00.011000+00:00,1.25e-05
2025-06-30 08:00:00.035000+00:00,1.25e-05
2025-06-30 09:00:00.077000+00:00,1.25e-05
2025-06-30 10:00:00.008000+00:00,1.25e-05
2025-06-30 11:00:00.026000+00:00,1.25e-05
2025-06-30 12:00:00.051000+00:00,1.25e-05
2025-06-30 13:00:00.038000+00:00,1.25e-05
2025-06-30 14:00:00.068000+00:00,1.25e-05
2025-06-30 15:00:00.010000+00:00,1.25e-05
2025-06-30 16:00:00.014000+00:00,1.25e-05
2025-06-30 17:00:00.035000+00:00,1.25e-05
2025-06-30 18:00:00.047000+00:00,1.25e-05
2025-06-30 19:00:00.009000+00:00,1.25e-05
2025-06-30 20:00:00.048000+00:00,1.25e-05
2025-06-30 21:00:00.106000+00:00,1.25e-05
2025-06-30 22:00:00.037000+00:00,1.25e-05
2025-06-30 23:00:00.013000+00:00,1.25e-05
2025-07-01 00:00:00+00:00,1.25e-05
2025-07-01 01:00:00.011000+00:00,1.25e-05
2025-07-01 02:00:00.035000+00:00,1.25e-05
2025-07-01 03:00:00.038000+00:00,1.25e-05
2025-07-01 04:00:00.012000+00:00,1.25e-05
2025-07-01 05:00:00.014000+00:00,1.25e-05
2025-07-01 06:00:00.028000+00:00,1.25e-05
2025-07-01 07:00:00.012000+00:00,1.25e-05
2025-07-01 08:00:00.025000+00:00,1.25e-05
2025-07-01 09:00:00.032000+00:00,1.25e-05
2025-07-01 10:00:00.005000+00:00,1.25e-05
2025-07-01 11:00:00.022000+00:00,1.25e-05
2025-07-01 12:00:00.037000+00:00,1.25e-05
2025-07-01 13:00:00.023000+00:00,1.25e-05
2025-07-01 14:00:00.059000+00:00,3.39358e-05
2025-07-01 15:00:00.051000+00:00,2.79622e-05
2025-07-01 16:00:00.065000+00:00,1.41342e-05
2025-07-01 17:00:00.091000+00:00,1.30098e-05
2025-07-01 18:00:00.012000+00:00,1.25e-05
2025-07-01 19:00:00.051000+00:00,1.25e-05
2025-07-01 20:00:00.039000+00:00,1.25e-05
2025-07-01 21:00:00.001000+00:00,1.25e-05
2025-07-01 22:00:00+00:00,1.25e-05
2025-07-01 23:00:00.025000+00:00,2.43955e-05
2025-07-02 00:00:00.041000+00:00,4.24367e-05
2025-07-02 01:00:00.011000+00:00,4.06792e-05
2025-07-02 02:00:00.107000+00:00,3.64212e-05
2025-07-02 03:00:00.024000+00:00,3.29504e-05
2025-07-02 04:00:00.099000+00:00,1.25e-05
2025-07-02 05:00:00.011000+00:00,1.25e-05
2025-07-02 06:00:00.037000+00:00,2.28957e-05
2025-07-02 07:00:00.071000+00:00,1.80185e-05
2025-07-02 08:00:00.049000+00:00,1.25e-05
2025-07-02 09:00:00.053000+00:00,1.25e-05
2025-07-02 10:00:00.047000+00:00,1.25e-05
2025-07-02 11:00:00.038000+00:00,1.25e-05
2025-07-02 12:00:00.059000+00:00,1.25e-05
2025-07-02 13:00:00+00:00,1.25e-05
2025-07-02 14:00:00.049000+00:00,1.25e-05
2025-07-02 15:00:00.010000+00:00,1.25e-05
2025-07-02 16:00:00.059000+00:00,1.25e-05
2025-07-02 17:00:00.066000+00:00,1.25e-05
2025-07-02 18:00:00.001000+00:00,1.25e-05
2025-07-02 19:00:00.122000+00:00,9.1871e-06
2025-07-02 20:00:00.002000+00:00,1.25e-05
2025-07-02 21:00:00.024000+00:00,1.25e-05
2025-07-02 22:00:00.038000+00:00,1.25e-05
2025-07-02 23:00:00.063000+00:00,1.25e-05
2025-07-03 00:00:00.130000+00:00,-3.1362e-06
2025-07-03 01:00:00.011000+00:00,1.25e-05
2025-07-03 02:00:00.048000+00:00,1.25e-05
2025-07-03 03:00:00.081000+00:00,1.25e-05
2025-07-03 04:00:00.066000+00:00,1.25e-05
2025-07-03 05:00:00.012000+00:00,1.25e-05
2025-07-03 06:00:00.001000+00:00,1.25e-05
2025-07-03 07:00:00.033000+00:00,1.25e-05
2025-07-03 08:00:00.051000+00:00,1.25e-05
2025-07-03 09:00:00.047000+00:00,1.25e-05
2025-07-03 10:00:00.042000+00:00,1.25e-05
2025-07-03 11:00:00.013000+00:00,1.25e-05
2025-07-03 12:00:00.051000+00:00,1.25e-05
2025-07-03 13:00:00.047000+00:00,1.25e-05
2025-07-03 14:00:00.079000+00:00,1.25e-05
2025-07-03 15:00:00.007000+00:00,1.25e-05
2025-07-03 16:00:00.045000+00:00,1.25e-05
2025-07-03 17:00:00.034000+00:00,1.25e-05
2025-07-03 18:00:00.053000+00:00,1.25e-05
2025-07-03 19:00:00.011000+00:00,1.25e-05
2025-07-03 20:00:00.054000+00:00,1.25e-05
2025-07-03 21:00:00.075000+00:00,1.25e-05
2025-07-03 22:00:00.040000+00:00,1.29748e-05
2025-07-03 23:00:00.069000+00:00,1.25e-05
2025-07-04 00:00:00.046000+00:00,1.25e-05
2025-07-04 01:00:00.035000+00:00,1.25e-05
2025-07-04 02:00:00.109000+00:00,1.25e-05
2025-07-04 03:00:00.027000+00:00,1.25e-05
2025-07-04 04:00:00.076000+00:00,1.25e-05
2025-07-04 05:00:00.024000+00:00,1.25e-05
2025-07-04 06:00:00.104000+00:00,1.25e-05
2025-07-04 07:00:00.018000+00:00,1.25e-05
2025-07-04 08:00:00.038000+00:00,1.25e-05
2025-07-04 09:00:00.001000+00:00,1.25e-05
2025-07-04 10:00:00.081000+00:00,1.25e-05
2025-07-04 11:00:00.045000+00:00,1.25e-05
2025-07-04 12:00:00.042000+00:00,1.25e-05
2025-07-04 13:00:00.040000+00:00,1.25e-05
2025-07-04 14:00:00.029000+00:00,1.25e-05
2025-07-04 15:00:00.091000+00:00,1.25e-05
2025-07-04 16:00:00.010000+00:00,1.25e-05
2025-07-04 17:00:00.118000+00:00,1.25e-05
2025-07-04 18:00:00.053000+00:00,1.25e-05
2025-07-04 19:00:00.123000+00:00,-8.0111e-06
2025-07-04 20:00:00.017000+00:00,-6.1067e-06
2025-07-04 21:00:00.042000+00:00,1.25e-05
2025-07-04 22:00:00.049000+00:00,-5.1352e-06
2025-07-04 23:00:00.083000+00:00,1.25e-05
2025-07-05 00:00:00.007000+00:00,1.25e-05
2025-07-05 01:00:00.030000+00:00,1.25e-05
2025-07-05 02:00:00.019000+00:00,-1.52243e-05
2025-07-05 03:00:00.008000+00:00,1.23495e-05
2025-07-05 04:00:00.076000+00:00,7.3945e-06
2025-07-05 05:00:00.064000+00:00,-1.18183e-05
2025-07-05 06:00:00.053000+00:00,1.25e-05
2025-07-05 07:00:00.032000+00:00,1.25e-05
2025-07-05 08:00:00.056000+00:00,1.1998e-06
2025-07-05 09:00:00.010000+00:00,1.25e-05
2025-07-05 10:00:00.090000+00:00,1.25e-05
2025-07-05 11:00:00.026000+00:00,1.25e-05
2025-07-05 12:00:00.075000+00:00,1.25e-05
2025-07-05 13:00:00.027000+00:00,1.25e-05
2025-07-05 14:00:00.048000+00:00,1.25e-05
2025-07-05 15:00:00.064000+00:00,1.25e-05
2025-07-05 16:00:00.036000+00:00,1.25e-05
2025-07-05 17:00:00.058000+00:00,1.25e-05
2025-07-05 18:00:00.005000+00:00,1.25e-05
2025-07-05 19:00:00.089000+00:00,3.0555e-05
2025-07-05 20:00:00.032000+00:00,2.69722e-05
2025-07-05 21:00:00.046000+00:00,1.25e-05
2025-07-05 22:00:00.143000+00:00,1.25e-05
2025-07-05 23:00:00.022000+00:00,1.25e-05
2025-07-06 00:00:00.004000+00:00,1.25e-05
2025-07-06 01:00:00.065000+00:00,1.25e-05
2025-07-06 02:00:00.058000+00:00,1.25e-05
2025-07-06 03:00:00.006000+00:00,1.25e-05
2025-07-06 04:00:00.047000+00:00,1.25e-05
2025-07-06 05:00:00.035000+00:00,1.25e-05
2025-07-06 06:00:00.037000+00:00,1.25e-05
2025-07-06 07:00:00.012000+00:00,1.25e-05
2025-07-06 08:00:00.015000+00:00,1.04713e-05
2025-07-06 09:00:00.014000+00:00,1.25e-05
2025-07-06 10:00:00.119000+00:00,1.25e-05
2025-07-06 11:00:00.051000+00:00,1.25e-05
2025-07-06 12:00:00.064000+00:00,1.25e-05
2025-07-06 13:00:00.046000+00:00,1.25e-05
2025-07-06 14:00:00.014000+00:00,1.25e-05
2025-07-06 15:00:00.076000+00:00,1.25e-05
2025-07-06 16:00:00.008000+00:00,1.25e-05
2025-07-06 17:00:00.017000+00:00,1.25e-05
2025-07-06 18:00:00.027000+00:00,1.25e-05
2025-07-06 19:00:00.074000+00:00,1.25e-05
2025-07-06 20:00:00.062000+00:00,1.25e-05
2025-07-06 21:00:00.041000+00:00,1.25e-05
2025-07-06 22:00:00.056000+00:00,1.25e-05
2025-07-06 23:00:00.036000+00:00,1.25e-05
2025-07-07 00:00:00.068000+00:00,1.25e-05
2025-07-07 01:00:00.108000+00:00,1.25e-05
2025-07-07 02:00:00.146000+00:00,1.25e-05
2025-07-07 03:00:00.054000+00:00,1.25e-05
2025-07-07 04:00:00.051000+00:00,1.25e-05
2025-07-07 05:00:00.080000+00:00,1.25e-05
2025-07-07 06:00:00.083000+00:00,1.25e-05
2025-07-07 07:00:00.052000+00:00,1.25e-05
2025-07-07 08:00:00.115000+00:00,1.25e-05
2025-07-07 09:00:00.145000+00:00,1.25e-05
2025-07-07 10:00:00.038000+00:00,1.25e-05
2025-07-07 11:00:00.045000+00:00,1.25e-05
2025-07-07 12:00:00.021000+00:00,1.25e-05
2025-07-07 13:00:00.127000+00:00,1.25e-05
2025-07-07 14:00:00.078000+00:00,1.25e-05
2025-07-07 15:00:00.064000+00:00,1.25e-05
2025-07-07 16:00:00.064000+00:00,1.25e-05
2025-07-07 17:00:00.073000+00:00,1.25e-05
2025-07-07 18:00:00.080000+00:00,1.25e-05
2025-07-07 19:00:00.013000+00:00,1.25e-05
2025-07-07 20:00:00.029000+00:00,2.1396e-06
2025-07-07 21:00:00.018000+00:00,1.25e-05
2025-07-07 22:00:00.035000+00:00,1.25e-05
2025-07-07 23:00:00.055000+00:00,1.25e-05
2025-07-08 00:00:00.008000+00:00,1.25e-05
2025-07-08 01:00:00.089000+00:00,1.25e-05
2025-07-08 02:00:00.062000+00:00,1.25e-05
2025-07-08 03:00:00.052000+00:00,1.25e-05
2025-07-08 04:00:00.066000+00:00,1.25e-05
2025-07-08 05:00:00.034000+00:00,1.25e-05
2025-07-08 06:00:00.029000+00:00,1.25e-05
2025-07-08 07:00:00.043000+00:00,1.25e-05
2025-07-08 08:00:00.021000+00:00,1.25e-05
2025-07-08 09:00:00.038000+00:00,1.25e-05
2025-07-08 10:00:00.075000+00:00,1.25e-05
2025-07-08 11:00:00.001000+00:00,1.25e-05
2025-07-08 12:00:00.073000+00:00,1.25e-05
2025-07-08 13:00:00.015000+00:00,1.25e-05
2025-07-08 14:00:00.049000+00:00,1.25e-05
2025-07-08 15:00:00.027000+00:00,1.25e-05
2025-07-08 16:00:00.016000+00:00,2.6332e-05
2025-07-08 17:00:00.060000+00:00,1.25e-05
2025-07-08 18:00:00.004000+00:00,1.25e-05
2025-07-08 19:00:00.114000+00:00,1.25e-05
2025-07-08 20:00:00.017000+00:00,1.25e-05
2025-07-08 21:00:00.059000+00:00,1.1183e-05
2025-07-08 22:00:00.016000+00:00,1.25e-05
2025-07-08 23:00:00.015000+00:00,1.25e-05
2025-07-09 00:00:00.036000+00:00,1.25e-05
2025-07-09 01:00:00.082000+00:00,-1.6968e-06
2025-07-09 02:00:00.060000+00:00,-1.1597e-06
2025-07-09 03:00:00.064000+00:00,1.25e-05
2025-07-09 04:00:00.064000+00:00,3.027e-07
2025-07-09 05:00:00.048000+00:00,1.25e-05
2025-07-09 06:00:00.088000+00:00,1.25e-05
2025-07-09 07:00:00+00:00,1.25e-05
2025-07-09 08:00:00.034000+00:00,1.25e-05
2025-07-09 09:00:00.004000+00:00,1.25e-05
2025-07-09 10:00:00.045000+00:00,1.25e-05
2025-07-09 11:00:00.038000+00:00,1.25e-05
2025-07-09 12:00:00.110000+00:00,1.25e-05
2025-07-09 13:00:00.034000+00:00,1.25e-05
2025-07-09 14:00:00.097000+00:00,1.25e-05
2025-07-09 15:00:00.009000+00:00,1.25e-05
2025-07-09 16:00:00.078000+00:00,1.80216e-05
2025-07-09 17:00:00.047000+00:00,1.25e-05
2025-07-09 18:00:00.002000+00:00,1.25e-05
2025-07-09 19:00:00.028000+00:00,1.25e-05
2025-07-09 20:00:00.091000+00:00,1.25e-05
2025-07-09 21:00:00.043000+00:00,1.25e-05
2025-07-09 22:00:00.028000+00:00,1.25e-05
2025-07-09 23:00:00.036000+00:00,1.25e-05
2025-07-10 00:00:00.063000+00:00,1.25e-05
2025-07-10 01:00:00.057000+00:00,1.25e-05
2025-07-10 02:00:00.003000+00:00,1.25e-05
2025-07-10 03:00:00.012000+00:00,1.25e-05
2025-07-10 04:00:00.033000+00:00,1.25e-05
2025-07-10 05:00:00.007000+00:00,1.25e-05
2025-07-10 06:00:00.042000+00:00,1.25e-05
2025-07-10 07:00:00.002000+00:00,1.25e-05
2025-07-10 08:00:00.044000+00:00,1.25e-05
2025-07-10 09:00:00.053000+00:00,1.25e-05
2025-07-10 10:00:00.056000+00:00,1.55346e-05
2025-07-10 11:00:00.034000+00:00,1.25e-05
2025-07-10 12:00:00.005000+00:00,1.25e-05
2025-07-10 13:00:00.116000+00:00,1.25e-05
2025-07-10 14:00:00.005000+00:00,1.25e-05
2025-07-10 15:00:00.197000+00:00,1.25e-05
2025-07-10 16:00:00.036000+00:00,1.25e-05
2025-07-10 17:00:00.011000+00:00,4.3143e-05
2025-07-10 18:00:00.029000+00:00,1.25e-05
2025-07-10 19:00:00.070000+00:00,1.25e-05
2025-07-10 20:00:00.027000+00:00,1.25e-05
2025-07-10 21:00:00.002000+00:00,2.01142e-05
2025-07-10 22:00:00.089000+00:00,1.8697e-05
2025-07-10 23:00:00.033000+00:00,3.59048e-05
2025-07-11 00:00:00.021000+00:00,2.17324e-05
2025-07-11 01:00:00.016000+00:00,5.8398e-05
2025-07-11 02:00:00.027000+00:00,0.0001636346
2025-07-11 03:00:00.066000+00:00,0.0001512572
2025-07-11 04:00:00.051000+00:00,2.42997e-05
2025-07-11 05:00:00.024000+00:00,2.00466e-05
2025-07-11 06:00:00.056000+00:00,4.3908e-05
2025-07-11 07:00:00.133000+00:00,0.0001305775
2025-07-11 08:00:00.054000+00:00,5.06915e-05
2025-07-11 09:00:00.052000+00:00,2.04397e-05
2025-07-11 10:00:00.022000+00:00,2.54954e-05
2025-07-11 11:00:00.093000+00:00,1.57653e-05
2025-07-11 12:00:00.062000+00:00,1.65849e-05
2025-07-11 13:00:00.059000+00:00,1.569e-05
2025-07-11 14:00:00.059000+00:00,6.09716e-05
2025-07-11 15:00:00.054000+00:00,7.57348e-05
2025-07-11 16:00:00.033000+00:00,3.07152e-05
2025-07-11 17:00:00.049000+00:00,1.29409e-05
2025-07-11 18:00:00.073000+00:00,1.56909e-05
2025-07-11 19:00:00.012000+00:00,5.16245e-05
2025-07-11 20:00:00.012000+00:00,9.31775e-05
2025-07-11 21:00:00.040000+00:00,0.0001495136
2025-07-11 22:00:00.014000+00:00,0.0001714143
2025-07-11 23:00:00.020000+00:00,0.0001955014
2025-07-12 00:00:00.034000+00:00,0.0001662381
2025-07-12 01:00:00.042000+00:00,1.25e-05
2025-07-12 02:00:00+00:00,1.25e-05
2025-07-12 03:00:00.016000+00:00,1.25e-05
2025-07-12 04:00:00.003000+00:00,1.25e-05
2025-07-12 05:00:00.063000+00:00,1.25e-05
2025-07-12 06:00:00.076000+00:00,2.39203e-05
2025-07-12 07:00:00.092000+00:00,2.62657e-05
2025-07-12 08:00:00.014000+00:00,9.30613e-05
2025-07-12 09:00:00.188000+00:00,8.35346e-05
2025-07-12 10:00:00.051000+00:00,7.29638e-05
2025-07-12 11:00:00.022000+00:00,8.92785e-05
2025-07-12 12:00:00.003000+00:00,7.56917e-05
2025-07-12 13:00:00.074000+00:00,7.62602e-05
2025-07-12 14:00:00.046000+00:00,0.000175395
2025-07-12 15:00:00.027000+00:00,7.23152e-05
2025-07-12 16:00:00.169000+00:00,1.26345e-05
2025-07-12 17:00:00.094000+00:00,1.5308e-05
2025-07-12 18:00:00.088000+00:00,1.25e-05
2025-07-12 19:00:00.052000+00:00,1.25e-05
2025-07-12 20:00:00.106000+00:00,1.25e-05
2025-07-12 21:00:00.081000+00:00,4.2005e-06
2025-07-12 22:00:00.013000+00:00,-8.6889e-06
2025-07-12 23:00:00.041000+00:00,1.25e-05
2025-07-13 00:00:00.043000+00:00,1.25e-05
2025-07-13 01:00:00.010000+00:00,1.25e-05
2025-07-13 02:00:00.001000+00:00,1.25e-05
2025-07-13 03:00:00.029000+00:00,1.25e-05
2025-07-13 04:00:00.075000+00:00,2.65299e-05
2025-07-13 05:00:00.091000+00:00,2.17683e-05
2025-07-13 06:00:00.028000+00:00,1.25e-05
2025-07-13 07:00:00.040000+00:00,1.25e-05
2025-07-13 08:00:00.019000+00:00,1.25e-05
2025-07-13 09:00:00.077000+00:00,1.25e-05
2025-07-13 10:00:00.020000+00:00,1.25e-05
2025-07-13 11:00:00.037000+00:00,1.25e-05
2025-07-13 12:00:00.008000+00:00,1.25e-05
2025-07-13 13:00:00.065000+00:00,1.25e-05
2025-07-13 14:00:00.082000+00:00,1.25e-05
2025-07-13 15:00:00.059000+00:00,1.25e-05
2025-07-13 16:00:00.092000+00:00,1.25e-05
2025-07-13 17:00:00.034000+00:00,1.25e-05
2025-07-13 18:00:00.040000+00:00,1.25e-05
2025-07-13 19:00:00.072000+00:00,1.25e-05
2025-07-13 20:00:00.054000+00:00,2.60761e-05
2025-07-13 21:00:00+00:00,5.55911e-05
2025-07-13 22:00:00.033000+00:00,5.07032e-05
2025-07-13 23:00:00.024000+00:00,4.2587e-05
2025-07-14 00:00:00.036000+00:00,6.83625e-05
2025-07-14 01:00:00.024000+00:00,9.53803e-05
2025-07-14 02:00:00.079000+00:00,6.14955e-05
2025-07-14 03:00:00.010000+00:00,9.49627e-05
2025-07-14 04:00:00.018000+00:00,6.39896e-05
2025-07-14 05:00:00.053000+00:00,0.0001037906
2025-07-14 06:00:00.033000+00:00,8.89722e-05
2025-07-14 07:00:00.003000+00:00,3.0287e-05
2025-07-14 08:00:00.042000+00:00,1.25e-05
2025-07-14 09:00:00.018000+00:00,1.25e-05
2025-07-14 10:00:00.025000+00:00,3.23416e-05
2025-07-14 11:00:00.020000+00:00,1.96009e-05
2025-07-14 12:00:00.055000+00:00,2.90971e-05
2025-07-14 13:00:00.002000+00:00,3.42293e-05
2025-07-14 14:00:00.080000+00:00,1.25e-05
2025-07-14 15:00:00.063000+00:00,1.25e-05
2025-07-14 16:00:00+00:00,1.25e-05
2025-07-14 17:00:00.013000+00:00,1.50649e-05
2025-07-14 18:00:00.010000+00:00,3.59332e-05
2025-07-14 19:00:00.010000+00:00,3.82568e-05
2025-07-14 20:00:00.022000+00:00,9.60172e-05
2025-07-14 21:00:00.016000+00:00,0.0001156313
2025-07-14 22:00:00.025000+00:00,7.28633e-05
2025-07-14 23:00:00.098000+00:00,8.82952e-05
2025-07-15 00:00:00.017000+00:00,9.57399e-05
2025-07-15 01:00:00.067000+00:00,6.69226e-05
2025-07-15 02:00:00.080000+00:00,3.69848e-05
2025-07-15 03:00:00.083000+00:00,5.95315e-05
2025-07-15 04:00:00.022000+00:00,7.3179e-05
2025-07-15 05:00:00.012000+00:00,0.0001520156
2025-07-15 06:00:00.038000+00:00,4.74087e-05
2025-07-15 07:00:00.046000+00:00,5.45859e-05
2025-07-15 08:00:00.039000+00:00,5.51215e-05
2025-07-15 09:00:00.051000+00:00,1.25e-05
2025-07-15 10:00:00.042000+00:00,6.28277e-05
2025-07-15 11:00:00.094000+00:00,9.1728e-05
2025-07-15 12:00:00.059000+00:00,3.40023e-05
2025-07-15 13:00:00.012000+00:00,7.62169e-05
2025-07-15 14:00:00.027000+00:00,5.77685e-05
2025-07-15 15:00:00.056000+00:00,1.25e-05
2025-07-15 16:00:00.005000+00:00,1.92213e-05
2025-07-15 17:00:00.039000+00:00,3.54916e-05
2025-07-15 18:00:00.059000+00:00,2.89256e-05
2025-07-15 19:00:00.065000+00:00,1.25e-05
2025-07-15 20:00:00.025000+00:00,1.25e-05
2025-07-15 21:00:00.030000+00:00,1.25e-05
2025-07-15 22:00:00.035000+00:00,1.8563e-05
2025-07-15 23:00:00.002000+00:00,2.1716e-05
2025-07-16 00:00:00.004000+00:00,2.32624e-05
2025-07-16 01:00:00.034000+00:00,7.37474e-05
2025-07-16 02:00:00.042000+00:00,4.09042e-05
2025-07-16 03:00:00.057000+00:00,2.86017e-05
2025-07-16 04:00:00.052000+00:00,6.19079e-05
2025-07-16 05:00:00.061000+00:00,1.25e-05
2025-07-16 06:00:00.066000+00:00,2.24015e-05
2025-07-16 07:00:00.019000+00:00,1.25e-05
2025-07-16 08:00:00.125000+00:00,3.42808e-05
2025-07-16 09:00:00.075000+00:00,1.25e-05
2025-07-16 10:00:00.023000+00:00,1.25e-05
2025-07-16 11:00:00.021000+00:00,1.25e-05
2025-07-16 12:00:00.029000+00:00,1.25e-05
2025-07-16 13:00:00.002000+00:00,1.25e-05
2025-07-16 14:00:00.023000+00:00,3.3123e-05
2025-07-16 15:00:00.017000+00:00,5.60355e-05
2025-07-16 16:00:00.018000+00:00,4.06331e-05
2025-07-16 17:00:00.032000+00:00,5.57005e-05
2025-07-16 18:00:00.069000+00:00,1.25e-05
2025-07-16 19:00:00.042000+00:00,4.23935e-05
2025-07-16 20:00:00.019000+00:00,5.64449e-05
2025-07-16 21:00:00.095000+00:00,1.25e-05
2025-07-16 22:00:00.002000+00:00,1.26793e-05
2025-07-16 23:00:00.059000+00:00,1.25e-05
2025-07-17 00:00:00.022000+00:00,1.25e-05
2025-07-17 01:00:00.072000+00:00,1.25e-05
2025-07-17 02:00:00.058000+00:00,1.25e-05
2025-07-17 03:00:00.030000+00:00,3.67546e-05
2025-07-17 04:00:00.119000+00:00,3.38391e-05
2025-07-17 05:00:00.004000+00:00,9.21204e-05
2025-07-17 06:00:00.008000+00:00,8.12801e-05
2025-07-17 07:00:00.001000+00:00,0.0001313059
2025-07-17 08:00:00.042000+00:00,0.0001081956
2025-07-17 09:00:00.070000+00:00,0.0001079216
2025-07-17 10:00:00.089000+00:00,7.17781e-05
2025-07-17 11:00:00.060000+00:00,4.42644e-05
2025-07-17 12:00:00.062000+00:00,3.57392e-05
2025-07-17 13:00:00.052000+00:00,6.41565e-05
2025-07-17 14:00:00.131000+00:00,7.35943e-05
2025-07-17 15:00:00.026000+00:00,1.25e-05
2025-07-17 16:00:00.033000+00:00,4.28001e-05
2025-07-17 17:00:00.134000+00:00,4.46259e-05
2025-07-17 18:00:00.032000+00:00,3.72645e-05
2025-07-17 19:00:00.006000+00:00,1.25e-05
2025-07-17 20:00:00.052000+00:00,1.25e-05
2025-07-17 21:00:00.061000+00:00,2.10506e-05
2025-07-17 22:00:00.060000+00:00,0.0002522809
2025-07-17 23:00:00.055000+00:00,0.0001126066
2025-07-18 00:00:00.073000+00:00,9.19665e-05
2025-07-18 01:00:00.055000+00:00,7.91051e-05
2025-07-18 02:00:00.058000+00:00,0.0001664441
2025-07-18 03:00:00.081000+00:00,7.98583e-05
2025-07-18 04:00:00.043000+00:00,6.97285e-05
2025-07-18 05:00:00.005000+00:00,5.57986e-05
2025-07-18 06:00:00.057000+00:00,0.0002166031
2025-07-18 07:00:00.019000+00:00,7.1066e-05
2025-07-18 08:00:00.069000+00:00,1.25e-05
2025-07-18 09:00:00.041000+00:00,8.05767e-05
2025-07-18 10:00:00.027000+00:00,0.0001148075
2025-07-18 11:00:00.021000+00:00,0.0001157875
2025-07-18 12:00:00.057000+00:00,0.0001178935
2025-07-18 13:00:00.018000+00:00,1.82944e-05
2025-07-18 14:00:00.134000+00:00,5.10404e-05
2025-07-18 15:00:00.047000+00:00,4.80782e-05
2025-07-18 16:00:00.021000+00:00,4.30432e-05
2025-07-18 17:00:00.042000+00:00,6.7367e-05
2025-07-18 18:00:00.052000+00:00,4.01141e-05
2025-07-18 19:00:00.066000+00:00,1.25e-05
2025-07-18 20:00:00.097000+00:00,1.25e-05
2025-07-18 21:00:00.055000+00:00,1.25e-05
2025-07-18 22:00:00.028000+00:00,2.12505e-05
2025-07-18 23:00:00.012000+00:00,2.05254e-05
2025-07-19 00:00:00.046000+00:00,1.25e-05
2025-07-19 01:00:00.064000+00:00,1.25e-05
2025-07-19 02:00:00.017000+00:00,1.44715e-05
2025-07-19 03:00:00.009000+00:00,3.52643e-05
2025-07-19 04:00:00.048000+00:00,1.25e-05
2025-07-19 05:00:00.061000+00:00,1.25e-05
2025-07-19 06:00:00.014000+00:00,1.67866e-05
2025-07-19 07:00:00.098000+00:00,3.39115e-05
2025-07-19 08:00:00.008000+00:00,5.15375e-05
2025-07-19 09:00:00.024000+00:00,3.12875e-05
2025-07-19 10:14:47.645000+00:00,4.33297e-05
2025-07-19 11:00:00.083000+00:00,0.0001907624
2025-07-19 12:00:00.122000+00:00,0.0001122996
2025-07-19 13:00:00.051000+00:00,6.34419e-05
2025-07-19 14:00:00.098000+00:00,5.40714e-05
2025-07-19 15:00:00.036000+00:00,3.43172e-05
2025-07-19 16:00:00.007000+00:00,3.43231e-05
2025-07-19 17:00:00.012000+00:00,4.10472e-05
2025-07-19 18:00:00.019000+00:00,3.53457e-05
2025-07-19 19:00:00.040000+00:00,1.92585e-05
2025-07-19 20:00:00.055000+00:00,1.25e-05
2025-07-19 21:00:00.033000+00:00,1.25e-05
2025-07-19 22:00:00.071000+00:00,1.25e-05
2025-07-19 23:00:00.079000+00:00,1.25e-05
2025-07-20 00:00:00.003000+00:00,1.25e-05
2025-07-20 01:00:00.076000+00:00,1.25e-05
2025-07-20 02:00:00.038000+00:00,1.25e-05
2025-07-20 03:00:00.088000+00:00,2.86909e-05
2025-07-20 04:00:00.069000+00:00,4.18958e-05
2025-07-20 05:00:00.039000+00:00,3.61115e-05
2025-07-20 06:00:00.036000+00:00,5.79676e-05
2025-07-20 07:00:00.054000+00:00,3.8241e-05
2025-07-20 08:00:00.014000+00:00,7.53953e-05
2025-07-20 09:00:00.040000+00:00,0.0001120371
2025-07-20 10:00:00.081000+00:00,8.40828e-05
2025-07-20 11:00:00.042000+00:00,7.32521e-05
2025-07-20 12:00:00.053000+00:00,6.21861e-05
2025-07-20 13:00:00.021000+00:00,3.27403e-05
2025-07-20 14:00:00.037000+00:00,5.86466e-05
2025-07-20 15:00:00.038000+00:00,7.15009e-05
2025-07-20 16:00:00.025000+00:00,8.32494e-05
2025-07-20 17:00:00.014000+00:00,5.82594e-05
2025-07-20 18:00:00.018000+00:00,2.11429e-05
2025-07-20 19:00:00.082000+00:00,1.25e-05
2025-07-20 20:00:00.094000+00:00,1.25e-05
2025-07-20 21:00:00.033000+00:00,1.91901e-05
2025-07-20 22:00:00.035000+00:00,1.25e-05
2025-07-20 23:00:00.022000+00:00,1.25e-05
2025-07-21 00:00:00.039000+00:00,1.25e-05
2025-07-21 01:00:00.007000+00:00,1.25e-05
2025-07-21 02:00:00.017000+00:00,1.25e-05
2025-07-21 03:00:00.018000+00:00,1.25e-05
2025-07-21 04:00:00.027000+00:00,3.94991e-05
2025-07-21 05:00:00.041000+00:00,5.82102e-05
2025-07-21 06:00:00.055000+00:00,9.61572e-05
2025-07-21 07:00:00.060000+00:00,0.0001186336
2025-07-21 08:00:00.018000+00:00,0.0001389509
2025-07-21 09:00:00.003000+00:00,0.0001280603
2025-07-21 10:00:00.002000+00:00,1.25e-05
2025-07-21 11:00:00.035000+00:00,1.25e-05
2025-07-21 12:00:00.010000+00:00,1.31229e-05
2025-07-21 13:00:00.019000+00:00,1.25e-05
2025-07-21 14:00:00.096000+00:00,1.51055e-05
2025-07-21 15:00:00.019000+00:00,3.89037e-05
2025-07-21 16:00:00.004000+00:00,5.82275e-05
2025-07-21 17:00:00.069000+00:00,0.0001125906
2025-07-21 18:00:00.028000+00:00,5.78903e-05
2025-07-21 19:00:00.051000+00:00,1.86257e-05
2025-07-21 20:00:00.091000+00:00,2.69764e-05
2025-07-21 21:00:00.069000+00:00,3.15373e-05
2025-07-21 22:00:00.071000+00:00,1.9463e-05
2025-07-21 23:00:00.027000+00:00,1.63837e-05
2025-07-22 00:00:00.092000+00:00,1.25e-05
2025-07-22 01:00:00.084000+00:00,1.79095e-05
2025-07-22 02:00:00.064000+00:00,3.22718e-05
2025-07-22 03:00:00.024000+00:00,0.000104717
2025-07-22 04:00:00.036000+00:00,3.14072e-05
2025-07-22 05:00:00.100000+00:00,1.25e-05
2025-07-22 06:00:00.087000+00:00,1.25e-05
2025-07-22 07:00:00.027000+00:00,1.25e-05
2025-07-22 08:00:00.016000+00:00,1.25e-05
2025-07-22 09:00:00.016000+00:00,1.25e-05
2025-07-22 10:00:00.011000+00:00,2.71577e-05
2025-07-22 11:00:00.048000+00:00,1.95803e-05
2025-07-22 12:00:00+00:00,1.25e-05
2025-07-22 13:00:00.021000+00:00,1.25e-05
2025-07-22 14:00:00.027000+00:00,1.69515e-05
2025-07-22 15:00:00.090000+00:00,1.25e-05
2025-07-22 16:00:00.039000+00:00,1.25e-05
2025-07-22 17:00:00.042000+00:00,1.25e-05
2025-07-22 18:00:00.008000+00:00,1.25e-05
2025-07-22 19:00:00.040000+00:00,1.25e-05
2025-07-22 20:00:00.041000+00:00,1.25e-05
2025-07-22 21:00:00.022000+00:00,1.25e-05
2025-07-22 22:00:00.044000+00:00,3.49662e-05
2025-07-22 23:00:00.034000+00:00,6.07906e-05
2025-07-23 00:00:00.095000+00:00,9.59787e-05
2025-07-23 01:00:00.002000+00:00,5.05598e-05
2025-07-23 02:00:00.053000+00:00,1.25e-05
2025-07-23 03:00:00.036000+00:00,3.27788e-05
2025-07-23 04:00:00.010000+00:00,1.25e-05
2025-07-23 05:00:00.027000+00:00,1.25e-05
2025-07-23 06:00:00.045000+00:00,1.25e-05
2025-07-23 07:00:00.038000+00:00,1.9842e-05
2025-07-23 08:00:00.032000+00:00,1.25e-05
2025-07-23 09:00:00+00:00,1.25e-05
2025-07-23 10:00:00.005000+00:00,1.25e-05
2025-07-23 11:00:00.031000+00:00,1.25e-05
2025-07-23 12:00:00.040000+00:00,1.25e-05
2025-07-23 13:00:00.042000+00:00,1.25e-05
2025-07-23 14:00:00.028000+00:00,1.25e-05
2025-07-23 15:00:00.074000+00:00,1.25e-05
2025-07-23 16:00:00.025000+00:00,1.25e-05
2025-07-23 17:00:00.008000+00:00,1.25e-05
2025-07-23 18:00:00.012000+00:00,1.25e-05
2025-07-23 19:00:00.064000+00:00,1.25e-05
2025-07-23 20:00:00.030000+00:00,1.25e-05
2025-07-23 21:00:00.130000+00:00,1.25e-05
2025-07-23 22:00:00.031000+00:00,1.25e-05
2025-07-23 23:00:00.160000+00:00,1.25e-05
2025-07-24 00:00:00.095000+00:00,1.25e-05
2025-07-24 01:00:00.037000+00:00,1.25e-05
2025-07-24 02:00:00.075000+00:00,1.25e-05
2025-07-24 03:00:00.046000+00:00,3.49647e-05
2025-07-24 04:00:00.014000+00:00,5.65551e-05
2025-07-24 05:00:00.092000+00:00,1.25e-05
2025-07-24 06:00:00.019000+00:00,1.25e-05
2025-07-24 07:00:00.019000+00:00,1.25e-05
2025-07-24 08:00:00.038000+00:00,1.25e-05
2025-07-24 09:00:00.003000+00:00,1.25e-05
2025-07-24 10:00:00.089000+00:00,1.25e-05
2025-07-24 11:00:00.129000+00:00,1.25e-05
2025-07-24 12:00:00.037000+00:00,1.25e-05
2025-07-24 13:00:00.002000+00:00,1.25e-05
2025-07-24 14:00:00.042000+00:00,1.25e-05
2025-07-24 15:00:00.042000+00:00,1.25e-05
2025-07-24 16:00:00.052000+00:00,1.25e-05
2025-07-24 17:00:00.014000+00:00,1.25e-05
2025-07-24 18:00:00.002000+00:00,1.25e-05
2025-07-24 19:00:00.088000+00:00,1.25e-05
2025-07-24 20:00:00.002000+00:00,1.25e-05
2025-07-24 21:00:00.031000+00:00,1.25e-05
2025-07-24 22:00:00.027000+00:00,1.25e-05
2025-07-24 23:00:00.058000+00:00,1.25e-05
2025-07-25 00:00:00.065000+00:00,1.25e-05
2025-07-25 01:00:00.053000+00:00,1.25e-05
2025-07-25 02:00:00.083000+00:00,1.25e-05
2025-07-25 03:00:00.036000+00:00,4.02837e-05
2025-07-25 04:00:00.024000+00:00,3.46906e-05
2025-07-25 05:00:00.001000+00:00,5.40087e-05
2025-07-25 06:00:00.046000+00:00,6.25471e-05
2025-07-25 07:00:00.040000+00:00,9.46931e-05
2025-07-25 08:00:00.008000+00:00,8.1774e-05
2025-07-25 09:00:00.020000+00:00,4.4183e-05
2025-07-25 10:00:00.059000+00:00,4.41479e-05
2025-07-25 11:00:00.079000+00:00,3.81645e-05
2025-07-25 12:00:00.102000+00:00,2.75115e-05
2025-07-25 13:00:00.046000+00:00,1.25e-05
2025-07-25 14:00:00.044000+00:00,2.7551e-05
2025-07-25 15:00:00.034000+00:00,2.75732e-05
2025-07-25 16:00:00.001000+00:00,0.0001018609
2025-07-25 17:00:00.079000+00:00,7.99913e-05
2025-07-25 18:00:00.035000+00:00,5.51687e-05
2025-07-25 19:00:00.033000+00:00,4.25823e-05
2025-07-25 20:00:00.048000+00:00,3.81626e-05
2025-07-25 21:00:00.057000+00:00,3.83445e-05
2025-07-25 22:00:00.018000+00:00,2.84903e-05
2025-07-25 23:00:00.084000+00:00,3.54214e-05
2025-07-26 00:00:00.011000+00:00,4.64326e-05
2025-07-26 01:00:00.016000+00:00,3.9788e-05
2025-07-26 02:00:00.029000+00:00,8.95516e-05
2025-07-26 03:00:00.027000+00:00,9.05772e-05
2025-07-26 04:00:00.029000+00:00,0.0001169274
2025-07-26 05:00:00.023000+00:00,4.38563e-05
2025-07-26 06:00:00.010000+00:00,0.0001156342
2025-07-26 07:00:00.009000+00:00,5.51146e-05
2025-07-26 08:00:00.025000+00:00,6.04952e-05
2025-07-26 09:00:00.022000+00:00,3.96283e-05
2025-07-26 10:00:00.059000+00:00,3.4736e-05
2025-07-26 11:00:00.089000+00:00,2.70861e-05
2025-07-26 12:00:00.004000+00:00,4.07604e-05
2025-07-26 13:00:00.022000+00:00,5.31636e-05
2025-07-26 14:00:00.073000+00:00,4.32404e-05
2025-07-26 15:00:00.080000+00:00,1.25e-05
2025-07-26 16:00:00.079000+00:00,1.25e-05
2025-07-26 17:00:00.029000+00:00,3.3747e-05
2025-07-26 18:00:00.056000+00:00,3.5946e-05
2025-07-26 19:00:00.108000+00:00,4.26862e-05
2025-07-26 20:00:00.008000+00:00,2.56135e-05
2025-07-26 21:00:00.005000+00:00,4.32715e-05
2025-07-26 22:00:00.060000+00:00,5.42489e-05
2025-07-26 23:00:00.015000+00:00,2.79589e-05
2025-07-27 00:00:00.031000+00:00,8.02973e-05
2025-07-27 01:00:00.021000+00:00,0.0001076097
2025-07-27 02:00:00.070000+00:00,5.32882e-05
2025-07-27 03:00:00.098000+00:00,2.53485e-05
2025-07-27 04:00:00.054000+00:00,1.25e-05
2025-07-27 05:00:00.110000+00:00,1.25e-05
2025-07-27 06:00:00.034000+00:00,3.95267e-05
2025-07-27 07:00:00.102000+00:00,2.22779e-05
2025-07-27 08:00:00.018000+00:00,3.95585e-05
2025-07-27 09:00:00.043000+00:00,5.533e-05
2025-07-27 10:00:00+00:00,2.71369e-05
2025-07-27 11:00:00.053000+00:00,3.74428e-05
2025-07-27 12:01:50.963000+00:00,4.73731e-05
2025-07-27 13:00:00.023000+00:00,4.43943e-05
2025-07-27 14:00:00.089000+00:00,1.25e-05
2025-07-27 15:00:00.048000+00:00,1.25e-05
2025-07-27 16:00:00.011000+00:00,3.24453e-05
2025-07-27 17:00:00.039000+00:00,9.23931e-05
2025-07-27 18:00:00.049000+00:00,0.0001394216
2025-07-27 19:00:00.022000+00:00,0.0001040393
2025-07-27 20:00:00.024000+00:00,7.99219e-05
2025-07-27 21:00:00.032000+00:00,5.10093e-05
2025-07-27 22:00:00.039000+00:00,7.21549e-05
2025-07-27 23:00:00.007000+00:00,8.33248e-05
2025-07-28 00:00:00.002000+00:00,4.91027e-05
2025-07-28 01:00:00.040000+00:00,6.85952e-05
2025-07-28 02:00:00.020000+00:00,5.94651e-05
2025-07-28 03:00:00.081000+00:00,8.29631e-05
2025-07-28 04:00:00.083000+00:00,6.28714e-05
2025-07-28 05:00:00.036000+00:00,4.96043e-05
2025-07-28 06:00:00.019000+00:00,9.71152e-05
2025-07-28 07:00:00.076000+00:00,0.0001433337
2025-07-28 08:00:00.015000+00:00,4.89626e-05
2025-07-28 09:00:00.019000+00:00,3.61247e-05
2025-07-28 10:00:00.094000+00:00,4.24057e-05
2025-07-28 11:00:00.039000+00:00,5.06878e-05
2025-07-28 12:00:00.092000+00:00,1.26657e-05
2025-07-28 13:00:00.044000+00:00,2.25615e-05
2025-07-28 14:00:00.059000+00:00,0.0001210256
2025-07-28 15:00:00.016000+00:00,1.25e-05
2025-07-28 16:00:00.035000+00:00,2.89235e-05
2025-07-28 17:00:00.093000+00:00,9.99944e-05
2025-07-28 18:00:00.053000+00:00,7.54854e-05
2025-07-28 19:00:00.045000+00:00,1.25e-05
2025-07-28 20:00:00+00:00,1.25e-05
2025-07-28 21:00:00.045000+00:00,1.25e-05
2025-07-28 22:00:00.075000+00:00,1.25e-05
2025-07-28 23:00:00.040000+00:00,-2.05385e-05
2025-07-29 00:00:00.010000+00:00,1.25e-05
2025-07-29 01:00:00.006000+00:00,1.25e-05
2025-07-29 02:00:00.062000+00:00,1.25e-05
2025-07-29 03:00:00.042000+00:00,1.25e-05
2025-07-29 04:00:00.100000+00:00,1.25e-05
2025-07-29 05:00:00.019000+00:00,1.25e-05
2025-07-29 06:00:00.030000+00:00,1.25e-05
2025-07-29 07:00:00.023000+00:00,1.25e-05
2025-07-29 08:00:00.091000+00:00,1.25e-05
2025-07-29 09:00:00.031000+00:00,1.25e-05
2025-07-29 10:00:00.004000+00:00,2.1694e-06
2025-07-29 11:00:00.051000+00:00,5.0206e-06
2025-07-29 12:00:00.011000+00:00,1.25e-05
2025-07-29 13:00:00.030000+00:00,1.25e-05
2025-07-29 14:00:00.116000+00:00,1.25e-05
2025-07-29 15:00:00.002000+00:00,-0.0001313271
2025-07-29 16:00:00.028000+00:00,1.25e-05
2025-07-29 17:00:00.081000+00:00,2.8178e-05
2025-07-29 18:00:00.025000+00:00,1.25e-05
2025-07-29 19:00:00.057000+00:00,1.25e-05
2025-07-29 20:00:00.076000+00:00,1.25e-05
2025-07-29 21:00:00.012000+00:00,1.25e-05
2025-07-29 22:00:00.032000+00:00,1.25e-05
2025-07-29 23:00:00.024000+00:00,1.25e-05
2025-07-30 00:00:00.077000+00:00,1.25e-05
2025-07-30 01:00:00.135000+00:00,1.25e-05
2025-07-30 02:00:00.023000+00:00,1.25e-05
2025-07-30 03:00:00.084000+00:00,1.25e-05
2025-07-30 04:00:00.005000+00:00,1.25e-05
2025-07-30 05:00:00.063000+00:00,1.25e-05
2025-07-30 06:00:00.083000+00:00,1.25e-05
2025-07-30 07:00:00.127000+00:00,2.8757e-05
2025-07-30 08:00:00.004000+00:00,1.25e-05
2025-07-30 09:00:00.005000+00:00,2.12783e-05
2025-07-30 10:00:00.028000+00:00,2.37492e-05
2025-07-30 11:00:00.002000+00:00,5.42057e-05
2025-07-30 12:00:00.028000+00:00,7.74103e-05
2025-07-30 13:00:00.007000+00:00,2.62711e-05
2025-07-30 14:00:00.002000+00:00,3.39179e-05
2025-07-30 15:00:00.032000+00:00,1.25e-05
2025-07-30 16:00:00.056000+00:00,1.25e-05
2025-07-30 17:00:00.004000+00:00,1.25e-05
2025-07-30 18:00:00.055000+00:00,1.25e-05
2025-07-30 19:00:00.204000+00:00,1.25e-05
2025-07-30 20:00:00.062000+00:00,1.25e-05
2025-07-30 21:00:00.032000+00:00,1.25e-05
2025-07-30 22:00:00.012000+00:00,1.25e-05
2025-07-30 23:00:00.031000+00:00,3.4946e-05
2025-07-31 00:00:00.006000+00:00,5.03965e-05
2025-07-31 01:00:00.088000+00:00,7.64644e-05
2025-07-31 02:00:00.008000+00:00,7.69638e-05
2025-07-31 03:00:00.055000+00:00,4.948e-05
2025-07-31 04:00:00.078000+00:00,1.25e-05
2025-07-31 05:00:00.022000+00:00,1.25e-05
2025-07-31 06:00:00+00:00,1.25e-05
2025-07-31 07:00:00.020000+00:00,1.25e-05
2025-07-31 08:00:00+00:00,5.0201e-06
2025-07-31 09:00:00.062000+00:00,1.25e-05
2025-07-31 10:00:00.053000+00:00,1.235e-05
2025-07-31 11:00:00.074000+00:00,1.25e-05
2025-07-31 12:00:00.010000+00:00,1.25e-05
2025-07-31 13:00:00.015000+00:00,1.25e-05
2025-07-31 14:00:00.079000+00:00,1.25e-05
2025-07-31 15:00:00.032000+00:00,1.25e-05
2025-07-31 16:00:00.007000+00:00,1.25e-05
2025-07-31 17:00:00.011000+00:00,1.25e-05
2025-07-31 18:00:00.043000+00:00,1.25e-05
2025-07-31 19:00:00.083000+00:00,1.25e-05
2025-07-31 20:00:00.073000+00:00,1.25e-05
2025-07-31 21:00:00.064000+00:00,4.79741e-05
2025-07-31 22:00:00.021000+00:00,1.25e-05
2025-07-31 23:00:00.039000+00:00,3.0411e-05
2025-08-01 00:00:00.147000+00:00,4.60814e-05
2025-08-01 01:00:00.032000+00:00,7.04923e-05
2025-08-01 02:00:00.070000+00:00,0.0001345874
2025-08-01 03:00:00.066000+00:00,2.29194e-05
2025-08-01 04:00:00.005000+00:00,1.25e-05
2025-08-01 05:00:00.027000+00:00,1.72974e-05
2025-08-01 06:00:00.131000+00:00,1.25e-05
2025-08-01 07:00:00+00:00,1.25e-05
2025-08-01 08:00:00.011000+00:00,6.093e-05
2025-08-01 09:00:00.088000+00:00,2.31189e-05
2025-08-01 10:00:00.080000+00:00,1.25e-05
2025-08-01 11:00:00.066000+00:00,1.25e-05
2025-08-01 12:00:00.031000+00:00,1.25e-05
2025-08-01 13:00:00.022000+00:00,2.86035e-05
2025-08-01 14:00:00.014000+00:00,4.16357e-05
2025-08-01 15:00:00.130000+00:00,1.25e-05
2025-08-01 16:00:00.066000+00:00,1.25e-05
2025-08-01 17:00:00.007000+00:00,1.25e-05
2025-08-01 18:00:00.060000+00:00,1.25e-05
2025-08-01 19:00:00.069000+00:00,1.25e-05
2025-08-01 20:00:00.098000+00:00,1.25e-05
2025-08-01 21:00:00.042000+00:00,1.25e-05
2025-08-01 22:00:00.025000+00:00,1.25e-05
2025-08-01 23:00:00.031000+00:00,1.25e-05
2025-08-02 00:00:00.114000+00:00,1.25e-05
2025-08-02 01:00:00.085000+00:00,1.25e-05
2025-08-02 02:00:00.003000+00:00,1.25e-05
2025-08-02 03:00:00.057000+00:00,1.25e-05
2025-08-02 04:00:00.089000+00:00,1.25e-05
2025-08-02 05:00:00.069000+00:00,1.25e-05
2025-08-02 06:00:00.031000+00:00,1.25e-05
2025-08-02 07:00:00.008000+00:00,2.5133e-06
2025-08-02 08:00:00.023000+00:00,8.9681e-06
2025-08-02 09:00:00.063000+00:00,-9.3072e-06
2025-08-02 10:00:00.003000+00:00,-3.21913e-05
2025-08-02 11:00:00.056000+00:00,-1.32455e-05
2025-08-02 12:00:00.063000+00:00,1.25e-05
2025-08-02 13:00:00.091000+00:00,1.25e-05
2025-08-02 14:00:00.071000+00:00,1.25e-05
2025-08-02 15:00:00.072000+00:00,1.25e-05
2025-08-02 16:00:00.020000+00:00,1.25e-05
2025-08-02 17:00:00.020000+00:00,1.25e-05
2025-08-02 18:00:00.008000+00:00,1.25e-05
2025-08-02 19:00:00.067000+00:00,1.25e-05
2025-08-02 20:00:00.108000+00:00,1.03314e-05
2025-08-02 21:00:00.097000+00:00,7.0936e-06
2025-08-02 22:00:00.022000+00:00,8.0969e-06
2025-08-02 23:00:00.067000+00:00,-2.109e-07
2025-08-03 00:00:00.042000+00:00,3.825e-07
2025-08-03 01:00:00.041000+00:00,-7.3148e-06
2025-08-03 02:00:00.014000+00:00,1.17526e-05
2025-08-03 03:00:00.093000+00:00,8.0478e-06
2025-08-03 04:00:00.015000+00:00,1.25e-05
2025-08-03 05:00:00.001000+00:00,1.25e-05
2025-08-03 06:00:00.003000+00:00,4.4408e-06
2025-08-03 07:00:00.030000+00:00,1.18788e-05
2025-08-03 08:00:00.003000+00:00,1.25e-05
2025-08-03 09:00:00.023000+00:00,1.25e-05
2025-08-03 10:00:00.010000+00:00,-2.5652e-06
2025-08-03 11:00:00.046000+00:00,1.25e-05
2025-08-03 12:00:00.054000+00:00,8.3526e-06
2025-08-03 13:00:00.076000+00:00,-1.2527e-05
2025-08-03 14:00:00.004000+00:00,-2.87167e-05
2025-08-03 15:00:00.031000+00:00,4.6793e-06
2025-08-03 16:00:00.038000+00:00,6.1299e-06
2025-08-03 17:00:00.031000+00:00,1.25e-05
2025-08-03 18:00:00.030000+00:00,9.3313e-06
2025-08-03 19:00:00.098000+00:00,5.1037e-06
2025-08-03 20:00:00.063000+00:00,3.3878e-06
2025-08-03 21:00:00.034000+00:00,-3.381e-07
2025-08-03 22:00:00.022000+00:00,-6.476e-06
2025-08-03 23:00:00.049000+00:00,2.2533e-06
2025-08-04 00:00:00.043000+00:00,-5.726e-06
2025-08-04 01:00:00.018000+00:00,1.20997e-05
2025-08-04 02:00:00.096000+00:00,1.21204e-05
2025-08-04 03:00:00.059000+00:00,1.25e-05
2025-08-04 04:00:00.050000+00:00,1.25e-05
2025-08-04 05:00:00.090000+00:00,1.25e-05
2025-08-04 06:00:00.014000+00:00,1.25e-05
2025-08-04 07:00:00.068000+00:00,1.25e-05
2025-08-04 08:00:00.003000+00:00,1.25e-05
2025-08-04 09:00:00.057000+00:00,4.5813e-06
2025-08-04 10:00:00.088000+00:00,-1.2438e-06
2025-08-04 11:00:00.043000+00:00,1.25e-05
2025-08-04 12:00:00.052000+00:00,3.8989e-06
2025-08-04 13:00:00.050000+00:00,5.8821e-06
2025-08-04 14:00:00.012000+00:00,1.22647e-05
2025-08-04 15:00:00.108000+00:00,-1.4684e-06
2025-08-04 16:00:00.044000+00:00,1.25e-05
2025-08-04 17:00:00.026000+00:00,-3.9697e-06
2025-08-04 18:00:00.067000+00:00,1.25e-05
2025-08-04 19:00:00.039000+00:00,1.25e-05
2025-08-04 20:00:00.016000+00:00,1.25e-05
2025-08-04 21:00:00.054000+00:00,1.25e-05
2025-08-04 22:00:00.040000+00:00,1.25e-05
2025-08-04 23:00:00.022000+00:00,1.25e-05
2025-08-05 00:00:00.043000+00:00,1.25e-05
2025-08-05 01:00:00.041000+00:00,1.25e-05
2025-08-05 02:00:00.040000+00:00,1.25e-05
2025-08-05 03:00:00.061000+00:00,1.25e-05
2025-08-05 04:00:00.022000+00:00,1.25e-05
2025-08-05 05:00:00.013000+00:00,1.25e-05
2025-08-05 06:00:00.020000+00:00,1.25e-05
2025-08-05 07:00:00.040000+00:00,1.25e-05
2025-08-05 08:00:00.035000+00:00,1.25e-05
2025-08-05 09:00:00.045000+00:00,1.25e-05
2025-08-05 10:00:00.031000+00:00,1.25e-05
2025-08-05 11:00:00.030000+00:00,1.25e-05
2025-08-05 12:00:00.008000+00:00,1.25e-05
2025-08-05 13:00:00.107000+00:00,1.25e-05
2025-08-05 14:00:00.009000+00:00,2.747e-06
2025-08-05 15:00:00.004000+00:00,-5.1043e-06
2025-08-05 16:00:00.057000+00:00,1.25e-05
2025-08-05 17:00:00.026000+00:00,1.25e-05
2025-08-05 18:00:00.035000+00:00,1.25e-05
2025-08-05 19:00:00.065000+00:00,1.25e-05
2025-08-05 20:00:00.018000+00:00,1.25e-05
2025-08-05 21:00:00.035000+00:00,1.1184e-05
2025-08-05 22:00:00.056000+00:00,1.25e-05
2025-08-05 23:00:00.103000+00:00,2.0568e-06
2025-08-06 00:00:00.012000+00:00,1.25e-05
2025-08-06 01:00:00.007000+00:00,1.25e-05
2025-08-06 02:00:00.028000+00:00,-1.31995e-05
2025-08-06 03:00:00.078000+00:00,-3.4919e-06
2025-08-06 04:00:00.091000+00:00,1.25e-05
2025-08-06 05:00:00.037000+00:00,6.9568e-06
2025-08-06 06:00:00+00:00,-3.9616e-06
2025-08-06 07:00:00.075000+00:00,-1.52e-06
2025-08-06 08:00:00.003000+00:00,1.25e-05
2025-08-06 09:00:00.076000+00:00,1.25e-05
2025-08-06 10:00:00+00:00,1.25e-05
2025-08-06 11:00:00.082000+00:00,1.238e-05
2025-08-06 12:00:00.023000+00:00,1.25e-05
2025-08-06 13:00:00.035000+00:00,1.25e-05
2025-08-06 14:00:00.024000+00:00,1.25e-05
2025-08-06 15:00:00.129000+00:00,1.25e-05
2025-08-06 16:00:00.020000+00:00,1.25e-05
2025-08-06 17:00:00.013000+00:00,1.25e-05
2025-08-06 18:00:00.059000+00:00,1.25e-05
2025-08-06 19:00:00.036000+00:00,1.25e-05
2025-08-06 20:00:00.038000+00:00,1.25e-05
2025-08-06 21:00:00.059000+00:00,1.25e-05
2025-08-06 22:00:00.081000+00:00,-7.73e-08
2025-08-06 23:00:00.058000+00:00,4.4417e-06
2025-08-07 00:00:00.047000+00:00,1.25e-05
2025-08-07 01:00:00.057000+00:00,-1.00351e-05
2025-08-07 02:00:00.010000+00:00,1.25e-05
2025-08-07 03:00:00.047000+00:00,4.738e-07
2025-08-07 04:00:00.080000+00:00,2.649e-07
2025-08-07 05:00:00.009000+00:00,2.8849e-06
2025-08-07 06:00:00.009000+00:00,4.3243e-06
2025-08-07 07:00:00.016000+00:00,2.432e-06
2025-08-07 08:00:00.038000+00:00,8.362e-06
2025-08-07 09:00:00.062000+00:00,1.25e-05
2025-08-07 10:00:00.048000+00:00,1.25e-05
2025-08-07 11:00:00.030000+00:00,1.25e-05
2025-08-07 12:00:00.046000+00:00,1.25e-05
2025-08-07 13:00:00.018000+00:00,-4.433e-07
2025-08-07 14:00:00.006000+00:00,1.25e-05
2025-08-07 15:00:00.003000+00:00,-1.351e-06
2025-08-07 16:00:00.189000+00:00,1.25e-05
2025-08-07 17:00:00.004000+00:00,4.7891e-06
2025-08-07 18:00:00.048000+00:00,1.25e-05
2025-08-07 19:00:00.009000+00:00,4.6816e-06
2025-08-07 20:00:00.067000+00:00,5.6768e-06
2025-08-07 21:00:00.017000+00:00,-9.3477e-06
2025-08-07 22:00:00.009000+00:00,-1.98615e-05
2025-08-07 23:00:00.093000+00:00,-7.768e-06
2025-08-08 00:00:00.085000+00:00,1.25e-05
2025-08-08 01:00:00.087000+00:00,1.25e-05
2025-08-08 02:00:00.026000+00:00,9.8928e-06
2025-08-08 03:00:00.014000+00:00,-6.1352e-06
2025-08-08 04:00:00.134000+00:00,-4.1993e-06
2025-08-08 05:00:00.021000+00:00,1.25e-05
2025-08-08 06:00:00.017000+00:00,4.3865e-06
2025-08-08 07:00:00.030000+00:00,1.25e-05
2025-08-08 08:00:00.026000+00:00,1.25e-05
2025-08-08 09:00:00.018000+00:00,1.9258e-06
2025-08-08 10:00:00.089000+00:00,8.9604e-06
2025-08-08 11:00:00.040000+00:00,1.25e-05
2025-08-08 12:00:00.029000+00:00,1.25e-05
2025-08-08 13:00:00.036000+00:00,1.25e-05
2025-08-08 14:00:00.020000+00:00,1.25e-05
2025-08-08 15:00:00.051000+00:00,1.25e-05
2025-08-08 16:00:00.048000+00:00,-1.1833e-06
2025-08-08 17:00:00.027000+00:00,1.25e-05
2025-08-08 18:00:00.051000+00:00,1.25e-05
2025-08-08 19:00:00.035000+00:00,1.25e-05
2025-08-08 20:00:00.119000+00:00,-8.6869e-06
2025-08-08 21:00:00.023000+00:00,-2.431e-06
2025-08-08 22:00:00.028000+00:00,-4.6428e-06
2025-08-08 23:00:00.147000+00:00,1.25e-05
2025-08-09 00:00:00.074000+00:00,1.25e-05
2025-08-09 01:00:00.010000+00:00,-2.2957e-06
2025-08-09 02:00:00.079000+00:00,-2.5981e-06
2025-08-09 03:00:00.024000+00:00,1.25e-05
2025-08-09 04:00:00.113000+00:00,1.25e-05
2025-08-09 05:00:00.055000+00:00,1.25e-05
2025-08-09 06:00:00.128000+00:00,1.25e-05
2025-08-09 07:00:00.015000+00:00,1.25e-05
2025-08-09 08:00:00.007000+00:00,1.25e-05
2025-08-09 09:00:00.046000+00:00,1.25e-05
2025-08-09 10:00:00.016000+00:00,1.25e-05
2025-08-09 11:00:00.089000+00:00,1.25e-05
2025-08-09 12:00:00.041000+00:00,1.25e-05
2025-08-09 13:00:00.036000+00:00,1.25e-05
2025-08-09 14:00:00.122000+00:00,1.33551e-05
2025-08-09 15:00:00.019000+00:00,1.25e-05
2025-08-09 16:00:00.063000+00:00,1.25e-05
2025-08-09 17:00:00.058000+00:00,1.97679e-05
2025-08-09 18:00:00.011000+00:00,2.76336e-05
2025-08-09 19:00:00.004000+00:00,5.22588e-05
2025-08-09 20:00:00.019000+00:00,3.86571e-05
2025-08-09 21:00:00.064000+00:00,1.25e-05
2025-08-09 22:00:00.026000+00:00,1.25e-05
2025-08-09 23:00:00.051000+00:00,1.36578e-05
2025-08-10 00:00:00.019000+00:00,1.25e-05
2025-08-10 01:00:00.009000+00:00,1.25e-05
2025-08-10 02:00:00.003000+00:00,1.25e-05
2025-08-10 03:00:00.062000+00:00,1.25e-05
2025-08-10 04:00:00.065000+00:00,1.25e-05
2025-08-10 05:00:00.047000+00:00,1.25e-05
2025-08-10 06:00:00.074000+00:00,1.25e-05
2025-08-10 07:00:00.076000+00:00,1.25e-05
2025-08-10 08:00:00.041000+00:00,1.25e-05
2025-08-10 09:00:00+00:00,1.25e-05
2025-08-10 10:00:00.103000+00:00,1.25e-05
2025-08-10 11:00:00.045000+00:00,1.25e-05
2025-08-10 12:00:00.056000+00:00,1.25e-05
2025-08-10 13:00:00.037000+00:00,1.25e-05
2025-08-10 14:00:00.065000+00:00,1.25e-05
2025-08-10 15:00:00.055000+00:00,1.25e-05
2025-08-10 16:00:00.021000+00:00,3.8231e-05
2025-08-10 17:00:00.069000+00:00,1.25e-05
2025-08-10 18:00:00.013000+00:00,1.25e-05
2025-08-10 19:00:00.006000+00:00,1.25e-05
2025-08-10 20:00:00.046000+00:00,1.25e-05
2025-08-10 21:00:00.030000+00:00,1.33135e-05
2025-08-10 22:00:00.043000+00:00,1.25e-05
2025-08-10 23:00:00+00:00,1.25e-05
2025-08-11 00:00:00.066000+00:00,1.25e-05
2025-08-11 01:00:00.057000+00:00,1.25e-05
2025-08-11 02:00:00.095000+00:00,2.73248e-05
2025-08-11 03:00:00.035000+00:00,3.07962e-05
2025-08-11 04:00:00.030000+00:00,3.67152e-05
2025-08-11 05:00:00.046000+00:00,4.4149e-05
2025-08-11 06:00:00.128000+00:00,5.43263e-05
2025-08-11 07:00:00.048000+00:00,3.74542e-05
2025-08-11 08:00:00.067000+00:00,2.18772e-05
2025-08-11 09:00:00.041000+00:00,6.76566e-05
2025-08-11 10:00:00.086000+00:00,2.49586e-05
2025-08-11 11:00:00.097000+00:00,1.97041e-05
2025-08-11 12:00:00.001000+00:00,1.25e-05
2025-08-11 13:00:00.051000+00:00,1.25e-05
2025-08-11 14:00:00.081000+00:00,1.25e-05
2025-08-11 15:00:00.027000+00:00,5.46705e-05
2025-08-11 16:00:00.028000+00:00,6.75451e-05
2025-08-11 17:00:00.048000+00:00,8.45323e-05
2025-08-11 18:00:00.053000+00:00,3.14304e-05
2025-08-11 19:00:00.036000+00:00,1.25e-05
2025-08-11 20:00:00.069000+00:00,1.2997e-05
2025-08-11 21:00:00.002000+00:00,4.0466e-05
2025-08-11 22:00:00.040000+00:00,1.25e-05
2025-08-11 23:00:00.235000+00:00,1.25e-05
2025-08-12 00:00:00.042000+00:00,1.25e-05
2025-08-12 01:00:00.026000+00:00,1.25e-05
2025-08-12 02:00:00.014000+00:00,1.25e-05
2025-08-12 03:00:00.071000+00:00,1.25e-05
2025-08-12 04:00:00.035000+00:00,1.25e-05
2025-08-12 05:00:00.027000+00:00,1.25e-05
2025-08-12 06:00:00.053000+00:00,1.25e-05
2025-08-12 07:00:00.071000+00:00,1.25e-05
2025-08-12 08:00:00+00:00,1.25e-05
2025-08-12 09:00:00.002000+00:00,1.25e-05
2025-08-12 10:00:00.006000+00:00,1.25e-05
2025-08-12 11:00:00.025000+00:00,1.25e-05
2025-08-12 12:00:00.004000+00:00,1.25e-05
2025-08-12 13:00:00.001000+00:00,1.25e-05
2025-08-12 14:00:00.007000+00:00,1.25e-05
2025-08-12 15:00:00.046000+00:00,1.25e-05
2025-08-12 16:00:00.075000+00:00,1.25e-05
2025-08-12 17:00:00.079000+00:00,2.12223e-05
2025-08-12 18:00:00.083000+00:00,2.97949e-05
2025-08-12 19:00:00.035000+00:00,1.25e-05
2025-08-12 20:00:00.035000+00:00,1.25e-05
2025-08-12 21:00:00.033000+00:00,1.25e-05
2025-08-12 22:00:00.003000+00:00,5.16692e-05
2025-08-12 23:00:00.011000+00:00,2.93069e-05
2025-08-13 00:00:00.076000+00:00,1.92437e-05
2025-08-13 01:00:00.016000+00:00,1.25e-05
2025-08-13 02:00:00.053000+00:00,1.25e-05
2025-08-13 03:00:00.057000+00:00,1.25e-05
2025-08-13 04:00:00.064000+00:00,1.25e-05
2025-08-13 05:00:00.046000+00:00,1.25e-05
2025-08-13 06:00:00.002000+00:00,1.25e-05
2025-08-13 07:00:00.074000+00:00,4.6727e-06
2025-08-13 08:00:00.056000+00:00,1.25e-05
2025-08-13 09:00:00.072000+00:00,1.25e-05
2025-08-13 10:00:00.042000+00:00,1.25e-05
2025-08-13 11:00:00.017000+00:00,1.25e-05
2025-08-13 12:00:00.081000+00:00,5.59251e-05
2025-08-13 13:00:00.102000+00:00,4.58199e-05
2025-08-13 14:00:00.064000+00:00,1.25e-05
2025-08-13 15:00:00.047000+00:00,1.25e-05
2025-08-13 16:00:00.015000+00:00,1.25e-05
2025-08-13 17:00:00.107000+00:00,1.25e-05
2025-08-13 18:00:00.023000+00:00,6.43841e-05
2025-08-13 19:00:00.044000+00:00,3.48561e-05
2025-08-13 20:00:00.078000+00:00,6.61979e-05
2025-08-13 21:00:00.041000+00:00,1.25e-05
2025-08-13 22:00:00.058000+00:00,1.25e-05
2025-08-13 23:00:00.029000+00:00,1.25e-05
2025-08-14 00:00:00.010000+00:00,1.25e-05
2025-08-14 01:00:00.037000+00:00,1.25e-05
2025-08-14 02:00:00.054000+00:00,1.63621e-05
2025-08-14 03:00:00.124000+00:00,1.83383e-05
2025-08-14 04:00:00.056000+00:00,2.66998e-05
2025-08-14 05:00:00.019000+00:00,1.25e-05
2025-08-14 06:00:00.051000+00:00,1.25e-05
2025-08-14 07:00:00.027000+00:00,1.25e-05
2025-08-14 08:00:00.062000+00:00,1.25e-05
2025-08-14 09:00:00.021000+00:00,1.25e-05
2025-08-14 10:00:00.053000+00:00,1.25e-05
2025-08-14 11:00:00.034000+00:00,1.25e-05
2025-08-14 12:00:00.023000+00:00,1.25e-05
2025-08-14 13:00:00.024000+00:00,-7.71996e-05
2025-08-14 14:00:00.014000+00:00,1.25e-05
2025-08-14 15:00:00.068000+00:00,1.25e-05
2025-08-14 16:00:00.096000+00:00,1.25e-05
2025-08-14 17:00:00.024000+00:00,1.25e-05
2025-08-14 18:00:00.017000+00:00,1.25e-05
2025-08-14 19:00:00.019000+00:00,1.25e-05
2025-08-14 20:00:00.020000+00:00,1.25e-05
2025-08-14 21:00:00.045000+00:00,9.3067e-06
2025-08-14 22:00:00.024000+00:00,-0.0001365626
2025-08-14 23:00:00.015000+00:00,1.6046e-06
2025-08-15 00:00:00.002000+00:00,-1.6634e-06
2025-08-15 01:00:00.056000+00:00,-4.36419e-05
2025-08-15 02:00:00.014000+00:00,1.25e-05
2025-08-15 03:00:00.001000+00:00,1.25e-05
2025-08-15 04:00:00.027000+00:00,1.25e-05
2025-08-15 05:00:00.012000+00:00,1.25e-05
2025-08-15 06:00:00.059000+00:00,1.25e-05
2025-08-15 07:00:00.037000+00:00,1.25e-05
2025-08-15 08:00:00.049000+00:00,1.25e-05
2025-08-15 09:00:00.050000+00:00,1.68951e-05
2025-08-15 10:00:00.045000+00:00,1.25e-05
2025-08-15 11:00:00.075000+00:00,1.25e-05
2025-08-15 12:00:00.052000+00:00,1.25e-05
2025-08-15 13:00:00.051000+00:00,1.25e-05
2025-08-15 14:00:00.001000+00:00,1.25e-05
2025-08-15 15:00:00.024000+00:00,1.25e-05
2025-08-15 16:00:00.126000+00:00,1.25e-05
2025-08-15 17:00:00.016000+00:00,1.25e-05
2025-08-15 18:00:00.108000+00:00,1.25e-05
2025-08-15 19:00:00.027000+00:00,1.25e-05
2025-08-15 20:00:00.002000+00:00,1.25e-05
2025-08-15 21:00:00.050000+00:00,1.25e-05
2025-08-15 22:00:00.104000+00:00,1.25e-05
2025-08-15 23:00:00.066000+00:00,1.25e-05
2025-08-16 00:00:00.072000+00:00,1.25e-05
2025-08-16 01:00:00.090000+00:00,1.25e-05
2025-08-16 02:00:00.025000+00:00,1.25e-05
2025-08-16 03:00:00.023000+00:00,1.25e-05
2025-08-16 04:00:00.052000+00:00,1.25e-05
2025-08-16 05:00:00.054000+00:00,1.25e-05
2025-08-16 06:00:00.022000+00:00,1.25e-05
2025-08-16 07:00:00.056000+00:00,1.25e-05
2025-08-16 08:00:00.063000+00:00,1.25e-05
2025-08-16 09:00:00.018000+00:00,1.25e-05
2025-08-16 10:00:00.041000+00:00,1.25e-05
2025-08-16 11:00:00.002000+00:00,1.25e-05
2025-08-16 12:00:00.003000+00:00,1.25e-05
2025-08-16 13:00:00.015000+00:00,1.25e-05
2025-08-16 14:00:00.077000+00:00,1.25e-05
2025-08-16 15:00:00.033000+00:00,1.25e-05
2025-08-16 16:00:00.062000+00:00,1.25e-05
2025-08-16 17:00:00.100000+00:00,1.25e-05
2025-08-16 18:00:00.083000+00:00,1.25e-05
2025-08-16 19:00:00.029000+00:00,1.25e-05
2025-08-16 20:00:00.057000+00:00,1.25e-05
2025-08-16 21:00:00.087000+00:00,1.25e-05
2025-08-16 22:00:00.008000+00:00,1.25e-05
2025-08-16 23:00:00.032000+00:00,1.25e-05
2025-08-17 00:00:00.009000+00:00,-2.95892e-05
2025-08-17 01:00:00.035000+00:00,2.6374e-06
2025-08-17 02:00:00.027000+00:00,2.453e-07
2025-08-17 03:00:00.063000+00:00,-9.8129e-06
2025-08-17 04:00:00.056000+00:00,-4.7678e-06
2025-08-17 05:00:00.032000+00:00,1.22458e-05
2025-08-17 06:00:00.005000+00:00,-1.20747e-05
2025-08-17 07:00:00.057000+00:00,-5.04557e-05
2025-08-17 08:00:00+00:00,-1.36671e-05
2025-08-17 09:00:00.031000+00:00,1.25e-05
2025-08-17 10:00:00.003000+00:00,4.2044e-06
2025-08-17 11:00:00.031000+00:00,1.25e-05
2025-08-17 12:00:00.021000+00:00,1.25e-05
2025-08-17 13:00:00.041000+00:00,1.25e-05
2025-08-17 14:00:00.027000+00:00,1.25e-05
2025-08-17 15:00:00.074000+00:00,1.25e-05
2025-08-17 16:00:00.075000+00:00,1.25e-05
2025-08-17 17:00:00.040000+00:00,1.25e-05
2025-08-17 18:00:00.079000+00:00,1.25e-05
2025-08-17 19:00:00.025000+00:00,1.25e-05
2025-08-17 20:00:00.069000+00:00,1.25e-05
2025-08-17 21:00:00.033000+00:00,1.25e-05
2025-08-17 22:00:00.131000+00:00,1.25e-05
2025-08-17 23:00:00.028000+00:00,1.25e-05
2025-08-18 00:00:00.021000+00:00,1.25e-05
2025-08-18 01:00:00.025000+00:00,1.25e-05
2025-08-18 02:00:00.040000+00:00,1.25e-05
2025-08-18 03:00:00.029000+00:00,1.25e-05
2025-08-18 04:00:00.023000+00:00,1.25e-05
2025-08-18 05:00:00.020000+00:00,4.17557e-05
2025-08-18 06:00:00.047000+00:00,1.42462e-05
2025-08-18 07:00:00.028000+00:00,8.10883e-05
2025-08-18 08:00:00.021000+00:00,0.0001210904
2025-08-18 09:00:00.064000+00:00,1.59818e-05
2025-08-18 10:00:00.044000+00:00,1.25e-05
2025-08-18 11:00:00.119000+00:00,1.25e-05
2025-08-18 12:00:00.047000+00:00,1.25e-05
2025-08-18 13:00:00.008000+00:00,1.25e-05
2025-08-18 14:00:00.062000+00:00,1.25e-05
2025-08-18 15:00:00.022000+00:00,1.25e-05
2025-08-18 16:00:00.022000+00:00,1.25e-05
2025-08-18 17:00:00.015000+00:00,1.25e-05
2025-08-18 18:00:00.012000+00:00,1.25e-05
2025-08-18 19:00:00.017000+00:00,1.25e-05
2025-08-18 20:00:00.038000+00:00,1.25e-05
2025-08-18 21:00:00.014000+00:00,1.25e-05
2025-08-18 22:00:00.013000+00:00,1.25e-05
2025-08-18 23:00:00.018000+00:00,1.25e-05
2025-08-19 00:00:00.045000+00:00,1.25e-05
2025-08-19 01:00:00.056000+00:00,4.7356e-06
2025-08-19 02:00:00+00:00,1.25e-05
2025-08-19 03:00:00.074000+00:00,1.25e-05
2025-08-19 04:00:00.017000+00:00,1.25e-05
2025-08-19 05:00:00.053000+00:00,1.25e-05
2025-08-19 06:00:00.008000+00:00,1.25e-05
2025-08-19 07:00:00.084000+00:00,1.25e-05
2025-08-19 08:00:00.026000+00:00,1.25e-05
2025-08-19 09:00:00.011000+00:00,1.25e-05
2025-08-19 10:00:00.045000+00:00,1.25e-05
2025-08-19 11:00:00.033000+00:00,1.25e-05
2025-08-19 12:00:00.041000+00:00,1.25e-05
2025-08-19 13:00:00.045000+00:00,1.25e-05
2025-08-19 14:00:00.034000+00:00,1.25e-05
2025-08-19 15:00:00.115000+00:00,1.25e-05
2025-08-19 16:00:00.039000+00:00,1.25e-05
2025-08-19 17:00:00.097000+00:00,1.25e-05
2025-08-19 18:00:00.008000+00:00,1.27667e-05
2025-08-19 19:00:00.053000+00:00,1.25e-05
2025-08-19 20:00:00.022000+00:00,4.48845e-05
2025-08-19 21:00:00.014000+00:00,5.61035e-05
2025-08-19 22:00:00.074000+00:00,4.16346e-05
2025-08-19 23:00:00.055000+00:00,1.25e-05
2025-08-20 00:00:00.079000+00:00,3.41306e-05
2025-08-20 01:00:00.112000+00:00,5.19274e-05
2025-08-20 02:00:00.078000+00:00,1.69163e-05
2025-08-20 03:00:00.135000+00:00,2.27409e-05
2025-08-20 04:00:00.060000+00:00,1.25e-05
2025-08-20 05:00:00.009000+00:00,1.25e-05
2025-08-20 06:00:00.038000+00:00,1.25e-05
2025-08-20 07:00:00.071000+00:00,1.25e-05
2025-08-20 08:00:00.015000+00:00,1.25e-05
2025-08-20 09:00:00.037000+00:00,1.25e-05
2025-08-20 10:00:00.059000+00:00,1.25e-05
2025-08-20 11:00:00.037000+00:00,1.25e-05
2025-08-20 12:00:00.013000+00:00,1.25e-05
2025-08-20 13:00:00.086000+00:00,1.25e-05
2025-08-20 14:00:00.069000+00:00,1.25e-05
2025-08-20 15:00:00.032000+00:00,3.2059e-05
2025-08-20 16:00:00.010000+00:00,1.41731e-05
2025-08-20 17:00:00.016000+00:00,4.23563e-05
2025-08-20 18:00:00.056000+00:00,6.69029e-05
2025-08-20 19:00:00.043000+00:00,3.21446e-05
2025-08-20 20:00:00.054000+00:00,0.0001195375
2025-08-20 21:00:00.022000+00:00,4.32951e-05
2025-08-20 22:00:00.041000+00:00,2.11177e-05
2025-08-20 23:00:00.033000+00:00,2.58347e-05
2025-08-21 00:00:00.042000+00:00,2.20293e-05
2025-08-21 01:00:00.037000+00:00,1.64461e-05
2025-08-21 02:00:00.005000+00:00,2.14762e-05
2025-08-21 03:00:00.002000+00:00,1.57485e-05
2025-08-21 04:00:00.072000+00:00,1.25e-05
2025-08-21 05:00:00.055000+00:00,1.25e-05
2025-08-21 06:00:00.012000+00:00,2.68314e-05
2025-08-21 07:00:00.045000+00:00,2.50247e-05
2025-08-21 08:00:00.024000+00:00,3.06842e-05
2025-08-21 09:00:00.023000+00:00,2.71144e-05
2025-08-21 10:00:00.049000+00:00,3.90955e-05
2025-08-21 11:00:00.143000+00:00,4.01725e-05
2025-08-21 12:00:00.017000+00:00,4.98341e-05
2025-08-21 13:00:00.007000+00:00,4.19022e-05
2025-08-21 14:00:00.025000+00:00,5.58469e-05
2025-08-21 15:00:00.129000+00:00,5.7476e-05
2025-08-21 16:00:00+00:00,3.54352e-05
2025-08-21 17:00:00.027000+00:00,2.13026e-05
2025-08-21 18:00:00.061000+00:00,7.25e-05
2025-08-21 19:00:00.003000+00:00,3.40199e-05
2025-08-21 20:00:00.078000+00:00,2.63627e-05
2025-08-21 21:00:00.064000+00:00,7.09249e-05
2025-08-21 22:00:00.060000+00:00,5.49535e-05
2025-08-21 23:00:00.094000+00:00,6.62488e-05
2025-08-22 00:00:00.030000+00:00,3.73024e-05
2025-08-22 01:00:00.028000+00:00,5.62867e-05
2025-08-22 02:00:00.030000+00:00,8.67668e-05
2025-08-22 03:00:00.069000+00:00,4.72221e-05
2025-08-22 04:00:00.019000+00:00,4.84292e-05
2025-08-22 05:00:00.046000+00:00,5.68589e-05
2025-08-22 06:00:00.028000+00:00,8.59272e-05
2025-08-22 07:00:00.045000+00:00,3.5765e-05
2025-08-22 08:00:00.018000+00:00,3.60643e-05
2025-08-22 09:00:00.018000+00:00,1.25e-05
2025-08-22 10:00:00.030000+00:00,1.25e-05
2025-08-22 11:00:00.061000+00:00,1.25e-05
2025-08-22 12:00:00.031000+00:00,1.25e-05
2025-08-22 13:00:00.024000+00:00,1.25e-05
2025-08-22 14:00:00.108000+00:00,1.25e-05
2025-08-22 15:00:00.054000+00:00,4.50364e-05
2025-08-22 16:00:00.054000+00:00,1.25e-05
2025-08-22 17:00:00.044000+00:00,1.25e-05
2025-08-22 18:00:00.040000+00:00,1.25e-05
2025-08-22 19:00:00.075000+00:00,1.25e-05
2025-08-22 20:00:00.061000+00:00,1.25e-05
2025-08-22 21:00:00.047000+00:00,1.25e-05
2025-08-22 22:00:00.013000+00:00,1.69582e-05
2025-08-22 23:00:00.007000+00:00,1.25e-05
2025-08-23 00:00:00.003000+00:00,2.38044e-05
2025-08-23 01:00:00.002000+00:00,1.5947e-05
2025-08-23 02:00:00.060000+00:00,1.25e-05
2025-08-23 03:00:00.010000+00:00,1.25e-05
2025-08-23 04:00:00.105000+00:00,1.25e-05
2025-08-23 05:00:00.022000+00:00,1.25e-05
2025-08-23 06:00:00.009000+00:00,1.25e-05
2025-08-23 07:00:00.060000+00:00,1.25e-05
2025-08-23 08:00:00.028000+00:00,1.25e-05
2025-08-23 09:00:00.097000+00:00,1.25e-05
2025-08-23 10:00:00.054000+00:00,1.25e-05
2025-08-23 11:00:00.030000+00:00,1.25e-05
2025-08-23 12:00:00+00:00,1.25e-05
2025-08-23 13:00:00.045000+00:00,1.25e-05
2025-08-23 14:00:00.118000+00:00,1.25e-05
2025-08-23 15:00:00.004000+00:00,1.25e-05
2025-08-23 16:00:00.020000+00:00,1.25e-05
2025-08-23 17:00:00.049000+00:00,1.25e-05
2025-08-23 18:00:00.015000+00:00,1.25e-05
2025-08-23 19:00:00.114000+00:00,1.25e-05
2025-08-23 20:00:00.039000+00:00,1.68333e-05
2025-08-23 21:00:00.051000+00:00,2.20547e-05
2025-08-23 22:00:00.004000+00:00,2.22918e-05
2025-08-23 23:00:00.056000+00:00,1.25e-05
2025-08-24 00:00:00.106000+00:00,2.02133e-05
2025-08-24 01:00:00.020000+00:00,3.36259e-05
2025-08-24 02:00:00.011000+00:00,1.71997e-05
2025-08-24 03:00:00.062000+00:00,1.79329e-05
2025-08-24 04:00:00.106000+00:00,5.51154e-05
2025-08-24 05:00:00.067000+00:00,2.05095e-05
2025-08-24 06:00:00.048000+00:00,1.25e-05
2025-08-24 07:00:00.035000+00:00,1.32413e-05
2025-08-24 08:00:00.013000+00:00,4.45079e-05
2025-08-24 09:00:00.085000+00:00,4.89793e-05
2025-08-24 10:00:00.063000+00:00,4.10139e-05
2025-08-24 11:00:00.005000+00:00,1.25e-05
2025-08-24 12:00:00.032000+00:00,1.52762e-05
2025-08-24 13:00:00.016000+00:00,1.25e-05
2025-08-24 14:00:00.080000+00:00,3.60442e-05
2025-08-24 15:00:00.134000+00:00,2.87564e-05
2025-08-24 16:00:00.002000+00:00,3.10206e-05
2025-08-24 17:00:00.033000+00:00,1.70018e-05
2025-08-24 18:00:00.022000+00:00,4.04167e-05
2025-08-24 19:00:00.001000+00:00,8.16252e-05
2025-08-24 20:00:00.031000+00:00,6.5563e-05
2025-08-24 21:00:00.044000+00:00,1.25e-05
2025-08-24 22:00:00.011000+00:00,1.25e-05
2025-08-24 23:00:00.027000+00:00,1.25e-05
2025-08-25 00:00:00.013000+00:00,1.25e-05
2025-08-25 01:00:00.011000+00:00,1.25e-05
2025-08-25 02:00:00.052000+00:00,1.25e-05
2025-08-25 03:00:00.004000+00:00,2.58917e-05
2025-08-25 04:00:00.108000+00:00,1.25e-05
2025-08-25 05:00:00.004000+00:00,1.25e-05
2025-08-25 06:00:00.015000+00:00,1.25e-05
2025-08-25 07:00:00.034000+00:00,1.25e-05
2025-08-25 08:00:00.114000+00:00,1.25e-05
2025-08-25 09:00:00.033000+00:00,1.25e-05
2025-08-25 10:00:00.041000+00:00,1.34066e-05
2025-08-25 11:00:00.032000+00:00,1.86057e-05
2025-08-25 12:00:00.096000+00:00,1.25e-05
2025-08-25 13:00:00.016000+00:00,1.25e-05
2025-08-25 14:00:00.037000+00:00,2.72683e-05
2025-08-25 15:00:00.015000+00:00,0.0001121088
2025-08-25 16:00:00.012000+00:00,2.71474e-05
2025-08-25 17:00:00.052000+00:00,2.46458e-05
2025-08-25 18:00:00.007000+00:00,1.25e-05
2025-08-25 19:00:00.022000+00:00,1.25e-05
2025-08-25 20:00:00.020000+00:00,1.25e-05
2025-08-25 21:00:00.010000+00:00,0.0001090883
2025-08-25 22:00:00.055000+00:00,1.25e-05
2025-08-25 23:00:00.001000+00:00,1.25e-05
2025-08-26 00:00:00.014000+00:00,1.95314e-05
2025-08-26 01:00:00.113000+00:00,1.25e-05
2025-08-26 02:00:00.071000+00:00,4.66627e-05
2025-08-26 03:00:00.015000+00:00,5.53112e-05
2025-08-26 04:00:00.028000+00:00,3.25601e-05
2025-08-26 05:00:00.040000+00:00,6.39187e-05
2025-08-26 06:00:00.057000+00:00,1.25e-05
2025-08-26 07:00:00.019000+00:00,1.25e-05
2025-08-26 08:00:00.064000+00:00,1.25e-05
2025-08-26 09:00:00.004000+00:00,1.25e-05
2025-08-26 10:00:00.030000+00:00,1.25e-05
2025-08-26 11:00:00.022000+00:00,1.25e-05
2025-08-26 12:00:00.035000+00:00,1.25e-05
2025-08-26 13:00:00.037000+00:00,1.25e-05
2025-08-26 14:00:00.066000+00:00,1.25e-05
2025-08-26 15:00:00.014000+00:00,1.25e-05
2025-08-26 16:00:00.012000+00:00,1.25e-05
2025-08-26 17:00:00.007000+00:00,1.25e-05
2025-08-26 18:00:00.007000+00:00,1.25e-05
2025-08-26 19:00:00.043000+00:00,1.25e-05
2025-08-26 20:00:00.070000+00:00,1.25e-05
2025-08-26 21:00:00.075000+00:00,1.25e-05
2025-08-26 22:00:00.039000+00:00,1.25e-05
2025-08-26 23:00:00.041000+00:00,1.25e-05
2025-08-27 00:00:00.041000+00:00,1.25e-05
2025-08-27 01:00:00.031000+00:00,1.25e-05
2025-08-27 02:00:00.003000+00:00,1.25e-05
2025-08-27 03:00:00.089000+00:00,1.25e-05
2025-08-27 04:00:00.034000+00:00,1.25e-05
2025-08-27 05:00:00.007000+00:00,1.25e-05
2025-08-27 06:00:00.039000+00:00,1.25e-05
2025-08-27 07:00:00.078000+00:00,3.51245e-05
2025-08-27 08:00:00.036000+00:00,1.25e-05
2025-08-27 09:00:00.115000+00:00,1.25e-05
2025-08-27 10:00:00.019000+00:00,6.68833e-05
2025-08-27 11:00:00.125000+00:00,2.27109e-05
2025-08-27 12:00:00.017000+00:00,3.22992e-05
2025-08-27 13:00:00.019000+00:00,4.6308e-05
2025-08-27 14:00:00.027000+00:00,2.99489e-05
2025-08-27 15:00:00.011000+00:00,2.32115e-05
2025-08-27 16:00:00.027000+00:00,1.25e-05
2025-08-27 17:00:00.090000+00:00,1.25e-05
2025-08-27 18:00:00.134000+00:00,1.25e-05
2025-08-27 19:00:00.170000+00:00,1.25e-05
2025-08-27 20:00:00.072000+00:00,1.25e-05
2025-08-27 21:00:00.118000+00:00,1.25e-05
2025-08-27 22:00:00.060000+00:00,1.25e-05
2025-08-27 23:00:00.044000+00:00,1.25e-05
2025-08-28 00:00:00.044000+00:00,1.25e-05
2025-08-28 01:00:00.048000+00:00,1.25e-05
2025-08-28 02:00:00.051000+00:00,1.25e-05
2025-08-28 03:00:00.069000+00:00,1.25e-05
2025-08-28 04:00:00.041000+00:00,1.25e-05
2025-08-28 05:00:00.033000+00:00,1.25e-05
2025-08-28 06:00:00.038000+00:00,1.25e-05
2025-08-28 07:00:00.082000+00:00,1.25e-05
2025-08-28 08:00:00.011000+00:00,1.25e-05
2025-08-28 09:00:00.075000+00:00,4.1078e-06
2025-08-28 10:00:00.095000+00:00,1.25e-05
2025-08-28 11:00:00.015000+00:00,1.25e-05
2025-08-28 12:00:00.101000+00:00,1.25e-05
2025-08-28 13:00:00.111000+00:00,1.25e-05
2025-08-28 14:00:00.008000+00:00,1.25e-05
2025-08-28 15:00:00.018000+00:00,1.25e-05
2025-08-28 16:00:00.003000+00:00,1.25e-05
2025-08-28 17:00:00.039000+00:00,1.25e-05
2025-08-28 18:00:00.035000+00:00,1.25e-05
2025-08-28 19:00:00.019000+00:00,1.25e-05
2025-08-28 20:00:00.054000+00:00,1.25e-05
2025-08-28 21:00:00.008000+00:00,1.25e-05
2025-08-28 22:00:00.108000+00:00,1.25e-05
2025-08-28 23:00:00.020000+00:00,1.25e-05
2025-08-29 00:00:00.041000+00:00,1.32278e-05
2025-08-29 01:00:00.006000+00:00,1.25e-05
2025-08-29 02:00:00.089000+00:00,1.83735e-05
2025-08-29 03:00:00.012000+00:00,1.25e-05
2025-08-29 04:00:00.104000+00:00,3.35302e-05
2025-08-29 05:00:00.033000+00:00,1.25e-05
2025-08-29 06:00:00.004000+00:00,1.25e-05
2025-08-29 07:00:00.036000+00:00,1.25e-05
2025-08-29 08:00:00.080000+00:00,1.25e-05
2025-08-29 09:00:00.012000+00:00,2.43643e-05
2025-08-29 10:00:00.048000+00:00,5.14064e-05
2025-08-29 11:00:00.033000+00:00,6.80845e-05
2025-08-29 12:00:00.072000+00:00,4.74108e-05
2025-08-29 13:00:00.007000+00:00,5.66594e-05
2025-08-29 14:00:00.029000+00:00,1.25e-05
2025-08-29 15:00:00.021000+00:00,1.25e-05
2025-08-29 16:00:00.052000+00:00,1.25e-05
2025-08-29 17:00:00.064000+00:00,1.25e-05
2025-08-29 18:00:00.060000+00:00,1.25e-05
2025-08-29 19:00:00.060000+00:00,1.25e-05
2025-08-29 20:00:00.059000+00:00,1.25e-05
2025-08-29 21:00:00.093000+00:00,1.25e-05
2025-08-29 22:00:00+00:00,1.25e-05
2025-08-29 23:00:00.004000+00:00,1.25e-05
2025-08-30 00:00:00.046000+00:00,1.25e-05
2025-08-30 01:00:00.066000+00:00,1.25e-05
2025-08-30 02:00:00.038000+00:00,1.25e-05
2025-08-30 03:00:00.046000+00:00,1.25e-05
2025-08-30 04:00:00.038000+00:00,1.25e-05
2025-08-30 05:00:00.007000+00:00,1.25e-05
2025-08-30 06:00:00.022000+00:00,1.25e-05
2025-08-30 07:00:00.005000+00:00,1.25e-05
2025-08-30 08:00:00.065000+00:00,1.25e-05
2025-08-30 09:00:00.093000+00:00,1.25e-05
2025-08-30 10:00:00.028000+00:00,1.25e-05
2025-08-30 11:00:00.032000+00:00,1.25e-05
2025-08-30 12:00:00.089000+00:00,1.25e-05
2025-08-30 13:00:00.007000+00:00,1.25e-05
2025-08-30 14:00:00.025000+00:00,1.25e-05
2025-08-30 15:00:00.056000+00:00,1.25e-05
2025-08-30 16:00:00.064000+00:00,1.25e-05
2025-08-30 17:00:00.004000+00:00,1.25e-05
2025-08-30 18:00:00.037000+00:00,1.25e-05
2025-08-30 19:00:00.034000+00:00,1.25e-05
2025-08-30 20:00:00.093000+00:00,1.25e-05
2025-08-30 21:00:00.062000+00:00,1.25e-05
2025-08-30 22:00:00.053000+00:00,1.25e-05
2025-08-30 23:00:00.054000+00:00,1.25e-05
2025-08-31 00:00:00.044000+00:00,1.25e-05
2025-08-31 01:00:00.099000+00:00,1.25e-05
2025-08-31 02:00:00.042000+00:00,1.25e-05
2025-08-31 03:00:00.007000+00:00,1.25e-05
2025-08-31 04:00:00.021000+00:00,1.25e-05
2025-08-31 05:00:00.023000+00:00,1.25e-05
2025-08-31 06:00:00.063000+00:00,1.25e-05
2025-08-31 07:00:00.078000+00:00,1.25e-05
2025-08-31 08:00:00.011000+00:00,1.25e-05
2025-08-31 09:00:00.012000+00:00,1.25e-05
2025-08-31 10:00:00.076000+00:00,1.25e-05
2025-08-31 11:00:00.006000+00:00,1.25e-05
2025-08-31 12:00:00.113000+00:00,1.25e-05
2025-08-31 13:00:00+00:00,1.25e-05
2025-08-31 14:00:00.013000+00:00,1.25e-05
2025-08-31 15:00:00.120000+00:00,1.25e-05
2025-08-31 16:00:00.054000+00:00,1.25e-05
2025-08-31 17:00:00.083000+00:00,1.25e-05
2025-08-31 18:00:00.050000+00:00,1.25e-05
2025-08-31 19:00:00.032000+00:00,1.25e-05
2025-08-31 20:00:00.032000+00:00,1.25e-05
2025-08-31 21:00:00.023000+00:00,1.25e-05
2025-08-31 22:00:00.012000+00:00,1.25e-05
2025-08-31 23:00:00.092000+00:00,1.25e-05
2025-09-01 00:00:00.052000+00:00,1.25e-05
2025-09-01 01:00:00.072000+00:00,1.25e-05
2025-09-01 02:00:00.006000+00:00,1.25e-05
2025-09-01 03:00:00.049000+00:00,1.25e-05
2025-09-01 04:00:00.101000+00:00,1.25e-05
2025-09-01 05:00:00.020000+00:00,1.25e-05
2025-09-01 06:00:00.041000+00:00,1.25e-05
2025-09-01 07:00:00.022000+00:00,1.25e-05
2025-09-01 08:00:00.004000+00:00,1.25e-05
2025-09-01 09:00:00.003000+00:00,1.25e-05
2025-09-01 10:00:00.070000+00:00,1.25e-05
2025-09-01 11:00:00.068000+00:00,1.25e-05
2025-09-01 12:00:00.044000+00:00,1.25e-05
2025-09-01 13:00:00.042000+00:00,1.25e-05
2025-09-01 14:00:00.012000+00:00,1.25e-05
2025-09-01 15:00:00.082000+00:00,1.25e-05
2025-09-01 16:00:00.053000+00:00,1.25e-05
2025-09-01 17:00:00.015000+00:00,1.25e-05
2025-09-01 18:00:00.044000+00:00,2.71123e-05
2025-09-01 19:00:00.060000+00:00,6.53615e-05
2025-09-01 20:00:00.028000+00:00,8.79716e-05
2025-09-01 21:00:00.004000+00:00,5.19118e-05
2025-09-01 22:00:00.113000+00:00,4.35436e-05
2025-09-01 23:00:00.020000+00:00,1.25e-05
2025-09-02 00:00:00.036000+00:00,1.25e-05
2025-09-02 01:00:00.088000+00:00,1.25e-05
2025-09-02 02:00:00.040000+00:00,2.40336e-05
2025-09-02 03:00:00.001000+00:00,1.90398e-05
2025-09-02 04:00:00.034000+00:00,4.09863e-05
2025-09-02 05:00:00.050000+00:00,3.93612e-05
2025-09-02 06:00:00.017000+00:00,2.42809e-05
2025-09-02 07:00:00.049000+00:00,2.30243e-05
2025-09-02 08:00:00.022000+00:00,1.25e-05
2025-09-02 09:00:00.010000+00:00,3.89169e-05
2025-09-02 10:00:00.151000+00:00,2.64436e-05
2025-09-02 11:00:00.029000+00:00,1.76691e-05
2025-09-02 12:00:00.112000+00:00,1.25e-05
2025-09-02 13:00:00.004000+00:00,1.25e-05
2025-09-02 14:00:00.109000+00:00,1.25e-05
2025-09-02 15:00:00.008000+00:00,1.25e-05
2025-09-02 16:00:00.032000+00:00,1.25e-05
2025-09-02 17:00:00.026000+00:00,1.25e-05
2025-09-02 18:00:00.007000+00:00,1.25e-05
2025-09-02 19:00:00.039000+00:00,1.25e-05
2025-09-02 20:00:00.024000+00:00,1.25e-05
2025-09-02 21:00:00.004000+00:00,1.25e-05
2025-09-02 22:00:00.007000+00:00,1.25e-05
2025-09-02 23:00:00.077000+00:00,1.25e-05
2025-09-03 00:00:00.031000+00:00,1.25e-05
2025-09-03 01:00:00.093000+00:00,1.25e-05
2025-09-03 02:00:00.034000+00:00,1.25e-05
2025-09-03 03:00:00.030000+00:00,1.25e-05
2025-09-03 04:00:00.124000+00:00,2.0242e-05
2025-09-03 05:00:00.070000+00:00,4.47097e-05
2025-09-03 06:00:00.133000+00:00,1.25e-05
2025-09-03 07:00:00.014000+00:00,1.25e-05
2025-09-03 08:00:00.027000+00:00,1.25e-05
2025-09-03 09:00:00.004000+00:00,1.25e-05
2025-09-03 10:00:00.060000+00:00,2.23679e-05
2025-09-03 11:00:00.049000+00:00,1.25e-05
2025-09-03 12:00:00.065000+00:00,1.25e-05
2025-09-03 13:00:00.112000+00:00,1.25e-05
2025-09-03 14:00:00+00:00,1.25e-05
2025-09-03 15:00:00.004000+00:00,1.25e-05
2025-09-03 16:00:00.033000+00:00,1.25e-05
2025-09-03 17:00:00.020000+00:00,1.25e-05
2025-09-03 18:00:00.022000+00:00,1.25e-05
2025-09-03 19:00:00.050000+00:00,1.25e-05
2025-09-03 20:00:00.026000+00:00,1.25e-05
2025-09-03 21:00:00.045000+00:00,1.25e-05
2025-09-03 22:00:00.068000+00:00,1.25e-05
2025-09-03 23:00:00.003000+00:00,1.25e-05
2025-09-04 00:00:00.040000+00:00,1.25e-05
2025-09-04 01:00:00.102000+00:00,1.25e-05
2025-09-04 02:00:00.043000+00:00,1.25e-05
2025-09-04 03:00:00.079000+00:00,1.25e-05
2025-09-04 04:00:00.071000+00:00,1.25e-05
2025-09-04 05:00:00.045000+00:00,1.25e-05
2025-09-04 06:00:00.083000+00:00,1.25e-05
2025-09-04 07:00:00.001000+00:00,1.25e-05
2025-09-04 08:00:00.113000+00:00,1.25e-05
2025-09-04 09:00:00.009000+00:00,1.25e-05
2025-09-04 10:00:00.025000+00:00,1.25e-05
2025-09-04 11:00:00.053000+00:00,1.25e-05
2025-09-04 12:00:00.054000+00:00,1.25e-05
2025-09-04 13:00:00.002000+00:00,1.25e-05
2025-09-04 14:00:00.027000+00:00,1.25e-05
2025-09-04 15:00:00.020000+00:00,1.25e-05
2025-09-04 16:00:00.017000+00:00,1.25e-05
2025-09-04 17:00:00.069000+00:00,1.25e-05
2025-09-04 18:00:00.021000+00:00,1.25e-05
2025-09-04 19:00:00.011000+00:00,1.25e-05
2025-09-04 20:00:00.153000+00:00,1.25e-05
2025-09-04 21:00:00.049000+00:00,1.25e-05
2025-09-04 22:00:00.027000+00:00,1.25e-05
2025-09-04 23:00:00.064000+00:00,1.25e-05
2025-09-05 00:00:00.006000+00:00,1.25e-05
2025-09-05 01:00:00.090000+00:00,1.25e-05
2025-09-05 02:00:00.099000+00:00,1.25e-05
2025-09-05 03:00:00.072000+00:00,1.25e-05
2025-09-05 04:00:00.056000+00:00,1.25e-05
2025-09-05 05:00:00.047000+00:00,1.25e-05
2025-09-05 06:00:00.009000+00:00,1.25e-05
2025-09-05 07:00:00.040000+00:00,1.25e-05
2025-09-05 08:00:00.028000+00:00,1.25e-05
2025-09-05 09:00:00.004000+00:00,1.25e-05
2025-09-05 10:00:00.019000+00:00,1.25e-05
2025-09-05 11:00:00.030000+00:00,1.25e-05
2025-09-05 12:00:00.063000+00:00,1.25e-05
2025-09-05 13:00:00.068000+00:00,1.25e-05
2025-09-05 14:00:00.038000+00:00,1.25e-05
2025-09-05 15:00:00.008000+00:00,1.11157e-05
2025-09-05 16:00:00.036000+00:00,1.25e-05
2025-09-05 17:00:00.023000+00:00,1.25e-05
2025-09-05 18:00:00.028000+00:00,1.25e-05
2025-09-05 19:00:00.019000+00:00,1.25e-05
2025-09-05 20:00:00.042000+00:00,1.34822e-05
2025-09-05 21:00:00.060000+00:00,1.25e-05
2025-09-05 22:00:00.051000+00:00,1.25e-05
2025-09-05 23:00:00.048000+00:00,1.25e-05
2025-09-06 00:00:00.039000+00:00,1.25e-05
2025-09-06 01:00:00.038000+00:00,1.25e-05
2025-09-06 02:00:00.059000+00:00,1.25e-05
2025-09-06 03:00:00.115000+00:00,1.25e-05
2025-09-06 04:00:00.023000+00:00,1.25e-05
2025-09-06 05:00:00.035000+00:00,1.25e-05
2025-09-06 06:00:00.078000+00:00,1.25e-05
2025-09-06 07:00:00.086000+00:00,1.25e-05
2025-09-06 08:00:00.027000+00:00,1.25e-05
2025-09-06 09:00:00.002000+00:00,1.25e-05
2025-09-06 10:00:00.007000+00:00,1.25e-05
2025-09-06 11:00:00.064000+00:00,1.25e-05
2025-09-06 12:00:00.068000+00:00,1.25e-05
2025-09-06 13:00:00.087000+00:00,1.25e-05
2025-09-06 14:00:00.047000+00:00,1.25e-05
2025-09-06 15:00:00.032000+00:00,1.25e-05
2025-09-06 16:00:00.060000+00:00,1.25e-05
2025-09-06 17:00:00.102000+00:00,1.25e-05
2025-09-06 18:00:00.014000+00:00,1.25e-05
2025-09-06 19:00:00.075000+00:00,1.25e-05
2025-09-06 20:00:00.002000+00:00,1.25e-05
2025-09-06 21:00:00.008000+00:00,1.25e-05
2025-09-06 22:00:00.026000+00:00,1.25e-05
2025-09-06 23:00:00.056000+00:00,1.25e-05
2025-09-07 00:00:00.012000+00:00,1.25e-05
2025-09-07 01:00:00.027000+00:00,1.25e-05
2025-09-07 02:00:00.006000+00:00,1.25e-05
2025-09-07 03:00:00.048000+00:00,1.25e-05
2025-09-07 04:00:00.054000+00:00,1.25e-05
2025-09-07 05:00:00.006000+00:00,1.25e-05
2025-09-07 06:00:00.121000+00:00,1.25e-05
2025-09-07 07:00:00.062000+00:00,1.25e-05
2025-09-07 08:00:00.034000+00:00,1.25e-05
2025-09-07 09:00:00.039000+00:00,1.25e-05
2025-09-07 10:00:00.001000+00:00,1.25e-05
2025-09-07 11:00:00.055000+00:00,1.25e-05
2025-09-07 12:00:00.020000+00:00,1.25e-05
2025-09-07 13:00:00.003000+00:00,1.25e-05
2025-09-07 14:00:00.011000+00:00,1.25e-05
2025-09-07 15:00:00.109000+00:00,1.25e-05
2025-09-07 16:00:00.046000+00:00,1.25e-05
2025-09-07 17:00:00.034000+00:00,-5.1638e-06
2025-09-07 18:00:00.050000+00:00,-9.9062e-06
2025-09-07 19:00:00.022000+00:00,-8.776e-06
2025-09-07 20:00:00.102000+00:00,-7.9585e-06
2025-09-07 21:00:00.013000+00:00,5.1149e-06
2025-09-07 22:00:00.031000+00:00,-1.39924e-05
2025-09-07 23:00:00.036000+00:00,1.25e-05
2025-09-08 00:00:00.089000+00:00,1.25e-05
2025-09-08 01:00:00+00:00,-2.23409e-05
2025-09-08 02:00:00.018000+00:00,1.25e-05
2025-09-08 03:00:00.054000+00:00,1.25e-05
2025-09-08 04:00:00.002000+00:00,1.25e-05
2025-09-08 05:00:00.116000+00:00,1.25e-05
2025-09-08 06:00:00.061000+00:00,1.25e-05
2025-09-08 07:00:00.040000+00:00,1.25e-05
2025-09-08 08:00:00.066000+00:00,1.25e-05
2025-09-08 09:00:00.092000+00:00,1.25e-05
2025-09-08 10:00:00.019000+00:00,3.65911e-05
2025-09-08 11:00:00.029000+00:00,1.25e-05
2025-09-08 12:00:00.030000+00:00,1.25e-05
2025-09-08 13:00:00.100000+00:00,1.25e-05
2025-09-08 14:00:00.016000+00:00,1.25e-05
2025-09-08 15:00:00.068000+00:00,1.25e-05
2025-09-08 16:00:00.050000+00:00,1.25e-05
2025-09-08 17:00:00.111000+00:00,1.25e-05
2025-09-08 18:00:00.057000+00:00,1.25e-05
2025-09-08 19:00:00.010000+00:00,1.25e-05
2025-09-08 20:00:00.073000+00:00,-1.09193e-05
2025-09-08 21:00:00.040000+00:00,-5.24995e-05
2025-09-08 22:00:00.039000+00:00,1.25e-05
2025-09-08 23:00:00.057000+00:00,1.25e-05
2025-09-09 00:00:00.071000+00:00,-5.3484e-06
2025-09-09 01:00:00.055000+00:00,6.0177e-06
2025-09-09 02:00:00.059000+00:00,1.25e-05
2025-09-09 03:00:00.047000+00:00,1.25e-05
2025-09-09 04:00:00.039000+00:00,1.25e-05
2025-09-09 05:00:00.039000+00:00,1.25e-05
2025-09-09 06:00:00.110000+00:00,1.25e-05
2025-09-09 07:00:00.007000+00:00,4.20508e-05
2025-09-09 08:00:00.017000+00:00,2.08986e-05
2025-09-09 09:00:00.038000+00:00,1.25e-05
2025-09-09 10:00:00.059000+00:00,1.75241e-05
2025-09-09 11:00:00.047000+00:00,1.27884e-05
2025-09-09 12:00:00.031000+00:00,1.25e-05
2025-09-09 13:00:00.048000+00:00,1.25e-05
2025-09-09 14:00:00.019000+00:00,1.25e-05
2025-09-09 15:00:00.041000+00:00,1.25e-05
2025-09-09 16:00:00.051000+00:00,1.25e-05
2025-09-09 17:00:00.032000+00:00,1.25e-05
2025-09-09 18:00:00.037000+00:00,1.25e-05
2025-09-09 19:00:00.034000+00:00,1.25e-05
2025-09-09 20:00:00.054000+00:00,1.25e-05
2025-09-09 21:00:00.029000+00:00,1.25e-05
2025-09-09 22:00:00.044000+00:00,1.25e-05
2025-09-09 23:00:00+00:00,1.25e-05
2025-09-10 00:00:00.029000+00:00,1.25e-05
2025-09-10 01:00:00.014000+00:00,1.25e-05
2025-09-10 02:00:00.014000+00:00,1.25e-05
2025-09-10 03:00:00.037000+00:00,1.25e-05
2025-09-10 04:00:00.083000+00:00,1.25e-05
2025-09-10 05:00:00.009000+00:00,1.25e-05
2025-09-10 06:00:00.097000+00:00,1.25e-05
2025-09-10 07:00:00.063000+00:00,1.25e-05
2025-09-10 08:00:00.058000+00:00,1.25e-05
2025-09-10 09:00:00.087000+00:00,1.25e-05
2025-09-10 10:00:00.038000+00:00,3.09906e-05
2025-09-10 11:00:00.127000+00:00,1.25e-05
2025-09-10 12:00:00.084000+00:00,1.58874e-05
2025-09-10 13:00:00.100000+00:00,4.98677e-05
2025-09-10 14:00:00.042000+00:00,1.25e-05
2025-09-10 15:00:00.099000+00:00,1.25e-05
2025-09-10 16:00:00.044000+00:00,2.01246e-05
2025-09-10 17:00:00.005000+00:00,1.25e-05
2025-09-10 18:00:00.032000+00:00,1.25e-05
2025-09-10 19:00:00.003000+00:00,1.25e-05
2025-09-10 20:00:00.050000+00:00,1.25e-05
2025-09-10 21:00:00.008000+00:00,1.25e-05
2025-09-10 22:00:00.018000+00:00,1.25e-05
2025-09-10 23:00:00.009000+00:00,1.25e-05
2025-09-11 00:00:00.090000+00:00,1.25e-05
2025-09-11 01:00:00.051000+00:00,1.25e-05
2025-09-11 02:00:00.011000+00:00,1.25e-05
2025-09-11 03:00:00.096000+00:00,1.25e-05
2025-09-11 04:00:00.016000+00:00,1.25e-05
2025-09-11 05:00:00.032000+00:00,1.25e-05
2025-09-11 06:00:00.077000+00:00,1.25e-05
2025-09-11 07:00:00.052000+00:00,1.25e-05
2025-09-11 08:00:00.065000+00:00,1.25e-05
2025-09-11 09:00:00.055000+00:00,1.25e-05
2025-09-11 10:00:00.014000+00:00,1.25e-05
2025-09-11 11:00:00.002000+00:00,1.25e-05
2025-09-11 12:00:00.045000+00:00,1.25e-05
2025-09-11 13:00:00.020000+00:00,1.25e-05
2025-09-11 14:00:00.059000+00:00,1.25e-05
2025-09-11 15:00:00.142000+00:00,1.25e-05
2025-09-11 16:00:00.001000+00:00,1.24043e-05
2025-09-11 17:00:00.077000+00:00,1.25e-05
2025-09-11 18:00:00.082000+00:00,-1.6732e-06
2025-09-11 19:00:00.007000+00:00,-1.41435e-05
2025-09-11 20:00:00.007000+00:00,-1.0429e-05
2025-09-11 21:00:00.078000+00:00,1.25e-05
2025-09-11 22:00:00.029000+00:00,-1.47317e-05
2025-09-11 23:00:00.037000+00:00,-7.6353e-06
2025-09-12 00:00:00.055000+00:00,-2.2216e-05
2025-09-12 01:00:00.004000+00:00,1.25e-05
2025-09-12 02:00:00.060000+00:00,-2.29477e-05
2025-09-12 03:00:00.053000+00:00,-2.9805e-05
2025-09-12 04:00:00.037000+00:00,-2.7305e-06
2025-09-12 05:00:00.006000+00:00,9.9616e-06
2025-09-12 06:00:00.027000+00:00,1.25e-05
2025-09-12 07:00:00.044000+00:00,9.557e-06
2025-09-12 08:00:00.005000+00:00,-1.21336e-05
2025-09-12 09:00:00.066000+00:00,-1.07515e-05
2025-09-12 10:00:00.100000+00:00,1.25e-05
2025-09-12 11:00:00.040000+00:00,1.25e-05
2025-09-12 12:00:00.062000+00:00,1.25e-05
2025-09-12 13:00:00.062000+00:00,1.25e-05
2025-09-12 14:00:00.038000+00:00,1.25e-05
2025-09-12 15:00:00.048000+00:00,1.25e-05
2025-09-12 16:00:00.064000+00:00,7.5103e-06
2025-09-12 17:00:00.018000+00:00,1.25e-05
2025-09-12 18:00:00.026000+00:00,1.25e-05
2025-09-12 19:00:00.066000+00:00,1.25e-05
2025-09-12 20:00:00.057000+00:00,1.25e-05
2025-09-12 21:00:00.007000+00:00,-1.82275e-05
2025-09-12 22:00:00.031000+00:00,-6.25651e-05
2025-09-12 23:00:00.007000+00:00,-3.58157e-05
2025-09-13 00:00:00.038000+00:00,-2.64e-06
2025-09-13 01:00:00.008000+00:00,1.25e-05
2025-09-13 02:00:00.011000+00:00,-4.0942e-06
2025-09-13 03:00:00.107000+00:00,-1.78012e-05
2025-09-13 04:00:00+00:00,1.3139e-06
2025-09-13 05:00:00.060000+00:00,4.1622e-06
2025-09-13 06:00:00.032000+00:00,-2.01149e-05
2025-09-13 07:00:00.040000+00:00,1.25e-05
2025-09-13 08:00:00.064000+00:00,1.25e-05
2025-09-13 09:00:00.005000+00:00,3.0178e-06
2025-09-13 10:00:00.044000+00:00,-8.3454e-06
2025-09-13 11:00:00.042000+00:00,-2.4534e-06
2025-09-13 12:00:00.046000+00:00,-7.351e-07
2025-09-13 13:00:00.035000+00:00,9.8367e-06
2025-09-13 14:00:00.053000+00:00,-2.04689e-05
2025-09-13 15:00:00.013000+00:00,-1.21434e-05
2025-09-13 16:00:00.049000+00:00,-5.5944e-06
2025-09-13 17:00:00.030000+00:00,-8.401e-06
2025-09-13 18:00:00.037000+00:00,-4.04317e-05
2025-09-13 19:00:00.042000+00:00,-4.44209e-05
2025-09-13 20:00:00.032000+00:00,-6.1161e-06
2025-09-13 21:00:00.082000+00:00,-2.77115e-05
2025-09-13 22:00:00.128000+00:00,-2.31957e-05
2025-09-13 23:00:00.121000+00:00,-8.0155e-06
2025-09-14 00:00:00.036000+00:00,-3.702e-06
2025-09-14 01:00:00.008000+00:00,1.25e-05
2025-09-14 02:00:00.034000+00:00,1.25e-05
2025-09-14 03:00:00.007000+00:00,4.3234e-06
2025-09-14 04:00:00.044000+00:00,1.25e-05
2025-09-14 05:00:00.080000+00:00,1.25e-05
2025-09-14 06:00:00.022000+00:00,1.25e-05
2025-09-14 07:00:00.026000+00:00,1.25e-05
2025-09-14 08:00:00.033000+00:00,1.25e-05
2025-09-14 09:00:00.057000+00:00,1.25e-05
2025-09-14 10:00:00.048000+00:00,1.25e-05
2025-09-14 11:00:00.030000+00:00,1.25e-05
2025-09-14 12:00:00.037000+00:00,1.25e-05
2025-09-14 13:00:00.025000+00:00,1.25e-05
2025-09-14 14:00:00.084000+00:00,1.25e-05
2025-09-14 15:00:00.078000+00:00,1.25e-05
2025-09-14 16:00:00.118000+00:00,1.25e-05
2025-09-14 17:00:00.032000+00:00,1.25e-05
2025-09-14 18:00:00.027000+00:00,1.25e-05
2025-09-14 19:00:00.060000+00:00,1.25e-05
2025-09-14 20:00:00.028000+00:00,1.25e-05
2025-09-14 21:00:00.035000+00:00,1.25e-05
2025-09-14 22:00:00.007000+00:00,1.25e-05
2025-09-14 23:00:00.009000+00:00,-5.4529e-06
2025-09-15 00:00:00.027000+00:00,-1.28987e-05
2025-09-15 01:00:00.015000+00:00,-3.7945e-06
2025-09-15 02:00:00.009000+00:00,-3.13524e-05
2025-09-15 03:00:00.066000+00:00,7.0838e-06
2025-09-15 04:00:00.008000+00:00,1.25e-05
2025-09-15 05:00:00.050000+00:00,1.25e-05
2025-09-15 06:00:00.044000+00:00,1.25e-05
2025-09-15 07:00:00.013000+00:00,-1.4956e-05
2025-09-15 08:00:00.017000+00:00,8.0488e-06
2025-09-15 09:00:00.001000+00:00,1.25e-05
2025-09-15 10:00:00.048000+00:00,1.25e-05
2025-09-15 11:00:00.076000+00:00,1.25e-05
2025-09-15 12:00:00.020000+00:00,1.25e-05
2025-09-15 13:00:00.014000+00:00,1.25e-05
2025-09-15 14:00:00.116000+00:00,1.25e-05
2025-09-15 15:00:00.031000+00:00,6.0604e-06
2025-09-15 16:00:00.022000+00:00,-7.6093e-06
2025-09-15 17:00:00.099000+00:00,1.25e-05
2025-09-15 18:00:00.041000+00:00,1.25e-05
2025-09-15 19:00:00.063000+00:00,1.25e-05
2025-09-15 20:00:00.092000+00:00,1.25e-05
2025-09-15 21:00:00.047000+00:00,1.25e-05
2025-09-15 22:00:00.030000+00:00,1.25e-05
2025-09-15 23:00:00.060000+00:00,1.25e-05
2025-09-16 00:00:00.021000+00:00,1.25e-05
2025-09-16 01:00:00.020000+00:00,1.25e-05
2025-09-16 02:00:00.103000+00:00,1.25e-05
2025-09-16 03:00:00.020000+00:00,1.25e-05
2025-09-16 04:00:00.055000+00:00,1.25e-05
2025-09-16 05:00:00.033000+00:00,1.25e-05
2025-09-16 06:00:00+00:00,1.25e-05
2025-09-16 07:00:00.117000+00:00,1.25e-05
2025-09-16 08:00:00.093000+00:00,1.25e-05
2025-09-16 09:00:00.063000+00:00,1.25e-05
2025-09-16 10:00:00.055000+00:00,1.25e-05
2025-09-16 11:00:00.005000+00:00,1.25e-05
2025-09-16 12:00:00.032000+00:00,1.74888e-05
2025-09-16 13:00:00.053000+00:00,1.96846e-05
2025-09-16 14:00:00.018000+00:00,2.91312e-05
2025-09-16 15:00:00.026000+00:00,1.25e-05
2025-09-16 16:00:00.021000+00:00,1.25e-05
2025-09-16 17:00:00.002000+00:00,1.25e-05
2025-09-16 18:00:00.032000+00:00,1.25e-05
2025-09-16 19:00:00.049000+00:00,1.25e-05
2025-09-16 20:00:00.044000+00:00,1.25e-05
2025-09-16 21:00:00.073000+00:00,1.25e-05
2025-09-16 22:00:00.078000+00:00,1.25e-05
2025-09-16 23:00:00.027000+00:00,1.25e-05
2025-09-17 00:00:00.089000+00:00,1.25e-05
2025-09-17 01:00:00.035000+00:00,1.25e-05
2025-09-17 02:00:00.074000+00:00,1.25e-05
2025-09-17 03:00:00.013000+00:00,1.25e-05
2025-09-17 04:00:00.030000+00:00,1.25e-05
2025-09-17 05:00:00.084000+00:00,1.25e-05
2025-09-17 06:00:00.012000+00:00,1.25e-05
2025-09-17 07:00:00.059000+00:00,1.25e-05
2025-09-17 08:00:00.061000+00:00,1.25e-05
2025-09-17 09:00:00.064000+00:00,9.7704e-06
2025-09-17 10:00:00.017000+00:00,-1.06e-06
2025-09-17 11:00:00.055000+00:00,-5.7113e-06
2025-09-17 12:00:00.040000+00:00,1.25e-05
2025-09-17 13:00:00.061000+00:00,1.22069e-05
2025-09-17 14:00:00.016000+00:00,1.25e-05
2025-09-17 15:00:00.015000+00:00,1.6774e-06
2025-09-17 16:00:00.001000+00:00,1.25e-05
2025-09-17 17:00:00.085000+00:00,-4.4756e-06
2025-09-17 18:00:00.038000+00:00,1.25e-05
2025-09-17 19:00:00.017000+00:00,1.23997e-05
2025-09-17 20:00:00.076000+00:00,1.25e-05
2025-09-17 21:00:00.089000+00:00,1.25e-05
2025-09-17 22:00:00.039000+00:00,1.25e-05
2025-09-17 23:00:00.061000+00:00,1.25e-05
2025-09-18 00:00:00.010000+00:00,1.25e-05
2025-09-18 01:00:00.065000+00:00,1.37739e-05
2025-09-18 02:00:00.072000+00:00,1.25e-05
2025-09-18 03:00:00.061000+00:00,3.9379e-05
2025-09-18 04:00:00.067000+00:00,1.25e-05
2025-09-18 05:00:00.024000+00:00,1.25e-05
2025-09-18 06:00:00.022000+00:00,3.43825e-05
2025-09-18 07:00:00.030000+00:00,1.25e-05
2025-09-18 08:00:00.017000+00:00,2.73055e-05
2025-09-18 09:00:00.056000+00:00,1.25e-05
2025-09-18 10:00:00.033000+00:00,1.25e-05
2025-09-18 11:00:00.053000+00:00,1.25e-05
2025-09-18 12:00:00.068000+00:00,1.25e-05
2025-09-18 13:00:00.082000+00:00,1.25e-05
2025-09-18 14:00:00.008000+00:00,1.25e-05
2025-09-18 15:00:00.185000+00:00,1.25e-05
2025-09-18 16:00:00.048000+00:00,1.25e-05
2025-09-18 17:00:00.100000+00:00,1.25e-05
2025-09-18 18:00:00.087000+00:00,1.25e-05
2025-09-18 19:00:00.062000+00:00,1.25e-05
2025-09-18 20:00:00.010000+00:00,1.25e-05
2025-09-18 21:00:00.001000+00:00,1.25e-05
2025-09-18 22:00:00.021000+00:00,1.25e-05
2025-09-18 23:00:00.114000+00:00,1.25e-05
2025-09-19 00:00:00.070000+00:00,1.25e-05
2025-09-19 01:00:00.048000+00:00,1.25e-05
2025-09-19 02:00:00.098000+00:00,1.25e-05
2025-09-19 03:00:00.047000+00:00,1.25e-05
2025-09-19 04:00:00.064000+00:00,1.25e-05
2025-09-19 05:00:00.018000+00:00,1.51968e-05
2025-09-19 06:00:00.076000+00:00,1.25e-05
2025-09-19 07:00:00.001000+00:00,1.25e-05
2025-09-19 08:00:00.030000+00:00,3.69358e-05
2025-09-19 09:00:00.109000+00:00,2.08842e-05
2025-09-19 10:00:00.042000+00:00,1.25e-05
2025-09-19 11:00:00.063000+00:00,1.25e-05
2025-09-19 12:00:00.001000+00:00,1.25e-05
2025-09-19 13:00:00.038000+00:00,4.54456e-05
2025-09-19 14:00:00.041000+00:00,6.11398e-05
2025-09-19 15:00:00.012000+00:00,3.59149e-05
2025-09-19 16:00:00.032000+00:00,3.69108e-05
2025-09-19 17:00:00.052000+00:00,5.37322e-05
2025-09-19 18:00:00.047000+00:00,2.74387e-05
2025-09-19 19:00:00.049000+00:00,2.24484e-05
2025-09-19 20:00:00.023000+00:00,2.17009e-05
2025-09-19 21:00:00.022000+00:00,1.25e-05
2025-09-19 22:00:00.053000+00:00,1.25e-05
2025-09-19 23:00:00.020000+00:00,1.59132e-05
2025-09-20 00:00:00.068000+00:00,2.5211e-05
2025-09-20 01:00:00.039000+00:00,3.44843e-05
2025-09-20 02:00:00.064000+00:00,5.76881e-05
2025-09-20 03:00:00.060000+00:00,3.77307e-05
2025-09-20 04:00:00.045000+00:00,1.80914e-05
2025-09-20 05:00:00.047000+00:00,2.75446e-05
2025-09-20 06:00:00.066000+00:00,4.14193e-05
2025-09-20 07:00:00.027000+00:00,4.831e-05
2025-09-20 08:00:00.039000+00:00,3.64863e-05
2025-09-20 09:00:00.037000+00:00,1.38837e-05
2025-09-20 10:00:00.045000+00:00,4.22242e-05
2025-09-20 11:00:00.029000+00:00,4.83141e-05
2025-09-20 12:00:00.058000+00:00,6.47375e-05
2025-09-20 13:00:00.066000+00:00,6.10564e-05
2025-09-20 14:00:00.052000+00:00,3.93768e-05
2025-09-20 15:00:00.015000+00:00,2.59259e-05
2025-09-20 16:00:00.082000+00:00,1.25e-05
2025-09-20 17:00:00.089000+00:00,2.05706e-05
2025-09-20 18:00:00.108000+00:00,1.25e-05
2025-09-20 19:00:00.077000+00:00,1.25e-05
2025-09-20 20:00:00.086000+00:00,3.99571e-05
2025-09-20 21:00:00.062000+00:00,2.28316e-05
2025-09-20 22:00:00.039000+00:00,5.30325e-05
2025-09-20 23:00:00.039000+00:00,4.14071e-05
2025-09-21 00:00:00.041000+00:00,2.01911e-05
2025-09-21 01:00:00.054000+00:00,1.60651e-05
2025-09-21 02:00:00.091000+00:00,1.25e-05
2025-09-21 03:00:00.037000+00:00,1.25e-05
2025-09-21 04:00:00.092000+00:00,1.25e-05
2025-09-21 05:00:00.037000+00:00,3.53968e-05
2025-09-21 06:00:00.033000+00:00,1.89497e-05
2025-09-21 07:00:00.060000+00:00,5.76226e-05
2025-09-21 08:00:00.018000+00:00,2.88592e-05
2025-09-21 09:00:00.030000+00:00,1.25e-05
2025-09-21 10:00:00.048000+00:00,1.25e-05
2025-09-21 11:00:00.031000+00:00,3.30965e-05
2025-09-21 12:00:00.050000+00:00,5.16777e-05
2025-09-21 13:00:00.064000+00:00,2.98815e-05
2025-09-21 14:00:00.056000+00:00,1.25e-05
2025-09-21 15:00:00.069000+00:00,1.25e-05
2025-09-21 16:00:00.028000+00:00,5.28012e-05
2025-09-21 17:00:00.007000+00:00,8.98096e-05
2025-09-21 18:00:00.002000+00:00,0.000123274
2025-09-21 19:00:00.108000+00:00,0.0001104677
2025-09-21 20:00:00.107000+00:00,0.0001338345
2025-09-21 21:00:00.032000+00:00,9.34741e-05
2025-09-21 22:00:00.091000+00:00,7.02078e-05
2025-09-21 23:00:00.106000+00:00,0.0001052042
2025-09-22 00:00:00.090000+00:00,9.96437e-05
2025-09-22 01:00:00.068000+00:00,5.18396e-05
2025-09-22 02:00:00+00:00,1.25e-05
2025-09-22 03:00:00.040000+00:00,2.49863e-05
2025-09-22 04:00:00.033000+00:00,8.21189e-05
2025-09-22 05:00:00.062000+00:00,8.63672e-05
2025-09-22 06:00:00.095000+00:00,9.90493e-05
2025-09-22 07:00:00.026000+00:00,5.45693e-05
2025-09-22 08:00:00.036000+00:00,6.25945e-05
2025-09-22 09:00:00.021000+00:00,8.48578e-05
2025-09-22 10:00:00.097000+00:00,4.70645e-05
2025-09-22 11:00:00.090000+00:00,2.16478e-05
2025-09-22 12:00:00.057000+00:00,1.25e-05
2025-09-22 13:00:00.008000+00:00,2.88766e-05
2025-09-22 14:00:00.074000+00:00,4.16349e-05
2025-09-22 15:00:00.010000+00:00,1.25e-05
2025-09-22 16:00:00.001000+00:00,1.25e-05
2025-09-22 17:00:00.106000+00:00,8.79587e-05
2025-09-22 18:00:00.026000+00:00,5.87753e-05
2025-09-22 19:00:00.058000+00:00,3.49991e-05
2025-09-22 20:00:00.076000+00:00,5.12761e-05
2025-09-22 21:00:00.091000+00:00,6.52406e-05
2025-09-22 22:00:00.056000+00:00,5.26217e-05
2025-09-22 23:00:00.030000+00:00,4.14058e-05
2025-09-23 00:00:00.047000+00:00,5.62009e-05
2025-09-23 01:00:00.005000+00:00,2.0665e-05
2025-09-23 02:00:00.101000+00:00,2.79348e-05
2025-09-23 03:00:00.062000+00:00,2.94831e-05
2025-09-23 04:00:00.013000+00:00,2.35789e-05
2025-09-23 05:00:00.077000+00:00,4.33869e-05
2025-09-23 06:00:00.005000+00:00,5.14372e-05
2025-09-23 07:00:00.003000+00:00,1.94378e-05
2025-09-23 08:00:00.038000+00:00,1.25e-05
2025-09-23 09:00:00.072000+00:00,4.05146e-05
2025-09-23 10:00:00.042000+00:00,3.0609e-05
2025-09-23 11:00:00.022000+00:00,2.61839e-05
2025-09-23 12:00:00.009000+00:00,2.38186e-05
2025-09-23 13:00:00.046000+00:00,5.00696e-05
2025-09-23 14:00:00.106000+00:00,4.6814e-05
2025-09-23 15:00:00.055000+00:00,2.46342e-05
2025-09-23 16:00:00.051000+00:00,5.07419e-05
2025-09-23 17:00:00.043000+00:00,4.30151e-05
2025-09-23 18:00:00.083000+00:00,4.4695e-05
2025-09-23 19:00:00.011000+00:00,6.50584e-05
2025-09-23 20:00:00.002000+00:00,4.55724e-05
2025-09-23 21:00:00.028000+00:00,0.0001087684
2025-09-23 22:00:00.031000+00:00,8.13688e-05
2025-09-23 23:00:00.001000+00:00,8.9633e-05
2025-09-24 00:00:00.067000+00:00,9.09419e-05
2025-09-24 01:00:00.042000+00:00,0.0001195091
2025-09-24 02:00:00.101000+00:00,0.0001193109
2025-09-24 03:00:00.031000+00:00,7.07112e-05
2025-09-24 04:00:00.022000+00:00,5.72347e-05
2025-09-24 05:00:00.088000+00:00,3.82739e-05
2025-09-24 06:00:00.049000+00:00,0.0001173431
2025-09-24 07:00:00.062000+00:00,0.0001030922
2025-09-24 08:00:00.052000+00:00,4.69192e-05
2025-09-24 09:00:00.014000+00:00,9.43483e-05
2025-09-24 10:00:00.083000+00:00,3.48845e-05
2025-09-24 11:00:00.025000+00:00,1.25e-05
2025-09-24 12:00:00.029000+00:00,1.25e-05
2025-09-24 13:00:00.014000+00:00,1.58873e-05
2025-09-24 14:00:00.029000+00:00,1.25e-05
2025-09-24 15:00:00.013000+00:00,1.93672e-05
2025-09-24 16:00:00.040000+00:00,1.51974e-05
2025-09-24 17:00:00.098000+00:00,1.25e-05
2025-09-24 18:00:00.052000+00:00,4.00084e-05
2025-09-24 19:00:00.007000+00:00,1.77076e-05
2025-09-24 20:00:00.014000+00:00,1.25e-05
2025-09-24 21:00:00.070000+00:00,1.25e-05
2025-09-24 22:00:00.049000+00:00,1.25e-05
2025-09-24 23:00:00.021000+00:00,1.25e-05
2025-09-25 00:00:00.226000+00:00,1.25e-05
2025-09-25 01:00:00.067000+00:00,1.25e-05
2025-09-25 02:00:00.028000+00:00,1.25e-05
2025-09-25 03:00:00.070000+00:00,1.25e-05
2025-09-25 04:00:00.049000+00:00,1.25e-05
2025-09-25 05:00:00.054000+00:00,1.25e-05
2025-09-25 06:00:00.001000+00:00,6.33725e-05
2025-09-25 07:00:00.049000+00:00,1.50275e-05
2025-09-25 08:00:00.077000+00:00,6.04779e-05
2025-09-25 09:00:00.034000+00:00,7.28576e-05
2025-09-25 10:00:00.004000+00:00,2.56717e-05
2025-09-25 11:00:00.011000+00:00,4.47872e-05
2025-09-25 12:00:00.048000+00:00,0.0001084732
2025-09-25 13:00:00.068000+00:00,0.0001735621
2025-09-25 14:00:00.103000+00:00,2.19382e-05
2025-09-25 15:00:00.006000+00:00,1.25e-05
2025-09-25 16:00:00.033000+00:00,1.25e-05
2025-09-25 17:00:00.026000+00:00,3.78824e-05
2025-09-25 18:00:00.017000+00:00,8.5716e-05
2025-09-25 19:00:00.029000+00:00,6.83211e-05
2025-09-25 20:00:00.011000+00:00,8.03968e-05
2025-09-25 21:00:00.060000+00:00,3.21989e-05
2025-09-25 22:00:00.062000+00:00,5.64523e-05
2025-09-25 23:00:00.051000+00:00,2.35232e-05
2025-09-26 00:00:00.107000+00:00,1.25e-05
2025-09-26 01:00:00.013000+00:00,1.25e-05
2025-09-26 02:00:00.031000+00:00,1.25e-05
2025-09-26 03:00:00.020000+00:00,1.25e-05
2025-09-26 04:00:00.087000+00:00,1.25e-05
2025-09-26 05:00:00.086000+00:00,7.48771e-05
2025-09-26 06:00:00.023000+00:00,4.69949e-05
2025-09-26 07:00:00.012000+00:00,1.92015e-05
2025-09-26 08:00:00.009000+00:00,4.84865e-05
2025-09-26 09:00:00.095000+00:00,4.58303e-05
2025-09-26 10:00:00.012000+00:00,6.05783e-05
2025-09-26 11:00:00.010000+00:00,9.10108e-05
2025-09-26 12:00:00.071000+00:00,7.11577e-05
2025-09-26 13:00:00.053000+00:00,5.07185e-05
2025-09-26 14:00:00.002000+00:00,5.35956e-05
2025-09-26 15:00:00.060000+00:00,3.61912e-05
2025-09-26 16:00:00.048000+00:00,1.98313e-05
2025-09-26 17:00:00.062000+00:00,2.91026e-05
2025-09-26 18:00:00.108000+00:00,2.83669e-05
2025-09-26 19:00:00.105000+00:00,1.25e-05
2025-09-26 20:00:00.024000+00:00,1.25e-05
2025-09-26 21:00:00.002000+00:00,1.25e-05
2025-09-26 22:00:00.024000+00:00,1.25e-05
2025-09-26 23:00:00.029000+00:00,1.25e-05
2025-09-27 00:00:00.099000+00:00,1.25e-05
2025-09-27 01:00:00.050000+00:00,1.25e-05
2025-09-27 02:00:00.019000+00:00,1.25e-05
2025-09-27 03:00:00.048000+00:00,1.25e-05
2025-09-27 04:00:00.008000+00:00,1.25e-05
2025-09-27 05:00:00.029000+00:00,8.11725e-05
2025-09-27 06:00:00.028000+00:00,0.0001229166
2025-09-27 07:00:00.002000+00:00,5.91161e-05
2025-09-27 08:00:00.051000+00:00,4.60107e-05
2025-09-27 09:00:00.004000+00:00,1.25e-05
2025-09-27 10:00:00.021000+00:00,1.25e-05
2025-09-27 11:00:00.013000+00:00,1.25e-05
2025-09-27 12:00:00.078000+00:00,1.25e-05
2025-09-27 13:00:00.060000+00:00,1.25e-05
2025-09-27 14:00:00.030000+00:00,1.25e-05
2025-09-27 15:00:00.062000+00:00,1.25e-05
2025-09-27 16:00:00.007000+00:00,1.25e-05
2025-09-27 17:00:00.005000+00:00,1.25e-05
2025-09-27 18:00:00.024000+00:00,1.25e-05
2025-09-27 19:00:00.061000+00:00,1.25e-05
2025-09-27 20:00:00.008000+00:00,1.25e-05
2025-09-27 21:00:00.004000+00:00,1.25e-05
2025-09-27 22:00:00.086000+00:00,3.20637e-05
2025-09-27 23:00:00.005000+00:00,1.25e-05
2025-09-28 00:00:00.025000+00:00,1.25e-05
2025-09-28 01:00:00.028000+00:00,1.25e-05
2025-09-28 02:00:00.035000+00:00,1.25e-05
2025-09-28 03:00:00.010000+00:00,2.33414e-05
2025-09-28 04:00:00.061000+00:00,1.25e-05
2025-09-28 05:00:00.013000+00:00,1.25e-05
2025-09-28 06:00:00.111000+00:00,1.25e-05
2025-09-28 07:00:00.049000+00:00,1.25e-05
2025-09-28 08:00:00.007000+00:00,1.25e-05
2025-09-28 09:00:00.040000+00:00,1.25e-05
2025-09-28 10:00:00.027000+00:00,1.25e-05
2025-09-28 11:00:00.011000+00:00,1.25e-05
2025-09-28 12:00:00.071000+00:00,1.25e-05
2025-09-28 13:00:00.011000+00:00,1.25e-05
2025-09-28 14:00:00.050000+00:00,1.25e-05
2025-09-28 15:00:00.065000+00:00,1.25e-05
2025-09-28 16:00:00.022000+00:00,1.25e-05
2025-09-28 17:00:00.040000+00:00,1.25e-05
2025-09-28 18:00:00.027000+00:00,1.25e-05
2025-09-28 19:00:00.127000+00:00,1.25e-05
2025-09-28 20:00:00.004000+00:00,1.25e-05
2025-09-28 21:00:00.011000+00:00,1.25e-05
2025-09-28 22:00:00.035000+00:00,1.25e-05
2025-09-28 23:00:00.053000+00:00,1.25e-05
2025-09-29 00:00:00.006000+00:00,2.6925e-06
2025-09-29 01:00:00.022000+00:00,-7.6921e-06
2025-09-29 02:00:00.111000+00:00,1.25e-05
2025-09-29 03:00:00.011000+00:00,1.25e-05
2025-09-29 04:00:00.017000+00:00,1.25e-05
2025-09-29 05:00:00.062000+00:00,1.25e-05
2025-09-29 06:00:00.090000+00:00,1.25e-05
2025-09-29 07:00:00.062000+00:00,1.25e-05
2025-09-29 08:00:00.058000+00:00,1.25e-05
2025-09-29 09:00:00.034000+00:00,1.25e-05
2025-09-29 10:00:00.007000+00:00,1.25e-05
2025-09-29 11:00:00.002000+00:00,1.25e-05
2025-09-29 12:00:00.045000+00:00,1.25e-05
2025-09-29 13:00:00.066000+00:00,1.25e-05
2025-09-29 14:00:00.081000+00:00,1.25e-05
2025-09-29 15:00:00.027000+00:00,2.58101e-05
2025-09-29 16:00:00.050000+00:00,1.25e-05
2025-09-29 17:00:00.145000+00:00,1.25e-05
2025-09-29 18:00:00.077000+00:00,1.25e-05
2025-09-29 19:00:00.082000+00:00,1.25e-05
2025-09-29 20:00:00.048000+00:00,1.25e-05
2025-09-29 21:00:00.054000+00:00,1.25e-05
2025-09-29 22:00:00.018000+00:00,1.25e-05
2025-09-29 23:00:00.050000+00:00,1.25e-05
2025-09-30 00:00:00.020000+00:00,1.25e-05
2025-09-30 01:00:00.079000+00:00,1.25e-05
2025-09-30 02:00:00.029000+00:00,1.25e-05
2025-09-30 03:00:00.090000+00:00,1.25e-05
2025-09-30 04:00:00.014000+00:00,1.25e-05
2025-09-30 05:00:00.051000+00:00,6.23268e-05
2025-09-30 06:00:00.040000+00:00,2.82745e-05
2025-09-30 07:00:00.009000+00:00,1.62046e-05
2025-09-30 08:00:00.064000+00:00,1.56378e-05
2025-09-30 09:00:00.034000+00:00,2.69974e-05
2025-09-30 10:00:00.033000+00:00,1.25e-05
2025-09-30 11:00:00.021000+00:00,2.71198e-05
2025-09-30 12:00:00.050000+00:00,1.25e-05
2025-09-30 13:00:00.009000+00:00,2.66699e-05
2025-09-30 14:00:00.020000+00:00,1.25e-05
2025-09-30 15:00:00+00:00,1.25e-05
2025-09-30 16:00:00.051000+00:00,3.35182e-05
2025-09-30 17:00:00.008000+00:00,5.91535e-05
2025-09-30 18:00:00.069000+00:00,3.86034e-05
2025-09-30 19:00:00.040000+00:00,5.94264e-05
2025-09-30 20:00:00.043000+00:00,7.45926e-05
2025-09-30 21:00:00.030000+00:00,2.8222e-05
2025-09-30 22:00:00.021000+00:00,2.36484e-05
2025-09-30 23:00:00.007000+00:00,1.87198e-05
2025-10-01 00:00:00.098000+00:00,1.43609e-05
2025-10-01 01:00:00.054000+00:00,1.25e-05
2025-10-01 02:00:00.041000+00:00,2.47113e-05
2025-10-01 03:00:00.042000+00:00,1.25e-05
2025-10-01 04:00:00.054000+00:00,1.25e-05
2025-10-01 05:00:00.012000+00:00,1.25e-05
2025-10-01 06:00:00.068000+00:00,1.25e-05
2025-10-01 07:00:00.008000+00:00,1.25e-05
2025-10-01 08:00:00.041000+00:00,1.61171e-05
2025-10-01 09:00:00.031000+00:00,1.25e-05
2025-10-01 10:00:00.020000+00:00,1.25e-05
2025-10-01 11:00:00.030000+00:00,1.25e-05
2025-10-01 12:00:00.021000+00:00,1.25e-05
2025-10-01 13:00:00.045000+00:00,1.25e-05
2025-10-01 14:00:00.081000+00:00,1.25e-05
2025-10-01 15:00:00.109000+00:00,1.25e-05
2025-10-01 16:00:00.038000+00:00,1.25e-05
2025-10-01 17:00:00.083000+00:00,1.25e-05
2025-10-01 18:00:00.062000+00:00,1.25e-05
2025-10-01 19:00:00.083000+00:00,1.25e-05
2025-10-01 20:00:00.086000+00:00,1.25e-05
2025-10-01 21:00:00.026000+00:00,1.25e-05
2025-10-01 22:00:00.034000+00:00,1.25e-05
2025-10-01 23:00:00+00:00,1.25e-05
2025-10-02 00:00:00.016000+00:00,1.25e-05
2025-10-02 01:00:00.056000+00:00,1.25e-05
2025-10-02 02:00:00.057000+00:00,1.25e-05
2025-10-02 03:00:00.013000+00:00,1.25e-05
2025-10-02 04:00:00.018000+00:00,2.82554e-05
2025-10-02 05:00:00.005000+00:00,1.25e-05
2025-10-02 06:00:00.017000+00:00,2.22458e-05
2025-10-02 07:00:00.027000+00:00,1.25e-05
2025-10-02 08:00:00.063000+00:00,1.25e-05
2025-10-02 09:00:00.005000+00:00,1.25e-05
2025-10-02 10:00:00.024000+00:00,1.65638e-05
2025-10-02 11:00:00.016000+00:00,3.74047e-05
2025-10-02 12:00:00.036000+00:00,1.25e-05
2025-10-02 13:00:00.057000+00:00,1.25e-05
2025-10-02 14:00:00.020000+00:00,1.25e-05
2025-10-02 15:00:00.057000+00:00,1.25e-05
2025-10-02 16:00:00.033000+00:00,1.25e-05
2025-10-02 17:00:00.014000+00:00,4.4891e-05
2025-10-02 18:00:00.012000+00:00,4.65007e-05
2025-10-02 19:00:00.040000+00:00,2.40216e-05
2025-10-02 20:00:00.064000+00:00,2.53773e-05
2025-10-02 21:00:00.025000+00:00,1.25e-05
2025-10-02 22:00:00.095000+00:00,1.25e-05
2025-10-02 23:00:00.006000+00:00,1.25e-05
2025-10-03 00:00:00.008000+00:00,1.25e-05
2025-10-03 01:00:00.071000+00:00,1.25e-05
2025-10-03 02:00:00.012000+00:00,1.25e-05
2025-10-03 03:00:00.017000+00:00,1.25e-05
2025-10-03 04:00:00.028000+00:00,1.25e-05
2025-10-03 05:00:00.069000+00:00,1.25e-05
2025-10-03 06:00:00.014000+00:00,1.25e-05
2025-10-03 07:00:00.070000+00:00,1.25e-05
2025-10-03 08:00:00.028000+00:00,1.25e-05
2025-10-03 09:00:00.073000+00:00,1.25e-05
2025-10-03 10:00:00.007000+00:00,1.25e-05
2025-10-03 11:00:00.007000+00:00,2.81786e-05
2025-10-03 12:00:00.020000+00:00,2.46838e-05
2025-10-03 13:00:00.015000+00:00,4.15415e-05
2025-10-03 14:00:00.013000+00:00,2.02922e-05
2025-10-03 15:00:00.033000+00:00,2.87275e-05
2025-10-03 16:00:00.030000+00:00,3.91001e-05
2025-10-03 17:00:00.016000+00:00,2.74375e-05
2025-10-03 18:00:00.018000+00:00,3.04701e-05
2025-10-03 19:00:00.105000+00:00,4.87176e-05
2025-10-03 20:00:00.048000+00:00,3.88056e-05
2025-10-03 21:00:00.197000+00:00,5.69854e-05
2025-10-03 22:00:00.055000+00:00,4.19886e-05
2025-10-03 23:00:00.035000+00:00,5.16044e-05
2025-10-04 00:00:00.006000+00:00,2.57244e-05
2025-10-04 01:00:00.026000+00:00,1.31506e-05
2025-10-04 02:00:00.070000+00:00,3.28469e-05
2025-10-04 03:00:00.062000+00:00,4.33814e-05
2025-10-04 04:00:00.046000+00:00,1.79899e-05
2025-10-04 05:00:00.098000+00:00,3.2227e-05
2025-10-04 06:00:00.044000+00:00,4.52406e-05
2025-10-04 07:00:00.112000+00:00,5.73995e-05
2025-10-04 08:00:00.019000+00:00,2.65871e-05
2025-10-04 09:00:00.059000+00:00,1.25e-05
2025-10-04 10:00:00.014000+00:00,1.25e-05
2025-10-04 11:00:00.010000+00:00,1.25e-05
2025-10-04 12:00:00.009000+00:00,1.25e-05
2025-10-04 13:00:00.001000+00:00,1.25e-05
2025-10-04 14:00:00.055000+00:00,1.25e-05
2025-10-04 15:00:00.060000+00:00,1.25e-05
2025-10-04 16:00:00.016000+00:00,1.25e-05
2025-10-04 17:00:00.068000+00:00,1.25e-05
2025-10-04 18:00:00.073000+00:00,1.97203e-05
2025-10-04 19:00:00+00:00,1.59248e-05
2025-10-04 20:00:00.015000+00:00,1.64518e-05
2025-10-04 21:00:00.073000+00:00,1.75781e-05
2025-10-04 22:00:00.047000+00:00,3.11045e-05
2025-10-04 23:00:00.018000+00:00,1.25e-05
2025-10-05 00:00:00.101000+00:00,1.25e-05
2025-10-05 01:00:00.062000+00:00,1.88959e-05
2025-10-05 02:00:00.055000+00:00,1.25e-05
2025-10-05 03:00:00.033000+00:00,2.43569e-05
2025-10-05 04:00:00.041000+00:00,1.25e-05
2025-10-05 05:00:00.084000+00:00,1.93711e-05
2025-10-05 06:00:00.055000+00:00,2.96567e-05
2025-10-05 07:00:00.050000+00:00,2.0676e-05
2025-10-05 08:00:00.014000+00:00,3.7847e-05
2025-10-05 09:00:00.033000+00:00,1.25e-05
2025-10-05 10:00:00.043000+00:00,1.25e-05
2025-10-05 11:00:00.002000+00:00,5.23986e-05
2025-10-05 12:00:00.050000+00:00,4.9549e-05
2025-10-05 13:00:00.081000+00:00,3.32963e-05
2025-10-05 14:00:00.121000+00:00,2.85784e-05
2025-10-05 15:00:00.088000+00:00,3.34081e-05
2025-10-05 16:00:00.047000+00:00,4.12186e-05
2025-10-05 17:00:00.035000+00:00,5.50413e-05
2025-10-05 18:00:00.062000+00:00,4.86818e-05
2025-10-05 19:00:00.032000+00:00,6.90846e-05
2025-10-05 20:00:00.084000+00:00,5.13376e-05
2025-10-05 21:00:00.108000+00:00,5.98467e-05
2025-10-05 22:00:00.050000+00:00,2.18641e-05
2025-10-05 23:00:00.071000+00:00,2.55305e-05
2025-10-06 00:00:00.043000+00:00,5.16511e-05
2025-10-06 01:00:00.027000+00:00,3.68805e-05
2025-10-06 02:00:00.023000+00:00,7.20904e-05
2025-10-06 03:00:00.082000+00:00,3.96445e-05
2025-10-06 04:00:00.091000+00:00,4.64524e-05
2025-10-06 05:00:00.019000+00:00,5.48551e-05
2025-10-06 06:00:00.111000+00:00,4.61445e-05
2025-10-06 07:00:00.032000+00:00,4.99238e-05
2025-10-06 08:00:00.097000+00:00,3.47153e-05
2025-10-06 09:00:00.055000+00:00,5.55908e-05
2025-10-06 10:00:00.016000+00:00,6.44713e-05
2025-10-06 11:00:00.026000+00:00,7.77046e-05
2025-10-06 12:00:00.074000+00:00,9.73678e-05
2025-10-06 13:00:00.017000+00:00,0.0001016433
2025-10-06 14:00:00.005000+00:00,0.0001054339
2025-10-06 15:00:00.043000+00:00,0.0001177846
2025-10-06 16:00:00.064000+00:00,8.71297e-05
2025-10-06 17:00:00.051000+00:00,5.75229e-05
2025-10-06 18:00:00.087000+00:00,5.21529e-05
2025-10-06 19:00:00.084000+00:00,4.83075e-05
2025-10-06 20:00:00.023000+00:00,1.25e-05
2025-10-06 21:00:00.015000+00:00,3.34369e-05
2025-10-06 22:00:00.075000+00:00,1.43934e-05
2025-10-06 23:00:00.068000+00:00,1.25e-05
2025-10-07 00:00:00.002000+00:00,1.25e-05
2025-10-07 01:00:00.012000+00:00,2.80735e-05
2025-10-07 02:00:00.064000+00:00,3.70371e-05
2025-10-07 03:00:00.050000+00:00,5.23896e-05
2025-10-07 04:00:00.039000+00:00,4.07776e-05
2025-10-07 05:00:00.032000+00:00,5.02446e-05
2025-10-07 06:00:00.019000+00:00,1.25e-05
2025-10-07 07:00:00.042000+00:00,1.25e-05
2025-10-07 08:00:00.014000+00:00,1.25e-05
2025-10-07 09:00:00.010000+00:00,2.11368e-05
2025-10-07 10:00:00.059000+00:00,3.9779e-05
2025-10-07 11:00:00.022000+00:00,3.15201e-05
2025-10-07 12:00:00+00:00,1.25e-05
2025-10-07 13:00:00.076000+00:00,3.75616e-05
2025-10-07 14:00:00.138000+00:00,9.13278e-05
2025-10-07 15:00:00.114000+00:00,7.26614e-05
2025-10-07 16:00:00.069000+00:00,3.37059e-05
2025-10-07 17:00:00.026000+00:00,6.67802e-05
2025-10-07 18:00:00.077000+00:00,1.95096e-05
2025-10-07 19:00:00.033000+00:00,1.60808e-05
2025-10-07 20:00:00.006000+00:00,1.25e-05
2025-10-07 21:00:00.062000+00:00,1.25e-05
2025-10-07 22:00:00.055000+00:00,2.33826e-05
2025-10-07 23:00:00.098000+00:00,1.25e-05
2025-10-08 00:00:00.010000+00:00,1.25e-05
2025-10-08 01:00:00.133000+00:00,1.99031e-05
2025-10-08 02:00:00.028000+00:00,4.33255e-05
2025-10-08 03:00:00.068000+00:00,3.02425e-05
2025-10-08 04:00:00.019000+00:00,2.27864e-05
2025-10-08 05:00:00.056000+00:00,3.04354e-05
2025-10-08 06:00:00.002000+00:00,1.56323e-05
2025-10-08 07:00:00.022000+00:00,1.25e-05
2025-10-08 08:00:00.026000+00:00,3.97524e-05
2025-10-08 09:00:00.065000+00:00,4.33423e-05
2025-10-08 10:00:00.019000+00:00,1.25e-05
2025-10-08 11:00:00.005000+00:00,2.3852e-05
2025-10-08 12:00:00.108000+00:00,1.25e-05
2025-10-08 13:00:00.001000+00:00,3.17537e-05
2025-10-08 14:00:00.002000+00:00,6.9486e-05
2025-10-08 15:00:00.058000+00:00,2.0711e-05
2025-10-08 16:00:00.119000+00:00,1.25e-05
2025-10-08 17:00:00.028000+00:00,1.27199e-05
2025-10-08 18:00:00.105000+00:00,1.25e-05
2025-10-08 19:00:00.018000+00:00,2.56041e-05
2025-10-08 20:00:00.072000+00:00,1.25e-05
2025-10-08 21:00:00.085000+00:00,1.25e-05
2025-10-08 22:00:00.055000+00:00,1.25e-05
2025-10-08 23:00:00.039000+00:00,1.93364e-05
2025-10-09 00:00:00.053000+00:00,3.00341e-05
2025-10-09 01:00:00.011000+00:00,1.25e-05
2025-10-09 02:00:00.038000+00:00,1.25e-05
2025-10-09 03:00:00.020000+00:00,1.25e-05
2025-10-09 04:00:00.064000+00:00,1.25e-05
2025-10-09 05:00:00.076000+00:00,3.41736e-05
2025-10-09 06:00:00.013000+00:00,1.25e-05
2025-10-09 07:00:00.036000+00:00,1.25e-05
2025-10-09 08:00:00.110000+00:00,1.92335e-05
2025-10-09 09:00:00.028000+00:00,1.25e-05
2025-10-09 10:00:00.032000+00:00,1.25e-05
2025-10-09 11:00:00.052000+00:00,1.25e-05
2025-10-09 12:00:00.015000+00:00,2.11484e-05
2025-10-09 13:00:00.011000+00:00,2.94461e-05
2025-10-09 14:00:00.037000+00:00,1.25e-05
2025-10-09 15:00:00.074000+00:00,1.25e-05
2025-10-09 16:00:00.019000+00:00,1.25e-05
2025-10-09 17:00:00.013000+00:00,1.25e-05
2025-10-09 18:00:00.077000+00:00,1.25e-05
2025-10-09 19:00:00.013000+00:00,1.25e-05
2025-10-09 20:00:00.003000+00:00,1.25e-05
2025-10-09 21:00:00.009000+00:00,1.25e-05
2025-10-09 22:00:00.078000+00:00,1.25e-05
2025-10-09 23:00:00.084000+00:00,1.25e-05
2025-10-10 00:00:00.017000+00:00,1.25e-05
2025-10-10 01:00:00.038000+00:00,1.25e-05
2025-10-10 02:00:00.022000+00:00,1.25e-05
2025-10-10 03:00:00.040000+00:00,1.25e-05
2025-10-10 04:00:00.008000+00:00,1.25e-05
2025-10-10 05:00:00.082000+00:00,1.25e-05
2025-10-10 06:00:00.013000+00:00,1.25e-05
2025-10-10 07:00:00.056000+00:00,1.25e-05
2025-10-10 08:00:00.014000+00:00,1.25e-05
2025-10-10 09:00:00.012000+00:00,1.25e-05
2025-10-10 10:00:00.089000+00:00,1.25e-05
2025-10-10 11:00:00.035000+00:00,1.25e-05
2025-10-10 12:00:00.023000+00:00,1.25e-05
2025-10-10 13:00:00.059000+00:00,1.25e-05
2025-10-10 14:00:00.055000+00:00,1.25e-05
2025-10-10 15:00:00.072000+00:00,1.25e-05
2025-10-10 16:00:00.042000+00:00,1.25e-05
2025-10-10 17:00:00.040000+00:00,1.25e-05
2025-10-10 18:00:00.009000+00:00,1.25e-05
2025-10-10 19:00:00.032000+00:00,1.25e-05
2025-10-10 20:00:00.062000+00:00,1.25e-05
2025-10-10 21:00:00.014000+00:00,1.25e-05
2025-10-10 22:00:00.084000+00:00,-0.0018662432
2025-10-10 23:00:00.035000+00:00,-0.0001408386
2025-10-11 00:00:00.023000+00:00,1.25e-05
2025-10-11 01:00:00.034000+00:00,-6.53203e-05
2025-10-11 02:00:00.015000+00:00,-2.97989e-05
2025-10-11 03:00:00.003000+00:00,-4.66045e-05
2025-10-11 04:00:00.016000+00:00,-0.0001202062
2025-10-11 05:00:00.063000+00:00,-6.50898e-05
2025-10-11 06:00:00.153000+00:00,-7.0059e-05
2025-10-11 07:00:00.073000+00:00,-7.68696e-05
2025-10-11 08:00:00.013000+00:00,-3.7359e-06
2025-10-11 09:00:00.050000+00:00,2.5627e-06
2025-10-11 10:00:00.034000+00:00,-6.76355e-05
2025-10-11 11:00:00.019000+00:00,-2.15466e-05
2025-10-11 12:00:00.084000+00:00,-1.93337e-05
2025-10-11 13:00:00.002000+00:00,-1.02075e-05
2025-10-11 14:00:00.014000+00:00,-2.69043e-05
2025-10-11 15:00:00.044000+00:00,-1.75728e-05
2025-10-11 16:00:00.129000+00:00,1.25e-05
2025-10-11 17:00:00.043000+00:00,1.25e-05
2025-10-11 18:00:00.027000+00:00,1.25e-05
2025-10-11 19:00:00.071000+00:00,1.25e-05
2025-10-11 20:00:00.041000+00:00,1.25e-05
2025-10-11 21:00:00.089000+00:00,1.83106e-05
2025-10-11 22:00:00.073000+00:00,1.25e-05
2025-10-11 23:00:00.004000+00:00,1.25e-05
2025-10-12 00:00:00.048000+00:00,1.25e-05
2025-10-12 01:00:00.060000+00:00,1.25e-05
2025-10-12 02:00:00.086000+00:00,1.25e-05
2025-10-12 03:00:00.015000+00:00,1.25e-05
2025-10-12 04:00:00.017000+00:00,1.25e-05
2025-10-12 05:00:00.030000+00:00,1.25e-05
2025-10-12 06:00:00.046000+00:00,1.25e-05
2025-10-12 07:00:00.051000+00:00,1.25e-05
2025-10-12 08:00:00.128000+00:00,1.25e-05
2025-10-12 09:00:00.019000+00:00,-2.7656e-06
2025-10-12 10:00:00.032000+00:00,-1.99335e-05
2025-10-12 11:00:00.015000+00:00,-1.0619e-05
2025-10-12 12:00:00.041000+00:00,-1.85386e-05
2025-10-12 13:00:00.018000+00:00,1.25e-05
2025-10-12 14:00:00.010000+00:00,1.17308e-05
2025-10-12 15:00:00.058000+00:00,1.25e-05
2025-10-12 16:00:00+00:00,-3.7528e-06
2025-10-12 17:00:00.053000+00:00,-4.2577e-05
2025-10-12 18:00:00.083000+00:00,-3.385e-05
2025-10-12 19:00:00.034000+00:00,-3.49556e-05
2025-10-12 20:00:00.037000+00:00,-4.77744e-05
2025-10-12 21:00:00.008000+00:00,-1.37847e-05
2025-10-12 22:00:00.034000+00:00,-7.1238e-06
2025-10-12 23:00:00.039000+00:00,-1.17708e-05
2025-10-13 00:00:00.022000+00:00,7.2002e-06
2025-10-13 01:00:00.056000+00:00,1.25e-05
2025-10-13 02:00:00.109000+00:00,1.25e-05
2025-10-13 03:00:00.041000+00:00,1.1382e-06
2025-10-13 04:00:00.081000+00:00,-1.80817e-05
2025-10-13 05:00:00.010000+00:00,1.25e-05
2025-10-13 06:00:00.068000+00:00,1.25e-05
2025-10-13 07:00:00.011000+00:00,1.25e-05
2025-10-13 08:00:00.029000+00:00,1.25e-05
2025-10-13 09:00:00.097000+00:00,1.25e-05
2025-10-13 10:00:00.037000+00:00,1.13077e-05
2025-10-13 11:00:00.044000+00:00,1.25e-05
2025-10-13 12:00:00.094000+00:00,-1.72781e-05
2025-10-13 13:00:00.067000+00:00,4.0022e-06
2025-10-13 14:00:00.029000+00:00,8.1812e-06
2025-10-13 15:00:00.052000+00:00,1.08838e-05
2025-10-13 16:00:00.027000+00:00,1.25e-05
2025-10-13 17:00:00.008000+00:00,-9.1301e-06
2025-10-13 18:00:00.013000+00:00,2.1965e-06
2025-10-13 19:00:00.032000+00:00,-5.4925e-06
2025-10-13 20:00:00.049000+00:00,-6.25549e-05
2025-10-13 21:00:00.049000+00:00,-4.45283e-05
2025-10-13 22:00:00.002000+00:00,1.25e-05
2025-10-13 23:00:00.006000+00:00,-3.9767e-06
2025-10-14 00:00:00.054000+00:00,-4.87929e-05
2025-10-14 01:00:00.064000+00:00,-1.05452e-05
2025-10-14 02:00:00.032000+00:00,2.6609e-06
2025-10-14 03:00:00.114000+00:00,1.25e-05
2025-10-14 04:00:00.019000+00:00,1.25e-05
2025-10-14 05:00:00.079000+00:00,1.25e-05
2025-10-14 06:00:00.009000+00:00,1.25e-05
2025-10-14 07:00:00.007000+00:00,1.25e-05
2025-10-14 08:00:00.001000+00:00,1.25e-05
2025-10-14 09:00:00.098000+00:00,1.25e-05
2025-10-14 10:00:00.066000+00:00,1.25e-05
2025-10-14 11:00:00.045000+00:00,1.25e-05
2025-10-14 12:00:00.009000+00:00,1.25e-05
2025-10-14 13:00:00.044000+00:00,1.25e-05
2025-10-14 14:00:00.060000+00:00,-1.47911e-05
2025-10-14 15:00:00.027000+00:00,-1.72998e-05
2025-10-14 16:00:00.021000+00:00,1.25e-05
2025-10-14 17:00:00.070000+00:00,1.25e-05
2025-10-14 18:00:00.036000+00:00,1.25e-05
2025-10-14 19:00:00.043000+00:00,1.25e-05
2025-10-14 20:00:00.090000+00:00,1.25e-05
2025-10-14 21:00:00.040000+00:00,1.25e-05
2025-10-14 22:00:00.030000+00:00,1.25e-05
2025-10-14 23:00:00.016000+00:00,-1.3869e-06
2025-10-15 00:00:00.106000+00:00,-1.00454e-05
2025-10-15 01:00:00.001000+00:00,-2.8046e-06
2025-10-15 02:00:00.048000+00:00,1.2773e-06
2025-10-15 03:00:00.060000+00:00,9.0975e-06
2025-10-15 04:00:00.092000+00:00,4.587e-07
2025-10-15 05:00:00.054000+00:00,1.25e-05
2025-10-15 06:00:00.025000+00:00,1.25e-05
2025-10-15 07:00:00+00:00,1.25e-05
2025-10-15 08:00:00.090000+00:00,1.25e-05
2025-10-15 09:00:00.045000+00:00,1.25e-05
2025-10-15 10:00:00.038000+00:00,1.25e-05
2025-10-15 11:00:00.014000+00:00,1.25e-05
2025-10-15 12:00:00.071000+00:00,1.25e-05
2025-10-15 13:00:00.024000+00:00,1.25e-05
2025-10-15 14:00:00.088000+00:00,2.9919e-06
2025-10-15 15:00:00.082000+00:00,1.25e-05
2025-10-15 16:00:00.002000+00:00,-1.52423e-05
2025-10-15 17:00:00.091000+00:00,-2.54383e-05
2025-10-15 18:00:00.014000+00:00,-2.91563e-05
2025-10-15 19:00:00.043000+00:00,-1.07721e-05
2025-10-15 20:00:00.048000+00:00,6.8864e-06
2025-10-15 21:00:00.066000+00:00,8.1297e-06
2025-10-15 22:00:00.068000+00:00,9.5094e-06
2025-10-15 23:00:00.063000+00:00,6.9054e-06
2025-10-16 00:00:00.003000+00:00,-3.50625e-05
2025-10-16 01:00:00.006000+00:00,-1.08588e-05
2025-10-16 02:00:00.024000+00:00,1.25e-05
2025-10-16 03:00:00.057000+00:00,3.6663e-06
2025-10-16 04:00:00.105000+00:00,1.25e-05
2025-10-16 05:00:00.050000+00:00,1.09834e-05
2025-10-16 06:00:00.093000+00:00,8.779e-07
2025-10-16 07:00:00.001000+00:00,1.2092e-05
2025-10-16 08:00:00.038000+00:00,1.7752e-06
2025-10-16 09:00:00.082000+00:00,7.9946e-06
2025-10-16 10:00:00.013000+00:00,1.25e-05
2025-10-16 11:00:00.020000+00:00,1.25e-05
2025-10-16 12:00:00.046000+00:00,-2.11243e-05
2025-10-16 13:00:00.058000+00:00,-6.33055e-05
2025-10-16 14:00:00.059000+00:00,-7.27207e-05
2025-10-16 15:00:00+00:00,-4.76544e-05
2025-10-16 16:00:00.046000+00:00,-7.72324e-05
2025-10-16 17:00:00.067000+00:00,6.8177e-06
2025-10-16 18:00:00.028000+00:00,1.25e-05
2025-10-16 19:00:00.035000+00:00,1.25e-05
2025-10-16 20:00:00.004000+00:00,1.25e-05
2025-10-16 21:00:00.058000+00:00,1.25e-05
2025-10-16 22:00:00.015000+00:00,4.36915e-05
2025-10-16 23:00:00.005000+00:00,1.53596e-05
2025-10-17 00:00:00.017000+00:00,1.25e-05
2025-10-17 01:00:00.071000+00:00,1.25e-05
2025-10-17 02:00:00.052000+00:00,3.22689e-05
2025-10-17 03:00:00.028000+00:00,1.36409e-05
2025-10-17 04:00:00.012000+00:00,1.25e-05
2025-10-17 05:00:00.047000+00:00,3.56843e-05
2025-10-17 06:00:00.002000+00:00,1.25e-05
2025-10-17 07:00:00.082000+00:00,1.25e-05
2025-10-17 08:00:00.040000+00:00,1.25e-05
2025-10-17 09:00:00.084000+00:00,1.25e-05
2025-10-17 10:00:00.049000+00:00,1.25e-05
2025-10-17 11:00:00.013000+00:00,4.6324e-05
2025-10-17 12:00:00.077000+00:00,1.25e-05
2025-10-17 13:00:00.034000+00:00,1.25e-05
2025-10-17 14:00:00.009000+00:00,1.25e-05
2025-10-17 15:00:00.120000+00:00,1.25e-05
2025-10-17 16:00:00.040000+00:00,1.25e-05
2025-10-17 17:00:00.015000+00:00,1.25e-05
2025-10-17 18:00:00.007000+00:00,-1.197e-06
2025-10-17 19:00:00.019000+00:00,1.25e-05
2025-10-17 20:00:00.028000+00:00,-2.741e-05
2025-10-17 21:00:00.016000+00:00,-1.33954e-05
2025-10-17 22:00:00.018000+00:00,7.901e-07
2025-10-17 23:00:00.049000+00:00,1.23505e-05
2025-10-18 00:00:00.129000+00:00,1.25e-05
2025-10-18 01:00:00.018000+00:00,1.25e-05
2025-10-18 02:00:00.084000+00:00,1.25e-05
2025-10-18 03:00:00.037000+00:00,1.25e-05
2025-10-18 04:00:00.070000+00:00,1.25e-05
2025-10-18 05:00:00.106000+00:00,1.25e-05
2025-10-18 06:00:00.001000+00:00,1.25e-05
2025-10-18 07:00:00.089000+00:00,1.25e-05
2025-10-18 08:00:00.022000+00:00,1.25e-05
2025-10-18 09:00:00.003000+00:00,1.25e-05
2025-10-18 10:00:00.005000+00:00,1.25e-05
2025-10-18 11:00:00.034000+00:00,4.2338e-06
2025-10-18 12:00:00+00:00,1.03119e-05
2025-10-18 13:00:00.017000+00:00,1.25e-05
2025-10-18 14:00:00.045000+00:00,1.25e-05
2025-10-18 15:00:00.069000+00:00,1.25e-05
2025-10-18 16:00:00.107000+00:00,1.25e-05
2025-10-18 17:00:00.041000+00:00,3.5495e-06
2025-10-18 18:00:00.003000+00:00,1.25e-05
2025-10-18 19:00:00.020000+00:00,1.25e-05
2025-10-18 20:00:00.014000+00:00,1.25e-05
2025-10-18 21:00:00.056000+00:00,1.25e-05
2025-10-18 22:00:00.086000+00:00,1.25e-05
2025-10-18 23:00:00.018000+00:00,1.25e-05
2025-10-19 00:00:00.092000+00:00,1.25e-05
2025-10-19 01:00:00.033000+00:00,1.25e-05
2025-10-19 02:00:00.096000+00:00,1.25e-05
2025-10-19 03:00:00.108000+00:00,1.25e-05
2025-10-19 04:00:00.025000+00:00,1.25e-05
2025-10-19 05:00:00.003000+00:00,1.25e-05
2025-10-19 06:00:00.048000+00:00,1.25e-05
2025-10-19 07:00:00.062000+00:00,1.25e-05
2025-10-19 08:00:00.041000+00:00,1.25e-05
2025-10-19 09:00:00.022000+00:00,1.25e-05
2025-10-19 10:00:00.085000+00:00,1.25e-05
2025-10-19 11:00:00.055000+00:00,1.25e-05
2025-10-19 12:00:00.055000+00:00,1.25e-05
2025-10-19 13:00:00.079000+00:00,1.25e-05
2025-10-19 14:00:00.090000+00:00,1.25e-05
2025-10-19 15:00:00.068000+00:00,1.25e-05
2025-10-19 16:00:00.015000+00:00,-1.43489e-05
2025-10-19 17:00:00.027000+00:00,9.4012e-06
2025-10-19 18:00:00.002000+00:00,1.16067e-05
2025-10-19 19:00:00.081000+00:00,1.25e-05
2025-10-19 20:00:00.001000+00:00,1.25e-05
2025-10-19 21:00:00+00:00,1.25e-05
2025-10-19 22:00:00.051000+00:00,1.25e-05
2025-10-19 23:00:00.023000+00:00,7.0636e-06
2025-10-20 00:00:00.001000+00:00,1.13981e-05
2025-10-20 01:00:00.091000+00:00,-1.99651e-05
2025-10-20 02:00:00.012000+00:00,8.9408e-06
2025-10-20 03:00:00.011000+00:00,1.25e-05
2025-10-20 04:00:00.027000+00:00,-4.6846e-06
2025-10-20 05:00:00.027000+00:00,1.25e-05
2025-10-20 06:00:00.067000+00:00,1.68283e-05
2025-10-20 07:00:00.099000+00:00,1.25e-05
2025-10-20 08:00:00.102000+00:00,1.25e-05
2025-10-20 09:00:00.121000+00:00,1.25e-05
2025-10-20 10:00:00.031000+00:00,1.25e-05
2025-10-20 11:00:00.001000+00:00,1.25e-05
2025-10-20 12:00:00.008000+00:00,8.4521e-06
2025-10-20 13:00:00.016000+00:00,1.25e-05
2025-10-20 14:00:00.008000+00:00,1.25e-05
2025-10-20 15:00:00.038000+00:00,6.4824e-06
2025-10-20 16:00:00.065000+00:00,-3.24248e-05
2025-10-20 17:00:00.004000+00:00,-1.08975e-05
2025-10-20 18:00:00.050000+00:00,-4.25228e-05
2025-10-20 19:00:00.049000+00:00,4.6938e-06
2025-10-20 20:00:00.017000+00:00,1.25e-05
2025-10-20 21:00:00.028000+00:00,-2.67545e-05
2025-10-20 22:00:00.031000+00:00,1.679e-07
2025-10-20 23:00:00.065000+00:00,1.25e-05
2025-10-21 00:00:00.019000+00:00,1.25e-05
2025-10-21 01:00:00.007000+00:00,1.25e-05
2025-10-21 02:00:00.031000+00:00,-5.234e-07
2025-10-21 03:00:00.071000+00:00,5.2336e-06
2025-10-21 04:00:00.035000+00:00,1.25e-05
2025-10-21 05:00:00.063000+00:00,1.25e-05
2025-10-21 06:00:00.008000+00:00,1.72531e-05
2025-10-21 07:00:00.118000+00:00,1.25e-05
2025-10-21 08:00:00.010000+00:00,3.77146e-05
2025-10-21 09:00:00.003000+00:00,3.60006e-05
2025-10-21 10:00:00.028000+00:00,1.25e-05
2025-10-21 11:00:00.076000+00:00,1.25e-05
2025-10-21 12:00:00.078000+00:00,2.36197e-05
2025-10-21 13:00:00.030000+00:00,1.25e-05
2025-10-21 14:00:00.096000+00:00,1.25e-05
2025-10-21 15:00:00.047000+00:00,1.25e-05
2025-10-21 16:00:00.042000+00:00,1.25e-05
2025-10-21 17:00:00.058000+00:00,1.25e-05
2025-10-21 18:00:00.016000+00:00,1.9525e-06
2025-10-21 19:00:00.080000+00:00,1.25e-05
2025-10-21 20:00:00.060000+00:00,-7.419e-07
2025-10-21 21:00:00.019000+00:00,-4.1229e-06
2025-10-21 22:00:00.011000+00:00,1.25e-05
2025-10-21 23:00:00.060000+00:00,1.25e-05
2025-10-22 00:00:00.025000+00:00,7.366e-07
2025-10-22 01:00:00.050000+00:00,1.25e-05
2025-10-22 02:00:00.020000+00:00,1.25e-05
2025-10-22 03:00:00.081000+00:00,1.25e-05
2025-10-22 04:00:00.076000+00:00,1.25e-05
2025-10-22 05:00:00.035000+00:00,4.56502e-05
2025-10-22 06:00:00.009000+00:00,7.90342e-05
2025-10-22 07:00:00.071000+00:00,1.25e-05
2025-10-22 08:00:00.062000+00:00,7.94344e-05
2025-10-22 09:00:00.059000+00:00,2.02498e-05
2025-10-22 10:00:00.074000+00:00,1.61745e-05
2025-10-22 11:00:00.056000+00:00,1.25e-05
2025-10-22 12:00:00.032000+00:00,1.25e-05
2025-10-22 13:00:00.031000+00:00,1.25e-05
2025-10-22 14:00:00.029000+00:00,1.25e-05
2025-10-22 15:00:00.025000+00:00,1.25e-05
2025-10-22 16:00:00.036000+00:00,1.25e-05
2025-10-22 17:00:00.033000+00:00,1.25e-05
2025-10-22 18:00:00.008000+00:00,1.25e-05
2025-10-22 19:00:00.089000+00:00,1.25e-05
2025-10-22 20:00:00.002000+00:00,1.25e-05
2025-10-22 21:00:00.025000+00:00,1.25e-05
2025-10-22 22:00:00.027000+00:00,1.25e-05
2025-10-22 23:00:00.005000+00:00,1.25e-05
2025-10-23 00:00:00.009000+00:00,1.25e-05
2025-10-23 01:00:00.016000+00:00,1.25e-05
2025-10-23 02:00:00.031000+00:00,1.25e-05
2025-10-23 03:00:00.006000+00:00,1.25e-05
2025-10-23 04:00:00.069000+00:00,4.429e-05
2025-10-23 05:00:00.027000+00:00,0.0001071253
2025-10-23 06:00:00.059000+00:00,0.0001372232
2025-10-23 07:00:00.050000+00:00,9.79317e-05
2025-10-23 08:00:00.047000+00:00,6.37633e-05
2025-10-23 09:00:00.058000+00:00,1.25e-05
2025-10-23 10:00:00.041000+00:00,1.25e-05
2025-10-23 11:00:00.009000+00:00,1.25e-05
2025-10-23 12:00:00.003000+00:00,1.25e-05
2025-10-23 13:00:00.028000+00:00,1.25e-05
2025-10-23 14:00:00.017000+00:00,3.28619e-05
2025-10-23 15:00:00.071000+00:00,1.25e-05
2025-10-23 16:00:00.077000+00:00,1.25e-05
2025-10-23 17:00:00.066000+00:00,1.25e-05
2025-10-23 18:00:00.067000+00:00,1.25e-05
2025-10-23 19:00:00.064000+00:00,1.25e-05
2025-10-23 20:00:00.111000+00:00,1.25e-05
2025-10-23 21:00:00.075000+00:00,1.25e-05
2025-10-23 22:00:00.059000+00:00,1.25e-05
2025-10-23 23:00:00.061000+00:00,1.25e-05
2025-10-24 00:00:00.027000+00:00,1.25e-05
2025-10-24 01:00:00.017000+00:00,1.25e-05
2025-10-24 02:00:00.037000+00:00,1.25e-05
2025-10-24 03:00:00.019000+00:00,1.25e-05
2025-10-24 04:00:00.025000+00:00,1.25e-05
2025-10-24 05:00:00.030000+00:00,1.25e-05
2025-10-24 06:00:00.025000+00:00,1.25e-05
2025-10-24 07:00:00.071000+00:00,1.25e-05
2025-10-24 08:00:00.077000+00:00,1.25e-05
2025-10-24 09:00:00.061000+00:00,1.25e-05
2025-10-24 10:00:00.120000+00:00,1.25e-05
2025-10-24 11:00:00.104000+00:00,1.25e-05
2025-10-24 12:00:00.013000+00:00,1.25e-05
2025-10-24 13:00:00.033000+00:00,1.25e-05
2025-10-24 14:00:00.009000+00:00,1.25e-05
2025-10-24 15:00:00.027000+00:00,1.25e-05
2025-10-24 16:00:00.171000+00:00,1.25e-05
2025-10-24 17:00:00.036000+00:00,1.25e-05
2025-10-24 18:00:00.052000+00:00,1.25e-05
2025-10-24 19:00:00.043000+00:00,1.25e-05
2025-10-24 20:00:00.021000+00:00,1.25e-05
2025-10-24 21:00:00.031000+00:00,1.25e-05
2025-10-24 22:00:00.007000+00:00,1.25e-05
2025-10-24 23:00:00.032000+00:00,1.25e-05
2025-10-25 00:00:00.014000+00:00,1.25e-05
2025-10-25 01:00:00.081000+00:00,1.25e-05
2025-10-25 02:00:00.085000+00:00,1.25e-05
2025-10-25 03:00:00.008000+00:00,1.25e-05
2025-10-25 04:00:00.066000+00:00,1.25e-05
2025-10-25 05:00:00.028000+00:00,1.25e-05
2025-10-25 06:00:00.036000+00:00,1.25e-05
2025-10-25 07:00:00.008000+00:00,1.25e-05
2025-10-25 08:00:00.043000+00:00,1.25e-05
2025-10-25 09:00:00.025000+00:00,1.25e-05
2025-10-25 10:00:00.021000+00:00,1.25e-05
2025-10-25 11:00:00.057000+00:00,1.25e-05
2025-10-25 12:00:00.047000+00:00,1.42967e-05
2025-10-25 13:00:00.046000+00:00,1.25e-05
2025-10-25 14:00:00.058000+00:00,1.25e-05
2025-10-25 15:00:00.016000+00:00,1.25e-05
2025-10-25 16:00:00.041000+00:00,1.25e-05
2025-10-25 17:00:00.015000+00:00,1.25e-05
2025-10-25 18:00:00.027000+00:00,1.25e-05
2025-10-25 19:00:00.030000+00:00,1.25e-05
2025-10-25 20:00:00.002000+00:00,1.25e-05
2025-10-25 21:00:00.073000+00:00,1.25e-05
2025-10-25 22:00:00.055000+00:00,1.25e-05
2025-10-25 23:00:00.044000+00:00,1.25e-05
2025-10-26 00:00:00.032000+00:00,1.25e-05
2025-10-26 01:00:00.040000+00:00,1.25e-05
2025-10-26 02:00:00.006000+00:00,1.25e-05
2025-10-26 03:00:00.063000+00:00,1.25e-05
2025-10-26 04:00:00.133000+00:00,1.25e-05
2025-10-26 05:00:00.021000+00:00,1.25e-05
2025-10-26 06:00:00.088000+00:00,1.25e-05
2025-10-26 07:00:00.054000+00:00,1.25e-05
2025-10-26 08:00:00.009000+00:00,1.25e-05
2025-10-26 09:00:00.041000+00:00,1.25e-05
2025-10-26 10:00:00.028000+00:00,1.25e-05
2025-10-26 11:00:00.068000+00:00,1.25e-05
2025-10-26 12:00:00.084000+00:00,1.25e-05
2025-10-26 13:00:00.054000+00:00,1.25e-05
2025-10-26 14:00:00.041000+00:00,1.25e-05
2025-10-26 15:00:00.079000+00:00,1.25e-05
2025-10-26 16:00:00.039000+00:00,1.25e-05
2025-10-26 17:00:00.074000+00:00,1.25e-05
2025-10-26 18:00:00.030000+00:00,1.25e-05
2025-10-26 19:00:00.059000+00:00,1.25e-05
2025-10-26 20:00:00.056000+00:00,1.25e-05
2025-10-26 21:00:00.033000+00:00,1.25e-05
2025-10-26 22:00:00.019000+00:00,1.25e-05
2025-10-26 23:00:00.009000+00:00,1.25e-05
2025-10-27 00:00:00.020000+00:00,1.25e-05
2025-10-27 01:00:00.007000+00:00,1.25e-05
2025-10-27 02:00:00.080000+00:00,1.25e-05
2025-10-27 03:00:00.034000+00:00,1.25e-05
2025-10-27 04:00:00.050000+00:00,1.25e-05
2025-10-27 05:00:00.056000+00:00,1.25e-05
2025-10-27 06:00:00.073000+00:00,3.27469e-05
2025-10-27 07:00:00.002000+00:00,1.25e-05
2025-10-27 08:00:00.067000+00:00,1.25e-05
2025-10-27 09:00:00.016000+00:00,1.25e-05
2025-10-27 10:00:00.082000+00:00,1.25e-05
2025-10-27 11:00:00.067000+00:00,1.25e-05
2025-10-27 12:00:00.052000+00:00,1.25e-05
2025-10-27 13:00:00.132000+00:00,1.91138e-05
2025-10-27 14:00:00.028000+00:00,1.39676e-05
2025-10-27 15:00:00.090000+00:00,1.4507e-05
2025-10-27 16:00:00.054000+00:00,1.25e-05
2025-10-27 17:00:00.078000+00:00,1.25e-05
2025-10-27 18:00:00.053000+00:00,1.25e-05
2025-10-27 19:00:00.055000+00:00,1.25e-05
2025-10-27 20:00:00.077000+00:00,1.25e-05
2025-10-27 21:00:00.065000+00:00,1.25e-05
2025-10-27 22:00:00.010000+00:00,1.25e-05
2025-10-27 23:00:00.071000+00:00,1.25e-05
2025-10-28 00:00:00.041000+00:00,1.25e-05
2025-10-28 01:00:00.058000+00:00,1.25e-05
2025-10-28 02:00:00.012000+00:00,1.25e-05
2025-10-28 03:00:00.031000+00:00,1.25e-05
2025-10-28 04:00:00.021000+00:00,1.25e-05
2025-10-28 05:00:00.020000+00:00,1.25e-05
2025-10-28 06:00:00.053000+00:00,1.25e-05
2025-10-28 07:00:00.074000+00:00,1.25e-05
2025-10-28 08:00:00.069000+00:00,1.25e-05
2025-10-28 09:00:00.046000+00:00,1.25e-05
2025-10-28 10:00:00.036000+00:00,1.25e-05
2025-10-28 11:00:00.005000+00:00,1.25e-05
2025-10-28 12:00:00.001000+00:00,1.25e-05
2025-10-28 13:00:00.109000+00:00,1.25e-05
2025-10-28 14:00:00.010000+00:00,1.25e-05
2025-10-28 15:00:00.019000+00:00,-1.80299e-05
2025-10-28 16:00:00.046000+00:00,8.335e-07
2025-10-28 17:00:00.059000+00:00,1.25e-05
2025-10-28 18:00:00.091000+00:00,1.25e-05
2025-10-28 19:00:00.102000+00:00,1.25e-05
2025-10-28 20:00:00.058000+00:00,1.25e-05
2025-10-28 21:00:00.077000+00:00,1.25e-05
2025-10-28 22:00:00.030000+00:00,1.25e-05
2025-10-28 23:00:00.042000+00:00,1.25e-05
2025-10-29 00:00:00.102000+00:00,1.25e-05
2025-10-29 01:00:00.042000+00:00,1.25e-05
2025-10-29 02:00:00.077000+00:00,1.25e-05
2025-10-29 03:00:00.042000+00:00,1.25e-05
2025-10-29 04:00:00.036000+00:00,1.25e-05
2025-10-29 05:00:00.043000+00:00,1.25e-05
2025-10-29 06:00:00.006000+00:00,3.56193e-05
2025-10-29 07:00:00.020000+00:00,1.25e-05
2025-10-29 08:00:00.053000+00:00,1.57963e-05
2025-10-29 09:00:00.061000+00:00,1.25e-05
2025-10-29 10:00:00.044000+00:00,1.25e-05
2025-10-29 11:00:00.044000+00:00,1.25e-05
2025-10-29 12:00:00.098000+00:00,1.25e-05
2025-10-29 13:00:00+00:00,1.25e-05
2025-10-29 14:00:00.006000+00:00,1.25e-05
2025-10-29 15:00:00.035000+00:00,1.25e-05
2025-10-29 16:00:00.064000+00:00,1.25e-05
2025-10-29 17:00:00.196000+00:00,1.25e-05
2025-10-29 18:00:00.117000+00:00,1.25e-05
2025-10-29 19:00:00.037000+00:00,1.25e-05
2025-10-29 20:00:00.043000+00:00,1.25e-05
2025-10-29 21:00:00.014000+00:00,2.02659e-05
2025-10-29 22:00:00.025000+00:00,4.26172e-05
2025-10-29 23:00:00.061000+00:00,1.25e-05
2025-10-30 00:00:00.035000+00:00,1.25e-05
2025-10-30 01:00:00.015000+00:00,1.25e-05
2025-10-30 02:00:00.037000+00:00,1.25e-05
2025-10-30 03:00:00.041000+00:00,1.25e-05
2025-10-30 04:00:00.122000+00:00,1.25e-05
2025-10-30 05:00:00.021000+00:00,1.25e-05
2025-10-30 06:00:00.021000+00:00,3.02913e-05
2025-10-30 07:00:00.062000+00:00,1.4908e-05
2025-10-30 08:00:00.024000+00:00,1.25e-05
2025-10-30 09:00:00.007000+00:00,1.25e-05
2025-10-30 10:00:00.042000+00:00,1.25e-05
2025-10-30 11:00:00.045000+00:00,1.25e-05
2025-10-30 12:00:00.003000+00:00,1.25e-05
2025-10-30 13:00:00.048000+00:00,1.25e-05
2025-10-30 14:00:00.048000+00:00,1.25e-05
2025-10-30 15:00:00.044000+00:00,8.29182e-05
2025-10-30 16:00:00.037000+00:00,3.39184e-05
2025-10-30 17:00:00.008000+00:00,1.25e-05
2025-10-30 18:00:00.032000+00:00,1.25e-05
2025-10-30 19:00:00.088000+00:00,1.88544e-05
2025-10-30 20:00:00.034000+00:00,1.25e-05
2025-10-30 21:00:00.071000+00:00,1.25e-05
2025-10-30 22:00:00.092000+00:00,1.25e-05
2025-10-30 23:00:00.006000+00:00,1.25e-05
2025-10-31 00:00:00.006000+00:00,1.25e-05
2025-10-31 01:00:00.082000+00:00,2.94506e-05
2025-10-31 02:00:00.068000+00:00,1.25e-05
2025-10-31 03:00:00.072000+00:00,1.25e-05
2025-10-31 04:00:00.038000+00:00,1.25e-05
2025-10-31 05:00:00.105000+00:00,1.25e-05
2025-10-31 06:00:00.081000+00:00,1.25e-05
2025-10-31 07:00:00.066000+00:00,1.25e-05
2025-10-31 08:00:00.065000+00:00,1.25e-05
2025-10-31 09:00:00.071000+00:00,1.25e-05
2025-10-31 10:00:00.002000+00:00,1.25e-05
2025-10-31 11:00:00.027000+00:00,1.25e-05
2025-10-31 12:00:00.145000+00:00,1.91034e-05
2025-10-31 13:00:00.016000+00:00,3.46139e-05
2025-10-31 14:00:00.066000+00:00,6.20565e-05
2025-10-31 15:00:00.074000+00:00,4.48453e-05
2025-10-31 16:00:00.068000+00:00,1.25e-05
2025-10-31 17:00:00.021000+00:00,1.25e-05
2025-10-31 18:00:00.067000+00:00,1.25e-05
2025-10-31 19:00:00.009000+00:00,1.25e-05
2025-10-31 20:00:00.030000+00:00,2.41044e-05
2025-10-31 21:00:00.040000+00:00,5.72571e-05
2025-10-31 22:00:00.089000+00:00,5.45772e-05
2025-10-31 23:00:00.037000+00:00,4.34873e-05
2025-11-01 00:00:00.078000+00:00,2.34742e-05
2025-11-01 01:00:00.002000+00:00,2.36724e-05
2025-11-01 02:00:00+00:00,1.87142e-05
2025-11-01 03:00:00.108000+00:00,2.11761e-05
2025-11-01 04:00:00.053000+00:00,4.39367e-05
2025-11-01 05:00:00.085000+00:00,1.25e-05
2025-11-01 06:00:00.046000+00:00,1.25e-05
2025-11-01 07:00:00.032000+00:00,1.25e-05
2025-11-01 08:00:00.039000+00:00,3.26673e-05
2025-11-01 09:00:00.075000+00:00,2.58857e-05
2025-11-01 10:00:00.010000+00:00,1.25e-05
2025-11-01 11:00:00.062000+00:00,3.37485e-05
2025-11-01 12:00:00.072000+00:00,3.49138e-05
2025-11-01 13:00:00.047000+00:00,1.80021e-05
2025-11-01 14:00:00.013000+00:00,2.95665e-05
2025-11-01 15:00:00.106000+00:00,1.25e-05
2025-11-01 16:00:00.044000+00:00,1.25e-05
2025-11-01 17:00:00.100000+00:00,1.25e-05
2025-11-01 18:00:00.005000+00:00,1.25e-05
2025-11-01 19:00:00.116000+00:00,1.25e-05
2025-11-01 20:00:00.002000+00:00,1.25e-05
2025-11-01 21:00:00.008000+00:00,1.25e-05
2025-11-01 22:00:00.031000+00:00,1.25e-05
2025-11-01 23:00:00.014000+00:00,1.25e-05
2025-11-02 00:00:00.094000+00:00,1.25e-05
2025-11-02 01:00:00+00:00,1.25e-05
2025-11-02 02:00:00.052000+00:00,1.25e-05
2025-11-02 03:00:00.004000+00:00,1.25e-05
2025-11-02 04:00:00.012000+00:00,1.25e-05
2025-11-02 05:00:00.099000+00:00,1.25e-05
2025-11-02 06:00:00.007000+00:00,1.25e-05
2025-11-02 07:00:00.053000+00:00,1.25e-05
2025-11-02 08:00:00.040000+00:00,1.25e-05
2025-11-02 09:00:00.053000+00:00,1.25e-05
2025-11-02 10:00:00.020000+00:00,1.25e-05
2025-11-02 11:00:00.019000+00:00,1.25e-05
2025-11-02 12:00:00.027000+00:00,1.25e-05
2025-11-02 13:00:00.003000+00:00,1.25e-05
2025-11-02 14:00:00.057000+00:00,1.25e-05
2025-11-02 15:00:00.055000+00:00,1.25e-05
2025-11-02 16:00:00.038000+00:00,1.25e-05
2025-11-02 17:00:00.043000+00:00,1.25e-05
2025-11-02 18:00:00.014000+00:00,1.25e-05
2025-11-02 19:00:00.050000+00:00,1.25e-05
2025-11-02 20:00:00.024000+00:00,1.25e-05
2025-11-02 21:00:00.063000+00:00,1.25e-05
2025-11-02 22:00:00.055000+00:00,1.25e-05
2025-11-02 23:00:00.127000+00:00,1.25e-05
2025-11-03 00:00:00.108000+00:00,1.25e-05
2025-11-03 01:00:00.005000+00:00,1.25e-05
2025-11-03 02:00:00.074000+00:00,1.25e-05
2025-11-03 03:00:00.048000+00:00,1.25e-05
2025-11-03 04:00:00.069000+00:00,1.25e-05
2025-11-03 05:00:00.062000+00:00,3.85046e-05
2025-11-03 06:00:00.081000+00:00,1.25e-05
2025-11-03 07:00:00.041000+00:00,1.25e-05
2025-11-03 08:00:00.009000+00:00,1.6696e-05
2025-11-03 09:00:00.014000+00:00,1.25e-05
2025-11-03 10:00:00.019000+00:00,1.25e-05
2025-11-03 11:00:00.065000+00:00,1.25e-05
2025-11-03 12:00:00.073000+00:00,2.85199e-05
2025-11-03 13:00:00.022000+00:00,1.25e-05
2025-11-03 14:00:00.040000+00:00,2.08511e-05
2025-11-03 15:00:00.059000+00:00,2.35887e-05
2025-11-03 16:00:00.024000+00:00,4.31091e-05
2025-11-03 17:00:00.019000+00:00,3.72252e-05
2025-11-03 18:00:00.009000+00:00,1.25e-05
2025-11-03 19:00:00.094000+00:00,1.25e-05
2025-11-03 20:00:00.046000+00:00,1.25e-05
2025-11-03 21:00:00+00:00,1.25e-05
2025-11-03 22:00:00.013000+00:00,1.25e-05
2025-11-03 23:00:00.040000+00:00,1.25e-05
2025-11-04 00:00:00.009000+00:00,1.25e-05
2025-11-04 01:00:00.022000+00:00,1.93917e-05
2025-11-04 02:00:00.049000+00:00,1.75017e-05
2025-11-04 03:00:00.014000+00:00,1.25e-05
2025-11-04 04:00:00.074000+00:00,1.25e-05
2025-11-04 05:00:00.042000+00:00,1.28955e-05
2025-11-04 06:00:00.054000+00:00,1.81515e-05
2025-11-04 07:00:00.052000+00:00,1.25e-05
2025-11-04 08:00:00.064000+00:00,1.53284e-05
2025-11-04 09:00:00.001000+00:00,1.25e-05
2025-11-04 10:00:00.042000+00:00,1.25e-05
2025-11-04 11:00:00.018000+00:00,1.25e-05
2025-11-04 12:00:00.053000+00:00,1.25e-05
2025-11-04 13:00:00.065000+00:00,1.25e-05
2025-11-04 14:00:00.077000+00:00,1.25e-05
2025-11-04 15:00:00.003000+00:00,1.25e-05
2025-11-04 16:00:00+00:00,-5.88378e-05
2025-11-04 17:00:00.006000+00:00,1.25e-05
2025-11-04 18:00:00.062000+00:00,1.25e-05
2025-11-04 19:00:00.079000+00:00,1.25e-05
2025-11-04 20:00:00.059000+00:00,1.25e-05
2025-11-04 21:00:00.034000+00:00,1.25e-05
2025-11-04 22:00:00.024000+00:00,1.25e-05
2025-11-04 23:00:00.105000+00:00,1.25e-05
2025-11-05 00:00:00.005000+00:00,1.25e-05
2025-11-05 01:00:00.045000+00:00,1.25e-05
2025-11-05 02:00:00.095000+00:00,1.25e-05
2025-11-05 03:00:00.037000+00:00,1.25e-05
2025-11-05 04:00:00.029000+00:00,1.25e-05
2025-11-05 05:00:00.020000+00:00,1.25e-05
2025-11-05 06:00:00.033000+00:00,1.25e-05
2025-11-05 07:00:00.044000+00:00,-3.9694e-06
2025-11-05 08:00:00.051000+00:00,1.25e-05
2025-11-05 09:00:00.029000+00:00,1.25e-05
2025-11-05 10:00:00.009000+00:00,1.25e-05
2025-11-05 11:00:00.001000+00:00,1.25e-05
2025-11-05 12:00:00.024000+00:00,1.25e-05
2025-11-05 13:00:00.088000+00:00,1.25e-05
2025-11-05 14:00:00.043000+00:00,1.25e-05
2025-11-05 15:00:00.072000+00:00,1.25e-05
2025-11-05 16:00:00.017000+00:00,1.25e-05
2025-11-05 17:00:00.026000+00:00,1.25e-05
2025-11-05 18:00:00.042000+00:00,2.38547e-05
2025-11-05 19:00:00+00:00,1.25e-05
2025-11-05 20:00:00+00:00,1.25e-05
2025-11-05 21:00:00.095000+00:00,1.25e-05
2025-11-05 22:00:00.015000+00:00,1.25e-05
2025-11-05 23:00:00+00:00,1.25e-05
2025-11-06 00:00:00.097000+00:00,1.25e-05
2025-11-06 01:00:00.003000+00:00,1.25e-05
2025-11-06 02:00:00.026000+00:00,1.25e-05
2025-11-06 03:00:00.007000+00:00,1.25e-05
2025-11-06 04:00:00.087000+00:00,1.25e-05
2025-11-06 05:00:00.131000+00:00,1.25e-05
2025-11-06 06:00:00.042000+00:00,1.25e-05
2025-11-06 07:00:00.071000+00:00,1.25e-05
2025-11-06 08:00:00.018000+00:00,1.25e-05
2025-11-06 09:00:00.140000+00:00,1.25e-05
2025-11-06 10:00:00.001000+00:00,1.25e-05
2025-11-06 11:00:00.102000+00:00,-1.06018e-05
2025-11-06 12:00:00.043000+00:00,1.25e-05
2025-11-06 13:00:00.022000+00:00,1.25e-05
2025-11-06 14:00:00.005000+00:00,-1.39992e-05
2025-11-06 15:00:00.021000+00:00,-1.49353e-05
2025-11-06 16:00:00.024000+00:00,1.25e-05
2025-11-06 17:00:00.081000+00:00,1.08029e-05
2025-11-06 18:00:00.040000+00:00,3.5502e-06
2025-11-06 19:00:00.042000+00:00,1.25e-05
2025-11-06 20:00:00.018000+00:00,-7.0082e-06
2025-11-06 21:00:00.048000+00:00,1.25e-05
2025-11-06 22:00:00.027000+00:00,1.25e-05
2025-11-06 23:00:00.047000+00:00,1.25e-05
2025-11-07 00:00:00.115000+00:00,1.25e-05
2025-11-07 01:00:00.033000+00:00,1.25e-05
2025-11-07 02:00:00.013000+00:00,1.25e-05
2025-11-07 03:00:00.014000+00:00,1.24497e-05
2025-11-07 04:00:00.064000+00:00,1.25e-05
2025-11-07 05:00:00.056000+00:00,1.25e-05
2025-11-07 06:00:00.072000+00:00,8.8296e-06
2025-11-07 07:00:00.016000+00:00,1.25e-05
2025-11-07 08:00:00.013000+00:00,3.0038e-06
2025-11-07 09:00:00.038000+00:00,1.25e-05
2025-11-07 10:00:00.027000+00:00,1.25e-05
2025-11-07 11:00:00.002000+00:00,1.25e-05
2025-11-07 12:00:00.029000+00:00,1.25e-05
2025-11-07 13:00:00.135000+00:00,1.216e-05
2025-11-07 14:00:00.085000+00:00,1.25e-05
2025-11-07 15:00:00.034000+00:00,1.25e-05
2025-11-07 16:00:00.018000+00:00,4.6558e-06
2025-11-07 17:00:00.021000+00:00,1.25e-05
2025-11-07 18:00:00.079000+00:00,1.25e-05
2025-11-07 19:00:00.010000+00:00,1.25e-05
2025-11-07 20:00:00.026000+00:00,1.25e-05
2025-11-07 21:00:00.021000+00:00,1.25e-05
2025-11-07 22:00:00.043000+00:00,1.25e-05
2025-11-07 23:00:00.141000+00:00,1.25e-05
2025-11-08 00:00:00.094000+00:00,1.25e-05
2025-11-08 01:00:00.067000+00:00,1.25e-05
2025-11-08 02:00:00.022000+00:00,1.25e-05
2025-11-08 03:00:00.023000+00:00,1.25e-05
2025-11-08 04:00:00.013000+00:00,1.25e-05
2025-11-08 05:00:00.085000+00:00,1.25e-05
2025-11-08 06:00:00.078000+00:00,1.25e-05
2025-11-08 07:00:00.036000+00:00,1.23187e-05
2025-11-08 08:00:00.058000+00:00,1.25e-05
2025-11-08 09:00:00.085000+00:00,1.25e-05
2025-11-08 10:00:00.029000+00:00,1.25e-05
2025-11-08 11:00:00.034000+00:00,1.25e-05
2025-11-08 12:00:00.091000+00:00,1.25e-05
2025-11-08 13:00:00.036000+00:00,1.25e-05
2025-11-08 14:00:00.019000+00:00,1.25e-05
2025-11-08 15:00:00.056000+00:00,1.25e-05
2025-11-08 16:00:00.029000+00:00,1.25e-05
2025-11-08 17:00:00.024000+00:00,1.25e-05
2025-11-08 18:00:00.085000+00:00,1.25e-05
2025-11-08 19:00:00.082000+00:00,5.5326e-06
2025-11-08 20:00:00.100000+00:00,-4.46039e-05
2025-11-08 21:00:00.090000+00:00,-4.0936e-06
2025-11-08 22:00:00.035000+00:00,-6.1125e-06
2025-11-08 23:00:00.043000+00:00,1.25e-05
2025-11-09 00:00:00.028000+00:00,1.25e-05
2025-11-09 01:00:00.002000+00:00,1.25e-05
2025-11-09 02:00:00.185000+00:00,1.11539e-05
2025-11-09 03:00:00.067000+00:00,8.6248e-06
2025-11-09 04:00:00.004000+00:00,1.25e-05
2025-11-09 05:00:00.022000+00:00,5.8223e-06
2025-11-09 06:00:00.090000+00:00,5.0312e-06
2025-11-09 07:00:00.058000+00:00,1.25e-05
2025-11-09 08:00:00.038000+00:00,1.25e-05
2025-11-09 09:00:00.012000+00:00,1.25e-05
2025-11-09 10:00:00.045000+00:00,1.25e-05
2025-11-09 11:00:00.046000+00:00,-1.63843e-05
2025-11-09 12:00:00.040000+00:00,1.25e-05
2025-11-09 13:00:00.061000+00:00,1.25e-05
2025-11-09 14:00:00.027000+00:00,-2.55675e-05
2025-11-09 15:00:00.050000+00:00,-4.14054e-05
2025-11-09 16:00:00.039000+00:00,1.25e-05
2025-11-09 17:00:00.109000+00:00,1.25e-05
2025-11-09 18:00:00.052000+00:00,1.25e-05
2025-11-09 19:00:00.066000+00:00,4.4045e-06
2025-11-09 20:00:00.007000+00:00,1.25e-05
2025-11-09 21:00:00.092000+00:00,1.25e-05
2025-11-09 22:00:00.073000+00:00,1.25e-05
2025-11-09 23:00:00.047000+00:00,1.08132e-05
2025-11-10 00:00:00.049000+00:00,-1.072e-07
2025-11-10 01:00:00+00:00,1.25e-05
2025-11-10 02:00:00.010000+00:00,1.25e-05
2025-11-10 03:00:00.055000+00:00,1.25e-05
2025-11-10 04:00:00.076000+00:00,9.4414e-06
2025-11-10 05:00:00.075000+00:00,1.25e-05
2025-11-10 06:00:00.071000+00:00,1.25e-05
2025-11-10 07:00:00.051000+00:00,1.25e-05
2025-11-10 08:00:00.042000+00:00,1.25e-05
2025-11-10 09:00:00.026000+00:00,1.25e-05
2025-11-10 10:00:00.131000+00:00,1.25e-05
2025-11-10 11:00:00.024000+00:00,1.25e-05
2025-11-10 12:00:00.125000+00:00,1.25e-05
2025-11-10 13:00:00.057000+00:00,1.25e-05
2025-11-10 14:00:00.062000+00:00,1.25e-05
2025-11-10 15:00:00.004000+00:00,1.25e-05
2025-11-10 16:00:00.048000+00:00,1.25e-05
2025-11-10 17:00:00.036000+00:00,1.25e-05
2025-11-10 18:00:00.053000+00:00,-4.19144e-05
2025-11-10 19:00:00.043000+00:00,-2.02092e-05
2025-11-10 20:00:00.045000+00:00,-1.0397e-06
2025-11-10 21:00:00.074000+00:00,-1.5768e-05
2025-11-10 22:00:00.005000+00:00,-2.9086e-06
2025-11-10 23:00:00.001000+00:00,1.25e-05
2025-11-11 00:00:00.073000+00:00,1.25e-05
2025-11-11 01:00:00.054000+00:00,1.25e-05
2025-11-11 02:00:00.011000+00:00,1.25e-05
2025-11-11 03:00:00.076000+00:00,1.426e-05
2025-11-11 04:00:00.153000+00:00,1.25e-05
2025-11-11 05:00:00.043000+00:00,1.25e-05
2025-11-11 06:00:00.043000+00:00,1.25e-05
2025-11-11 07:00:00.040000+00:00,1.25e-05
2025-11-11 08:00:00.049000+00:00,1.25e-05
2025-11-11 09:00:00.026000+00:00,1.25e-05
2025-11-11 10:00:00.055000+00:00,1.25e-05
2025-11-11 11:00:00.060000+00:00,1.25e-05
2025-11-11 12:00:00.002000+00:00,1.25e-05
2025-11-11 13:00:00.058000+00:00,1.25e-05
2025-11-11 14:00:00.061000+00:00,1.25e-05
2025-11-11 15:00:00.027000+00:00,1.25e-05
2025-11-11 16:00:00.015000+00:00,4.19076e-05
2025-11-11 17:00:00.073000+00:00,4.48299e-05
2025-11-11 18:00:00.026000+00:00,1.25e-05
2025-11-11 19:00:00.016000+00:00,1.25e-05
2025-11-11 20:00:00.013000+00:00,1.25e-05
2025-11-11 21:00:00.050000+00:00,-1.28447e-05
2025-11-11 22:00:00.008000+00:00,1.25e-05
2025-11-11 23:00:00.015000+00:00,1.25e-05
2025-11-12 00:00:00.096000+00:00,1.25e-05
2025-11-12 01:00:00.040000+00:00,1.25e-05
2025-11-12 02:00:00.123000+00:00,1.25e-05
2025-11-12 03:00:00.006000+00:00,1.25e-05
2025-11-12 04:00:00.014000+00:00,1.25e-05
2025-11-12 05:00:00.084000+00:00,1.25e-05
2025-11-12 06:00:00.107000+00:00,1.25e-05
2025-11-12 07:00:00.073000+00:00,1.25e-05
2025-11-12 08:00:00.004000+00:00,1.25e-05
2025-11-12 09:00:00.040000+00:00,1.25e-05
2025-11-12 10:00:00.021000+00:00,1.25e-05
2025-11-12 11:00:00.044000+00:00,1.25e-05
2025-11-12 12:00:00.007000+00:00,1.25e-05
2025-11-12 13:00:00.063000+00:00,1.25e-05
2025-11-12 14:00:00.043000+00:00,1.25e-05
2025-11-12 15:00:00.019000+00:00,1.25e-05
2025-11-12 16:00:00.001000+00:00,1.25e-05
2025-11-12 17:00:00.045000+00:00,1.25e-05
2025-11-12 18:00:00.036000+00:00,1.25e-05
2025-11-12 19:00:00.032000+00:00,1.25e-05
2025-11-12 20:00:00.038000+00:00,1.79631e-05
2025-11-12 21:00:00.057000+00:00,1.25e-05
2025-11-12 22:00:00.019000+00:00,1.25e-05
2025-11-12 23:00:00.045000+00:00,1.25e-05
2025-11-13 00:00:00.007000+00:00,1.25e-05
2025-11-13 01:00:00.079000+00:00,1.6515e-05
2025-11-13 02:00:00.052000+00:00,1.25e-05
2025-11-13 03:00:00.067000+00:00,1.25e-05
2025-11-13 04:00:00.039000+00:00,1.25e-05
2025-11-13 05:00:00.072000+00:00,1.25e-05
2025-11-13 06:00:00.028000+00:00,1.25e-05
2025-11-13 07:00:00.014000+00:00,1.25e-05
2025-11-13 08:00:00.053000+00:00,1.25e-05
2025-11-13 09:00:00.007000+00:00,1.25e-05
2025-11-13 10:00:00.062000+00:00,1.25e-05
2025-11-13 11:00:00.092000+00:00,1.25e-05
2025-11-13 12:00:00.022000+00:00,1.25e-05
2025-11-13 13:00:00.024000+00:00,1.25e-05
2025-11-13 14:00:00.070000+00:00,1.25e-05
2025-11-13 15:00:00.014000+00:00,1.25e-05
2025-11-13 16:00:00.012000+00:00,1.25e-05
2025-11-13 17:00:00.042000+00:00,1.25e-05
2025-11-13 18:00:00.058000+00:00,1.25e-05
2025-11-13 19:00:00.062000+00:00,1.85968e-05
2025-11-13 20:00:00.061000+00:00,5.17451e-05
2025-11-13 21:00:00.046000+00:00,2.4407e-05
2025-11-13 22:00:00.013000+00:00,1.25e-05
2025-11-13 23:00:00.059000+00:00,1.25e-05
2025-11-14 00:00:00.130000+00:00,1.25e-05
2025-11-14 01:00:00.014000+00:00,1.25e-05
2025-11-14 02:00:00.069000+00:00,1.25e-05
2025-11-14 03:00:00.085000+00:00,1.92272e-05
2025-11-14 04:00:00.024000+00:00,1.25e-05
2025-11-14 05:00:00.029000+00:00,1.25e-05
2025-11-14 06:00:00.096000+00:00,5.4999e-05
2025-11-14 07:00:00.019000+00:00,1.94015e-05
2025-11-14 08:00:00.098000+00:00,1.25e-05
2025-11-14 09:00:00.137000+00:00,1.25e-05
2025-11-14 10:00:00.036000+00:00,1.25e-05
2025-11-14 11:00:00.052000+00:00,2.27203e-05
2025-11-14 12:00:00.046000+00:00,1.25e-05
2025-11-14 13:00:00.041000+00:00,5.91816e-05
2025-11-14 14:00:00.034000+00:00,5.72801e-05
2025-11-14 15:00:00.013000+00:00,8.14536e-05
2025-11-14 16:00:00.014000+00:00,6.8617e-05
2025-11-14 17:00:00.079000+00:00,1.25e-05
2025-11-14 18:00:00.020000+00:00,1.25e-05
2025-11-14 19:00:00.005000+00:00,1.25e-05
2025-11-14 20:00:00.054000+00:00,1.32262e-05
2025-11-14 21:00:00.011000+00:00,1.25e-05
2025-11-14 22:00:00.091000+00:00,4.13629e-05
2025-11-14 23:00:00.037000+00:00,1.25e-05
2025-11-15 00:00:00.028000+00:00,1.25e-05
2025-11-15 01:00:00.133000+00:00,1.25e-05
2025-11-15 02:00:00.009000+00:00,4.49728e-05
2025-11-15 03:00:00.036000+00:00,1.25e-05
2025-11-15 04:00:00.065000+00:00,1.25e-05
2025-11-15 05:00:00.009000+00:00,1.25e-05
2025-11-15 06:00:00.014000+00:00,1.25e-05
2025-11-15 07:00:00.047000+00:00,1.25e-05
2025-11-15 08:00:00.089000+00:00,2.57266e-05
2025-11-15 09:00:00.051000+00:00,1.25e-05
2025-11-15 10:00:00.102000+00:00,1.25e-05
2025-11-15 11:00:00.069000+00:00,1.25e-05
2025-11-15 12:00:00.005000+00:00,1.25e-05
2025-11-15 13:00:00.021000+00:00,1.25e-05
2025-11-15 14:00:00.091000+00:00,1.25e-05
2025-11-15 15:00:00.034000+00:00,1.72747e-05
2025-11-15 16:00:00.015000+00:00,5.96883e-05
2025-11-15 17:00:00.035000+00:00,1.25e-05
2025-11-15 18:00:00.023000+00:00,1.25e-05
2025-11-15 19:00:00.004000+00:00,1.25e-05
2025-11-15 20:00:00.052000+00:00,1.25e-05
2025-11-15 21:00:00.109000+00:00,1.25e-05
2025-11-15 22:00:00.042000+00:00,1.25e-05
2025-11-15 23:00:00.047000+00:00,1.25e-05
2025-11-16 00:00:00.002000+00:00,1.25e-05
2025-11-16 01:00:00.042000+00:00,1.25e-05
2025-11-16 02:00:00.028000+00:00,1.25307e-05
2025-11-16 03:00:00.028000+00:00,1.25e-05
2025-11-16 04:00:00.042000+00:00,1.25e-05
2025-11-16 05:00:00.061000+00:00,1.25e-05
2025-11-16 06:00:00.020000+00:00,1.25e-05
2025-11-16 07:00:00.060000+00:00,1.25e-05
2025-11-16 08:00:00.087000+00:00,1.2513e-06
2025-11-16 09:00:00.076000+00:00,1.25e-05
2025-11-16 10:00:00.068000+00:00,1.25e-05
2025-11-16 11:00:00.119000+00:00,1.25e-05
2025-11-16 12:00:00.087000+00:00,1.07746e-05
2025-11-16 13:00:00.043000+00:00,1.25e-05
2025-11-16 14:00:00.073000+00:00,1.25e-05
2025-11-16 15:00:00.030000+00:00,1.25e-05
2025-11-16 16:00:00.012000+00:00,1.25e-05
2025-11-16 17:00:00.053000+00:00,1.25e-05
2025-11-16 18:00:00.003000+00:00,1.25e-05
2025-11-16 19:00:00.068000+00:00,1.25e-05
2025-11-16 20:00:00.033000+00:00,2.69145e-05
2025-11-16 21:00:00.059000+00:00,1.25e-05
2025-11-16 22:00:00.007000+00:00,1.25e-05
2025-11-16 23:00:00.049000+00:00,2.04495e-05
2025-11-17 00:00:00.032000+00:00,4.70143e-05
2025-11-17 01:00:00.020000+00:00,4.76119e-05
2025-11-17 02:00:00.028000+00:00,1.25e-05
2025-11-17 03:00:00.050000+00:00,1.25e-05
2025-11-17 04:00:00.026000+00:00,3.4934e-05
2025-11-17 05:00:00.122000+00:00,1.25e-05
2025-11-17 06:00:00.073000+00:00,2.08524e-05
2025-11-17 07:00:00.069000+00:00,1.25e-05
2025-11-17 08:00:00.018000+00:00,1.25e-05
2025-11-17 09:00:00.061000+00:00,1.25e-05
2025-11-17 10:00:00.009000+00:00,1.25e-05
2025-11-17 11:00:00.051000+00:00,2.38536e-05
2025-11-17 12:00:00.042000+00:00,4.87113e-05
2025-11-17 13:00:00.062000+00:00,1.75351e-05
2025-11-17 14:00:00.072000+00:00,5.77097e-05
2025-11-17 15:00:00.017000+00:00,3.93265e-05
2025-11-17 16:00:00.091000+00:00,1.39594e-05
2025-11-17 17:00:00.031000+00:00,4.79248e-05
2025-11-17 18:00:00.033000+00:00,6.33312e-05
2025-11-17 19:00:00.029000+00:00,6.47822e-05
2025-11-17 20:00:00.047000+00:00,4.13018e-05
2025-11-17 21:00:00.069000+00:00,6.30978e-05
2025-11-17 22:00:00.074000+00:00,3.90874e-05
2025-11-17 23:00:00.045000+00:00,6.58365e-05
2025-11-18 00:00:00.005000+00:00,5.097e-05
2025-11-18 01:00:00.008000+00:00,2.6316e-05
2025-11-18 02:00:00.088000+00:00,1.25e-05
2025-11-18 03:00:00.016000+00:00,5.93782e-05
2025-11-18 04:00:00.090000+00:00,3.46142e-05
2025-11-18 05:00:00.014000+00:00,1.25e-05
2025-11-18 06:00:00.071000+00:00,2.12598e-05
2025-11-18 07:00:00.106000+00:00,3.71165e-05
2025-11-18 08:00:00.038000+00:00,3.40919e-05
2025-11-18 09:00:00.045000+00:00,5.3948e-05
2025-11-18 10:00:00.075000+00:00,2.97003e-05
2025-11-18 11:00:00.001000+00:00,1.25e-05
2025-11-18 12:00:00.035000+00:00,4.23184e-05
2025-11-18 13:00:00.032000+00:00,5.32659e-05
2025-11-18 14:00:00.037000+00:00,3.41313e-05
2025-11-18 15:00:00.046000+00:00,1.95043e-05
2025-11-18 16:00:00.046000+00:00,2.01632e-05
2025-11-18 17:00:00.013000+00:00,3.62819e-05
2025-11-18 18:00:00.026000+00:00,1.32105e-05
2025-11-18 19:00:00.025000+00:00,1.25e-05
2025-11-18 20:00:00.006000+00:00,1.25e-05
2025-11-18 21:00:00.030000+00:00,1.25e-05
2025-11-18 22:00:00.011000+00:00,1.25e-05
2025-11-18 23:00:00.026000+00:00,1.25e-05
2025-11-19 00:00:00.026000+00:00,1.25e-05
2025-11-19 01:00:00.092000+00:00,1.25e-05
2025-11-19 02:00:00.049000+00:00,1.25e-05
2025-11-19 03:00:00.012000+00:00,1.25e-05
2025-11-19 04:00:00.054000+00:00,1.25e-05
2025-11-19 05:00:00.003000+00:00,1.87912e-05
2025-11-19 06:00:00.026000+00:00,1.25e-05
2025-11-19 07:00:00.048000+00:00,1.25e-05
2025-11-19 08:00:00.018000+00:00,1.25e-05
2025-11-19 09:00:00.048000+00:00,1.25e-05
2025-11-19 10:00:00.012000+00:00,1.25e-05
2025-11-19 11:00:00.095000+00:00,1.25e-05
2025-11-19 12:00:00.026000+00:00,1.25e-05
2025-11-19 13:00:00.042000+00:00,2.67309e-05
2025-11-19 14:00:00.002000+00:00,4.35232e-05
2025-11-19 15:00:00.004000+00:00,3.55768e-05
2025-11-19 16:00:00.036000+00:00,2.65729e-05
2025-11-19 17:00:00.080000+00:00,2.69786e-05
2025-11-19 18:00:00.054000+00:00,1.25e-05
2025-11-19 19:00:00.006000+00:00,1.25e-05
2025-11-19 20:00:00.045000+00:00,1.25e-05
2025-11-19 21:00:00.018000+00:00,1.25e-05
2025-11-19 22:00:00.034000+00:00,1.25e-05
2025-11-19 23:00:00.027000+00:00,1.25e-05
2025-11-20 00:00:00.071000+00:00,1.25e-05
2025-11-20 01:00:00.114000+00:00,1.25e-05
2025-11-20 02:00:00.030000+00:00,1.25e-05
2025-11-20 03:00:00.050000+00:00,2.85311e-05
2025-11-20 04:00:00.005000+00:00,1.25e-05
2025-11-20 05:00:00.045000+00:00,1.25e-05
2025-11-20 06:00:00.003000+00:00,1.25e-05
2025-11-20 07:00:00.046000+00:00,1.25e-05
2025-11-20 08:00:00+00:00,1.25e-05
2025-11-20 09:00:00.039000+00:00,1.25e-05
2025-11-20 10:00:00.112000+00:00,1.25e-05
2025-11-20 11:00:00.052000+00:00,1.25e-05
2025-11-20 12:00:00.004000+00:00,1.25e-05
2025-11-20 13:00:00.051000+00:00,1.25e-05
2025-11-20 14:00:00.045000+00:00,1.25e-05
2025-11-20 15:00:00.022000+00:00,1.25e-05
2025-11-20 16:00:00.039000+00:00,1.25e-05
2025-11-20 17:00:00.059000+00:00,8.00127e-05
2025-11-20 18:00:00.035000+00:00,4.33011e-05
2025-11-20 19:00:00.088000+00:00,2.52801e-05
2025-11-20 20:00:00.054000+00:00,5.93684e-05
2025-11-20 21:00:00+00:00,3.97633e-05
2025-11-20 22:00:00.129000+00:00,1.67109e-05
2025-11-20 23:00:00.006000+00:00,2.7544e-05
2025-11-21 00:00:00.037000+00:00,1.25e-05
2025-11-21 01:00:00.053000+00:00,1.48016e-05
2025-11-21 02:00:00.169000+00:00,1.25e-05
2025-11-21 03:00:00.141000+00:00,1.25e-05
2025-11-21 04:00:00.006000+00:00,1.25e-05
2025-11-21 05:00:00.005000+00:00,2.84351e-05
2025-11-21 06:00:00.054000+00:00,4.43958e-05
2025-11-21 07:00:00.092000+00:00,3.012e-05
2025-11-21 08:00:00.103000+00:00,1.77832e-05
2025-11-21 09:00:00.003000+00:00,1.25e-05
2025-11-21 10:00:00.007000+00:00,1.25e-05
2025-11-21 11:00:00.009000+00:00,1.25e-05
2025-11-21 12:00:00.005000+00:00,1.25e-05
2025-11-21 13:00:00.102000+00:00,1.25e-05
2025-11-21 14:00:00.044000+00:00,1.25e-05
2025-11-21 15:00:00.047000+00:00,1.25e-05
2025-11-21 16:00:00.015000+00:00,3.74488e-05
2025-11-21 17:00:00.023000+00:00,9.99241e-05
2025-11-21 18:00:00.006000+00:00,1.25e-05
2025-11-21 19:00:00.093000+00:00,3.95855e-05
2025-11-21 20:00:00.034000+00:00,2.03859e-05
2025-11-21 21:00:00.031000+00:00,1.25e-05
2025-11-21 22:00:00.066000+00:00,1.25e-05
2025-11-21 23:00:00.002000+00:00,1.25e-05
2025-11-22 00:00:00.049000+00:00,1.25e-05
2025-11-22 01:00:00.034000+00:00,3.95471e-05
2025-11-22 02:00:00.035000+00:00,6.08202e-05
2025-11-22 03:00:00.083000+00:00,1.25e-05
2025-11-22 04:00:00.070000+00:00,1.88721e-05
2025-11-22 05:00:00.036000+00:00,2.74604e-05
2025-11-22 06:00:00.033000+00:00,1.25e-05
2025-11-22 07:00:00.060000+00:00,2.3657e-05
2025-11-22 08:00:00.063000+00:00,4.65308e-05
2025-11-22 09:00:00.011000+00:00,3.975e-05
2025-11-22 10:00:00.052000+00:00,5.08134e-05
2025-11-22 11:00:00.092000+00:00,1.54586e-05
2025-11-22 12:00:00.045000+00:00,1.25e-05
2025-11-22 13:00:00.078000+00:00,1.25e-05
2025-11-22 14:00:00.013000+00:00,1.25e-05
2025-11-22 15:00:00.010000+00:00,1.25e-05
2025-11-22 16:00:00.011000+00:00,1.25e-05
2025-11-22 17:00:00.019000+00:00,1.25e-05
2025-11-22 18:00:00.003000+00:00,1.25e-05
2025-11-22 19:00:00.027000+00:00,1.25e-05
2025-11-22 20:00:00.045000+00:00,1.25e-05
2025-11-22 21:00:00.055000+00:00,-3.12367e-05
2025-11-22 22:00:00.053000+00:00,1.25e-05
2025-11-22 23:00:00.085000+00:00,1.25e-05
2025-11-23 00:00:00.020000+00:00,1.25e-05
2025-11-23 01:00:00.093000+00:00,1.31805e-05
2025-11-23 02:00:00.046000+00:00,1.25e-05
2025-11-23 03:00:00.024000+00:00,2.6589e-06
2025-11-23 04:00:00.004000+00:00,4.5114e-06
2025-11-23 05:00:00.012000+00:00,4.6636e-06
2025-11-23 06:00:00.007000+00:00,-4.454e-07
2025-11-23 07:00:00.051000+00:00,1.25e-05
2025-11-23 08:00:00.064000+00:00,1.25e-05
2025-11-23 09:00:00.008000+00:00,1.25e-05
2025-11-23 10:00:00.023000+00:00,1.25e-05
2025-11-23 11:00:00.097000+00:00,1.25e-05
2025-11-23 12:00:00.010000+00:00,1.25e-05
2025-11-23 13:00:00.086000+00:00,-6.156e-07
2025-11-23 14:00:00.004000+00:00,1.25e-05
2025-11-23 15:00:00.040000+00:00,1.25e-05
2025-11-23 16:00:00.021000+00:00,1.25e-05
2025-11-23 17:00:00.005000+00:00,1.25e-05
2025-11-23 18:00:00.020000+00:00,1.25e-05
2025-11-23 19:00:00.042000+00:00,1.25e-05
2025-11-23 20:00:00.076000+00:00,1.25e-05
2025-11-23 21:00:00.083000+00:00,1.25e-05
2025-11-23 22:00:00.032000+00:00,1.25e-05
2025-11-23 23:00:00.050000+00:00,1.25e-05
2025-11-24 00:00:00.051000+00:00,1.25e-05
2025-11-24 01:00:00.030000+00:00,1.25e-05
2025-11-24 02:00:00.067000+00:00,1.25e-05
2025-11-24 03:00:00.010000+00:00,1.25e-05
2025-11-24 04:00:00.034000+00:00,1.25e-05
2025-11-24 05:00:00.042000+00:00,1.25e-05
2025-11-24 06:00:00.036000+00:00,4.7582e-06
2025-11-24 07:00:00.028000+00:00,1.25e-05
2025-11-24 08:00:00.025000+00:00,1.25e-05
2025-11-24 09:00:00.049000+00:00,1.25e-05
2025-11-24 10:00:00.007000+00:00,1.25e-05
2025-11-24 11:00:00.049000+00:00,1.25e-05
2025-11-24 12:00:00.056000+00:00,1.25e-05
2025-11-24 13:00:00.014000+00:00,1.25e-05
2025-11-24 14:00:00.035000+00:00,1.25e-05
2025-11-24 15:00:00.015000+00:00,1.25e-05
2025-11-24 16:00:00.011000+00:00,1.25e-05
2025-11-24 17:00:00.041000+00:00,1.25e-05
2025-11-24 18:00:00.097000+00:00,9.1853e-06
2025-11-24 19:00:00.065000+00:00,8.5995e-06
2025-11-24 20:00:00.083000+00:00,1.25e-05
2025-11-24 21:00:00.134000+00:00,9.1297e-06
2025-11-24 22:00:00.018000+00:00,3.2684e-06
2025-11-24 23:00:00.013000+00:00,1.25e-05
2025-11-25 00:00:00.027000+00:00,1.25e-05
2025-11-25 01:00:00.029000+00:00,1.25e-05
2025-11-25 02:00:00.065000+00:00,1.25e-05
2025-11-25 03:00:00.062000+00:00,-4.1438e-06
2025-11-25 04:00:00.057000+00:00,3.0841e-06
2025-11-25 05:00:00.061000+00:00,1.25e-05
2025-11-25 06:00:00.056000+00:00,1.25e-05
2025-11-25 07:00:00.004000+00:00,1.719e-06
2025-11-25 08:00:00+00:00,1.25e-05
2025-11-25 09:00:00.065000+00:00,1.25e-05
2025-11-25 10:00:00.014000+00:00,1.25e-05
2025-11-25 11:00:00.010000+00:00,-5.00255e-05
2025-11-25 12:00:00.055000+00:00,1.25e-05
2025-11-25 13:00:00.083000+00:00,1.25e-05
2025-11-25 14:00:00.039000+00:00,1.25e-05
2025-11-25 15:00:00.004000+00:00,1.25e-05
2025-11-25 16:00:00.060000+00:00,1.25e-05
2025-11-25 17:00:00.006000+00:00,1.25e-05
2025-11-25 18:00:00.054000+00:00,1.25e-05
2025-11-25 19:00:00.061000+00:00,1.25e-05
2025-11-25 20:00:00.015000+00:00,1.25e-05
2025-11-25 21:00:00.012000+00:00,1.25e-05
2025-11-25 22:00:00.013000+00:00,1.25e-05
2025-11-25 23:00:00.092000+00:00,1.25e-05
2025-11-26 00:00:00.203000+00:00,1.25e-05
2025-11-26 01:00:00.056000+00:00,1.25e-05
2025-11-26 02:00:00.030000+00:00,1.25e-05
2025-11-26 03:00:00.063000+00:00,-5.2328e-06
2025-11-26 04:00:00.014000+00:00,-2.9827e-06
2025-11-26 05:00:00.044000+00:00,7.0488e-06
2025-11-26 06:00:00.016000+00:00,1.25e-05
2025-11-26 07:00:00.022000+00:00,1.25e-05
2025-11-26 08:00:00.098000+00:00,1.25e-05
2025-11-26 09:00:00.091000+00:00,1.25e-05
2025-11-26 10:00:00.025000+00:00,1.25e-05
2025-11-26 11:00:00.023000+00:00,-8.4554e-06
2025-11-26 12:00:00.100000+00:00,-2.28363e-05
2025-11-26 13:00:00.034000+00:00,3.7865e-06
2025-11-26 14:00:00.047000+00:00,1.25e-05
2025-11-26 15:00:00.012000+00:00,1.25e-05
2025-11-26 16:00:00.062000+00:00,1.25e-05
2025-11-26 17:00:00.062000+00:00,1.25e-05
2025-11-26 18:00:00.073000+00:00,1.17308e-05
2025-11-26 19:00:00.048000+00:00,-1.7516e-05
2025-11-26 20:00:00.065000+00:00,1.25e-05
2025-11-26 21:00:00.032000+00:00,1.25e-05
2025-11-26 22:00:00.029000+00:00,1.25e-05
2025-11-26 23:00:00.032000+00:00,1.25e-05
2025-11-27 00:00:00.024000+00:00,5.1161e-06
2025-11-27 01:00:00.006000+00:00,5.9393e-06
2025-11-27 02:00:00.090000+00:00,1.799e-07
2025-11-27 03:00:00.036000+00:00,-2.16877e-05
2025-11-27 04:00:00.062000+00:00,-2.69384e-05
2025-11-27 05:00:00.069000+00:00,-5.5254e-05
2025-11-27 06:00:00.027000+00:00,-3.99856e-05
2025-11-27 07:00:00.004000+00:00,-2.6029e-06
2025-11-27 08:00:00.031000+00:00,1.25e-05
2025-11-27 09:00:00.030000+00:00,1.25e-05
2025-11-27 10:00:00.037000+00:00,1.25e-05
2025-11-27 11:00:00.006000+00:00,1.25e-05
2025-11-27 12:00:00.056000+00:00,-3.32092e-05
2025-11-27 13:00:00.129000+00:00,-1.78426e-05
2025-11-27 14:00:00.083000+00:00,1.25e-05
2025-11-27 15:00:00.013000+00:00,-8.5355e-06
2025-11-27 16:00:00.038000+00:00,-1.84067e-05
2025-11-27 17:00:00.030000+00:00,1.25e-05
2025-11-27 18:00:00.008000+00:00,1.25e-05
2025-11-27 19:00:00.043000+00:00,-4.48973e-05
2025-11-27 20:00:00.031000+00:00,-5.01266e-05
2025-11-27 21:00:00.068000+00:00,-1.94799e-05
2025-11-27 22:00:00.021000+00:00,-3.66994e-05
2025-11-27 23:00:00.015000+00:00,-1.75298e-05
2025-11-28 00:00:00.003000+00:00,1.25e-05
2025-11-28 01:00:00.096000+00:00,1.25e-05
2025-11-28 02:00:00.007000+00:00,7.0942e-06
2025-11-28 03:00:00.026000+00:00,1.25e-05
2025-11-28 04:00:00.060000+00:00,1.25e-05
2025-11-28 05:00:00.102000+00:00,1.25e-05
2025-11-28 06:00:00.089000+00:00,1.25e-05
2025-11-28 07:00:00.032000+00:00,1.25e-05
2025-11-28 08:00:00.007000+00:00,1.25e-05
2025-11-28 09:00:00.007000+00:00,1.25e-05
2025-11-28 10:00:00.046000+00:00,1.25e-05
2025-11-28 11:00:00.039000+00:00,1.25e-05
2025-11-28 12:00:00.055000+00:00,1.25e-05
2025-11-28 13:00:00.037000+00:00,1.25e-05
2025-11-28 14:00:00.032000+00:00,1.25e-05
2025-11-28 15:00:00+00:00,1.25e-05
2025-11-28 16:00:00.028000+00:00,1.25e-05
2025-11-28 17:00:00.067000+00:00,1.25e-05
2025-11-28 18:00:00.002000+00:00,1.25e-05
2025-11-28 19:00:00.074000+00:00,1.25e-05
2025-11-28 20:00:00.023000+00:00,1.25e-05
2025-11-28 21:00:00.034000+00:00,1.25e-05
2025-11-28 22:00:00.030000+00:00,3.75681e-05
2025-11-28 23:00:00.038000+00:00,3.99694e-05
2025-11-29 00:00:00.025000+00:00,1.25e-05
2025-11-29 01:00:00.081000+00:00,1.60459e-05
2025-11-29 02:00:00.015000+00:00,1.25e-05
2025-11-29 03:00:00.061000+00:00,1.25e-05
2025-11-29 04:00:00.003000+00:00,1.25e-05
2025-11-29 05:00:00.146000+00:00,1.25e-05
2025-11-29 06:00:00.061000+00:00,1.25e-05
2025-11-29 07:00:00.067000+00:00,1.25e-05
2025-11-29 08:00:00.067000+00:00,1.25e-05
2025-11-29 09:00:00.005000+00:00,1.25e-05
2025-11-29 10:00:00.028000+00:00,2.77209e-05
2025-11-29 11:00:00.053000+00:00,1.25e-05
2025-11-29 12:00:00+00:00,1.25e-05
2025-11-29 13:00:00.051000+00:00,1.25e-05
2025-11-29 14:00:00.026000+00:00,1.25e-05
2025-11-29 15:00:00.007000+00:00,1.25e-05
2025-11-29 16:00:00.017000+00:00,1.25e-05
2025-11-29 17:00:00.109000+00:00,1.25e-05
2025-11-29 18:00:00.004000+00:00,1.25e-05
2025-11-29 19:00:00.022000+00:00,1.25e-05
2025-11-29 20:00:00.051000+00:00,1.25e-05
2025-11-29 21:00:00.028000+00:00,1.25e-05
2025-11-29 22:00:00.035000+00:00,1.25e-05
2025-11-29 23:00:00.051000+00:00,1.25e-05
2025-11-30 00:00:00.082000+00:00,1.25e-05
2025-11-30 01:00:00.030000+00:00,1.25e-05
2025-11-30 02:00:00.075000+00:00,1.25e-05
2025-11-30 03:00:00.044000+00:00,1.25e-05
2025-11-30 04:00:00.090000+00:00,1.25e-05
2025-11-30 05:00:00.004000+00:00,1.25e-05
2025-11-30 06:00:00.004000+00:00,1.25e-05
2025-11-30 07:00:00.045000+00:00,1.25e-05
2025-11-30 08:00:00.065000+00:00,1.25e-05
2025-11-30 09:00:00.051000+00:00,1.25e-05
2025-11-30 10:00:00.075000+00:00,1.25e-05
2025-11-30 11:00:00.070000+00:00,1.25e-05
2025-11-30 12:00:00.054000+00:00,8.50021e-05
2025-11-30 13:00:00.060000+00:00,1.25e-05
2025-11-30 14:00:00.007000+00:00,1.25e-05
2025-11-30 15:00:00.066000+00:00,4.66203e-05
2025-11-30 16:00:00.049000+00:00,1.25e-05
2025-11-30 17:00:00.046000+00:00,1.25e-05
2025-11-30 18:00:00.097000+00:00,1.25e-05
2025-11-30 19:00:00.015000+00:00,1.25e-05
2025-11-30 20:00:00.096000+00:00,1.25e-05
2025-11-30 21:00:00.035000+00:00,1.25e-05
2025-11-30 22:00:00.056000+00:00,1.25e-05
2025-11-30 23:00:00.008000+00:00,1.25e-05
2025-12-01 00:00:00.073000+00:00,1.25e-05
2025-12-01 01:00:00.076000+00:00,1.25e-05
2025-12-01 02:00:00.003000+00:00,1.25e-05
2025-12-01 03:00:00.027000+00:00,1.91174e-05
2025-12-01 04:00:00.028000+00:00,1.25e-05
2025-12-01 05:00:00.048000+00:00,1.25e-05
2025-12-01 06:00:00.029000+00:00,1.25e-05
2025-12-01 07:00:00.034000+00:00,1.25e-05
2025-12-01 08:00:00.014000+00:00,1.25e-05
2025-12-01 09:00:00.010000+00:00,1.25e-05
2025-12-01 10:00:00.038000+00:00,1.25e-05
2025-12-01 11:00:00.036000+00:00,1.25e-05
2025-12-01 12:00:00.066000+00:00,1.25e-05
2025-12-01 13:00:00.024000+00:00,1.25e-05
2025-12-01 14:00:00.024000+00:00,1.25e-05
2025-12-01 15:00:00.067000+00:00,1.25e-05
2025-12-01 16:00:00.069000+00:00,1.25e-05
2025-12-01 17:00:00.021000+00:00,1.25e-05
2025-12-01 18:00:00.060000+00:00,1.25e-05
2025-12-01 19:00:00+00:00,1.25e-05
2025-12-01 20:00:00.070000+00:00,1.25e-05
2025-12-01 21:00:00.006000+00:00,1.25e-05
2025-12-01 22:00:00.103000+00:00,1.25e-05
2025-12-01 23:00:00.062000+00:00,1.25e-05
2025-12-02 00:00:00.052000+00:00,1.25e-05
2025-12-02 01:00:00.062000+00:00,1.25e-05
2025-12-02 02:00:00.027000+00:00,1.25e-05
2025-12-02 03:00:00.060000+00:00,1.25e-05
2025-12-02 04:00:00.023000+00:00,1.25e-05
2025-12-02 05:00:00.061000+00:00,1.25e-05
2025-12-02 06:00:00.036000+00:00,1.25e-05
2025-12-02 07:00:00.001000+00:00,1.25e-05
2025-12-02 08:00:00.104000+00:00,1.25e-05
2025-12-02 09:00:00.038000+00:00,1.51784e-05
2025-12-02 10:00:00.047000+00:00,1.53558e-05
2025-12-02 11:00:00.037000+00:00,1.498e-05
2025-12-02 12:00:00.092000+00:00,1.25e-05
2025-12-02 13:00:00.029000+00:00,1.25e-05
2025-12-02 14:00:00.078000+00:00,1.25e-05
2025-12-02 15:00:00.070000+00:00,1.25e-05
2025-12-02 16:00:00.048000+00:00,-1.5602e-06
2025-12-02 17:00:00.058000+00:00,1.25e-05
2025-12-02 18:00:00.022000+00:00,1.25e-05
2025-12-02 19:00:00.027000+00:00,1.25e-05
2025-12-02 20:00:00.007000+00:00,1.25e-05
2025-12-02 21:00:00.115000+00:00,1.25e-05
2025-12-02 22:00:00.050000+00:00,1.25e-05
2025-12-02 23:00:00.064000+00:00,1.25e-05
2025-12-03 00:00:00.098000+00:00,1.25e-05
2025-12-03 01:00:00.052000+00:00,1.25e-05
2025-12-03 02:00:00.028000+00:00,1.25e-05
2025-12-03 03:00:00.017000+00:00,1.25e-05
2025-12-03 04:00:00.010000+00:00,1.25e-05
2025-12-03 05:00:00.062000+00:00,1.25e-05
2025-12-03 06:00:00.007000+00:00,1.25e-05
2025-12-03 07:00:00.016000+00:00,1.25e-05
2025-12-03 08:00:00.016000+00:00,1.25e-05
2025-12-03 09:00:00.099000+00:00,1.25e-05
2025-12-03 10:00:00.051000+00:00,1.25e-05
2025-12-03 11:00:00.008000+00:00,1.25e-05
2025-12-03 12:00:00.008000+00:00,1.25e-05
2025-12-03 13:00:00.033000+00:00,1.25e-05
2025-12-03 14:00:00.068000+00:00,1.25e-05
2025-12-03 15:00:00.020000+00:00,1.25e-05
2025-12-03 16:00:00.116000+00:00,1.25e-05
2025-12-03 17:00:00.035000+00:00,1.25e-05
2025-12-03 18:00:00.043000+00:00,1.25e-05
2025-12-03 19:00:00+00:00,1.25e-05
2025-12-03 20:00:00.036000+00:00,1.25e-05
2025-12-03 21:00:00.027000+00:00,1.25e-05
2025-12-03 22:00:00.024000+00:00,1.25e-05
2025-12-03 23:00:00.029000+00:00,1.25e-05
2025-12-04 00:00:00.032000+00:00,1.25e-05
2025-12-04 01:00:00.010000+00:00,1.25e-05
2025-12-04 02:00:00.079000+00:00,2.66926e-05
2025-12-04 03:00:00.010000+00:00,2.92141e-05
2025-12-04 04:00:00.038000+00:00,1.25e-05
2025-12-04 05:00:00.064000+00:00,1.25e-05
2025-12-04 06:00:00.059000+00:00,1.25e-05
2025-12-04 07:00:00.011000+00:00,1.25e-05
2025-12-04 08:00:00.049000+00:00,1.25e-05
2025-12-04 09:00:00.085000+00:00,1.25e-05
2025-12-04 10:00:00.081000+00:00,1.25e-05
2025-12-04 11:00:00.050000+00:00,1.25e-05
2025-12-04 12:00:00.031000+00:00,1.25e-05
2025-12-04 13:00:00.064000+00:00,1.25e-05
2025-12-04 14:00:00.041000+00:00,1.25e-05
2025-12-04 15:00:00.047000+00:00,1.25e-05
2025-12-04 16:00:00.010000+00:00,1.25e-05
2025-12-04 17:00:00.054000+00:00,1.25e-05
2025-12-04 18:00:00.008000+00:00,1.25e-05
2025-12-04 19:00:00.044000+00:00,1.25e-05
2025-12-04 20:00:00.021000+00:00,1.25e-05
2025-12-04 21:00:00.078000+00:00,1.25e-05
2025-12-04 22:00:00.034000+00:00,1.25e-05
2025-12-04 23:00:00.015000+00:00,1.25e-05
2025-12-05 00:00:00.002000+00:00,1.25e-05
2025-12-05 01:00:00.035000+00:00,1.25e-05
2025-12-05 02:00:00.021000+00:00,1.25e-05
2025-12-05 03:00:00.048000+00:00,1.25e-05
2025-12-05 04:00:00.066000+00:00,1.25e-05
2025-12-05 05:00:00.044000+00:00,1.25e-05
2025-12-05 06:00:00.033000+00:00,1.25e-05
2025-12-05 07:00:00.050000+00:00,1.25e-05
2025-12-05 08:00:00.032000+00:00,1.25e-05
2025-12-05 09:00:00.019000+00:00,1.25e-05
2025-12-05 10:00:00.035000+00:00,1.25e-05
2025-12-05 11:00:00.077000+00:00,1.25e-05
2025-12-05 12:00:00.030000+00:00,1.25e-05
2025-12-05 13:00:00.062000+00:00,1.25e-05
2025-12-05 14:00:00.047000+00:00,1.25e-05
2025-12-05 15:00:00.036000+00:00,2.80022e-05
2025-12-05 16:00:00+00:00,1.25e-05
2025-12-05 17:00:00.026000+00:00,1.25e-05
2025-12-05 18:00:00.054000+00:00,1.25e-05
2025-12-05 19:00:00.086000+00:00,1.25e-05
2025-12-05 20:00:00.004000+00:00,1.25e-05
2025-12-05 21:00:00.036000+00:00,1.25e-05
2025-12-05 22:00:00.035000+00:00,1.25e-05
2025-12-05 23:00:00.012000+00:00,1.25e-05
2025-12-06 00:00:00.052000+00:00,1.25e-05
2025-12-06 01:00:00.110000+00:00,1.25e-05
2025-12-06 02:00:00.011000+00:00,1.25e-05
2025-12-06 03:00:00.053000+00:00,1.25e-05
2025-12-06 04:00:00.025000+00:00,1.25e-05
2025-12-06 05:00:00.044000+00:00,1.25e-05
2025-12-06 06:00:00.010000+00:00,1.25e-05
2025-12-06 07:00:00.052000+00:00,1.25e-05
2025-12-06 08:00:00.049000+00:00,1.25e-05
2025-12-06 09:00:00.050000+00:00,1.25e-05
2025-12-06 10:00:00.024000+00:00,1.25e-05
2025-12-06 11:00:00.005000+00:00,1.25e-05
2025-12-06 12:00:00.038000+00:00,1.25e-05
2025-12-06 13:00:00.034000+00:00,1.25e-05
2025-12-06 14:00:00.047000+00:00,1.25e-05
2025-12-06 15:00:00.028000+00:00,1.25e-05
2025-12-06 16:00:00.107000+00:00,1.25e-05
2025-12-06 17:00:00.025000+00:00,1.25e-05
2025-12-06 18:00:00.046000+00:00,1.25e-05
2025-12-06 19:00:00.065000+00:00,1.25e-05
2025-12-06 20:00:00.038000+00:00,1.25e-05
2025-12-06 21:00:00.067000+00:00,1.25e-05
2025-12-06 22:00:00.120000+00:00,1.25e-05
2025-12-06 23:00:00.058000+00:00,1.25e-05
2025-12-07 00:00:00.005000+00:00,1.25e-05
2025-12-07 01:00:00.048000+00:00,1.25e-05
2025-12-07 02:00:00.012000+00:00,1.25e-05
2025-12-07 03:00:00.047000+00:00,1.25e-05
2025-12-07 04:00:00.147000+00:00,1.25e-05
2025-12-07 05:00:00.081000+00:00,1.25e-05
2025-12-07 06:00:00.041000+00:00,1.25e-05
2025-12-07 07:00:00.003000+00:00,1.25e-05
2025-12-07 08:00:00.025000+00:00,1.25e-05
2025-12-07 09:00:00.033000+00:00,1.25e-05
2025-12-07 10:00:00.096000+00:00,3.15566e-05
2025-12-07 11:00:00.107000+00:00,7.45434e-05
2025-12-07 12:00:00.022000+00:00,6.58203e-05
2025-12-07 13:00:00.015000+00:00,1.25e-05
2025-12-07 14:00:00.007000+00:00,1.25e-05
2025-12-07 15:00:00.003000+00:00,1.25e-05
2025-12-07 16:00:00.031000+00:00,1.25e-05
2025-12-07 17:00:00.002000+00:00,1.25e-05
2025-12-07 18:00:00.040000+00:00,1.25e-05
2025-12-07 19:00:00.096000+00:00,1.25e-05
2025-12-07 20:00:00.036000+00:00,1.25e-05
2025-12-07 21:00:00.009000+00:00,1.25e-05
2025-12-07 22:00:00.031000+00:00,1.25e-05
2025-12-07 23:00:00.067000+00:00,1.25e-05
2025-12-08 00:00:00.031000+00:00,1.25e-05
2025-12-08 01:00:00.152000+00:00,1.25e-05
2025-12-08 02:00:00.010000+00:00,1.25e-05
2025-12-08 03:00:00.024000+00:00,2.17061e-05
2025-12-08 04:00:00.007000+00:00,1.50179e-05
2025-12-08 05:00:00.036000+00:00,1.25e-05
2025-12-08 06:00:00.056000+00:00,1.25e-05
2025-12-08 07:00:00.006000+00:00,1.25e-05
2025-12-08 08:00:00.113000+00:00,1.25e-05
2025-12-08 09:00:00.062000+00:00,1.25e-05
2025-12-08 10:00:00.041000+00:00,1.25e-05
2025-12-08 11:00:00.085000+00:00,1.25e-05
2025-12-08 12:00:00.019000+00:00,1.25e-05
2025-12-08 13:00:00.077000+00:00,1.25e-05
2025-12-08 14:00:00.056000+00:00,1.25e-05
2025-12-08 15:00:00.011000+00:00,1.25e-05
2025-12-08 16:00:00.037000+00:00,1.25e-05
2025-12-08 17:00:00.037000+00:00,1.25e-05
2025-12-08 18:00:00.053000+00:00,2.4006e-06
2025-12-08 19:00:00.047000+00:00,-5.0973e-06
2025-12-08 20:00:00.021000+00:00,1.25e-05
2025-12-08 21:00:00.150000+00:00,1.25e-05
2025-12-08 22:00:00.004000+00:00,1.25e-05
2025-12-08 23:00:00.059000+00:00,1.25e-05
2025-12-09 00:00:00.087000+00:00,1.25e-05
2025-12-09 01:00:00.022000+00:00,1.25e-05
2025-12-09 02:00:00.045000+00:00,3.0887e-06
2025-12-09 03:00:00.064000+00:00,1.25e-05
2025-12-09 04:00:00.033000+00:00,1.25e-05
2025-12-09 05:00:00.043000+00:00,1.25e-05
2025-12-09 06:00:00.001000+00:00,1.25e-05
2025-12-09 07:00:00.090000+00:00,5.97696e-05
2025-12-09 08:00:00.041000+00:00,4.06891e-05
2025-12-09 09:00:00.045000+00:00,3.65632e-05
2025-12-09 10:00:00.025000+00:00,2.86781e-05
2025-12-09 11:00:00.029000+00:00,6.39803e-05
2025-12-09 12:00:00.077000+00:00,1.25e-05
2025-12-09 13:00:00.052000+00:00,1.25e-05
2025-12-09 14:00:00.043000+00:00,1.25e-05
2025-12-09 15:00:00.058000+00:00,3.46607e-05
2025-12-09 16:00:00.007000+00:00,1.25e-05
2025-12-09 17:00:00.005000+00:00,1.25e-05
2025-12-09 18:00:00.021000+00:00,1.25e-05
2025-12-09 19:00:00.066000+00:00,1.25e-05
2025-12-09 20:00:00.008000+00:00,1.25e-05
2025-12-09 21:00:00.033000+00:00,1.25e-05
2025-12-09 22:00:00.103000+00:00,1.25e-05
2025-12-09 23:00:00.008000+00:00,1.25e-05
2025-12-10 00:00:00.013000+00:00,1.25e-05
2025-12-10 01:00:00.046000+00:00,1.25e-05
2025-12-10 02:00:00.101000+00:00,1.25e-05
2025-12-10 03:00:00+00:00,1.25e-05
2025-12-10 04:00:00.090000+00:00,1.25e-05
2025-12-10 05:00:00.079000+00:00,1.25e-05
2025-12-10 06:00:00.065000+00:00,1.25e-05
2025-12-10 07:00:00.025000+00:00,1.25e-05
2025-12-10 08:00:00.023000+00:00,1.25e-05
2025-12-10 09:00:00.031000+00:00,1.25e-05
2025-12-10 10:00:00.108000+00:00,1.25e-05
2025-12-10 11:00:00.050000+00:00,1.25e-05
2025-12-10 12:00:00.051000+00:00,1.25e-05
2025-12-10 13:00:00.033000+00:00,1.25e-05
2025-12-10 14:00:00.003000+00:00,1.25e-05
2025-12-10 15:00:00.139000+00:00,1.25e-05
2025-12-10 16:00:00.003000+00:00,1.70899e-05
2025-12-10 17:00:00.019000+00:00,1.25e-05
2025-12-10 18:00:00.058000+00:00,1.25e-05
2025-12-10 19:00:00.036000+00:00,1.25e-05
2025-12-10 20:00:00.105000+00:00,1.25e-05
2025-12-10 21:00:00.013000+00:00,1.25e-05
2025-12-10 22:00:00.057000+00:00,1.25e-05
2025-12-10 23:00:00+00:00,1.25e-05
2025-12-11 00:00:00.043000+00:00,1.25e-05
2025-12-11 01:00:00.002000+00:00,1.07825e-05
2025-12-11 02:00:00.017000+00:00,1.25e-05
2025-12-11 03:00:00.029000+00:00,1.25e-05
2025-12-11 04:00:00.035000+00:00,1.25e-05
2025-12-11 05:00:00.039000+00:00,1.25e-05
2025-12-11 06:00:00.044000+00:00,1.25e-05
2025-12-11 07:00:00.030000+00:00,1.25e-05
2025-12-11 08:00:00.002000+00:00,1.25e-05
2025-12-11 09:00:00.086000+00:00,1.25e-05
2025-12-11 10:00:00.017000+00:00,1.25e-05
2025-12-11 11:00:00.074000+00:00,1.25e-05
2025-12-11 12:00:00.085000+00:00,1.25e-05
2025-12-11 13:00:00.016000+00:00,2.91556e-05
2025-12-11 14:00:00.053000+00:00,2.92977e-05
2025-12-11 15:00:00.033000+00:00,1.42544e-05
2025-12-11 16:00:00.037000+00:00,1.25e-05
2025-12-11 17:00:00.009000+00:00,1.25e-05
2025-12-11 18:00:00.065000+00:00,1.25e-05
2025-12-11 19:00:00.050000+00:00,1.25e-05
2025-12-11 20:00:00.102000+00:00,1.71361e-05
2025-12-11 21:00:00.008000+00:00,1.25e-05
2025-12-11 22:00:00.002000+00:00,1.25e-05
2025-12-11 23:00:00.050000+00:00,1.25e-05
2025-12-12 00:00:00.018000+00:00,1.25e-05
2025-12-12 01:00:00.171000+00:00,1.25e-05
2025-12-12 02:00:00.053000+00:00,1.25e-05
2025-12-12 03:00:00.087000+00:00,1.25e-05
2025-12-12 04:00:00.006000+00:00,1.25e-05
2025-12-12 05:00:00.009000+00:00,1.25e-05
2025-12-12 06:00:00.066000+00:00,1.25e-05
2025-12-12 07:00:00.063000+00:00,1.25e-05
2025-12-12 08:00:00.062000+00:00,1.25e-05
2025-12-12 09:00:00.026000+00:00,1.25e-05
2025-12-12 10:00:00.066000+00:00,1.25e-05
2025-12-12 11:00:00.038000+00:00,1.25e-05
2025-12-12 12:00:00.034000+00:00,1.25e-05
2025-12-12 13:00:00.065000+00:00,1.25e-05
2025-12-12 14:00:00.016000+00:00,1.25e-05
2025-12-12 15:00:00.036000+00:00,1.25e-05
2025-12-12 16:00:00.063000+00:00,1.25e-05
2025-12-12 17:00:00.048000+00:00,1.25e-05
2025-12-12 18:00:00.100000+00:00,2.374e-05
2025-12-12 19:00:00.047000+00:00,1.84329e-05
2025-12-12 20:00:00.061000+00:00,1.25e-05
2025-12-12 21:00:00.053000+00:00,1.25e-05
2025-12-12 22:00:00.043000+00:00,1.25e-05
2025-12-12 23:00:00.048000+00:00,1.25e-05
2025-12-13 00:00:00.091000+00:00,1.25e-05
2025-12-13 01:00:00.043000+00:00,1.25e-05
2025-12-13 02:00:00.027000+00:00,1.25e-05
2025-12-13 03:00:00.090000+00:00,1.25e-05
2025-12-13 04:00:00.011000+00:00,1.25e-05
2025-12-13 05:00:00.068000+00:00,1.25e-05
2025-12-13 06:00:00.030000+00:00,1.25e-05
2025-12-13 07:00:00.002000+00:00,1.25e-05
2025-12-13 08:00:00.054000+00:00,1.25e-05
2025-12-13 09:00:00.047000+00:00,1.25e-05
2025-12-13 10:00:00.009000+00:00,1.25e-05
2025-12-13 11:00:00.027000+00:00,1.25e-05
2025-12-13 12:00:00.024000+00:00,1.25e-05
2025-12-13 13:00:00.079000+00:00,1.25e-05
2025-12-13 14:00:00.061000+00:00,1.25e-05
2025-12-13 15:00:00.113000+00:00,1.25e-05
2025-12-13 16:00:00.054000+00:00,1.25e-05
2025-12-13 17:00:00.085000+00:00,1.25e-05
2025-12-13 18:00:00.079000+00:00,1.25e-05
2025-12-13 19:00:00.003000+00:00,1.25e-05
2025-12-13 20:00:00.137000+00:00,1.25e-05
2025-12-13 21:00:00.031000+00:00,1.25e-05
2025-12-13 22:00:00.014000+00:00,1.25e-05
2025-12-13 23:00:00.022000+00:00,1.25e-05
2025-12-14 00:00:00.071000+00:00,1.25e-05
2025-12-14 01:00:00.077000+00:00,1.39878e-05
2025-12-14 02:00:00.004000+00:00,1.94564e-05
2025-12-14 03:00:00.045000+00:00,1.25e-05
2025-12-14 04:00:00.070000+00:00,1.25e-05
2025-12-14 05:00:00.007000+00:00,1.25e-05
2025-12-14 06:00:00.066000+00:00,3.79063e-05
2025-12-14 07:00:00.048000+00:00,1.72101e-05
2025-12-14 08:00:00.098000+00:00,2.7342e-05
2025-12-14 09:00:00.052000+00:00,2.72446e-05
2025-12-14 10:00:00.041000+00:00,1.25e-05
2025-12-14 11:00:00.121000+00:00,1.25e-05
2025-12-14 12:00:00.014000+00:00,1.25e-05
2025-12-14 13:00:00.017000+00:00,1.25e-05
2025-12-14 14:00:00.060000+00:00,2.41899e-05
2025-12-14 15:00:00.031000+00:00,1.25e-05
2025-12-14 16:00:00.070000+00:00,1.25e-05
2025-12-14 17:00:00.069000+00:00,1.25e-05
2025-12-14 18:00:00.047000+00:00,1.25e-05
2025-12-14 19:00:00.044000+00:00,2.99828e-05
2025-12-14 20:00:00.047000+00:00,5.23857e-05
2025-12-14 21:00:00.068000+00:00,3.6193e-05
2025-12-14 22:00:00.087000+00:00,1.93064e-05
2025-12-14 23:00:00.015000+00:00,1.25e-05
2025-12-15 00:00:00.088000+00:00,1.25e-05
2025-12-15 01:00:00.010000+00:00,1.25e-05
2025-12-15 02:00:00.047000+00:00,1.25e-05
2025-12-15 03:00:00.076000+00:00,1.25e-05
2025-12-15 04:00:00.021000+00:00,1.25e-05
2025-12-15 05:00:00.059000+00:00,1.25e-05
2025-12-15 06:00:00.047000+00:00,2.34159e-05
2025-12-15 07:00:00.042000+00:00,1.39212e-05
2025-12-15 08:00:00.082000+00:00,2.06229e-05
2025-12-15 09:00:00.059000+00:00,2.96869e-05
2025-12-15 10:00:00.075000+00:00,1.25e-05
2025-12-15 11:00:00.123000+00:00,3.04881e-05
2025-12-15 12:00:00.009000+00:00,2.39965e-05
2025-12-15 13:00:00.004000+00:00,2.03855e-05
2025-12-15 14:00:00.067000+00:00,1.25e-05
2025-12-15 15:00:00.001000+00:00,1.25e-05
2025-12-15 16:00:00.063000+00:00,1.25e-05
2025-12-15 17:00:00.112000+00:00,1.62378e-05
2025-12-15 18:00:00.057000+00:00,1.25e-05
2025-12-15 19:00:00.060000+00:00,1.25e-05
2025-12-15 20:00:00.032000+00:00,1.25e-05
2025-12-15 21:00:00.059000+00:00,1.25e-05
2025-12-15 22:00:00.047000+00:00,1.63332e-05
2025-12-15 23:00:00.069000+00:00,1.25246e-05
2025-12-16 00:00:00.079000+00:00,1.43843e-05
2025-12-16 01:00:00.072000+00:00,1.25e-05
2025-12-16 02:00:00.054000+00:00,1.25e-05
2025-12-16 03:00:00.051000+00:00,1.47692e-05
2025-12-16 04:00:00.068000+00:00,1.25e-05
2025-12-16 05:00:00.036000+00:00,1.25e-05
2025-12-16 06:00:00.047000+00:00,1.25e-05
2025-12-16 07:00:00.012000+00:00,1.25e-05
2025-12-16 08:00:00.101000+00:00,1.25e-05
2025-12-16 09:00:00.077000+00:00,1.25e-05
2025-12-16 10:00:00.029000+00:00,1.25e-05
2025-12-16 11:00:00.055000+00:00,1.25e-05
2025-12-16 12:00:00.047000+00:00,1.25e-05
2025-12-16 13:00:00.026000+00:00,1.25e-05
2025-12-16 14:00:00.003000+00:00,1.25e-05
2025-12-16 15:00:00.025000+00:00,1.25e-05
2025-12-16 16:00:00.075000+00:00,1.25e-05
2025-12-16 17:00:00.045000+00:00,1.25e-05
2025-12-16 18:00:00.063000+00:00,1.25e-05
2025-12-16 19:00:00.014000+00:00,2.1793e-05
2025-12-16 20:00:00.180000+00:00,1.25e-05
2025-12-16 21:00:00.001000+00:00,1.25e-05
2025-12-16 22:00:00.081000+00:00,1.25e-05
2025-12-16 23:00:00.079000+00:00,1.25e-05
2025-12-17 00:00:00.013000+00:00,1.25e-05
2025-12-17 01:00:00.109000+00:00,1.25e-05
2025-12-17 02:00:00.088000+00:00,1.25e-05
2025-12-17 03:00:00.065000+00:00,1.25e-05
2025-12-17 04:00:00.020000+00:00,0.0001062025
2025-12-17 05:00:00.122000+00:00,7.91077e-05
2025-12-17 06:00:00.024000+00:00,5.60187e-05
2025-12-17 07:00:00.010000+00:00,1.25e-05
2025-12-17 08:00:00.022000+00:00,1.3019e-05
2025-12-17 09:00:00.055000+00:00,1.25e-05
2025-12-17 10:00:00.016000+00:00,1.25e-05
2025-12-17 11:00:00.072000+00:00,1.25e-05
2025-12-17 12:00:00.021000+00:00,1.25e-05
2025-12-17 13:00:00.083000+00:00,1.25e-05
2025-12-17 14:00:00.018000+00:00,1.25e-05
2025-12-17 15:00:00.040000+00:00,1.25e-05
2025-12-17 16:00:00.034000+00:00,1.25e-05
2025-12-17 17:00:00.038000+00:00,1.25e-05
2025-12-17 18:00:00.074000+00:00,1.25e-05
2025-12-17 19:00:00.014000+00:00,1.25e-05
2025-12-17 20:00:00.061000+00:00,1.25e-05
2025-12-17 21:00:00.032000+00:00,2.83591e-05
2025-12-17 22:00:00.073000+00:00,1.25e-05
2025-12-17 23:00:00+00:00,1.25e-05
2025-12-18 00:00:00.033000+00:00,1.25e-05
2025-12-18 01:00:00.079000+00:00,1.25e-05
2025-12-18 02:00:00.030000+00:00,1.25e-05
2025-12-18 03:00:00.055000+00:00,1.25e-05
2025-12-18 04:00:00.029000+00:00,1.25e-05
2025-12-18 05:00:00.055000+00:00,1.25e-05
2025-12-18 06:00:00.044000+00:00,1.25e-05
2025-12-18 07:00:00.025000+00:00,1.25e-05
2025-12-18 08:00:00.050000+00:00,2.89408e-05
2025-12-18 09:00:00.003000+00:00,3.63137e-05
2025-12-18 10:00:00.091000+00:00,3.26666e-05
2025-12-18 11:00:00.056000+00:00,1.25e-05
2025-12-18 12:00:00.039000+00:00,1.25e-05
2025-12-18 13:00:00.003000+00:00,1.25e-05
2025-12-18 14:00:00.026000+00:00,1.25e-05
2025-12-18 15:00:00.050000+00:00,1.25e-05
2025-12-18 16:00:00.031000+00:00,1.25e-05
2025-12-18 17:00:00.074000+00:00,1.25e-05
2025-12-18 18:00:00.080000+00:00,1.25e-05
2025-12-18 19:00:00.016000+00:00,1.25e-05
2025-12-18 20:00:00.077000+00:00,1.25e-05
2025-12-18 21:00:00.013000+00:00,1.25e-05
2025-12-18 22:00:00.073000+00:00,1.25e-05
2025-12-18 23:00:00.067000+00:00,1.25e-05
2025-12-19 00:00:00.067000+00:00,1.25e-05
2025-12-19 01:00:00.032000+00:00,1.25e-05
2025-12-19 02:00:00.061000+00:00,1.25e-05
2025-12-19 03:00:00.012000+00:00,1.25e-05
2025-12-19 04:00:00.009000+00:00,1.25e-05
2025-12-19 05:00:00.067000+00:00,1.25e-05
2025-12-19 06:00:00.047000+00:00,1.25e-05
2025-12-19 07:00:00.033000+00:00,1.25e-05
2025-12-19 08:00:00.054000+00:00,1.25e-05
2025-12-19 09:00:00.013000+00:00,1.25e-05
2025-12-19 10:00:00.046000+00:00,1.25e-05
2025-12-19 11:00:00.006000+00:00,1.25e-05
2025-12-19 12:00:00.061000+00:00,1.25e-05
2025-12-19 13:00:00.006000+00:00,1.25e-05
2025-12-19 14:00:00.026000+00:00,1.25e-05
2025-12-19 15:00:00.126000+00:00,1.25e-05
2025-12-19 16:00:00.091000+00:00,1.25e-05
2025-12-19 17:00:00.109000+00:00,1.25e-05
2025-12-19 18:00:00.025000+00:00,1.25e-05
2025-12-19 19:00:00.014000+00:00,1.25e-05
2025-12-19 20:00:00.036000+00:00,1.25e-05
2025-12-19 21:00:00.021000+00:00,1.25e-05
2025-12-19 22:00:00.013000+00:00,1.25e-05
2025-12-19 23:00:00.045000+00:00,1.25e-05
2025-12-20 00:00:00.049000+00:00,1.25e-05
2025-12-20 01:00:00.054000+00:00,1.25e-05
2025-12-20 02:00:00.052000+00:00,1.25e-05
2025-12-20 03:00:00.088000+00:00,1.25e-05
2025-12-20 04:00:00.068000+00:00,1.25e-05
2025-12-20 05:00:00.010000+00:00,1.25e-05
2025-12-20 06:00:00.061000+00:00,1.25e-05
2025-12-20 07:00:00.016000+00:00,1.25e-05
2025-12-20 08:00:00.027000+00:00,1.25e-05
2025-12-20 09:00:00.085000+00:00,1.25e-05
2025-12-20 10:00:00.128000+00:00,1.25e-05
2025-12-20 11:00:00.020000+00:00,1.25e-05
2025-12-20 12:00:00.008000+00:00,1.25e-05
2025-12-20 13:00:00.029000+00:00,1.25e-05
2025-12-20 14:00:00.160000+00:00,1.25e-05
2025-12-20 15:00:00.007000+00:00,1.25e-05
2025-12-20 16:00:00.049000+00:00,1.25e-05
2025-12-20 17:00:00.090000+00:00,1.25e-05
2025-12-20 18:00:00.003000+00:00,1.25e-05
2025-12-20 19:00:00.040000+00:00,1.25e-05
2025-12-20 20:00:00.009000+00:00,1.25e-05
2025-12-20 21:00:00.059000+00:00,1.25e-05
2025-12-20 22:00:00.093000+00:00,1.25e-05
2025-12-20 23:00:00.087000+00:00,1.25e-05
2025-12-21 00:00:00.121000+00:00,2.8616e-06
2025-12-21 01:00:00.035000+00:00,1.25e-05
2025-12-21 02:00:00.051000+00:00,1.25e-05
2025-12-21 03:00:00.019000+00:00,1.25e-05
2025-12-21 04:00:00.042000+00:00,1.25e-05
2025-12-21 05:00:00.026000+00:00,1.25e-05
2025-12-21 06:00:00.033000+00:00,1.25e-05
2025-12-21 07:00:00.023000+00:00,1.25e-05
2025-12-21 08:00:00.005000+00:00,1.25e-05
2025-12-21 09:00:00.041000+00:00,1.25e-05
2025-12-21 10:00:00.026000+00:00,1.25e-05
2025-12-21 11:00:00.001000+00:00,1.25e-05
2025-12-21 12:00:00.014000+00:00,1.25e-05
2025-12-21 13:00:00.104000+00:00,1.25e-05
2025-12-21 14:00:00.061000+00:00,1.25e-05
2025-12-21 15:00:00.046000+00:00,1.25e-05
2025-12-21 16:00:00.090000+00:00,1.25e-05
2025-12-21 17:00:00.081000+00:00,1.25e-05
2025-12-21 18:00:00.005000+00:00,1.25e-05
2025-12-21 19:00:00.103000+00:00,1.25e-05
2025-12-21 20:00:00.004000+00:00,1.25e-05
2025-12-21 21:00:00.091000+00:00,1.25e-05
2025-12-21 22:00:00.043000+00:00,1.25e-05
2025-12-21 23:00:00.179000+00:00,1.25e-05
2025-12-22 00:00:00.034000+00:00,1.25e-05
2025-12-22 01:00:00.030000+00:00,1.25e-05
2025-12-22 02:00:00.054000+00:00,1.25e-05
2025-12-22 03:00:00.057000+00:00,1.25e-05
2025-12-22 04:00:00.017000+00:00,1.25e-05
2025-12-22 05:00:00.041000+00:00,1.3429e-06
2025-12-22 06:00:00.079000+00:00,1.25e-05
2025-12-22 07:00:00.012000+00:00,1.25e-05
2025-12-22 08:00:00.066000+00:00,1.25e-05
2025-12-22 09:00:00.042000+00:00,1.25e-05
2025-12-22 10:00:00.028000+00:00,1.25e-05
2025-12-22 11:00:00.073000+00:00,1.25e-05
2025-12-22 12:00:00.028000+00:00,1.25e-05
2025-12-22 13:00:00.031000+00:00,1.25e-05
2025-12-22 14:00:00.065000+00:00,1.25e-05
2025-12-22 15:00:00.012000+00:00,1.25e-05
2025-12-22 16:00:00.031000+00:00,5.733e-06
2025-12-22 17:00:00.050000+00:00,1.25e-05
2025-12-22 18:00:00.030000+00:00,1.25e-05
2025-12-22 19:00:00.006000+00:00,1.25e-05
2025-12-22 20:00:00.046000+00:00,1.25e-05
2025-12-22 21:00:00+00:00,1.25e-05
2025-12-22 22:00:00.036000+00:00,1.25e-05
2025-12-22 23:00:00.053000+00:00,1.25e-05
2025-12-23 00:00:00.002000+00:00,1.25e-05
2025-12-23 01:00:00.098000+00:00,1.25e-05
2025-12-23 02:00:00.053000+00:00,1.25e-05
2025-12-23 03:00:00.060000+00:00,1.25e-05
2025-12-23 04:00:00.059000+00:00,1.25e-05
2025-12-23 05:00:00.066000+00:00,1.25e-05
2025-12-23 06:00:00.065000+00:00,1.25e-05
2025-12-23 07:00:00.033000+00:00,1.25e-05
2025-12-23 08:00:00.066000+00:00,1.25e-05
2025-12-23 09:00:00.061000+00:00,1.25e-05
2025-12-23 10:00:00.050000+00:00,1.25e-05
2025-12-23 11:00:00.027000+00:00,1.25e-05
2025-12-23 12:00:00.062000+00:00,1.25e-05
2025-12-23 13:00:00.067000+00:00,1.25e-05
2025-12-23 14:00:00.025000+00:00,1.25e-05
2025-12-23 15:00:00.117000+00:00,1.25e-05
2025-12-23 16:00:00.036000+00:00,1.25e-05
2025-12-23 17:00:00.118000+00:00,1.25e-05
2025-12-23 18:00:00.008000+00:00,1.25e-05
2025-12-23 19:00:00.021000+00:00,1.25e-05
2025-12-23 20:00:00.206000+00:00,1.25e-05
2025-12-23 21:00:00.067000+00:00,1.25e-05
2025-12-23 22:00:00.021000+00:00,1.25e-05
2025-12-23 23:00:00.051000+00:00,1.25e-05
2025-12-24 00:00:00.088000+00:00,1.25e-05
2025-12-24 01:00:00.030000+00:00,1.25e-05
2025-12-24 02:00:00.077000+00:00,1.25e-05
2025-12-24 03:00:00.005000+00:00,1.25e-05
2025-12-24 04:00:00.045000+00:00,1.25e-05
2025-12-24 05:00:00.039000+00:00,1.25e-05
2025-12-24 06:00:00.027000+00:00,1.25e-05
2025-12-24 07:00:00.010000+00:00,1.25e-05
2025-12-24 08:00:00.074000+00:00,1.25e-05
2025-12-24 09:00:00.035000+00:00,1.25e-05
2025-12-24 10:00:00.079000+00:00,1.25e-05
2025-12-24 11:00:00.034000+00:00,1.25e-05
2025-12-24 12:00:00.028000+00:00,1.25e-05
2025-12-24 13:00:00.012000+00:00,1.25e-05
2025-12-24 14:00:00.025000+00:00,1.25e-05
2025-12-24 15:00:00.087000+00:00,6.6262e-06
2025-12-24 16:00:00.002000+00:00,4.1821e-06
2025-12-24 17:00:00.013000+00:00,1.25e-05
2025-12-24 18:00:00.037000+00:00,1.25e-05
2025-12-24 19:00:00.010000+00:00,1.25e-05
2025-12-24 20:00:00.012000+00:00,1.25e-05
2025-12-24 21:00:00.014000+00:00,1.25e-05
2025-12-24 22:00:00.001000+00:00,1.25e-05
2025-12-24 23:00:00.087000+00:00,1.25e-05
2025-12-25 00:00:00.009000+00:00,1.25e-05
2025-12-25 01:00:00.033000+00:00,1.25e-05
2025-12-25 02:00:00.085000+00:00,1.25e-05
2025-12-25 03:00:00.030000+00:00,1.25e-05
2025-12-25 04:00:00.034000+00:00,1.23632e-05
2025-12-25 05:00:00.023000+00:00,1.25e-05
2025-12-25 06:00:00.056000+00:00,-4.343e-06
2025-12-25 07:00:00.023000+00:00,7.8784e-06
2025-12-25 08:00:00.045000+00:00,5.5457e-06
2025-12-25 09:00:00.041000+00:00,1.25e-05
2025-12-25 10:00:00.018000+00:00,1.25e-05
2025-12-25 11:00:00.029000+00:00,1.25e-05
2025-12-25 12:00:00.064000+00:00,1.25e-05
2025-12-25 13:00:00.067000+00:00,1.25e-05
2025-12-25 14:00:00.102000+00:00,1.25e-05
2025-12-25 15:00:00.042000+00:00,1.25e-05
2025-12-25 16:00:00.058000+00:00,1.25e-05
2025-12-25 17:00:00.056000+00:00,1.25e-05
2025-12-25 18:00:00.010000+00:00,1.25e-05
2025-12-25 19:00:00.040000+00:00,1.25e-05
2025-12-25 20:00:00.060000+00:00,1.25e-05
2025-12-25 21:00:00.080000+00:00,1.25e-05
2025-12-25 22:00:00.003000+00:00,1.25e-05
2025-12-25 23:00:00.019000+00:00,1.25e-05
2025-12-26 00:00:00.022000+00:00,1.25e-05
2025-12-26 01:00:00.008000+00:00,1.25e-05
2025-12-26 02:00:00.062000+00:00,1.25e-05
2025-12-26 03:00:00+00:00,1.25e-05
2025-12-26 04:00:00.056000+00:00,1.25e-05
2025-12-26 05:00:00.092000+00:00,1.25e-05
2025-12-26 06:00:00.012000+00:00,1.25e-05
2025-12-26 07:00:00.039000+00:00,2.55825e-05
2025-12-26 08:00:00.040000+00:00,1.25e-05
2025-12-26 09:00:00.017000+00:00,1.25e-05
2025-12-26 10:00:00.113000+00:00,1.25e-05
2025-12-26 11:00:00.164000+00:00,1.25e-05
2025-12-26 12:00:00.040000+00:00,1.25e-05
2025-12-26 13:00:00.030000+00:00,1.25e-05
2025-12-26 14:00:00.015000+00:00,1.25e-05
2025-12-26 15:00:00.077000+00:00,1.25e-05
2025-12-26 16:00:00.036000+00:00,1.25e-05
2025-12-26 17:00:00.019000+00:00,1.25e-05
2025-12-26 18:00:00.088000+00:00,1.25e-05
2025-12-26 19:00:00.033000+00:00,1.25e-05
2025-12-26 20:00:00.045000+00:00,1.25e-05
2025-12-26 21:00:00.004000+00:00,1.25e-05
2025-12-26 22:00:00.040000+00:00,1.25e-05
2025-12-26 23:00:00.040000+00:00,1.25e-05
2025-12-27 00:00:00.023000+00:00,1.25e-05
2025-12-27 01:00:00.020000+00:00,1.25e-05
2025-12-27 02:00:00.019000+00:00,1.25e-05
2025-12-27 03:00:00.083000+00:00,1.25e-05
2025-12-27 04:00:00+00:00,1.25e-05
2025-12-27 05:00:00.022000+00:00,1.25e-05
2025-12-27 06:00:00.022000+00:00,1.25e-05
2025-12-27 07:00:00.101000+00:00,1.25e-05
2025-12-27 08:00:00.049000+00:00,1.25e-05
2025-12-27 09:00:00.024000+00:00,1.25e-05
2025-12-27 10:00:00.051000+00:00,1.25e-05
2025-12-27 11:00:00.058000+00:00,1.25e-05
2025-12-27 12:00:00.048000+00:00,1.25e-05
2025-12-27 13:00:00.049000+00:00,1.25e-05
2025-12-27 14:00:00.129000+00:00,1.25e-05
2025-12-27 15:00:00.130000+00:00,1.25e-05
2025-12-27 16:00:00.019000+00:00,1.25e-05
2025-12-27 17:00:00.106000+00:00,1.25e-05
2025-12-27 18:00:00.021000+00:00,1.25e-05
2025-12-27 19:00:00.007000+00:00,1.25e-05
2025-12-27 20:00:00.057000+00:00,1.25e-05
2025-12-27 21:00:00.027000+00:00,1.25e-05
2025-12-27 22:00:00.034000+00:00,1.25e-05
2025-12-27 23:00:00.018000+00:00,1.25e-05
2025-12-28 00:00:00.072000+00:00,1.25e-05
2025-12-28 01:00:00.041000+00:00,1.25e-05
2025-12-28 02:00:00.027000+00:00,1.25e-05
2025-12-28 03:00:00.017000+00:00,1.25e-05
2025-12-28 04:00:00.024000+00:00,1.25e-05
2025-12-28 05:00:00.062000+00:00,1.25e-05
2025-12-28 06:00:00.060000+00:00,1.25e-05
2025-12-28 07:00:00.028000+00:00,1.25e-05
2025-12-28 08:00:00.040000+00:00,1.25e-05
2025-12-28 09:00:00.005000+00:00,1.25e-05
2025-12-28 10:00:00.074000+00:00,1.25e-05
2025-12-28 11:00:00.057000+00:00,1.25e-05
2025-12-28 12:00:00.046000+00:00,1.25e-05
2025-12-28 13:00:00.095000+00:00,1.25e-05
2025-12-28 14:00:00.095000+00:00,1.25e-05
2025-12-28 15:00:00.109000+00:00,1.25e-05
2025-12-28 16:00:00.008000+00:00,1.25e-05
2025-12-28 17:00:00.074000+00:00,1.25e-05
2025-12-28 18:00:00.041000+00:00,1.25e-05
2025-12-28 19:00:00.019000+00:00,1.25e-05
2025-12-28 20:00:00.016000+00:00,1.25e-05
2025-12-28 21:00:00.047000+00:00,1.25e-05
2025-12-28 22:00:00.072000+00:00,1.25e-05
2025-12-28 23:00:00.045000+00:00,1.25e-05
2025-12-29 00:00:00.132000+00:00,1.25e-05
2025-12-29 01:00:00.082000+00:00,2.03848e-05
2025-12-29 02:00:00.076000+00:00,2.29147e-05
2025-12-29 03:00:00.049000+00:00,1.25e-05
2025-12-29 04:00:00.132000+00:00,1.25e-05
2025-12-29 05:00:00.006000+00:00,1.25e-05
2025-12-29 06:00:00.005000+00:00,1.25e-05
2025-12-29 07:00:00.018000+00:00,1.25e-05
2025-12-29 08:00:00.014000+00:00,1.25e-05
2025-12-29 09:00:00.030000+00:00,1.25e-05
2025-12-29 10:00:00.008000+00:00,1.25e-05
2025-12-29 11:00:00.098000+00:00,1.25e-05
2025-12-29 12:00:00.026000+00:00,1.25e-05
2025-12-29 13:00:00.001000+00:00,1.25e-05
2025-12-29 14:00:00.028000+00:00,1.25e-05
2025-12-29 15:00:00.031000+00:00,1.25e-05
2025-12-29 16:00:00.014000+00:00,1.25e-05
2025-12-29 17:00:00.019000+00:00,1.25e-05
2025-12-29 18:00:00.031000+00:00,1.25e-05
2025-12-29 19:00:00.026000+00:00,1.25e-05
2025-12-29 20:00:00.055000+00:00,1.25e-05
2025-12-29 21:00:00.006000+00:00,1.25e-05
2025-12-29 22:00:00.075000+00:00,1.25e-05
2025-12-29 23:00:00.040000+00:00,1.25e-05
2025-12-30 00:00:00.010000+00:00,1.25e-05
2025-12-30 01:00:00.049000+00:00,1.25e-05
2025-12-30 02:00:00.033000+00:00,1.25e-05
2025-12-30 03:00:00.041000+00:00,1.25e-05
2025-12-30 04:00:00.063000+00:00,1.25e-05
2025-12-30 05:00:00.069000+00:00,1.25e-05
2025-12-30 06:00:00.067000+00:00,1.25e-05
2025-12-30 07:00:00.062000+00:00,1.76994e-05
2025-12-30 08:00:00.028000+00:00,1.25e-05
2025-12-30 09:00:00.045000+00:00,1.25e-05
2025-12-30 10:00:00.080000+00:00,1.25e-05
2025-12-30 11:00:00.054000+00:00,1.25e-05
2025-12-30 12:00:00.003000+00:00,1.25e-05
2025-12-30 13:00:00.121000+00:00,1.25e-05
2025-12-30 14:00:00.031000+00:00,1.25e-05
2025-12-30 15:00:00.036000+00:00,1.25e-05
2025-12-30 16:00:00.039000+00:00,1.25e-05
2025-12-30 17:00:00.051000+00:00,1.25e-05
2025-12-30 18:00:00.071000+00:00,1.25e-05
2025-12-30 19:00:00.033000+00:00,1.25e-05
2025-12-30 20:00:00.120000+00:00,1.25e-05
2025-12-30 21:00:00.041000+00:00,1.25e-05
2025-12-30 22:00:00.003000+00:00,1.25e-05
2025-12-30 23:00:00.047000+00:00,1.25e-05
2025-12-31 00:00:00.021000+00:00,1.25e-05
2025-12-31 01:00:00.022000+00:00,1.25e-05
2025-12-31 02:00:00.037000+00:00,1.25e-05
2025-12-31 03:00:00.053000+00:00,1.25e-05
2025-12-31 04:00:00.057000+00:00,1.25e-05
2025-12-31 05:00:00.011000+00:00,1.25e-05
2025-12-31 06:00:00.002000+00:00,1.25e-05
2025-12-31 07:00:00.029000+00:00,1.25e-05
2025-12-31 08:00:00.063000+00:00,1.25e-05
2025-12-31 09:00:00.019000+00:00,1.25e-05
2025-12-31 10:00:00.002000+00:00,1.25e-05
2025-12-31 11:00:00.050000+00:00,1.25e-05
2025-12-31 12:00:00.095000+00:00,1.25e-05
2025-12-31 13:00:00.002000+00:00,1.25e-05
2025-12-31 14:00:00.008000+00:00,1.28406e-05
2025-12-31 15:00:00.015000+00:00,1.75395e-05
2025-12-31 16:00:00.089000+00:00,1.25e-05
2025-12-31 17:00:00.072000+00:00,1.25e-05
2025-12-31 18:00:00.050000+00:00,1.25e-05
2025-12-31 19:00:00.053000+00:00,1.25e-05
2025-12-31 20:00:00.058000+00:00,1.25e-05
2025-12-31 21:00:00.043000+00:00,1.25e-05
2025-12-31 22:00:00.100000+00:00,2.43919e-05
2025-12-31 23:00:00.093000+00:00,2.24347e-05
2026-01-01 00:00:00.063000+00:00,1.25e-05
2026-01-01 01:00:00.053000+00:00,1.61524e-05
2026-01-01 02:00:00.024000+00:00,3.50532e-05
2026-01-01 03:00:00.012000+00:00,4.09555e-05
2026-01-01 04:00:00.036000+00:00,1.25e-05
2026-01-01 05:00:00.040000+00:00,1.25e-05
2026-01-01 06:00:00.053000+00:00,1.25e-05
2026-01-01 07:00:00.011000+00:00,1.25e-05
2026-01-01 08:00:00.045000+00:00,2.53475e-05
2026-01-01 09:00:00.098000+00:00,1.25e-05
2026-01-01 10:00:00.010000+00:00,1.25e-05
2026-01-01 11:00:00.034000+00:00,1.25e-05
2026-01-01 12:00:00.051000+00:00,1.25e-05
2026-01-01 13:00:00.101000+00:00,1.25e-05
2026-01-01 14:00:00.010000+00:00,1.25e-05
2026-01-01 15:00:00.003000+00:00,1.25e-05
2026-01-01 16:00:00.025000+00:00,1.25e-05
2026-01-01 17:00:00.034000+00:00,1.25e-05
2026-01-01 18:00:00.042000+00:00,1.25e-05
2026-01-01 19:00:00.029000+00:00,1.25e-05
2026-01-01 20:00:00.043000+00:00,1.25e-05
2026-01-01 21:00:00.069000+00:00,1.25e-05
2026-01-01 22:00:00.047000+00:00,1.25e-05
2026-01-01 23:00:00.023000+00:00,1.25e-05
2026-01-02 00:00:00.042000+00:00,1.25e-05
2026-01-02 01:00:00.032000+00:00,1.25e-05
2026-01-02 02:00:00.057000+00:00,1.25e-05
2026-01-02 03:00:00.019000+00:00,1.25e-05
2026-01-02 04:00:00.139000+00:00,1.25e-05
2026-01-02 05:00:00.110000+00:00,1.25e-05
2026-01-02 06:00:00.022000+00:00,1.25e-05
2026-01-02 07:00:00.003000+00:00,1.25e-05
2026-01-02 08:00:00.081000+00:00,1.25e-05
2026-01-02 09:00:00.003000+00:00,1.25e-05
2026-01-02 10:00:00.091000+00:00,1.25e-05
2026-01-02 11:00:00.048000+00:00,1.25e-05
2026-01-02 12:00:00.042000+00:00,1.25e-05
2026-01-02 13:00:00.114000+00:00,1.25e-05
2026-01-02 14:00:00.009000+00:00,1.25e-05
2026-01-02 15:00:00.105000+00:00,1.25e-05
2026-01-02 16:00:00.038000+00:00,1.25e-05
2026-01-02 17:00:00.047000+00:00,1.25e-05
2026-01-02 18:00:00.034000+00:00,3.7739e-06
2026-01-02 19:00:00.026000+00:00,4.4793e-06
2026-01-02 20:00:00.027000+00:00,1.18266e-05
2026-01-02 21:00:00+00:00,1.25e-05
2026-01-02 22:00:00.042000+00:00,1.25e-05
2026-01-02 23:00:00.022000+00:00,1.25e-05
2026-01-03 00:00:00.008000+00:00,1.25e-05
2026-01-03 01:00:00.018000+00:00,1.25e-05
2026-01-03 02:00:00.008000+00:00,1.25e-05
2026-01-03 03:00:00.074000+00:00,7.2832e-06
2026-01-03 04:00:00.011000+00:00,1.14101e-05
2026-01-03 05:00:00.006000+00:00,1.25e-05
2026-01-03 06:00:00.019000+00:00,1.25e-05
2026-01-03 07:00:00.004000+00:00,1.25e-05
2026-01-03 08:00:00.011000+00:00,1.25e-05
2026-01-03 09:00:00.067000+00:00,1.25e-05
2026-01-03 10:00:00.026000+00:00,1.25e-05
2026-01-03 11:00:00.060000+00:00,1.25e-05
2026-01-03 12:00:00.095000+00:00,1.25e-05
2026-01-03 13:00:00.083000+00:00,1.25e-05
2026-01-03 14:00:00.043000+00:00,1.25e-05
2026-01-03 15:00:00.072000+00:00,1.25e-05
2026-01-03 16:00:00.044000+00:00,1.25e-05
2026-01-03 17:00:00.083000+00:00,1.25e-05
2026-01-03 18:00:00.061000+00:00,1.25e-05
2026-01-03 19:00:00.032000+00:00,1.25e-05
2026-01-03 20:00:00.019000+00:00,1.25e-05
2026-01-03 21:00:00.128000+00:00,1.25e-05
2026-01-03 22:00:00.077000+00:00,1.25e-05
2026-01-03 23:00:00.046000+00:00,1.25e-05
2026-01-04 00:00:00.024000+00:00,1.25e-05
2026-01-04 01:00:00.010000+00:00,1.25e-05
2026-01-04 02:00:00.026000+00:00,1.25e-05
2026-01-04 03:00:00.011000+00:00,1.25e-05
2026-01-04 04:00:00.063000+00:00,1.25e-05
2026-01-04 05:00:00.060000+00:00,1.25e-05
2026-01-04 06:00:00.066000+00:00,1.10238e-05
2026-01-04 07:00:00.031000+00:00,1.25e-05
2026-01-04 08:00:00.036000+00:00,1.25e-05
2026-01-04 09:00:00.001000+00:00,1.25e-05
2026-01-04 10:00:00.051000+00:00,1.25e-05
2026-01-04 11:00:00.051000+00:00,1.25e-05
2026-01-04 12:00:00.052000+00:00,1.25e-05
2026-01-04 13:00:00.062000+00:00,1.25e-05
2026-01-04 14:00:00.019000+00:00,1.25e-05
2026-01-04 15:00:00.078000+00:00,1.25e-05
2026-01-04 16:00:00.098000+00:00,1.25e-05
2026-01-04 17:00:00.020000+00:00,1.25e-05
2026-01-04 18:00:00.054000+00:00,1.25e-05
2026-01-04 19:00:00.024000+00:00,1.25e-05
2026-01-04 20:00:00.062000+00:00,1.25e-05
2026-01-04 21:00:00+00:00,1.25e-05
2026-01-04 22:00:00.037000+00:00,1.25e-05
2026-01-04 23:00:00.111000+00:00,1.25e-05
2026-01-05 00:00:00+00:00,1.25e-05
2026-01-05 01:00:00.014000+00:00,1.25e-05
2026-01-05 02:00:00.009000+00:00,1.25e-05
2026-01-05 03:00:00.010000+00:00,1.25e-05
2026-01-05 04:00:00.044000+00:00,1.25e-05
2026-01-05 05:00:00.042000+00:00,1.25e-05
2026-01-05 06:00:00.026000+00:00,1.25e-05
2026-01-05 07:00:00.067000+00:00,1.25e-05
2026-01-05 08:00:00.060000+00:00,1.25e-05
2026-01-05 09:00:00.043000+00:00,1.25e-05
2026-01-05 10:00:00.038000+00:00,1.25e-05
2026-01-05 11:00:00.040000+00:00,1.25e-05
2026-01-05 12:00:00.068000+00:00,1.25e-05
2026-01-05 13:00:00.054000+00:00,1.25e-05
2026-01-05 14:00:00.015000+00:00,1.25e-05
2026-01-05 15:00:00.020000+00:00,1.25e-05
2026-01-05 16:00:00.051000+00:00,1.25e-05
2026-01-05 17:00:00.085000+00:00,1.25e-05
2026-01-05 18:00:00.081000+00:00,1.25e-05
2026-01-05 19:00:00.056000+00:00,1.25e-05
2026-01-05 20:00:00.045000+00:00,1.25e-05
2026-01-05 21:00:00.022000+00:00,1.25e-05
2026-01-05 22:00:00.008000+00:00,1.25e-05
2026-01-05 23:00:00.068000+00:00,7.8218e-06
2026-01-06 00:00:00.017000+00:00,9.113e-06
2026-01-06 01:00:00.086000+00:00,2.3619e-06
2026-01-06 02:00:00.073000+00:00,1.25e-05
2026-01-06 03:00:00.033000+00:00,1.25e-05
2026-01-06 04:00:00.036000+00:00,1.25e-05
2026-01-06 05:00:00.075000+00:00,1.25e-05
2026-01-06 06:00:00.013000+00:00,1.25e-05
2026-01-06 07:00:00.008000+00:00,1.25e-05
2026-01-06 08:00:00.066000+00:00,1.25e-05
2026-01-06 09:00:00.059000+00:00,1.25e-05
2026-01-06 10:00:00.012000+00:00,1.25e-05
2026-01-06 11:00:00.060000+00:00,1.25e-05
2026-01-06 12:00:00.017000+00:00,1.25e-05
2026-01-06 13:00:00.002000+00:00,1.25e-05
2026-01-06 14:00:00.046000+00:00,1.25e-05
2026-01-06 15:00:00.076000+00:00,1.25e-05
2026-01-06 16:00:00.036000+00:00,1.25e-05
2026-01-06 17:00:00.012000+00:00,1.25e-05
2026-01-06 18:00:00.001000+00:00,1.25e-05
2026-01-06 19:00:00.037000+00:00,1.25e-05
2026-01-06 20:00:00.018000+00:00,1.25e-05
2026-01-06 21:00:00.062000+00:00,1.25e-05
2026-01-06 22:00:00.005000+00:00,1.25e-05
2026-01-06 23:00:00.008000+00:00,1.25e-05
2026-01-07 00:00:00.119000+00:00,1.25e-05
2026-01-07 01:00:00.007000+00:00,1.25e-05
2026-01-07 02:00:00.010000+00:00,1.25e-05
2026-01-07 03:00:00.017000+00:00,1.25e-05
2026-01-07 04:00:00.033000+00:00,1.25e-05
2026-01-07 05:00:00.087000+00:00,1.25e-05
2026-01-07 06:00:00.009000+00:00,1.25e-05
2026-01-07 07:00:00.014000+00:00,1.25e-05
2026-01-07 08:00:00.062000+00:00,1.25e-05
2026-01-07 09:00:00.082000+00:00,1.25e-05
2026-01-07 10:00:00.029000+00:00,1.25e-05
2026-01-07 11:00:00.048000+00:00,1.28236e-05
2026-01-07 12:00:00.096000+00:00,5.02548e-05
2026-01-07 13:00:00.074000+00:00,1.25e-05
2026-01-07 14:00:00.040000+00:00,1.25e-05
2026-01-07 15:00:00.099000+00:00,2.82632e-05
2026-01-07 16:00:00.081000+00:00,3.24376e-05
2026-01-07 17:00:00.013000+00:00,2.28254e-05
2026-01-07 18:00:00.014000+00:00,1.25e-05
2026-01-07 19:00:00.055000+00:00,1.73445e-05
2026-01-07 20:00:00.113000+00:00,1.25e-05
2026-01-07 21:00:00.117000+00:00,1.25e-05
2026-01-07 22:00:00.043000+00:00,1.25e-05
2026-01-07 23:00:00.090000+00:00,1.40682e-05
2026-01-08 00:00:00.001000+00:00,3.21175e-05
2026-01-08 01:00:00.035000+00:00,1.42733e-05
2026-01-08 02:00:00.029000+00:00,1.25e-05
2026-01-08 03:00:00.014000+00:00,1.91806e-05
2026-01-08 04:00:00.069000+00:00,1.25e-05
2026-01-08 05:00:00.155000+00:00,1.25e-05
2026-01-08 06:00:00.094000+00:00,1.25e-05
2026-01-08 07:00:00.010000+00:00,1.25e-05
2026-01-08 08:00:00.089000+00:00,1.25e-05
2026-01-08 09:00:00.077000+00:00,1.25e-05
2026-01-08 10:00:00.037000+00:00,1.25e-05
2026-01-08 11:00:00.015000+00:00,1.25e-05
2026-01-08 12:00:00.137000+00:00,1.25e-05
2026-01-08 13:00:00.040000+00:00,1.25e-05
2026-01-08 14:00:00+00:00,1.25e-05
2026-01-08 15:00:00.106000+00:00,1.25e-05
2026-01-08 16:00:00.063000+00:00,1.25e-05
2026-01-08 17:00:00.004000+00:00,1.25e-05
2026-01-08 18:00:00.008000+00:00,1.25e-05
2026-01-08 19:00:00.013000+00:00,1.25e-05
2026-01-08 20:00:00.098000+00:00,1.25e-05
2026-01-08 21:00:00.116000+00:00,1.25e-05
2026-01-08 22:00:00.008000+00:00,1.25e-05
2026-01-08 23:00:00.085000+00:00,1.25e-05
2026-01-09 00:00:00.020000+00:00,8.4695e-06
2026-01-09 01:00:00.016000+00:00,1.25e-05
2026-01-09 02:00:00.063000+00:00,1.25e-05
2026-01-09 03:00:00.059000+00:00,1.25e-05
2026-01-09 04:00:00.100000+00:00,1.25e-05
2026-01-09 05:00:00.158000+00:00,1.25e-05
2026-01-09 06:00:00.046000+00:00,1.25e-05
2026-01-09 07:00:00.012000+00:00,1.25e-05
2026-01-09 08:00:00.028000+00:00,1.25e-05
2026-01-09 09:00:00.072000+00:00,1.25e-05
2026-01-09 10:00:00.077000+00:00,1.25e-05
2026-01-09 11:00:00.050000+00:00,1.25e-05
2026-01-09 12:00:00.041000+00:00,1.25e-05
2026-01-09 13:00:00.005000+00:00,1.25e-05
2026-01-09 14:00:00.032000+00:00,1.25e-05
2026-01-09 15:00:00.042000+00:00,1.25e-05
2026-01-09 16:00:00.002000+00:00,1.25e-05
2026-01-09 17:00:00.004000+00:00,1.25e-05
2026-01-09 18:00:00.018000+00:00,1.25e-05
2026-01-09 19:00:00.042000+00:00,1.25e-05
2026-01-09 20:00:00.065000+00:00,1.25e-05
2026-01-09 21:00:00+00:00,1.25e-05
2026-01-09 22:00:00.018000+00:00,1.25e-05
2026-01-09 23:00:00.025000+00:00,1.25e-05
2026-01-10 00:00:00.103000+00:00,1.25e-05
2026-01-10 01:00:00.110000+00:00,1.25e-05
2026-01-10 02:00:00.064000+00:00,-6.07e-07
2026-01-10 03:00:00.039000+00:00,2.641e-06
2026-01-10 04:00:00.085000+00:00,7.8072e-06
2026-01-10 05:00:00.065000+00:00,1.12168e-05
2026-01-10 06:00:00.034000+00:00,1.25e-05
2026-01-10 07:00:00.035000+00:00,1.25e-05
2026-01-10 08:00:00.072000+00:00,1.25e-05
2026-01-10 09:00:00.033000+00:00,1.25e-05
2026-01-10 10:00:00.024000+00:00,1.25e-05
2026-01-10 11:00:00.060000+00:00,1.25e-05
2026-01-10 12:00:00.034000+00:00,1.25e-05
2026-01-10 13:00:00.030000+00:00,1.25e-05
2026-01-10 14:00:00.051000+00:00,1.25e-05
2026-01-10 15:00:00.017000+00:00,1.25e-05
2026-01-10 16:00:00.003000+00:00,1.25e-05
2026-01-10 17:00:00.066000+00:00,1.25e-05
2026-01-10 18:00:00.054000+00:00,1.25e-05
2026-01-10 19:00:00.025000+00:00,1.25e-05
2026-01-10 20:00:00.081000+00:00,1.25e-05
2026-01-10 21:00:00.083000+00:00,1.25e-05
2026-01-10 22:00:00.025000+00:00,1.25e-05
2026-01-10 23:00:00.047000+00:00,1.25e-05
2026-01-11 00:00:00.007000+00:00,1.25e-05
2026-01-11 01:00:00.046000+00:00,1.25e-05
2026-01-11 02:00:00.078000+00:00,1.25e-05
2026-01-11 03:00:00.099000+00:00,1.25e-05
2026-01-11 04:00:00.011000+00:00,1.25e-05
2026-01-11 05:00:00.012000+00:00,1.25e-05
2026-01-11 06:00:00.038000+00:00,1.25e-05
2026-01-11 07:00:00.049000+00:00,1.25e-05
2026-01-11 08:00:00.066000+00:00,1.25e-05
2026-01-11 09:00:00.045000+00:00,1.25e-05
2026-01-11 10:00:00.103000+00:00,1.25e-05
2026-01-11 11:00:00.105000+00:00,1.25e-05
2026-01-11 12:00:00.018000+00:00,1.25e-05
2026-01-11 13:00:00.035000+00:00,1.25e-05
2026-01-11 14:00:00.034000+00:00,1.25e-05
2026-01-11 15:00:00.124000+00:00,1.25e-05
2026-01-11 16:00:00.122000+00:00,1.25e-05
2026-01-11 17:00:00.061000+00:00,1.25e-05
2026-01-11 18:00:00.004000+00:00,1.25e-05
2026-01-11 19:00:00.023000+00:00,1.25e-05
2026-01-11 20:00:00.002000+00:00,1.25e-05
2026-01-11 21:00:00.010000+00:00,1.25e-05
2026-01-11 22:00:00.083000+00:00,1.25e-05
2026-01-11 23:00:00.127000+00:00,1.25e-05
2026-01-12 00:00:00.053000+00:00,1.25e-05
2026-01-12 01:00:00.080000+00:00,1.25e-05
2026-01-12 02:00:00.090000+00:00,1.25e-05
2026-01-12 03:00:00.016000+00:00,1.25e-05
2026-01-12 04:00:00.021000+00:00,1.25e-05
2026-01-12 05:00:00.027000+00:00,1.25e-05
2026-01-12 06:00:00.025000+00:00,1.25e-05
2026-01-12 07:00:00.061000+00:00,1.25e-05
2026-01-12 08:00:00.053000+00:00,1.25e-05
2026-01-12 09:00:00.088000+00:00,1.25e-05
2026-01-12 10:00:00.042000+00:00,1.25e-05
2026-01-12 11:00:00.003000+00:00,1.25e-05
2026-01-12 12:00:00.088000+00:00,1.25e-05
2026-01-12 13:00:00.053000+00:00,1.25e-05
2026-01-12 14:00:00.107000+00:00,1.25e-05
2026-01-12 15:00:00.059000+00:00,1.25e-05
2026-01-12 16:00:00.040000+00:00,1.64716e-05
2026-01-12 17:00:00.086000+00:00,1.25e-05
2026-01-12 18:00:00.057000+00:00,1.25e-05
2026-01-12 19:00:00.008000+00:00,1.25e-05
2026-01-12 20:00:00.098000+00:00,1.25e-05
2026-01-12 21:00:00.078000+00:00,1.28022e-05
2026-01-12 22:00:00.075000+00:00,1.25e-05
2026-01-12 23:00:00.024000+00:00,1.25e-05
2026-01-13 00:00:00.109000+00:00,1.37892e-05
2026-01-13 01:00:00.121000+00:00,2.77545e-05
2026-01-13 02:00:00.017000+00:00,2.75433e-05
2026-01-13 03:00:00.043000+00:00,1.25e-05
2026-01-13 04:00:00.068000+00:00,1.25e-05
2026-01-13 05:00:00.079000+00:00,1.25e-05
2026-01-13 06:00:00.029000+00:00,1.33503e-05
2026-01-13 07:00:00.089000+00:00,1.67325e-05
2026-01-13 08:00:00.032000+00:00,1.91673e-05
2026-01-13 09:00:00.003000+00:00,1.25e-05
2026-01-13 10:00:00.232000+00:00,3.91791e-05
2026-01-13 11:00:00.011000+00:00,5.0381e-05
2026-01-13 12:00:00.032000+00:00,3.28202e-05
2026-01-13 13:00:00.083000+00:00,1.25e-05
2026-01-13 14:00:00.043000+00:00,1.25e-05
2026-01-13 15:00:00.051000+00:00,1.25e-05
2026-01-13 16:00:00.100000+00:00,1.25e-05
2026-01-13 17:00:00.039000+00:00,1.25e-05
2026-01-13 18:00:00.042000+00:00,1.25e-05
2026-01-13 19:00:00.031000+00:00,1.25e-05
2026-01-13 20:00:00.005000+00:00,1.25e-05
2026-01-13 21:00:00.017000+00:00,1.25e-05
2026-01-13 22:00:00+00:00,1.25e-05
2026-01-13 23:00:00.037000+00:00,1.25e-05
2026-01-14 00:00:00.057000+00:00,1.25e-05
2026-01-14 01:00:00.019000+00:00,1.25e-05
2026-01-14 02:00:00.050000+00:00,1.25e-05
2026-01-14 03:00:00.053000+00:00,1.25e-05
2026-01-14 04:00:00.063000+00:00,1.25e-05
2026-01-14 05:00:00.023000+00:00,1.25e-05
2026-01-14 06:00:00.066000+00:00,1.25e-05
2026-01-14 07:00:00.099000+00:00,1.25e-05
2026-01-14 08:00:00.062000+00:00,1.25e-05
2026-01-14 09:00:00.051000+00:00,1.25e-05
2026-01-14 10:00:00.015000+00:00,1.25e-05
2026-01-14 11:00:00+00:00,1.25e-05
2026-01-14 12:00:00.043000+00:00,1.25e-05
2026-01-14 13:00:00.040000+00:00,1.25e-05
2026-01-14 14:00:00.084000+00:00,1.25e-05
2026-01-14 15:00:00.001000+00:00,1.25e-05
2026-01-14 16:00:00.013000+00:00,1.25e-05
2026-01-14 17:00:00.085000+00:00,1.25e-05
2026-01-14 18:00:00.113000+00:00,9.0702e-06
2026-01-14 19:00:00.071000+00:00,1.19919e-05
2026-01-14 20:00:00.090000+00:00,1.25e-05
2026-01-14 21:00:00.039000+00:00,1.25e-05
2026-01-14 22:00:00.018000+00:00,1.25e-05
2026-01-14 23:00:00.024000+00:00,1.25e-05
2026-01-15 00:00:00.028000+00:00,1.25e-05
2026-01-15 01:00:00.004000+00:00,1.25e-05
2026-01-15 02:00:00.052000+00:00,1.25e-05
2026-01-15 03:00:00.019000+00:00,-1.72946e-05
2026-01-15 04:00:00.018000+00:00,-1.27393e-05
2026-01-15 05:00:00.081000+00:00,6.8173e-06
2026-01-15 06:00:00.021000+00:00,1.25e-05
2026-01-15 07:00:00.057000+00:00,7.7464e-06
2026-01-15 08:00:00.029000+00:00,1.25e-05
2026-01-15 09:00:00.023000+00:00,1.25e-05
2026-01-15 10:00:00.082000+00:00,1.25e-05
2026-01-15 11:00:00.076000+00:00,1.25e-05
2026-01-15 12:00:00.028000+00:00,1.25e-05
2026-01-15 13:00:00.044000+00:00,1.25e-05
2026-01-15 14:00:00.054000+00:00,1.25e-05
2026-01-15 15:00:00.001000+00:00,1.25e-05
2026-01-15 16:00:00.020000+00:00,1.25e-05
2026-01-15 17:00:00.067000+00:00,1.25e-05
2026-01-15 18:00:00.062000+00:00,1.25e-05
2026-01-15 19:00:00.003000+00:00,1.25e-05
2026-01-15 20:00:00.057000+00:00,1.25e-05
2026-01-15 21:00:00.062000+00:00,1.25e-05
2026-01-15 22:00:00.033000+00:00,1.25e-05
2026-01-15 23:00:00+00:00,1.25e-05
2026-01-16 00:00:00.092000+00:00,1.25e-05
2026-01-16 01:00:00.045000+00:00,1.25e-05
2026-01-16 02:00:00.007000+00:00,1.25e-05
2026-01-16 03:00:00.044000+00:00,1.25e-05
2026-01-16 04:00:00.096000+00:00,2.3379e-06
2026-01-16 05:00:00.028000+00:00,-8.289e-07
2026-01-16 06:00:00.013000+00:00,1.25e-05
2026-01-16 07:00:00.059000+00:00,6.9788e-06
2026-01-16 08:00:00.044000+00:00,-1.10268e-05
2026-01-16 09:00:00.013000+00:00,1.2032e-06
2026-01-16 10:00:00.073000+00:00,1.25e-05
2026-01-16 11:00:00.003000+00:00,1.25e-05
2026-01-16 12:00:00.005000+00:00,1.25e-05
2026-01-16 13:00:00.060000+00:00,1.25e-05
2026-01-16 14:00:00.084000+00:00,1.25e-05
2026-01-16 15:00:00.051000+00:00,1.25e-05
2026-01-16 16:00:00.040000+00:00,1.25e-05
2026-01-16 17:00:00.051000+00:00,1.25e-05
2026-01-16 18:00:00.045000+00:00,1.25e-05
2026-01-16 19:00:00.147000+00:00,1.25e-05
2026-01-16 20:00:00.078000+00:00,1.25e-05
2026-01-16 21:00:00.092000+00:00,1.25e-05
2026-01-16 22:00:00.120000+00:00,1.25e-05
2026-01-16 23:00:00.021000+00:00,1.25e-05
2026-01-17 00:00:00.037000+00:00,1.25e-05
2026-01-17 01:00:00.055000+00:00,1.25e-05
2026-01-17 02:00:00.090000+00:00,1.25e-05
2026-01-17 03:00:00.036000+00:00,1.25e-05
2026-01-17 04:00:00.003000+00:00,1.25e-05
2026-01-17 05:00:00.027000+00:00,1.25e-05
2026-01-17 06:00:00.104000+00:00,1.25e-05
2026-01-17 07:00:00.005000+00:00,1.25e-05
2026-01-17 08:00:00.022000+00:00,1.25e-05
2026-01-17 09:00:00.004000+00:00,1.25e-05
2026-01-17 10:00:00.039000+00:00,1.25e-05
2026-01-17 11:00:00.095000+00:00,1.25e-05
2026-01-17 12:00:00.021000+00:00,1.25e-05
2026-01-17 13:00:00.089000+00:00,1.25e-05
2026-01-17 14:00:00.030000+00:00,1.25e-05
2026-01-17 15:00:00.010000+00:00,1.25e-05
2026-01-17 16:00:00.102000+00:00,1.25e-05
2026-01-17 17:00:00.010000+00:00,1.25e-05
2026-01-17 18:00:00.066000+00:00,1.25e-05
2026-01-17 19:00:00.038000+00:00,1.25e-05
2026-01-17 20:00:00.073000+00:00,1.25e-05
2026-01-17 21:00:00.017000+00:00,1.25e-05
2026-01-17 22:00:00.036000+00:00,1.25e-05
2026-01-17 23:00:00.100000+00:00,1.25e-05
2026-01-18 00:00:00.017000+00:00,1.25e-05
2026-01-18 01:00:00.117000+00:00,1.25e-05
2026-01-18 02:00:00.061000+00:00,1.25e-05
2026-01-18 03:00:00.047000+00:00,1.25e-05
2026-01-18 04:00:00.062000+00:00,1.25e-05
2026-01-18 05:00:00.034000+00:00,1.25e-05
2026-01-18 06:00:00.066000+00:00,1.25e-05
2026-01-18 07:00:00.063000+00:00,1.25e-05
2026-01-18 08:00:00.106000+00:00,1.25e-05
2026-01-18 09:00:00.110000+00:00,1.25e-05
2026-01-18 10:00:00.047000+00:00,1.25e-05
2026-01-18 11:00:00.085000+00:00,1.25e-05
2026-01-18 12:00:00.016000+00:00,1.25e-05
2026-01-18 13:00:00.054000+00:00,1.25e-05
2026-01-18 14:00:00.035000+00:00,1.25e-05
2026-01-18 15:00:00.030000+00:00,1.25e-05
2026-01-18 16:00:00.021000+00:00,1.25e-05
2026-01-18 17:00:00.040000+00:00,1.25e-05
2026-01-18 18:00:00.067000+00:00,1.25e-05
2026-01-18 19:00:00.018000+00:00,1.25e-05
2026-01-18 20:00:00.055000+00:00,1.25e-05
2026-01-18 21:00:00.024000+00:00,1.25e-05
2026-01-18 22:00:00.042000+00:00,1.25e-05
2026-01-18 23:00:00.113000+00:00,1.25e-05
2026-01-19 00:00:00.034000+00:00,1.25e-05
2026-01-19 01:00:00.098000+00:00,1.25e-05
2026-01-19 02:00:00.001000+00:00,1.25e-05
2026-01-19 03:00:00.009000+00:00,1.25e-05
2026-01-19 04:00:00.051000+00:00,1.25e-05
2026-01-19 05:00:00+00:00,1.25e-05
2026-01-19 06:00:00.033000+00:00,1.25e-05
2026-01-19 07:00:00.014000+00:00,1.25e-05
2026-01-19 08:00:00.026000+00:00,1.25e-05
2026-01-19 09:00:00.012000+00:00,1.25e-05
2026-01-19 10:00:00.012000+00:00,1.25e-05
2026-01-19 11:00:00.094000+00:00,1.25e-05
2026-01-19 12:00:00+00:00,1.25e-05
2026-01-19 13:00:00.041000+00:00,1.25e-05
2026-01-19 14:00:00.040000+00:00,1.25e-05
2026-01-19 15:00:00.049000+00:00,1.25e-05
2026-01-19 16:00:00.056000+00:00,1.25e-05
2026-01-19 17:00:00.011000+00:00,1.25e-05
2026-01-19 18:00:00.005000+00:00,1.25e-05
2026-01-19 19:00:00.012000+00:00,1.25e-05
2026-01-19 20:00:00.025000+00:00,1.25e-05
2026-01-19 21:00:00.079000+00:00,1.25e-05
2026-01-19 22:00:00.033000+00:00,1.25e-05
2026-01-19 23:00:00.040000+00:00,1.25e-05
2026-01-20 00:00:00.007000+00:00,1.25e-05
2026-01-20 01:00:00.011000+00:00,1.25e-05
2026-01-20 02:00:00.057000+00:00,1.25e-05
2026-01-20 03:00:00.001000+00:00,1.25e-05
2026-01-20 04:00:00.167000+00:00,1.25e-05
2026-01-20 05:00:00.112000+00:00,1.29045e-05
2026-01-20 06:00:00.064000+00:00,1.25e-05
2026-01-20 07:00:00.110000+00:00,1.25e-05
2026-01-20 08:00:00.010000+00:00,2.25956e-05
2026-01-20 09:00:00.079000+00:00,1.25e-05
2026-01-20 10:00:00.046000+00:00,4.01364e-05
2026-01-20 11:00:00.018000+00:00,6.65398e-05
2026-01-20 12:00:00.064000+00:00,1.25e-05
2026-01-20 13:00:00.054000+00:00,1.25e-05
2026-01-20 14:00:00.109000+00:00,1.25e-05
2026-01-20 15:00:00.061000+00:00,1.25e-05
2026-01-20 16:00:00.047000+00:00,4.41181e-05
2026-01-20 17:00:00.034000+00:00,2.0473e-05
2026-01-20 18:00:00.037000+00:00,1.25e-05
2026-01-20 19:00:00.028000+00:00,4.00527e-05
2026-01-20 20:00:00.020000+00:00,6.09334e-05
2026-01-20 21:00:00.025000+00:00,4.73946e-05
2026-01-20 22:00:00.005000+00:00,2.68655e-05
2026-01-20 23:00:00.015000+00:00,1.3129e-05
2026-01-21 00:00:00.063000+00:00,1.39212e-05
2026-01-21 01:00:00.039000+00:00,1.25e-05
2026-01-21 02:00:00.038000+00:00,1.25e-05
2026-01-21 03:00:00.143000+00:00,2.1236e-05
2026-01-21 04:00:00.034000+00:00,2.49789e-05
2026-01-21 05:00:00.057000+00:00,1.54979e-05
2026-01-21 06:00:00.014000+00:00,1.27404e-05
2026-01-21 07:00:00.016000+00:00,1.25e-05
2026-01-21 08:00:00.028000+00:00,1.25e-05
2026-01-21 09:00:00.046000+00:00,1.25e-05
2026-01-21 10:00:00.018000+00:00,1.25e-05
2026-01-21 11:00:00.027000+00:00,3.12299e-05
2026-01-21 12:00:00.031000+00:00,1.25e-05
2026-01-21 13:00:00.094000+00:00,1.25e-05
2026-01-21 14:00:00.007000+00:00,1.25e-05
2026-01-21 15:00:00.012000+00:00,1.25e-05
2026-01-21 16:00:00.016000+00:00,1.25e-05
2026-01-21 17:00:00.079000+00:00,1.25e-05
2026-01-21 18:00:00.006000+00:00,1.25e-05
2026-01-21 19:00:00.021000+00:00,1.25e-05
2026-01-21 20:00:00.017000+00:00,1.25e-05
2026-01-21 21:00:00.045000+00:00,1.25e-05
2026-01-21 22:00:00.093000+00:00,1.25e-05
2026-01-21 23:00:00.012000+00:00,1.25e-05
2026-01-22 00:00:00.068000+00:00,1.25e-05
2026-01-22 01:00:00.076000+00:00,1.25e-05
2026-01-22 02:00:00.069000+00:00,1.25e-05
2026-01-22 03:00:00.112000+00:00,1.25e-05
2026-01-22 04:00:00.005000+00:00,1.25e-05
2026-01-22 05:00:00.033000+00:00,1.25e-05
2026-01-22 06:00:00.029000+00:00,1.25e-05
2026-01-22 07:00:00.022000+00:00,1.25e-05
2026-01-22 08:00:00.084000+00:00,1.25e-05
2026-01-22 09:00:00.040000+00:00,1.25e-05
2026-01-22 10:00:00.057000+00:00,1.25e-05
2026-01-22 11:00:00.047000+00:00,4.16619e-05
2026-01-22 12:00:00.063000+00:00,1.25e-05
2026-01-22 13:00:00.020000+00:00,1.25e-05
2026-01-22 14:00:00.092000+00:00,1.25e-05
2026-01-22 15:00:00.007000+00:00,1.25e-05
2026-01-22 16:00:00.083000+00:00,1.25e-05
2026-01-22 17:00:00.035000+00:00,1.25e-05
2026-01-22 18:00:00.004000+00:00,1.25e-05
2026-01-22 19:00:00.016000+00:00,1.25e-05
2026-01-22 20:00:00.017000+00:00,1.25e-05
2026-01-22 21:00:00.096000+00:00,1.25e-05
2026-01-22 22:00:00.013000+00:00,1.25e-05
2026-01-22 23:00:00.019000+00:00,1.25e-05
2026-01-23 00:00:00.009000+00:00,1.25e-05
2026-01-23 01:00:00.034000+00:00,1.25e-05
2026-01-23 02:00:00.028000+00:00,1.25e-05
2026-01-23 03:00:00.122000+00:00,1.25e-05
2026-01-23 04:00:00.017000+00:00,1.25e-05
2026-01-23 05:00:00.154000+00:00,1.25e-05
2026-01-23 06:00:00.112000+00:00,1.25e-05
2026-01-23 07:00:00.066000+00:00,1.25e-05
2026-01-23 08:00:00.100000+00:00,1.25e-05
2026-01-23 09:00:00.005000+00:00,1.25e-05
2026-01-23 10:00:00.058000+00:00,1.25e-05
2026-01-23 11:00:00.030000+00:00,6.80676e-05
2026-01-23 12:00:00.029000+00:00,5.8567e-05
2026-01-23 13:00:00.018000+00:00,4.75668e-05
2026-01-23 14:00:00.013000+00:00,4.16977e-05
2026-01-23 15:00:00.048000+00:00,2.21228e-05
2026-01-23 16:00:00.010000+00:00,3.03241e-05
2026-01-23 17:00:00.061000+00:00,1.25e-05
2026-01-23 18:00:00.037000+00:00,2.09274e-05
2026-01-23 19:00:00.047000+00:00,1.25e-05
2026-01-23 20:00:00.055000+00:00,1.25e-05
2026-01-23 21:00:00.085000+00:00,1.25e-05
2026-01-23 22:00:00.039000+00:00,1.25e-05
2026-01-23 23:00:00.085000+00:00,1.25e-05
2026-01-24 00:00:00.017000+00:00,1.25e-05
2026-01-24 01:00:00.061000+00:00,1.25e-05
2026-01-24 02:00:00.093000+00:00,2.80538e-05
2026-01-24 03:00:00.032000+00:00,2.67577e-05
2026-01-24 04:00:00.067000+00:00,3.8956e-05
2026-01-24 05:00:00.043000+00:00,2.90176e-05
2026-01-24 06:00:00.032000+00:00,3.13334e-05
2026-01-24 07:00:00.003000+00:00,1.25e-05
2026-01-24 08:00:00.030000+00:00,1.25e-05
2026-01-24 09:00:00.058000+00:00,1.25e-05
2026-01-24 10:00:00.112000+00:00,1.25e-05
2026-01-24 11:00:00.027000+00:00,1.25e-05
2026-01-24 12:00:00.100000+00:00,1.25e-05
2026-01-24 13:00:00.080000+00:00,1.25e-05
2026-01-24 14:00:00.016000+00:00,1.25e-05
2026-01-24 15:00:00.060000+00:00,1.25e-05
2026-01-24 16:00:00.092000+00:00,1.25e-05
2026-01-24 17:00:00.040000+00:00,1.25e-05
2026-01-24 18:00:00.011000+00:00,1.25e-05
2026-01-24 19:00:00.036000+00:00,1.25e-05
2026-01-24 20:00:00.028000+00:00,1.25e-05
2026-01-24 21:00:00.012000+00:00,1.25e-05
2026-01-24 22:00:00.056000+00:00,1.25e-05
2026-01-24 23:00:00.017000+00:00,1.25e-05
2026-01-25 00:00:00.006000+00:00,1.25e-05
2026-01-25 01:00:00.021000+00:00,1.25e-05
2026-01-25 02:00:00.135000+00:00,1.25e-05
2026-01-25 03:00:00.054000+00:00,1.25e-05
2026-01-25 04:00:00.109000+00:00,1.25e-05
2026-01-25 05:00:00.110000+00:00,1.25e-05
2026-01-25 06:00:00.117000+00:00,1.25e-05
2026-01-25 07:00:00.059000+00:00,1.25e-05
2026-01-25 08:00:00.042000+00:00,1.25e-05
2026-01-25 09:00:00.055000+00:00,1.25e-05
2026-01-25 10:00:00.045000+00:00,1.25e-05
2026-01-25 11:00:00.011000+00:00,1.25e-05
2026-01-25 12:00:00.029000+00:00,1.25e-05
2026-01-25 13:00:00.065000+00:00,1.25e-05
2026-01-25 14:00:00.031000+00:00,1.25e-05
2026-01-25 15:00:00.075000+00:00,1.25e-05
2026-01-25 16:00:00.012000+00:00,1.25e-05
2026-01-25 17:00:00.013000+00:00,1.25e-05
2026-01-25 18:00:00.020000+00:00,1.25e-05
2026-01-25 19:00:00.010000+00:00,1.25e-05
2026-01-25 20:00:00.016000+00:00,1.25e-05
2026-01-25 21:00:00.021000+00:00,1.25e-05
2026-01-25 22:00:00.063000+00:00,1.25e-05
2026-01-25 23:00:00.127000+00:00,1.25e-05
2026-01-26 00:00:00.127000+00:00,1.96685e-05
2026-01-26 01:00:00.001000+00:00,1.25e-05
2026-01-26 02:00:00.026000+00:00,2.46135e-05
2026-01-26 03:00:00.059000+00:00,4.28344e-05
2026-01-26 04:00:00.056000+00:00,3.18006e-05
2026-01-26 05:00:00.020000+00:00,3.65852e-05
2026-01-26 06:00:00.101000+00:00,1.25e-05
2026-01-26 07:00:00.055000+00:00,1.25e-05
2026-01-26 08:00:00.040000+00:00,1.25e-05
2026-01-26 09:00:00.056000+00:00,1.25e-05
2026-01-26 10:00:00.060000+00:00,1.25e-05
2026-01-26 11:00:00.055000+00:00,3.12084e-05
2026-01-26 12:00:00.081000+00:00,5.20676e-05
2026-01-26 13:00:00+00:00,2.70451e-05
2026-01-26 14:00:00.050000+00:00,1.67702e-05
2026-01-26 15:00:00.064000+00:00,1.25e-05
2026-01-26 16:00:00.006000+00:00,1.25e-05
2026-01-26 17:00:00.012000+00:00,1.25e-05
2026-01-26 18:00:00.010000+00:00,1.25e-05
2026-01-26 19:00:00.045000+00:00,1.25e-05
2026-01-26 20:00:00.034000+00:00,1.25e-05
2026-01-26 21:00:00.094000+00:00,1.25e-05
2026-01-26 22:00:00.049000+00:00,1.25e-05
2026-01-26 23:00:00.079000+00:00,1.25e-05
2026-01-27 00:00:00.085000+00:00,1.25e-05
2026-01-27 01:00:00.073000+00:00,1.25e-05
2026-01-27 02:00:00.052000+00:00,1.25e-05
2026-01-27 03:00:00.012000+00:00,1.25e-05
2026-01-27 04:00:00.017000+00:00,1.25e-05
2026-01-27 05:00:00.023000+00:00,1.25e-05
2026-01-27 06:00:00+00:00,1.25e-05
2026-01-27 07:00:00.049000+00:00,1.25e-05
2026-01-27 08:00:00.092000+00:00,1.25e-05
2026-01-27 09:00:00.020000+00:00,1.25e-05
2026-01-27 10:00:00.056000+00:00,1.25e-05
2026-01-27 11:00:00.003000+00:00,2.29558e-05
2026-01-27 12:00:00.051000+00:00,1.25e-05
2026-01-27 13:00:00.006000+00:00,1.25e-05
2026-01-27 14:00:00.041000+00:00,1.25e-05
2026-01-27 15:00:00.074000+00:00,1.25e-05
2026-01-27 16:00:00.103000+00:00,1.25e-05
2026-01-27 17:00:00.024000+00:00,1.25e-05
2026-01-27 18:00:00.011000+00:00,1.25e-05
2026-01-27 19:00:00.027000+00:00,1.25e-05
2026-01-27 20:00:00.082000+00:00,5.8116e-06
2026-01-27 21:00:00.015000+00:00,1.25e-05
2026-01-27 22:00:00.042000+00:00,1.25e-05
2026-01-27 23:00:00.015000+00:00,1.25e-05
2026-01-28 00:00:00.090000+00:00,1.25e-05
2026-01-28 01:00:00.024000+00:00,1.25e-05
2026-01-28 02:00:00.053000+00:00,1.25e-05
2026-01-28 03:00:00.047000+00:00,1.25e-05
2026-01-28 04:00:00.114000+00:00,1.25e-05
2026-01-28 05:00:00.046000+00:00,1.25e-05
2026-01-28 06:00:00.127000+00:00,1.25e-05
2026-01-28 07:00:00.070000+00:00,1.25e-05
2026-01-28 08:00:00.044000+00:00,1.25e-05
2026-01-28 09:00:00.042000+00:00,1.25e-05
2026-01-28 10:00:00.038000+00:00,4.1729e-06
2026-01-28 11:00:00.016000+00:00,-5.6591e-06
2026-01-28 12:00:00.051000+00:00,7.1122e-06
2026-01-28 13:00:00.094000+00:00,1.25e-05
2026-01-28 14:00:00.054000+00:00,1.25e-05
2026-01-28 15:00:00.003000+00:00,8.6376e-06
2026-01-28 16:00:00.022000+00:00,1.25e-05
2026-01-28 17:00:00.048000+00:00,1.25e-05
2026-01-28 18:00:00.020000+00:00,8.9132e-06
2026-01-28 19:00:00.072000+00:00,8.1954e-06
2026-01-28 20:00:00.063000+00:00,1.2322e-06
2026-01-28 21:00:00.108000+00:00,-1.21779e-05
2026-01-28 22:00:00.010000+00:00,-2.48944e-05
2026-01-28 23:00:00.022000+00:00,-7.7661e-06
2026-01-29 00:00:00.027000+00:00,1.25e-05
2026-01-29 01:00:00.021000+00:00,1.25e-05
2026-01-29 02:00:00.049000+00:00,-1.45026e-05
2026-01-29 03:00:00.013000+00:00,-1.33187e-05
2026-01-29 04:00:00.038000+00:00,1.25e-05
2026-01-29 05:00:00.051000+00:00,-1.20953e-05
2026-01-29 06:00:00.048000+00:00,-2.50656e-05
2026-01-29 07:00:00.087000+00:00,4.6649e-06
2026-01-29 08:00:00.047000+00:00,-1.13467e-05
2026-01-29 09:00:00.026000+00:00,2.8866e-06
2026-01-29 10:00:00.066000+00:00,1.25e-05
2026-01-29 11:00:00.051000+00:00,1.25e-05
2026-01-29 12:00:00+00:00,1.25e-05
2026-01-29 13:00:00.120000+00:00,1.25e-05
2026-01-29 14:00:00.011000+00:00,1.25e-05
2026-01-29 15:00:00.016000+00:00,1.25e-05
2026-01-29 16:00:00.059000+00:00,1.25e-05
2026-01-29 17:00:00.082000+00:00,1.25e-05
2026-01-29 18:00:00.099000+00:00,1.25e-05
2026-01-29 19:00:00.054000+00:00,1.25e-05
2026-01-29 20:00:00.035000+00:00,1.25e-05
2026-01-29 21:00:00.049000+00:00,1.25e-05
2026-01-29 22:00:00.059000+00:00,1.25e-05
2026-01-29 23:00:00.037000+00:00,1.25e-05
2026-01-30 00:00:00.022000+00:00,1.25e-05
2026-01-30 01:00:00.010000+00:00,1.25e-05
2026-01-30 02:00:00.075000+00:00,1.25e-05
2026-01-30 03:00:00.038000+00:00,1.25e-05
2026-01-30 04:00:00.028000+00:00,1.25e-05
2026-01-30 05:00:00.053000+00:00,1.25e-05
2026-01-30 06:00:00.084000+00:00,1.25e-05
2026-01-30 07:00:00.117000+00:00,6.8034e-06
2026-01-30 08:00:00.018000+00:00,1.25e-05
2026-01-30 09:00:00.103000+00:00,1.25e-05
2026-01-30 10:00:00.049000+00:00,1.25e-05
2026-01-30 11:00:00.108000+00:00,1.25e-05
2026-01-30 12:00:00.036000+00:00,1.25e-05
2026-01-30 13:00:00.025000+00:00,1.25e-05
2026-01-30 14:00:00.033000+00:00,1.25e-05
2026-01-30 15:00:00.008000+00:00,1.25e-05
2026-01-30 16:00:00.054000+00:00,1.25e-05
2026-01-30 17:00:00.105000+00:00,1.47051e-05
2026-01-30 18:00:00.037000+00:00,1.75015e-05
2026-01-30 19:00:00.042000+00:00,4.26202e-05
2026-01-30 20:00:00.041000+00:00,1.25e-05
2026-01-30 21:00:00.006000+00:00,1.25e-05
2026-01-30 22:00:00.001000+00:00,1.25e-05
2026-01-30 23:00:00.031000+00:00,1.25e-05
2026-01-31 00:00:00.171000+00:00,1.25e-05
2026-01-31 01:00:00.100000+00:00,1.25e-05
2026-01-31 02:00:00.068000+00:00,1.25e-05
2026-01-31 03:00:00.097000+00:00,1.25e-05
2026-01-31 04:00:00.012000+00:00,1.27814e-05
2026-01-31 05:00:00.026000+00:00,1.59902e-05
2026-01-31 06:00:00.002000+00:00,1.25e-05
2026-01-31 07:00:00.010000+00:00,1.25e-05
2026-01-31 08:00:00.049000+00:00,1.25e-05
2026-01-31 09:00:00.076000+00:00,1.25e-05
2026-01-31 10:00:00.022000+00:00,1.25e-05
2026-01-31 11:00:00.050000+00:00,1.25e-05
2026-01-31 12:00:00.105000+00:00,1.25e-05
2026-01-31 13:00:00.035000+00:00,1.25e-05
2026-01-31 14:00:00.027000+00:00,1.25e-05
2026-01-31 15:00:00.033000+00:00,1.25e-05
2026-01-31 16:00:00.091000+00:00,1.25e-05
2026-01-31 17:00:00.030000+00:00,1.25e-05
2026-01-31 18:00:00.057000+00:00,1.25e-05
2026-01-31 19:00:00.118000+00:00,1.25e-05
2026-01-31 20:00:00.081000+00:00,1.25e-05
2026-01-31 21:00:00.058000+00:00,1.25e-05
2026-01-31 22:00:00.056000+00:00,1.25e-05
2026-01-31 23:00:00.088000+00:00,1.25e-05
2026-02-01 00:00:00.016000+00:00,1.25e-05
2026-02-01 01:00:00.017000+00:00,1.25e-05
2026-02-01 02:00:00.052000+00:00,1.25e-05
2026-02-01 03:00:00.047000+00:00,1.25e-05
2026-02-01 04:00:00.091000+00:00,8.9529e-06
2026-02-01 05:00:00.008000+00:00,1.25e-05
2026-02-01 06:00:00.029000+00:00,2.1542e-06
2026-02-01 07:00:00.060000+00:00,2.6967e-06
2026-02-01 08:00:00.056000+00:00,1.25e-05
2026-02-01 09:00:00+00:00,1.25e-05
2026-02-01 10:00:00.092000+00:00,1.25e-05
2026-02-01 11:00:00.017000+00:00,1.25e-05
2026-02-01 12:00:00.097000+00:00,1.25e-05
2026-02-01 13:00:00.026000+00:00,1.25e-05
2026-02-01 14:00:00.096000+00:00,-1.38348e-05
2026-02-01 15:00:00.019000+00:00,1.25e-05
2026-02-01 16:00:00.034000+00:00,1.25e-05
2026-02-01 17:00:00.041000+00:00,1.25e-05
2026-02-01 18:00:00.062000+00:00,1.20241e-05
2026-02-01 19:00:00.042000+00:00,4.4217e-06
2026-02-01 20:00:00.067000+00:00,-3.8495e-06
2026-02-01 21:00:00.104000+00:00,1.25e-05
2026-02-01 22:00:00.015000+00:00,1.25e-05
2026-02-01 23:00:00.006000+00:00,1.25e-05
2026-02-02 00:00:00.059000+00:00,1.25e-05
2026-02-02 01:00:00.038000+00:00,1.25e-05
2026-02-02 02:00:00.017000+00:00,1.25e-05
2026-02-02 03:00:00.062000+00:00,1.25e-05
2026-02-02 04:00:00.064000+00:00,1.25e-05
2026-02-02 05:00:00.106000+00:00,1.25e-05
2026-02-02 06:00:00.074000+00:00,1.25e-05
2026-02-02 07:00:00.020000+00:00,1.25e-05
2026-02-02 08:00:00.007000+00:00,1.25e-05
2026-02-02 09:00:00.043000+00:00,9.1323e-06
2026-02-02 10:00:00.084000+00:00,8.251e-07
2026-02-02 11:00:00.047000+00:00,-9.7465e-06
2026-02-02 12:00:00.061000+00:00,-1.2944e-06
2026-02-02 13:00:00.088000+00:00,-3.8483e-06
2026-02-02 14:00:00.065000+00:00,-1.38324e-05
2026-02-02 15:00:00.070000+00:00,1.25e-05
2026-02-02 16:00:00.041000+00:00,1.25e-05
2026-02-02 17:00:00.065000+00:00,1.25e-05
2026-02-02 18:00:00.066000+00:00,1.25e-05
2026-02-02 19:00:00.004000+00:00,1.25e-05
2026-02-02 20:00:00.023000+00:00,1.25e-05
2026-02-02 21:00:00.014000+00:00,1.25e-05
2026-02-02 22:00:00.099000+00:00,1.25e-05
2026-02-02 23:00:00.055000+00:00,1.25e-05
2026-02-03 00:00:00.013000+00:00,1.25e-05
2026-02-03 01:00:00.015000+00:00,1.25e-05
2026-02-03 02:00:00.012000+00:00,1.25e-05
2026-02-03 03:00:00.032000+00:00,1.25e-05
2026-02-03 04:00:00.038000+00:00,1.25e-05
2026-02-03 05:00:00.029000+00:00,1.85978e-05
2026-02-03 06:00:00+00:00,1.25e-05
2026-02-03 07:00:00.068000+00:00,1.25e-05
2026-02-03 08:00:00.057000+00:00,1.25e-05
2026-02-03 09:00:00.079000+00:00,1.25e-05
2026-02-03 10:00:00.022000+00:00,1.25e-05
2026-02-03 11:00:00.065000+00:00,1.25e-05
2026-02-03 12:00:00.118000+00:00,1.25e-05
2026-02-03 13:00:00.065000+00:00,1.25e-05
2026-02-03 14:00:00.040000+00:00,1.25e-05
2026-02-03 15:00:00.025000+00:00,1.25e-05
2026-02-03 16:00:00.059000+00:00,-1.22058e-05
2026-02-03 17:00:00.001000+00:00,1.25e-05
2026-02-03 18:00:00.015000+00:00,1.25e-05
2026-02-03 19:00:00.059000+00:00,1.25e-05
2026-02-03 20:00:00.049000+00:00,1.25e-05
2026-02-03 21:00:00.031000+00:00,1.25e-05
2026-02-03 22:00:00.004000+00:00,1.25e-05
2026-02-03 23:00:00.056000+00:00,1.25e-05
2026-02-04 00:00:00.018000+00:00,1.25e-05
2026-02-04 01:00:00.045000+00:00,1.25e-05
2026-02-04 02:00:00.022000+00:00,1.25e-05
2026-02-04 03:00:00.032000+00:00,1.25e-05
2026-02-04 04:00:00.004000+00:00,1.25e-05
2026-02-04 05:00:00.055000+00:00,1.25e-05
2026-02-04 06:00:00.042000+00:00,1.25e-05
2026-02-04 07:00:00.016000+00:00,1.25e-05
2026-02-04 08:00:00.027000+00:00,1.25e-05
2026-02-04 09:00:00.003000+00:00,1.25e-05
2026-02-04 10:00:00.081000+00:00,1.25e-05
2026-02-04 11:00:00.016000+00:00,1.25e-05
2026-02-04 12:00:00.120000+00:00,1.25e-05
2026-02-04 13:00:00.025000+00:00,1.25e-05
2026-02-04 14:00:00.004000+00:00,1.25e-05
2026-02-04 15:00:00.071000+00:00,1.25e-05
2026-02-04 16:00:00.007000+00:00,1.25e-05
2026-02-04 17:00:00.105000+00:00,1.24794e-05
2026-02-04 18:00:00.058000+00:00,1.25e-05
2026-02-04 19:00:00.028000+00:00,7.3635e-06
2026-02-04 20:00:00.001000+00:00,1.25e-05
2026-02-04 21:00:00.072000+00:00,1.25e-05
2026-02-04 22:00:00.051000+00:00,-2.251e-07
2026-02-04 23:00:00.022000+00:00,1.18025e-05
2026-02-05 00:00:00.003000+00:00,1.25e-05
2026-02-05 01:00:00.010000+00:00,1.25e-05
2026-02-05 02:00:00.097000+00:00,1.25e-05
2026-02-05 03:00:00.011000+00:00,1.25e-05
2026-02-05 04:00:00.032000+00:00,1.25e-05
2026-02-05 05:00:00.057000+00:00,1.25e-05
2026-02-05 06:00:00.038000+00:00,1.25e-05
2026-02-05 07:00:00.008000+00:00,1.25e-05
2026-02-05 08:00:00.038000+00:00,1.25e-05
2026-02-05 09:00:00.023000+00:00,1.25e-05
2026-02-05 10:00:00.022000+00:00,1.25e-05
2026-02-05 11:00:00.046000+00:00,1.25e-05
2026-02-05 12:00:00.036000+00:00,1.25e-05
2026-02-05 13:00:00.013000+00:00,1.25e-05
2026-02-05 14:00:00.012000+00:00,1.25e-05
2026-02-05 15:00:00.079000+00:00,1.25e-05
2026-02-05 16:00:00.065000+00:00,1.94689e-05
2026-02-05 17:00:00.004000+00:00,3.79981e-05
2026-02-05 18:00:00.104000+00:00,1.25e-05
2026-02-05 19:00:00.030000+00:00,3.30904e-05
2026-02-05 20:00:00.057000+00:00,2.14826e-05
2026-02-05 21:00:00.013000+00:00,2.45876e-05
2026-02-05 22:00:00.040000+00:00,2.56442e-05
2026-02-05 23:00:00.019000+00:00,1.25e-05
2026-02-06 00:00:00.083000+00:00,2.93026e-05
2026-02-06 01:00:00.049000+00:00,1.25e-05
2026-02-06 02:00:00.026000+00:00,1.25e-05
2026-02-06 03:00:00.050000+00:00,1.25e-05
2026-02-06 04:00:00.075000+00:00,1.95261e-05
2026-02-06 05:00:00.102000+00:00,1.25e-05
2026-02-06 06:00:00.022000+00:00,1.25e-05
2026-02-06 07:00:00.074000+00:00,1.25e-05
2026-02-06 08:00:00.037000+00:00,1.25e-05
2026-02-06 09:00:00.042000+00:00,1.25e-05
2026-02-06 10:00:00.053000+00:00,1.25e-05
2026-02-06 11:00:00.032000+00:00,1.25e-05
2026-02-06 12:00:00.009000+00:00,1.25e-05
2026-02-06 13:00:00.032000+00:00,1.25e-05
2026-02-06 14:00:00.024000+00:00,-1.30419e-05
2026-02-06 15:00:00.089000+00:00,1.25e-05
2026-02-06 16:00:00.036000+00:00,1.25e-05
2026-02-06 17:00:00.030000+00:00,1.25e-05
2026-02-06 18:00:00.086000+00:00,1.25e-05
2026-02-06 19:00:00.056000+00:00,1.25e-05
2026-02-06 20:00:00.016000+00:00,1.25e-05
2026-02-06 21:00:00.031000+00:00,1.25e-05
2026-02-06 22:00:00.032000+00:00,1.25e-05
2026-02-06 23:00:00.049000+00:00,1.25e-05
2026-02-07 00:00:00.064000+00:00,1.25e-05
2026-02-07 01:00:00.036000+00:00,4.7889e-06
2026-02-07 02:00:00.026000+00:00,-2.2327e-06
2026-02-07 03:00:00.021000+00:00,1.25e-05
2026-02-07 04:00:00.104000+00:00,1.25e-05
2026-02-07 05:00:00.063000+00:00,1.25e-05
2026-02-07 06:00:00.036000+00:00,1.25e-05
2026-02-07 07:00:00.008000+00:00,1.25e-05
2026-02-07 08:00:00.048000+00:00,-4.421e-07
2026-02-07 09:00:00.081000+00:00,8.0844e-06
2026-02-07 10:00:00.020000+00:00,1.25e-05
2026-02-07 11:00:00.008000+00:00,1.25e-05
2026-02-07 12:00:00.031000+00:00,1.25e-05
2026-02-07 13:00:00.040000+00:00,1.25e-05
2026-02-07 14:00:00.008000+00:00,1.25e-05
2026-02-07 15:00:00.093000+00:00,1.25e-05
2026-02-07 16:00:00.146000+00:00,1.25e-05
2026-02-07 17:00:00.055000+00:00,1.25e-05
2026-02-07 18:00:00.022000+00:00,1.25e-05
2026-02-07 19:00:00.071000+00:00,1.25e-05
2026-02-07 20:00:00.020000+00:00,1.25e-05
2026-02-07 21:00:00.089000+00:00,1.25e-05
2026-02-07 22:00:00.055000+00:00,1.25e-05
2026-02-07 23:00:00.038000+00:00,1.25e-05
2026-02-08 00:00:00.042000+00:00,1.25e-05
2026-02-08 01:00:00.003000+00:00,1.25e-05
2026-02-08 02:00:00.074000+00:00,1.25e-05
2026-02-08 03:00:00.113000+00:00,1.25e-05
2026-02-08 04:00:00.069000+00:00,1.25e-05
2026-02-08 05:00:00.059000+00:00,1.25e-05
2026-02-08 06:00:00.031000+00:00,1.25e-05
2026-02-08 07:00:00.038000+00:00,1.25e-05
2026-02-08 08:00:00.113000+00:00,1.25e-05
2026-02-08 09:00:00.040000+00:00,1.25e-05
2026-02-08 10:00:00.031000+00:00,1.25e-05
2026-02-08 11:00:00.068000+00:00,1.25e-05
2026-02-08 12:00:00.077000+00:00,1.25e-05
2026-02-08 13:00:00.011000+00:00,1.25e-05
2026-02-08 14:00:00.051000+00:00,1.19949e-05
2026-02-08 15:00:00.041000+00:00,1.25e-05
2026-02-08 16:00:00.023000+00:00,-1.9256e-06
2026-02-08 17:00:00.043000+00:00,1.25e-05
2026-02-08 18:00:00.023000+00:00,1.25e-05
2026-02-08 19:00:00.070000+00:00,1.25e-05
2026-02-08 20:00:00.046000+00:00,1.25e-05
2026-02-08 21:00:00.059000+00:00,1.25e-05
2026-02-08 22:00:00.049000+00:00,1.25e-05
2026-02-08 23:00:00.015000+00:00,1.25e-05
2026-02-09 00:00:00.009000+00:00,1.25e-05
2026-02-09 01:00:00.034000+00:00,1.25e-05
2026-02-09 02:00:00.118000+00:00,8.0925e-06
2026-02-09 03:00:00.004000+00:00,1.25e-05
2026-02-09 04:00:00.091000+00:00,1.25e-05
2026-02-09 05:00:00.037000+00:00,1.25e-05
2026-02-09 06:00:00.020000+00:00,1.25e-05
2026-02-09 07:00:00.026000+00:00,1.01434e-05
2026-02-09 08:00:00.013000+00:00,1.05697e-05
2026-02-09 09:00:00.040000+00:00,1.25e-05
2026-02-09 10:00:00.131000+00:00,1.17102e-05
2026-02-09 11:00:00.088000+00:00,1.25e-05
2026-02-09 12:00:00.030000+00:00,1.25e-05
2026-02-09 13:00:00.020000+00:00,1.25e-05
2026-02-09 14:00:00.015000+00:00,1.25e-05
2026-02-09 15:00:00.011000+00:00,1.25e-05
2026-02-09 16:00:00.001000+00:00,1.03638e-05
2026-02-09 17:00:00.038000+00:00,1.25e-05
2026-02-09 18:00:00.060000+00:00,1.25e-05
2026-02-09 19:00:00.023000+00:00,1.25e-05
2026-02-09 20:00:00.059000+00:00,1.25e-05
2026-02-09 21:00:00.068000+00:00,1.25e-05
2026-02-09 22:00:00.065000+00:00,1.25e-05
2026-02-09 23:00:00.046000+00:00,1.25e-05
2026-02-10 00:00:00.013000+00:00,1.25e-05
2026-02-10 01:00:00.012000+00:00,1.25e-05
2026-02-10 02:00:00.055000+00:00,1.25e-05
2026-02-10 03:00:00.057000+00:00,1.25e-05
2026-02-10 04:00:00.071000+00:00,1.25e-05
2026-02-10 05:00:00.024000+00:00,1.25e-05
2026-02-10 06:00:00.028000+00:00,1.25e-05
2026-02-10 07:00:00.090000+00:00,1.25e-05
2026-02-10 08:00:00.018000+00:00,1.25e-05
2026-02-10 09:00:00.041000+00:00,1.25e-05
2026-02-10 10:00:00.028000+00:00,1.25e-05
2026-02-10 11:00:00.100000+00:00,1.25e-05
2026-02-10 12:00:00.032000+00:00,1.25e-05
2026-02-10 13:00:00.106000+00:00,1.25e-05
2026-02-10 14:00:00.038000+00:00,1.25e-05
2026-02-10 15:00:00.006000+00:00,1.25e-05
2026-02-10 16:00:00.009000+00:00,1.25e-05
2026-02-10 17:00:00.070000+00:00,1.25e-05
2026-02-10 18:00:00.065000+00:00,1.25e-05
2026-02-10 19:00:00.015000+00:00,1.25e-05
2026-02-10 20:00:00.053000+00:00,1.25e-05
2026-02-10 21:00:00.100000+00:00,1.25e-05
2026-02-10 22:00:00.070000+00:00,1.25e-05
2026-02-10 23:00:00.016000+00:00,1.25e-05
2026-02-11 00:00:00.036000+00:00,1.25e-05
2026-02-11 01:00:00.007000+00:00,1.25e-05
2026-02-11 02:00:00.051000+00:00,1.25e-05
2026-02-11 03:00:00.098000+00:00,1.25e-05
2026-02-11 04:00:00.071000+00:00,1.25e-05
2026-02-11 05:00:00.030000+00:00,1.25e-05
2026-02-11 06:00:00.005000+00:00,1.25e-05
2026-02-11 07:00:00.062000+00:00,1.25e-05
2026-02-11 08:00:00.095000+00:00,1.25e-05
2026-02-11 09:00:00.114000+00:00,1.25e-05
2026-02-11 10:00:00.048000+00:00,1.25e-05
2026-02-11 11:00:00.086000+00:00,1.25e-05
2026-02-11 12:00:00.022000+00:00,4.96399e-05
2026-02-11 13:00:00.055000+00:00,1.25e-05
2026-02-11 14:00:00.087000+00:00,1.25e-05
2026-02-11 15:00:00.012000+00:00,1.25e-05
2026-02-11 16:00:00.074000+00:00,1.25e-05
2026-02-11 17:00:00.077000+00:00,1.25e-05
2026-02-11 18:00:00.062000+00:00,1.25e-05
2026-02-11 19:00:00.045000+00:00,1.25e-05
2026-02-11 20:00:00.051000+00:00,1.25e-05
2026-02-11 21:00:00.053000+00:00,1.25e-05
2026-02-11 22:00:00.067000+00:00,1.25e-05
2026-02-11 23:00:00.087000+00:00,1.25e-05
2026-02-12 00:00:00.006000+00:00,1.25e-05
2026-02-12 01:00:00.034000+00:00,1.25e-05
2026-02-12 02:00:00.037000+00:00,1.25e-05
2026-02-12 03:00:00.057000+00:00,1.25e-05
2026-02-12 04:00:00.004000+00:00,1.25e-05
2026-02-12 05:00:00.075000+00:00,1.25e-05
2026-02-12 06:00:00.077000+00:00,1.25e-05
2026-02-12 07:00:00.029000+00:00,1.25e-05
2026-02-12 08:00:00.036000+00:00,1.10833e-05
2026-02-12 09:00:00.054000+00:00,1.25e-05
2026-02-12 10:00:00.022000+00:00,1.25e-05
2026-02-12 11:00:00.008000+00:00,1.25e-05
2026-02-12 12:00:00.064000+00:00,1.25e-05
2026-02-12 13:00:00.056000+00:00,1.00171e-05
2026-02-12 14:00:00.023000+00:00,2.4918e-06
2026-02-12 15:00:00.004000+00:00,1.25e-05
2026-02-12 16:00:00.043000+00:00,1.25e-05
2026-02-12 17:00:00.026000+00:00,1.25e-05
2026-02-12 18:00:00.015000+00:00,1.25e-05
2026-02-12 19:00:00.053000+00:00,1.25e-05
2026-02-12 20:00:00.037000+00:00,1.25e-05
2026-02-12 21:00:00.043000+00:00,1.25e-05
2026-02-12 22:00:00.010000+00:00,1.25e-05
2026-02-12 23:00:00.072000+00:00,1.25e-05
2026-02-13 00:00:00.092000+00:00,1.25e-05
2026-02-13 01:00:00.083000+00:00,1.25e-05
2026-02-13 02:00:00.050000+00:00,1.25e-05
2026-02-13 03:00:00.009000+00:00,1.25e-05
2026-02-13 04:00:00.087000+00:00,3.578e-06
2026-02-13 05:00:00.083000+00:00,1.25e-05
2026-02-13 06:00:00.070000+00:00,1.25e-05
2026-02-13 07:00:00.056000+00:00,1.25e-05
2026-02-13 08:00:00.018000+00:00,1.25e-05
2026-02-13 09:00:00.087000+00:00,3.43e-07
2026-02-13 10:00:00.004000+00:00,-1.4562e-06
2026-02-13 11:00:00.117000+00:00,1.25e-05
2026-02-13 12:00:00.059000+00:00,1.25e-05
2026-02-13 13:00:00.040000+00:00,-5.4982e-06
2026-02-13 14:00:00.092000+00:00,5.6312e-06
2026-02-13 15:00:00.081000+00:00,1.25e-05
2026-02-13 16:00:00.038000+00:00,1.25e-05
2026-02-13 17:00:00.023000+00:00,1.25e-05
2026-02-13 18:00:00.120000+00:00,1.25e-05
2026-02-13 19:00:00.063000+00:00,1.25e-05
2026-02-13 20:00:00.048000+00:00,1.25e-05
2026-02-13 21:00:00.056000+00:00,1.25e-05
2026-02-13 22:00:00.018000+00:00,1.25e-05
2026-02-13 23:00:00.072000+00:00,1.25e-05
2026-02-14 00:00:00.041000+00:00,1.25e-05
2026-02-14 01:00:00.085000+00:00,1.25e-05
2026-02-14 02:00:00.103000+00:00,1.25e-05
2026-02-14 03:00:00.007000+00:00,1.25e-05
2026-02-14 04:00:00.098000+00:00,1.25e-05
2026-02-14 05:00:00.016000+00:00,1.25e-05
2026-02-14 06:00:00.103000+00:00,1.25e-05
2026-02-14 07:00:00.037000+00:00,1.25e-05
2026-02-14 08:00:00.001000+00:00,1.25e-05
2026-02-14 09:00:00.050000+00:00,1.25e-05
2026-02-14 10:00:00.086000+00:00,1.25e-05
2026-02-14 11:00:00.026000+00:00,1.25e-05
2026-02-14 12:00:00.125000+00:00,1.25e-05
2026-02-14 13:00:00.083000+00:00,-2.1629e-06
2026-02-14 14:00:00.055000+00:00,7.3454e-06
2026-02-14 15:00:00.081000+00:00,1.25e-05
2026-02-14 16:00:00.035000+00:00,1.25e-05
2026-02-14 17:00:00.075000+00:00,5.2581e-06
2026-02-14 18:00:00.102000+00:00,1.25e-05
2026-02-14 19:00:00.005000+00:00,1.9435e-06
2026-02-14 20:00:00.071000+00:00,1.25e-05
2026-02-14 21:00:00.056000+00:00,1.25e-05
2026-02-14 22:00:00.045000+00:00,1.25e-05
2026-02-14 23:00:00.022000+00:00,1.25e-05
2026-02-15 00:00:00.102000+00:00,1.25e-05
2026-02-15 01:00:00.052000+00:00,1.25e-05
2026-02-15 02:00:00.088000+00:00,1.25e-05
2026-02-15 03:00:00.093000+00:00,1.25e-05
2026-02-15 04:00:00.058000+00:00,1.25e-05
2026-02-15 05:00:00.004000+00:00,1.25e-05
2026-02-15 06:00:00.027000+00:00,1.25e-05
2026-02-15 07:00:00.020000+00:00,1.25e-05
2026-02-15 08:00:00.027000+00:00,1.25e-05
2026-02-15 09:00:00.043000+00:00,1.25e-05
2026-02-15 10:00:00.001000+00:00,1.25e-05
2026-02-15 11:00:00.015000+00:00,1.25e-05
2026-02-15 12:00:00.014000+00:00,1.25e-05
2026-02-15 13:00:00.012000+00:00,1.25e-05
2026-02-15 14:00:00.023000+00:00,1.25e-05
2026-02-15 15:00:00.014000+00:00,1.25e-05
2026-02-15 16:00:00.083000+00:00,1.25e-05
2026-02-15 17:00:00.027000+00:00,5.4551e-06
2026-02-15 18:00:00.006000+00:00,1.00344e-05
2026-02-15 19:00:00.023000+00:00,1.25e-05
2026-02-15 20:00:00.060000+00:00,9.8826e-06
2026-02-15 21:00:00.008000+00:00,1.25e-05
2026-02-15 22:00:00.058000+00:00,-8.77e-07
2026-02-15 23:00:00.053000+00:00,1.25e-05
2026-02-16 00:00:00.071000+00:00,-6.926e-07
2026-02-16 01:00:00.023000+00:00,2.0633e-06
2026-02-16 02:00:00.070000+00:00,-1.48817e-05
2026-02-16 03:00:00.088000+00:00,1.25e-05
2026-02-16 04:00:00.033000+00:00,1.20947e-05
2026-02-16 05:00:00.025000+00:00,1.25e-05
2026-02-16 06:00:00.006000+00:00,-7.4978e-06
2026-02-16 07:00:00.043000+00:00,1.25e-05
2026-02-16 08:00:00.025000+00:00,7.4679e-06
2026-02-16 09:00:00.002000+00:00,1.4309e-06
2026-02-16 10:00:00.026000+00:00,1.05405e-05
2026-02-16 11:00:00+00:00,-1.50243e-05
2026-02-16 12:00:00.075000+00:00,-1.81477e-05
2026-02-16 13:00:00.013000+00:00,-4.6487e-06
2026-02-16 14:00:00.083000+00:00,-2.63047e-05
2026-02-16 15:00:00.037000+00:00,-2.31744e-05
2026-02-16 16:00:00.099000+00:00,-2.06449e-05
2026-02-16 17:00:00.019000+00:00,1.25e-05
2026-02-16 18:00:00.138000+00:00,9.8467e-06
2026-02-16 19:00:00.072000+00:00,1.25e-05
2026-02-16 20:00:00.001000+00:00,1.25e-05
2026-02-16 21:00:00.070000+00:00,1.25e-05
2026-02-16 22:00:00.043000+00:00,1.25e-05
2026-02-16 23:00:00.088000+00:00,1.25e-05
2026-02-17 00:00:00.063000+00:00,1.25e-05
2026-02-17 01:00:00.070000+00:00,1.25e-05
2026-02-17 02:00:00.032000+00:00,1.25e-05
2026-02-17 03:00:00.021000+00:00,1.25e-05
2026-02-17 04:00:00.061000+00:00,1.25e-05
2026-02-17 05:00:00.038000+00:00,1.25e-05
2026-02-17 06:00:00.104000+00:00,1.25e-05
2026-02-17 07:00:00.044000+00:00,1.25e-05
2026-02-17 08:00:00.015000+00:00,1.25e-05
2026-02-17 09:00:00.082000+00:00,1.25e-05
2026-02-17 10:00:00.097000+00:00,1.25e-05
2026-02-17 11:00:00.042000+00:00,1.25e-05
2026-02-17 12:00:00.044000+00:00,1.25e-05
2026-02-17 13:00:00.044000+00:00,1.25e-05
2026-02-17 14:00:00.063000+00:00,1.25e-05
2026-02-17 15:00:00.062000+00:00,1.25e-05
2026-02-17 16:00:00.071000+00:00,1.25e-05
2026-02-17 17:00:00.038000+00:00,1.25e-05
2026-02-17 18:00:00.030000+00:00,1.25e-05
2026-02-17 19:00:00.003000+00:00,1.25e-05
2026-02-17 20:00:00.062000+00:00,1.25e-05
2026-02-17 21:00:00.058000+00:00,1.25e-05
2026-02-17 22:00:00.051000+00:00,1.25e-05
2026-02-17 23:00:00.070000+00:00,1.25e-05
2026-02-18 00:00:00.021000+00:00,1.25e-05
2026-02-18 01:00:00.085000+00:00,1.25e-05
2026-02-18 02:00:00.067000+00:00,1.25e-05
2026-02-18 03:00:00.005000+00:00,1.25e-05
2026-02-18 04:00:00.016000+00:00,1.25e-05
2026-02-18 05:00:00.053000+00:00,1.25e-05
2026-02-18 06:00:00.013000+00:00,1.25e-05
2026-02-18 07:00:00.044000+00:00,1.25e-05
2026-02-18 08:00:00.085000+00:00,1.25e-05
2026-02-18 09:00:00.065000+00:00,1.25e-05
2026-02-18 10:00:00.081000+00:00,1.25e-05
2026-02-18 11:00:00.026000+00:00,1.25e-05
2026-02-18 12:00:00.017000+00:00,1.25e-05
2026-02-18 13:00:00.034000+00:00,1.25e-05
2026-02-18 14:00:00.046000+00:00,1.25e-05
2026-02-18 15:00:00.043000+00:00,1.25e-05
2026-02-18 16:00:00.046000+00:00,7.2693e-06
2026-02-18 17:00:00.010000+00:00,-1.05356e-05
2026-02-18 18:00:00.003000+00:00,-5.763e-07
2026-02-18 19:00:00.072000+00:00,-2.2842e-06
2026-02-18 20:00:00.039000+00:00,-5.3596e-06
2026-02-18 21:00:00.040000+00:00,5.851e-07
2026-02-18 22:00:00.035000+00:00,1.09236e-05
2026-02-18 23:00:00.022000+00:00,-6.8404e-06
2026-02-19 00:00:00.054000+00:00,1.25e-05
2026-02-19 01:00:00.073000+00:00,1.25e-05
2026-02-19 02:00:00.079000+00:00,1.25e-05
2026-02-19 03:00:00.021000+00:00,1.25e-05
2026-02-19 04:00:00.122000+00:00,1.25e-05
2026-02-19 05:00:00.058000+00:00,1.25e-05
2026-02-19 06:00:00.072000+00:00,1.25e-05
2026-02-19 07:00:00.126000+00:00,1.25e-05
2026-02-19 08:00:00.040000+00:00,1.25e-05
2026-02-19 09:00:00.019000+00:00,1.25e-05
2026-02-19 10:00:00.033000+00:00,1.25e-05
2026-02-19 11:00:00.010000+00:00,1.25e-05
2026-02-19 12:00:00.062000+00:00,1.25e-05
2026-02-19 13:00:00.017000+00:00,1.25e-05
2026-02-19 14:00:00.019000+00:00,1.25e-05
2026-02-19 15:00:00.067000+00:00,-1.86033e-05
2026-02-19 16:00:00.026000+00:00,1.25e-05
2026-02-19 17:00:00.013000+00:00,1.25e-05
2026-02-19 18:00:00+00:00,1.25e-05
2026-02-19 19:00:00.043000+00:00,1.25e-05
2026-02-19 20:00:00.009000+00:00,1.17695e-05
2026-02-19 21:00:00.023000+00:00,1.25e-05
2026-02-19 22:00:00.022000+00:00,1.25e-05
2026-02-19 23:00:00.042000+00:00,1.25e-05
2026-02-20 00:00:00.035000+00:00,1.25e-05
2026-02-20 01:00:00.190000+00:00,1.25e-05
2026-02-20 02:00:00.054000+00:00,-3.219e-06
2026-02-20 03:00:00.118000+00:00,-2.21383e-05
2026-02-20 04:00:00.085000+00:00,-1.90364e-05
2026-02-20 05:00:00.048000+00:00,-1.03016e-05
2026-02-20 06:00:00.033000+00:00,-8.8333e-06
2026-02-20 07:00:00.077000+00:00,5.2708e-06
2026-02-20 08:00:00.069000+00:00,-7.707e-06
2026-02-20 09:00:00.018000+00:00,-1.55017e-05
2026-02-20 10:00:00.018000+00:00,1.25e-05
2026-02-20 11:00:00.029000+00:00,1.20264e-05
2026-02-20 12:00:00.020000+00:00,7.1243e-06
2026-02-20 13:00:00.001000+00:00,1.11339e-05
2026-02-20 14:00:00.062000+00:00,-2.3322e-06
2026-02-20 15:00:00.013000+00:00,-1.3532e-06
2026-02-20 16:00:00.044000+00:00,-1.06915e-05
2026-02-20 17:00:00.002000+00:00,1.25e-05
2026-02-20 18:00:00.056000+00:00,1.25e-05
2026-02-20 19:00:00.125000+00:00,1.25e-05
2026-02-20 20:00:00.028000+00:00,1.25e-05
2026-02-20 21:00:00.083000+00:00,1.25e-05
2026-02-20 22:00:00.095000+00:00,1.25e-05
2026-02-20 23:00:00.033000+00:00,1.25e-05
2026-02-21 00:00:00.011000+00:00,1.25e-05
2026-02-21 01:00:00.131000+00:00,1.25e-05
2026-02-21 02:00:00.011000+00:00,1.25e-05
2026-02-21 03:00:00.063000+00:00,1.25e-05
2026-02-21 04:00:00.080000+00:00,1.25e-05
2026-02-21 05:00:00.080000+00:00,1.25e-05
2026-02-21 06:00:00.034000+00:00,1.25e-05
2026-02-21 07:00:00.068000+00:00,1.25e-05
2026-02-21 08:00:00.035000+00:00,1.25e-05
2026-02-21 09:00:00.020000+00:00,1.25e-05
2026-02-21 10:00:00.068000+00:00,1.25e-05
2026-02-21 11:00:00.028000+00:00,1.25e-05
2026-02-21 12:00:00.071000+00:00,1.25e-05
2026-02-21 13:00:00.019000+00:00,1.25e-05
2026-02-21 14:00:00+00:00,1.25e-05
2026-02-21 15:00:00.011000+00:00,1.25e-05
2026-02-21 16:00:00.010000+00:00,1.25e-05
2026-02-21 17:00:00.060000+00:00,1.25e-05
2026-02-21 18:00:00.086000+00:00,1.25e-05
2026-02-21 19:00:00.111000+00:00,1.25e-05
2026-02-21 20:00:00.048000+00:00,1.25e-05
2026-02-21 21:00:00.024000+00:00,1.25e-05
2026-02-21 22:00:00.037000+00:00,1.25e-05
2026-02-21 23:00:00.054000+00:00,1.25e-05
2026-02-22 00:00:00.015000+00:00,1.25e-05
2026-02-22 01:00:00.084000+00:00,1.25e-05
2026-02-22 02:00:00.046000+00:00,1.25e-05
2026-02-22 03:00:00.056000+00:00,1.25e-05
2026-02-22 04:00:00.066000+00:00,1.25e-05
2026-02-22 05:00:00.123000+00:00,1.25e-05
2026-02-22 06:00:00.012000+00:00,1.25e-05
2026-02-22 07:00:00.039000+00:00,1.25e-05
2026-02-22 08:00:00.009000+00:00,1.25e-05
2026-02-22 09:00:00.017000+00:00,1.25e-05
2026-02-22 10:00:00.091000+00:00,1.25e-05
2026-02-22 11:00:00.056000+00:00,1.25e-05
2026-02-22 12:00:00.075000+00:00,1.25e-05
2026-02-22 13:00:00.038000+00:00,8.4074e-06
2026-02-22 14:00:00.048000+00:00,1.01808e-05
2026-02-22 15:00:00.114000+00:00,1.25e-05
2026-02-22 16:00:00.015000+00:00,1.25e-05
2026-02-22 17:00:00.036000+00:00,1.25e-05
2026-02-22 18:00:00.075000+00:00,1.25e-05
2026-02-22 19:00:00.006000+00:00,1.25e-05
2026-02-22 20:00:00.029000+00:00,1.25e-05
2026-02-22 21:00:00+00:00,1.25e-05
2026-02-22 22:00:00.023000+00:00,1.25e-05
2026-02-22 23:00:00.093000+00:00,1.25e-05
2026-02-23 00:00:00.016000+00:00,1.25e-05
2026-02-23 01:00:00.004000+00:00,1.25e-05
2026-02-23 02:00:00.025000+00:00,-1.63155e-05
2026-02-23 03:00:00.025000+00:00,-1.91848e-05
2026-02-23 04:00:00.028000+00:00,-5.87746e-05
2026-02-23 05:00:00.010000+00:00,-1.64544e-05
2026-02-23 06:00:00.078000+00:00,1.25e-05
2026-02-23 07:00:00.058000+00:00,1.25e-05
2026-02-23 08:00:00.004000+00:00,-7.8794e-06
2026-02-23 09:00:00.103000+00:00,1.25e-05
2026-02-23 10:00:00.012000+00:00,1.25e-05
2026-02-23 11:00:00.010000+00:00,1.25e-05
2026-02-23 12:00:00.004000+00:00,1.25e-05
2026-02-23 13:00:00.080000+00:00,1.25e-05
2026-02-23 14:00:00.028000+00:00,1.25e-05
2026-02-23 15:00:00.059000+00:00,1.25e-05
2026-02-23 16:00:00.045000+00:00,1.25e-05
2026-02-23 17:00:00.042000+00:00,1.25e-05
2026-02-23 18:00:00.076000+00:00,1.25e-05
2026-02-23 19:00:00.053000+00:00,1.144e-05
2026-02-23 20:00:00.017000+00:00,-1.10197e-05
2026-02-23 21:00:00.054000+00:00,-9.0104e-06
2026-02-23 22:00:00.029000+00:00,-1.3336e-05
2026-02-23 23:00:00.037000+00:00,-1.46955e-05
2026-02-24 00:00:00.048000+00:00,1.25e-05
2026-02-24 01:00:00.134000+00:00,-7.482e-06
2026-02-24 02:00:00.050000+00:00,7.6038e-06
2026-02-24 03:00:00.046000+00:00,1.25e-05
2026-02-24 04:00:00.015000+00:00,1.25e-05
2026-02-24 05:00:00.026000+00:00,1.25e-05
2026-02-24 06:00:00.085000+00:00,1.25e-05
2026-02-24 07:00:00.076000+00:00,1.25e-05
2026-02-24 08:00:00.022000+00:00,1.25e-05
2026-02-24 09:00:00.048000+00:00,1.25e-05
2026-02-24 10:00:00.044000+00:00,1.25e-05
2026-02-24 11:00:00.020000+00:00,1.25e-05
2026-02-24 12:00:00.025000+00:00,1.25e-05
2026-02-24 13:00:00.047000+00:00,1.25e-05
2026-02-24 14:00:00.060000+00:00,1.25e-05
2026-02-24 15:00:00.057000+00:00,1.25e-05
2026-02-24 16:00:00.005000+00:00,9.6086e-06
2026-02-24 17:00:00.049000+00:00,1.25e-05
2026-02-24 18:00:00.022000+00:00,-4.6314e-06
2026-02-24 19:00:00.066000+00:00,-4.80728e-05
2026-02-24 20:00:00.026000+00:00,-3.93733e-05
2026-02-24 21:00:00.002000+00:00,-4.39026e-05
2026-02-24 22:00:00.030000+00:00,-3.42639e-05
2026-02-24 23:00:00.078000+00:00,-1.29165e-05
2026-02-25 00:00:00.014000+00:00,-1.85788e-05
2026-02-25 01:00:00.032000+00:00,-2.09449e-05
2026-02-25 02:00:00.039000+00:00,-1.0475e-05
2026-02-25 03:00:00.030000+00:00,-3.07019e-05
2026-02-25 04:00:00.056000+00:00,5.7035e-06
2026-02-25 05:00:00.028000+00:00,1.25e-05
2026-02-25 06:00:00.061000+00:00,-3.31558e-05
2026-02-25 07:00:00+00:00,-3.41e-05
2026-02-25 08:00:00.037000+00:00,-2.70607e-05
2026-02-25 09:00:00.060000+00:00,-2.33607e-05
2026-02-25 10:00:00.029000+00:00,-2.21459e-05
2026-02-25 11:00:00.055000+00:00,-1.88105e-05
2026-02-25 12:00:00.008000+00:00,-2.98806e-05
2026-02-25 13:00:00.008000+00:00,-3.78631e-05
2026-02-25 14:00:00.023000+00:00,-2.55453e-05
2026-02-25 15:00:00.051000+00:00,-1.77577e-05
2026-02-25 16:00:00.012000+00:00,-1.5113e-05
2026-02-25 17:00:00.075000+00:00,-1.61116e-05
2026-02-25 18:00:00.088000+00:00,8.7681e-06
2026-02-25 19:00:00.128000+00:00,4.181e-06
2026-02-25 20:00:00.055000+00:00,-2.62185e-05
2026-02-25 21:00:00.015000+00:00,-5.21772e-05
2026-02-25 22:00:00+00:00,-5.96585e-05
2026-02-25 23:00:00.045000+00:00,-3.54719e-05
2026-02-26 00:00:00.036000+00:00,-3.8063e-05
2026-02-26 01:00:00.091000+00:00,-3.29834e-05
2026-02-26 02:00:00.018000+00:00,1.25e-05
2026-02-26 03:00:00.060000+00:00,1.25e-05
2026-02-26 04:00:00.013000+00:00,1.25e-05
2026-02-26 05:00:00.058000+00:00,1.25e-05
2026-02-26 06:00:00.099000+00:00,1.25e-05
2026-02-26 07:00:00.021000+00:00,1.01887e-05
2026-02-26 08:00:00.072000+00:00,-9.2793e-06
2026-02-26 09:00:00.076000+00:00,-9.449e-07
2026-02-26 10:00:00.108000+00:00,1.523e-06
2026-02-26 11:00:00.073000+00:00,-4.367e-06
2026-02-26 12:00:00.041000+00:00,7.7643e-06
2026-02-26 13:00:00.051000+00:00,1.2461e-06
2026-02-26 14:00:00.019000+00:00,-1.86301e-05
2026-02-26 15:00:00.033000+00:00,-1.72981e-05
2026-02-26 16:00:00.028000+00:00,-2.72171e-05
2026-02-26 17:00:00.027000+00:00,2.8433e-06
2026-02-26 18:00:00.023000+00:00,1.25e-05
2026-02-26 19:00:00.009000+00:00,1.25e-05
2026-02-26 20:00:00.035000+00:00,1.25e-05
2026-02-26 21:00:00.019000+00:00,1.25e-05
2026-02-26 22:00:00.019000+00:00,1.25e-05
2026-02-26 23:00:00.054000+00:00,1.25e-05
2026-02-27 00:00:00.001000+00:00,1.25e-05
2026-02-27 01:00:00.078000+00:00,1.15885e-05
2026-02-27 02:00:00.016000+00:00,-6.9934e-06
2026-02-27 03:00:00.116000+00:00,4.4911e-06
2026-02-27 04:00:00.057000+00:00,1.25e-05
2026-02-27 05:00:00.058000+00:00,1.18596e-05
2026-02-27 06:00:00.053000+00:00,1.25e-05
2026-02-27 07:00:00.067000+00:00,1.25e-05
2026-02-27 08:00:00.017000+00:00,5.5569e-06
2026-02-27 09:00:00.026000+00:00,1.2482e-06
2026-02-27 10:00:00.074000+00:00,1.25e-05
2026-02-27 11:00:00.078000+00:00,-6.7187e-06
2026-02-27 12:00:00.028000+00:00,-3.85627e-05
2026-02-27 13:00:00.020000+00:00,-4.34485e-05
2026-02-27 14:00:00.036000+00:00,2.7923e-06
2026-02-27 15:00:00.054000+00:00,1.25e-05
2026-02-27 16:00:00.132000+00:00,1.25e-05
2026-02-27 17:00:00.041000+00:00,1.0386e-06
2026-02-27 18:00:00.037000+00:00,-1.59428e-05
2026-02-27 19:00:00.012000+00:00,4.6049e-06
2026-02-27 20:00:00.028000+00:00,7.5491e-06
2026-02-27 21:00:00.037000+00:00,7.3346e-06
2026-02-27 22:00:00.023000+00:00,-1.36265e-05
2026-02-27 23:00:00.014000+00:00,-9.5733e-06
2026-02-28 00:00:00.086000+00:00,-1.827e-06
2026-02-28 01:00:00.090000+00:00,5.9452e-06
2026-02-28 02:00:00.058000+00:00,-1.8844e-06
2026-02-28 03:00:00.012000+00:00,-2.94115e-05
2026-02-28 04:00:00.088000+00:00,1.25e-05
2026-02-28 05:00:00.063000+00:00,1.25e-05
2026-02-28 06:00:00.065000+00:00,4.8326e-06
2026-02-28 07:00:00.026000+00:00,1.25e-05
2026-02-28 08:00:00.028000+00:00,1.25e-05
2026-02-28 09:00:00.012000+00:00,1.25e-05
2026-02-28 10:00:00.008000+00:00,1.25e-05
2026-02-28 11:00:00.008000+00:00,1.25e-05
2026-02-28 12:00:00.032000+00:00,6.7829e-06
2026-02-28 13:00:00.035000+00:00,1.25e-05
2026-02-28 14:00:00.033000+00:00,1.25e-05
2026-02-28 15:00:00.021000+00:00,1.25e-05
2026-02-28 16:00:00.041000+00:00,1.25e-05
2026-02-28 17:00:00.025000+00:00,1.25e-05
2026-02-28 18:00:00.015000+00:00,1.25e-05
2026-02-28 19:00:00.074000+00:00,1.25e-05
2026-02-28 20:00:00.039000+00:00,1.25e-05
2026-02-28 21:00:00.041000+00:00,1.25e-05
2026-02-28 22:00:00.035000+00:00,4.0184e-06
2026-02-28 23:00:00.066000+00:00,1.25e-05
2026-03-01 00:00:00.168000+00:00,1.25e-05
2026-03-01 01:00:00.024000+00:00,1.25e-05
2026-03-01 02:00:00.052000+00:00,8.0817e-06
2026-03-01 03:00:00.074000+00:00,-1.36817e-05
2026-03-01 04:00:00.034000+00:00,-1.70376e-05
2026-03-01 05:00:00.052000+00:00,-9.5658e-06
2026-03-01 06:00:00.071000+00:00,-1.18205e-05
2026-03-01 07:00:00.018000+00:00,-1.57574e-05
2026-03-01 08:00:00.093000+00:00,3.5976e-06
2026-03-01 09:00:00.017000+00:00,-1.09365e-05
2026-03-01 10:00:00.018000+00:00,-8.7462e-06
2026-03-01 11:00:00.017000+00:00,3.6421e-06
2026-03-01 12:00:00.039000+00:00,1.25e-05
2026-03-01 13:00:00.054000+00:00,-2.39051e-05
2026-03-01 14:00:00.029000+00:00,-1.50183e-05
2026-03-01 15:00:00.027000+00:00,1.25e-05
2026-03-01 16:00:00.018000+00:00,1.25e-05
2026-03-01 17:00:00.120000+00:00,1.25e-05
2026-03-01 18:00:00.070000+00:00,1.4481e-06
2026-03-01 19:00:00.062000+00:00,1.25e-05
2026-03-01 20:00:00.026000+00:00,-2.42706e-05
2026-03-01 21:00:00.065000+00:00,-3.4638e-06
2026-03-01 22:00:00.085000+00:00,-7.4987e-06
2026-03-01 23:00:00.005000+00:00,-1.09651e-05
2026-03-02 00:00:00.044000+00:00,-1.53907e-05
2026-03-02 01:00:00.048000+00:00,-9.0678e-06
2026-03-02 02:00:00.044000+00:00,-1.05207e-05
2026-03-02 03:00:00.063000+00:00,-2.82761e-05
2026-03-02 04:00:00.048000+00:00,3.7651e-06
2026-03-02 05:00:00.071000+00:00,1.25e-05
2026-03-02 06:00:00.062000+00:00,1.25e-05
2026-03-02 07:00:00.054000+00:00,1.25e-05
2026-03-02 08:00:00.003000+00:00,1.25e-05
2026-03-02 09:00:00.091000+00:00,1.25e-05
2026-03-02 10:00:00.007000+00:00,1.25e-05
2026-03-02 11:00:00.019000+00:00,1.25e-05
2026-03-02 12:00:00.016000+00:00,1.25e-05
2026-03-02 13:00:00.034000+00:00,1.05542e-05
2026-03-02 14:00:00.035000+00:00,1.25e-05
2026-03-02 15:00:00.070000+00:00,1.25e-05
2026-03-02 16:00:00.053000+00:00,1.25e-05
2026-03-02 17:00:00.086000+00:00,-1.24223e-05
2026-03-02 18:00:00.025000+00:00,-4.5098e-06
2026-03-02 19:00:00.044000+00:00,1.25e-05
2026-03-02 20:00:00.120000+00:00,-1.68156e-05
2026-03-02 21:00:00.038000+00:00,4.0362e-06
2026-03-02 22:00:00.033000+00:00,-7.9333e-06
2026-03-02 23:00:00.068000+00:00,-3.6222e-06
2026-03-03 00:00:00.062000+00:00,-6.1118e-06
2026-03-03 01:00:00.052000+00:00,-4.8227e-06
2026-03-03 02:00:00.011000+00:00,-2.0478e-06
2026-03-03 03:00:00.058000+00:00,-1.22196e-05
2026-03-03 04:00:00.010000+00:00,-1.3745e-06
2026-03-03 05:00:00.074000+00:00,-5.6094e-06
2026-03-03 06:00:00.050000+00:00,1.25e-05
2026-03-03 07:00:00.069000+00:00,9.7543e-06
2026-03-03 08:00:00.009000+00:00,1.25e-05
2026-03-03 09:00:00.114000+00:00,1.25e-05
2026-03-03 10:00:00.046000+00:00,1.25e-05
2026-03-03 11:00:00.006000+00:00,1.25e-05
2026-03-03 12:00:00.013000+00:00,1.25e-05
2026-03-03 13:00:00.012000+00:00,1.25e-05
2026-03-03 14:00:00.039000+00:00,1.25e-05
2026-03-03 15:00:00.007000+00:00,1.25e-05
2026-03-03 16:00:00.004000+00:00,1.25e-05
2026-03-03 17:00:00.041000+00:00,1.25e-05
2026-03-03 18:00:00.015000+00:00,1.25e-05
2026-03-03 19:00:00.049000+00:00,1.25e-05
2026-03-03 20:00:00.007000+00:00,1.25e-05
2026-03-03 21:00:00.014000+00:00,7.9637e-06
2026-03-03 22:00:00.070000+00:00,1.16786e-05
2026-03-03 23:00:00.016000+00:00,4.4179e-06
2026-03-04 00:00:00.034000+00:00,1.25e-05
2026-03-04 01:00:00.049000+00:00,1.25e-05
2026-03-04 02:00:00.060000+00:00,1.25e-05
2026-03-04 03:00:00.052000+00:00,1.25e-05
2026-03-04 04:00:00.001000+00:00,9.0917e-06
2026-03-04 05:00:00.064000+00:00,1.25e-05
2026-03-04 06:00:00.079000+00:00,1.25e-05
2026-03-04 07:00:00.095000+00:00,1.25e-05
2026-03-04 08:00:00.047000+00:00,1.25e-05
2026-03-04 09:00:00.010000+00:00,1.25e-05
2026-03-04 10:00:00.069000+00:00,1.25e-05
2026-03-04 11:00:00.024000+00:00,1.25e-05
2026-03-04 12:00:00.133000+00:00,-0.0001008023
2026-03-04 13:00:00.019000+00:00,-2.75397e-05
2026-03-04 14:00:00.036000+00:00,-2.7657e-06
2026-03-04 15:00:00.023000+00:00,-1.02301e-05
2026-03-04 16:00:00.011000+00:00,-1.97674e-05
2026-03-04 17:00:00.095000+00:00,-2.07529e-05
2026-03-04 18:00:00.092000+00:00,-1.66406e-05
2026-03-04 19:00:00.093000+00:00,-4.11586e-05
2026-03-04 20:00:00.047000+00:00,-1.21681e-05
2026-03-04 21:00:00.048000+00:00,-3.43304e-05
2026-03-04 22:00:00.024000+00:00,-1.94209e-05
2026-03-04 23:00:00.045000+00:00,1.25e-05
2026-03-05 00:00:00.022000+00:00,1.25e-05
2026-03-05 01:00:00.018000+00:00,1.25e-05
2026-03-05 02:00:00.139000+00:00,1.25e-05
2026-03-05 03:00:00.019000+00:00,1.25e-05
2026-03-05 04:00:00.027000+00:00,1.25e-05
2026-03-05 05:00:00.001000+00:00,1.25e-05
2026-03-05 06:00:00.037000+00:00,1.25e-05
2026-03-05 07:00:00.091000+00:00,1.25e-05
2026-03-05 08:00:00.033000+00:00,1.25e-05
2026-03-05 09:00:00.063000+00:00,1.25e-05
2026-03-05 10:00:00.091000+00:00,1.25e-05
2026-03-05 11:00:00.017000+00:00,1.25e-05
2026-03-05 12:00:00.003000+00:00,1.25e-05
2026-03-05 13:00:00.009000+00:00,1.25e-05
2026-03-05 14:00:00.024000+00:00,1.25e-05
2026-03-05 15:00:00.039000+00:00,1.25e-05
2026-03-05 16:00:00.034000+00:00,1.25e-05
2026-03-05 17:00:00.083000+00:00,1.25e-05
2026-03-05 18:00:00.048000+00:00,1.25e-05
2026-03-05 19:00:00.052000+00:00,1.25e-05
2026-03-05 20:00:00.073000+00:00,1.25e-05
2026-03-05 21:00:00.042000+00:00,1.25e-05
2026-03-05 22:00:00.028000+00:00,1.25e-05
2026-03-05 23:00:00.029000+00:00,1.25e-05
2026-03-06 00:00:00.030000+00:00,1.25e-05
2026-03-06 01:00:00.082000+00:00,1.25e-05
2026-03-06 02:00:00.006000+00:00,1.25e-05
2026-03-06 03:00:00.079000+00:00,1.25e-05
2026-03-06 04:00:00.026000+00:00,1.25e-05
2026-03-06 05:00:00.112000+00:00,1.25e-05
2026-03-06 06:00:00.019000+00:00,1.25e-05
2026-03-06 07:00:00.028000+00:00,1.25e-05
2026-03-06 08:00:00.021000+00:00,1.25e-05
2026-03-06 09:00:00.022000+00:00,1.25e-05
2026-03-06 10:00:00.031000+00:00,1.25e-05
2026-03-06 11:00:00.036000+00:00,1.25e-05
2026-03-06 12:00:00.052000+00:00,1.25e-05
2026-03-06 13:00:00.052000+00:00,1.25e-05
2026-03-06 14:00:00.033000+00:00,1.25e-05
2026-03-06 15:00:00.037000+00:00,1.25e-05
2026-03-06 16:00:00.062000+00:00,1.25e-05
2026-03-06 17:00:00.089000+00:00,1.25e-05
2026-03-06 18:00:00.056000+00:00,1.25e-05
2026-03-06 19:00:00.066000+00:00,1.25e-05
2026-03-06 20:00:00.046000+00:00,1.25e-05
2026-03-06 21:00:00.021000+00:00,1.25e-05
2026-03-06 22:00:00.046000+00:00,1.25e-05
2026-03-06 23:00:00.092000+00:00,1.25e-05
2026-03-07 00:00:00.061000+00:00,1.25e-05
2026-03-07 01:00:00.027000+00:00,1.25e-05
2026-03-07 02:00:00.050000+00:00,1.25e-05
2026-03-07 03:00:00.045000+00:00,1.25e-05
2026-03-07 04:00:00.014000+00:00,1.25e-05
2026-03-07 05:00:00.052000+00:00,1.25e-05
2026-03-07 06:00:00.070000+00:00,1.25e-05
2026-03-07 07:00:00.068000+00:00,1.25e-05
2026-03-07 08:00:00.015000+00:00,1.25e-05
2026-03-07 09:00:00.005000+00:00,1.25e-05
2026-03-07 10:00:00.014000+00:00,1.25e-05
2026-03-07 11:00:00.002000+00:00,1.25e-05
2026-03-07 12:00:00.031000+00:00,1.25e-05
2026-03-07 13:00:00.033000+00:00,1.25e-05
2026-03-07 14:00:00.084000+00:00,1.25e-05
2026-03-07 15:00:00.012000+00:00,1.25e-05
2026-03-07 16:00:00.014000+00:00,1.25e-05
2026-03-07 17:00:00.077000+00:00,1.25e-05
2026-03-07 18:00:00.110000+00:00,1.25e-05
2026-03-07 19:00:00.003000+00:00,1.25e-05
2026-03-07 20:00:00.010000+00:00,1.25e-05
2026-03-07 21:00:00.135000+00:00,1.25e-05
2026-03-07 22:00:00.082000+00:00,1.25e-05
2026-03-07 23:00:00.068000+00:00,1.25e-05
2026-03-08 00:00:00.002000+00:00,1.25e-05
2026-03-08 01:00:00.030000+00:00,1.25e-05
2026-03-08 02:00:00.003000+00:00,1.25e-05
2026-03-08 03:00:00.042000+00:00,1.25e-05
2026-03-08 04:00:00.001000+00:00,1.25e-05
2026-03-08 05:00:00.024000+00:00,1.25e-05
2026-03-08 06:00:00.045000+00:00,1.25e-05
2026-03-08 07:00:00.036000+00:00,1.25e-05
2026-03-08 08:00:00.041000+00:00,1.25e-05
2026-03-08 09:00:00.029000+00:00,1.25e-05
2026-03-08 10:00:00.035000+00:00,1.25e-05
2026-03-08 11:00:00.036000+00:00,1.25e-05
2026-03-08 12:00:00.021000+00:00,1.25e-05
2026-03-08 13:00:00.049000+00:00,1.25e-05
2026-03-08 14:00:00.061000+00:00,1.25e-05
2026-03-08 15:00:00.088000+00:00,1.25e-05
2026-03-08 16:00:00.024000+00:00,1.25e-05
2026-03-08 17:00:00.018000+00:00,1.25e-05
2026-03-08 18:00:00.004000+00:00,1.25e-05
2026-03-08 19:00:00+00:00,1.25e-05
2026-03-08 20:00:00.074000+00:00,1.25e-05
2026-03-08 21:00:00.003000+00:00,1.25e-05
2026-03-08 22:00:00.038000+00:00,1.25e-05
2026-03-08 23:00:00.057000+00:00,1.25e-05
2026-03-09 00:00:00.091000+00:00,1.25e-05
2026-03-09 01:00:00.052000+00:00,1.25e-05
2026-03-09 02:00:00.016000+00:00,1.25e-05
2026-03-09 03:00:00.012000+00:00,1.25e-05
2026-03-09 04:00:00.030000+00:00,1.25e-05
2026-03-09 05:00:00.088000+00:00,1.25e-05
2026-03-09 06:00:00.070000+00:00,1.25e-05
2026-03-09 07:00:00.026000+00:00,1.25e-05
2026-03-09 08:00:00.094000+00:00,1.25e-05
2026-03-09 09:00:00.114000+00:00,1.25e-05
2026-03-09 10:00:00.108000+00:00,1.25e-05
2026-03-09 11:00:00.050000+00:00,1.25e-05
2026-03-09 12:00:00.051000+00:00,1.25e-05
2026-03-09 13:00:00.073000+00:00,1.25e-05
2026-03-09 14:00:00.061000+00:00,8.697e-07
2026-03-09 15:00:00.084000+00:00,-5.85446e-05
2026-03-09 16:00:00.075000+00:00,-3.29955e-05
2026-03-09 17:00:00.049000+00:00,1.25e-05
2026-03-09 18:00:00.036000+00:00,1.25e-05
2026-03-09 19:00:00.053000+00:00,1.25e-05
2026-03-09 20:00:00.002000+00:00,1.25e-05
2026-03-09 21:00:00.074000+00:00,4.9463e-06
2026-03-09 22:00:00.010000+00:00,1.25e-05
2026-03-09 23:00:00.038000+00:00,-2.3822e-06
2026-03-10 00:00:00.042000+00:00,-2.819e-06
2026-03-10 01:00:00.084000+00:00,-1.83371e-05
2026-03-10 02:00:00.013000+00:00,-1.30771e-05
2026-03-10 03:00:00.052000+00:00,-2.03514e-05
2026-03-10 04:00:00.041000+00:00,1.05274e-05
2026-03-10 05:00:00.054000+00:00,-8.183e-06
2026-03-10 06:00:00.137000+00:00,-9.6386e-06
2026-03-10 07:00:00.065000+00:00,-5.66e-06
2026-03-10 08:00:00.052000+00:00,-2.7967e-06
2026-03-10 09:00:00.017000+00:00,1.25e-05
2026-03-10 10:00:00.060000+00:00,-1.22126e-05
2026-03-10 11:00:00.011000+00:00,6.3486e-06
2026-03-10 12:00:00.038000+00:00,1.25e-05
2026-03-10 13:00:00.061000+00:00,1.25e-05
2026-03-10 14:00:00.027000+00:00,-3.65351e-05
2026-03-10 15:00:00.083000+00:00,-1.95918e-05
2026-03-10 16:00:00.045000+00:00,2.3408e-06
2026-03-10 17:00:00.004000+00:00,1.25e-05
2026-03-10 18:00:00.018000+00:00,1.25e-05
2026-03-10 19:00:00.049000+00:00,1.25e-05
2026-03-10 20:00:00.050000+00:00,1.25e-05
2026-03-10 21:00:00.058000+00:00,1.25e-05
2026-03-10 22:00:00.068000+00:00,-1.147e-07
2026-03-10 23:00:00.061000+00:00,1.25e-05
2026-03-11 00:00:00.088000+00:00,1.25e-05
2026-03-11 01:00:00.002000+00:00,1.25e-05
2026-03-11 02:00:00.098000+00:00,1.25e-05
2026-03-11 03:00:00.016000+00:00,1.25e-05
2026-03-11 04:00:00.038000+00:00,1.01651e-05
2026-03-11 05:00:00.075000+00:00,1.03527e-05
2026-03-11 06:00:00.135000+00:00,3.1211e-06
2026-03-11 07:00:00.014000+00:00,-2.81e-08
2026-03-11 08:00:00.056000+00:00,2.892e-07
2026-03-11 09:00:00.082000+00:00,4.139e-07
2026-03-11 10:00:00.084000+00:00,1.05161e-05
2026-03-11 11:00:00.001000+00:00,3.2261e-06
2026-03-11 12:00:00.013000+00:00,1.0696e-06
2026-03-11 13:00:00.063000+00:00,1.25e-05
2026-03-11 14:00:00.004000+00:00,-7.4666e-06
2026-03-11 15:00:00.051000+00:00,-3.894e-05
2026-03-11 16:00:00.065000+00:00,-4.96436e-05
2026-03-11 17:00:00.068000+00:00,-5.26969e-05
2026-03-11 18:00:00.102000+00:00,-3.98214e-05
2026-03-11 19:00:00.082000+00:00,-7.64978e-05
2026-03-11 20:00:00.026000+00:00,-5.48651e-05
2026-03-11 21:00:00.008000+00:00,-2.08813e-05
2026-03-11 22:00:00.035000+00:00,-1.50976e-05
2026-03-11 23:00:00.069000+00:00,-3.18196e-05
2026-03-12 00:00:00.084000+00:00,-4.09416e-05
2026-03-12 01:00:00.006000+00:00,-3.1511e-05
2026-03-12 02:00:00.080000+00:00,-9.808e-07
2026-03-12 03:00:00.036000+00:00,-1.2999e-06
2026-03-12 04:00:00.065000+00:00,-7.906e-07
2026-03-12 05:00:00.094000+00:00,4.8603e-06
2026-03-12 06:00:00.108000+00:00,4.7194e-06
2026-03-12 07:00:00.046000+00:00,-2.8286e-06
2026-03-12 08:00:00.068000+00:00,-2.29161e-05
2026-03-12 09:00:00.063000+00:00,-2.8348e-05
2026-03-12 10:00:00.013000+00:00,-2.10167e-05
2026-03-12 11:00:00.017000+00:00,9.0506e-06
2026-03-12 12:00:00.106000+00:00,-1.53049e-05
2026-03-12 13:00:00.062000+00:00,8.4118e-06
2026-03-12 14:00:00.110000+00:00,4.5477e-06
2026-03-12 15:00:00.024000+00:00,8.0211e-06
2026-03-12 16:00:00.064000+00:00,8.1969e-06
2026-03-12 17:00:00.004000+00:00,-5.863e-06
2026-03-12 18:00:00.004000+00:00,-1.57748e-05
2026-03-12 19:00:00.025000+00:00,-3.1083e-05
2026-03-12 20:00:00.165000+00:00,-1.7056e-05
2026-03-12 21:00:00.073000+00:00,-2.49812e-05
2026-03-12 22:00:00.071000+00:00,5.0704e-06
2026-03-12 23:00:00.070000+00:00,-1.1217e-05
2026-03-13 00:00:00.061000+00:00,-1.17186e-05
2026-03-13 01:00:00.032000+00:00,-1.31183e-05
2026-03-13 02:00:00.025000+00:00,-6.09317e-05
2026-03-13 03:00:00.021000+00:00,-4.04617e-05
2026-03-13 04:00:00.099000+00:00,-1.74347e-05
2026-03-13 05:00:00.089000+00:00,-2.2576e-06
2026-03-13 06:00:00.064000+00:00,4.9188e-06
2026-03-13 07:00:00.082000+00:00,2.2671e-06
2026-03-13 08:00:00.016000+00:00,1.25e-05
2026-03-13 09:00:00.045000+00:00,1.25e-05
2026-03-13 10:00:00.034000+00:00,1.25e-05
2026-03-13 11:00:00.010000+00:00,1.25e-05
2026-03-13 12:00:00.009000+00:00,1.25e-05
2026-03-13 13:00:00.059000+00:00,1.25e-05
2026-03-13 14:00:00.032000+00:00,1.25e-05
2026-03-13 15:00:00.021000+00:00,1.25e-05
2026-03-13 16:00:00.051000+00:00,1.25e-05
2026-03-13 17:00:00.044000+00:00,1.25e-05
2026-03-13 18:00:00.052000+00:00,1.25e-05
2026-03-13 19:00:00.006000+00:00,4.3778e-06
2026-03-13 20:00:00.021000+00:00,9.0931e-06
2026-03-13 21:00:00.092000+00:00,3.5374e-06
2026-03-13 22:00:00.005000+00:00,-1.84825e-05
2026-03-13 23:00:00.109000+00:00,-6.801e-06
2026-03-14 00:00:00.044000+00:00,-8.7522e-06
2026-03-14 01:00:00.094000+00:00,-1.14072e-05
2026-03-14 02:00:00.100000+00:00,-1.83229e-05
2026-03-14 03:00:00.013000+00:00,-1.87472e-05
2026-03-14 04:00:00.019000+00:00,-6.3169e-06
2026-03-14 05:00:00.095000+00:00,-5.5312e-06
2026-03-14 06:00:00.072000+00:00,-1.42631e-05
2026-03-14 07:00:00.036000+00:00,-1.10444e-05
2026-03-14 08:00:00.041000+00:00,9.6156e-06
2026-03-14 09:00:00.025000+00:00,-2.1852e-06
2026-03-14 10:00:00.098000+00:00,9.297e-07
2026-03-14 11:00:00.047000+00:00,-2.21086e-05
2026-03-14 12:00:00.020000+00:00,-8.3132e-06
2026-03-14 13:00:00.042000+00:00,1.25e-05
2026-03-14 14:00:00.076000+00:00,6.7138e-06
2026-03-14 15:00:00.009000+00:00,3.6165e-06
2026-03-14 16:00:00.100000+00:00,2.5451e-06
2026-03-14 17:00:00.061000+00:00,1.19132e-05
2026-03-14 18:00:00.018000+00:00,1.25e-05
2026-03-14 19:00:00.048000+00:00,1.25e-05
2026-03-14 20:00:00.035000+00:00,1.07163e-05
2026-03-14 21:00:00.015000+00:00,1.25e-05
2026-03-14 22:00:00.041000+00:00,1.25e-05
2026-03-14 23:00:00.044000+00:00,1.25e-05
2026-03-15 00:00:00.099000+00:00,1.25e-05
2026-03-15 01:00:00.102000+00:00,1.25e-05
2026-03-15 02:00:00.005000+00:00,1.25e-05
2026-03-15 03:00:00.130000+00:00,1.25e-05
2026-03-15 04:00:00.040000+00:00,1.25e-05
2026-03-15 05:00:00.066000+00:00,1.25e-05
2026-03-15 06:00:00.010000+00:00,3.0921e-06
2026-03-15 07:00:00.046000+00:00,1.25e-05
2026-03-15 08:00:00.003000+00:00,3.0529e-06
2026-03-15 09:00:00.067000+00:00,1.616e-06
2026-03-15 10:00:00.003000+00:00,1.25e-05
2026-03-15 11:00:00.039000+00:00,1.25e-05
2026-03-15 12:00:00.060000+00:00,1.25e-05
2026-03-15 13:00:00.023000+00:00,1.25e-05
2026-03-15 14:00:00.023000+00:00,1.25e-05
2026-03-15 15:00:00.084000+00:00,1.25e-05
2026-03-15 16:00:00.034000+00:00,1.25e-05
2026-03-15 17:00:00.036000+00:00,1.25e-05
2026-03-15 18:00:00.003000+00:00,1.25e-05
2026-03-15 19:00:00.127000+00:00,1.25e-05
2026-03-15 20:00:00.024000+00:00,1.25e-05
2026-03-15 21:00:00.083000+00:00,1.25e-05
2026-03-15 22:00:00.019000+00:00,1.25e-05
2026-03-15 23:00:00.037000+00:00,1.25e-05
2026-03-16 00:00:00.090000+00:00,1.25e-05
2026-03-16 01:00:00.002000+00:00,-6.9062e-06
2026-03-16 02:00:00.078000+00:00,7.2972e-06
2026-03-16 03:00:00.040000+00:00,5.09e-07
2026-03-16 04:00:00.012000+00:00,1.25e-05
2026-03-16 05:00:00.021000+00:00,1.25e-05
2026-03-16 06:00:00.092000+00:00,1.25e-05
2026-03-16 07:00:00.033000+00:00,1.25e-05
2026-03-16 08:00:00.062000+00:00,1.25e-05
2026-03-16 09:00:00.035000+00:00,1.25e-05
2026-03-16 10:00:00.042000+00:00,1.25e-05
2026-03-16 11:00:00.013000+00:00,1.25e-05
2026-03-16 12:00:00.013000+00:00,1.25e-05
2026-03-16 13:00:00+00:00,1.25e-05
2026-03-16 14:00:00.099000+00:00,1.25e-05
2026-03-16 15:00:00.013000+00:00,1.25e-05
2026-03-16 16:00:00.033000+00:00,1.24279e-05
2026-03-16 17:00:00.023000+00:00,8.8263e-06
2026-03-16 18:00:00.045000+00:00,1.25e-05
2026-03-16 19:00:00.080000+00:00,1.25e-05
2026-03-16 20:00:00.001000+00:00,1.25e-05
2026-03-16 21:00:00.032000+00:00,1.25e-05
2026-03-16 22:00:00+00:00,1.25e-05
2026-03-16 23:00:00.003000+00:00,1.92598e-05
2026-03-17 00:00:00.034000+00:00,1.25e-05
2026-03-17 01:00:00.045000+00:00,1.25e-05
2026-03-17 02:00:00.050000+00:00,1.25e-05
2026-03-17 03:00:00.010000+00:00,1.25e-05
2026-03-17 04:00:00.073000+00:00,1.25e-05
2026-03-17 05:00:00.048000+00:00,1.25e-05
2026-03-17 06:00:00.113000+00:00,1.25e-05
2026-03-17 07:00:00.039000+00:00,1.25e-05
2026-03-17 08:00:00+00:00,1.25e-05
2026-03-17 09:00:00.002000+00:00,1.25e-05
2026-03-17 10:00:00.075000+00:00,1.25e-05
2026-03-17 11:00:00.115000+00:00,1.25e-05
2026-03-17 12:00:00.006000+00:00,1.25e-05
2026-03-17 13:00:00.013000+00:00,1.25e-05
2026-03-17 14:00:00.047000+00:00,1.25e-05
2026-03-17 15:00:00.074000+00:00,1.25e-05
2026-03-17 16:00:00.038000+00:00,1.25e-05
2026-03-17 17:00:00.054000+00:00,1.25e-05
2026-03-17 18:00:00.071000+00:00,1.25e-05
2026-03-17 19:00:00.018000+00:00,1.25e-05
2026-03-17 20:00:00.034000+00:00,1.25e-05
2026-03-17 21:00:00.072000+00:00,1.25e-05
2026-03-17 22:00:00.003000+00:00,1.25e-05
2026-03-17 23:00:00.011000+00:00,1.25e-05
2026-03-18 00:00:00.028000+00:00,1.25e-05
2026-03-18 01:00:00.016000+00:00,1.25e-05
2026-03-18 02:00:00.026000+00:00,1.25e-05
2026-03-18 03:00:00.060000+00:00,1.25e-05
2026-03-18 04:00:00.054000+00:00,2.34898e-05
2026-03-18 05:00:00.001000+00:00,1.25e-05
2026-03-18 06:00:00.067000+00:00,1.25e-05
2026-03-18 07:00:00.033000+00:00,1.25e-05
2026-03-18 08:00:00.005000+00:00,2.57023e-05
2026-03-18 09:00:00.052000+00:00,1.25e-05
2026-03-18 10:00:00.037000+00:00,1.25e-05
2026-03-18 11:00:00.025000+00:00,1.25e-05
2026-03-18 12:00:00.062000+00:00,1.25e-05
2026-03-18 13:00:00.007000+00:00,1.25e-05
2026-03-18 14:00:00.026000+00:00,1.25e-05
2026-03-18 15:00:00.035000+00:00,1.25e-05
2026-03-18 16:00:00.009000+00:00,1.25e-05
2026-03-18 17:00:00.066000+00:00,1.25e-05
2026-03-18 18:00:00.052000+00:00,1.25e-05
2026-03-18 19:00:00.045000+00:00,1.25e-05
2026-03-18 20:00:00.055000+00:00,1.25e-05
2026-03-18 21:00:00.050000+00:00,1.25e-05
2026-03-18 22:00:00.035000+00:00,1.25e-05
2026-03-18 23:00:00.040000+00:00,1.25e-05
2026-03-19 00:00:00.090000+00:00,1.25e-05
2026-03-19 01:00:00.009000+00:00,1.25e-05
2026-03-19 02:00:00.012000+00:00,1.25e-05
2026-03-19 03:00:00.041000+00:00,1.25e-05
2026-03-19 04:00:00.010000+00:00,1.25e-05
2026-03-19 05:00:00.090000+00:00,1.25e-05
2026-03-19 06:00:00.052000+00:00,2.44568e-05
2026-03-19 07:00:00.107000+00:00,1.25e-05
2026-03-19 08:00:00.064000+00:00,1.25e-05
2026-03-19 09:00:00.026000+00:00,1.25e-05
2026-03-19 10:00:00.123000+00:00,1.25e-05
2026-03-19 11:00:00.052000+00:00,1.25e-05
2026-03-19 12:00:00.006000+00:00,1.25e-05
2026-03-19 13:00:00.045000+00:00,1.25e-05
2026-03-19 14:00:00.059000+00:00,1.25e-05
2026-03-19 15:00:00.002000+00:00,1.25e-05
2026-03-19 16:00:00.031000+00:00,1.25e-05
2026-03-19 17:00:00.011000+00:00,1.25e-05
2026-03-19 18:00:00.049000+00:00,1.25e-05
2026-03-19 19:00:00.024000+00:00,1.70409e-05
2026-03-19 20:00:00.037000+00:00,1.25e-05
2026-03-19 21:00:00.022000+00:00,1.25e-05
2026-03-19 22:00:00.001000+00:00,1.25e-05
2026-03-19 23:00:00.001000+00:00,1.25e-05
2026-03-20 00:00:00.103000+00:00,1.25e-05
2026-03-20 01:00:00.073000+00:00,1.25e-05
2026-03-20 02:00:00.053000+00:00,1.25e-05
2026-03-20 03:00:00.072000+00:00,1.25e-05
2026-03-20 04:00:00.004000+00:00,1.25e-05
2026-03-20 05:00:00.107000+00:00,1.25e-05
2026-03-20 06:00:00.096000+00:00,1.25e-05
2026-03-20 07:00:00.012000+00:00,1.25e-05
2026-03-20 08:00:00.003000+00:00,1.25e-05
2026-03-20 09:00:00.021000+00:00,2.06014e-05
2026-03-20 10:00:00.063000+00:00,1.25e-05
2026-03-20 11:00:00.048000+00:00,1.25e-05
2026-03-20 12:00:00.087000+00:00,1.25e-05
2026-03-20 13:00:00.148000+00:00,1.25e-05
2026-03-20 14:00:00.115000+00:00,1.25e-05
2026-03-20 15:00:00.034000+00:00,1.25e-05
2026-03-20 16:00:00.074000+00:00,1.25e-05
2026-03-20 17:00:00.075000+00:00,1.25e-05
2026-03-20 18:00:00.035000+00:00,1.25e-05
2026-03-20 19:00:00.044000+00:00,1.25e-05
2026-03-20 20:00:00.034000+00:00,1.25e-05
2026-03-20 21:00:00.007000+00:00,1.25e-05
2026-03-20 22:00:00+00:00,1.25e-05
2026-03-20 23:00:00.047000+00:00,1.25e-05
2026-03-21 00:00:00.093000+00:00,1.25e-05
2026-03-21 01:00:00.011000+00:00,1.25e-05
2026-03-21 02:00:00.032000+00:00,1.25e-05
2026-03-21 03:00:00.013000+00:00,1.25e-05
2026-03-21 04:00:00.040000+00:00,1.25e-05
2026-03-21 05:00:00.041000+00:00,1.25e-05
2026-03-21 06:00:00.066000+00:00,1.25e-05
2026-03-21 07:00:00.010000+00:00,1.25e-05
2026-03-21 08:00:00.075000+00:00,1.25e-05
2026-03-21 09:00:00.064000+00:00,1.25e-05
2026-03-21 10:00:00+00:00,1.25e-05
2026-03-21 11:00:00.008000+00:00,1.25e-05
2026-03-21 12:00:00.094000+00:00,1.25e-05
2026-03-21 13:00:00.015000+00:00,1.25e-05
2026-03-21 14:00:00.045000+00:00,1.25e-05
2026-03-21 15:00:00.051000+00:00,1.25e-05
2026-03-21 16:00:00.039000+00:00,1.25e-05
2026-03-21 17:00:00.032000+00:00,1.25e-05
2026-03-21 18:00:00.020000+00:00,1.25e-05
2026-03-21 19:00:00.057000+00:00,1.25e-05
2026-03-21 20:00:00.073000+00:00,1.25e-05
2026-03-21 21:00:00.086000+00:00,1.25e-05
2026-03-21 22:00:00.004000+00:00,1.25e-05
2026-03-21 23:00:00.026000+00:00,1.25e-05
2026-03-22 00:00:00.042000+00:00,1.25e-05
2026-03-22 01:00:00.020000+00:00,1.25e-05
2026-03-22 02:00:00.085000+00:00,1.25e-05
2026-03-22 03:00:00.085000+00:00,1.25e-05
2026-03-22 04:00:00.007000+00:00,1.25e-05
2026-03-22 05:00:00.062000+00:00,1.25e-05
2026-03-22 06:00:00.062000+00:00,1.25e-05
2026-03-22 07:00:00.088000+00:00,1.25e-05
2026-03-22 08:00:00.050000+00:00,1.25e-05
2026-03-22 09:00:00.062000+00:00,1.25e-05
2026-03-22 10:00:00.003000+00:00,1.25e-05
2026-03-22 11:00:00.044000+00:00,1.25e-05
2026-03-22 12:00:00.049000+00:00,1.25e-05
2026-03-22 13:00:00.046000+00:00,1.25e-05
2026-03-22 14:00:00.011000+00:00,1.25e-05
2026-03-22 15:00:00.042000+00:00,1.25e-05
2026-03-22 16:00:00.021000+00:00,1.25e-05
2026-03-22 17:00:00.006000+00:00,1.25e-05
2026-03-22 18:00:00.081000+00:00,1.25e-05
2026-03-22 19:00:00.039000+00:00,1.25e-05
2026-03-22 20:00:00.048000+00:00,1.25e-05
2026-03-22 21:00:00.082000+00:00,1.25e-05
2026-03-22 22:00:00.090000+00:00,1.25e-05
2026-03-22 23:00:00.049000+00:00,1.25e-05
2026-03-23 00:00:00.261000+00:00,1.25e-05
2026-03-23 01:00:00.069000+00:00,1.25e-05
2026-03-23 02:00:00.040000+00:00,1.25e-05
2026-03-23 03:00:00.111000+00:00,1.25e-05
2026-03-23 04:00:00.086000+00:00,1.25e-05
2026-03-23 05:00:00.014000+00:00,1.25e-05
2026-03-23 06:00:00.068000+00:00,1.25e-05
2026-03-23 07:00:00.043000+00:00,1.25e-05
2026-03-23 08:00:00.066000+00:00,1.25e-05
2026-03-23 09:00:00.071000+00:00,1.25e-05
2026-03-23 10:00:00.081000+00:00,1.25e-05
2026-03-23 11:00:00.004000+00:00,1.25e-05
2026-03-23 12:00:00.045000+00:00,1.25e-05
2026-03-23 13:00:00.056000+00:00,1.25e-05
2026-03-23 14:00:00.053000+00:00,1.25e-05
2026-03-23 15:00:00.071000+00:00,1.25e-05
2026-03-23 16:00:00.048000+00:00,1.25e-05
2026-03-23 17:00:00.080000+00:00,1.25e-05
2026-03-23 18:00:00.041000+00:00,1.25e-05
2026-03-23 19:00:00.054000+00:00,1.25e-05
2026-03-23 20:00:00.019000+00:00,1.25e-05
2026-03-23 21:00:00.090000+00:00,1.25e-05
2026-03-23 22:00:00.162000+00:00,1.25e-05
2026-03-23 23:00:00.056000+00:00,1.25e-05
2026-03-24 00:00:00.027000+00:00,1.25e-05
2026-03-24 01:00:00.082000+00:00,1.25e-05
2026-03-24 02:00:00.034000+00:00,1.25e-05
2026-03-24 03:00:00+00:00,1.25e-05
2026-03-24 04:00:00.016000+00:00,1.25e-05
2026-03-24 05:00:00.079000+00:00,1.25e-05
2026-03-24 06:00:00.003000+00:00,1.25e-05
2026-03-24 07:00:00.088000+00:00,1.25e-05
2026-03-24 08:00:00.033000+00:00,1.25e-05
2026-03-24 09:00:00.051000+00:00,1.25e-05
2026-03-24 10:00:00.105000+00:00,1.25e-05
2026-03-24 11:00:00.045000+00:00,1.25e-05
2026-03-24 12:00:00.096000+00:00,1.25e-05
2026-03-24 13:00:00.028000+00:00,1.25e-05
2026-03-24 14:00:00.089000+00:00,8.5612e-06
2026-03-24 15:00:00.033000+00:00,1.25e-05
2026-03-24 16:00:00.039000+00:00,1.25e-05
2026-03-24 17:00:00.061000+00:00,1.25e-05
2026-03-24 18:00:00.062000+00:00,1.25e-05
2026-03-24 19:00:00.040000+00:00,1.25e-05
2026-03-24 20:00:00.058000+00:00,1.25e-05
2026-03-24 21:00:00.159000+00:00,1.25e-05
2026-03-24 22:00:00.052000+00:00,1.22561e-05
2026-03-24 23:00:00.069000+00:00,1.02871e-05
2026-03-25 00:00:00.048000+00:00,1.25e-05
2026-03-25 01:00:00.110000+00:00,1.25e-05
2026-03-25 02:00:00.086000+00:00,1.25e-05
2026-03-25 03:00:00.069000+00:00,1.25e-05
2026-03-25 04:00:00.059000+00:00,1.25e-05
2026-03-25 05:00:00.076000+00:00,1.25e-05
2026-03-25 06:00:00.043000+00:00,1.25e-05
2026-03-25 07:00:00.053000+00:00,1.25e-05
2026-03-25 08:00:00.007000+00:00,1.25e-05
2026-03-25 09:00:00.057000+00:00,1.25e-05
2026-03-25 10:00:00.090000+00:00,1.25e-05
2026-03-25 11:00:00.018000+00:00,1.25e-05
2026-03-25 12:00:00.038000+00:00,1.25e-05
2026-03-25 13:00:00.032000+00:00,1.25e-05
2026-03-25 14:00:00.041000+00:00,1.25e-05
2026-03-25 15:00:00.062000+00:00,1.25e-05
2026-03-25 16:00:00.052000+00:00,1.25e-05
2026-03-25 17:00:00.022000+00:00,1.25e-05
2026-03-25 18:00:00.075000+00:00,1.25e-05
2026-03-25 19:00:00.037000+00:00,1.25e-05
2026-03-25 20:00:00.025000+00:00,1.25e-05
2026-03-25 21:00:00.066000+00:00,1.25e-05
2026-03-25 22:00:00.023000+00:00,1.25e-05
2026-03-25 23:00:00.072000+00:00,1.25e-05
2026-03-26 00:00:00.035000+00:00,1.25e-05
2026-03-26 01:00:00.006000+00:00,1.25e-05
2026-03-26 02:00:00.139000+00:00,1.25e-05
2026-03-26 03:00:00.114000+00:00,1.25e-05
2026-03-26 04:00:00.110000+00:00,1.25e-05
2026-03-26 05:00:00.097000+00:00,1.25e-05
2026-03-26 06:00:00.014000+00:00,1.25e-05
2026-03-26 07:00:00.009000+00:00,1.25e-05
2026-03-26 08:00:00.094000+00:00,1.25e-05
2026-03-26 09:00:00.075000+00:00,1.25e-05
2026-03-26 10:00:00.001000+00:00,1.25e-05
2026-03-26 11:00:00.072000+00:00,1.25e-05
2026-03-26 12:00:00.020000+00:00,1.25e-05
2026-03-26 13:00:00.078000+00:00,1.25e-05
2026-03-26 14:00:00.066000+00:00,1.07315e-05
2026-03-26 15:00:00.018000+00:00,1.25e-05
2026-03-26 16:00:00.055000+00:00,1.25e-05
2026-03-26 17:00:00.026000+00:00,1.25e-05
2026-03-26 18:00:00.030000+00:00,1.25e-05
2026-03-26 19:00:00.003000+00:00,1.25e-05
2026-03-26 20:00:00.077000+00:00,1.25e-05
2026-03-26 21:00:00.031000+00:00,1.25e-05
2026-03-26 22:00:00.068000+00:00,1.25e-05
2026-03-26 23:00:00.071000+00:00,1.25e-05
2026-03-27 00:00:00.013000+00:00,1.25e-05
2026-03-27 01:00:00.004000+00:00,1.25e-05
2026-03-27 02:00:00.007000+00:00,1.25e-05
2026-03-27 03:00:00.045000+00:00,1.25e-05
2026-03-27 04:00:00.027000+00:00,1.25e-05
2026-03-27 05:00:00.055000+00:00,1.25e-05
2026-03-27 06:00:00.021000+00:00,1.25e-05
2026-03-27 07:00:00.047000+00:00,1.25e-05
2026-03-27 08:00:00.042000+00:00,1.25e-05
2026-03-27 09:00:00.078000+00:00,1.25e-05
2026-03-27 10:00:00.011000+00:00,1.25e-05
2026-03-27 11:00:00.056000+00:00,1.25e-05
2026-03-27 12:00:00.073000+00:00,1.25e-05
2026-03-27 13:00:00.020000+00:00,1.25e-05
2026-03-27 14:00:00.027000+00:00,1.25e-05
2026-03-27 15:00:00.082000+00:00,1.25e-05
2026-03-27 16:00:00.069000+00:00,1.25e-05
2026-03-27 17:00:00.063000+00:00,1.25e-05
2026-03-27 18:00:00.018000+00:00,1.25e-05
2026-03-27 19:00:00.017000+00:00,1.25e-05
2026-03-27 20:00:00.043000+00:00,1.25e-05
2026-03-27 21:00:00.064000+00:00,1.25e-05
2026-03-27 22:00:00.044000+00:00,1.25e-05
2026-03-27 23:00:00.008000+00:00,1.25e-05
2026-03-28 00:00:00.062000+00:00,1.25e-05
2026-03-28 01:00:00.004000+00:00,1.25e-05
2026-03-28 02:00:00.051000+00:00,1.25e-05
2026-03-28 03:00:00.023000+00:00,1.25e-05
2026-03-28 04:00:00.106000+00:00,1.25e-05
2026-03-28 05:00:00.055000+00:00,1.25e-05
2026-03-28 06:00:00.067000+00:00,1.25e-05
2026-03-28 07:00:00.039000+00:00,1.25e-05
2026-03-28 08:00:00.007000+00:00,1.25e-05
2026-03-28 09:00:00.008000+00:00,1.25e-05
2026-03-28 10:00:00.014000+00:00,1.25e-05
2026-03-28 11:00:00.095000+00:00,1.25e-05
2026-03-28 12:00:00.014000+00:00,1.25e-05
2026-03-28 13:00:00.013000+00:00,1.25e-05
2026-03-28 14:00:00.047000+00:00,1.25e-05
2026-03-28 15:00:00.042000+00:00,1.25e-05
2026-03-28 16:00:00.047000+00:00,1.25e-05
2026-03-28 17:00:00.074000+00:00,1.25e-05
2026-03-28 18:00:00.070000+00:00,1.25e-05
2026-03-28 19:00:00.007000+00:00,1.25e-05
2026-03-28 20:00:00.075000+00:00,1.25e-05
2026-03-28 21:00:00.036000+00:00,1.25e-05
2026-03-28 22:00:00.009000+00:00,1.25e-05
2026-03-28 23:00:00.040000+00:00,1.25e-05
2026-03-29 00:00:00.085000+00:00,1.25e-05
2026-03-29 01:00:00.068000+00:00,1.25e-05
2026-03-29 02:00:00.040000+00:00,1.25e-05
2026-03-29 03:00:00.050000+00:00,1.25e-05
2026-03-29 04:00:00.034000+00:00,1.25e-05
2026-03-29 05:00:00.054000+00:00,1.25e-05
2026-03-29 06:00:00.017000+00:00,1.25e-05
2026-03-29 07:00:00.047000+00:00,1.25e-05
2026-03-29 08:00:00.033000+00:00,1.25e-05
2026-03-29 09:00:00.036000+00:00,1.25e-05
2026-03-29 10:00:00.121000+00:00,1.25e-05
2026-03-29 11:00:00.002000+00:00,1.25e-05
2026-03-29 12:00:00.067000+00:00,1.25e-05
2026-03-29 13:00:00.056000+00:00,1.25e-05
2026-03-29 14:00:00.026000+00:00,1.25e-05
2026-03-29 15:00:00.057000+00:00,-3.5665e-06
2026-03-29 16:00:00.029000+00:00,1.22654e-05
2026-03-29 17:00:00.011000+00:00,1.25e-05
2026-03-29 18:00:00.092000+00:00,1.25e-05
2026-03-29 19:00:00.066000+00:00,8.9756e-06
2026-03-29 20:00:00.062000+00:00,2.4646e-06
2026-03-29 21:00:00.026000+00:00,-1.5095e-06
2026-03-29 22:00:00.013000+00:00,9.301e-06
2026-03-29 23:00:00.096000+00:00,1.11735e-05
2026-03-30 00:00:00.038000+00:00,6.7959e-06
2026-03-30 01:00:00.030000+00:00,1.25e-05
2026-03-30 02:00:00.054000+00:00,1.25e-05
2026-03-30 03:00:00.013000+00:00,1.25e-05
2026-03-30 04:00:00.074000+00:00,1.25e-05
2026-03-30 05:00:00.056000+00:00,1.11018e-05
2026-03-30 06:00:00.089000+00:00,3.2541e-06
2026-03-30 07:00:00.043000+00:00,1.25e-05
2026-03-30 08:00:00.192000+00:00,1.25e-05
2026-03-30 09:00:00.039000+00:00,1.25e-05
2026-03-30 10:00:00.052000+00:00,1.25e-05
2026-03-30 11:00:00.059000+00:00,1.25e-05
2026-03-30 12:00:00.038000+00:00,7.8096e-06
2026-03-30 13:00:00.031000+00:00,1.25e-05
2026-03-30 14:00:00.046000+00:00,9.8685e-06
2026-03-30 15:00:00.019000+00:00,6.4317e-06
2026-03-30 16:00:00.071000+00:00,1.25e-05
2026-03-30 17:00:00.108000+00:00,1.25e-05
2026-03-30 18:00:00.051000+00:00,1.25e-05
2026-03-30 19:00:00.085000+00:00,1.25e-05
2026-03-30 20:00:00.055000+00:00,1.25e-05
2026-03-30 21:00:00.095000+00:00,1.25e-05
2026-03-30 22:00:00.021000+00:00,1.25e-05
2026-03-30 23:00:00.066000+00:00,1.25e-05
2026-03-31 00:00:00.016000+00:00,1.25e-05
2026-03-31 01:00:00.038000+00:00,1.25e-05
2026-03-31 02:00:00.066000+00:00,1.25e-05
2026-03-31 03:00:00.092000+00:00,1.25e-05
2026-03-31 04:00:00.073000+00:00,1.25e-05
2026-03-31 05:00:00.062000+00:00,1.25e-05
2026-03-31 06:00:00.022000+00:00,1.25e-05
2026-03-31 07:00:00.045000+00:00,1.25e-05
2026-03-31 08:00:00+00:00,1.25e-05
2026-03-31 09:00:00.056000+00:00,1.25e-05
2026-03-31 10:00:00.021000+00:00,1.25e-05
2026-03-31 11:00:00.032000+00:00,1.25e-05
2026-03-31 12:00:00.073000+00:00,1.25e-05
2026-03-31 13:00:00.030000+00:00,1.25e-05
2026-03-31 14:00:00.038000+00:00,1.25e-05
2026-03-31 15:00:00.043000+00:00,1.25e-05
2026-03-31 16:00:00.025000+00:00,1.25e-05
2026-03-31 17:00:00.030000+00:00,1.25e-05
2026-03-31 18:00:00.007000+00:00,1.25e-05
2026-03-31 19:00:00.051000+00:00,1.25e-05
2026-03-31 20:00:00.039000+00:00,1.25e-05
2026-03-31 21:00:00.026000+00:00,1.25e-05
2026-03-31 22:00:00.046000+00:00,1.25e-05
2026-03-31 23:00:00.029000+00:00,1.25e-05
2026-04-01 00:00:00.068000+00:00,1.25e-05
2026-04-01 01:00:00.022000+00:00,1.25e-05
2026-04-01 02:00:00.050000+00:00,1.25e-05
2026-04-01 03:00:00.044000+00:00,1.25e-05
2026-04-01 04:00:00.042000+00:00,1.25e-05
2026-04-01 05:00:00.057000+00:00,1.25e-05
2026-04-01 06:00:00.051000+00:00,1.25e-05
2026-04-01 07:00:00.039000+00:00,1.25e-05
2026-04-01 08:00:00.062000+00:00,1.25e-05
2026-04-01 09:00:00.046000+00:00,1.25e-05
2026-04-01 10:00:00.050000+00:00,1.25e-05
2026-04-01 11:00:00.068000+00:00,1.25e-05
2026-04-01 12:00:00.081000+00:00,1.25e-05
2026-04-01 13:00:00.011000+00:00,1.25e-05
2026-04-01 14:00:00.131000+00:00,1.25e-05
2026-04-01 15:00:00.029000+00:00,1.25e-05
2026-04-01 16:00:00.078000+00:00,1.25e-05
2026-04-01 17:00:00.076000+00:00,6.9585e-06
2026-04-01 18:00:00.071000+00:00,-3.7666e-06
2026-04-01 19:00:00.017000+00:00,1.25e-05
2026-04-01 20:00:00.045000+00:00,1.25e-05
2026-04-01 21:00:00.041000+00:00,1.25e-05
2026-04-01 22:00:00.030000+00:00,1.25e-05
2026-04-01 23:00:00.042000+00:00,1.25e-05
2026-04-02 00:00:00.177000+00:00,1.25e-05
2026-04-02 01:00:00.004000+00:00,1.25e-05
2026-04-02 02:00:00.060000+00:00,1.25e-05
2026-04-02 03:00:00.041000+00:00,1.25e-05
2026-04-02 04:00:00.059000+00:00,1.25e-05
2026-04-02 05:00:00.030000+00:00,1.25e-05
2026-04-02 06:00:00.039000+00:00,1.25e-05
2026-04-02 07:00:00.070000+00:00,1.25e-05
2026-04-02 08:00:00.129000+00:00,1.25e-05
2026-04-02 09:00:00.026000+00:00,1.25e-05
2026-04-02 10:00:00.051000+00:00,1.25e-05
2026-04-02 11:00:00.014000+00:00,-6.2609e-06
2026-04-02 12:00:00.021000+00:00,1.07087e-05
2026-04-02 13:00:00.075000+00:00,1.25e-05
2026-04-02 14:00:00.049000+00:00,1.25e-05
2026-04-02 15:00:00.065000+00:00,1.25e-05
2026-04-02 16:00:00.040000+00:00,1.25e-05
2026-04-02 17:00:00.022000+00:00,1.25e-05
2026-04-02 18:00:00.037000+00:00,1.25e-05
2026-04-02 19:00:00.006000+00:00,1.25e-05
2026-04-02 20:00:00.023000+00:00,1.25e-05
2026-04-02 21:00:00.131000+00:00,1.25e-05
2026-04-02 22:00:00.013000+00:00,1.05838e-05
2026-04-02 23:00:00.004000+00:00,1.25e-05
2026-04-03 00:00:00.021000+00:00,1.25e-05
2026-04-03 01:00:00.043000+00:00,6.2764e-06
2026-04-03 02:00:00.023000+00:00,1.25e-05
2026-04-03 03:00:00.048000+00:00,1.25e-05
2026-04-03 04:00:00.039000+00:00,2.9441e-06
2026-04-03 05:00:00.086000+00:00,4.8746e-06
2026-04-03 06:00:00.049000+00:00,1.25e-05
2026-04-03 07:00:00.028000+00:00,1.25e-05
2026-04-03 08:00:00.069000+00:00,5.9449e-06
2026-04-03 09:00:00.054000+00:00,9.1027e-06
2026-04-03 10:00:00.043000+00:00,1.25e-05
2026-04-03 11:00:00.041000+00:00,1.25e-05
2026-04-03 12:00:00.031000+00:00,-2.5557e-06
2026-04-03 13:00:00.058000+00:00,-2.03667e-05
2026-04-03 14:00:00.001000+00:00,-3.17447e-05
2026-04-03 15:00:00.044000+00:00,1.25e-05
2026-04-03 16:00:00.033000+00:00,1.25e-05
2026-04-03 17:00:00.040000+00:00,3.2031e-06
2026-04-03 18:00:00.069000+00:00,6.2e-07
2026-04-03 19:00:00.026000+00:00,-3.5939e-06
2026-04-03 20:00:00.036000+00:00,5.8641e-06
2026-04-03 21:00:00.048000+00:00,1.19305e-05
2026-04-03 22:00:00.031000+00:00,1.05336e-05
2026-04-03 23:00:00.039000+00:00,3.4097e-06
2026-04-04 00:00:00.063000+00:00,1.05039e-05
2026-04-04 01:00:00.014000+00:00,1.21001e-05
2026-04-04 02:00:00.021000+00:00,3.307e-06
2026-04-04 03:00:00.064000+00:00,7.3365e-06
2026-04-04 04:00:00.011000+00:00,8.4925e-06
2026-04-04 05:00:00.063000+00:00,6.4102e-06
2026-04-04 06:00:00.057000+00:00,3.3706e-06
2026-04-04 07:00:00.051000+00:00,-2.0034e-06
2026-04-04 08:00:00.033000+00:00,1.25e-05
2026-04-04 09:00:00.008000+00:00,4.7722e-06
2026-04-04 10:00:00.029000+00:00,8.4152e-06
2026-04-04 11:00:00.050000+00:00,4.4451e-06
2026-04-04 12:00:00.009000+00:00,6.8341e-06
2026-04-04 13:00:00.107000+00:00,3.5361e-06
2026-04-04 14:00:00.065000+00:00,8.9416e-06
2026-04-04 15:00:00.008000+00:00,3.1979e-06
2026-04-04 16:00:00.038000+00:00,1.25e-05
2026-04-04 17:00:00.041000+00:00,5.7112e-06
2026-04-04 18:00:00.064000+00:00,1.25e-05
2026-04-04 19:00:00.012000+00:00,1.25e-05
2026-04-04 20:00:00.063000+00:00,1.25e-05
2026-04-04 21:00:00.037000+00:00,1.25e-05
2026-04-04 22:00:00.032000+00:00,1.25e-05
2026-04-04 23:00:00.014000+00:00,1.25e-05
2026-04-05 00:00:00.047000+00:00,1.25e-05
2026-04-05 01:00:00.058000+00:00,1.25e-05
2026-04-05 02:00:00.058000+00:00,1.25e-05
2026-04-05 03:00:00.014000+00:00,1.25e-05
2026-04-05 04:00:00.022000+00:00,1.25e-05
2026-04-05 05:00:00.024000+00:00,1.25e-05
2026-04-05 06:00:00.051000+00:00,1.25e-05
2026-04-05 07:00:00.048000+00:00,1.19177e-05
2026-04-05 08:00:00.066000+00:00,8.6448e-06
2026-04-05 09:00:00.017000+00:00,1.25e-05
2026-04-05 10:00:00.017000+00:00,1.25e-05
2026-04-05 11:00:00.024000+00:00,1.25e-05
2026-04-05 12:00:00.017000+00:00,6.9493e-06
2026-04-05 13:00:00.047000+00:00,-4.604e-07
2026-04-05 14:00:00.057000+00:00,7.2867e-06
2026-04-05 15:00:00.081000+00:00,1.25e-05
2026-04-05 16:00:00.031000+00:00,1.25e-05
2026-04-05 17:00:00.049000+00:00,1.25e-05
2026-04-05 18:00:00.042000+00:00,1.25e-05
2026-04-05 19:00:00.041000+00:00,1.25e-05
2026-04-05 20:00:00.030000+00:00,1.25e-05
2026-04-05 21:00:00.003000+00:00,1.25e-05
2026-04-05 22:00:00.060000+00:00,1.25e-05
2026-04-05 23:00:00.020000+00:00,1.25e-05
2026-04-06 00:00:00.029000+00:00,1.25e-05
2026-04-06 01:00:00.040000+00:00,1.25e-05
2026-04-06 02:00:00+00:00,1.25e-05
2026-04-06 03:00:00.049000+00:00,1.25e-05
2026-04-06 04:00:00.002000+00:00,1.25e-05
2026-04-06 05:00:00.047000+00:00,1.25e-05
2026-04-06 06:00:00.025000+00:00,1.01939e-05
2026-04-06 07:00:00.064000+00:00,5.1572e-06
2026-04-06 08:00:00.053000+00:00,2.089e-07
2026-04-06 09:00:00.012000+00:00,-1.32943e-05
2026-04-06 10:00:00.006000+00:00,-2.2632e-05
2026-04-06 11:00:00.016000+00:00,-1.30148e-05
2026-04-06 12:00:00.072000+00:00,-1.37551e-05
2026-04-06 13:00:00.031000+00:00,1.1624e-05
2026-04-06 14:00:00.066000+00:00,1.25e-05
2026-04-06 15:00:00.048000+00:00,1.25e-05
2026-04-06 16:00:00.056000+00:00,1.25e-05
2026-04-06 17:00:00.002000+00:00,-7.0876e-06
2026-04-06 18:00:00.039000+00:00,3.1693e-06
2026-04-06 19:00:00+00:00,-9.5595e-06
2026-04-06 20:00:00.078000+00:00,-1.76637e-05
2026-04-06 21:00:00.054000+00:00,-2.03905e-05
2026-04-06 22:00:00.043000+00:00,-1.89691e-05
2026-04-06 23:00:00.021000+00:00,-6.4638e-06
2026-04-07 00:00:00.046000+00:00,9.6508e-06
2026-04-07 01:00:00.015000+00:00,1.14162e-05
2026-04-07 02:00:00.012000+00:00,-8.639e-07
2026-04-07 03:00:00.093000+00:00,5.0622e-06
2026-04-07 04:00:00.017000+00:00,1.25e-05
2026-04-07 05:00:00.006000+00:00,1.25e-05
2026-04-07 06:00:00.030000+00:00,1.03458e-05
2026-04-07 07:00:00.064000+00:00,1.25e-05
2026-04-07 08:00:00.020000+00:00,1.25e-05
2026-04-07 09:00:00.031000+00:00,1.25e-05
2026-04-07 10:00:00.005000+00:00,9.6452e-06
2026-04-07 11:00:00.030000+00:00,1.25e-05
2026-04-07 12:00:00.037000+00:00,1.25e-05
2026-04-07 13:00:00.060000+00:00,4.9202e-06
2026-04-07 14:00:00.027000+00:00,1.06677e-05
2026-04-07 15:00:00.041000+00:00,5.4683e-06
2026-04-07 16:00:00.036000+00:00,1.25e-05
2026-04-07 17:00:00.024000+00:00,1.25e-05
2026-04-07 18:00:00.013000+00:00,1.25e-05
2026-04-07 19:00:00.017000+00:00,9.6861e-06
2026-04-07 20:00:00.041000+00:00,-1.63847e-05
2026-04-07 21:00:00.062000+00:00,-2.67062e-05
2026-04-07 22:00:00.029000+00:00,1.25e-05
2026-04-07 23:00:00.038000+00:00,1.25e-05
2026-04-08 00:00:00.094000+00:00,1.25e-05
2026-04-08 01:00:00.057000+00:00,1.16461e-05
2026-04-08 02:00:00.043000+00:00,1.25e-05
2026-04-08 03:00:00.059000+00:00,1.25e-05
2026-04-08 04:00:00.012000+00:00,1.25e-05
2026-04-08 05:00:00.056000+00:00,1.25e-05
2026-04-08 06:00:00.065000+00:00,1.25e-05
2026-04-08 07:00:00.039000+00:00,1.25e-05
2026-04-08 08:00:00.005000+00:00,1.25e-05
2026-04-08 09:00:00.047000+00:00,5.6757e-06
2026-04-08 10:00:00.004000+00:00,5.0356e-06
2026-04-08 11:00:00.027000+00:00,1.25e-05
2026-04-08 12:00:00+00:00,1.25e-05
2026-04-08 13:00:00.019000+00:00,5.0874e-06
2026-04-08 14:00:00.064000+00:00,-1.64225e-05
2026-04-08 15:00:00.025000+00:00,-2.89185e-05
2026-04-08 16:00:00.054000+00:00,1.25e-05
2026-04-08 17:00:00.009000+00:00,1.25e-05
2026-04-08 18:00:00.046000+00:00,1.25e-05
2026-04-08 19:00:00.026000+00:00,-1.57537e-05
2026-04-08 20:00:00.068000+00:00,-4.50769e-05
2026-04-08 21:00:00.031000+00:00,-3.3503e-05
2026-04-08 22:00:00.010000+00:00,1.25e-05
2026-04-08 23:00:00.039000+00:00,-2.34028e-05
2026-04-09 00:00:00.070000+00:00,-2.23948e-05
2026-04-09 01:00:00.023000+00:00,-3.14173e-05
2026-04-09 02:00:00.010000+00:00,-1.46381e-05
2026-04-09 03:00:00.053000+00:00,2.6832e-06
2026-04-09 04:00:00.015000+00:00,1.25e-05
2026-04-09 05:00:00.007000+00:00,1.8781e-06
2026-04-09 06:00:00.021000+00:00,-6.82e-07
2026-04-09 07:00:00.001000+00:00,-4.3462e-06
2026-04-09 08:00:00.056000+00:00,-2.3317e-06
2026-04-09 09:00:00.008000+00:00,1.25e-05
2026-04-09 10:00:00.006000+00:00,1.25e-05
2026-04-09 11:00:00.010000+00:00,1.25e-05
2026-04-09 12:00:00.054000+00:00,1.25e-05
2026-04-09 13:00:00.004000+00:00,6.0276e-06
2026-04-09 14:00:00.056000+00:00,-1.38812e-05
2026-04-09 15:00:00.041000+00:00,-8.4867e-06
2026-04-09 16:00:00.011000+00:00,1.10192e-05
2026-04-09 17:00:00.012000+00:00,1.25e-05
2026-04-09 18:00:00.001000+00:00,1.25e-05
2026-04-09 19:00:00.031000+00:00,1.25e-05
2026-04-09 20:00:00.004000+00:00,1.25e-05
2026-04-09 21:00:00.018000+00:00,7.0767e-06
2026-04-09 22:00:00+00:00,1.25e-05
2026-04-09 23:00:00.071000+00:00,1.25e-05
2026-04-10 00:00:00.062000+00:00,1.25e-05
2026-04-10 01:00:00.013000+00:00,3.6961e-06
2026-04-10 02:00:00.002000+00:00,-6.1883e-06
2026-04-10 03:00:00.040000+00:00,-6.635e-07
2026-04-10 04:00:00.047000+00:00,-3.11519e-05
2026-04-10 05:00:00.031000+00:00,1.683e-06
2026-04-10 06:00:00.026000+00:00,1.25e-05
2026-04-10 07:00:00.016000+00:00,1.25e-05
2026-04-10 08:00:00+00:00,1.25e-05
2026-04-10 09:00:00.015000+00:00,1.25e-05
2026-04-10 10:00:00.028000+00:00,1.25e-05
2026-04-10 11:00:00.010000+00:00,-9.5412e-06
2026-04-10 12:00:00.057000+00:00,-8.7869e-06
2026-04-10 13:00:00.032000+00:00,-9.417e-06
2026-04-10 14:00:00.008000+00:00,-7.143e-06
2026-04-10 15:00:00.005000+00:00,1.8649e-06
2026-04-10 16:00:00.053000+00:00,9.564e-07
2026-04-10 17:00:00.022000+00:00,1.25e-05
2026-04-10 18:00:00.021000+00:00,-2.53627e-05
2026-04-10 19:00:00.046000+00:00,-1.35508e-05
2026-04-10 20:00:00.009000+00:00,-4.74e-06
2026-04-10 21:00:00.010000+00:00,5.4095e-06
2026-04-10 22:00:00.079000+00:00,1.25e-05
2026-04-10 23:00:00.055000+00:00,1.25e-05
2026-04-11 00:00:00.015000+00:00,1.25e-05
2026-04-11 01:00:00.006000+00:00,1.25e-05
2026-04-11 02:00:00.020000+00:00,1.25e-05
2026-04-11 03:00:00.039000+00:00,1.25e-05
2026-04-11 04:00:00.013000+00:00,1.25e-05
2026-04-11 05:00:00.005000+00:00,1.25e-05
2026-04-11 06:00:00.024000+00:00,1.25e-05
2026-04-11 07:00:00.016000+00:00,1.25e-05
2026-04-11 08:00:00.002000+00:00,1.25e-05
2026-04-11 09:00:00.042000+00:00,1.25e-05
2026-04-11 10:00:00.048000+00:00,1.25e-05
2026-04-11 11:00:00.040000+00:00,1.25e-05
2026-04-11 12:00:00.055000+00:00,1.25e-05
2026-04-11 13:00:00.047000+00:00,1.25e-05
2026-04-11 14:00:00.001000+00:00,1.25e-05
2026-04-11 15:00:00.041000+00:00,1.25e-05
2026-04-11 16:00:00.034000+00:00,1.25e-05
2026-04-11 17:00:00.008000+00:00,1.25e-05
2026-04-11 18:00:00.033000+00:00,1.25e-05
2026-04-11 19:00:00.047000+00:00,1.25e-05
2026-04-11 20:00:00.023000+00:00,1.25e-05
2026-04-11 21:00:00.058000+00:00,1.25e-05
2026-04-11 22:00:00.036000+00:00,1.25e-05
2026-04-11 23:00:00.020000+00:00,1.25e-05
2026-04-12 00:00:00.067000+00:00,1.25e-05
2026-04-12 01:00:00.044000+00:00,1.25e-05
2026-04-12 02:00:00.031000+00:00,1.25e-05
2026-04-12 03:00:00.029000+00:00,1.25e-05
2026-04-12 04:00:00.055000+00:00,1.20886e-05
2026-04-12 05:00:00.066000+00:00,1.25e-05
2026-04-12 06:00:00.047000+00:00,1.0839e-06
2026-04-12 07:00:00.004000+00:00,-6.2844e-06
2026-04-12 08:00:00.022000+00:00,3.4232e-06
2026-04-12 09:00:00.049000+00:00,-2.993e-06
2026-04-12 10:00:00.011000+00:00,1.25e-05
2026-04-12 11:00:00.022000+00:00,1.25e-05
2026-04-12 12:00:00.040000+00:00,1.25e-05
2026-04-12 13:00:00.028000+00:00,1.25e-05
2026-04-12 14:00:00.064000+00:00,1.25e-05
2026-04-12 15:00:00.065000+00:00,1.25e-05
2026-04-12 16:00:00.046000+00:00,1.25e-05
2026-04-12 17:00:00.054000+00:00,1.25e-05
2026-04-12 18:00:00.035000+00:00,-1.1204e-06
2026-04-12 19:00:00.028000+00:00,-6.3256e-06
2026-04-12 20:00:00.062000+00:00,-6.7286e-06
2026-04-12 21:00:00.049000+00:00,1.25e-05
2026-04-12 22:00:00.058000+00:00,1.25e-05
2026-04-12 23:00:00.048000+00:00,1.25e-05
2026-04-13 00:00:00.013000+00:00,1.25e-05
2026-04-13 01:00:00.031000+00:00,1.25e-05
2026-04-13 02:00:00.001000+00:00,1.25e-05
2026-04-13 03:00:00.056000+00:00,1.25e-05
2026-04-13 04:00:00.056000+00:00,1.25e-05
2026-04-13 05:00:00.032000+00:00,1.25e-05
2026-04-13 06:00:00.007000+00:00,1.25e-05
2026-04-13 07:00:00.011000+00:00,1.25e-05
2026-04-13 08:00:00.015000+00:00,1.25e-05
2026-04-13 09:00:00.013000+00:00,-1.60275e-05
2026-04-13 10:00:00.032000+00:00,1.25e-05
2026-04-13 11:00:00.011000+00:00,1.25e-05
2026-04-13 12:00:00.063000+00:00,1.238e-05
2026-04-13 13:00:00.036000+00:00,1.25e-05
2026-04-13 14:00:00.007000+00:00,2.2177e-06
2026-04-13 15:00:00.114000+00:00,2.18e-06
2026-04-13 16:00:00.016000+00:00,-1.32724e-05
2026-04-13 17:00:00.028000+00:00,1.25e-05
2026-04-13 18:00:00.040000+00:00,1.7179e-06
2026-04-13 19:00:00.055000+00:00,-1.44633e-05
2026-04-13 20:00:00.032000+00:00,-1.2011e-06
2026-04-13 21:00:00.038000+00:00,8.8822e-06
2026-04-13 22:00:00.023000+00:00,-1.7385e-06
2026-04-13 23:00:00.008000+00:00,1.25e-05
2026-04-14 00:00:00.020000+00:00,1.25e-05
2026-04-14 01:00:00.057000+00:00,-4.50053e-05
2026-04-14 02:00:00.017000+00:00,-9.8403e-06
2026-04-14 03:00:00.043000+00:00,-8.2425e-06
2026-04-14 04:00:00.009000+00:00,-8.7287e-06
2026-04-14 05:00:00.054000+00:00,1.407e-07
2026-04-14 06:00:00.057000+00:00,2.5374e-06
2026-04-14 07:00:00.076000+00:00,5.8626e-06
2026-04-14 08:00:00.066000+00:00,-4.8847e-06
2026-04-14 09:00:00.041000+00:00,2.5325e-06
2026-04-14 10:00:00.010000+00:00,-1.4677e-06
2026-04-14 11:00:00.030000+00:00,1.25e-05
2026-04-14 12:00:00.053000+00:00,1.25e-05
2026-04-14 13:00:00.039000+00:00,1.25e-05
2026-04-14 14:00:00.012000+00:00,1.25e-05
2026-04-14 15:00:00.056000+00:00,1.25e-05
2026-04-14 16:00:00.029000+00:00,1.25e-05
2026-04-14 17:00:00.057000+00:00,-8.3244e-06
2026-04-14 18:00:00.062000+00:00,-3.16332e-05
2026-04-14 19:00:00.040000+00:00,-2.09714e-05
2026-04-14 20:00:00+00:00,-7.6025e-06
2026-04-14 21:00:00.003000+00:00,-1.734e-06
2026-04-14 22:00:00.001000+00:00,-1.69416e-05
2026-04-14 23:00:00.021000+00:00,-1.3354e-05
2026-04-15 00:00:00.015000+00:00,1.25e-05
2026-04-15 01:00:00.054000+00:00,8.9065e-06
2026-04-15 02:00:00.036000+00:00,-8.9334e-06
2026-04-15 03:00:00.065000+00:00,-1.36195e-05
2026-04-15 04:00:00.053000+00:00,-3.31502e-05
2026-04-15 05:00:00.029000+00:00,-4.38364e-05
2026-04-15 06:00:00.060000+00:00,-3.58995e-05
2026-04-15 07:00:00.038000+00:00,-2.4956e-06
2026-04-15 08:00:00.009000+00:00,1.25e-05
2026-04-15 09:00:00.024000+00:00,1.25e-05
2026-04-15 10:00:00.027000+00:00,1.25e-05
2026-04-15 11:00:00.067000+00:00,1.25e-05
2026-04-15 12:00:00.030000+00:00,1.01943e-05
2026-04-15 13:00:00.008000+00:00,1.25e-05
2026-04-15 14:00:00.035000+00:00,1.25e-05
2026-04-15 15:00:00.057000+00:00,1.25e-05
2026-04-15 16:00:00.025000+00:00,3.7692e-06
2026-04-15 17:00:00.022000+00:00,5.2554e-06
2026-04-15 18:00:00.030000+00:00,1.9611e-06
2026-04-15 19:00:00.062000+00:00,1.25e-05
2026-04-15 20:00:00.014000+00:00,1.25e-05
2026-04-15 21:00:00.049000+00:00,1.25e-05
2026-04-15 22:00:00.067000+00:00,1.25e-05
2026-04-15 23:00:00.056000+00:00,1.25e-05
2026-04-16 00:00:00.044000+00:00,7.1209e-06
2026-04-16 01:00:00.022000+00:00,2.1295e-06
2026-04-16 02:00:00.010000+00:00,-1.49059e-05
2026-04-16 03:00:00.053000+00:00,-2.1555e-06
2026-04-16 04:00:00.006000+00:00,1.25e-05
2026-04-16 05:00:00.042000+00:00,1.25e-05
2026-04-16 06:00:00.031000+00:00,-9.0363e-06
2026-04-16 07:00:00.012000+00:00,-2.78033e-05
2026-04-16 08:00:00.062000+00:00,-3.78062e-05
2026-04-16 09:00:00.045000+00:00,-2.5556e-05
2026-04-16 10:00:00.004000+00:00,4.6149e-06
2026-04-16 11:00:00.035000+00:00,-1.7555e-06
2026-04-16 12:00:00.042000+00:00,5.0645e-06
2026-04-16 13:00:00.030000+00:00,1.25e-05
2026-04-16 14:00:00.019000+00:00,-1.00045e-05
2026-04-16 15:00:00.047000+00:00,-1.16335e-05
2026-04-16 16:00:00.051000+00:00,7.2067e-06
2026-04-16 17:00:00.013000+00:00,1.9246e-06
2026-04-16 18:00:00.034000+00:00,1.25e-05
2026-04-16 19:00:00.064000+00:00,1.25e-05
2026-04-16 20:00:00.016000+00:00,1.25e-05
2026-04-16 21:00:00.025000+00:00,1.25e-05
2026-04-16 22:00:00.043000+00:00,-2.54e-07
2026-04-16 23:00:00.041000+00:00,-1.15265e-05
2026-04-17 00:00:00.030000+00:00,-3.45035e-05
2026-04-17 01:00:00.015000+00:00,3.7092e-06
2026-04-17 02:00:00.026000+00:00,1.624e-06
2026-04-17 03:00:00.010000+00:00,8.2959e-06
2026-04-17 04:00:00.064000+00:00,1.25e-05
2026-04-17 05:00:00.052000+00:00,1.25e-05
2026-04-17 06:00:00.017000+00:00,1.25e-05
2026-04-17 07:00:00.065000+00:00,1.25e-05
2026-04-17 08:00:00.042000+00:00,1.25e-05
2026-04-17 09:00:00.035000+00:00,1.25e-05
2026-04-17 10:00:00.011000+00:00,1.25e-05
2026-04-17 11:00:00.038000+00:00,1.25e-05
2026-04-17 12:00:00.064000+00:00,1.25e-05
2026-04-17 13:00:00.036000+00:00,1.25e-05
2026-04-17 14:00:00+00:00,1.25e-05
2026-04-17 15:00:00.059000+00:00,1.25e-05
2026-04-17 16:00:00.039000+00:00,1.25e-05
2026-04-17 17:00:00.046000+00:00,1.25e-05
2026-04-17 18:00:00.052000+00:00,1.25e-05
2026-04-17 19:00:00.019000+00:00,1.25e-05
2026-04-17 20:00:00.065000+00:00,-1.459e-07
2026-04-17 21:00:00.012000+00:00,9.3829e-06
2026-04-17 22:00:00.042000+00:00,4.2931e-06
2026-04-17 23:00:00.022000+00:00,9.0826e-06
2026-04-18 00:00:00.064000+00:00,-2.69125e-05
2026-04-18 01:00:00.049000+00:00,-2.51517e-05
2026-04-18 02:00:00.042000+00:00,-2.95105e-05
2026-04-18 03:00:00.031000+00:00,-2.1382e-05
2026-04-18 04:00:00.009000+00:00,-2.82514e-05
2026-04-18 05:00:00.060000+00:00,-7.6023e-06
2026-04-18 06:00:00.049000+00:00,-2.6967e-06
2026-04-18 07:00:00.028000+00:00,1.25e-05
2026-04-18 08:00:00.049000+00:00,1.25e-05
2026-04-18 09:00:00.011000+00:00,9.7451e-06
2026-04-18 10:00:00.020000+00:00,1.25e-05
2026-04-18 11:00:00.016000+00:00,1.25e-05
2026-04-18 12:00:00.034000+00:00,-3.4807e-06
2026-04-18 13:00:00.047000+00:00,1.25e-05
2026-04-18 14:00:00.018000+00:00,1.25e-05
2026-04-18 15:00:00+00:00,-1.8353e-05
2026-04-18 16:00:00.001000+00:00,7.3456e-06
2026-04-18 17:00:00.001000+00:00,-8.2046e-06
2026-04-18 18:00:00.050000+00:00,1.20939e-05
2026-04-18 19:00:00.039000+00:00,8.2895e-06
2026-04-18 20:00:00.037000+00:00,-1.6402e-06
2026-04-18 21:00:00.036000+00:00,1.25e-05
2026-04-18 22:00:00.011000+00:00,-5.1479e-06
2026-04-18 23:00:00.026000+00:00,1.25e-05
2026-04-19 00:00:00.053000+00:00,1.1625e-06
2026-04-19 01:00:00.051000+00:00,-3.11968e-05
2026-04-19 02:00:00.028000+00:00,-1.36894e-05
2026-04-19 03:00:00.060000+00:00,1.1238e-06
2026-04-19 04:00:00.051000+00:00,-2.31964e-05
2026-04-19 05:00:00.046000+00:00,-1.75376e-05
2026-04-19 06:00:00.041000+00:00,-2.045e-05
2026-04-19 07:00:00.002000+00:00,-2.9853e-06
2026-04-19 08:00:00.040000+00:00,-1.81521e-05
2026-04-19 09:00:00.041000+00:00,-5.3799e-06
2026-04-19 10:00:00.022000+00:00,-1.6707e-06
2026-04-19 11:00:00.032000+00:00,-3.7242e-06
2026-04-19 12:00:00.016000+00:00,-3.3421e-06
2026-04-19 13:00:00.026000+00:00,-2.4034e-06
2026-04-19 14:00:00.011000+00:00,-1.54895e-05
2026-04-19 15:00:00.004000+00:00,-1.31263e-05
2026-04-19 16:00:00.010000+00:00,-7.0096e-06
2026-04-19 17:00:00.060000+00:00,6.6885e-06
2026-04-19 18:00:00.009000+00:00,-8.4694e-06
2026-04-19 19:00:00.018000+00:00,1.25e-05
2026-04-19 20:00:00.030000+00:00,1.25e-05
2026-04-19 21:00:00.025000+00:00,1.25e-05
2026-04-19 22:00:00.007000+00:00,1.25e-05
2026-04-19 23:00:00.025000+00:00,1.25e-05
2026-04-20 00:00:00.062000+00:00,1.25e-05
2026-04-20 01:00:00.029000+00:00,1.25e-05
2026-04-20 02:00:00.053000+00:00,1.25e-05
2026-04-20 03:00:00.025000+00:00,1.25e-05
2026-04-20 04:00:00.029000+00:00,1.25e-05
2026-04-20 05:00:00.055000+00:00,1.25e-05
2026-04-20 06:00:00+00:00,1.25e-05
2026-04-20 07:00:00.006000+00:00,1.25e-05
2026-04-20 08:00:00.037000+00:00,1.25e-05
2026-04-20 09:00:00.008000+00:00,1.25e-05
2026-04-20 10:00:00.053000+00:00,1.25e-05
2026-04-20 11:00:00.014000+00:00,1.25e-05
2026-04-20 12:00:00.091000+00:00,1.25e-05
2026-04-20 13:00:00.051000+00:00,1.25e-05
2026-04-20 14:00:00.033000+00:00,1.25e-05
2026-04-20 15:00:00.041000+00:00,8.5449e-06
2026-04-20 16:00:00.028000+00:00,5.5581e-06
2026-04-20 17:00:00.049000+00:00,-3.3881e-06
2026-04-20 18:00:00.019000+00:00,1.25e-05
2026-04-20 19:00:00.037000+00:00,1.25e-05
2026-04-20 20:00:00.063000+00:00,1.25e-05
2026-04-20 21:00:00.038000+00:00,1.25e-05
2026-04-20 22:00:00.039000+00:00,1.1212e-06
2026-04-20 23:00:00.053000+00:00,1.25e-05
2026-04-21 00:00:00.087000+00:00,1.25e-05
2026-04-21 01:00:00.043000+00:00,1.25e-05
2026-04-21 02:00:00.023000+00:00,1.25e-05
2026-04-21 03:00:00.030000+00:00,1.25e-05
2026-04-21 04:00:00.018000+00:00,1.25e-05
2026-04-21 05:00:00.065000+00:00,1.25e-05
2026-04-21 06:00:00.010000+00:00,1.25e-05
2026-04-21 07:00:00.053000+00:00,1.25e-05
2026-04-21 08:00:00.036000+00:00,1.25e-05
2026-04-21 09:00:00.005000+00:00,1.25e-05
2026-04-21 10:00:00.001000+00:00,1.25e-05
2026-04-21 11:00:00.065000+00:00,1.25e-05
2026-04-21 12:00:00.036000+00:00,3.9884e-06
2026-04-21 13:00:00.063000+00:00,8.5758e-06
2026-04-21 14:00:00.044000+00:00,1.25e-05
2026-04-21 15:00:00.019000+00:00,1.25e-05
2026-04-21 16:00:00.048000+00:00,1.25e-05
2026-04-21 17:00:00.003000+00:00,6.721e-07
2026-04-21 18:00:00.065000+00:00,9.9289e-06
2026-04-21 19:00:00.039000+00:00,1.25e-05
2026-04-21 20:00:00.004000+00:00,1.25e-05
2026-04-21 21:00:00.015000+00:00,1.25e-05
2026-04-21 22:00:00.008000+00:00,1.25e-05
2026-04-21 23:00:00.011000+00:00,1.25e-05
2026-04-22 00:00:00.061000+00:00,1.25e-05
2026-04-22 01:00:00.004000+00:00,1.25e-05
2026-04-22 02:00:00.042000+00:00,1.25e-05
2026-04-22 03:00:00.005000+00:00,1.25e-05
2026-04-22 04:00:00.056000+00:00,1.25e-05
2026-04-22 05:00:00.030000+00:00,1.25e-05
2026-04-22 06:00:00.005000+00:00,-4.4578e-06
2026-04-22 07:00:00.018000+00:00,8.7563e-06
2026-04-22 08:00:00.009000+00:00,1.25e-05
2026-04-22 09:00:00.041000+00:00,2.2496e-06
2026-04-22 10:00:00.008000+00:00,-1.3193e-05
2026-04-22 11:00:00.019000+00:00,1.25e-05
2026-04-22 12:00:00.041000+00:00,1.25e-05
2026-04-22 13:00:00.003000+00:00,1.25e-05
2026-04-22 14:00:00.043000+00:00,1.25e-05
2026-04-22 15:00:00.021000+00:00,-8.5459e-06
2026-04-22 16:00:00.051000+00:00,-1.5286e-05
2026-04-22 17:00:00.012000+00:00,4.02e-08
2026-04-22 18:00:00.036000+00:00,1.6416e-06
2026-04-22 19:00:00.031000+00:00,1.25e-05
2026-04-22 20:00:00.051000+00:00,7.2312e-06
2026-04-22 21:00:00.023000+00:00,-1.15903e-05
2026-04-22 22:00:00.042000+00:00,-2.287e-06
2026-04-22 23:00:00.056000+00:00,1.25e-05
2026-04-23 00:00:00.028000+00:00,1.25e-05
2026-04-23 01:00:00.056000+00:00,-1.21051e-05
2026-04-23 02:00:00.016000+00:00,-1.89878e-05
2026-04-23 03:00:00.013000+00:00,-2.5769e-06
2026-04-23 04:00:00.053000+00:00,-2.47928e-05
2026-04-23 05:00:00.046000+00:00,1.914e-06
2026-04-23 06:00:00.079000+00:00,-1.5096e-06
2026-04-23 07:00:00.059000+00:00,3.7248e-06
2026-04-23 08:00:00.019000+00:00,1.09991e-05
2026-04-23 09:00:00.060000+00:00,9.7751e-06
2026-04-23 10:00:00.021000+00:00,3.403e-07
2026-04-23 11:00:00.053000+00:00,1.5286e-06
2026-04-23 12:00:00.024000+00:00,1.25e-05
2026-04-23 13:00:00.060000+00:00,1.25e-05
2026-04-23 14:00:00.015000+00:00,1.25e-05
2026-04-23 15:00:00.020000+00:00,1.25e-05
2026-04-23 16:00:00.048000+00:00,4.1645e-06
2026-04-23 17:00:00.075000+00:00,1.25e-05
2026-04-23 18:00:00.016000+00:00,-6.2856e-06
2026-04-23 19:00:00.075000+00:00,3.2228e-06
2026-04-23 20:00:00.003000+00:00,-1.31562e-05
2026-04-23 21:00:00.042000+00:00,6.115e-07
2026-04-23 22:00:00.005000+00:00,1.25e-05
2026-04-23 23:00:00.065000+00:00,1.25e-05
2026-04-24 00:00:00.064000+00:00,1.25e-05
2026-04-24 01:00:00.021000+00:00,1.25e-05
2026-04-24 02:00:00.064000+00:00,1.25e-05
2026-04-24 03:00:00.062000+00:00,1.25e-05
2026-04-24 04:00:00.018000+00:00,1.25e-05
2026-04-24 05:00:00.065000+00:00,1.25e-05
2026-04-24 06:00:00+00:00,1.25e-05
2026-04-24 07:00:00.039000+00:00,1.25e-05
2026-04-24 08:00:00.008000+00:00,1.25e-05
2026-04-24 09:00:00.041000+00:00,1.25e-05
2026-04-24 10:00:00.038000+00:00,1.25e-05
2026-04-24 11:00:00.039000+00:00,1.25e-05
2026-04-24 12:00:00.002000+00:00,1.25e-05
2026-04-24 13:00:00.047000+00:00,1.20493e-05
2026-04-24 14:00:00.063000+00:00,1.09457e-05
2026-04-24 15:00:00.001000+00:00,1.25e-05
2026-04-24 16:00:00.049000+00:00,1.25e-05
2026-04-24 17:00:00.011000+00:00,1.25e-05
2026-04-24 18:00:00.037000+00:00,1.25e-05
2026-04-24 19:00:00.020000+00:00,1.25e-05
2026-04-24 20:00:00.007000+00:00,1.25e-05
2026-04-24 21:00:00.058000+00:00,1.25e-05
2026-04-24 22:00:00.042000+00:00,1.25e-05
2026-04-24 23:00:00.055000+00:00,1.25e-05
2026-04-25 00:00:00.024000+00:00,1.25e-05
2026-04-25 01:00:00.002000+00:00,1.25e-05
2026-04-25 02:00:00.044000+00:00,1.25e-05
2026-04-25 03:00:00.063000+00:00,1.25e-05
2026-04-25 04:00:00+00:00,1.25e-05
2026-04-25 05:00:00.035000+00:00,1.25e-05
2026-04-25 06:00:00.023000+00:00,1.25e-05
2026-04-25 07:00:00.048000+00:00,1.25e-05
2026-04-25 08:00:00.044000+00:00,1.25e-05
2026-04-25 09:00:00.060000+00:00,1.25e-05
2026-04-25 10:00:00.052000+00:00,1.25e-05
2026-04-25 11:00:00.064000+00:00,1.25e-05
2026-04-25 12:00:00.039000+00:00,1.25e-05
2026-04-25 13:00:00.031000+00:00,1.25e-05
2026-04-25 14:00:00.050000+00:00,1.25e-05
2026-04-25 15:00:00.037000+00:00,1.25e-05
2026-04-25 16:00:00.080000+00:00,1.25e-05
2026-04-25 17:00:00.047000+00:00,1.25e-05
2026-04-25 18:00:00.031000+00:00,1.25e-05
2026-04-25 19:00:00.078000+00:00,1.25e-05
2026-04-25 20:00:00.064000+00:00,1.25e-05
2026-04-25 21:00:00.007000+00:00,1.25e-05
2026-04-25 22:00:00.003000+00:00,1.25e-05
2026-04-25 23:00:00.060000+00:00,1.25e-05
2026-04-26 00:00:00.025000+00:00,1.25e-05
2026-04-26 01:00:00.030000+00:00,1.25e-05
2026-04-26 02:00:00.007000+00:00,1.25e-05
2026-04-26 03:00:00.050000+00:00,1.25e-05
2026-04-26 04:00:00.032000+00:00,1.25e-05
2026-04-26 05:00:00.041000+00:00,1.25e-05
2026-04-26 06:00:00.030000+00:00,1.25e-05
2026-04-26 07:00:00.026000+00:00,3.0718e-06
2026-04-26 08:00:00.058000+00:00,1.25e-05
2026-04-26 09:00:00.062000+00:00,-8.1018e-06
2026-04-26 10:00:00.065000+00:00,-4.25e-08
2026-04-26 11:00:00.018000+00:00,1.25e-05
2026-04-26 12:00:00.009000+00:00,7.1364e-06
2026-04-26 13:00:00.066000+00:00,5.8082e-06
2026-04-26 14:00:00.016000+00:00,1.25e-05
2026-04-26 15:00:00.039000+00:00,1.25e-05
2026-04-26 16:00:00.066000+00:00,1.25e-05
2026-04-26 17:00:00.052000+00:00,5.5144e-06
2026-04-26 18:00:00.024000+00:00,7.4714e-06
2026-04-26 19:00:00.056000+00:00,-2.67897e-05
2026-04-26 20:00:00.017000+00:00,-3.0719e-05
2026-04-26 21:00:00.054000+00:00,-9.821e-07
2026-04-26 22:00:00.047000+00:00,-4.4294e-06
2026-04-26 23:00:00.060000+00:00,8.7956e-06
2026-04-27 00:00:00.023000+00:00,1.25e-05
2026-04-27 01:00:00.035000+00:00,1.25e-05
2026-04-27 02:00:00.052000+00:00,1.25e-05
2026-04-27 03:00:00.072000+00:00,1.25e-05
2026-04-27 04:00:00.041000+00:00,1.25e-05
2026-04-27 05:00:00.055000+00:00,1.25e-05
2026-04-27 06:00:00.007000+00:00,1.25e-05
2026-04-27 07:00:00.017000+00:00,1.25e-05
2026-04-27 08:00:00.012000+00:00,1.25e-05
2026-04-27 09:00:00.041000+00:00,1.25e-05
2026-04-27 10:00:00.013000+00:00,1.25e-05
2026-04-27 11:00:00.115000+00:00,1.25e-05
2026-04-27 12:00:00.058000+00:00,1.25e-05
2026-04-27 13:00:00.020000+00:00,1.25e-05
2026-04-27 14:00:00.028000+00:00,1.25e-05
2026-04-27 15:00:00.022000+00:00,1.25e-05
2026-04-27 16:00:00.036000+00:00,6.0079e-06
2026-04-27 17:00:00.033000+00:00,-4.3566e-06
2026-04-27 18:00:00.033000+00:00,1.25e-05
2026-04-27 19:00:00.021000+00:00,1.25e-05
2026-04-27 20:00:00.008000+00:00,1.25e-05
2026-04-27 21:00:00.011000+00:00,1.25e-05
2026-04-27 22:00:00.064000+00:00,1.25e-05
2026-04-27 23:00:00.012000+00:00,1.25e-05
2026-04-28 00:00:00.035000+00:00,6.0604e-06
2026-04-28 01:00:00.003000+00:00,1.25e-05
2026-04-28 02:00:00.051000+00:00,1.25e-05
2026-04-28 03:00:00.044000+00:00,1.25e-05
2026-04-28 04:00:00.007000+00:00,1.25e-05
2026-04-28 05:00:00.034000+00:00,5.079e-07
2026-04-28 06:00:00.029000+00:00,1.25e-05
2026-04-28 07:00:00.063000+00:00,1.25e-05
2026-04-28 08:00:00.019000+00:00,1.25e-05
2026-04-28 09:00:00.032000+00:00,1.25e-05
2026-04-28 10:00:00.023000+00:00,1.25e-05
2026-04-28 11:00:00.007000+00:00,-2.6593e-06
2026-04-28 12:00:00.016000+00:00,1.10033e-05
2026-04-28 13:00:00.077000+00:00,-4.3284e-06
2026-04-28 14:00:00.058000+00:00,1.25e-05
2026-04-28 15:00:00.063000+00:00,1.25e-05
2026-04-28 16:00:00.007000+00:00,1.25e-05
2026-04-28 17:00:00.070000+00:00,-1.24403e-05
2026-04-28 18:00:00.055000+00:00,3.9253e-06
2026-04-28 19:00:00.060000+00:00,1.25e-05
2026-04-28 20:00:00.031000+00:00,-1.1882e-06
2026-04-28 21:00:00.052000+00:00,2.226e-07
2026-04-28 22:00:00.027000+00:00,-1.5938e-06
2026-04-28 23:00:00.042000+00:00,-9.1584e-06
2026-04-29 00:00:00.003000+00:00,7.7056e-06
2026-04-29 01:00:00.025000+00:00,-8.6537e-06
2026-04-29 02:00:00+00:00,3.0345e-06
2026-04-29 03:00:00.009000+00:00,-2.8739e-06
2026-04-29 04:00:00.032000+00:00,-7.0502e-06
2026-04-29 05:00:00.046000+00:00,-8.14e-08
2026-04-29 06:00:00.001000+00:00,1.25e-05
2026-04-29 07:00:00.063000+00:00,-3.0479e-06
2026-04-29 08:00:00.030000+00:00,3.8895e-06
2026-04-29 09:00:00.042000+00:00,-2.16751e-05
2026-04-29 10:00:00.016000+00:00,-9.4794e-06
2026-04-29 11:00:00.024000+00:00,-1.38089e-05
2026-04-29 12:00:00.054000+00:00,-9.2526e-06
2026-04-29 13:00:00.053000+00:00,-1.06365e-05
2026-04-29 14:00:00.029000+00:00,1.25e-05
2026-04-29 15:00:00.047000+00:00,1.25e-05
2026-04-29 16:00:00.067000+00:00,1.25e-05
2026-04-29 17:00:00.001000+00:00,1.25e-05
2026-04-29 18:00:00.043000+00:00,7.9898e-06
2026-04-29 19:00:00.048000+00:00,1.25e-05
2026-04-29 20:00:00.001000+00:00,1.25e-05
2026-04-29 21:00:00.052000+00:00,1.25e-05
2026-04-29 22:00:00.002000+00:00,1.25e-05
2026-04-29 23:00:00.061000+00:00,1.25e-05
2026-04-30 00:00:00.020000+00:00,7.38e-07
2026-04-30 01:00:00.019000+00:00,1.00195e-05
2026-04-30 02:00:00.044000+00:00,1.25e-05
2026-04-30 03:00:00.073000+00:00,1.25e-05
2026-04-30 04:00:00.059000+00:00,1.25e-05
2026-04-30 05:00:00.030000+00:00,5.4675e-06
2026-04-30 06:00:00.060000+00:00,2.662e-06
2026-04-30 07:00:00.057000+00:00,2.339e-07
2026-04-30 08:00:00.072000+00:00,1.2421e-06
2026-04-30 09:00:00.041000+00:00,1.25e-05
2026-04-30 10:00:00.040000+00:00,1.25e-05
2026-04-30 11:00:00.009000+00:00,7.6613e-06
2026-04-30 12:00:00.065000+00:00,-2.2365e-06
2026-04-30 13:00:00.045000+00:00,1.25e-05
2026-04-30 14:00:00.004000+00:00,1.25e-05
2026-04-30 15:00:00.033000+00:00,1.25e-05
2026-04-30 16:00:00.003000+00:00,1.25e-05
2026-04-30 17:00:00.029000+00:00,1.25e-05
2026-04-30 18:00:00.025000+00:00,1.25e-05
2026-04-30 19:00:00.030000+00:00,1.25e-05
2026-04-30 20:00:00.048000+00:00,1.25e-05
2026-04-30 21:00:00.009000+00:00,3.4572e-06
2026-04-30 22:00:00.010000+00:00,-1.17022e-05
2026-04-30 23:00:00.005000+00:00,1.2768e-06
2026-05-01 00:00:00.045000+00:00,-3.746e-07
2026-05-01 01:00:00.040000+00:00,1.07781e-05
2026-05-01 02:00:00.073000+00:00,1.25e-05
2026-05-01 03:00:00.003000+00:00,1.25e-05
2026-05-01 04:00:00.097000+00:00,1.25e-05
2026-05-01 05:00:00.029000+00:00,1.25e-05
2026-05-01 06:00:00.052000+00:00,1.25e-05
2026-05-01 07:00:00.028000+00:00,1.25e-05
2026-05-01 08:00:00.049000+00:00,1.25e-05
2026-05-01 09:00:00.046000+00:00,1.25e-05
2026-05-01 10:00:00.063000+00:00,1.25e-05
2026-05-01 11:00:00.046000+00:00,1.25e-05
2026-05-01 12:00:00.012000+00:00,1.21164e-05
2026-05-01 13:00:00.028000+00:00,-7.58e-07
2026-05-01 14:00:00.051000+00:00,1.25e-05
2026-05-01 15:00:00.002000+00:00,1.25e-05
2026-05-01 16:00:00.055000+00:00,1.25e-05
2026-05-01 17:00:00.055000+00:00,1.25e-05
2026-05-01 18:00:00.043000+00:00,6.4292e-06
2026-05-01 19:00:00.031000+00:00,1.22145e-05
2026-05-01 20:00:00.011000+00:00,8.2826e-06
2026-05-01 21:00:00.059000+00:00,-5.0153e-06
2026-05-01 22:00:00.054000+00:00,1.25e-05
2026-05-01 23:00:00.002000+00:00,1.25e-05
2026-05-02 00:00:00.010000+00:00,1.25e-05
2026-05-02 01:00:00.070000+00:00,9.4446e-06
2026-05-02 02:00:00.056000+00:00,1.25e-05
2026-05-02 03:00:00.038000+00:00,1.25e-05
2026-05-02 04:00:00.019000+00:00,1.25e-05
2026-05-02 05:00:00.004000+00:00,1.25e-05
2026-05-02 06:00:00.040000+00:00,1.25e-05
2026-05-02 07:00:00.044000+00:00,1.25e-05
2026-05-02 08:00:00.031000+00:00,1.25e-05
2026-05-02 09:00:00.002000+00:00,3.72869e-05
2026-05-02 10:00:00.010000+00:00,1.25e-05
2026-05-02 11:00:00.041000+00:00,1.25e-05
2026-05-02 12:00:00.048000+00:00,1.25e-05
2026-05-02 13:00:00.017000+00:00,1.25e-05
2026-05-02 14:00:00.025000+00:00,1.25e-05
2026-05-02 15:00:00.021000+00:00,1.25e-05
2026-05-02 16:00:00.033000+00:00,1.25e-05
2026-05-02 17:00:00.048000+00:00,1.25e-05
2026-05-02 18:00:00.025000+00:00,1.25e-05
2026-05-02 19:00:00.038000+00:00,1.25e-05
2026-05-02 20:00:00.064000+00:00,1.25e-05
2026-05-02 21:00:00.020000+00:00,1.25e-05
2026-05-02 22:00:00+00:00,1.25e-05
2026-05-02 23:00:00.067000+00:00,1.25e-05
2026-05-03 00:00:00.049000+00:00,1.25e-05
2026-05-03 01:00:00.025000+00:00,1.25e-05
2026-05-03 02:00:00.016000+00:00,1.25e-05
2026-05-03 03:00:00.053000+00:00,1.25e-05
2026-05-03 04:00:00.034000+00:00,1.25e-05
2026-05-03 05:00:00.010000+00:00,1.25e-05
2026-05-03 06:00:00.024000+00:00,1.25e-05
2026-05-03 07:00:00.004000+00:00,1.25e-05
2026-05-03 08:00:00.037000+00:00,1.25e-05
2026-05-03 09:00:00.018000+00:00,1.25e-05
2026-05-03 10:00:00.038000+00:00,1.25e-05
2026-05-03 11:00:00.052000+00:00,1.25e-05
2026-05-03 12:00:00.047000+00:00,1.25e-05
2026-05-03 13:00:00.005000+00:00,1.25e-05
2026-05-03 14:00:00.027000+00:00,1.25e-05
2026-05-03 15:00:00.059000+00:00,1.25e-05
2026-05-03 16:00:00.054000+00:00,1.25e-05
2026-05-03 17:00:00.044000+00:00,1.25e-05
2026-05-03 18:00:00.060000+00:00,1.25e-05
2026-05-03 19:00:00.014000+00:00,1.25e-05
2026-05-03 20:00:00.040000+00:00,1.25e-05
2026-05-03 21:00:00.037000+00:00,1.25e-05
2026-05-03 22:00:00.024000+00:00,1.25e-05
2026-05-03 23:00:00.039000+00:00,1.25e-05
2026-05-04 00:00:00.030000+00:00,1.25e-05
2026-05-04 01:00:00.063000+00:00,1.25e-05
2026-05-04 02:00:00.059000+00:00,1.25e-05
2026-05-04 03:00:00.012000+00:00,1.25e-05
2026-05-04 04:00:00.014000+00:00,1.25e-05
2026-05-04 05:00:00.025000+00:00,1.25e-05
2026-05-04 06:00:00.035000+00:00,1.25e-05
2026-05-04 07:00:00.001000+00:00,1.25e-05
2026-05-04 08:00:00.065000+00:00,1.25e-05
2026-05-04 09:00:00.015000+00:00,1.25e-05
2026-05-04 10:00:00.011000+00:00,1.25e-05
2026-05-04 11:00:00.065000+00:00,1.25e-05
2026-05-04 12:00:00.066000+00:00,1.25e-05
2026-05-04 13:00:00.032000+00:00,1.25e-05
2026-05-04 14:00:00.079000+00:00,1.25e-05
2026-05-04 15:00:00.062000+00:00,1.25e-05
2026-05-04 16:00:00.030000+00:00,1.25e-05
2026-05-04 17:00:00.041000+00:00,-1.8619e-06
2026-05-04 18:00:00.053000+00:00,1.25e-05
2026-05-04 19:00:00.037000+00:00,1.25e-05
2026-05-04 20:00:00.060000+00:00,1.25e-05
2026-05-04 21:00:00.052000+00:00,1.25e-05
2026-05-04 22:00:00.075000+00:00,1.25e-05
2026-05-04 23:00:00.055000+00:00,1.25e-05
2026-05-05 00:00:00.021000+00:00,1.25e-05
2026-05-05 01:00:00.040000+00:00,1.25e-05
2026-05-05 02:00:00.044000+00:00,1.25e-05
2026-05-05 03:00:00.039000+00:00,1.25e-05
2026-05-05 04:00:00.016000+00:00,1.25e-05
2026-05-05 05:00:00.057000+00:00,1.25e-05
2026-05-05 06:00:00.006000+00:00,1.25e-05
2026-05-05 07:00:00.052000+00:00,1.25e-05
2026-05-05 08:00:00.055000+00:00,1.25e-05
2026-05-05 09:00:00.016000+00:00,1.25e-05
2026-05-05 10:00:00.002000+00:00,1.25e-05
2026-05-05 11:00:00.054000+00:00,1.25e-05
2026-05-05 12:00:00.025000+00:00,1.25e-05
2026-05-05 13:00:00.065000+00:00,1.25e-05
2026-05-05 14:00:00.022000+00:00,1.25e-05
2026-05-05 15:00:00.017000+00:00,1.25e-05
2026-05-05 16:00:00.028000+00:00,1.25e-05
2026-05-05 17:00:00.003000+00:00,-1.53772e-05
2026-05-05 18:00:00.061000+00:00,3.8775e-06
2026-05-05 19:00:00.036000+00:00,1.25e-05
2026-05-05 20:00:00.001000+00:00,1.25e-05
2026-05-05 21:00:00.044000+00:00,1.25e-05
2026-05-05 22:00:00.066000+00:00,1.25e-05
2026-05-05 23:00:00.056000+00:00,1.25e-05
2026-05-06 00:00:00.026000+00:00,1.25e-05
2026-05-06 01:00:00.002000+00:00,9.7325e-06
2026-05-06 02:00:00.010000+00:00,2.4816e-06
2026-05-06 03:00:00.061000+00:00,-4.56085e-05
2026-05-06 04:00:00.067000+00:00,-1.81331e-05
2026-05-06 05:00:00.011000+00:00,-1.94648e-05
2026-05-06 06:00:00.051000+00:00,-3.846e-05
2026-05-06 07:00:00.046000+00:00,1.25e-05
2026-05-06 08:00:00.014000+00:00,1.25e-05
2026-05-06 09:00:00.029000+00:00,-4.2802e-06
2026-05-06 10:00:00.058000+00:00,8.2908e-06
2026-05-06 11:00:00.012000+00:00,-5.7463e-06
2026-05-06 12:00:00.046000+00:00,-2.19185e-05
2026-05-06 13:00:00.027000+00:00,-3.03593e-05
2026-05-06 14:00:00.062000+00:00,1.2853e-06
2026-05-06 15:00:00.012000+00:00,1.25e-05
2026-05-06 16:00:00.063000+00:00,1.25e-05
2026-05-06 17:00:00.019000+00:00,-2.1101e-06
2026-05-06 18:00:00.065000+00:00,1.25e-05
2026-05-06 19:00:00.068000+00:00,1.25e-05
2026-05-06 20:00:00.077000+00:00,1.25e-05
2026-05-06 21:00:00.026000+00:00,1.25e-05
2026-05-06 22:00:00.045000+00:00,1.25e-05
2026-05-06 23:00:00+00:00,1.25e-05
2026-05-07 00:00:00.059000+00:00,1.25e-05
2026-05-07 01:00:00.065000+00:00,1.25e-05
2026-05-07 02:00:00.043000+00:00,1.25e-05
2026-05-07 03:00:00.030000+00:00,1.45896e-05
2026-05-07 04:00:00.026000+00:00,3.66555e-05
2026-05-07 05:00:00.051000+00:00,2.60838e-05
2026-05-07 06:00:00.013000+00:00,2.27311e-05
2026-05-07 07:00:00.061000+00:00,1.25e-05
2026-05-07 08:00:00.060000+00:00,1.25e-05
2026-05-07 09:00:00.013000+00:00,1.25e-05
2026-05-07 10:00:00.020000+00:00,1.25e-05
2026-05-07 11:00:00.037000+00:00,1.25e-05
2026-05-07 12:00:00.009000+00:00,1.25e-05
2026-05-07 13:00:00.041000+00:00,1.25e-05
2026-05-07 14:00:00.079000+00:00,1.25e-05
2026-05-07 15:00:00.021000+00:00,1.25e-05
2026-05-07 16:00:00.044000+00:00,1.25e-05
2026-05-07 17:00:00.070000+00:00,1.25e-05
2026-05-07 18:00:00.001000+00:00,1.25e-05
2026-05-07 19:00:00.025000+00:00,1.25e-05
2026-05-07 20:00:00.029000+00:00,1.25e-05
2026-05-07 21:00:00.026000+00:00,1.25e-05
2026-05-07 22:00:00.025000+00:00,1.25e-05
2026-05-07 23:00:00.057000+00:00,1.25e-05
2026-05-08 00:00:00.069000+00:00,1.25e-05
2026-05-08 01:00:00.002000+00:00,1.25e-05
2026-05-08 02:00:00.026000+00:00,1.25e-05
2026-05-08 03:00:00.048000+00:00,1.25e-05
2026-05-08 04:00:00.023000+00:00,1.25e-05
2026-05-08 05:00:00.023000+00:00,1.25e-05
2026-05-08 06:00:00.012000+00:00,1.25e-05
2026-05-08 07:00:00.012000+00:00,1.25e-05
2026-05-08 08:00:00.002000+00:00,1.25e-05
2026-05-08 09:00:00.038000+00:00,1.25e-05
2026-05-08 10:00:00.074000+00:00,1.25e-05
2026-05-08 11:00:00.003000+00:00,1.25e-05
2026-05-08 12:00:00.055000+00:00,1.25e-05
2026-05-08 13:00:00.029000+00:00,1.25e-05
2026-05-08 14:00:00.050000+00:00,1.25e-05
2026-05-08 15:00:00.064000+00:00,1.25e-05
2026-05-08 16:00:00.018000+00:00,1.25e-05
2026-05-08 17:00:00.053000+00:00,1.25e-05
2026-05-08 18:00:00.064000+00:00,1.25e-05
2026-05-08 19:00:00.038000+00:00,1.25e-05
2026-05-08 20:00:00.043000+00:00,1.25e-05
2026-05-08 21:00:00.041000+00:00,1.25e-05
2026-05-08 22:00:00.054000+00:00,1.25e-05
2026-05-08 23:00:00.009000+00:00,1.25e-05
2026-05-09 00:00:00+00:00,1.25e-05
2026-05-09 01:00:00.009000+00:00,1.25e-05
2026-05-09 02:00:00.018000+00:00,1.25e-05
2026-05-09 03:00:00.006000+00:00,1.25e-05
2026-05-09 04:00:00.003000+00:00,1.25e-05
2026-05-09 05:00:00.047000+00:00,1.25e-05
2026-05-09 06:00:00.038000+00:00,1.25e-05
2026-05-09 07:00:00.036000+00:00,1.25e-05
2026-05-09 08:00:00.024000+00:00,1.25e-05
2026-05-09 09:00:00.062000+00:00,1.25e-05
2026-05-09 10:00:00.026000+00:00,1.25e-05
2026-05-09 11:00:00.050000+00:00,1.25e-05
2026-05-09 12:00:00.059000+00:00,1.25e-05
2026-05-09 13:00:00+00:00,1.25e-05
2026-05-09 14:00:00.040000+00:00,1.25e-05
2026-05-09 15:00:00.053000+00:00,1.25e-05
2026-05-09 16:00:00.017000+00:00,2.5997e-06
2026-05-09 17:00:00.001000+00:00,8.486e-07
2026-05-09 18:00:00.017000+00:00,2.0627e-06
2026-05-09 19:00:00.018000+00:00,1.25e-05
2026-05-09 20:00:00.068000+00:00,1.25e-05
2026-05-09 21:00:00.051000+00:00,1.25e-05
2026-05-09 22:00:00.008000+00:00,-9.207e-07
2026-05-09 23:00:00.025000+00:00,1.25e-05
2026-05-10 00:00:00.032000+00:00,1.25e-05
2026-05-10 01:00:00.048000+00:00,1.25e-05
2026-05-10 02:00:00.005000+00:00,1.25e-05
2026-05-10 03:00:00.065000+00:00,1.25e-05
2026-05-10 04:00:00.039000+00:00,-3.965e-07
2026-05-10 05:00:00.002000+00:00,1.25e-05
2026-05-10 06:00:00.045000+00:00,1.25e-05
2026-05-10 07:00:00.044000+00:00,1.25e-05
2026-05-10 08:00:00.015000+00:00,1.25e-05
2026-05-10 09:00:00.013000+00:00,1.25e-05
2026-05-10 10:00:00.065000+00:00,1.25e-05
2026-05-10 11:00:00+00:00,3.6491e-06
2026-05-10 12:00:00.050000+00:00,-3.1874e-06
2026-05-10 13:00:00.020000+00:00,1.25e-05
2026-05-10 14:00:00.012000+00:00,1.25e-05
2026-05-10 15:00:00.019000+00:00,1.25e-05
2026-05-10 16:00:00.019000+00:00,1.25e-05
2026-05-10 17:00:00.006000+00:00,1.25e-05
2026-05-10 18:00:00.007000+00:00,1.25e-05
2026-05-10 19:00:00.038000+00:00,1.4482e-06
2026-05-10 20:00:00.068000+00:00,1.25e-05
2026-05-10 21:00:00.002000+00:00,9.3074e-06
2026-05-10 22:00:00.042000+00:00,-4.707e-07
2026-05-10 23:00:00.083000+00:00,-1.8364e-06
2026-05-11 00:00:00.028000+00:00,4.1033e-06
2026-05-11 01:00:00.001000+00:00,1.25e-05
2026-05-11 02:00:00.074000+00:00,9.407e-06
2026-05-11 03:00:00.051000+00:00,-2.518e-05
2026-05-11 04:00:00.063000+00:00,2.7067e-06
2026-05-11 05:00:00.064000+00:00,9.109e-07
2026-05-11 06:00:00.017000+00:00,-7.6146e-06
2026-05-11 07:00:00.034000+00:00,1.25e-05
2026-05-11 08:00:00.079000+00:00,1.25e-05
2026-05-11 09:00:00.051000+00:00,1.25e-05
2026-05-11 10:00:00.007000+00:00,1.25e-05
2026-05-11 11:00:00.059000+00:00,1.25e-05
2026-05-11 12:00:00.038000+00:00,1.25e-05
2026-05-11 13:00:00.052000+00:00,1.25e-05
2026-05-11 14:00:00.014000+00:00,1.25e-05
2026-05-11 15:00:00.033000+00:00,1.25e-05
2026-05-11 16:00:00.025000+00:00,1.25e-05
2026-05-11 17:00:00.005000+00:00,1.25e-05
2026-05-11 18:00:00.015000+00:00,1.25e-05
2026-05-11 19:00:00.033000+00:00,-1.19711e-05
2026-05-11 20:00:00.044000+00:00,-2.33481e-05
2026-05-11 21:00:00.034000+00:00,-9.7581e-06
2026-05-11 22:00:00.039000+00:00,-1.03357e-05
2026-05-11 23:00:00.005000+00:00,-3.3601e-06
2026-05-12 00:00:00.040000+00:00,1.25e-05
2026-05-12 01:00:00.019000+00:00,1.6087e-06
2026-05-12 02:00:00.065000+00:00,1.11564e-05
2026-05-12 03:00:00.018000+00:00,1.25e-05
2026-05-12 04:00:00.027000+00:00,1.25e-05
2026-05-12 05:00:00.020000+00:00,1.25e-05
2026-05-12 06:00:00.058000+00:00,1.25e-05
2026-05-12 07:00:00.008000+00:00,1.25e-05
2026-05-12 08:00:00.010000+00:00,1.25e-05
2026-05-12 09:00:00.005000+00:00,1.25e-05
2026-05-12 10:00:00.036000+00:00,1.25e-05
2026-05-12 11:00:00.001000+00:00,1.25e-05
2026-05-12 12:00:00.020000+00:00,1.25e-05
2026-05-12 13:00:00.033000+00:00,1.25e-05
2026-05-12 14:00:00.005000+00:00,1.25e-05
2026-05-12 15:00:00.008000+00:00,1.25e-05
2026-05-12 16:00:00.023000+00:00,1.25e-05
2026-05-12 17:00:00.037000+00:00,1.25e-05
2026-05-12 18:00:00.037000+00:00,1.25e-05
2026-05-12 19:00:00.061000+00:00,1.25e-05
2026-05-12 20:00:00.021000+00:00,1.25e-05
2026-05-12 21:00:00.063000+00:00,1.25e-05
2026-05-12 22:00:00.054000+00:00,1.25e-05
2026-05-12 23:00:00.054000+00:00,1.25e-05
2026-05-13 00:00:00.016000+00:00,1.25e-05
2026-05-13 01:00:00.036000+00:00,1.25e-05
2026-05-13 02:00:00.050000+00:00,1.25e-05
2026-05-13 03:00:00.058000+00:00,1.25e-05
2026-05-13 04:00:00.066000+00:00,1.25e-05
2026-05-13 05:00:00.005000+00:00,1.25e-05
2026-05-13 06:00:00.016000+00:00,1.25e-05
2026-05-13 07:00:00.003000+00:00,-6.7434e-06
2026-05-13 08:00:00.046000+00:00,-3.3103e-06
2026-05-13 09:00:00.025000+00:00,-8.8799e-06
2026-05-13 10:00:00.006000+00:00,1.13337e-05
2026-05-13 11:00:00.013000+00:00,5.8426e-06
2026-05-13 12:00:00.048000+00:00,1.25e-05
2026-05-13 13:00:00.052000+00:00,1.25e-05
2026-05-13 14:00:00.024000+00:00,1.25e-05
2026-05-13 15:00:00.005000+00:00,1.25e-05
2026-05-13 16:00:00.041000+00:00,1.25e-05
2026-05-13 17:00:00.031000+00:00,1.25e-05
2026-05-13 18:00:00.014000+00:00,1.25e-05
2026-05-13 19:00:00.037000+00:00,1.25e-05
2026-05-13 20:00:00.043000+00:00,1.25e-05
2026-05-13 21:00:00.045000+00:00,1.25e-05
2026-05-13 22:00:00.004000+00:00,1.25e-05
2026-05-13 23:00:00.051000+00:00,1.25e-05
2026-05-14 00:00:00.062000+00:00,1.25e-05
2026-05-14 01:00:00.013000+00:00,1.25e-05
2026-05-14 02:00:00.012000+00:00,1.25e-05
2026-05-14 03:00:00.011000+00:00,1.25e-05
2026-05-14 04:00:00.047000+00:00,1.25e-05
2026-05-14 05:00:00.013000+00:00,1.25e-05
2026-05-14 06:00:00.014000+00:00,1.25e-05
2026-05-14 07:00:00.043000+00:00,1.25e-05
2026-05-14 08:00:00.035000+00:00,1.25e-05
2026-05-14 09:00:00.066000+00:00,1.25e-05
2026-05-14 10:00:00+00:00,1.25e-05
2026-05-14 11:00:00.034000+00:00,1.25e-05
2026-05-14 12:00:00.001000+00:00,1.25e-05
2026-05-14 13:00:00.032000+00:00,1.25e-05
2026-05-14 14:00:00.002000+00:00,1.25e-05
2026-05-14 15:00:00.003000+00:00,2.42397e-05
2026-05-14 16:00:00.047000+00:00,1.25e-05
2026-05-14 17:00:00.043000+00:00,1.25e-05
2026-05-14 18:00:00.066000+00:00,1.25e-05
2026-05-14 19:00:00.050000+00:00,1.25e-05
2026-05-14 20:00:00.004000+00:00,1.25e-05
2026-05-14 21:00:00.042000+00:00,-1.0061e-05
2026-05-14 22:00:00.026000+00:00,-2.4148e-06
2026-05-14 23:00:00.062000+00:00,1.25e-05
2026-05-15 00:00:00.071000+00:00,1.25e-05
2026-05-15 01:00:00.009000+00:00,1.25e-05
2026-05-15 02:00:00.030000+00:00,1.25e-05
2026-05-15 03:00:00.043000+00:00,1.25e-05
2026-05-15 04:00:00.003000+00:00,1.25e-05
2026-05-15 05:00:00.001000+00:00,1.25e-05
2026-05-15 06:00:00.044000+00:00,1.05411e-05
2026-05-15 07:00:00.034000+00:00,1.25e-05
2026-05-15 08:00:00.064000+00:00,1.25e-05
2026-05-15 09:00:00.005000+00:00,1.25e-05
2026-05-15 10:00:00.060000+00:00,1.25e-05
2026-05-15 11:00:00.038000+00:00,1.25e-05
2026-05-15 12:00:00.064000+00:00,1.25e-05
2026-05-15 13:00:00.023000+00:00,1.25e-05
2026-05-15 14:00:00.006000+00:00,1.25e-05
2026-05-15 15:00:00.044000+00:00,1.25e-05
2026-05-15 16:00:00.007000+00:00,1.25e-05
2026-05-15 17:00:00.060000+00:00,1.25e-05
2026-05-15 18:00:00.019000+00:00,1.25e-05
2026-05-15 19:00:00.018000+00:00,1.25e-05
2026-05-15 20:00:00.015000+00:00,1.25e-05
2026-05-15 21:00:00.028000+00:00,1.25e-05
2026-05-15 22:00:00.049000+00:00,1.25e-05
2026-05-15 23:00:00.060000+00:00,1.25e-05
2026-05-16 00:00:00.027000+00:00,1.25e-05
2026-05-16 01:00:00.021000+00:00,5.0814e-06
2026-05-16 02:00:00.038000+00:00,1.25e-05
2026-05-16 03:00:00.011000+00:00,1.25e-05
2026-05-16 04:00:00.008000+00:00,1.25e-05
2026-05-16 05:00:00.023000+00:00,1.25e-05
2026-05-16 06:00:00.064000+00:00,1.05888e-05
2026-05-16 07:00:00.006000+00:00,1.25e-05
2026-05-16 08:00:00.011000+00:00,1.25e-05
2026-05-16 09:00:00.078000+00:00,1.25e-05
2026-05-16 10:00:00.062000+00:00,1.25e-05
2026-05-16 11:00:00.002000+00:00,1.25e-05
2026-05-16 12:00:00.005000+00:00,1.25e-05
2026-05-16 13:00:00.061000+00:00,1.25e-05
2026-05-16 14:00:00.057000+00:00,1.25e-05
2026-05-16 15:00:00.025000+00:00,1.25e-05
2026-05-16 16:00:00.094000+00:00,1.25e-05
2026-05-16 17:00:00.048000+00:00,1.25e-05
2026-05-16 18:00:00.018000+00:00,1.25e-05
2026-05-16 19:00:00.075000+00:00,1.25e-05
2026-05-16 20:00:00.048000+00:00,1.25e-05
2026-05-16 21:00:00.049000+00:00,1.25e-05
2026-05-16 22:00:00.029000+00:00,1.20815e-05
2026-05-16 23:00:00.023000+00:00,1.25e-05
2026-05-17 00:00:00.019000+00:00,1.25e-05
2026-05-17 01:00:00.017000+00:00,1.25e-05
2026-05-17 02:00:00.062000+00:00,1.25e-05
2026-05-17 03:00:00.038000+00:00,-8.8656e-06
2026-05-17 04:00:00.049000+00:00,1.10584e-05
2026-05-17 05:00:00.018000+00:00,1.25e-05
2026-05-17 06:00:00.056000+00:00,1.25e-05
2026-05-17 07:00:00.051000+00:00,-3.9401e-05
2026-05-17 08:00:00.048000+00:00,-1.48334e-05
2026-05-17 09:00:00.010000+00:00,-6.1321e-06
2026-05-17 10:00:00.039000+00:00,1.25e-05
2026-05-17 11:00:00.016000+00:00,1.13333e-05
2026-05-17 12:00:00.014000+00:00,-2.26894e-05
2026-05-17 13:00:00.031000+00:00,-1.91584e-05
2026-05-17 14:00:00.058000+00:00,-1.55708e-05
2026-05-17 15:00:00.036000+00:00,8.4097e-06
2026-05-17 16:00:00.030000+00:00,1.25e-05
2026-05-17 17:00:00.025000+00:00,1.25e-05
2026-05-17 18:00:00.010000+00:00,1.25e-05
2026-05-17 19:00:00.032000+00:00,1.25e-05
2026-05-17 20:00:00.020000+00:00,1.25e-05
2026-05-17 21:00:00.040000+00:00,5.0458e-06
2026-05-17 22:00:00.040000+00:00,-2.895e-07
2026-05-17 23:00:00.035000+00:00,-5.0556e-06
2026-05-18 00:00:00.029000+00:00,-1.81509e-05
2026-05-18 01:00:00.063000+00:00,1.25e-05
2026-05-18 02:00:00.013000+00:00,1.25e-05
2026-05-18 03:00:00.036000+00:00,1.25e-05
2026-05-18 04:00:00.064000+00:00,1.25e-05
2026-05-18 05:00:00.001000+00:00,1.25e-05
2026-05-18 06:00:00.055000+00:00,1.25e-05
2026-05-18 07:00:00.056000+00:00,1.25e-05
2026-05-18 08:00:00.006000+00:00,1.25e-05
2026-05-18 09:00:00.014000+00:00,1.25e-05
2026-05-18 10:00:00.046000+00:00,1.25e-05
2026-05-18 11:00:00.036000+00:00,1.25e-05
2026-05-18 12:00:00.049000+00:00,1.25e-05
2026-05-18 13:00:00.017000+00:00,1.25e-05
2026-05-18 14:00:00.012000+00:00,-3.86938e-05
2026-05-18 15:00:00.010000+00:00,-9.4772e-05
2026-05-18 16:00:00.018000+00:00,-2.75076e-05
2026-05-18 17:00:00.058000+00:00,1.25e-05
2026-05-18 18:00:00.004000+00:00,1.10954e-05
2026-05-18 19:00:00.025000+00:00,-6.6097e-06
2026-05-18 20:00:00.028000+00:00,1.25e-05
2026-05-18 21:00:00.056000+00:00,1.25e-05
2026-05-18 22:00:00.030000+00:00,1.25e-05
2026-05-18 23:00:00.051000+00:00,1.25e-05
2026-05-19 00:00:00.076000+00:00,1.25e-05
2026-05-19 01:00:00.068000+00:00,1.25e-05
2026-05-19 02:00:00.015000+00:00,1.25e-05
2026-05-19 03:00:00.011000+00:00,1.25e-05
2026-05-19 04:00:00.005000+00:00,1.25e-05
2026-05-19 05:00:00.006000+00:00,-5.934e-07
2026-05-19 06:00:00.005000+00:00,-2.31223e-05
2026-05-19 07:00:00.011000+00:00,1.25e-05
2026-05-19 08:00:00.002000+00:00,-5.5207e-06
2026-05-19 09:00:00.038000+00:00,-1.89181e-05
2026-05-19 10:00:00.119000+00:00,-3.33263e-05
2026-05-19 11:00:00.046000+00:00,-1.92393e-05
2026-05-19 12:00:00.006000+00:00,1.25e-05
2026-05-19 13:00:00.004000+00:00,6.6666e-06
2026-05-19 14:00:00.046000+00:00,1.25e-05
2026-05-19 15:00:00.024000+00:00,1.25e-05
2026-05-19 16:00:00.021000+00:00,-7.3373e-06
2026-05-19 17:00:00.012000+00:00,8.1894e-06
2026-05-19 18:00:00.033000+00:00,1.25e-05
2026-05-19 19:00:00.016000+00:00,1.17231e-05
2026-05-19 20:00:00.064000+00:00,-8.1706e-06
2026-05-19 21:00:00.051000+00:00,-2.68128e-05
2026-05-19 22:00:00.037000+00:00,-2.34475e-05
2026-05-19 23:00:00.001000+00:00,-2.35021e-05
2026-05-20 00:00:00.009000+00:00,8.6583e-06
2026-05-20 01:00:00.030000+00:00,1.25e-05
2026-05-20 02:00:00.030000+00:00,1.25e-05
2026-05-20 03:00:00.073000+00:00,1.25e-05
2026-05-20 04:00:00.039000+00:00,1.25e-05
2026-05-20 05:00:00.020000+00:00,8.2904e-06
2026-05-20 06:00:00.034000+00:00,1.25e-05
2026-05-20 07:00:00.054000+00:00,1.25e-05
2026-05-20 08:00:00.081000+00:00,1.25e-05
2026-05-20 09:00:00.011000+00:00,-3.23763e-05
2026-05-20 10:00:00.027000+00:00,1.25e-05
2026-05-20 11:00:00.044000+00:00,1.25e-05
2026-05-20 12:00:00.039000+00:00,1.25e-05
2026-05-20 13:00:00.022000+00:00,-6.86375e-05
2026-05-20 14:00:00.022000+00:00,-2.3024e-06
2026-05-20 15:00:00.052000+00:00,1.25e-05
2026-05-20 16:00:00.041000+00:00,1.25e-05
2026-05-20 17:00:00.014000+00:00,-9.0166e-06
2026-05-20 18:00:00.030000+00:00,-1.27869e-05
2026-05-20 19:00:00.047000+00:00,-6.91575e-05
2026-05-20 20:00:00.014000+00:00,-6.91112e-05
2026-05-20 21:00:00.054000+00:00,-4.85365e-05
2026-05-20 22:00:00.084000+00:00,-5.94305e-05
2026-05-20 23:00:00.041000+00:00,1.25e-05
2026-05-21 00:00:00.086000+00:00,1.25e-05
2026-05-21 01:00:00+00:00,1.25e-05
2026-05-21 02:00:00.020000+00:00,1.25e-05
2026-05-21 03:00:00.062000+00:00,-1.5567e-06
2026-05-21 04:00:00.053000+00:00,1.986e-07
2026-05-21 05:00:00.042000+00:00,1.25e-05
2026-05-21 06:00:00.049000+00:00,-9.4928e-06
2026-05-21 07:00:00.047000+00:00,1.25e-05
2026-05-21 08:00:00.055000+00:00,1.25e-05
2026-05-21 09:00:00.023000+00:00,6.3703e-06
2026-05-21 10:00:00.064000+00:00,1.25e-05
2026-05-21 11:00:00.033000+00:00,1.1461e-06
2026-05-21 12:00:00.034000+00:00,1.25e-05
2026-05-21 13:00:00.045000+00:00,1.25e-05
2026-05-21 14:00:00.050000+00:00,1.25e-05
2026-05-21 15:00:00.017000+00:00,1.89956e-05
2026-05-21 16:00:00.025000+00:00,7.45654e-05
2026-05-21 17:00:00+00:00,8.92041e-05
2026-05-21 18:00:00.024000+00:00,1.25e-05
2026-05-21 19:00:00.021000+00:00,1.25e-05
2026-05-21 20:00:00.036000+00:00,1.25e-05
2026-05-21 21:00:00.011000+00:00,1.25e-05
2026-05-21 22:00:00.008000+00:00,1.25e-05
2026-05-21 23:00:00.065000+00:00,1.25e-05
2026-05-22 00:00:00.060000+00:00,1.25e-05
2026-05-22 01:00:00.003000+00:00,5.86463e-05
2026-05-22 02:00:00.021000+00:00,5.68361e-05
2026-05-22 03:00:00.022000+00:00,1.25e-05
2026-05-22 04:00:00.017000+00:00,1.25e-05
2026-05-22 05:00:00.023000+00:00,1.25e-05
2026-05-22 06:00:00.051000+00:00,1.25e-05
2026-05-22 07:00:00.006000+00:00,1.25e-05
2026-05-22 08:00:00.011000+00:00,1.25e-05
2026-05-22 09:00:00.045000+00:00,1.25e-05
2026-05-22 10:00:00.026000+00:00,1.25e-05
2026-05-22 11:00:00.051000+00:00,1.25e-05
2026-05-22 12:00:00.027000+00:00,1.25e-05
2026-05-22 13:00:00.050000+00:00,1.25e-05
2026-05-22 14:00:00.017000+00:00,1.25e-05
2026-05-22 15:00:00.066000+00:00,1.25e-05
2026-05-22 16:00:00.062000+00:00,4.6802e-06
2026-05-22 17:00:00.029000+00:00,1.04546e-05
2026-05-22 18:00:00.016000+00:00,1.25e-05
2026-05-22 19:00:00.007000+00:00,2.3589e-06
2026-05-22 20:00:00.011000+00:00,-2.31711e-05
2026-05-22 21:00:00.002000+00:00,1.25e-05
2026-05-22 22:00:00+00:00,1.25e-05
2026-05-22 23:00:00.031000+00:00,1.25e-05
2026-05-23 00:00:00.006000+00:00,1.25e-05
2026-05-23 01:00:00.002000+00:00,1.25e-05
2026-05-23 02:00:00.041000+00:00,1.25e-05
2026-05-23 03:00:00.019000+00:00,1.25e-05
2026-05-23 04:00:00.053000+00:00,1.25e-05
2026-05-23 05:00:00.048000+00:00,1.25e-05
2026-05-23 06:00:00.036000+00:00,1.25e-05
2026-05-23 07:00:00.066000+00:00,1.25e-05
2026-05-23 08:00:00.034000+00:00,1.25e-05
2026-05-23 09:00:00.067000+00:00,1.25e-05
2026-05-23 10:00:00.023000+00:00,1.25e-05
2026-05-23 11:00:00.030000+00:00,1.25e-05
2026-05-23 12:00:00.039000+00:00,1.25e-05
2026-05-23 13:00:00.035000+00:00,1.25e-05
2026-05-23 14:00:00.062000+00:00,1.25e-05
2026-05-23 15:00:00.004000+00:00,1.25e-05
2026-05-23 16:00:00.017000+00:00,1.25e-05
2026-05-23 17:00:00.014000+00:00,1.25e-05
2026-05-23 18:00:00.068000+00:00,1.25e-05
2026-05-23 19:00:00.020000+00:00,1.25e-05
2026-05-23 20:00:00.058000+00:00,1.25e-05
2026-05-23 21:00:00.077000+00:00,1.25e-05
2026-05-23 22:00:00.025000+00:00,1.25e-05
2026-05-23 23:00:00.064000+00:00,1.10324e-05
2026-05-24 00:00:00.038000+00:00,1.25e-05
2026-05-24 01:00:00.045000+00:00,3.5791e-06
2026-05-24 02:00:00.010000+00:00,1.25e-05
2026-05-24 03:00:00.005000+00:00,-1.48443e-05
2026-05-24 04:00:00.011000+00:00,-1.0171e-05
2026-05-24 05:00:00.055000+00:00,-7.7386e-06
2026-05-24 06:00:00.049000+00:00,1.25e-05
2026-05-24 07:00:00.038000+00:00,1.25e-05
2026-05-24 08:00:00.034000+00:00,1.25e-05
2026-05-24 09:00:00.048000+00:00,1.25e-05
2026-05-24 10:00:00.040000+00:00,-4.56214e-05
2026-05-24 11:00:00.057000+00:00,-1.64101e-05
2026-05-24 12:00:00.043000+00:00,-2.3759e-06
2026-05-24 13:00:00.052000+00:00,1.25e-05
2026-05-24 14:00:00.052000+00:00,1.03659e-05
2026-05-24 15:00:00.032000+00:00,-7.8942e-06
2026-05-24 16:00:00.024000+00:00,1.25e-05
2026-05-24 17:00:00.003000+00:00,-4.5395e-06
2026-05-24 18:00:00.030000+00:00,-1.16045e-05
2026-05-24 19:00:00.041000+00:00,4.1071e-06
2026-05-24 20:00:00+00:00,1.25e-05
2026-05-24 21:00:00.064000+00:00,1.25e-05
2026-05-24 22:00:00.015000+00:00,1.25e-05
2026-05-24 23:00:00.033000+00:00,1.25e-05
2026-05-25 00:00:00.025000+00:00,1.25e-05
2026-05-25 01:00:00.064000+00:00,1.25e-05
2026-05-25 02:00:00.016000+00:00,-1.40111e-05
2026-05-25 03:00:00.050000+00:00,-1.84954e-05
2026-05-25 04:00:00.031000+00:00,1.25e-05
2026-05-25 05:00:00.047000+00:00,1.25e-05
2026-05-25 06:00:00.042000+00:00,1.25e-05
2026-05-25 07:00:00.052000+00:00,1.25e-05
2026-05-25 08:00:00.016000+00:00,1.25e-05
2026-05-25 09:00:00.028000+00:00,1.25e-05
2026-05-25 10:00:00.021000+00:00,1.25e-05
2026-05-25 11:00:00.006000+00:00,-1.8408e-06
2026-05-25 12:00:00.041000+00:00,-7.2577e-06
2026-05-25 13:00:00.008000+00:00,-1.61619e-05
2026-05-25 14:00:00.059000+00:00,1.25e-05
2026-05-25 15:00:00.007000+00:00,1.25e-05
2026-05-25 16:00:00.039000+00:00,9.5653e-06
2026-05-25 17:00:00.058000+00:00,3.2789e-06
2026-05-25 18:00:00.047000+00:00,1.25e-05
2026-05-25 19:00:00.032000+00:00,1.25e-05
2026-05-25 20:00:00.052000+00:00,1.25e-05
2026-05-25 21:00:00.018000+00:00,1.25e-05
2026-05-25 22:00:00.006000+00:00,1.25e-05
2026-05-25 23:00:00.026000+00:00,1.25e-05
2026-05-26 00:00:00.040000+00:00,1.25e-05
2026-05-26 01:00:00.062000+00:00,1.25e-05
2026-05-26 02:00:00.054000+00:00,1.25e-05
2026-05-26 03:00:00.003000+00:00,1.25e-05
2026-05-26 04:00:00.070000+00:00,1.25e-05
2026-05-26 05:00:00.065000+00:00,1.25e-05
2026-05-26 06:00:00+00:00,1.25e-05
2026-05-26 07:00:00.049000+00:00,1.25e-05
2026-05-26 08:00:00.058000+00:00,1.0627e-05
2026-05-26 09:00:00.057000+00:00,1.25e-05
2026-05-26 10:00:00.044000+00:00,4.6295e-06
2026-05-26 11:00:00.020000+00:00,1.25e-05
2026-05-26 12:00:00.014000+00:00,1.25e-05
2026-05-26 13:00:00.069000+00:00,2.6659e-06
2026-05-26 14:00:00.051000+00:00,1.25e-05
2026-05-26 15:00:00.029000+00:00,1.25e-05
2026-05-26 16:00:00.057000+00:00,-7.3128e-06
2026-05-26 17:00:00.064000+00:00,1.25e-05
2026-05-26 18:00:00.049000+00:00,9.4068e-06
2026-05-26 19:00:00.056000+00:00,1.25e-05
2026-05-26 20:00:00.058000+00:00,1.25e-05
2026-05-26 21:00:00.049000+00:00,1.25e-05
2026-05-26 22:00:00.001000+00:00,-1.29086e-05
2026-05-26 23:00:00.051000+00:00,1.25e-05
2026-05-27 00:00:00.065000+00:00,9.2666e-06
2026-05-27 01:00:00.008000+00:00,9.678e-06
2026-05-27 02:00:00.053000+00:00,-1.3393e-05
2026-05-27 03:00:00.017000+00:00,-2.57214e-05
2026-05-27 04:00:00.028000+00:00,1.25e-05
2026-05-27 05:00:00.014000+00:00,-4.083e-06
2026-05-27 06:00:00.071000+00:00,1.25e-05
2026-05-27 07:00:00.045000+00:00,1.25e-05
2026-05-27 08:00:00.033000+00:00,1.25e-05
2026-05-27 09:00:00.026000+00:00,1.9923e-06
2026-05-27 10:00:00.049000+00:00,-1.2535e-06
2026-05-27 11:00:00.070000+00:00,-4.59018e-05
2026-05-27 12:00:00.022000+00:00,-3.62222e-05
2026-05-27 13:00:00.017000+00:00,1.25e-05
2026-05-27 14:00:00.009000+00:00,1.25e-05
2026-05-27 15:00:00.023000+00:00,1.25e-05
2026-05-27 16:00:00.056000+00:00,1.25e-05
2026-05-27 17:00:00.002000+00:00,1.25e-05
2026-05-27 18:00:00.010000+00:00,-2.56396e-05
2026-05-27 19:00:00.031000+00:00,1.25e-05
2026-05-27 20:00:00.047000+00:00,1.25e-05
2026-05-27 21:00:00.032000+00:00,1.25e-05
2026-05-27 22:00:00.045000+00:00,1.25e-05
2026-05-27 23:00:00.042000+00:00,1.25e-05
2026-05-28 00:00:00.013000+00:00,-1.22083e-05
2026-05-28 01:00:00.013000+00:00,-2.39903e-05
2026-05-28 02:00:00.044000+00:00,-2.64137e-05
2026-05-28 03:00:00.040000+00:00,-2.2577e-06
2026-05-28 04:00:00.023000+00:00,-7.7945e-06
2026-05-28 05:00:00.005000+00:00,1.25e-05
2026-05-28 06:00:00.060000+00:00,1.25e-05
2026-05-28 07:00:00.067000+00:00,1.25e-05
2026-05-28 08:00:00.036000+00:00,1.25e-05
2026-05-28 09:00:00.022000+00:00,-3.523e-07
2026-05-28 10:00:00.054000+00:00,1.25e-05
2026-05-28 11:00:00.027000+00:00,1.25e-05
2026-05-28 12:00:00.003000+00:00,1.25e-05
2026-05-28 13:00:00.059000+00:00,1.25e-05
2026-05-28 14:00:00.011000+00:00,1.25e-05
2026-05-28 15:00:00.054000+00:00,1.25e-05
2026-05-28 16:00:00.085000+00:00,1.25e-05
2026-05-28 17:00:00.054000+00:00,1.25e-05
2026-05-28 18:00:00.081000+00:00,1.01801e-05
2026-05-28 19:00:00.045000+00:00,6.0078e-06
2026-05-28 20:00:00.024000+00:00,1.25e-05
2026-05-28 21:00:00.054000+00:00,1.25e-05
2026-05-28 22:00:00.057000+00:00,1.25e-05
2026-05-28 23:00:00.062000+00:00,1.25e-05
2026-05-29 00:00:00.066000+00:00,1.25e-05
2026-05-29 01:00:00.046000+00:00,1.25e-05
2026-05-29 02:00:00.003000+00:00,1.25e-05
2026-05-29 03:00:00.035000+00:00,1.25e-05
2026-05-29 04:00:00.041000+00:00,1.25e-05
2026-05-29 05:00:00.056000+00:00,1.25e-05
2026-05-29 06:00:00.048000+00:00,1.25e-05
2026-05-29 07:00:00.013000+00:00,1.25e-05
2026-05-29 08:00:00.008000+00:00,1.25e-05
2026-05-29 09:00:00.061000+00:00,1.34569e-05
2026-05-29 10:00:00.035000+00:00,1.25e-05
2026-05-29 11:00:00.034000+00:00,1.25e-05
2026-05-29 12:00:00.030000+00:00,1.25e-05
2026-05-29 13:00:00.037000+00:00,1.25e-05
2026-05-29 14:00:00.045000+00:00,1.25e-05
2026-05-29 15:00:00.047000+00:00,1.25e-05
2026-05-29 16:00:00.042000+00:00,1.25e-05
2026-05-29 17:00:00.070000+00:00,-2.09965e-05
2026-05-29 18:00:00.058000+00:00,-2.43767e-05
2026-05-29 19:00:00.015000+00:00,-1.97572e-05
2026-05-29 20:00:00.023000+00:00,5.2924e-06
2026-05-29 21:00:00.009000+00:00,1.157e-05
2026-05-29 22:00:00.051000+00:00,-3.4555e-06
2026-05-29 23:00:00.004000+00:00,1.25e-05
2026-05-30 00:00:00.028000+00:00,-1.1975e-06
2026-05-30 01:00:00.060000+00:00,-1.73058e-05
2026-05-30 02:00:00.046000+00:00,1.25e-05
2026-05-30 03:00:00.016000+00:00,-5.1476e-06
2026-05-30 04:00:00.011000+00:00,-3.1657e-05
2026-05-30 05:00:00.025000+00:00,8.956e-06
2026-05-30 06:00:00.060000+00:00,5.8576e-06
2026-05-30 07:00:00.054000+00:00,-1.20293e-05
2026-05-30 08:00:00.009000+00:00,1.22569e-05
2026-05-30 09:00:00.066000+00:00,1.21003e-05
2026-05-30 10:00:00.023000+00:00,1.24561e-05
2026-05-30 11:00:00.024000+00:00,-5.5624e-06
2026-05-30 12:00:00.050000+00:00,1.25e-05
2026-05-30 13:00:00.053000+00:00,1.25e-05
2026-05-30 14:00:00.049000+00:00,1.25e-05
2026-05-30 15:00:00.029000+00:00,1.25e-05
2026-05-30 16:00:00.037000+00:00,1.25e-05
2026-05-30 17:00:00.070000+00:00,-2.33792e-05
2026-05-30 18:00:00.038000+00:00,1.25e-05
2026-05-30 19:00:00.053000+00:00,1.03141e-05
2026-05-30 20:00:00.009000+00:00,-3.7729e-06
2026-05-30 21:00:00.027000+00:00,1.25e-05
2026-05-30 22:00:00.060000+00:00,1.25e-05
2026-05-30 23:00:00.030000+00:00,1.25e-05
2026-05-31 00:00:00.055000+00:00,1.25e-05
2026-05-31 01:00:00.031000+00:00,1.25e-05
2026-05-31 02:00:00.062000+00:00,1.25e-05
2026-05-31 03:00:00.003000+00:00,1.25e-05
2026-05-31 04:00:00.040000+00:00,1.25e-05
2026-05-31 05:00:00.014000+00:00,4.52245e-05
2026-05-31 06:00:00.012000+00:00,1.25e-05
2026-05-31 07:00:00.007000+00:00,1.25e-05
2026-05-31 08:00:00.066000+00:00,1.27169e-05
2026-05-31 09:00:00.025000+00:00,3.22857e-05
2026-05-31 10:00:00.045000+00:00,1.25e-05
2026-05-31 11:00:00.064000+00:00,1.25e-05
2026-05-31 12:00:00.048000+00:00,1.25e-05
2026-05-31 13:00:00.065000+00:00,1.25e-05
2026-05-31 14:00:00.044000+00:00,1.29539e-05
2026-05-31 15:00:00.067000+00:00,1.25e-05
2026-05-31 16:00:00.042000+00:00,3.68732e-05
2026-05-31 17:00:00.009000+00:00,3.65282e-05
2026-05-31 18:00:00.037000+00:00,3.29912e-05
2026-05-31 19:00:00.023000+00:00,1.25e-05
2026-05-31 20:00:00.049000+00:00,2.12288e-05
2026-05-31 21:00:00.008000+00:00,1.2556e-05
2026-05-31 22:00:00.006000+00:00,2.40455e-05
2026-05-31 23:00:00.059000+00:00,0.0001285911
2026-06-01 00:00:00.050000+00:00,2.35765e-05
2026-06-01 01:00:00.010000+00:00,6.10203e-05
2026-06-01 02:00:00.046000+00:00,9.0531e-05
2026-06-01 03:00:00.011000+00:00,0.0001597154
2026-06-01 04:00:00.002000+00:00,5.06965e-05
2026-06-01 05:00:00.044000+00:00,1.92386e-05
2026-06-01 06:00:00.037000+00:00,4.18711e-05
2026-06-01 07:00:00.013000+00:00,2.07713e-05
2026-06-01 08:00:00.010000+00:00,1.25e-05
2026-06-01 09:00:00.047000+00:00,1.25e-05
2026-06-01 10:00:00.040000+00:00,1.25e-05
2026-06-01 11:00:00.055000+00:00,1.25e-05
2026-06-01 12:00:00.049000+00:00,1.26205e-05
2026-06-01 13:00:00.049000+00:00,1.25e-05
2026-06-01 14:00:00.037000+00:00,1.25e-05
2026-06-01 15:00:00.039000+00:00,7.0342e-05
2026-06-01 16:00:00.001000+00:00,5.55652e-05
2026-06-01 17:00:00.058000+00:00,0.0001010728
2026-06-01 18:00:00.025000+00:00,2.22364e-05
2026-06-01 19:00:00.027000+00:00,3.898e-05
2026-06-01 20:00:00.058000+00:00,1.78649e-05
2026-06-01 21:00:00.055000+00:00,1.25e-05
2026-06-01 22:00:00.044000+00:00,1.25e-05
2026-06-01 23:00:00.015000+00:00,2.80217e-05
2026-06-02 00:00:00.016000+00:00,8.80248e-05
2026-06-02 01:00:00.049000+00:00,1.25e-05
2026-06-02 02:00:00.054000+00:00,1.25e-05
2026-06-02 03:00:00.062000+00:00,1.25e-05
2026-06-02 04:00:00.063000+00:00,1.25e-05
2026-06-02 05:00:00.058000+00:00,1.25e-05
2026-06-02 06:00:00.028000+00:00,1.25e-05
2026-06-02 07:00:00.028000+00:00,1.25e-05
2026-06-02 08:00:00.005000+00:00,1.25e-05
2026-06-02 09:00:00.004000+00:00,1.25e-05
2026-06-02 10:00:00.060000+00:00,1.25e-05
2026-06-02 11:00:00.048000+00:00,1.25e-05
2026-06-02 12:00:00.006000+00:00,1.25e-05
2026-06-02 13:00:00.077000+00:00,1.25e-05
2026-06-02 14:00:00.037000+00:00,1.25e-05
2026-06-02 15:00:00.036000+00:00,3.57208e-05
2026-06-02 16:00:00.038000+00:00,3.6272e-05
2026-06-02 17:00:00.008000+00:00,6.4686e-05
2026-06-02 18:00:00.014000+00:00,5.30971e-05
2026-06-02 19:00:00.026000+00:00,8.82116e-05
2026-06-02 20:00:00.012000+00:00,0.0001383704
2026-06-02 21:00:00.028000+00:00,3.2043e-05
2026-06-02 22:00:00.035000+00:00,1.25e-05
2026-06-02 23:00:00.004000+00:00,1.25e-05
2026-06-03 00:00:00.019000+00:00,1.25e-05
2026-06-03 01:00:00.036000+00:00,1.25e-05
2026-06-03 02:00:00.062000+00:00,1.25e-05
2026-06-03 03:00:00.014000+00:00,1.25e-05
2026-06-03 04:00:00.013000+00:00,1.25e-05
2026-06-03 05:00:00.067000+00:00,3.00831e-05
2026-06-03 06:00:00.063000+00:00,4.77547e-05
2026-06-03 07:00:00.027000+00:00,1.25e-05
2026-06-03 08:00:00.040000+00:00,1.25e-05
2026-06-03 09:00:00.040000+00:00,1.25e-05
2026-06-03 10:00:00.062000+00:00,1.25e-05
2026-06-03 11:00:00.013000+00:00,1.25e-05
2026-06-03 12:00:00.046000+00:00,1.25e-05
2026-06-03 13:00:00.050000+00:00,1.25e-05
2026-06-03 14:00:00.007000+00:00,1.25e-05
2026-06-03 15:00:00.049000+00:00,1.25e-05
2026-06-03 16:00:00.028000+00:00,1.25e-05
2026-06-03 17:00:00.013000+00:00,1.25e-05
2026-06-03 18:00:00.020000+00:00,2.69733e-05
2026-06-03 19:00:00+00:00,2.40178e-05
2026-06-03 20:00:00.019000+00:00,1.68516e-05
2026-06-03 21:00:00.009000+00:00,1.6706e-05
2026-06-03 22:00:00.056000+00:00,2.8695e-05
2026-06-03 23:00:00.002000+00:00,4.67908e-05
2026-06-04 00:00:00.032000+00:00,4.03927e-05
2026-06-04 01:00:00.002000+00:00,3.05764e-05
2026-06-04 02:00:00.047000+00:00,2.5828e-05
2026-06-04 03:00:00.080000+00:00,4.5321e-05
2026-06-04 04:00:00.010000+00:00,0.0001143355
2026-06-04 05:00:00.076000+00:00,0.0001085056
2026-06-04 06:00:00.007000+00:00,1.25e-05
2026-06-04 07:00:00.059000+00:00,2.73461e-05
2026-06-04 08:00:00.004000+00:00,5.58704e-05
2026-06-04 09:00:00.027000+00:00,6.67976e-05
2026-06-04 10:00:00.015000+00:00,6.47945e-05
2026-06-04 11:00:00.025000+00:00,8.18603e-05
2026-06-04 12:00:00.078000+00:00,1.25e-05
2026-06-04 13:00:00.006000+00:00,1.25e-05
2026-06-04 14:00:00.014000+00:00,2.63872e-05
2026-06-04 15:00:00.006000+00:00,1.25e-05
2026-06-04 16:00:00.043000+00:00,1.25e-05
2026-06-04 17:00:00.015000+00:00,1.25e-05
2026-06-04 18:00:00.073000+00:00,1.25e-05
2026-06-04 19:00:00+00:00,1.25e-05
2026-06-04 20:00:00.031000+00:00,1.25e-05
2026-06-04 21:00:00.063000+00:00,6.9954e-06
2026-06-04 22:00:00.059000+00:00,1.25e-05
2026-06-04 23:00:00.046000+00:00,1.25e-05
2026-06-05 00:00:00.043000+00:00,1.25e-05
2026-06-05 01:00:00.052000+00:00,3.13286e-05
2026-06-05 02:00:00.003000+00:00,3.19121e-05
2026-06-05 03:00:00.006000+00:00,4.14853e-05
2026-06-05 04:00:00.016000+00:00,7.23884e-05
2026-06-05 05:00:00.021000+00:00,2.70037e-05
2026-06-05 06:00:00.019000+00:00,4.40875e-05
2026-06-05 07:00:00.021000+00:00,1.56151e-05
2026-06-05 08:00:00.042000+00:00,1.25e-05
2026-06-05 09:00:00.016000+00:00,1.25e-05
2026-06-05 10:00:00.050000+00:00,1.25e-05
2026-06-05 11:00:00.006000+00:00,1.25e-05
2026-06-05 12:00:00+00:00,1.25e-05
2026-06-05 13:00:00.043000+00:00,1.25e-05
2026-06-05 14:00:00+00:00,1.25e-05
2026-06-05 15:00:00.009000+00:00,1.25e-05
2026-06-05 16:00:00.015000+00:00,5.74266e-05
2026-06-05 17:00:00.002000+00:00,5.45274e-05
2026-06-05 18:00:00.016000+00:00,3.22705e-05
2026-06-05 19:00:00.012000+00:00,4.59139e-05
2026-06-05 20:00:00.028000+00:00,8.28633e-05
2026-06-05 21:00:00.020000+00:00,3.98735e-05
2026-06-05 22:00:00.051000+00:00,5.54339e-05
2026-06-05 23:00:00.054000+00:00,1.25e-05
2026-06-06 00:00:00.050000+00:00,1.25e-05
2026-06-06 01:00:00.030000+00:00,1.25e-05
2026-06-06 02:00:00.008000+00:00,1.25e-05
2026-06-06 03:00:00.034000+00:00,1.21211e-05
2026-06-06 04:00:00.023000+00:00,1.25e-05
2026-06-06 05:00:00.060000+00:00,1.25e-05
2026-06-06 06:00:00.032000+00:00,1.25e-05
2026-06-06 07:00:00.001000+00:00,1.25e-05
2026-06-06 08:00:00.036000+00:00,1.25e-05
2026-06-06 09:00:00.036000+00:00,1.25e-05
2026-06-06 10:00:00.063000+00:00,1.25e-05
2026-06-06 11:00:00.048000+00:00,1.25e-05
2026-06-06 12:00:00.046000+00:00,1.25e-05
2026-06-06 13:00:00.048000+00:00,1.25e-05
2026-06-06 14:00:00.030000+00:00,1.25e-05
2026-06-06 15:00:00.011000+00:00,1.25e-05
2026-06-06 16:00:00.033000+00:00,1.25e-05
2026-06-06 17:00:00.057000+00:00,1.25e-05
2026-06-06 18:00:00.049000+00:00,1.25e-05
2026-06-06 19:00:00.038000+00:00,1.25e-05
2026-06-06 20:00:00.003000+00:00,1.25e-05
2026-06-06 21:00:00.065000+00:00,1.25e-05
2026-06-06 22:00:00.025000+00:00,1.25e-05
2026-06-06 23:00:00.050000+00:00,1.25e-05
2026-06-07 00:00:00.085000+00:00,1.25e-05
2026-06-07 01:00:00.004000+00:00,1.25e-05
2026-06-07 02:00:00.006000+00:00,1.25e-05
2026-06-07 03:00:00.040000+00:00,1.25e-05
2026-06-07 04:00:00.034000+00:00,1.0309e-05
2026-06-07 05:00:00+00:00,1.07203e-05
2026-06-07 06:00:00.055000+00:00,1.25e-05
2026-06-07 07:00:00.034000+00:00,5.5524e-06
2026-06-07 08:00:00.059000+00:00,1.08809e-05
2026-06-07 09:00:00.063000+00:00,3.4912e-06
2026-06-07 10:00:00.024000+00:00,1.21376e-05
2026-06-07 11:00:00.042000+00:00,1.25e-05
2026-06-07 12:00:00.010000+00:00,1.25e-05
2026-06-07 13:00:00.027000+00:00,1.25e-05
2026-06-07 14:00:00.030000+00:00,1.25e-05
2026-06-07 15:00:00.011000+00:00,1.25e-05
2026-06-07 16:00:00.011000+00:00,1.25e-05
2026-06-07 17:00:00.053000+00:00,1.25e-05
2026-06-07 18:00:00.001000+00:00,1.25e-05
2026-06-07 19:00:00.055000+00:00,1.25e-05
2026-06-07 20:00:00.046000+00:00,1.25e-05
2026-06-07 21:00:00.028000+00:00,1.25e-05
2026-06-07 22:00:00.052000+00:00,1.25e-05
2026-06-07 23:00:00.003000+00:00,1.25e-05
2026-06-08 00:00:00.034000+00:00,1.25e-05
2026-06-08 01:00:00.034000+00:00,1.25e-05
2026-06-08 02:00:00.011000+00:00,1.25e-05
2026-06-08 03:00:00.005000+00:00,1.25e-05
2026-06-08 04:00:00.025000+00:00,1.25e-05
2026-06-08 05:00:00.046000+00:00,1.25e-05
2026-06-08 06:00:00.031000+00:00,1.25e-05
2026-06-08 07:00:00.063000+00:00,1.25e-05
2026-06-08 08:00:00.003000+00:00,1.25e-05
2026-06-08 09:00:00.009000+00:00,1.25e-05
2026-06-08 10:00:00.047000+00:00,1.25e-05
2026-06-08 11:00:00.017000+00:00,1.25e-05
2026-06-08 12:00:00.056000+00:00,1.25e-05
2026-06-08 13:00:00.057000+00:00,1.25e-05
2026-06-08 14:00:00.035000+00:00,5.40662e-05
2026-06-08 15:00:00.045000+00:00,1.25e-05
2026-06-08 16:00:00.055000+00:00,1.25e-05
2026-06-08 17:00:00.075000+00:00,1.25e-05
2026-06-08 18:00:00.012000+00:00,1.25e-05
2026-06-08 19:00:00.027000+00:00,1.25e-05
2026-06-08 20:00:00.032000+00:00,1.25e-05
2026-06-08 21:00:00.056000+00:00,1.25e-05
2026-06-08 22:00:00.019000+00:00,1.25e-05
2026-06-08 23:00:00.022000+00:00,1.25e-05
2026-06-09 00:00:00.005000+00:00,1.25e-05
2026-06-09 01:00:00.014000+00:00,1.25e-05
2026-06-09 02:00:00.051000+00:00,1.25e-05
2026-06-09 03:00:00.043000+00:00,1.25e-05
2026-06-09 04:00:00.002000+00:00,1.25e-05
2026-06-09 05:00:00.011000+00:00,2.88083e-05
2026-06-09 06:00:00.060000+00:00,2.22613e-05
2026-06-09 07:00:00.027000+00:00,1.26143e-05
2026-06-09 08:00:00.081000+00:00,1.73411e-05
2026-06-09 09:00:00.001000+00:00,1.25e-05
2026-06-09 10:00:00.031000+00:00,1.25e-05
2026-06-09 11:00:00.067000+00:00,1.25e-05
2026-06-09 12:00:00.036000+00:00,1.25e-05
2026-06-09 13:00:00.031000+00:00,1.25e-05
2026-06-09 14:00:00.014000+00:00,1.25e-05
2026-06-09 15:00:00.029000+00:00,1.25e-05
2026-06-09 16:00:00.059000+00:00,1.25e-05
2026-06-09 17:00:00.048000+00:00,1.25e-05
2026-06-09 18:00:00.032000+00:00,1.25e-05
2026-06-09 19:00:00.014000+00:00,1.25e-05
2026-06-09 20:00:00.045000+00:00,1.25e-05
2026-06-09 21:00:00.056000+00:00,1.25e-05
2026-06-09 22:00:00.063000+00:00,6.9788e-06
2026-06-09 23:00:00.059000+00:00,1.25e-05
2026-06-10 00:00:00.070000+00:00,1.25e-05
2026-06-10 01:00:00+00:00,1.25e-05
2026-06-10 02:00:00.069000+00:00,1.25e-05
2026-06-10 03:00:00.030000+00:00,1.25e-05
2026-06-10 04:00:00.056000+00:00,1.34345e-05
2026-06-10 05:00:00.003000+00:00,1.25e-05
2026-06-10 06:00:00.052000+00:00,1.25e-05
2026-06-10 07:00:00.059000+00:00,1.25e-05
2026-06-10 08:00:00.060000+00:00,1.25e-05
2026-06-10 09:00:00.053000+00:00,1.25e-05
2026-06-10 10:00:00.013000+00:00,1.25e-05
2026-06-10 11:00:00.011000+00:00,1.25e-05
2026-06-10 12:00:00.032000+00:00,1.25e-05
2026-06-10 13:00:00.058000+00:00,3.18152e-05
2026-06-10 14:00:00.031000+00:00,1.74661e-05
2026-06-10 15:00:00.057000+00:00,1.25e-05
2026-06-10 16:00:00.069000+00:00,1.25e-05
2026-06-10 17:00:00.012000+00:00,1.25e-05
2026-06-10 18:00:00.035000+00:00,1.25e-05
2026-06-10 19:00:00.046000+00:00,1.25e-05
2026-06-10 20:00:00.093000+00:00,1.25e-05
2026-06-10 21:00:00.023000+00:00,1.25e-05
2026-06-10 22:00:00.019000+00:00,2.23407e-05
2026-06-10 23:00:00.077000+00:00,1.25e-05
2026-06-11 00:00:00.009000+00:00,2.0582e-05
2026-06-11 01:00:00.039000+00:00,3.08526e-05
2026-06-11 02:00:00.020000+00:00,1.25e-05
2026-06-11 03:00:00.013000+00:00,1.25e-05
2026-06-11 04:00:00.009000+00:00,1.25e-05
2026-06-11 05:00:00.046000+00:00,1.25e-05
2026-06-11 06:00:00.039000+00:00,1.25e-05
2026-06-11 07:00:00.008000+00:00,1.25e-05
2026-06-11 08:00:00.045000+00:00,1.25e-05
2026-06-11 09:00:00.054000+00:00,1.25e-05
2026-06-11 10:00:00.038000+00:00,1.25e-05
2026-06-11 11:00:00.033000+00:00,1.25e-05
2026-06-11 12:00:00.033000+00:00,1.25e-05
2026-06-11 13:00:00.055000+00:00,1.25e-05
2026-06-11 14:00:00.020000+00:00,1.25e-05
2026-06-11 15:00:00.013000+00:00,1.25e-05
2026-06-11 16:00:00.017000+00:00,1.25e-05
2026-06-11 17:00:00.083000+00:00,1.25e-05
2026-06-11 18:00:00.016000+00:00,1.25e-05
2026-06-11 19:00:00.018000+00:00,1.25e-05
2026-06-11 20:00:00.005000+00:00,1.25e-05
2026-06-11 21:00:00.036000+00:00,-2.8809e-06
2026-06-11 22:00:00.073000+00:00,-1.55614e-05
2026-06-11 23:00:00.052000+00:00,-2.66082e-05
2026-06-12 00:00:00.013000+00:00,-7.309e-06
2026-06-12 01:00:00.025000+00:00,8.1792e-06
2026-06-12 02:00:00.033000+00:00,1.25e-05
2026-06-12 03:00:00.057000+00:00,1.25e-05
2026-06-12 04:00:00.009000+00:00,1.25e-05
2026-06-12 05:00:00.001000+00:00,1.25e-05
2026-06-12 06:00:00.056000+00:00,1.25e-05
2026-06-12 07:00:00.027000+00:00,1.25e-05
2026-06-12 08:00:00.035000+00:00,9.8695e-06
2026-06-12 09:00:00.010000+00:00,1.25e-05
2026-06-12 10:00:00.015000+00:00,1.04515e-05
2026-06-12 11:00:00.055000+00:00,1.25e-05
2026-06-12 12:00:00.007000+00:00,1.25e-05
2026-06-12 13:00:00.010000+00:00,1.25e-05
2026-06-12 14:00:00.052000+00:00,1.25e-05
2026-06-12 15:00:00.064000+00:00,1.25e-05
2026-06-12 16:00:00.005000+00:00,1.25e-05
2026-06-12 17:00:00.011000+00:00,6.8265e-06
2026-06-12 18:00:00.044000+00:00,-7.6745e-06
2026-06-12 19:00:00.018000+00:00,2.133e-06
2026-06-12 20:00:00.007000+00:00,-3.3416e-06
2026-06-12 21:00:00.026000+00:00,1.25e-05
2026-06-12 22:00:00.022000+00:00,1.25e-05
2026-06-12 23:00:00.025000+00:00,1.25e-05
2026-06-13 00:00:00.034000+00:00,1.25e-05
2026-06-13 01:00:00.044000+00:00,1.25e-05
2026-06-13 02:00:00.044000+00:00,1.25e-05
2026-06-13 03:00:00+00:00,1.25e-05
2026-06-13 04:00:00.040000+00:00,1.25e-05
2026-06-13 05:00:00.006000+00:00,1.25e-05
2026-06-13 06:00:00.043000+00:00,1.25e-05
2026-06-13 07:00:00.030000+00:00,1.00912e-05
2026-06-13 08:00:00.040000+00:00,1.25e-05
2026-06-13 09:00:00.053000+00:00,7.5593e-06
2026-06-13 10:00:00.009000+00:00,5.1047e-06
2026-06-13 11:00:00.051000+00:00,-2.11251e-05
2026-06-13 12:00:00+00:00,1.25e-05
2026-06-13 13:00:00.021000+00:00,1.25e-05
2026-06-13 14:00:00.056000+00:00,1.25e-05
2026-06-13 15:00:00.009000+00:00,1.25e-05
2026-06-13 16:00:00.004000+00:00,1.25e-05
2026-06-13 17:00:00.036000+00:00,1.25e-05
2026-06-13 18:00:00.014000+00:00,1.25e-05
2026-06-13 19:00:00.021000+00:00,1.25e-05
2026-06-13 20:00:00.035000+00:00,1.25e-05
2026-06-13 21:00:00.042000+00:00,1.25e-05
2026-06-13 22:00:00.013000+00:00,5.5307e-06
2026-06-13 23:00:00.023000+00:00,-5.8939e-06
2026-06-14 00:00:00.001000+00:00,-1.8341e-06
2026-06-14 01:00:00.042000+00:00,5.4497e-06
2026-06-14 02:00:00.025000+00:00,4.6913e-06
2026-06-14 03:00:00.005000+00:00,7.6545e-06
2026-06-14 04:00:00.004000+00:00,7.32e-08
2026-06-14 05:00:00.060000+00:00,-3.42557e-05
2026-06-14 06:00:00.020000+00:00,-3.0253e-05
2026-06-14 07:00:00.012000+00:00,1.7414e-06
2026-06-14 08:00:00.012000+00:00,1.25e-05
2026-06-14 09:00:00.044000+00:00,1.25e-05
2026-06-14 10:00:00.035000+00:00,1.25e-05
2026-06-14 11:00:00.048000+00:00,1.25e-05
2026-06-14 12:00:00.020000+00:00,1.25e-05
2026-06-14 13:00:00.056000+00:00,1.25e-05
2026-06-14 14:00:00.060000+00:00,1.25e-05
2026-06-14 15:00:00.056000+00:00,1.25e-05
2026-06-14 16:00:00.021000+00:00,1.25e-05
2026-06-14 17:00:00.045000+00:00,1.25e-05
2026-06-14 18:00:00.069000+00:00,-8.3008e-06
2026-06-14 19:00:00.035000+00:00,-6.991e-07
2026-06-14 20:00:00.066000+00:00,1.25e-05
2026-06-14 21:00:00.006000+00:00,1.25e-05
2026-06-14 22:00:00+00:00,1.25e-05
2026-06-14 23:00:00.037000+00:00,1.25e-05
2026-06-15 00:00:00.049000+00:00,1.25e-05
2026-06-15 01:00:00.042000+00:00,4.615e-07
2026-06-15 02:00:00.063000+00:00,-2.34377e-05
2026-06-15 03:00:00.033000+00:00,-1.11329e-05
2026-06-15 04:00:00.023000+00:00,1.25e-05
2026-06-15 05:00:00.034000+00:00,1.25e-05
2026-06-15 06:00:00+00:00,1.25e-05
2026-06-15 07:00:00.033000+00:00,1.25e-05
2026-06-15 08:00:00.043000+00:00,1.25e-05
2026-06-15 09:00:00.039000+00:00,1.25e-05
2026-06-15 10:00:00.048000+00:00,1.25e-05
2026-06-15 11:00:00.029000+00:00,1.25e-05
2026-06-15 12:00:00+00:00,2.30482e-05
2026-06-15 13:00:00.063000+00:00,1.25e-05
2026-06-15 14:00:00.031000+00:00,1.25e-05
2026-06-15 15:00:00.041000+00:00,1.25e-05
2026-06-15 16:00:00.005000+00:00,1.25e-05
2026-06-15 17:00:00.050000+00:00,1.25e-05
2026-06-15 18:00:00.012000+00:00,1.25e-05
2026-06-15 19:00:00.021000+00:00,1.25e-05
2026-06-15 20:00:00.038000+00:00,1.25e-05
2026-06-15 21:00:00.032000+00:00,1.25e-05
2026-06-15 22:00:00.024000+00:00,1.25e-05
2026-06-15 23:00:00.029000+00:00,1.25e-05
2026-06-16 00:00:00.049000+00:00,1.25e-05
2026-06-16 01:00:00.062000+00:00,1.25e-05
2026-06-16 02:00:00.020000+00:00,1.25e-05
2026-06-16 03:00:00.030000+00:00,1.25e-05
2026-06-16 04:00:00.067000+00:00,1.25e-05
2026-06-16 05:00:00.040000+00:00,1.25e-05
2026-06-16 06:00:00.054000+00:00,1.25e-05
2026-06-16 07:00:00.002000+00:00,3.91239e-05
2026-06-16 08:00:00.014000+00:00,3.0431e-05
2026-06-16 09:00:00.032000+00:00,1.25e-05
2026-06-16 10:00:00.053000+00:00,1.73149e-05
2026-06-16 11:00:00.052000+00:00,0.0001180329
2026-06-16 12:00:00.012000+00:00,0.0001161238
2026-06-16 13:00:00.018000+00:00,8.02643e-05
2026-06-16 14:00:00.003000+00:00,3.02636e-05
2026-06-16 15:00:00.025000+00:00,6.24203e-05
2026-06-16 16:00:00.006000+00:00,6.42237e-05
2026-06-16 17:00:00.014000+00:00,1.91497e-05
2026-06-16 18:00:00.055000+00:00,1.25e-05
2026-06-16 19:00:00.059000+00:00,1.25e-05
2026-06-16 20:00:00.016000+00:00,1.25e-05
2026-06-16 21:00:00.008000+00:00,1.25e-05
2026-06-16 22:00:00.006000+00:00,1.25e-05
2026-06-16 23:00:00.065000+00:00,1.25e-05
2026-06-17 00:00:00.032000+00:00,1.25e-05
2026-06-17 01:00:00.044000+00:00,1.25e-05
2026-06-17 02:00:00.023000+00:00,1.25e-05
2026-06-17 03:00:00.051000+00:00,1.9818e-05
2026-06-17 04:00:00+00:00,1.25e-05
2026-06-17 05:00:00.013000+00:00,1.25e-05
2026-06-17 06:00:00.002000+00:00,1.25e-05
2026-06-17 07:00:00.050000+00:00,1.25e-05
2026-06-17 08:00:00.007000+00:00,1.25e-05
2026-06-17 09:00:00.041000+00:00,1.25e-05
2026-06-17 10:00:00.045000+00:00,1.25e-05
2026-06-17 11:00:00.045000+00:00,1.25e-05
2026-06-17 12:00:00.050000+00:00,1.25e-05
2026-06-17 13:00:00.010000+00:00,1.25e-05
2026-06-17 14:00:00.055000+00:00,1.25e-05
2026-06-17 15:00:00.065000+00:00,1.25e-05
2026-06-17 16:00:00.021000+00:00,1.25e-05
2026-06-17 17:00:00.008000+00:00,1.25e-05
2026-06-17 18:00:00.085000+00:00,1.76769e-05
2026-06-17 19:00:00.014000+00:00,1.25e-05
2026-06-17 20:00:00.002000+00:00,-9.5834e-06
2026-06-17 21:00:00.044000+00:00,1.25e-05
2026-06-17 22:00:00.055000+00:00,1.25e-05
2026-06-17 23:00:00.018000+00:00,1.25e-05
2026-06-18 00:00:00.025000+00:00,1.25e-05
2026-06-18 01:00:00.017000+00:00,4.30301e-05
2026-06-18 02:00:00.016000+00:00,1.98815e-05
2026-06-18 03:00:00.014000+00:00,1.25e-05
2026-06-18 04:00:00.006000+00:00,1.25e-05
2026-06-18 05:00:00.058000+00:00,1.25e-05
2026-06-18 06:00:00.043000+00:00,1.25e-05
2026-06-18 07:00:00.049000+00:00,1.25e-05
2026-06-18 08:00:00.053000+00:00,1.25e-05
2026-06-18 09:00:00.012000+00:00,1.25e-05
2026-06-18 10:00:00.028000+00:00,1.25e-05
2026-06-18 11:00:00.027000+00:00,1.25e-05
2026-06-18 12:00:00.055000+00:00,1.25e-05
2026-06-18 13:00:00.033000+00:00,1.25e-05
2026-06-18 14:00:00.057000+00:00,1.25e-05
2026-06-18 15:00:00.016000+00:00,3.61183e-05
2026-06-18 16:00:00.053000+00:00,4.02931e-05
2026-06-18 17:00:00.046000+00:00,8.59543e-05
2026-06-18 18:00:00.046000+00:00,7.58158e-05
2026-06-18 19:00:00.059000+00:00,8.67827e-05
2026-06-18 20:00:00.014000+00:00,3.80914e-05
2026-06-18 21:00:00.066000+00:00,6.67921e-05
2026-06-18 22:00:00.060000+00:00,5.55748e-05
2026-06-18 23:00:00.062000+00:00,3.22336e-05
2026-06-19 00:00:00.011000+00:00,2.84533e-05
2026-06-19 01:00:00.007000+00:00,2.21251e-05
2026-06-19 02:00:00.023000+00:00,1.25e-05
2026-06-19 03:00:00.002000+00:00,1.25e-05
2026-06-19 04:00:00.042000+00:00,1.25e-05
2026-06-19 05:00:00.002000+00:00,1.25e-05
2026-06-19 06:00:00.022000+00:00,1.25e-05
2026-06-19 07:00:00.062000+00:00,1.25e-05
2026-06-19 08:00:00.051000+00:00,1.25e-05
2026-06-19 09:00:00.032000+00:00,1.25e-05
2026-06-19 10:00:00.018000+00:00,1.25e-05
2026-06-19 11:00:00+00:00,1.25e-05
2026-06-19 12:00:00.053000+00:00,1.25e-05
2026-06-19 13:00:00.015000+00:00,1.25e-05
