time,fundingRate
2023-06-01 00:00:00.008000+00:00,3.16e-06
2023-06-01 08:00:00.012000+00:00,0.0001
2023-06-01 16:00:00+00:00,0.0001
2023-06-02 00:00:00+00:00,0.0001
2023-06-02 08:00:00.006000+00:00,0.0001
2023-06-02 16:00:00.012000+00:00,0.0001
2023-06-03 00:00:00+00:00,0.0001
2023-06-03 08:00:00.011000+00:00,0.0001
2023-06-03 16:00:00.003000+00:00,0.0001
2023-06-04 00:00:00+00:00,0.0001
2023-06-04 08:00:00+00:00,0.0001
2023-06-04 16:00:00+00:00,0.0001
2023-06-05 00:00:00.005000+00:00,0.0001
2023-06-05 08:00:00+00:00,0.0001
2023-06-05 16:00:00+00:00,0.0001
2023-06-06 00:00:00+00:00,4.424e-05
2023-06-06 08:00:00.009000+00:00,6.806e-05
2023-06-06 16:00:00.013000+00:00,5.441e-05
2023-06-07 00:00:00+00:00,0.0001
2023-06-07 08:00:00.016000+00:00,0.0001
2023-06-07 16:00:00+00:00,9.678e-05
2023-06-08 00:00:00.006000+00:00,3.667e-05
2023-06-08 08:00:00+00:00,9.165e-05
2023-06-08 16:00:00+00:00,5.04e-05
2023-06-09 00:00:00+00:00,0.0001
2023-06-09 08:00:00+00:00,8.258e-05
2023-06-09 16:00:00+00:00,0.0001
2023-06-10 00:00:00+00:00,0.0001
2023-06-10 08:00:00+00:00,0.0001
2023-06-10 16:00:00+00:00,-1.151e-05
2023-06-11 00:00:00.001000+00:00,-6.938e-05
2023-06-11 08:00:00+00:00,-3.021e-05
2023-06-11 16:00:00+00:00,1.184e-05
2023-06-12 00:00:00+00:00,2.816e-05
2023-06-12 08:00:00+00:00,5.782e-05
2023-06-12 16:00:00.001000+00:00,5.443e-05
2023-06-13 00:00:00+00:00,3.383e-05
2023-06-13 08:00:00+00:00,3.877e-05
2023-06-13 16:00:00+00:00,6.845e-05
2023-06-14 00:00:00+00:00,4.863e-05
2023-06-14 08:00:00+00:00,3.124e-05
2023-06-14 16:00:00+00:00,5.077e-05
2023-06-15 00:00:00+00:00,-7.087e-05
2023-06-15 08:00:00+00:00,4.837e-05
2023-06-15 16:00:00+00:00,1.04e-05
2023-06-16 00:00:00+00:00,7.62e-06
2023-06-16 08:00:00+00:00,2.891e-05
2023-06-16 16:00:00+00:00,4.175e-05
2023-06-17 00:00:00+00:00,4.458e-05
2023-06-17 08:00:00+00:00,2.601e-05
2023-06-17 16:00:00+00:00,-4.54e-06
2023-06-18 00:00:00+00:00,-7.77e-06
2023-06-18 08:00:00+00:00,7.841e-05
2023-06-18 16:00:00+00:00,9.616e-05
2023-06-19 00:00:00+00:00,8.054e-05
2023-06-19 08:00:00+00:00,0.0001
2023-06-19 16:00:00+00:00,4.208e-05
2023-06-20 00:00:00.001000+00:00,1.097e-05
2023-06-20 08:00:00+00:00,6.541e-05
2023-06-20 16:00:00+00:00,3.472e-05
2023-06-21 00:00:00+00:00,0.0001
2023-06-21 08:00:00+00:00,8.751e-05
2023-06-21 16:00:00+00:00,9.263e-05
2023-06-22 00:00:00+00:00,0.0001
2023-06-22 08:00:00.001000+00:00,6.118e-05
2023-06-22 16:00:00+00:00,9.37e-05
2023-06-23 00:00:00+00:00,0.0001
2023-06-23 08:00:00+00:00,0.0001
2023-06-23 16:00:00+00:00,0.0001
2023-06-24 00:00:00+00:00,0.0001
2023-06-24 08:00:00+00:00,0.0001
2023-06-24 16:00:00+00:00,0.0001
2023-06-25 00:00:00+00:00,0.0001
2023-06-25 08:00:00+00:00,0.0001
2023-06-25 16:00:00+00:00,0.0001
2023-06-26 00:00:00+00:00,0.0001
2023-06-26 08:00:00+00:00,0.0001
2023-06-26 16:00:00+00:00,0.0001
2023-06-27 00:00:00+00:00,0.0001
2023-06-27 08:00:00+00:00,0.0001
2023-06-27 16:00:00+00:00,0.0001
2023-06-28 00:00:00+00:00,0.0001
2023-06-28 08:00:00+00:00,6.091e-05
2023-06-28 16:00:00+00:00,9.328e-05
2023-06-29 00:00:00+00:00,4.119e-05
2023-06-29 08:00:00+00:00,5.499e-05
2023-06-29 16:00:00+00:00,9.419e-05
2023-06-30 00:00:00+00:00,8.154e-05
2023-06-30 08:00:00+00:00,0.0001
2023-06-30 16:00:00.001000+00:00,0.0001
2023-07-01 00:00:00+00:00,0.0001
2023-07-01 08:00:00+00:00,0.0001
2023-07-01 16:00:00+00:00,0.0001
2023-07-02 00:00:00+00:00,0.0001
2023-07-02 08:00:00+00:00,0.0001
2023-07-02 16:00:00.001000+00:00,0.0001
2023-07-03 00:00:00+00:00,0.0001
2023-07-03 08:00:00+00:00,0.0001
2023-07-03 16:00:00+00:00,0.00015537
2023-07-04 00:00:00.001000+00:00,0.0001
2023-07-04 08:00:00+00:00,0.0001
2023-07-04 16:00:00+00:00,0.0001
2023-07-05 00:00:00+00:00,0.0001
2023-07-05 08:00:00+00:00,0.0001
2023-07-05 16:00:00+00:00,0.0001
2023-07-06 00:00:00+00:00,0.0001
2023-07-06 08:00:00+00:00,0.0001
2023-07-06 16:00:00+00:00,3.495e-05
2023-07-07 00:00:00+00:00,3.135e-05
2023-07-07 08:00:00+00:00,9.342e-05
2023-07-07 16:00:00+00:00,4.318e-05
2023-07-08 00:00:00+00:00,5.219e-05
2023-07-08 08:00:00+00:00,0.0001
2023-07-08 16:00:00+00:00,4.571e-05
2023-07-09 00:00:00+00:00,7.159e-05
2023-07-09 08:00:00+00:00,5.727e-05
2023-07-09 16:00:00+00:00,4.744e-05
2023-07-10 00:00:00+00:00,7.379e-05
2023-07-10 08:00:00+00:00,7.525e-05
2023-07-10 16:00:00+00:00,-5.1e-07
2023-07-11 00:00:00+00:00,3.16e-06
2023-07-11 08:00:00+00:00,4.923e-05
2023-07-11 16:00:00+00:00,0.0001
2023-07-12 00:00:00+00:00,3.05e-05
2023-07-12 08:00:00+00:00,4.445e-05
2023-07-12 16:00:00+00:00,4.611e-05
2023-07-13 00:00:00+00:00,2.33e-06
2023-07-13 08:00:00+00:00,2.694e-05
2023-07-13 16:00:00+00:00,-7.51e-05
2023-07-14 00:00:00+00:00,0.0001
2023-07-14 08:00:00+00:00,0.0001
2023-07-14 16:00:00+00:00,0.0001
2023-07-15 00:00:00+00:00,-4.704e-05
2023-07-15 08:00:00+00:00,0.0001
2023-07-15 16:00:00+00:00,0.0001
2023-07-16 00:00:00.001000+00:00,9e-05
2023-07-16 08:00:00+00:00,0.0001
2023-07-16 16:00:00+00:00,5.972e-05
2023-07-17 00:00:00+00:00,4.1e-07
2023-07-17 08:00:00+00:00,0.0001
2023-07-17 16:00:00+00:00,5.101e-05
2023-07-18 00:00:00+00:00,8.929e-05
2023-07-18 08:00:00+00:00,0.0001
2023-07-18 16:00:00+00:00,0.0001
2023-07-19 00:00:00+00:00,0.0001
2023-07-19 08:00:00+00:00,0.0001
2023-07-19 16:00:00.001000+00:00,0.0001
2023-07-20 00:00:00+00:00,6.851e-05
2023-07-20 08:00:00+00:00,0.0001
2023-07-20 16:00:00+00:00,2.833e-05
2023-07-21 00:00:00.001000+00:00,0.0001
2023-07-21 08:00:00+00:00,6.584e-05
2023-07-21 16:00:00+00:00,9.562e-05
2023-07-22 00:00:00+00:00,8.399e-05
2023-07-22 08:00:00+00:00,0.0001
2023-07-22 16:00:00+00:00,4.954e-05
2023-07-23 00:00:00+00:00,9.46e-05
2023-07-23 08:00:00+00:00,0.0001
2023-07-23 16:00:00+00:00,0.0001
2023-07-24 00:00:00+00:00,2.617e-05
2023-07-24 08:00:00+00:00,9.007e-05
2023-07-24 16:00:00+00:00,6.198e-05
2023-07-25 00:00:00+00:00,-9.45e-06
2023-07-25 08:00:00+00:00,3.13e-05
2023-07-25 16:00:00+00:00,-2.385e-05
2023-07-26 00:00:00+00:00,3.462e-05
2023-07-26 08:00:00.001000+00:00,5.554e-05
2023-07-26 16:00:00+00:00,4.724e-05
2023-07-27 00:00:00+00:00,-2.54e-06
2023-07-27 08:00:00+00:00,8.529e-05
2023-07-27 16:00:00.001000+00:00,3.238e-05
2023-07-28 00:00:00+00:00,0.0001
2023-07-28 08:00:00+00:00,0.0001
2023-07-28 16:00:00+00:00,9.511e-05
2023-07-29 00:00:00+00:00,8.153e-05
2023-07-29 08:00:00+00:00,9.199e-05
2023-07-29 16:00:00.001000+00:00,0.0001
2023-07-30 00:00:00+00:00,9.982e-05
2023-07-30 08:00:00+00:00,0.0001
2023-07-30 16:00:00+00:00,0.0001
2023-07-31 00:00:00+00:00,7.8e-05
2023-07-31 08:00:00+00:00,8.268e-05
2023-07-31 16:00:00.001000+00:00,7.383e-05
2023-08-01 00:00:00+00:00,0.0001
2023-08-01 08:00:00+00:00,6.896e-05
2023-08-01 16:00:00+00:00,0.0001
2023-08-02 00:00:00+00:00,0.0001
2023-08-02 08:00:00+00:00,0.0001
2023-08-02 16:00:00+00:00,4.844e-05
2023-08-03 00:00:00+00:00,-1.93e-05
2023-08-03 08:00:00+00:00,0.0001
2023-08-03 16:00:00.001000+00:00,0.0001
2023-08-04 00:00:00+00:00,3.479e-05
2023-08-04 08:00:00+00:00,4.275e-05
2023-08-04 16:00:00+00:00,1.033e-05
2023-08-05 00:00:00+00:00,0.0001
2023-08-05 08:00:00+00:00,0.0001
2023-08-05 16:00:00.001000+00:00,0.0001
2023-08-06 00:00:00+00:00,9.683e-05
2023-08-06 08:00:00.001000+00:00,5.058e-05
2023-08-06 16:00:00.005000+00:00,0.0001
2023-08-07 00:00:00+00:00,0.0001
2023-08-07 08:00:00+00:00,0.0001
2023-08-07 16:00:00+00:00,0.0001
2023-08-08 00:00:00+00:00,0.0001
2023-08-08 08:00:00+00:00,9.635e-05
2023-08-08 16:00:00+00:00,9.795e-05
2023-08-09 00:00:00+00:00,1.75e-05
2023-08-09 08:00:00+00:00,5.034e-05
2023-08-09 16:00:00+00:00,6.065e-05
2023-08-10 00:00:00.001000+00:00,0.0001
2023-08-10 08:00:00+00:00,0.0001
2023-08-10 16:00:00+00:00,5.699e-05
2023-08-11 00:00:00+00:00,7.407e-05
2023-08-11 08:00:00+00:00,4.399e-05
2023-08-11 16:00:00+00:00,5.708e-05
2023-08-12 00:00:00+00:00,0.0001
2023-08-12 08:00:00+00:00,4.863e-05
2023-08-12 16:00:00+00:00,0.0001
2023-08-13 00:00:00+00:00,0.0001
2023-08-13 08:00:00+00:00,2.14e-05
2023-08-13 16:00:00+00:00,9.82e-05
2023-08-14 00:00:00.001000+00:00,9.657e-05
2023-08-14 08:00:00+00:00,0.0001
2023-08-14 16:00:00+00:00,5.03e-05
2023-08-15 00:00:00.001000+00:00,0.0001
2023-08-15 08:00:00+00:00,0.0001
2023-08-15 16:00:00+00:00,0.0001
2023-08-16 00:00:00+00:00,-0.00016057
2023-08-16 08:00:00.001000+00:00,2.749e-05
2023-08-16 16:00:00+00:00,4.437e-05
2023-08-17 00:00:00+00:00,-2.882e-05
2023-08-17 08:00:00+00:00,-1.298e-05
2023-08-17 16:00:00+00:00,-9.58e-06
2023-08-18 00:00:00+00:00,7.791e-05
2023-08-18 08:00:00+00:00,-3.01e-05
2023-08-18 16:00:00+00:00,-8.104e-05
2023-08-19 00:00:00+00:00,-0.00017824
2023-08-19 08:00:00+00:00,-0.00011766
2023-08-19 16:00:00+00:00,-0.00026395
2023-08-20 00:00:00+00:00,-0.00023846
2023-08-20 08:00:00+00:00,-0.00019863
2023-08-20 16:00:00+00:00,-0.0001288
2023-08-21 00:00:00+00:00,-0.0001819
2023-08-21 08:00:00+00:00,-7.715e-05
2023-08-21 16:00:00+00:00,-0.00012923
2023-08-22 00:00:00+00:00,-0.00020397
2023-08-22 08:00:00+00:00,-2.077e-05
2023-08-22 16:00:00+00:00,2.582e-05
2023-08-23 00:00:00+00:00,1.394e-05
2023-08-23 08:00:00+00:00,4.93e-05
2023-08-23 16:00:00+00:00,4e-05
2023-08-24 00:00:00+00:00,7.645e-05
2023-08-24 08:00:00+00:00,2.07e-06
2023-08-24 16:00:00+00:00,-6.112e-05
2023-08-25 00:00:00+00:00,-1.888e-05
2023-08-25 08:00:00+00:00,2.248e-05
2023-08-25 16:00:00+00:00,6.404e-05
2023-08-26 00:00:00+00:00,0.0001
2023-08-26 08:00:00+00:00,8.147e-05
2023-08-26 16:00:00+00:00,8.943e-05
2023-08-27 00:00:00+00:00,0.0001
2023-08-27 08:00:00+00:00,8.839e-05
2023-08-27 16:00:00+00:00,9.521e-05
2023-08-28 00:00:00+00:00,7.085e-05
2023-08-28 08:00:00.001000+00:00,1.891e-05
2023-08-28 16:00:00.001000+00:00,9.65e-05
2023-08-29 00:00:00+00:00,0.0001
2023-08-29 08:00:00+00:00,0.0001
2023-08-29 16:00:00+00:00,-5.112e-05
2023-08-30 00:00:00+00:00,0.0001
2023-08-30 08:00:00+00:00,9.646e-05
2023-08-30 16:00:00+00:00,9.772e-05
2023-08-31 00:00:00+00:00,2.619e-05
2023-08-31 08:00:00+00:00,0.0001
2023-08-31 16:00:00+00:00,8.091e-05
2023-09-01 00:00:00+00:00,-4.608e-05
2023-09-01 08:00:00+00:00,-1.931e-05
2023-09-01 16:00:00.001000+00:00,-6.72e-06
2023-09-02 00:00:00+00:00,-4.194e-05
2023-09-02 08:00:00+00:00,-5.942e-05
2023-09-02 16:00:00+00:00,-5.263e-05
2023-09-03 00:00:00+00:00,3.758e-05
2023-09-03 08:00:00+00:00,-6.229e-05
2023-09-03 16:00:00+00:00,5.54e-05
2023-09-04 00:00:00+00:00,4.644e-05
2023-09-04 08:00:00+00:00,-1.758e-05
2023-09-04 16:00:00+00:00,4.77e-05
2023-09-05 00:00:00+00:00,1.46e-06
2023-09-05 08:00:00+00:00,5.613e-05
2023-09-05 16:00:00+00:00,6.738e-05
2023-09-06 00:00:00+00:00,6.445e-05
2023-09-06 08:00:00+00:00,5.49e-06
2023-09-06 16:00:00.001000+00:00,1.422e-05
2023-09-07 00:00:00+00:00,-9.8e-06
2023-09-07 08:00:00+00:00,4.228e-05
2023-09-07 16:00:00+00:00,7.058e-05
2023-09-08 00:00:00+00:00,8.64e-05
2023-09-08 08:00:00+00:00,9.17e-06
2023-09-08 16:00:00+00:00,-6.873e-05
2023-09-09 00:00:00+00:00,-5.545e-05
2023-09-09 08:00:00+00:00,-4.531e-05
2023-09-09 16:00:00+00:00,-2.474e-05
2023-09-10 00:00:00+00:00,2.373e-05
2023-09-10 08:00:00+00:00,-9.24e-06
2023-09-10 16:00:00+00:00,-4.127e-05
2023-09-11 00:00:00+00:00,-1.95e-05
2023-09-11 08:00:00+00:00,6.078e-05
2023-09-11 16:00:00.001000+00:00,3.79e-05
2023-09-12 00:00:00+00:00,3.72e-06
2023-09-12 08:00:00+00:00,-1.144e-05
2023-09-12 16:00:00+00:00,-1.374e-05
2023-09-13 00:00:00+00:00,6.15e-05
2023-09-13 08:00:00+00:00,-3.603e-05
2023-09-13 16:00:00+00:00,6.41e-05
2023-09-14 00:00:00+00:00,3.74e-05
2023-09-14 08:00:00.001000+00:00,4.208e-05
2023-09-14 16:00:00+00:00,4.425e-05
2023-09-15 00:00:00+00:00,2.251e-05
2023-09-15 08:00:00+00:00,3.706e-05
2023-09-15 16:00:00+00:00,8.682e-05
2023-09-16 00:00:00+00:00,7.666e-05
2023-09-16 08:00:00+00:00,0.0001
2023-09-16 16:00:00+00:00,8.892e-05
2023-09-17 00:00:00+00:00,3.976e-05
2023-09-17 08:00:00+00:00,9.348e-05
2023-09-17 16:00:00+00:00,3.325e-05
2023-09-18 00:00:00+00:00,7.898e-05
2023-09-18 08:00:00+00:00,3.58e-05
2023-09-18 16:00:00+00:00,5.214e-05
2023-09-19 00:00:00+00:00,4.028e-05
2023-09-19 08:00:00.001000+00:00,-2.189e-05
2023-09-19 16:00:00+00:00,6.23e-05
2023-09-20 00:00:00+00:00,1.568e-05
2023-09-20 08:00:00+00:00,7.411e-05
2023-09-20 16:00:00+00:00,0.0001
2023-09-21 00:00:00.001000+00:00,1.962e-05
2023-09-21 08:00:00+00:00,6.305e-05
2023-09-21 16:00:00+00:00,1.152e-05
2023-09-22 00:00:00+00:00,-5.259e-05
2023-09-22 08:00:00+00:00,6.691e-05
2023-09-22 16:00:00+00:00,5.357e-05
2023-09-23 00:00:00+00:00,5.86e-05
2023-09-23 08:00:00+00:00,2.157e-05
2023-09-23 16:00:00+00:00,-2.43e-06
2023-09-24 00:00:00+00:00,-3.45e-06
2023-09-24 08:00:00+00:00,8.521e-05
2023-09-24 16:00:00+00:00,1.41e-06
2023-09-25 00:00:00+00:00,2.381e-05
2023-09-25 08:00:00+00:00,8.597e-05
2023-09-25 16:00:00+00:00,0.0001
2023-09-26 00:00:00+00:00,0.0001
2023-09-26 08:00:00+00:00,6.102e-05
2023-09-26 16:00:00+00:00,0.0001
2023-09-27 00:00:00+00:00,0.0001
2023-09-27 08:00:00.001000+00:00,8.885e-05
2023-09-27 16:00:00+00:00,9.767e-05
2023-09-28 00:00:00+00:00,6.484e-05
2023-09-28 08:00:00+00:00,8.757e-05
2023-09-28 16:00:00+00:00,0.0001
2023-09-29 00:00:00+00:00,7.128e-05
2023-09-29 08:00:00+00:00,8.352e-05
2023-09-29 16:00:00+00:00,9.245e-05
2023-09-30 00:00:00+00:00,9.86e-05
2023-09-30 08:00:00+00:00,3.504e-05
2023-09-30 16:00:00+00:00,5.797e-05
2023-10-01 00:00:00+00:00,0.0001
2023-10-01 08:00:00+00:00,0.0001
2023-10-01 16:00:00+00:00,0.0001
2023-10-02 00:00:00+00:00,0.0001
2023-10-02 08:00:00+00:00,6.896e-05
2023-10-02 16:00:00+00:00,2.805e-05
2023-10-03 00:00:00+00:00,5.859e-05
2023-10-03 08:00:00+00:00,5.019e-05
2023-10-03 16:00:00+00:00,0.0001
2023-10-04 00:00:00+00:00,3.412e-05
2023-10-04 08:00:00+00:00,3.496e-05
2023-10-04 16:00:00+00:00,4.86e-05
2023-10-05 00:00:00+00:00,5.889e-05
2023-10-05 08:00:00+00:00,3.764e-05
2023-10-05 16:00:00.001000+00:00,6.97e-06
2023-10-06 00:00:00+00:00,2.416e-05
2023-10-06 08:00:00+00:00,9.09e-06
2023-10-06 16:00:00+00:00,5.524e-05
2023-10-07 00:00:00+00:00,3.65e-05
2023-10-07 08:00:00+00:00,3.175e-05
2023-10-07 16:00:00+00:00,-9.72e-06
2023-10-08 00:00:00+00:00,2.961e-05
2023-10-08 08:00:00.001000+00:00,6.1e-05
2023-10-08 16:00:00+00:00,0.0001
2023-10-09 00:00:00+00:00,9.17e-06
2023-10-09 08:00:00+00:00,0.0001
2023-10-09 16:00:00+00:00,0.0001
2023-10-10 00:00:00+00:00,5.059e-05
2023-10-10 08:00:00+00:00,7.661e-05
2023-10-10 16:00:00+00:00,9.899e-05
2023-10-11 00:00:00+00:00,2.513e-05
2023-10-11 08:00:00+00:00,6.913e-05
2023-10-11 16:00:00+00:00,3.079e-05
2023-10-12 00:00:00+00:00,0.0001
2023-10-12 08:00:00+00:00,6.023e-05
2023-10-12 16:00:00+00:00,7.078e-05
2023-10-13 00:00:00+00:00,-1.943e-05
2023-10-13 08:00:00+00:00,9.42e-06
2023-10-13 16:00:00+00:00,-7.43e-06
2023-10-14 00:00:00+00:00,-2.49e-05
2023-10-14 08:00:00+00:00,5.952e-05
2023-10-14 16:00:00+00:00,2.763e-05
2023-10-15 00:00:00+00:00,-3.818e-05
2023-10-15 08:00:00+00:00,9.269e-05
2023-10-15 16:00:00+00:00,5.457e-05
2023-10-16 00:00:00+00:00,3.437e-05
2023-10-16 08:00:00+00:00,4.626e-05
2023-10-16 16:00:00+00:00,7.121e-05
2023-10-17 00:00:00+00:00,0.0001
2023-10-17 08:00:00+00:00,6.831e-05
2023-10-17 16:00:00+00:00,9.126e-05
2023-10-18 00:00:00+00:00,8.94e-05
2023-10-18 08:00:00+00:00,8.456e-05
2023-10-18 16:00:00+00:00,0.0001
2023-10-19 00:00:00+00:00,3.88e-06
2023-10-19 08:00:00.001000+00:00,-1.579e-05
2023-10-19 16:00:00+00:00,-3.25e-05
2023-10-20 00:00:00+00:00,8.884e-05
2023-10-20 08:00:00.005000+00:00,5.68e-06
2023-10-20 16:00:00+00:00,0.0001
2023-10-21 00:00:00+00:00,-7.14e-06
2023-10-21 08:00:00+00:00,5.364e-05
2023-10-21 16:00:00+00:00,1.179e-05
2023-10-22 00:00:00+00:00,0.0001
2023-10-22 08:00:00+00:00,6.867e-05
2023-10-22 16:00:00+00:00,7.788e-05
2023-10-23 00:00:00+00:00,0.0001
2023-10-23 08:00:00.001000+00:00,7.992e-05
2023-10-23 16:00:00.001000+00:00,2.154e-05
2023-10-24 00:00:00+00:00,0.0001
2023-10-24 08:00:00+00:00,0.0001
2023-10-24 16:00:00+00:00,0.0001
2023-10-25 00:00:00+00:00,0.0001
2023-10-25 08:00:00+00:00,0.0001
2023-10-25 16:00:00.001000+00:00,0.0001
2023-10-26 00:00:00.001000+00:00,0.0001
2023-10-26 08:00:00+00:00,0.0001
2023-10-26 16:00:00+00:00,0.0001
2023-10-27 00:00:00+00:00,0.0001
2023-10-27 08:00:00+00:00,0.0001
2023-10-27 16:00:00+00:00,0.0001
2023-10-28 00:00:00+00:00,0.0001
2023-10-28 08:00:00.001000+00:00,0.0001
2023-10-28 16:00:00+00:00,0.0001
2023-10-29 00:00:00+00:00,0.0001
2023-10-29 08:00:00+00:00,0.0001
2023-10-29 16:00:00+00:00,0.0001
2023-10-30 00:00:00+00:00,0.0001
2023-10-30 08:00:00+00:00,0.0001
2023-10-30 16:00:00+00:00,0.0001
2023-10-31 00:00:00.001000+00:00,0.0001
2023-10-31 08:00:00+00:00,0.0001
2023-10-31 16:00:00+00:00,0.0001
2023-11-01 00:00:00+00:00,0.00018222
2023-11-01 08:00:00+00:00,0.0001
2023-11-01 16:00:00+00:00,0.0001
2023-11-02 00:00:00.001000+00:00,0.00022961
2023-11-02 08:00:00+00:00,0.00030292
2023-11-02 16:00:00+00:00,0.00016724
2023-11-03 00:00:00+00:00,0.0001
2023-11-03 08:00:00+00:00,0.0001
2023-11-03 16:00:00+00:00,0.0001
2023-11-04 00:00:00+00:00,0.0001
2023-11-04 08:00:00+00:00,0.0001
2023-11-04 16:00:00+00:00,0.0001
2023-11-05 00:00:00+00:00,0.0001
2023-11-05 08:00:00+00:00,0.0001
2023-11-05 16:00:00+00:00,0.0001
2023-11-06 00:00:00+00:00,0.0001
2023-11-06 08:00:00.001000+00:00,0.0001
2023-11-06 16:00:00+00:00,0.0001
2023-11-07 00:00:00.001000+00:00,0.0001
2023-11-07 08:00:00+00:00,0.0001
2023-11-07 16:00:00+00:00,0.0001
2023-11-08 00:00:00+00:00,0.0001
2023-11-08 08:00:00+00:00,0.0001
2023-11-08 16:00:00+00:00,0.0001
2023-11-09 00:00:00+00:00,0.0001
2023-11-09 08:00:00+00:00,0.0001
2023-11-09 16:00:00+00:00,0.0002294
2023-11-10 00:00:00+00:00,0.0001
2023-11-10 08:00:00+00:00,0.0001
2023-11-10 16:00:00+00:00,0.0001
2023-11-11 00:00:00+00:00,0.0001
2023-11-11 08:00:00+00:00,0.0001
2023-11-11 16:00:00+00:00,0.00036229
2023-11-12 00:00:00+00:00,0.00026945
2023-11-12 08:00:00+00:00,0.00016155
2023-11-12 16:00:00.001000+00:00,0.0002472
2023-11-13 00:00:00+00:00,0.00024903
2023-11-13 08:00:00+00:00,0.00016867
2023-11-13 16:00:00+00:00,0.00019629
2023-11-14 00:00:00+00:00,0.00010385
2023-11-14 08:00:00+00:00,0.00016449
2023-11-14 16:00:00.001000+00:00,0.0001
2023-11-15 00:00:00+00:00,0.0001
2023-11-15 08:00:00+00:00,0.00015491
2023-11-15 16:00:00+00:00,0.00016066
2023-11-16 00:00:00+00:00,0.00010654
2023-11-16 08:00:00+00:00,0.00018161
2023-11-16 16:00:00.001000+00:00,0.0001
2023-11-17 00:00:00+00:00,0.0001
2023-11-17 08:00:00.001000+00:00,0.0001
2023-11-17 16:00:00.001000+00:00,0.0001
2023-11-18 00:00:00+00:00,0.0001
2023-11-18 08:00:00+00:00,0.0001
2023-11-18 16:00:00+00:00,0.0001
2023-11-19 00:00:00+00:00,0.0001
2023-11-19 08:00:00+00:00,0.0001
2023-11-19 16:00:00+00:00,0.0001
2023-11-20 00:00:00+00:00,0.0001
2023-11-20 08:00:00+00:00,0.0001
2023-11-20 16:00:00+00:00,0.0001
2023-11-21 00:00:00+00:00,0.0001
2023-11-21 08:00:00+00:00,0.0001
2023-11-21 16:00:00+00:00,0.0001
2023-11-22 00:00:00+00:00,0.0001
2023-11-22 08:00:00+00:00,0.0001
2023-11-22 16:00:00+00:00,0.0001
2023-11-23 00:00:00+00:00,0.0001
2023-11-23 08:00:00+00:00,0.0001
2023-11-23 16:00:00.001000+00:00,0.0001
2023-11-24 00:00:00+00:00,0.0001
2023-11-24 08:00:00+00:00,0.0001
2023-11-24 16:00:00+00:00,0.0001
2023-11-25 00:00:00+00:00,0.0001
2023-11-25 08:00:00+00:00,0.0001
2023-11-25 16:00:00+00:00,0.0001
2023-11-26 00:00:00+00:00,0.0001
2023-11-26 08:00:00+00:00,0.0001
2023-11-26 16:00:00+00:00,0.0001
2023-11-27 00:00:00+00:00,0.0001
2023-11-27 08:00:00.001000+00:00,0.0001
2023-11-27 16:00:00+00:00,0.0001
2023-11-28 00:00:00+00:00,0.0001
2023-11-28 08:00:00+00:00,0.0001
2023-11-28 16:00:00+00:00,0.0001
2023-11-29 00:00:00.001000+00:00,0.0001
2023-11-29 08:00:00+00:00,0.0001
2023-11-29 16:00:00+00:00,0.0001
2023-11-30 00:00:00+00:00,0.0001
2023-11-30 08:00:00+00:00,0.0001
2023-11-30 16:00:00+00:00,0.0001
2023-12-01 00:00:00+00:00,0.0001
2023-12-01 08:00:00+00:00,0.0001
2023-12-01 16:00:00+00:00,0.0001
2023-12-02 00:00:00+00:00,0.0001
2023-12-02 08:00:00+00:00,0.0001
2023-12-02 16:00:00+00:00,0.0001
2023-12-03 00:00:00+00:00,0.0001
2023-12-03 08:00:00+00:00,0.0001
2023-12-03 16:00:00+00:00,0.0001
2023-12-04 00:00:00+00:00,0.0001
2023-12-04 08:00:00+00:00,0.00040564
2023-12-04 16:00:00+00:00,0.0001
2023-12-05 00:00:00+00:00,0.00013068
2023-12-05 08:00:00+00:00,0.00011268
2023-12-05 16:00:00+00:00,0.0001
2023-12-06 00:00:00+00:00,0.00017046
2023-12-06 08:00:00+00:00,0.00020132
2023-12-06 16:00:00+00:00,0.00018179
2023-12-07 00:00:00+00:00,0.00011593
2023-12-07 08:00:00+00:00,0.00015851
2023-12-07 16:00:00+00:00,0.00021086
2023-12-08 00:00:00+00:00,0.0003514
2023-12-08 08:00:00+00:00,0.0002412
2023-12-08 16:00:00+00:00,0.0001
2023-12-09 00:00:00+00:00,0.00022345
2023-12-09 08:00:00+00:00,0.00030544
2023-12-09 16:00:00+00:00,0.00021519
2023-12-10 00:00:00+00:00,0.00011922
2023-12-10 08:00:00+00:00,0.0001686
2023-12-10 16:00:00+00:00,0.00014388
2023-12-11 00:00:00+00:00,0.00014381
2023-12-11 08:00:00+00:00,0.0001
2023-12-11 16:00:00+00:00,0.0001
2023-12-12 00:00:00+00:00,0.0001
2023-12-12 08:00:00+00:00,0.0001
2023-12-12 16:00:00+00:00,0.0001
2023-12-13 00:00:00+00:00,0.0001
2023-12-13 08:00:00+00:00,0.0001
2023-12-13 16:00:00.001000+00:00,0.0001
2023-12-14 00:00:00+00:00,0.0001
2023-12-14 08:00:00+00:00,0.0001
2023-12-14 16:00:00+00:00,0.00014028
2023-12-15 00:00:00+00:00,0.00013896
2023-12-15 08:00:00+00:00,0.00024857
2023-12-15 16:00:00+00:00,0.00015683
2023-12-16 00:00:00+00:00,0.0001
2023-12-16 08:00:00+00:00,0.00013525
2023-12-16 16:00:00.001000+00:00,0.00014327
2023-12-17 00:00:00+00:00,0.00012339
2023-12-17 08:00:00+00:00,0.00011304
2023-12-17 16:00:00+00:00,0.00017689
2023-12-18 00:00:00+00:00,0.00013087
2023-12-18 08:00:00.001000+00:00,0.0001
2023-12-18 16:00:00+00:00,0.00010474
2023-12-19 00:00:00+00:00,0.0001
2023-12-19 08:00:00+00:00,0.0001
2023-12-19 16:00:00+00:00,0.0001
2023-12-20 00:00:00+00:00,0.0001
2023-12-20 08:00:00+00:00,0.00012974
2023-12-20 16:00:00+00:00,0.00029416
2023-12-21 00:00:00+00:00,0.00031871
2023-12-21 08:00:00+00:00,0.00019267
2023-12-21 16:00:00+00:00,0.00034671
2023-12-22 00:00:00+00:00,0.00048297
2023-12-22 08:00:00+00:00,0.00045587
2023-12-22 16:00:00+00:00,0.00045107
2023-12-23 00:00:00+00:00,0.00026883
2023-12-23 08:00:00.001000+00:00,0.00023068
2023-12-23 16:00:00+00:00,0.00030988
2023-12-24 00:00:00+00:00,0.00025569
2023-12-24 08:00:00+00:00,0.00036256
2023-12-24 16:00:00+00:00,0.00039348
2023-12-25 00:00:00+00:00,0.00022047
2023-12-25 08:00:00+00:00,0.0002096
2023-12-25 16:00:00+00:00,0.00037992
2023-12-26 00:00:00+00:00,0.00046459
2023-12-26 08:00:00+00:00,0.00037768
2023-12-26 16:00:00+00:00,0.00044375
2023-12-27 00:00:00+00:00,0.00029115
2023-12-27 08:00:00+00:00,0.00038217
2023-12-27 16:00:00+00:00,0.00048946
2023-12-28 00:00:00+00:00,0.00035158
2023-12-28 08:00:00+00:00,0.00055607
2023-12-28 16:00:00+00:00,0.00053237
2023-12-29 00:00:00.001000+00:00,0.00044194
2023-12-29 08:00:00+00:00,0.00050835
2023-12-29 16:00:00+00:00,0.00044124
2023-12-30 00:00:00.001000+00:00,0.00022163
2023-12-30 08:00:00+00:00,0.00029885
2023-12-30 16:00:00+00:00,0.00030346
2023-12-31 00:00:00+00:00,0.00027077
2023-12-31 08:00:00.001000+00:00,0.00031065
2023-12-31 16:00:00+00:00,0.00028167
2024-01-01 00:00:00+00:00,0.00023442
2024-01-01 08:00:00+00:00,0.00020678
2024-01-01 16:00:00+00:00,0.00036814
2024-01-02 00:00:00+00:00,0.00056726
2024-01-02 08:00:00+00:00,0.0005683
2024-01-02 16:00:00+00:00,0.00067419
2024-01-03 00:00:00+00:00,0.00028764
2024-01-03 08:00:00+00:00,0.00030571
2024-01-03 16:00:00+00:00,0.0001
2024-01-04 00:00:00+00:00,0.0001
2024-01-04 08:00:00+00:00,0.0001
2024-01-04 16:00:00+00:00,0.0001
2024-01-05 00:00:00.001000+00:00,0.0001
2024-01-05 08:00:00+00:00,0.0001
2024-01-05 16:00:00+00:00,0.0001
2024-01-06 00:00:00+00:00,0.0001
2024-01-06 08:00:00+00:00,0.0001
2024-01-06 16:00:00+00:00,0.0001
2024-01-07 00:00:00+00:00,0.0001
2024-01-07 08:00:00.001000+00:00,0.0001
2024-01-07 16:00:00.001000+00:00,0.0001
2024-01-08 00:00:00+00:00,0.0001
2024-01-08 08:00:00+00:00,0.0001
2024-01-08 16:00:00+00:00,0.0001
2024-01-09 00:00:00.001000+00:00,0.0001
2024-01-09 08:00:00+00:00,0.0001
2024-01-09 16:00:00+00:00,0.0001
2024-01-10 00:00:00+00:00,0.0001
2024-01-10 08:00:00+00:00,0.0001
2024-01-10 16:00:00+00:00,0.0001
2024-01-11 00:00:00+00:00,0.0001
2024-01-11 08:00:00+00:00,0.0001
2024-01-11 16:00:00+00:00,0.0001
2024-01-12 00:00:00.001000+00:00,0.0001
2024-01-12 08:00:00+00:00,0.0001
2024-01-12 16:00:00+00:00,0.0001
2024-01-13 00:00:00+00:00,0.0001
2024-01-13 08:00:00+00:00,0.0001
2024-01-13 16:00:00.001000+00:00,0.0001
2024-01-14 00:00:00+00:00,0.0001
2024-01-14 08:00:00+00:00,0.0001
2024-01-14 16:00:00.001000+00:00,0.0001
2024-01-15 00:00:00+00:00,0.0001
2024-01-15 08:00:00+00:00,0.0001
2024-01-15 16:00:00+00:00,0.0001
2024-01-16 00:00:00+00:00,0.0001
2024-01-16 08:00:00+00:00,0.0001
2024-01-16 16:00:00.001000+00:00,0.0001
2024-01-17 00:00:00+00:00,0.0001
2024-01-17 08:00:00+00:00,0.0001
2024-01-17 16:00:00+00:00,0.0001
2024-01-18 00:00:00.001000+00:00,0.0001
2024-01-18 08:00:00+00:00,0.0001
2024-01-18 16:00:00+00:00,0.0001
2024-01-19 00:00:00+00:00,0.0001
2024-01-19 08:00:00+00:00,0.0001
2024-01-19 16:00:00.002000+00:00,0.0001
2024-01-20 00:00:00+00:00,0.0001
2024-01-20 08:00:00.003000+00:00,0.0001
2024-01-20 16:00:00+00:00,0.0001
2024-01-21 00:00:00+00:00,0.0001
2024-01-21 08:00:00+00:00,0.0001
2024-01-21 16:00:00+00:00,0.0001
2024-01-22 00:00:00+00:00,0.0001
2024-01-22 08:00:00+00:00,0.0001
2024-01-22 16:00:00+00:00,0.0001
2024-01-23 00:00:00+00:00,0.0001
2024-01-23 08:00:00+00:00,0.0001
2024-01-23 16:00:00+00:00,0.0001
2024-01-24 00:00:00+00:00,0.0001
2024-01-24 08:00:00+00:00,0.0001
2024-01-24 16:00:00+00:00,0.0001
2024-01-25 00:00:00+00:00,0.0001
2024-01-25 08:00:00.001000+00:00,0.0001
2024-01-25 16:00:00+00:00,0.0001
2024-01-26 00:00:00.001000+00:00,0.0001
2024-01-26 08:00:00+00:00,0.0001
2024-01-26 16:00:00+00:00,0.0001
2024-01-27 00:00:00+00:00,0.0001
2024-01-27 08:00:00+00:00,0.0001
2024-01-27 16:00:00+00:00,0.0001
2024-01-28 00:00:00+00:00,0.0001
2024-01-28 08:00:00+00:00,0.0001
2024-01-28 16:00:00+00:00,0.0001
2024-01-29 00:00:00+00:00,0.0001
2024-01-29 08:00:00.001000+00:00,0.0001
2024-01-29 16:00:00+00:00,0.0001
2024-01-30 00:00:00+00:00,0.0001
2024-01-30 08:00:00+00:00,0.0001
2024-01-30 16:00:00.001000+00:00,0.0001
2024-01-31 00:00:00+00:00,0.0001
2024-01-31 08:00:00+00:00,0.0001
2024-01-31 16:00:00+00:00,0.0001
2024-02-01 00:00:00+00:00,0.0001
2024-02-01 08:00:00+00:00,0.0001
2024-02-01 16:00:00.002000+00:00,0.0001
2024-02-02 00:00:00+00:00,0.0001
2024-02-02 08:00:00+00:00,0.0001
2024-02-02 16:00:00+00:00,0.0001
2024-02-03 00:00:00+00:00,0.0001
2024-02-03 08:00:00+00:00,0.0001
2024-02-03 16:00:00.001000+00:00,0.0001
2024-02-04 00:00:00+00:00,0.0001
2024-02-04 08:00:00.004000+00:00,0.0001
2024-02-04 16:00:00+00:00,0.0001
2024-02-05 00:00:00+00:00,0.0001
2024-02-05 08:00:00+00:00,0.0001
2024-02-05 16:00:00+00:00,0.0001
2024-02-06 00:00:00+00:00,0.0001
2024-02-06 08:00:00.001000+00:00,0.0001
2024-02-06 16:00:00+00:00,0.0001
2024-02-07 00:00:00+00:00,0.0001
2024-02-07 08:00:00+00:00,0.0001
2024-02-07 16:00:00+00:00,0.0001
2024-02-08 00:00:00+00:00,0.0001
2024-02-08 08:00:00+00:00,0.0001
2024-02-08 16:00:00+00:00,0.0001
2024-02-09 00:00:00+00:00,0.0001
2024-02-09 08:00:00+00:00,0.0001
2024-02-09 16:00:00.001000+00:00,0.0001
2024-02-10 00:00:00.001000+00:00,0.0001
2024-02-10 08:00:00+00:00,0.0001
2024-02-10 16:00:00+00:00,0.0001
2024-02-11 00:00:00+00:00,0.0001
2024-02-11 08:00:00.001000+00:00,0.0001
2024-02-11 16:00:00+00:00,0.0001
2024-02-12 00:00:00+00:00,0.0001
2024-02-12 08:00:00+00:00,0.0001
2024-02-12 16:00:00+00:00,0.0001
2024-02-13 00:00:00+00:00,0.0001
2024-02-13 08:00:00+00:00,0.0001
2024-02-13 16:00:00+00:00,0.0001
2024-02-14 00:00:00+00:00,0.0001
2024-02-14 08:00:00+00:00,0.0001
2024-02-14 16:00:00+00:00,0.0001
2024-02-15 00:00:00+00:00,0.00013782
2024-02-15 08:00:00+00:00,0.0001762
2024-02-15 16:00:00+00:00,0.00012831
2024-02-16 00:00:00+00:00,0.00028063
2024-02-16 08:00:00+00:00,0.00029203
2024-02-16 16:00:00+00:00,0.00023103
2024-02-17 00:00:00+00:00,0.00017861
2024-02-17 08:00:00+00:00,0.00020856
2024-02-17 16:00:00+00:00,0.0001
2024-02-18 00:00:00+00:00,0.00012617
2024-02-18 08:00:00+00:00,0.00013618
2024-02-18 16:00:00+00:00,0.00021222
2024-02-19 00:00:00+00:00,0.00028549
2024-02-19 08:00:00+00:00,0.00023242
2024-02-19 16:00:00+00:00,0.00024488
2024-02-20 00:00:00+00:00,0.00041283
2024-02-20 08:00:00+00:00,0.00035016
2024-02-20 16:00:00+00:00,0.00019409
2024-02-21 00:00:00+00:00,0.0001
2024-02-21 08:00:00+00:00,0.0001
2024-02-21 16:00:00+00:00,0.0001
2024-02-22 00:00:00.001000+00:00,0.0001
2024-02-22 08:00:00.001000+00:00,0.00014015
2024-02-22 16:00:00+00:00,0.00017456
2024-02-23 00:00:00+00:00,0.00025672
2024-02-23 08:00:00+00:00,0.0002057
2024-02-23 16:00:00+00:00,0.00022016
2024-02-24 00:00:00+00:00,0.00021946
2024-02-24 08:00:00.001000+00:00,0.00040356
2024-02-24 16:00:00+00:00,0.00031824
2024-02-25 00:00:00.001000+00:00,0.00037621
2024-02-25 08:00:00+00:00,0.00037198
2024-02-25 16:00:00+00:00,0.00040901
2024-02-26 00:00:00+00:00,0.00051676
2024-02-26 08:00:00+00:00,0.00040888
2024-02-26 16:00:00+00:00,0.00044825
2024-02-27 00:00:00+00:00,0.00065619
2024-02-27 08:00:00+00:00,0.00075141
2024-02-27 16:00:00+00:00,0.00049201
2024-02-28 00:00:00+00:00,0.0004002
2024-02-28 08:00:00+00:00,0.000429
2024-02-28 16:00:00+00:00,0.00059392
2024-02-29 00:00:00+00:00,0.0004766
2024-02-29 08:00:00+00:00,0.00095188
2024-02-29 16:00:00+00:00,0.00080852
2024-03-01 00:00:00+00:00,0.00056605
2024-03-01 08:00:00+00:00,0.00058233
2024-03-01 16:00:00+00:00,0.00065838
2024-03-02 00:00:00+00:00,0.00061068
2024-03-02 08:00:00.001000+00:00,0.00095507
2024-03-02 16:00:00+00:00,0.00070639
2024-03-03 00:00:00+00:00,0.00074736
2024-03-03 08:00:00+00:00,0.00064844
2024-03-03 16:00:00+00:00,0.00045238
2024-03-04 00:00:00+00:00,0.00065655
2024-03-04 08:00:00+00:00,0.00063302
2024-03-04 16:00:00+00:00,0.00055919
2024-03-05 00:00:00+00:00,0.00062845
2024-03-05 08:00:00+00:00,0.00109604
2024-03-05 16:00:00+00:00,0.00074114
2024-03-06 00:00:00+00:00,0.0001
2024-03-06 08:00:00.001000+00:00,0.00013573
2024-03-06 16:00:00+00:00,0.00039312
2024-03-07 00:00:00+00:00,0.00024676
2024-03-07 08:00:00+00:00,0.00027066
2024-03-07 16:00:00+00:00,0.00046433
2024-03-08 00:00:00+00:00,0.00050997
2024-03-08 08:00:00+00:00,0.0005764
2024-03-08 16:00:00+00:00,0.00053129
2024-03-09 00:00:00+00:00,0.00046869
2024-03-09 08:00:00.001000+00:00,0.00047308
2024-03-09 16:00:00+00:00,0.00056664
2024-03-10 00:00:00+00:00,0.00055618
2024-03-10 08:00:00+00:00,0.00070569
2024-03-10 16:00:00+00:00,0.00041199
2024-03-11 00:00:00+00:00,0.00039854
2024-03-11 08:00:00+00:00,0.00054096
2024-03-11 16:00:00+00:00,0.00080601
2024-03-12 00:00:00+00:00,0.00105457
2024-03-12 08:00:00+00:00,0.00064749
2024-03-12 16:00:00+00:00,0.00041496
2024-03-13 00:00:00+00:00,0.00037652
2024-03-13 08:00:00.001000+00:00,0.00055134
2024-03-13 16:00:00+00:00,0.00056568
2024-03-14 00:00:00.001000+00:00,0.00043036
2024-03-14 08:00:00+00:00,0.00064097
2024-03-14 16:00:00+00:00,0.00049019
2024-03-15 00:00:00+00:00,0.00049907
2024-03-15 08:00:00+00:00,0.00028017
2024-03-15 16:00:00+00:00,0.0001627
2024-03-16 00:00:00+00:00,0.00013581
2024-03-16 08:00:00+00:00,0.00028393
2024-03-16 16:00:00+00:00,0.00016294
2024-03-17 00:00:00+00:00,0.0001
2024-03-17 08:00:00+00:00,0.0001291
2024-03-17 16:00:00+00:00,0.00018907
2024-03-18 00:00:00+00:00,0.00013952
2024-03-18 08:00:00+00:00,0.00022149
2024-03-18 16:00:00.001000+00:00,0.00024065
2024-03-19 00:00:00+00:00,0.00018895
2024-03-19 08:00:00+00:00,0.00012388
2024-03-19 16:00:00.001000+00:00,0.00012987
2024-03-20 00:00:00+00:00,0.0001
2024-03-20 08:00:00.004000+00:00,0.00015392
2024-03-20 16:00:00+00:00,0.0001
2024-03-21 00:00:00+00:00,0.00017559
2024-03-21 08:00:00+00:00,0.00020137
2024-03-21 16:00:00+00:00,0.00016875
2024-03-22 00:00:00+00:00,0.00021512
2024-03-22 08:00:00+00:00,0.00015029
2024-03-22 16:00:00+00:00,0.0001
2024-03-23 00:00:00+00:00,0.00010793
2024-03-23 08:00:00+00:00,0.00015
2024-03-23 16:00:00+00:00,0.00018245
2024-03-24 00:00:00+00:00,0.00016817
2024-03-24 08:00:00+00:00,0.00011896
2024-03-24 16:00:00+00:00,0.0001
2024-03-25 00:00:00+00:00,0.00014055
2024-03-25 08:00:00.001000+00:00,0.00017983
2024-03-25 16:00:00+00:00,0.00023002
2024-03-26 00:00:00+00:00,0.00029759
2024-03-26 08:00:00+00:00,0.00023058
2024-03-26 16:00:00+00:00,0.0003477
2024-03-27 00:00:00+00:00,0.000429
2024-03-27 08:00:00.001000+00:00,0.00039398
2024-03-27 16:00:00+00:00,0.00030654
2024-03-28 00:00:00+00:00,0.00033496
2024-03-28 08:00:00+00:00,0.00034574
2024-03-28 16:00:00+00:00,0.00038635
2024-03-29 00:00:00+00:00,0.00033165
2024-03-29 08:00:00+00:00,0.00040067
2024-03-29 16:00:00+00:00,0.0008937
2024-03-30 00:00:00+00:00,0.00065982
2024-03-30 08:00:00+00:00,0.00052909
2024-03-30 16:00:00+00:00,0.00069322
2024-03-31 00:00:00+00:00,0.00049339
2024-03-31 08:00:00+00:00,0.00045463
2024-03-31 16:00:00.001000+00:00,0.00049541
2024-04-01 00:00:00+00:00,0.00067981
2024-04-01 08:00:00+00:00,0.00067976
2024-04-01 16:00:00+00:00,0.00030328
2024-04-02 00:00:00.007000+00:00,0.0001
2024-04-02 08:00:00.015000+00:00,0.00012188
2024-04-02 16:00:00+00:00,0.0002379
2024-04-03 00:00:00+00:00,0.00016173
2024-04-03 08:00:00+00:00,0.0001
2024-04-03 16:00:00+00:00,0.0001
2024-04-04 00:00:00+00:00,0.0001
2024-04-04 08:00:00+00:00,0.00015096
2024-04-04 16:00:00+00:00,0.0001
2024-04-05 00:00:00+00:00,0.0001
2024-04-05 08:00:00+00:00,0.0001
2024-04-05 16:00:00+00:00,0.0001
2024-04-06 00:00:00+00:00,0.00011328
2024-04-06 08:00:00+00:00,0.0001
2024-04-06 16:00:00+00:00,0.00013303
2024-04-07 00:00:00+00:00,0.0001
2024-04-07 08:00:00+00:00,0.00013973
2024-04-07 16:00:00+00:00,0.0001
2024-04-08 00:00:00.001000+00:00,0.0001103
2024-04-08 08:00:00+00:00,0.00013843
2024-04-08 16:00:00.006000+00:00,0.00014741
2024-04-09 00:00:00+00:00,0.00010941
2024-04-09 08:00:00.001000+00:00,0.0001
2024-04-09 16:00:00.001000+00:00,0.0001
2024-04-10 00:00:00+00:00,0.0001
2024-04-10 08:00:00.001000+00:00,0.00010563
2024-04-10 16:00:00+00:00,0.00010277
2024-04-11 00:00:00+00:00,0.0001
2024-04-11 08:00:00+00:00,0.0001
2024-04-11 16:00:00+00:00,0.00015128
2024-04-12 00:00:00+00:00,0.00013696
2024-04-12 08:00:00.001000+00:00,0.00013862
2024-04-12 16:00:00+00:00,0.00014877
2024-04-13 00:00:00+00:00,0.0001
2024-04-13 08:00:00+00:00,0.0001
2024-04-13 16:00:00.001000+00:00,0.0001
2024-04-14 00:00:00+00:00,0.0001
2024-04-14 08:00:00+00:00,0.0001
2024-04-14 16:00:00+00:00,0.0001
2024-04-15 00:00:00+00:00,0.0001
2024-04-15 08:00:00.001000+00:00,0.0001
2024-04-15 16:00:00+00:00,0.0001
2024-04-16 00:00:00.001000+00:00,0.0001
2024-04-16 08:00:00+00:00,1.647e-05
2024-04-16 16:00:00+00:00,0.0001
2024-04-17 00:00:00+00:00,9.758e-05
2024-04-17 08:00:00+00:00,3.766e-05
2024-04-17 16:00:00+00:00,3.089e-05
2024-04-18 00:00:00+00:00,0.0001
2024-04-18 08:00:00+00:00,0.0001
2024-04-18 16:00:00+00:00,1.194e-05
2024-04-19 00:00:00.001000+00:00,0.0001
2024-04-19 08:00:00+00:00,6.663e-05
2024-04-19 16:00:00+00:00,9.531e-05
2024-04-20 00:00:00+00:00,0.0001
2024-04-20 08:00:00+00:00,5.945e-05
2024-04-20 16:00:00+00:00,2.224e-05
2024-04-21 00:00:00+00:00,0.0001
2024-04-21 08:00:00+00:00,2.912e-05
2024-04-21 16:00:00+00:00,0.0001
2024-04-22 00:00:00+00:00,0.0001
2024-04-22 08:00:00+00:00,7.658e-05
2024-04-22 16:00:00+00:00,-3.24e-06
2024-04-23 00:00:00+00:00,8.05e-05
2024-04-23 08:00:00+00:00,6.172e-05
2024-04-23 16:00:00.001000+00:00,-5.929e-05
2024-04-24 00:00:00+00:00,8.297e-05
2024-04-24 08:00:00+00:00,3.595e-05
2024-04-24 16:00:00+00:00,0.0001
2024-04-25 00:00:00+00:00,0.0001
2024-04-25 08:00:00+00:00,6.815e-05
2024-04-25 16:00:00.010000+00:00,0.0001
2024-04-26 00:00:00.001000+00:00,0.0001
2024-04-26 08:00:00+00:00,6.04e-06
2024-04-26 16:00:00+00:00,5.432e-05
2024-04-27 00:00:00+00:00,8.512e-05
2024-04-27 08:00:00.001000+00:00,9.306e-05
2024-04-27 16:00:00+00:00,2.672e-05
2024-04-28 00:00:00+00:00,-6.135e-05
2024-04-28 08:00:00+00:00,-8.8e-06
2024-04-28 16:00:00+00:00,3.837e-05
2024-04-29 00:00:00+00:00,0.0001
2024-04-29 08:00:00+00:00,9.805e-05
2024-04-29 16:00:00+00:00,7.397e-05
2024-04-30 00:00:00+00:00,0.0001
2024-04-30 08:00:00+00:00,6.9e-05
2024-04-30 16:00:00+00:00,7.135e-05
2024-05-01 00:00:00+00:00,2.073e-05
2024-05-01 08:00:00+00:00,0.0001
2024-05-01 16:00:00+00:00,0.0001
2024-05-02 00:00:00+00:00,0.0001
2024-05-02 08:00:00+00:00,0.0001
2024-05-02 16:00:00.002000+00:00,7.421e-05
2024-05-03 00:00:00+00:00,8.022e-05
2024-05-03 08:00:00+00:00,4.869e-05
2024-05-03 16:00:00+00:00,7.276e-05
2024-05-04 00:00:00+00:00,0.0001
2024-05-04 08:00:00+00:00,4.197e-05
2024-05-04 16:00:00+00:00,4.438e-05
2024-05-05 00:00:00+00:00,0.0001
2024-05-05 08:00:00+00:00,6.21e-05
2024-05-05 16:00:00+00:00,2.74e-05
2024-05-06 00:00:00+00:00,3.317e-05
2024-05-06 08:00:00+00:00,9.889e-05
2024-05-06 16:00:00+00:00,0.0001
2024-05-07 00:00:00+00:00,-5.662e-05
2024-05-07 08:00:00+00:00,4.071e-05
2024-05-07 16:00:00+00:00,7.977e-05
2024-05-08 00:00:00+00:00,0.0001
2024-05-08 08:00:00+00:00,3.857e-05
2024-05-08 16:00:00+00:00,9.975e-05
2024-05-09 00:00:00+00:00,0.0001
2024-05-09 08:00:00+00:00,9.714e-05
2024-05-09 16:00:00+00:00,0.0001
2024-05-10 00:00:00+00:00,0.0001
2024-05-10 08:00:00+00:00,0.0001
2024-05-10 16:00:00+00:00,0.0001
2024-05-11 00:00:00+00:00,9.872e-05
2024-05-11 08:00:00+00:00,7.434e-05
2024-05-11 16:00:00+00:00,0.0001
2024-05-12 00:00:00+00:00,0.0001
2024-05-12 08:00:00+00:00,7.457e-05
2024-05-12 16:00:00+00:00,0.0001
2024-05-13 00:00:00.001000+00:00,0.0001
2024-05-13 08:00:00.001000+00:00,0.0001
2024-05-13 16:00:00+00:00,0.0001
2024-05-14 00:00:00+00:00,0.0001
2024-05-14 08:00:00+00:00,5.271e-05
2024-05-14 16:00:00+00:00,7.097e-05
2024-05-15 00:00:00+00:00,-1.571e-05
2024-05-15 08:00:00+00:00,8.981e-05
2024-05-15 16:00:00+00:00,6.862e-05
2024-05-16 00:00:00.004000+00:00,0.0001
2024-05-16 08:00:00+00:00,0.0001
2024-05-16 16:00:00+00:00,0.0001
2024-05-17 00:00:00+00:00,0.0001
2024-05-17 08:00:00+00:00,0.0001
2024-05-17 16:00:00+00:00,0.0001
2024-05-18 00:00:00+00:00,0.0001
2024-05-18 08:00:00+00:00,0.0001
2024-05-18 16:00:00+00:00,0.0001
2024-05-19 00:00:00+00:00,0.0001
2024-05-19 08:00:00+00:00,0.0001
2024-05-19 16:00:00+00:00,0.0001
2024-05-20 00:00:00+00:00,0.0001
2024-05-20 08:00:00+00:00,8.802e-05
2024-05-20 16:00:00.003000+00:00,0.0001
2024-05-21 00:00:00+00:00,0.0001
2024-05-21 08:00:00.001000+00:00,0.0001
2024-05-21 16:00:00+00:00,0.0001
2024-05-22 00:00:00+00:00,0.0001
2024-05-22 08:00:00+00:00,0.0001
2024-05-22 16:00:00+00:00,0.0001
2024-05-23 00:00:00+00:00,0.0001
2024-05-23 08:00:00+00:00,0.0001
2024-05-23 16:00:00+00:00,0.0001
2024-05-24 00:00:00+00:00,0.0001
2024-05-24 08:00:00+00:00,0.0001
2024-05-24 16:00:00+00:00,0.0001
2024-05-25 00:00:00+00:00,0.0001
2024-05-25 08:00:00+00:00,0.0001
2024-05-25 16:00:00+00:00,0.0001
2024-05-26 00:00:00+00:00,0.0001
2024-05-26 08:00:00+00:00,0.0001
2024-05-26 16:00:00+00:00,0.0001
2024-05-27 00:00:00+00:00,0.0001
2024-05-27 08:00:00+00:00,0.0001
2024-05-27 16:00:00+00:00,0.0001
2024-05-28 00:00:00+00:00,0.0001
2024-05-28 08:00:00+00:00,0.0001
2024-05-28 16:00:00+00:00,0.0001
2024-05-29 00:00:00.001000+00:00,0.0001
2024-05-29 08:00:00+00:00,0.0001
2024-05-29 16:00:00+00:00,0.00012767
2024-05-30 00:00:00+00:00,0.00010102
2024-05-30 08:00:00+00:00,0.00013036
2024-05-30 16:00:00+00:00,0.0001
2024-05-31 00:00:00+00:00,0.0001
2024-05-31 08:00:00+00:00,0.0001
2024-05-31 16:00:00+00:00,0.0001
2024-06-01 00:00:00+00:00,0.0001
2024-06-01 08:00:00+00:00,0.0001
2024-06-01 16:00:00.001000+00:00,0.00018328
2024-06-02 00:00:00+00:00,0.0001
2024-06-02 08:00:00+00:00,0.00015294
2024-06-02 16:00:00+00:00,0.0001
2024-06-03 00:00:00+00:00,0.0001
2024-06-03 08:00:00+00:00,0.00016558
2024-06-03 16:00:00+00:00,0.00013014
2024-06-04 00:00:00+00:00,0.0001
2024-06-04 08:00:00+00:00,0.0001
2024-06-04 16:00:00+00:00,0.0001
2024-06-05 00:00:00+00:00,0.0001
2024-06-05 08:00:00+00:00,0.00021008
2024-06-05 16:00:00+00:00,0.00016306
2024-06-06 00:00:00+00:00,0.00018662
2024-06-06 08:00:00.008000+00:00,0.00021757
2024-06-06 16:00:00+00:00,0.00013844
2024-06-07 00:00:00+00:00,0.0001552
2024-06-07 08:00:00+00:00,0.00016982
2024-06-07 16:00:00+00:00,0.000148
2024-06-08 00:00:00+00:00,0.0001
2024-06-08 08:00:00+00:00,0.0001
2024-06-08 16:00:00+00:00,0.0001
2024-06-09 00:00:00+00:00,0.0001
2024-06-09 08:00:00+00:00,0.0001
2024-06-09 16:00:00.001000+00:00,0.0001
2024-06-10 00:00:00+00:00,0.0001
2024-06-10 08:00:00+00:00,0.0001
2024-06-10 16:00:00.001000+00:00,0.0001
2024-06-11 00:00:00.001000+00:00,0.0001
2024-06-11 08:00:00+00:00,0.0001
2024-06-11 16:00:00+00:00,0.0001
2024-06-12 00:00:00+00:00,0.0001
2024-06-12 08:00:00+00:00,0.0001
2024-06-12 16:00:00+00:00,0.0001
2024-06-13 00:00:00+00:00,0.0001
2024-06-13 08:00:00.001000+00:00,0.0001
2024-06-13 16:00:00+00:00,0.0001
2024-06-14 00:00:00+00:00,0.0001
2024-06-14 08:00:00+00:00,0.0001
2024-06-14 16:00:00+00:00,0.0001
2024-06-15 00:00:00+00:00,0.0001
2024-06-15 08:00:00+00:00,0.0001
2024-06-15 16:00:00+00:00,0.0001
2024-06-16 00:00:00.001000+00:00,0.0001
2024-06-16 08:00:00+00:00,0.0001
2024-06-16 16:00:00+00:00,0.0001
2024-06-17 00:00:00+00:00,0.0001
2024-06-17 08:00:00+00:00,0.0001
2024-06-17 16:00:00+00:00,0.0001
2024-06-18 00:00:00+00:00,0.0001
2024-06-18 08:00:00+00:00,-3.287e-05
2024-06-18 16:00:00+00:00,-3.884e-05
2024-06-19 00:00:00.001000+00:00,-3.79e-06
2024-06-19 08:00:00.001000+00:00,9.106e-05
2024-06-19 16:00:00+00:00,6.244e-05
2024-06-20 00:00:00+00:00,0.0001
2024-06-20 08:00:00+00:00,0.0001
2024-06-20 16:00:00+00:00,3.06e-05
2024-06-21 00:00:00+00:00,-5.214e-05
2024-06-21 08:00:00+00:00,0.0001
2024-06-21 16:00:00+00:00,0.0001
2024-06-22 00:00:00+00:00,0.0001
2024-06-22 08:00:00+00:00,0.0001
2024-06-22 16:00:00+00:00,0.0001
2024-06-23 00:00:00+00:00,0.0001
2024-06-23 08:00:00+00:00,0.0001
2024-06-23 16:00:00+00:00,0.0001
2024-06-24 00:00:00.002000+00:00,0.0001
2024-06-24 08:00:00+00:00,0.0001
2024-06-24 16:00:00+00:00,5.41e-05
2024-06-25 00:00:00+00:00,-3.35e-05
2024-06-25 08:00:00+00:00,9.115e-05
2024-06-25 16:00:00+00:00,9.646e-05
2024-06-26 00:00:00.002000+00:00,8.082e-05
2024-06-26 08:00:00+00:00,0.0001
2024-06-26 16:00:00+00:00,0.0001
2024-06-27 00:00:00+00:00,9.991e-05
2024-06-27 08:00:00.001000+00:00,0.0001
2024-06-27 16:00:00+00:00,0.0001
2024-06-28 00:00:00+00:00,0.0001
2024-06-28 08:00:00+00:00,0.0001
2024-06-28 16:00:00+00:00,0.0001
2024-06-29 00:00:00.001000+00:00,0.0001
2024-06-29 08:00:00+00:00,9.517e-05
2024-06-29 16:00:00+00:00,6.011e-05
2024-06-30 00:00:00+00:00,3.034e-05
2024-06-30 08:00:00+00:00,-3.937e-05
2024-06-30 16:00:00+00:00,8.511e-05
2024-07-01 00:00:00+00:00,0.0001
2024-07-01 08:00:00+00:00,0.0001
2024-07-01 16:00:00.001000+00:00,0.0001
2024-07-02 00:00:00+00:00,0.0001
2024-07-02 08:00:00+00:00,0.0001
2024-07-02 16:00:00+00:00,0.0001
2024-07-03 00:00:00+00:00,0.0001
2024-07-03 08:00:00.001000+00:00,0.0001
2024-07-03 16:00:00+00:00,0.0001
2024-07-04 00:00:00+00:00,0.0001
2024-07-04 08:00:00+00:00,8.322e-05
2024-07-04 16:00:00+00:00,7.724e-05
2024-07-05 00:00:00+00:00,6.11e-05
2024-07-05 08:00:00+00:00,-9.79e-05
2024-07-05 16:00:00+00:00,-1.47e-06
2024-07-06 00:00:00+00:00,-3.415e-05
2024-07-06 08:00:00+00:00,-5.333e-05
2024-07-06 16:00:00+00:00,2e-06
2024-07-07 00:00:00.001000+00:00,3.45e-05
2024-07-07 08:00:00+00:00,8.823e-05
2024-07-07 16:00:00+00:00,6.837e-05
2024-07-08 00:00:00+00:00,-7.8e-07
2024-07-08 08:00:00+00:00,6.795e-05
2024-07-08 16:00:00+00:00,3.977e-05
2024-07-09 00:00:00+00:00,4.282e-05
2024-07-09 08:00:00.001000+00:00,-5.329e-05
2024-07-09 16:00:00+00:00,2.78e-05
2024-07-10 00:00:00+00:00,9.102e-05
2024-07-10 08:00:00+00:00,1.312e-05
2024-07-10 16:00:00+00:00,3.678e-05
2024-07-11 00:00:00.002000+00:00,7.949e-05
2024-07-11 08:00:00.002000+00:00,6.37e-05
2024-07-11 16:00:00.004000+00:00,4.014e-05
2024-07-12 00:00:00+00:00,7.714e-05
2024-07-12 08:00:00+00:00,-6.49e-06
2024-07-12 16:00:00+00:00,1.55e-05
2024-07-13 00:00:00+00:00,3.879e-05
2024-07-13 08:00:00+00:00,7.145e-05
2024-07-13 16:00:00+00:00,-5.11e-06
2024-07-14 00:00:00+00:00,5.691e-05
2024-07-14 08:00:00+00:00,-1.229e-05
2024-07-14 16:00:00+00:00,2.171e-05
2024-07-15 00:00:00+00:00,2.305e-05
2024-07-15 08:00:00+00:00,4.008e-05
2024-07-15 16:00:00+00:00,-8.096e-05
2024-07-16 00:00:00+00:00,4.503e-05
2024-07-16 08:00:00+00:00,5.515e-05
2024-07-16 16:00:00+00:00,5.513e-05
2024-07-17 00:00:00+00:00,-8.99e-06
2024-07-17 08:00:00.001000+00:00,0.0001
2024-07-17 16:00:00+00:00,2.087e-05
2024-07-18 00:00:00+00:00,6.884e-05
2024-07-18 08:00:00+00:00,6.173e-05
2024-07-18 16:00:00+00:00,0.0001
2024-07-19 00:00:00+00:00,9.808e-05
2024-07-19 08:00:00+00:00,2.606e-05
2024-07-19 16:00:00+00:00,6.759e-05
2024-07-20 00:00:00.001000+00:00,-4.716e-05
2024-07-20 08:00:00+00:00,0.0001
2024-07-20 16:00:00+00:00,-4.34e-05
2024-07-21 00:00:00+00:00,5.958e-05
2024-07-21 08:00:00+00:00,-3.39e-05
2024-07-21 16:00:00+00:00,-7.573e-05
2024-07-22 00:00:00+00:00,0.0001
2024-07-22 08:00:00+00:00,7.308e-05
2024-07-22 16:00:00+00:00,0.0001
2024-07-23 00:00:00+00:00,6.414e-05
2024-07-23 08:00:00+00:00,-1.04e-06
2024-07-23 16:00:00+00:00,5.777e-05
2024-07-24 00:00:00+00:00,7.822e-05
2024-07-24 08:00:00+00:00,2.543e-05
2024-07-24 16:00:00+00:00,0.0001
2024-07-25 00:00:00+00:00,9.89e-05
2024-07-25 08:00:00+00:00,3.635e-05
2024-07-25 16:00:00+00:00,2.823e-05
2024-07-26 00:00:00+00:00,8.518e-05
2024-07-26 08:00:00+00:00,4.36e-05
2024-07-26 16:00:00+00:00,0.0001
2024-07-27 00:00:00+00:00,0.0001
2024-07-27 08:00:00+00:00,0.0001
2024-07-27 16:00:00+00:00,0.0001
2024-07-28 00:00:00+00:00,0.0001
2024-07-28 08:00:00+00:00,0.0001
2024-07-28 16:00:00.001000+00:00,8.749e-05
2024-07-29 00:00:00.001000+00:00,0.0001
2024-07-29 08:00:00+00:00,3.874e-05
2024-07-29 16:00:00.001000+00:00,0.0001
2024-07-30 00:00:00+00:00,0.0001
2024-07-30 08:00:00.001000+00:00,5.933e-05
2024-07-30 16:00:00+00:00,0.0001
2024-07-31 00:00:00+00:00,0.0001
2024-07-31 08:00:00+00:00,0.0001
2024-07-31 16:00:00+00:00,8.868e-05
2024-08-01 00:00:00+00:00,9.86e-05
2024-08-01 08:00:00+00:00,2.173e-05
2024-08-01 16:00:00+00:00,8.101e-05
2024-08-02 00:00:00+00:00,3.857e-05
2024-08-02 08:00:00.001000+00:00,3.152e-05
2024-08-02 16:00:00+00:00,0.0001
2024-08-03 00:00:00+00:00,8.603e-05
2024-08-03 08:00:00+00:00,0.0001
2024-08-03 16:00:00.001000+00:00,3.017e-05
2024-08-04 00:00:00+00:00,5.579e-05
2024-08-04 08:00:00+00:00,5.82e-06
2024-08-04 16:00:00+00:00,2.413e-05
2024-08-05 00:00:00+00:00,7.163e-05
2024-08-05 08:00:00+00:00,3.919e-05
2024-08-05 16:00:00+00:00,5.394e-05
2024-08-06 00:00:00+00:00,-2.51e-06
2024-08-06 08:00:00+00:00,2.183e-05
2024-08-06 16:00:00+00:00,-3.829e-05
2024-08-07 00:00:00+00:00,6.069e-05
2024-08-07 08:00:00.001000+00:00,1.563e-05
2024-08-07 16:00:00+00:00,1.695e-05
2024-08-08 00:00:00.001000+00:00,5.4e-05
2024-08-08 08:00:00+00:00,-3.926e-05
2024-08-08 16:00:00+00:00,-5.594e-05
2024-08-09 00:00:00+00:00,7.697e-05
2024-08-09 08:00:00+00:00,-5.777e-05
2024-08-09 16:00:00+00:00,6.59e-05
2024-08-10 00:00:00+00:00,0.0001
2024-08-10 08:00:00+00:00,7.331e-05
2024-08-10 16:00:00+00:00,5.223e-05
2024-08-11 00:00:00+00:00,0.0001
2024-08-11 08:00:00+00:00,1.757e-05
2024-08-11 16:00:00.001000+00:00,0.0001
2024-08-12 00:00:00+00:00,0.0001
2024-08-12 08:00:00+00:00,8.346e-05
2024-08-12 16:00:00+00:00,6.453e-05
2024-08-13 00:00:00+00:00,0.0001
2024-08-13 08:00:00+00:00,1.085e-05
2024-08-13 16:00:00+00:00,5.265e-05
2024-08-14 00:00:00+00:00,7.234e-05
2024-08-14 08:00:00+00:00,1.479e-05
2024-08-14 16:00:00+00:00,4.42e-05
2024-08-15 00:00:00+00:00,5.745e-05
2024-08-15 08:00:00+00:00,0.0001
2024-08-15 16:00:00+00:00,2.641e-05
2024-08-16 00:00:00+00:00,4.278e-05
2024-08-16 08:00:00+00:00,1.742e-05
2024-08-16 16:00:00+00:00,2.066e-05
2024-08-17 00:00:00+00:00,9.626e-05
2024-08-17 08:00:00+00:00,7.42e-05
2024-08-17 16:00:00+00:00,8.07e-06
2024-08-18 00:00:00+00:00,1.046e-05
2024-08-18 08:00:00+00:00,7.36e-06
2024-08-18 16:00:00+00:00,3.09e-06
2024-08-19 00:00:00+00:00,6.158e-05
2024-08-19 08:00:00+00:00,6.298e-05
2024-08-19 16:00:00.002000+00:00,7.259e-05
2024-08-20 00:00:00+00:00,7.216e-05
2024-08-20 08:00:00+00:00,2.422e-05
2024-08-20 16:00:00.001000+00:00,4.443e-05
2024-08-21 00:00:00.001000+00:00,3.644e-05
2024-08-21 08:00:00+00:00,7.906e-05
2024-08-21 16:00:00.001000+00:00,-8.01e-06
2024-08-22 00:00:00+00:00,-2.263e-05
2024-08-22 08:00:00+00:00,6.929e-05
2024-08-22 16:00:00.008000+00:00,5.263e-05
2024-08-23 00:00:00+00:00,-3.333e-05
2024-08-23 08:00:00+00:00,5.199e-05
2024-08-23 16:00:00+00:00,7.423e-05
2024-08-24 00:00:00+00:00,6.493e-05
2024-08-24 08:00:00.005000+00:00,3.794e-05
2024-08-24 16:00:00+00:00,6.847e-05
2024-08-25 00:00:00+00:00,0.0001
2024-08-25 08:00:00+00:00,4.484e-05
2024-08-25 16:00:00+00:00,6.233e-05
2024-08-26 00:00:00+00:00,-1.226e-05
2024-08-26 08:00:00.001000+00:00,8.45e-06
2024-08-26 16:00:00+00:00,3.277e-05
2024-08-27 00:00:00.001000+00:00,4.811e-05
2024-08-27 08:00:00+00:00,3.419e-05
2024-08-27 16:00:00+00:00,7.411e-05
2024-08-28 00:00:00+00:00,-6.216e-05
2024-08-28 08:00:00+00:00,-3.199e-05
2024-08-28 16:00:00.001000+00:00,8.08e-05
2024-08-29 00:00:00+00:00,-1.82e-06
2024-08-29 08:00:00.001000+00:00,-2.994e-05
2024-08-29 16:00:00+00:00,7.045e-05
2024-08-30 00:00:00+00:00,1.855e-05
2024-08-30 08:00:00+00:00,4.287e-05
2024-08-30 16:00:00+00:00,4.191e-05
2024-08-31 00:00:00+00:00,-1.52e-06
2024-08-31 08:00:00+00:00,4.855e-05
2024-08-31 16:00:00+00:00,0.0001
2024-09-01 00:00:00+00:00,6.578e-05
2024-09-01 08:00:00.001000+00:00,9.457e-05
2024-09-01 16:00:00+00:00,4.473e-05
2024-09-02 00:00:00.001000+00:00,1.693e-05
2024-09-02 08:00:00.001000+00:00,0.0001
2024-09-02 16:00:00+00:00,-4.484e-05
2024-09-03 00:00:00+00:00,8.869e-05
2024-09-03 08:00:00.001000+00:00,4.24e-05
2024-09-03 16:00:00+00:00,5.565e-05
2024-09-04 00:00:00+00:00,5.105e-05
2024-09-04 08:00:00+00:00,3.793e-05
2024-09-04 16:00:00+00:00,2.429e-05
2024-09-05 00:00:00+00:00,8.727e-05
2024-09-05 08:00:00+00:00,6.401e-05
2024-09-05 16:00:00.005000+00:00,5.23e-05
2024-09-06 00:00:00+00:00,1.595e-05
2024-09-06 08:00:00.001000+00:00,6.306e-05
2024-09-06 16:00:00+00:00,7.93e-06
2024-09-07 00:00:00+00:00,-2.117e-05
2024-09-07 08:00:00+00:00,3.504e-05
2024-09-07 16:00:00+00:00,4.06e-05
2024-09-08 00:00:00+00:00,-7.593e-05
2024-09-08 08:00:00+00:00,3.194e-05
2024-09-08 16:00:00+00:00,-7.7e-06
2024-09-09 00:00:00+00:00,-1.101e-05
2024-09-09 08:00:00+00:00,-4.361e-05
2024-09-09 16:00:00.001000+00:00,-2.41e-05
2024-09-10 00:00:00+00:00,2.02e-05
2024-09-10 08:00:00+00:00,1.161e-05
2024-09-10 16:00:00+00:00,-3.87e-06
2024-09-11 00:00:00+00:00,5.337e-05
2024-09-11 08:00:00+00:00,5.806e-05
2024-09-11 16:00:00+00:00,-2.595e-05
2024-09-12 00:00:00+00:00,4.05e-06
2024-09-12 08:00:00+00:00,2.149e-05
2024-09-12 16:00:00+00:00,-4.024e-05
2024-09-13 00:00:00+00:00,2.911e-05
2024-09-13 08:00:00.001000+00:00,2.4e-05
2024-09-13 16:00:00.001000+00:00,1.749e-05
2024-09-14 00:00:00+00:00,2.023e-05
2024-09-14 08:00:00+00:00,2.333e-05
2024-09-14 16:00:00.001000+00:00,4.075e-05
2024-09-15 00:00:00+00:00,8.839e-05
2024-09-15 08:00:00+00:00,1.63e-06
2024-09-15 16:00:00+00:00,1.734e-05
2024-09-16 00:00:00+00:00,1.907e-05
2024-09-16 08:00:00.001000+00:00,-3.36e-06
2024-09-16 16:00:00+00:00,2.528e-05
2024-09-17 00:00:00.001000+00:00,2.753e-05
2024-09-17 08:00:00+00:00,-1.455e-05
2024-09-17 16:00:00+00:00,-7.11e-05
2024-09-18 00:00:00+00:00,-2.737e-05
2024-09-18 08:00:00+00:00,-6.78e-06
2024-09-18 16:00:00.004000+00:00,3.345e-05
2024-09-19 00:00:00+00:00,6.997e-05
2024-09-19 08:00:00+00:00,4.471e-05
2024-09-19 16:00:00.001000+00:00,8.15e-05
2024-09-20 00:00:00+00:00,0.0001
2024-09-20 08:00:00.001000+00:00,7.963e-05
2024-09-20 16:00:00+00:00,0.0001
2024-09-21 00:00:00.001000+00:00,7.57e-05
2024-09-21 08:00:00+00:00,0.0001
2024-09-21 16:00:00+00:00,2.772e-05
2024-09-22 00:00:00+00:00,0.0001
2024-09-22 08:00:00+00:00,-4.59e-06
2024-09-22 16:00:00+00:00,0.0001
2024-09-23 00:00:00+00:00,7.699e-05
2024-09-23 08:00:00+00:00,8.916e-05
2024-09-23 16:00:00+00:00,5.189e-05
2024-09-24 00:00:00+00:00,0.0001
2024-09-24 08:00:00+00:00,0.0001
2024-09-24 16:00:00.001000+00:00,4.424e-05
2024-09-25 00:00:00+00:00,3.104e-05
2024-09-25 08:00:00.003000+00:00,9.26e-06
2024-09-25 16:00:00+00:00,6.374e-05
2024-09-26 00:00:00.005000+00:00,0.0001
2024-09-26 08:00:00+00:00,0.0001
2024-09-26 16:00:00+00:00,0.0001
2024-09-27 00:00:00+00:00,0.0001
2024-09-27 08:00:00+00:00,0.0001
2024-09-27 16:00:00+00:00,0.0001
2024-09-28 00:00:00+00:00,0.0001
2024-09-28 08:00:00.001000+00:00,0.0001
2024-09-28 16:00:00+00:00,0.0001
2024-09-29 00:00:00.001000+00:00,0.0001
2024-09-29 08:00:00+00:00,0.0001
2024-09-29 16:00:00+00:00,0.0001
2024-09-30 00:00:00+00:00,0.0001
2024-09-30 08:00:00.001000+00:00,0.0001
2024-09-30 16:00:00+00:00,0.0001
2024-10-01 00:00:00+00:00,4.895e-05
2024-10-01 08:00:00+00:00,0.0001
2024-10-01 16:00:00.001000+00:00,0.0001
2024-10-02 00:00:00+00:00,1.828e-05
2024-10-02 08:00:00+00:00,5.17e-05
2024-10-02 16:00:00+00:00,3.246e-05
2024-10-03 00:00:00+00:00,5.26e-05
2024-10-03 08:00:00+00:00,0.0001
2024-10-03 16:00:00+00:00,4.008e-05
2024-10-04 00:00:00+00:00,8.147e-05
2024-10-04 08:00:00+00:00,6.546e-05
2024-10-04 16:00:00.001000+00:00,3.846e-05
2024-10-05 00:00:00+00:00,5.98e-06
2024-10-05 08:00:00+00:00,4.807e-05
2024-10-05 16:00:00+00:00,0.0001
2024-10-06 00:00:00+00:00,0.0001
2024-10-06 08:00:00.001000+00:00,0.0001
2024-10-06 16:00:00+00:00,9.21e-05
2024-10-07 00:00:00+00:00,9.799e-05
2024-10-07 08:00:00+00:00,4.964e-05
2024-10-07 16:00:00.001000+00:00,0.0001
2024-10-08 00:00:00+00:00,0.0001
2024-10-08 08:00:00+00:00,0.0001
2024-10-08 16:00:00+00:00,0.0001
2024-10-09 00:00:00+00:00,0.0001
2024-10-09 08:00:00+00:00,0.0001
2024-10-09 16:00:00+00:00,0.0001
2024-10-10 00:00:00+00:00,0.0001
2024-10-10 08:00:00+00:00,7.632e-05
2024-10-10 16:00:00+00:00,5.798e-05
2024-10-11 00:00:00+00:00,6.106e-05
2024-10-11 08:00:00+00:00,6.661e-05
2024-10-11 16:00:00.001000+00:00,4.354e-05
2024-10-12 00:00:00+00:00,6.242e-05
2024-10-12 08:00:00.001000+00:00,6.727e-05
2024-10-12 16:00:00+00:00,8.401e-05
2024-10-13 00:00:00+00:00,9.584e-05
2024-10-13 08:00:00+00:00,0.0001
2024-10-13 16:00:00+00:00,2.467e-05
2024-10-14 00:00:00+00:00,9.993e-05
2024-10-14 08:00:00+00:00,8.251e-05
2024-10-14 16:00:00+00:00,0.0001
2024-10-15 00:00:00+00:00,0.0001
2024-10-15 08:00:00+00:00,0.0001
2024-10-15 16:00:00+00:00,0.0001
2024-10-16 00:00:00+00:00,0.0001
2024-10-16 08:00:00.001000+00:00,0.0001
2024-10-16 16:00:00+00:00,0.0001
2024-10-17 00:00:00+00:00,0.0001
2024-10-17 08:00:00+00:00,0.0001
2024-10-17 16:00:00.001000+00:00,0.0001
2024-10-18 00:00:00.010000+00:00,0.0001
2024-10-18 08:00:00.001000+00:00,0.0001
2024-10-18 16:00:00+00:00,0.0001
2024-10-19 00:00:00+00:00,0.0001
2024-10-19 08:00:00+00:00,0.0001
2024-10-19 16:00:00+00:00,0.0001
2024-10-20 00:00:00+00:00,0.0001
2024-10-20 08:00:00+00:00,0.0001
2024-10-20 16:00:00+00:00,0.0001
2024-10-21 00:00:00+00:00,0.0001
2024-10-21 08:00:00+00:00,0.0001
2024-10-21 16:00:00+00:00,0.0001
2024-10-22 00:00:00+00:00,0.0001
2024-10-22 08:00:00+00:00,0.0001
2024-10-22 16:00:00+00:00,0.0001
2024-10-23 00:00:00+00:00,0.0001
2024-10-23 08:00:00+00:00,0.0001
2024-10-23 16:00:00+00:00,9.648e-05
2024-10-24 00:00:00+00:00,0.0001
2024-10-24 08:00:00+00:00,0.0001
2024-10-24 16:00:00+00:00,0.0001
2024-10-25 00:00:00+00:00,0.0001
2024-10-25 08:00:00+00:00,0.0001
2024-10-25 16:00:00+00:00,0.0001
2024-10-26 00:00:00+00:00,0.0001
2024-10-26 08:00:00.001000+00:00,5.446e-05
2024-10-26 16:00:00+00:00,3.98e-05
2024-10-27 00:00:00+00:00,4.161e-05
2024-10-27 08:00:00+00:00,2.831e-05
2024-10-27 16:00:00+00:00,0.0001
2024-10-28 00:00:00+00:00,0.0001
2024-10-28 08:00:00.001000+00:00,0.0001
2024-10-28 16:00:00+00:00,0.0001
2024-10-29 00:00:00+00:00,0.0001
2024-10-29 08:00:00+00:00,0.0001
2024-10-29 16:00:00.004000+00:00,0.0001
2024-10-30 00:00:00+00:00,0.0001
2024-10-30 08:00:00+00:00,0.0001
2024-10-30 16:00:00.013000+00:00,0.0001
2024-10-31 00:00:00+00:00,0.0001
2024-10-31 08:00:00+00:00,0.0001
2024-10-31 16:00:00+00:00,0.0001
2024-11-01 00:00:00+00:00,0.0001
2024-11-01 08:00:00+00:00,0.0001
2024-11-01 16:00:00+00:00,0.0001
2024-11-02 00:00:00+00:00,0.0001
2024-11-02 08:00:00+00:00,0.0001
2024-11-02 16:00:00+00:00,0.0001
2024-11-03 00:00:00+00:00,0.0001
2024-11-03 08:00:00+00:00,0.0001
2024-11-03 16:00:00+00:00,0.0001
2024-11-04 00:00:00+00:00,0.0001
2024-11-04 08:00:00+00:00,0.0001
2024-11-04 16:00:00+00:00,0.0001
2024-11-05 00:00:00+00:00,0.0001
2024-11-05 08:00:00.003000+00:00,0.0001
2024-11-05 16:00:00.001000+00:00,0.0001
2024-11-06 00:00:00+00:00,0.0001
2024-11-06 08:00:00+00:00,0.0001
2024-11-06 16:00:00+00:00,0.0001
2024-11-07 00:00:00+00:00,0.0001
2024-11-07 08:00:00+00:00,0.0001
2024-11-07 16:00:00+00:00,0.0001
2024-11-08 00:00:00+00:00,0.0001
2024-11-08 08:00:00+00:00,0.0001
2024-11-08 16:00:00+00:00,0.0001
2024-11-09 00:00:00+00:00,0.0001
2024-11-09 08:00:00+00:00,0.0001
2024-11-09 16:00:00+00:00,0.0001
2024-11-10 00:00:00+00:00,0.0001
2024-11-10 08:00:00+00:00,0.00016619
2024-11-10 16:00:00+00:00,0.00030059
2024-11-11 00:00:00.001000+00:00,0.0001913
2024-11-11 08:00:00+00:00,0.00020847
2024-11-11 16:00:00+00:00,0.00013497
2024-11-12 00:00:00.002000+00:00,0.00037967
2024-11-12 08:00:00+00:00,0.00047785
2024-11-12 16:00:00+00:00,0.00035606
2024-11-13 00:00:00+00:00,0.00027525
2024-11-13 08:00:00.010000+00:00,0.0001
2024-11-13 16:00:00+00:00,0.00020912
2024-11-14 00:00:00.001000+00:00,0.00013545
2024-11-14 08:00:00+00:00,0.0001
2024-11-14 16:00:00+00:00,0.0001
2024-11-15 00:00:00+00:00,0.0001
2024-11-15 08:00:00+00:00,0.0001
2024-11-15 16:00:00+00:00,0.0001
2024-11-16 00:00:00.001000+00:00,0.0001
2024-11-16 08:00:00.001000+00:00,0.0001
2024-11-16 16:00:00+00:00,0.0001
2024-11-17 00:00:00+00:00,0.00018837
2024-11-17 08:00:00+00:00,0.0001
2024-11-17 16:00:00.001000+00:00,0.0001
2024-11-18 00:00:00+00:00,0.0001
2024-11-18 08:00:00+00:00,0.00017325
2024-11-18 16:00:00+00:00,0.0001
2024-11-19 00:00:00+00:00,0.00015265
2024-11-19 08:00:00+00:00,0.00015237
2024-11-19 16:00:00+00:00,0.00013221
2024-11-20 00:00:00.003000+00:00,0.00011302
2024-11-20 08:00:00+00:00,0.0001
2024-11-20 16:00:00+00:00,0.0001
2024-11-21 00:00:00.001000+00:00,0.0001
2024-11-21 08:00:00+00:00,0.0001
2024-11-21 16:00:00.001000+00:00,0.0001
2024-11-22 00:00:00+00:00,0.00017677
2024-11-22 08:00:00+00:00,0.00016496
2024-11-22 16:00:00.001000+00:00,0.00016244
2024-11-23 00:00:00+00:00,0.00016041
2024-11-23 08:00:00+00:00,0.00057097
2024-11-23 16:00:00+00:00,0.00042825
2024-11-24 00:00:00.001000+00:00,0.00018834
2024-11-24 08:00:00+00:00,0.00030186
2024-11-24 16:00:00+00:00,0.00019646
2024-11-25 00:00:00+00:00,0.00012374
2024-11-25 08:00:00+00:00,0.00023054
2024-11-25 16:00:00+00:00,0.00017133
2024-11-26 00:00:00+00:00,0.00017012
2024-11-26 08:00:00+00:00,0.00015905
2024-11-26 16:00:00+00:00,0.0001
2024-11-27 00:00:00+00:00,0.00017919
2024-11-27 08:00:00+00:00,0.00017996
2024-11-27 16:00:00.001000+00:00,0.00025728
2024-11-28 00:00:00+00:00,0.00028453
2024-11-28 08:00:00+00:00,0.00014389
2024-11-28 16:00:00+00:00,0.0001
2024-11-29 00:00:00+00:00,0.00014813
2024-11-29 08:00:00+00:00,0.00020769
2024-11-29 16:00:00+00:00,0.00025606
2024-11-30 00:00:00+00:00,0.00034168
2024-11-30 08:00:00+00:00,0.00017834
2024-11-30 16:00:00+00:00,0.0002029
2024-12-01 00:00:00+00:00,0.0002444
2024-12-01 08:00:00+00:00,0.00022414
2024-12-01 16:00:00+00:00,0.00032851
2024-12-02 00:00:00.001000+00:00,0.00058787
2024-12-02 08:00:00.001000+00:00,0.0002226
2024-12-02 16:00:00+00:00,0.00017643
2024-12-03 00:00:00+00:00,0.00034892
2024-12-03 08:00:00+00:00,0.00047181
2024-12-03 16:00:00+00:00,0.00033067
2024-12-04 00:00:00+00:00,0.00042263
2024-12-04 08:00:00+00:00,0.00041041
2024-12-04 16:00:00+00:00,0.00042323
2024-12-05 00:00:00.001000+00:00,0.00031589
2024-12-05 08:00:00+00:00,0.00062247
2024-12-05 16:00:00+00:00,0.0006991
2024-12-06 00:00:00+00:00,0.00036856
2024-12-06 08:00:00+00:00,0.00035263
2024-12-06 16:00:00+00:00,0.00012061
2024-12-07 00:00:00+00:00,0.00041892
2024-12-07 08:00:00+00:00,0.00044986
2024-12-07 16:00:00+00:00,0.00035767
2024-12-08 00:00:00+00:00,0.00028075
2024-12-08 08:00:00+00:00,0.00019845
2024-12-08 16:00:00+00:00,0.00020362
2024-12-09 00:00:00+00:00,0.00031296
2024-12-09 08:00:00+00:00,0.0001831
2024-12-09 16:00:00.001000+00:00,0.0001
2024-12-10 00:00:00.007000+00:00,0.0001
2024-12-10 08:00:00+00:00,0.0001
2024-12-10 16:00:00+00:00,0.0001
2024-12-11 00:00:00+00:00,0.0001
2024-12-11 08:00:00+00:00,0.0001
2024-12-11 16:00:00.001000+00:00,0.0001
2024-12-12 00:00:00.001000+00:00,0.0001
2024-12-12 08:00:00+00:00,0.0001
2024-12-12 16:00:00.001000+00:00,0.0001
2024-12-13 00:00:00+00:00,0.0001
2024-12-13 08:00:00+00:00,0.0001
2024-12-13 16:00:00.001000+00:00,0.0001
2024-12-14 00:00:00+00:00,0.0001
2024-12-14 08:00:00+00:00,0.0001
2024-12-14 16:00:00+00:00,0.0001
2024-12-15 00:00:00+00:00,0.0001
2024-12-15 08:00:00+00:00,0.0001
2024-12-15 16:00:00+00:00,0.0001
2024-12-16 00:00:00+00:00,0.0001
2024-12-16 08:00:00.001000+00:00,0.0001
2024-12-16 16:00:00+00:00,0.0001
2024-12-17 00:00:00+00:00,0.0001
2024-12-17 08:00:00+00:00,0.0001
2024-12-17 16:00:00+00:00,0.0001
2024-12-18 00:00:00+00:00,0.0001
2024-12-18 08:00:00+00:00,0.0001
2024-12-18 16:00:00+00:00,0.0001
2024-12-19 00:00:00+00:00,0.0001
2024-12-19 08:00:00+00:00,0.0001
2024-12-19 16:00:00+00:00,0.0001
2024-12-20 00:00:00+00:00,0.0001
2024-12-20 08:00:00.001000+00:00,0.0001
2024-12-20 16:00:00.014000+00:00,0.0001
2024-12-21 00:00:00+00:00,8.266e-05
2024-12-21 08:00:00+00:00,0.0001
2024-12-21 16:00:00.001000+00:00,0.0001
2024-12-22 00:00:00+00:00,4.747e-05
2024-12-22 08:00:00+00:00,0.0001
2024-12-22 16:00:00+00:00,0.0001
2024-12-23 00:00:00+00:00,0.0001
2024-12-23 08:00:00+00:00,0.0001
2024-12-23 16:00:00.001000+00:00,0.0001
2024-12-24 00:00:00+00:00,0.0001
2024-12-24 08:00:00+00:00,0.0001
2024-12-24 16:00:00.001000+00:00,0.0001
2024-12-25 00:00:00.001000+00:00,0.0001
2024-12-25 08:00:00+00:00,0.0001
2024-12-25 16:00:00+00:00,0.0001
2024-12-26 00:00:00+00:00,9.146e-05
2024-12-26 08:00:00+00:00,0.0001
2024-12-26 16:00:00+00:00,0.0001
2024-12-27 00:00:00+00:00,0.0001
2024-12-27 08:00:00+00:00,0.0001
2024-12-27 16:00:00+00:00,0.0001
2024-12-28 00:00:00.001000+00:00,0.0001
2024-12-28 08:00:00+00:00,2.068e-05
2024-12-28 16:00:00+00:00,1.529e-05
2024-12-29 00:00:00+00:00,5.1e-05
2024-12-29 08:00:00+00:00,3.658e-05
2024-12-29 16:00:00+00:00,7.345e-05
2024-12-30 00:00:00+00:00,9.108e-05
2024-12-30 08:00:00.001000+00:00,6.367e-05
2024-12-30 16:00:00+00:00,0.0001
2024-12-31 00:00:00+00:00,0.0001
2024-12-31 08:00:00+00:00,6.834e-05
2024-12-31 16:00:00+00:00,0.0001
2025-01-01 00:00:00.015000+00:00,0.0001
2025-01-01 08:00:00+00:00,8.487e-05
2025-01-01 16:00:00.001000+00:00,0.0001
2025-01-02 00:00:00+00:00,0.0001
2025-01-02 08:00:00.006000+00:00,0.0001
2025-01-02 16:00:00+00:00,0.0001
2025-01-03 00:00:00+00:00,0.0001
2025-01-03 08:00:00+00:00,0.0001
2025-01-03 16:00:00+00:00,0.0001
2025-01-04 00:00:00+00:00,0.0001
2025-01-04 08:00:00+00:00,0.0001
2025-01-04 16:00:00+00:00,0.0001
2025-01-05 00:00:00+00:00,0.0001
2025-01-05 08:00:00+00:00,0.0001
2025-01-05 16:00:00+00:00,0.0001
2025-01-06 00:00:00+00:00,0.0001
2025-01-06 08:00:00.001000+00:00,0.0001
2025-01-06 16:00:00+00:00,0.0001
2025-01-07 00:00:00+00:00,0.0001
2025-01-07 08:00:00+00:00,0.0001
2025-01-07 16:00:00.008000+00:00,0.0001
2025-01-08 00:00:00.001000+00:00,3.145e-05
2025-01-08 08:00:00+00:00,0.0001
2025-01-08 16:00:00+00:00,0.0001
2025-01-09 00:00:00+00:00,3.611e-05
2025-01-09 08:00:00+00:00,0.0001
2025-01-09 16:00:00+00:00,8.644e-05
2025-01-10 00:00:00+00:00,0.0001
2025-01-10 08:00:00+00:00,0.0001
2025-01-10 16:00:00+00:00,0.0001
2025-01-11 00:00:00+00:00,0.0001
2025-01-11 08:00:00+00:00,9.277e-05
2025-01-11 16:00:00+00:00,-1.825e-05
2025-01-12 00:00:00+00:00,-0.00010728
2025-01-12 08:00:00+00:00,8.311e-05
2025-01-12 16:00:00+00:00,1.285e-05
2025-01-13 00:00:00+00:00,-1.513e-05
2025-01-13 08:00:00+00:00,-3.491e-05
2025-01-13 16:00:00+00:00,-3.644e-05
2025-01-14 00:00:00+00:00,2.097e-05
2025-01-14 08:00:00+00:00,6.466e-05
2025-01-14 16:00:00+00:00,-2.824e-05
2025-01-15 00:00:00+00:00,9.571e-05
2025-01-15 08:00:00+00:00,0.0001
2025-01-15 16:00:00+00:00,0.0001
2025-01-16 00:00:00+00:00,0.0001
2025-01-16 08:00:00+00:00,0.0001
2025-01-16 16:00:00+00:00,0.0001
2025-01-17 00:00:00.004000+00:00,0.0001
2025-01-17 08:00:00+00:00,0.0001
2025-01-17 16:00:00.008000+00:00,0.0001
2025-01-18 00:00:00+00:00,0.0001
2025-01-18 08:00:00.007000+00:00,0.0001
2025-01-18 16:00:00+00:00,0.0001
2025-01-19 00:00:00+00:00,0.0001
2025-01-19 08:00:00+00:00,0.0001
2025-01-19 16:00:00+00:00,0.0001
2025-01-20 00:00:00+00:00,0.0001
2025-01-20 08:00:00.009000+00:00,0.0001
2025-01-20 16:00:00+00:00,0.0001
2025-01-21 00:00:00+00:00,0.0001
2025-01-21 08:00:00+00:00,0.0001
2025-01-21 16:00:00+00:00,0.0001
2025-01-22 00:00:00+00:00,0.0001
2025-01-22 08:00:00+00:00,0.0001
2025-01-22 16:00:00+00:00,7.465e-05
2025-01-23 00:00:00.001000+00:00,0.0001
2025-01-23 08:00:00+00:00,0.0001
2025-01-23 16:00:00+00:00,0.0001
2025-01-24 00:00:00+00:00,0.0001
2025-01-24 08:00:00+00:00,0.0001
2025-01-24 16:00:00+00:00,6.771e-05
2025-01-25 00:00:00+00:00,6.817e-05
2025-01-25 08:00:00+00:00,8.675e-05
2025-01-25 16:00:00.001000+00:00,5.402e-05
2025-01-26 00:00:00+00:00,0.0001
2025-01-26 08:00:00+00:00,0.0001
2025-01-26 16:00:00+00:00,0.0001
2025-01-27 00:00:00+00:00,0.0001
2025-01-27 08:00:00+00:00,-1.583e-05
2025-01-27 16:00:00+00:00,-3.389e-05
2025-01-28 00:00:00+00:00,0.0001
2025-01-28 08:00:00+00:00,4.825e-05
2025-01-28 16:00:00+00:00,0.0001
2025-01-29 00:00:00+00:00,0.0001
2025-01-29 08:00:00+00:00,3.336e-05
2025-01-29 16:00:00+00:00,0.0001
2025-01-30 00:00:00+00:00,6.971e-05
2025-01-30 08:00:00+00:00,0.0001
2025-01-30 16:00:00+00:00,0.0001
2025-01-31 00:00:00+00:00,0.0001
2025-01-31 08:00:00+00:00,0.0001
2025-01-31 16:00:00+00:00,0.0001
2025-02-01 00:00:00+00:00,0.0001
2025-02-01 08:00:00+00:00,0.0001
2025-02-01 16:00:00+00:00,0.0001
2025-02-02 00:00:00.001000+00:00,0.0001
2025-02-02 08:00:00+00:00,0.0001
2025-02-02 16:00:00+00:00,2.648e-05
2025-02-03 00:00:00+00:00,3.757e-05
2025-02-03 08:00:00+00:00,-0.00010707
2025-02-03 16:00:00+00:00,2.976e-05
2025-02-04 00:00:00+00:00,7.677e-05
2025-02-04 08:00:00.001000+00:00,-2.864e-05
2025-02-04 16:00:00+00:00,2.027e-05
2025-02-05 00:00:00.001000+00:00,4.213e-05
2025-02-05 08:00:00.001000+00:00,5.574e-05
2025-02-05 16:00:00+00:00,1.826e-05
2025-02-06 00:00:00.001000+00:00,4.038e-05
2025-02-06 08:00:00.001000+00:00,-8.9e-06
2025-02-06 16:00:00+00:00,0.0001
2025-02-07 00:00:00+00:00,-1.808e-05
2025-02-07 08:00:00+00:00,2.226e-05
2025-02-07 16:00:00+00:00,0.0001
2025-02-08 00:00:00+00:00,7.416e-05
2025-02-08 08:00:00+00:00,7.89e-05
2025-02-08 16:00:00+00:00,0.0001
2025-02-09 00:00:00+00:00,0.0001
2025-02-09 08:00:00+00:00,0.0001
2025-02-09 16:00:00+00:00,0.0001
2025-02-10 00:00:00+00:00,8.742e-05
2025-02-10 08:00:00+00:00,7.962e-05
2025-02-10 16:00:00+00:00,0.0001
2025-02-11 00:00:00+00:00,0.0001
2025-02-11 08:00:00+00:00,0.0001
2025-02-11 16:00:00+00:00,0.0001
2025-02-12 00:00:00+00:00,0.0001
2025-02-12 08:00:00+00:00,0.0001
2025-02-12 16:00:00.001000+00:00,4.58e-05
2025-02-13 00:00:00.001000+00:00,4.576e-05
2025-02-13 08:00:00+00:00,0.0001
2025-02-13 16:00:00.001000+00:00,-5.12e-06
2025-02-14 00:00:00+00:00,0.0001
2025-02-14 08:00:00.001000+00:00,9.246e-05
2025-02-14 16:00:00+00:00,9.045e-05
2025-02-15 00:00:00+00:00,9.551e-05
2025-02-15 08:00:00+00:00,0.0001
2025-02-15 16:00:00+00:00,0.0001
2025-02-16 00:00:00+00:00,4.247e-05
2025-02-16 08:00:00+00:00,6.578e-05
2025-02-16 16:00:00+00:00,4.713e-05
2025-02-17 00:00:00+00:00,2.435e-05
2025-02-17 08:00:00+00:00,3.215e-05
2025-02-17 16:00:00+00:00,6.255e-05
2025-02-18 00:00:00+00:00,5.268e-05
2025-02-18 08:00:00+00:00,5.344e-05
2025-02-18 16:00:00+00:00,4.877e-05
2025-02-19 00:00:00+00:00,0.0001
2025-02-19 08:00:00+00:00,0.0001
2025-02-19 16:00:00+00:00,0.0001
2025-02-20 00:00:00+00:00,0.0001
2025-02-20 08:00:00+00:00,6.084e-05
2025-02-20 16:00:00+00:00,4.316e-05
2025-02-21 00:00:00.001000+00:00,-7.509e-05
2025-02-21 08:00:00+00:00,9.19e-05
2025-02-21 16:00:00+00:00,1.303e-05
2025-02-22 00:00:00+00:00,0.0001
2025-02-22 08:00:00+00:00,2.16e-05
2025-02-22 16:00:00+00:00,2.646e-05
2025-02-23 00:00:00+00:00,4.918e-05
2025-02-23 08:00:00+00:00,-4.434e-05
2025-02-23 16:00:00+00:00,7.077e-05
2025-02-24 00:00:00+00:00,2.82e-06
2025-02-24 08:00:00+00:00,-1.33e-06
2025-02-24 16:00:00+00:00,1.512e-05
2025-02-25 00:00:00+00:00,-5.916e-05
2025-02-25 08:00:00+00:00,-4.579e-05
2025-02-25 16:00:00+00:00,-2.93e-06
2025-02-26 00:00:00+00:00,-6.149e-05
2025-02-26 08:00:00+00:00,-3.957e-05
2025-02-26 16:00:00+00:00,0.0001
2025-02-27 00:00:00.001000+00:00,0.0001
2025-02-27 08:00:00+00:00,0.0001
2025-02-27 16:00:00+00:00,0.0001
2025-02-28 00:00:00.001000+00:00,4.549e-05
2025-02-28 08:00:00+00:00,7.645e-05
2025-02-28 16:00:00+00:00,-2.674e-05
2025-03-01 00:00:00+00:00,0.0001
2025-03-01 08:00:00+00:00,0.0001
2025-03-01 16:00:00.001000+00:00,0.0001
2025-03-02 00:00:00+00:00,3.025e-05
2025-03-02 08:00:00+00:00,-3.215e-05
2025-03-02 16:00:00+00:00,-9.643e-05
2025-03-03 00:00:00.001000+00:00,5.065e-05
2025-03-03 08:00:00+00:00,-2.138e-05
2025-03-03 16:00:00+00:00,-0.00015283
2025-03-04 00:00:00.001000+00:00,-0.00014663
2025-03-04 08:00:00.005000+00:00,2.847e-05
2025-03-04 16:00:00+00:00,5.92e-06
2025-03-05 00:00:00+00:00,-7.971e-05
2025-03-05 08:00:00+00:00,-3.888e-05
2025-03-05 16:00:00+00:00,-1.44e-05
2025-03-06 00:00:00+00:00,-0.0001095
2025-03-06 08:00:00.001000+00:00,4.167e-05
2025-03-06 16:00:00+00:00,-6.75e-06
2025-03-07 00:00:00+00:00,-9.355e-05
2025-03-07 08:00:00.001000+00:00,3.138e-05
2025-03-07 16:00:00+00:00,0.0001
2025-03-08 00:00:00+00:00,3.051e-05
2025-03-08 08:00:00.001000+00:00,4.478e-05
2025-03-08 16:00:00.001000+00:00,4.362e-05
2025-03-09 00:00:00.001000+00:00,7.58e-06
2025-03-09 08:00:00+00:00,4.768e-05
2025-03-09 16:00:00+00:00,1.68e-06
2025-03-10 00:00:00+00:00,3.931e-05
2025-03-10 08:00:00+00:00,6.624e-05
2025-03-10 16:00:00+00:00,1.65e-05
2025-03-11 00:00:00+00:00,7.274e-05
2025-03-11 08:00:00+00:00,7.883e-05
2025-03-11 16:00:00.001000+00:00,4.265e-05
2025-03-12 00:00:00+00:00,2.203e-05
2025-03-12 08:00:00+00:00,2.699e-05
2025-03-12 16:00:00.001000+00:00,3.589e-05
2025-03-13 00:00:00+00:00,0.0001
2025-03-13 08:00:00+00:00,6.704e-05
2025-03-13 16:00:00+00:00,-6.23e-06
2025-03-14 00:00:00+00:00,3.296e-05
2025-03-14 08:00:00+00:00,9.122e-05
2025-03-14 16:00:00+00:00,7.961e-05
2025-03-15 00:00:00+00:00,1.857e-05
2025-03-15 08:00:00+00:00,6.566e-05
2025-03-15 16:00:00+00:00,4.439e-05
2025-03-16 00:00:00+00:00,7.86e-06
2025-03-16 08:00:00+00:00,-2.583e-05
2025-03-16 16:00:00+00:00,-2.94e-05
2025-03-17 00:00:00+00:00,9.802e-05
2025-03-17 08:00:00+00:00,0.0001
2025-03-17 16:00:00+00:00,8.461e-05
2025-03-18 00:00:00+00:00,1.365e-05
2025-03-18 08:00:00+00:00,-3.488e-05
2025-03-18 16:00:00+00:00,-5.32e-05
2025-03-19 00:00:00+00:00,2.047e-05
2025-03-19 08:00:00+00:00,0.0001
2025-03-19 16:00:00+00:00,0.0001
2025-03-20 00:00:00+00:00,0.0001
2025-03-20 08:00:00+00:00,0.0001
2025-03-20 16:00:00+00:00,3.286e-05
2025-03-21 00:00:00+00:00,0.0001
2025-03-21 08:00:00+00:00,0.0001
2025-03-21 16:00:00+00:00,5.724e-05
2025-03-22 00:00:00+00:00,-3.025e-05
2025-03-22 08:00:00.004000+00:00,-0.00011728
2025-03-22 16:00:00+00:00,-5.77e-05
2025-03-23 00:00:00+00:00,0.0001
2025-03-23 08:00:00+00:00,7.205e-05
2025-03-23 16:00:00+00:00,5.394e-05
2025-03-24 00:00:00+00:00,1.185e-05
2025-03-24 08:00:00+00:00,0.0001
2025-03-24 16:00:00+00:00,0.0001
2025-03-25 00:00:00.001000+00:00,0.0001
2025-03-25 08:00:00+00:00,1.618e-05
2025-03-25 16:00:00+00:00,5.758e-05
2025-03-26 00:00:00+00:00,0.0001
2025-03-26 08:00:00+00:00,0.0001
2025-03-26 16:00:00.001000+00:00,5.366e-05
2025-03-27 00:00:00.001000+00:00,-7.575e-05
2025-03-27 08:00:00.001000+00:00,8.625e-05
2025-03-27 16:00:00.002000+00:00,5.047e-05
2025-03-28 00:00:00.001000+00:00,6.315e-05
2025-03-28 08:00:00.001000+00:00,-6.276e-05
2025-03-28 16:00:00+00:00,-8.558e-05
2025-03-29 00:00:00+00:00,-7.747e-05
2025-03-29 08:00:00+00:00,2.072e-05
2025-03-29 16:00:00+00:00,5.748e-05
2025-03-30 00:00:00+00:00,2.399e-05
2025-03-30 08:00:00+00:00,-1.431e-05
2025-03-30 16:00:00+00:00,4.67e-06
2025-03-31 00:00:00+00:00,3.919e-05
2025-03-31 08:00:00+00:00,-9.92e-06
2025-03-31 16:00:00+00:00,-2.286e-05
2025-04-01 00:00:00+00:00,7.19e-06
2025-04-01 08:00:00.001000+00:00,7.388e-05
2025-04-01 16:00:00+00:00,7.737e-05
2025-04-02 00:00:00.001000+00:00,4.946e-05
2025-04-02 08:00:00+00:00,-4.258e-05
2025-04-02 16:00:00+00:00,4.547e-05
2025-04-03 00:00:00+00:00,7.42e-05
2025-04-03 08:00:00+00:00,4.195e-05
2025-04-03 16:00:00+00:00,1.435e-05
2025-04-04 00:00:00+00:00,0.0001
2025-04-04 08:00:00+00:00,0.0001
2025-04-04 16:00:00+00:00,6.546e-05
2025-04-05 00:00:00+00:00,0.0001
2025-04-05 08:00:00+00:00,0.0001
2025-04-05 16:00:00+00:00,2.9e-05
2025-04-06 00:00:00+00:00,-1.134e-05
2025-04-06 08:00:00+00:00,0.0001
2025-04-06 16:00:00.002000+00:00,-0.00013622
2025-04-07 00:00:00+00:00,-8.358e-05
2025-04-07 08:00:00+00:00,2.923e-05
2025-04-07 16:00:00+00:00,7.016e-05
2025-04-08 00:00:00+00:00,7.678e-05
2025-04-08 08:00:00+00:00,5.288e-05
2025-04-08 16:00:00+00:00,9.518e-05
2025-04-09 00:00:00+00:00,9.147e-05
2025-04-09 08:00:00.001000+00:00,7.646e-05
2025-04-09 16:00:00+00:00,0.0001
2025-04-10 00:00:00+00:00,0.0001
2025-04-10 08:00:00+00:00,7.23e-05
2025-04-10 16:00:00+00:00,6.559e-05
2025-04-11 00:00:00.001000+00:00,4.69e-06
2025-04-11 08:00:00+00:00,9.555e-05
2025-04-11 16:00:00+00:00,7.067e-05
2025-04-12 00:00:00+00:00,0.0001
2025-04-12 08:00:00.001000+00:00,4.64e-06
2025-04-12 16:00:00+00:00,1.377e-05
2025-04-13 00:00:00+00:00,9.055e-05
2025-04-13 08:00:00+00:00,4.726e-05
2025-04-13 16:00:00+00:00,6.836e-05
2025-04-14 00:00:00+00:00,5.708e-05
2025-04-14 08:00:00+00:00,-1.614e-05
2025-04-14 16:00:00+00:00,-2.839e-05
2025-04-15 00:00:00+00:00,1.9e-05
2025-04-15 08:00:00+00:00,7.592e-05
2025-04-15 16:00:00.001000+00:00,3.026e-05
2025-04-16 00:00:00+00:00,-1.201e-05
2025-04-16 08:00:00+00:00,6.276e-05
2025-04-16 16:00:00+00:00,1.586e-05
2025-04-17 00:00:00.001000+00:00,4.367e-05
2025-04-17 08:00:00+00:00,7.954e-05
2025-04-17 16:00:00.001000+00:00,-2.126e-05
2025-04-18 00:00:00+00:00,6.869e-05
2025-04-18 08:00:00+00:00,8.975e-05
2025-04-18 16:00:00+00:00,0.0001
2025-04-19 00:00:00+00:00,9.426e-05
2025-04-19 08:00:00+00:00,4.348e-05
2025-04-19 16:00:00+00:00,-3.641e-05
2025-04-20 00:00:00+00:00,6.623e-05
2025-04-20 08:00:00+00:00,9.834e-05
2025-04-20 16:00:00+00:00,0.0001
2025-04-21 00:00:00+00:00,8.058e-05
2025-04-21 08:00:00.005000+00:00,0.0001
2025-04-21 16:00:00.003000+00:00,0.0001
2025-04-22 00:00:00.008000+00:00,0.0001
2025-04-22 08:00:00+00:00,-4.315e-05
2025-04-22 16:00:00+00:00,5.691e-05
2025-04-23 00:00:00+00:00,0.0001
2025-04-23 08:00:00.002000+00:00,7.992e-05
2025-04-23 16:00:00+00:00,4.354e-05
2025-04-24 00:00:00+00:00,7.547e-05
2025-04-24 08:00:00.001000+00:00,0.0001
2025-04-24 16:00:00.001000+00:00,8.956e-05
2025-04-25 00:00:00.007000+00:00,0.0001
2025-04-25 08:00:00.002000+00:00,0.0001
2025-04-25 16:00:00.003000+00:00,5.107e-05
2025-04-26 00:00:00.002000+00:00,9.862e-05
2025-04-26 08:00:00+00:00,2.21e-05
2025-04-26 16:00:00.002000+00:00,6.109e-05
2025-04-27 00:00:00.001000+00:00,7.91e-05
2025-04-27 08:00:00+00:00,1.042e-05
2025-04-27 16:00:00+00:00,3.925e-05
2025-04-28 00:00:00.001000+00:00,2.905e-05
2025-04-28 08:00:00.003000+00:00,8.874e-05
2025-04-28 16:00:00.005000+00:00,-1.083e-05
2025-04-29 00:00:00+00:00,5.52e-06
2025-04-29 08:00:00+00:00,6.49e-05
2025-04-29 16:00:00.010000+00:00,1.362e-05
2025-04-30 00:00:00.001000+00:00,-2.609e-05
2025-04-30 08:00:00+00:00,1.778e-05
2025-04-30 16:00:00.003000+00:00,-3.44e-05
2025-05-01 00:00:00+00:00,6.676e-05
2025-05-01 08:00:00+00:00,6.753e-05
2025-05-01 16:00:00.001000+00:00,0.0001
2025-05-02 00:00:00+00:00,0.0001
2025-05-02 08:00:00+00:00,3.098e-05
2025-05-02 16:00:00.003000+00:00,-5.326e-05
2025-05-03 00:00:00+00:00,3.254e-05
2025-05-03 08:00:00+00:00,2.219e-05
2025-05-03 16:00:00+00:00,-2.813e-05
2025-05-04 00:00:00.001000+00:00,-4.726e-05
2025-05-04 08:00:00.001000+00:00,-5.661e-05
2025-05-04 16:00:00.002000+00:00,-3.603e-05
2025-05-05 00:00:00+00:00,-1.888e-05
2025-05-05 08:00:00+00:00,7.24e-05
2025-05-05 16:00:00.006000+00:00,1.679e-05
2025-05-06 00:00:00.002000+00:00,-0.00016366
2025-05-06 08:00:00.005000+00:00,-5.614e-05
2025-05-06 16:00:00+00:00,-2.471e-05
2025-05-07 00:00:00.002000+00:00,0.0001
2025-05-07 08:00:00+00:00,0.0001
2025-05-07 16:00:00.006000+00:00,0.0001
2025-05-08 00:00:00+00:00,4.916e-05
2025-05-08 08:00:00.001000+00:00,0.0001
2025-05-08 16:00:00.002000+00:00,0.0001
2025-05-09 00:00:00.001000+00:00,0.0001
2025-05-09 08:00:00.006000+00:00,0.0001
2025-05-09 16:00:00+00:00,0.0001
2025-05-10 00:00:00.001000+00:00,0.0001
2025-05-10 08:00:00+00:00,0.0001
2025-05-10 16:00:00.001000+00:00,0.0001
2025-05-11 00:00:00+00:00,0.0001
2025-05-11 08:00:00.001000+00:00,0.0001
2025-05-11 16:00:00.001000+00:00,1.565e-05
2025-05-12 00:00:00.004000+00:00,0.0001
2025-05-12 08:00:00+00:00,0.0001
2025-05-12 16:00:00+00:00,0.0001
2025-05-13 00:00:00+00:00,0.0001
2025-05-13 08:00:00.008000+00:00,0.0001
2025-05-13 16:00:00.001000+00:00,0.0001
2025-05-14 00:00:00.007000+00:00,0.0001
2025-05-14 08:00:00+00:00,0.0001
2025-05-14 16:00:00.002000+00:00,-2.092e-05
2025-05-15 00:00:00+00:00,7.952e-05
2025-05-15 08:00:00.003000+00:00,0.0001
2025-05-15 16:00:00+00:00,4.163e-05
2025-05-16 00:00:00.001000+00:00,6.053e-05
2025-05-16 08:00:00+00:00,0.0001
2025-05-16 16:00:00+00:00,0.0001
2025-05-17 00:00:00+00:00,0.0001
2025-05-17 08:00:00.001000+00:00,0.0001
2025-05-17 16:00:00.004000+00:00,1.214e-05
2025-05-18 00:00:00+00:00,-2.55e-05
2025-05-18 08:00:00+00:00,9.092e-05
2025-05-18 16:00:00+00:00,0.0001
2025-05-19 00:00:00+00:00,6.696e-05
2025-05-19 08:00:00.006000+00:00,-6.281e-05
2025-05-19 16:00:00.010000+00:00,4.442e-05
2025-05-20 00:00:00+00:00,0.0001
2025-05-20 08:00:00.002000+00:00,1.634e-05
2025-05-20 16:00:00+00:00,-0.00017607
2025-05-21 00:00:00+00:00,-2.126e-05
2025-05-21 08:00:00.001000+00:00,5.215e-05
2025-05-21 16:00:00.004000+00:00,9.133e-05
2025-05-22 00:00:00.001000+00:00,0.0001
2025-05-22 08:00:00+00:00,0.0001
2025-05-22 16:00:00.002000+00:00,0.0001
2025-05-23 00:00:00.006000+00:00,0.0001
2025-05-23 08:00:00+00:00,0.0001
2025-05-23 16:00:00.007000+00:00,0.0001
2025-05-24 00:00:00.010000+00:00,6.597e-05
2025-05-24 08:00:00+00:00,-2.786e-05
2025-05-24 16:00:00.003000+00:00,-4.744e-05
2025-05-25 00:00:00.004000+00:00,-1.169e-05
2025-05-25 08:00:00+00:00,-1.146e-05
2025-05-25 16:00:00+00:00,-2.337e-05
2025-05-26 00:00:00+00:00,-3.6e-06
2025-05-26 08:00:00+00:00,7.32e-05
2025-05-26 16:00:00.002000+00:00,0.0001
2025-05-27 00:00:00.003000+00:00,2.165e-05
2025-05-27 08:00:00.001000+00:00,4.652e-05
2025-05-27 16:00:00.005000+00:00,0.0001
2025-05-28 00:00:00.002000+00:00,0.0001
2025-05-28 08:00:00.003000+00:00,0.0001
2025-05-28 16:00:00.002000+00:00,6.471e-05
2025-05-29 00:00:00+00:00,1.685e-05
2025-05-29 08:00:00.006000+00:00,0.0001
2025-05-29 16:00:00+00:00,0.0001
2025-05-30 00:00:00.003000+00:00,-1.066e-05
2025-05-30 08:00:00.003000+00:00,-3.54e-05
2025-05-30 16:00:00+00:00,4.087e-05
2025-05-31 00:00:00+00:00,-9.36e-06
2025-05-31 08:00:00+00:00,-3.925e-05
2025-05-31 16:00:00+00:00,3e-08
2025-06-01 00:00:00.001000+00:00,5.547e-05
2025-06-01 08:00:00.002000+00:00,4.739e-05
2025-06-01 16:00:00+00:00,4.365e-05
2025-06-02 00:00:00.001000+00:00,4.351e-05
2025-06-02 08:00:00+00:00,3.459e-05
2025-06-02 16:00:00+00:00,8.828e-05
2025-06-03 00:00:00+00:00,0.0001
2025-06-03 08:00:00+00:00,7.223e-05
2025-06-03 16:00:00.001000+00:00,3.138e-05
2025-06-04 00:00:00+00:00,0.0001
2025-06-04 08:00:00+00:00,0.0001
2025-06-04 16:00:00+00:00,4.785e-05
2025-06-05 00:00:00.016000+00:00,2.507e-05
2025-06-05 08:00:00+00:00,6.14e-05
2025-06-05 16:00:00+00:00,1.757e-05
2025-06-06 00:00:00.002000+00:00,-3.664e-05
2025-06-06 08:00:00+00:00,6.182e-05
2025-06-06 16:00:00.006000+00:00,3.071e-05
2025-06-07 00:00:00+00:00,8.48e-05
2025-06-07 08:00:00+00:00,6.601e-05
2025-06-07 16:00:00.002000+00:00,9.784e-05
2025-06-08 00:00:00+00:00,0.0001
2025-06-08 08:00:00+00:00,0.0001
2025-06-08 16:00:00+00:00,2.35e-06
2025-06-09 00:00:00+00:00,4.776e-05
2025-06-09 08:00:00.001000+00:00,5.052e-05
2025-06-09 16:00:00.001000+00:00,6.561e-05
2025-06-10 00:00:00+00:00,9.588e-05
2025-06-10 08:00:00.001000+00:00,0.0001
2025-06-10 16:00:00.003000+00:00,0.0001
2025-06-11 00:00:00+00:00,0.0001
2025-06-11 08:00:00+00:00,0.0001
2025-06-11 16:00:00.010000+00:00,0.0001
2025-06-12 00:00:00.002000+00:00,0.0001
2025-06-12 08:00:00.003000+00:00,4.718e-05
2025-06-12 16:00:00.001000+00:00,-1.048e-05
2025-06-13 00:00:00+00:00,-1.12e-05
2025-06-13 08:00:00.001000+00:00,-8.904e-05
2025-06-13 16:00:00.004000+00:00,1.5e-06
2025-06-14 00:00:00+00:00,2.137e-05
2025-06-14 08:00:00+00:00,8.484e-05
2025-06-14 16:00:00+00:00,0.0001
2025-06-15 00:00:00.005000+00:00,5.097e-05
2025-06-15 08:00:00.009000+00:00,3.231e-05
2025-06-15 16:00:00+00:00,6.109e-05
2025-06-16 00:00:00+00:00,6.226e-05
2025-06-16 08:00:00+00:00,7.4e-06
2025-06-16 16:00:00.003000+00:00,9.486e-05
2025-06-17 00:00:00+00:00,0.0001
2025-06-17 08:00:00.006000+00:00,0.0001
2025-06-17 16:00:00.001000+00:00,3.991e-05
2025-06-18 00:00:00.001000+00:00,8.54e-06
2025-06-18 08:00:00.001000+00:00,5.14e-05
2025-06-18 16:00:00.001000+00:00,-4.378e-05
2025-06-19 00:00:00.005000+00:00,4.748e-05
2025-06-19 08:00:00.003000+00:00,6.477e-05
2025-06-19 16:00:00+00:00,4.338e-05
2025-06-20 00:00:00+00:00,0.0001
2025-06-20 08:00:00.002000+00:00,7.357e-05
2025-06-20 16:00:00.001000+00:00,2.569e-05
2025-06-21 00:00:00.002000+00:00,-4.72e-06
2025-06-21 08:00:00.005000+00:00,2.894e-05
2025-06-21 16:00:00+00:00,-1.361e-05
2025-06-22 00:00:00.005000+00:00,1.74e-06
2025-06-22 08:00:00+00:00,1.145e-05
2025-06-22 16:00:00.003000+00:00,-1.793e-05
2025-06-23 00:00:00+00:00,-3.065e-05
2025-06-23 08:00:00.004000+00:00,4.566e-05
2025-06-23 16:00:00.013000+00:00,4.745e-05
2025-06-24 00:00:00.003000+00:00,0.0001
2025-06-24 08:00:00+00:00,0.0001
2025-06-24 16:00:00+00:00,3.956e-05
2025-06-25 00:00:00.005000+00:00,8.597e-05
2025-06-25 08:00:00+00:00,5.865e-05
2025-06-25 16:00:00.005000+00:00,0.0001
2025-06-26 00:00:00+00:00,4.773e-05
2025-06-26 08:00:00.006000+00:00,2.437e-05
2025-06-26 16:00:00.007000+00:00,8e-06
2025-06-27 00:00:00+00:00,-4.99e-06
2025-06-27 08:00:00+00:00,1.609e-05
2025-06-27 16:00:00.009000+00:00,-6.103e-05
2025-06-28 00:00:00.001000+00:00,4.961e-05
2025-06-28 08:00:00.002000+00:00,-2.49e-06
2025-06-28 16:00:00+00:00,8.044e-05
2025-06-29 00:00:00.004000+00:00,0.0001
2025-06-29 08:00:00.001000+00:00,5.352e-05
2025-06-29 16:00:00.001000+00:00,-6.32e-06
2025-06-30 00:00:00+00:00,0.0001
2025-06-30 08:00:00.005000+00:00,0.0001
2025-06-30 16:00:00.002000+00:00,-3.42e-06
2025-07-01 00:00:00.007000+00:00,7.127e-05
2025-07-01 08:00:00.002000+00:00,0.0001
2025-07-01 16:00:00+00:00,8.68e-06
2025-07-02 00:00:00.001000+00:00,-9.632e-05
2025-07-02 08:00:00+00:00,3.43e-05
2025-07-02 16:00:00.003000+00:00,0.0001
2025-07-03 00:00:00.006000+00:00,0.0001
2025-07-03 08:00:00.003000+00:00,0.0001
2025-07-03 16:00:00.003000+00:00,0.0001
2025-07-04 00:00:00.005000+00:00,0.0001
2025-07-04 08:00:00.003000+00:00,9.129e-05
2025-07-04 16:00:00.001000+00:00,4.768e-05
2025-07-05 00:00:00.004000+00:00,4.316e-05
2025-07-05 08:00:00.009000+00:00,-3.398e-05
2025-07-05 16:00:00.006000+00:00,-2.108e-05
2025-07-06 00:00:00.001000+00:00,3.138e-05
2025-07-06 08:00:00.002000+00:00,7.465e-05
2025-07-06 16:00:00.004000+00:00,2.891e-05
2025-07-07 00:00:00+00:00,9.838e-05
2025-07-07 08:00:00.007000+00:00,8.221e-05
2025-07-07 16:00:00+00:00,1.253e-05
2025-07-08 00:00:00.010000+00:00,2.146e-05
2025-07-08 08:00:00.003000+00:00,6.581e-05
2025-07-08 16:00:00+00:00,4.291e-05
2025-07-09 00:00:00.002000+00:00,0.0001
2025-07-09 08:00:00.006000+00:00,0.0001
2025-07-09 16:00:00.001000+00:00,0.0001
2025-07-10 00:00:00.003000+00:00,0.0001
2025-07-10 08:00:00+00:00,0.0001
2025-07-10 16:00:00.004000+00:00,0.0001
2025-07-11 00:00:00.004000+00:00,0.0001
2025-07-11 08:00:00.007000+00:00,0.0001
2025-07-11 16:00:00.001000+00:00,0.0001
2025-07-12 00:00:00+00:00,0.0001
2025-07-12 08:00:00.001000+00:00,0.0001
2025-07-12 16:00:00.002000+00:00,0.0001
2025-07-13 00:00:00.006000+00:00,0.0001
2025-07-13 08:00:00.001000+00:00,6.72e-06
2025-07-13 16:00:00.003000+00:00,9.688e-05
2025-07-14 00:00:00+00:00,0.0001
2025-07-14 08:00:00+00:00,0.0001
2025-07-14 16:00:00+00:00,0.0001
2025-07-15 00:00:00.002000+00:00,0.0001
2025-07-15 08:00:00+00:00,0.0001
2025-07-15 16:00:00+00:00,6.728e-05
2025-07-16 00:00:00+00:00,0.0001
2025-07-16 08:00:00+00:00,0.0001
2025-07-16 16:00:00.008000+00:00,0.0001
2025-07-17 00:00:00.003000+00:00,0.0001
2025-07-17 08:00:00+00:00,0.0001
2025-07-17 16:00:00+00:00,0.0001
2025-07-18 00:00:00.004000+00:00,0.0001
2025-07-18 08:00:00+00:00,0.0001
2025-07-18 16:00:00+00:00,0.0001
2025-07-19 00:00:00.009000+00:00,0.0001
2025-07-19 08:00:00+00:00,0.0001
2025-07-19 16:00:00.002000+00:00,0.0001
2025-07-20 00:00:00+00:00,0.0001
2025-07-20 08:00:00+00:00,0.0001
2025-07-20 16:00:00+00:00,0.0001
2025-07-21 00:00:00.001000+00:00,0.0001
2025-07-21 08:00:00+00:00,0.0001
2025-07-21 16:00:00.001000+00:00,0.0001
2025-07-22 00:00:00+00:00,0.0001
2025-07-22 08:00:00.010000+00:00,0.0001
2025-07-22 16:00:00.007000+00:00,0.0001
2025-07-23 00:00:00+00:00,0.0001
2025-07-23 08:00:00.004000+00:00,0.0001
2025-07-23 16:00:00.002000+00:00,0.0001
2025-07-24 00:00:00+00:00,0.0001
2025-07-24 08:00:00.001000+00:00,0.0001
2025-07-24 16:00:00+00:00,0.0001
2025-07-25 00:00:00+00:00,0.0001
2025-07-25 08:00:00+00:00,0.0001
2025-07-25 16:00:00+00:00,0.0001
2025-07-26 00:00:00.001000+00:00,0.0001
2025-07-26 08:00:00.005000+00:00,0.0001
2025-07-26 16:00:00.001000+00:00,0.0001
2025-07-27 00:00:00.001000+00:00,0.0001
2025-07-27 08:00:00+00:00,0.0001
2025-07-27 16:00:00.008000+00:00,0.0001
2025-07-28 00:00:00.005000+00:00,0.0001
2025-07-28 08:00:00+00:00,0.0001
2025-07-28 16:00:00+00:00,0.0001
2025-07-29 00:00:00.001000+00:00,9.599e-05
2025-07-29 08:00:00+00:00,7.954e-05
2025-07-29 16:00:00+00:00,6.511e-05
2025-07-30 00:00:00.011000+00:00,8.914e-05
2025-07-30 08:00:00+00:00,7.65e-05
2025-07-30 16:00:00.008000+00:00,7.802e-05
2025-07-31 00:00:00+00:00,8.846e-05
2025-07-31 08:00:00.009000+00:00,7.627e-05
2025-07-31 16:00:00+00:00,-2.62e-06
2025-08-01 00:00:00.001000+00:00,-1.227e-05
2025-08-01 08:00:00.003000+00:00,-1.217e-05
2025-08-01 16:00:00+00:00,4.437e-05
2025-08-02 00:00:00.004000+00:00,7.754e-05
2025-08-02 08:00:00+00:00,0.0001
2025-08-02 16:00:00+00:00,0.0001
2025-08-03 00:00:00+00:00,9.945e-05
2025-08-03 08:00:00+00:00,2.567e-05
2025-08-03 16:00:00.003000+00:00,6.324e-05
2025-08-04 00:00:00.004000+00:00,4.434e-05
2025-08-04 08:00:00+00:00,0.0001
2025-08-04 16:00:00.002000+00:00,0.0001
2025-08-05 00:00:00+00:00,0.0001
2025-08-05 08:00:00+00:00,0.0001
2025-08-05 16:00:00+00:00,0.0001
2025-08-06 00:00:00.005000+00:00,0.0001
2025-08-06 08:00:00+00:00,0.0001
2025-08-06 16:00:00+00:00,5.97e-05
2025-08-07 00:00:00.003000+00:00,0.0001
2025-08-07 08:00:00.002000+00:00,3.438e-05
2025-08-07 16:00:00.002000+00:00,0.0001
2025-08-08 00:00:00.002000+00:00,0.0001
2025-08-08 08:00:00.004000+00:00,7.322e-05
2025-08-08 16:00:00+00:00,0.0001
2025-08-09 00:00:00.005000+00:00,0.0001
2025-08-09 08:00:00+00:00,0.0001
2025-08-09 16:00:00.007000+00:00,5.359e-05
2025-08-10 00:00:00.003000+00:00,8.285e-05
2025-08-10 08:00:00.005000+00:00,5.105e-05
2025-08-10 16:00:00.002000+00:00,0.0001
2025-08-11 00:00:00+00:00,0.0001
2025-08-11 08:00:00+00:00,0.0001
2025-08-11 16:00:00+00:00,0.0001
2025-08-12 00:00:00+00:00,5.838e-05
2025-08-12 08:00:00.001000+00:00,3.741e-05
2025-08-12 16:00:00.005000+00:00,5.934e-05
2025-08-13 00:00:00+00:00,0.0001
2025-08-13 08:00:00.002000+00:00,0.0001
2025-08-13 16:00:00.006000+00:00,0.0001
2025-08-14 00:00:00.002000+00:00,0.0001
2025-08-14 08:00:00.003000+00:00,0.0001
2025-08-14 16:00:00+00:00,0.0001
2025-08-15 00:00:00+00:00,5.011e-05
2025-08-15 08:00:00+00:00,2.015e-05
2025-08-15 16:00:00+00:00,0.0001
2025-08-16 00:00:00.004000+00:00,1.621e-05
2025-08-16 08:00:00+00:00,0.0001
2025-08-16 16:00:00.002000+00:00,2.619e-05
2025-08-17 00:00:00+00:00,-3.217e-05
2025-08-17 08:00:00.001000+00:00,4.978e-05
2025-08-17 16:00:00.007000+00:00,8.001e-05
2025-08-18 00:00:00+00:00,0.0001
2025-08-18 08:00:00.001000+00:00,4.124e-05
2025-08-18 16:00:00.002000+00:00,1.22e-06
2025-08-19 00:00:00+00:00,4.697e-05
2025-08-19 08:00:00.001000+00:00,8.886e-05
2025-08-19 16:00:00+00:00,5.103e-05
2025-08-20 00:00:00+00:00,0.0001
2025-08-20 08:00:00+00:00,9.65e-06
2025-08-20 16:00:00+00:00,1.226e-05
2025-08-21 00:00:00.006000+00:00,6.044e-05
2025-08-21 08:00:00+00:00,9.032e-05
2025-08-21 16:00:00.003000+00:00,3.507e-05
2025-08-22 00:00:00.010000+00:00,6.932e-05
2025-08-22 08:00:00.007000+00:00,4.249e-05
2025-08-22 16:00:00.001000+00:00,5.833e-05
2025-08-23 00:00:00.004000+00:00,0.0001
2025-08-23 08:00:00.006000+00:00,0.0001
2025-08-23 16:00:00+00:00,0.0001
2025-08-24 00:00:00.001000+00:00,0.0001
2025-08-24 08:00:00.002000+00:00,0.0001
2025-08-24 16:00:00.001000+00:00,0.0001
2025-08-25 00:00:00+00:00,0.0001
2025-08-25 08:00:00.002000+00:00,0.0001
2025-08-25 16:00:00.002000+00:00,-4.595e-05
2025-08-26 00:00:00+00:00,-6.408e-05
2025-08-26 08:00:00+00:00,-2.649e-05
2025-08-26 16:00:00+00:00,6.431e-05
2025-08-27 00:00:00.003000+00:00,0.0001
2025-08-27 08:00:00+00:00,0.0001
2025-08-27 16:00:00.009000+00:00,7.026e-05
2025-08-28 00:00:00+00:00,0.0001
2025-08-28 08:00:00.005000+00:00,0.0001
2025-08-28 16:00:00.004000+00:00,3.266e-05
2025-08-29 00:00:00+00:00,8.433e-05
2025-08-29 08:00:00+00:00,0.0001
2025-08-29 16:00:00.005000+00:00,1.72e-05
2025-08-30 00:00:00+00:00,9.096e-05
2025-08-30 08:00:00.002000+00:00,0.0001
2025-08-30 16:00:00.003000+00:00,0.0001
2025-08-31 00:00:00.016000+00:00,5.213e-05
2025-08-31 08:00:00+00:00,8.606e-05
2025-08-31 16:00:00.001000+00:00,9.647e-05
2025-09-01 00:00:00+00:00,6.286e-05
2025-09-01 08:00:00+00:00,6.626e-05
2025-09-01 16:00:00.001000+00:00,0.0001
2025-09-02 00:00:00+00:00,5.247e-05
2025-09-02 08:00:00.005000+00:00,4.923e-05
2025-09-02 16:00:00.007000+00:00,8.823e-05
2025-09-03 00:00:00.006000+00:00,2.044e-05
2025-09-03 08:00:00.002000+00:00,0.0001
2025-09-03 16:00:00.002000+00:00,0.0001
2025-09-04 00:00:00.002000+00:00,0.0001
2025-09-04 08:00:00+00:00,5.075e-05
2025-09-04 16:00:00+00:00,6.087e-05
2025-09-05 00:00:00.001000+00:00,-1.689e-05
2025-09-05 08:00:00.006000+00:00,0.0001
2025-09-05 16:00:00+00:00,0.0001
2025-09-06 00:00:00+00:00,0.0001
2025-09-06 08:00:00.005000+00:00,5.491e-05
2025-09-06 16:00:00+00:00,3.452e-05
2025-09-07 00:00:00+00:00,0.0001
2025-09-07 08:00:00+00:00,0.0001
2025-09-07 16:00:00+00:00,0.0001
2025-09-08 00:00:00.007000+00:00,0.0001
2025-09-08 08:00:00+00:00,-4.876e-05
2025-09-08 16:00:00+00:00,-4.528e-05
2025-09-09 00:00:00+00:00,-4.493e-05
2025-09-09 08:00:00+00:00,0.0001
2025-09-09 16:00:00+00:00,9.906e-05
2025-09-10 00:00:00+00:00,-3.953e-05
2025-09-10 08:00:00.002000+00:00,9.253e-05
2025-09-10 16:00:00+00:00,0.0001
2025-09-11 00:00:00+00:00,0.0001
2025-09-11 08:00:00+00:00,0.0001
2025-09-11 16:00:00.001000+00:00,4.416e-05
2025-09-12 00:00:00.002000+00:00,-9.9e-07
2025-09-12 08:00:00.001000+00:00,0.0001
2025-09-12 16:00:00.005000+00:00,9.79e-05
2025-09-13 00:00:00.005000+00:00,0.0001
2025-09-13 08:00:00.002000+00:00,0.0001
2025-09-13 16:00:00+00:00,0.0001
2025-09-14 00:00:00.006000+00:00,0.0001
2025-09-14 08:00:00+00:00,0.0001
2025-09-14 16:00:00.001000+00:00,-4.891e-05
2025-09-15 00:00:00.006000+00:00,1.163e-05
2025-09-15 08:00:00.002000+00:00,9.47e-05
2025-09-15 16:00:00.001000+00:00,4.412e-05
2025-09-16 00:00:00.001000+00:00,9.34e-06
2025-09-16 08:00:00+00:00,4.382e-05
2025-09-16 16:00:00+00:00,0.0001
2025-09-17 00:00:00.001000+00:00,0.0001
2025-09-17 08:00:00+00:00,5.495e-05
2025-09-17 16:00:00.003000+00:00,3.975e-05
2025-09-18 00:00:00.006000+00:00,0.0001
2025-09-18 08:00:00.002000+00:00,0.0001
2025-09-18 16:00:00+00:00,-9.39e-06
2025-09-19 00:00:00+00:00,0.0001
2025-09-19 08:00:00.005000+00:00,9.189e-05
2025-09-19 16:00:00+00:00,2.587e-05
2025-09-20 00:00:00+00:00,1.904e-05
2025-09-20 08:00:00+00:00,-2.23e-05
2025-09-20 16:00:00.002000+00:00,-4.396e-05
2025-09-21 00:00:00+00:00,2.51e-06
2025-09-21 08:00:00+00:00,6.358e-05
2025-09-21 16:00:00+00:00,2.58e-06
2025-09-22 00:00:00.005000+00:00,-5.656e-05
2025-09-22 08:00:00.003000+00:00,-3.02e-06
2025-09-22 16:00:00+00:00,-5.273e-05
2025-09-23 00:00:00+00:00,-2.976e-05
2025-09-23 08:00:00.001000+00:00,6.263e-05
2025-09-23 16:00:00+00:00,2.595e-05
2025-09-24 00:00:00.003000+00:00,4.192e-05
2025-09-24 08:00:00.001000+00:00,0.0001
2025-09-24 16:00:00.002000+00:00,1.19e-05
2025-09-25 00:00:00+00:00,-2.236e-05
2025-09-25 08:00:00.001000+00:00,-2.58e-05
2025-09-25 16:00:00+00:00,6.57e-06
2025-09-26 00:00:00+00:00,5.455e-05
2025-09-26 08:00:00+00:00,1.003e-05
2025-09-26 16:00:00.008000+00:00,3.672e-05
2025-09-27 00:00:00+00:00,4.207e-05
2025-09-27 08:00:00.010000+00:00,0.0001
2025-09-27 16:00:00.003000+00:00,9.333e-05
2025-09-28 00:00:00+00:00,0.0001
2025-09-28 08:00:00+00:00,6.135e-05
2025-09-28 16:00:00+00:00,6.69e-05
2025-09-29 00:00:00+00:00,0.0001
2025-09-29 08:00:00.002000+00:00,0.0001
2025-09-29 16:00:00.001000+00:00,7.355e-05
2025-09-30 00:00:00.002000+00:00,0.0001
2025-09-30 08:00:00.005000+00:00,0.0001
2025-09-30 16:00:00+00:00,3.778e-05
2025-10-01 00:00:00+00:00,0.0001
2025-10-01 08:00:00+00:00,7.848e-05
2025-10-01 16:00:00+00:00,0.0001
2025-10-02 00:00:00+00:00,0.0001
2025-10-02 08:00:00.013000+00:00,0.0001
2025-10-02 16:00:00+00:00,0.0001
2025-10-03 00:00:00.006000+00:00,0.0001
2025-10-03 08:00:00.006000+00:00,0.0001
2025-10-03 16:00:00+00:00,8.877e-05
2025-10-04 00:00:00.001000+00:00,0.0001
2025-10-04 08:00:00+00:00,0.0001
2025-10-04 16:00:00+00:00,8.33e-05
2025-10-05 00:00:00+00:00,7.059e-05
2025-10-05 08:00:00.003000+00:00,0.0001
2025-10-05 16:00:00.009000+00:00,0.0001
2025-10-06 00:00:00.004000+00:00,8.977e-05
2025-10-06 08:00:00.002000+00:00,7.555e-05
2025-10-06 16:00:00.004000+00:00,5.508e-05
2025-10-07 00:00:00+00:00,4.592e-05
2025-10-07 08:00:00.003000+00:00,7.721e-05
2025-10-07 16:00:00+00:00,0.0001
2025-10-08 00:00:00+00:00,5.695e-05
2025-10-08 08:00:00.006000+00:00,0.0001
2025-10-08 16:00:00.002000+00:00,0.0001
2025-10-09 00:00:00.001000+00:00,9.806e-05
2025-10-09 08:00:00+00:00,0.0001
2025-10-09 16:00:00+00:00,4.991e-05
2025-10-10 00:00:00.005000+00:00,0.0001
2025-10-10 08:00:00.002000+00:00,0.0001
2025-10-10 16:00:00.014000+00:00,0.0001
2025-10-11 00:00:00+00:00,0.00057432
2025-10-11 08:00:00.003000+00:00,-8.02e-06
2025-10-11 16:00:00+00:00,3.329e-05
2025-10-12 00:00:00.004000+00:00,-4.668e-05
2025-10-12 08:00:00.002000+00:00,-5.636e-05
2025-10-12 16:00:00+00:00,-1.282e-05
2025-10-13 00:00:00.003000+00:00,3.797e-05
2025-10-13 08:00:00.002000+00:00,-1.788e-05
2025-10-13 16:00:00.003000+00:00,-1.914e-05
2025-10-14 00:00:00+00:00,-3.336e-05
2025-10-14 08:00:00+00:00,2.33e-06
2025-10-14 16:00:00+00:00,-4.918e-05
2025-10-15 00:00:00.006000+00:00,-9.405e-05
2025-10-15 08:00:00.002000+00:00,1.6e-05
2025-10-15 16:00:00+00:00,6.73e-05
2025-10-16 00:00:00+00:00,-8.084e-05
2025-10-16 08:00:00.003000+00:00,-2.325e-05
2025-10-16 16:00:00.002000+00:00,-2.321e-05
2025-10-17 00:00:00.001000+00:00,-5.261e-05
2025-10-17 08:00:00.005000+00:00,2.704e-05
2025-10-17 16:00:00.003000+00:00,-3.349e-05
2025-10-18 00:00:00+00:00,-0.00010082
2025-10-18 08:00:00.002000+00:00,-2.362e-05
2025-10-18 16:00:00.001000+00:00,6.034e-05
2025-10-19 00:00:00.001000+00:00,1.933e-05
2025-10-19 08:00:00.001000+00:00,-2.22e-05
2025-10-19 16:00:00.001000+00:00,-3.395e-05
2025-10-20 00:00:00.004000+00:00,4.04e-05
2025-10-20 08:00:00.001000+00:00,-1.355e-05
2025-10-20 16:00:00+00:00,5.15e-06
2025-10-21 00:00:00.009000+00:00,2.521e-05
2025-10-21 08:00:00+00:00,3.563e-05
2025-10-21 16:00:00+00:00,5.514e-05
2025-10-22 00:00:00.004000+00:00,0.0001
2025-10-22 08:00:00+00:00,-3.509e-05
2025-10-22 16:00:00+00:00,1.503e-05
2025-10-23 00:00:00+00:00,6.431e-05
2025-10-23 08:00:00.001000+00:00,6.034e-05
2025-10-23 16:00:00.004000+00:00,4.127e-05
2025-10-24 00:00:00+00:00,1.241e-05
2025-10-24 08:00:00+00:00,4.064e-05
2025-10-24 16:00:00.009000+00:00,6.405e-05
2025-10-25 00:00:00+00:00,9.798e-05
2025-10-25 08:00:00.001000+00:00,-2.559e-05
2025-10-25 16:00:00.001000+00:00,1.732e-05
2025-10-26 00:00:00.001000+00:00,-1.453e-05
2025-10-26 08:00:00.001000+00:00,7.004e-05
2025-10-26 16:00:00+00:00,0.0001
2025-10-27 00:00:00+00:00,0.0001
2025-10-27 08:00:00.005000+00:00,7.243e-05
2025-10-27 16:00:00+00:00,0.0001
2025-10-28 00:00:00+00:00,5.56e-05
2025-10-28 08:00:00+00:00,5.33e-06
2025-10-28 16:00:00.004000+00:00,-0.00020355
2025-10-29 00:00:00.004000+00:00,-8.218e-05
2025-10-29 08:00:00.005000+00:00,-6.05e-05
2025-10-29 16:00:00+00:00,0.0001
2025-10-30 00:00:00.004000+00:00,5.287e-05
2025-10-30 08:00:00.008000+00:00,4.647e-05
2025-10-30 16:00:00.001000+00:00,1.073e-05
2025-10-31 00:00:00+00:00,-9.413e-05
2025-10-31 08:00:00.008000+00:00,6.403e-05
2025-10-31 16:00:00.007000+00:00,6.68e-05
2025-11-01 00:00:00.001000+00:00,7.897e-05
2025-11-01 08:00:00+00:00,4.299e-05
2025-11-01 16:00:00+00:00,7.862e-05
2025-11-02 00:00:00.007000+00:00,2.691e-05
2025-11-02 08:00:00+00:00,3.847e-05
2025-11-02 16:00:00.001000+00:00,8.24e-05
2025-11-03 00:00:00+00:00,4.957e-05
2025-11-03 08:00:00.010000+00:00,-3.575e-05
2025-11-03 16:00:00+00:00,-0.00013799
2025-11-04 00:00:00.002000+00:00,-0.00010215
2025-11-04 08:00:00.004000+00:00,4.73e-05
2025-11-04 16:00:00+00:00,-5.18e-06
2025-11-05 00:00:00+00:00,-3.802e-05
2025-11-05 08:00:00+00:00,3.03e-05
2025-11-05 16:00:00.004000+00:00,-7.658e-05
2025-11-06 00:00:00.001000+00:00,-0.00013515
2025-11-06 08:00:00+00:00,5.039e-05
2025-11-06 16:00:00.001000+00:00,-1.26e-05
2025-11-07 00:00:00.005000+00:00,3.98e-05
2025-11-07 08:00:00.003000+00:00,8.782e-05
2025-11-07 16:00:00.005000+00:00,3.631e-05
2025-11-08 00:00:00.011000+00:00,0.0001
2025-11-08 08:00:00.015000+00:00,0.0001
2025-11-08 16:00:00.001000+00:00,9.825e-05
2025-11-09 00:00:00.004000+00:00,2.154e-05
2025-11-09 08:00:00+00:00,2.119e-05
2025-11-09 16:00:00.005000+00:00,4.777e-05
2025-11-10 00:00:00+00:00,5.449e-05
2025-11-10 08:00:00+00:00,3.721e-05
2025-11-10 16:00:00.003000+00:00,2.546e-05
2025-11-11 00:00:00.007000+00:00,9.526e-05
2025-11-11 08:00:00+00:00,8.625e-05
2025-11-11 16:00:00.009000+00:00,9.754e-05
2025-11-12 00:00:00+00:00,0.0001
2025-11-12 08:00:00.002000+00:00,0.0001
2025-11-12 16:00:00+00:00,5.074e-05
2025-11-13 00:00:00.002000+00:00,3.207e-05
2025-11-13 08:00:00+00:00,3.358e-05
2025-11-13 16:00:00.001000+00:00,2.579e-05
2025-11-14 00:00:00+00:00,-2.73e-05
2025-11-14 08:00:00+00:00,0.0001
2025-11-14 16:00:00.001000+00:00,0.0001
2025-11-15 00:00:00.005000+00:00,2.672e-05
2025-11-15 08:00:00+00:00,0.0001
2025-11-15 16:00:00.001000+00:00,0.0001
2025-11-16 00:00:00.001000+00:00,9.51e-06
2025-11-16 08:00:00+00:00,3.958e-05
2025-11-16 16:00:00+00:00,3.786e-05
2025-11-17 00:00:00.003000+00:00,-1.665e-05
2025-11-17 08:00:00.003000+00:00,-5.4e-06
2025-11-17 16:00:00+00:00,-8.7e-07
2025-11-18 00:00:00.002000+00:00,-3.415e-05
2025-11-18 08:00:00.004000+00:00,4.63e-05
2025-11-18 16:00:00+00:00,2.823e-05
2025-11-19 00:00:00+00:00,5.514e-05
2025-11-19 08:00:00+00:00,1.245e-05
2025-11-19 16:00:00.008000+00:00,1.254e-05
2025-11-20 00:00:00+00:00,-1.865e-05
2025-11-20 08:00:00+00:00,0.0001
2025-11-20 16:00:00+00:00,0.0001
2025-11-21 00:00:00.001000+00:00,-0.0001578
2025-11-21 08:00:00+00:00,7.522e-05
2025-11-21 16:00:00.001000+00:00,3.424e-05
2025-11-22 00:00:00.004000+00:00,1.09e-05
2025-11-22 08:00:00+00:00,7.6e-05
2025-11-22 16:00:00+00:00,-4.52e-06
2025-11-23 00:00:00+00:00,3.615e-05
2025-11-23 08:00:00.008000+00:00,-9.78e-05
2025-11-23 16:00:00.003000+00:00,-3.088e-05
2025-11-24 00:00:00.004000+00:00,-2.792e-05
2025-11-24 08:00:00+00:00,-5.72e-06
2025-11-24 16:00:00.006000+00:00,4.943e-05
2025-11-25 00:00:00+00:00,-1.986e-05
2025-11-25 08:00:00.009000+00:00,6.13e-06
2025-11-25 16:00:00.007000+00:00,-5.005e-05
2025-11-26 00:00:00.001000+00:00,7.979e-05
2025-11-26 08:00:00.001000+00:00,2.941e-05
2025-11-26 16:00:00+00:00,-7.432e-05
2025-11-27 00:00:00.013000+00:00,9.463e-05
2025-11-27 08:00:00+00:00,5.873e-05
2025-11-27 16:00:00.004000+00:00,-6.65e-05
2025-11-28 00:00:00.008000+00:00,4.299e-05
2025-11-28 08:00:00+00:00,-1.809e-05
2025-11-28 16:00:00.008000+00:00,-1.096e-05
2025-11-29 00:00:00+00:00,-1.591e-05
2025-11-29 08:00:00.005000+00:00,1.103e-05
2025-11-29 16:00:00.001000+00:00,-1.574e-05
2025-11-30 00:00:00.003000+00:00,-1.553e-05
2025-11-30 08:00:00+00:00,6.586e-05
2025-11-30 16:00:00.004000+00:00,-2.414e-05
2025-12-01 00:00:00+00:00,-6.376e-05
2025-12-01 08:00:00.004000+00:00,-8.228e-05
2025-12-01 16:00:00+00:00,-3.995e-05
2025-12-02 00:00:00.004000+00:00,-0.00015238
2025-12-02 08:00:00+00:00,1.174e-05
2025-12-02 16:00:00+00:00,-4.984e-05
2025-12-03 00:00:00+00:00,-7.158e-05
2025-12-03 08:00:00+00:00,2.691e-05
2025-12-03 16:00:00.005000+00:00,0.0001
2025-12-04 00:00:00.012000+00:00,9.214e-05
2025-12-04 08:00:00+00:00,0.0001
2025-12-04 16:00:00.011000+00:00,0.0001
2025-12-05 00:00:00+00:00,0.0001
2025-12-05 08:00:00+00:00,9.294e-05
2025-12-05 16:00:00.010000+00:00,5.96e-06
2025-12-06 00:00:00.001000+00:00,-2.349e-05
2025-12-06 08:00:00.001000+00:00,-7.247e-05
2025-12-06 16:00:00.008000+00:00,1.203e-05
2025-12-07 00:00:00+00:00,5.328e-05
2025-12-07 08:00:00.004000+00:00,1.846e-05
2025-12-07 16:00:00+00:00,1.119e-05
2025-12-08 00:00:00+00:00,-9.88e-06
2025-12-08 08:00:00+00:00,2.536e-05
2025-12-08 16:00:00.001000+00:00,8.55e-05
2025-12-09 00:00:00.001000+00:00,6.152e-05
2025-12-09 08:00:00.001000+00:00,7.112e-05
2025-12-09 16:00:00.007000+00:00,-6.7e-06
2025-12-10 00:00:00.007000+00:00,0.0001
2025-12-10 08:00:00.002000+00:00,9.28e-06
2025-12-10 16:00:00.012000+00:00,4.426e-05
2025-12-11 00:00:00.001000+00:00,6.699e-05
2025-12-11 08:00:00+00:00,-4.902e-05
2025-12-11 16:00:00+00:00,-3.454e-05
2025-12-12 00:00:00.005000+00:00,7.853e-05
2025-12-12 08:00:00.007000+00:00,0.0001
2025-12-12 16:00:00.002000+00:00,2.447e-05
2025-12-13 00:00:00.001000+00:00,3.614e-05
2025-12-13 08:00:00.006000+00:00,3.86e-05
2025-12-13 16:00:00+00:00,3.1e-06
2025-12-14 00:00:00+00:00,9.021e-05
2025-12-14 08:00:00.003000+00:00,2.836e-05
2025-12-14 16:00:00.005000+00:00,-1.665e-05
2025-12-15 00:00:00+00:00,-1.431e-05
2025-12-15 08:00:00+00:00,1.761e-05
2025-12-15 16:00:00+00:00,2.815e-05
2025-12-16 00:00:00.002000+00:00,-2.574e-05
2025-12-16 08:00:00+00:00,-2.12e-06
2025-12-16 16:00:00.002000+00:00,1.404e-05
2025-12-17 00:00:00.004000+00:00,3e-08
2025-12-17 08:00:00+00:00,5.023e-05
2025-12-17 16:00:00+00:00,2.307e-05
2025-12-18 00:00:00.005000+00:00,-3.369e-05
2025-12-18 08:00:00.007000+00:00,-1.396e-05
2025-12-18 16:00:00.001000+00:00,-7.46e-06
2025-12-19 00:00:00+00:00,-2.601e-05
2025-12-19 08:00:00.001000+00:00,5.538e-05
2025-12-19 16:00:00+00:00,0.0001
2025-12-20 00:00:00.005000+00:00,9.022e-05
2025-12-20 08:00:00+00:00,3.933e-05
2025-12-20 16:00:00.002000+00:00,7.723e-05
2025-12-21 00:00:00+00:00,7.345e-05
2025-12-21 08:00:00.009000+00:00,6.384e-05
2025-12-21 16:00:00+00:00,-4.889e-05
2025-12-22 00:00:00+00:00,2.744e-05
2025-12-22 08:00:00.005000+00:00,4.834e-05
2025-12-22 16:00:00.009000+00:00,9.503e-05
2025-12-23 00:00:00+00:00,0.0001
2025-12-23 08:00:00+00:00,1.442e-05
2025-12-23 16:00:00.001000+00:00,-2.05e-06
2025-12-24 00:00:00.001000+00:00,6.79e-06
2025-12-24 08:00:00.001000+00:00,-8.013e-05
2025-12-24 16:00:00+00:00,9.74e-06
2025-12-25 00:00:00+00:00,5.958e-05
2025-12-25 08:00:00.001000+00:00,6.071e-05
2025-12-25 16:00:00.005000+00:00,7.288e-05
2025-12-26 00:00:00.004000+00:00,4.371e-05
2025-12-26 08:00:00.001000+00:00,4.849e-05
2025-12-26 16:00:00.007000+00:00,3.685e-05
2025-12-27 00:00:00+00:00,0.0001
2025-12-27 08:00:00+00:00,0.0001
2025-12-27 16:00:00.011000+00:00,0.0001
2025-12-28 00:00:00.008000+00:00,0.0001
2025-12-28 08:00:00+00:00,0.0001
2025-12-28 16:00:00+00:00,4.956e-05
2025-12-29 00:00:00.016000+00:00,0.0001
2025-12-29 08:00:00.001000+00:00,-3.66e-06
2025-12-29 16:00:00+00:00,-1.282e-05
2025-12-30 00:00:00.005000+00:00,1.826e-05
2025-12-30 08:00:00.001000+00:00,5.293e-05
2025-12-30 16:00:00.003000+00:00,0.0001
2025-12-31 00:00:00.004000+00:00,4.611e-05
2025-12-31 08:00:00.001000+00:00,6.597e-05
2025-12-31 16:00:00.001000+00:00,8.448e-05
2026-01-01 00:00:00.008000+00:00,4.3e-05
2026-01-01 08:00:00.002000+00:00,9.071e-05
2026-01-01 16:00:00.001000+00:00,0.0001
2026-01-02 00:00:00.006000+00:00,0.0001
2026-01-02 08:00:00.007000+00:00,0.0001
2026-01-02 16:00:00+00:00,6.094e-05
2026-01-03 00:00:00.001000+00:00,0.0001
2026-01-03 08:00:00+00:00,8.646e-05
2026-01-03 16:00:00+00:00,7.367e-05
2026-01-04 00:00:00+00:00,6.56e-05
2026-01-04 08:00:00+00:00,2.008e-05
2026-01-04 16:00:00.001000+00:00,1.84e-05
2026-01-05 00:00:00+00:00,4.214e-05
2026-01-05 08:00:00+00:00,2.032e-05
2026-01-05 16:00:00+00:00,9.361e-05
2026-01-06 00:00:00.010000+00:00,0.0001
2026-01-06 08:00:00+00:00,7.572e-05
2026-01-06 16:00:00+00:00,3.418e-05
2026-01-07 00:00:00.001000+00:00,0.0001
2026-01-07 08:00:00.001000+00:00,-3.648e-05
2026-01-07 16:00:00.001000+00:00,-1.101e-05
2026-01-08 00:00:00.001000+00:00,2.697e-05
2026-01-08 08:00:00+00:00,3.137e-05
2026-01-08 16:00:00+00:00,2.764e-05
2026-01-09 00:00:00.003000+00:00,3.45e-06
2026-01-09 08:00:00+00:00,4.386e-05
2026-01-09 16:00:00.001000+00:00,2.723e-05
2026-01-10 00:00:00+00:00,8.566e-05
2026-01-10 08:00:00.002000+00:00,5.394e-05
2026-01-10 16:00:00.001000+00:00,0.0001
2026-01-11 00:00:00.003000+00:00,3.688e-05
2026-01-11 08:00:00.006000+00:00,0.0001
2026-01-11 16:00:00+00:00,0.0001
2026-01-12 00:00:00.005000+00:00,9.991e-05
2026-01-12 08:00:00+00:00,2.14e-06
2026-01-12 16:00:00+00:00,4.422e-05
2026-01-13 00:00:00.007000+00:00,5.729e-05
2026-01-13 08:00:00.009000+00:00,0.0001
2026-01-13 16:00:00.002000+00:00,5.037e-05
2026-01-14 00:00:00+00:00,8.807e-05
2026-01-14 08:00:00.001000+00:00,0.0001
2026-01-14 16:00:00.004000+00:00,0.0001
2026-01-15 00:00:00+00:00,0.0001
2026-01-15 08:00:00.004000+00:00,-6.864e-05
2026-01-15 16:00:00.002000+00:00,6.289e-05
2026-01-16 00:00:00+00:00,-1.847e-05
2026-01-16 08:00:00+00:00,4.208e-05
2026-01-16 16:00:00.001000+00:00,-2.73e-05
2026-01-17 00:00:00+00:00,5.2e-05
2026-01-17 08:00:00+00:00,3.639e-05
2026-01-17 16:00:00.002000+00:00,-2.262e-05
2026-01-18 00:00:00.001000+00:00,7.421e-05
2026-01-18 08:00:00+00:00,4.126e-05
2026-01-18 16:00:00+00:00,7.729e-05
2026-01-19 00:00:00.007000+00:00,-1.732e-05
2026-01-19 08:00:00.007000+00:00,-1.356e-05
2026-01-19 16:00:00.007000+00:00,-2.473e-05
2026-01-20 00:00:00.005000+00:00,5.99e-05
2026-01-20 08:00:00.001000+00:00,0.0001
2026-01-20 16:00:00.009000+00:00,-4.574e-05
2026-01-21 00:00:00.001000+00:00,8.52e-06
2026-01-21 08:00:00.011000+00:00,6.116e-05
2026-01-21 16:00:00.011000+00:00,-4.328e-05
2026-01-22 00:00:00.010000+00:00,8.059e-05
2026-01-22 08:00:00.003000+00:00,5.387e-05
2026-01-22 16:00:00.005000+00:00,-5.304e-05
2026-01-23 00:00:00.005000+00:00,2.32e-06
2026-01-23 08:00:00+00:00,7.305e-05
2026-01-23 16:00:00.011000+00:00,-2.595e-05
2026-01-24 00:00:00.011000+00:00,-3.665e-05
2026-01-24 08:00:00.002000+00:00,5.168e-05
2026-01-24 16:00:00.001000+00:00,1.336e-05
2026-01-25 00:00:00.002000+00:00,2.201e-05
2026-01-25 08:00:00.011000+00:00,-1.369e-05
2026-01-25 16:00:00.005000+00:00,2.82e-06
2026-01-26 00:00:00+00:00,-7.56e-06
2026-01-26 08:00:00.003000+00:00,7.321e-05
2026-01-26 16:00:00+00:00,0.0001
2026-01-27 00:00:00.002000+00:00,7.457e-05
2026-01-27 08:00:00+00:00,0.0001
2026-01-27 16:00:00+00:00,-6.34e-06
2026-01-28 00:00:00+00:00,5.444e-05
2026-01-28 08:00:00+00:00,7.667e-05
2026-01-28 16:00:00+00:00,-6.607e-05
2026-01-29 00:00:00+00:00,6.15e-05
2026-01-29 08:00:00.009000+00:00,1.058e-05
2026-01-29 16:00:00+00:00,-7.431e-05
2026-01-30 00:00:00.008000+00:00,-4.062e-05
2026-01-30 08:00:00+00:00,6.77e-05
2026-01-30 16:00:00.001000+00:00,1.978e-05
2026-01-31 00:00:00+00:00,-1.269e-05
2026-01-31 08:00:00.001000+00:00,3.44e-06
2026-01-31 16:00:00.009000+00:00,-0.00010308
2026-02-01 00:00:00.001000+00:00,-0.00010607
2026-02-01 08:00:00.004000+00:00,2.507e-05
2026-02-01 16:00:00+00:00,1.421e-05
2026-02-02 00:00:00+00:00,-1.263e-05
2026-02-02 08:00:00.014000+00:00,5.55e-05
2026-02-02 16:00:00+00:00,-3.195e-05
2026-02-03 00:00:00+00:00,3.863e-05
2026-02-03 08:00:00.007000+00:00,4.58e-06
2026-02-03 16:00:00+00:00,-5.23e-06
2026-02-04 00:00:00.002000+00:00,-3.171e-05
2026-02-04 08:00:00.007000+00:00,2.969e-05
2026-02-04 16:00:00+00:00,-5.23e-06
2026-02-05 00:00:00.011000+00:00,-2.722e-05
2026-02-05 08:00:00+00:00,1.129e-05
2026-02-05 16:00:00.007000+00:00,-6.399e-05
2026-02-06 00:00:00+00:00,-2.074e-05
2026-02-06 08:00:00.001000+00:00,-2.558e-05
2026-02-06 16:00:00+00:00,-2.394e-05
2026-02-07 00:00:00.003000+00:00,5.93e-06
2026-02-07 08:00:00+00:00,4.11e-05
2026-02-07 16:00:00.010000+00:00,3.279e-05
2026-02-08 00:00:00.003000+00:00,4.392e-05
2026-02-08 08:00:00+00:00,-5.573e-05
2026-02-08 16:00:00+00:00,-7.491e-05
2026-02-09 00:00:00.002000+00:00,2.153e-05
2026-02-09 08:00:00.001000+00:00,1.29e-06
2026-02-09 16:00:00.007000+00:00,-4.513e-05
2026-02-10 00:00:00+00:00,1.324e-05
2026-02-10 08:00:00.007000+00:00,2.63e-06
2026-02-10 16:00:00+00:00,-5.494e-05
2026-02-11 00:00:00+00:00,-1.183e-05
2026-02-11 08:00:00.006000+00:00,-1.418e-05
2026-02-11 16:00:00+00:00,-5.962e-05
2026-02-12 00:00:00+00:00,1.726e-05
2026-02-12 08:00:00.001000+00:00,3.961e-05
2026-02-12 16:00:00.001000+00:00,2.851e-05
2026-02-13 00:00:00.007000+00:00,6.529e-05
2026-02-13 08:00:00.003000+00:00,5.248e-05
2026-02-13 16:00:00.005000+00:00,3.67e-05
2026-02-14 00:00:00.002000+00:00,9.138e-05
2026-02-14 08:00:00.004000+00:00,1.745e-05
2026-02-14 16:00:00.002000+00:00,-7.93e-06
2026-02-15 00:00:00+00:00,5.15e-06
2026-02-15 08:00:00.002000+00:00,4.087e-05
2026-02-15 16:00:00+00:00,4.857e-05
2026-02-16 00:00:00.001000+00:00,5.494e-05
2026-02-16 08:00:00.003000+00:00,6.873e-05
2026-02-16 16:00:00+00:00,3.435e-05
2026-02-17 00:00:00.008000+00:00,7.1e-05
2026-02-17 08:00:00.001000+00:00,6.486e-05
2026-02-17 16:00:00.002000+00:00,2.673e-05
2026-02-18 00:00:00+00:00,-2.339e-05
2026-02-18 08:00:00+00:00,1.049e-05
2026-02-18 16:00:00.011000+00:00,3.612e-05
2026-02-19 00:00:00.013000+00:00,-5.329e-05
2026-02-19 08:00:00+00:00,-2.66e-05
2026-02-19 16:00:00.003000+00:00,-7.942e-05
2026-02-20 00:00:00+00:00,-1.051e-05
2026-02-20 08:00:00+00:00,3.21e-05
2026-02-20 16:00:00+00:00,7.079e-05
2026-02-21 00:00:00.004000+00:00,5.047e-05
2026-02-21 08:00:00+00:00,-7.203e-05
2026-02-21 16:00:00.005000+00:00,-8.68e-05
2026-02-22 00:00:00.001000+00:00,-2.4e-05
2026-02-22 08:00:00.004000+00:00,-0.00010907
2026-02-22 16:00:00+00:00,3.3e-06
2026-02-23 00:00:00.001000+00:00,-1.406e-05
2026-02-23 08:00:00+00:00,-8.019e-05
2026-02-23 16:00:00+00:00,-6.372e-05
2026-02-24 00:00:00.007000+00:00,-2.267e-05
2026-02-24 08:00:00+00:00,-2.267e-05
2026-02-24 16:00:00.001000+00:00,-3.421e-05
2026-02-25 00:00:00.001000+00:00,-1.029e-05
2026-02-25 08:00:00.007000+00:00,-8.139e-05
2026-02-25 16:00:00+00:00,0.0001
2026-02-26 00:00:00+00:00,0.0001
2026-02-26 08:00:00.006000+00:00,-2.061e-05
2026-02-26 16:00:00.002000+00:00,-1.255e-05
2026-02-27 00:00:00.007000+00:00,5.838e-05
2026-02-27 08:00:00+00:00,3.3e-06
2026-02-27 16:00:00.001000+00:00,2.34e-05
2026-02-28 00:00:00+00:00,-2.014e-05
2026-02-28 08:00:00+00:00,-6.349e-05
2026-02-28 16:00:00.004000+00:00,-4.766e-05
2026-03-01 00:00:00.005000+00:00,-3.43e-06
2026-03-01 08:00:00+00:00,-5.261e-05
2026-03-01 16:00:00.002000+00:00,-4.98e-06
2026-03-02 00:00:00.001000+00:00,7.252e-05
2026-03-02 08:00:00.007000+00:00,5.97e-06
2026-03-02 16:00:00+00:00,4.858e-05
2026-03-03 00:00:00+00:00,4.425e-05
2026-03-03 08:00:00+00:00,-6.164e-05
2026-03-03 16:00:00.007000+00:00,-4.232e-05
2026-03-04 00:00:00.001000+00:00,4.078e-05
2026-03-04 08:00:00.005000+00:00,6.5e-05
2026-03-04 16:00:00+00:00,3.291e-05
2026-03-05 00:00:00+00:00,1.027e-05
2026-03-05 08:00:00+00:00,0.0001
2026-03-05 16:00:00.004000+00:00,-2.258e-05
2026-03-06 00:00:00.001000+00:00,0.0001
2026-03-06 08:00:00.001000+00:00,-1.258e-05
2026-03-06 16:00:00.004000+00:00,-2.312e-05
2026-03-07 00:00:00.001000+00:00,-9.076e-05
2026-03-07 08:00:00.012000+00:00,1.589e-05
2026-03-07 16:00:00.001000+00:00,-7.633e-05
2026-03-08 00:00:00.001000+00:00,-9.555e-05
2026-03-08 08:00:00+00:00,-5.878e-05
2026-03-08 16:00:00.002000+00:00,-0.00010422
2026-03-09 00:00:00+00:00,-3.5e-05
2026-03-09 08:00:00.004000+00:00,6.905e-05
2026-03-09 16:00:00.003000+00:00,2.036e-05
2026-03-10 00:00:00.012000+00:00,-8.09e-06
2026-03-10 08:00:00.002000+00:00,7.617e-05
2026-03-10 16:00:00.001000+00:00,2.327e-05
2026-03-11 00:00:00+00:00,-0.00011837
2026-03-11 08:00:00.007000+00:00,-4.595e-05
2026-03-11 16:00:00.010000+00:00,6.215e-05
2026-03-12 00:00:00+00:00,0.0001
2026-03-12 08:00:00+00:00,7.606e-05
2026-03-12 16:00:00+00:00,-9.564e-05
2026-03-13 00:00:00.006000+00:00,0.0001
2026-03-13 08:00:00.001000+00:00,0.0001
2026-03-13 16:00:00+00:00,0.0001
2026-03-14 00:00:00.001000+00:00,9.763e-05
2026-03-14 08:00:00+00:00,3.542e-05
2026-03-14 16:00:00.007000+00:00,-3.704e-05
2026-03-15 00:00:00+00:00,-7.218e-05
2026-03-15 08:00:00+00:00,8.708e-05
2026-03-15 16:00:00+00:00,8.243e-05
2026-03-16 00:00:00+00:00,6.38e-05
2026-03-16 08:00:00.010000+00:00,0.0001
2026-03-16 16:00:00+00:00,0.0001
2026-03-17 00:00:00+00:00,0.0001
2026-03-17 08:00:00.002000+00:00,5.036e-05
2026-03-17 16:00:00.011000+00:00,5.683e-05
2026-03-18 00:00:00.002000+00:00,8.72e-06
2026-03-18 08:00:00.002000+00:00,4.35e-05
2026-03-18 16:00:00.005000+00:00,-4.668e-05
2026-03-19 00:00:00+00:00,3.92e-06
2026-03-19 08:00:00.003000+00:00,1.801e-05
2026-03-19 16:00:00.003000+00:00,4.539e-05
2026-03-20 00:00:00.002000+00:00,1.619e-05
2026-03-20 08:00:00+00:00,4.888e-05
2026-03-20 16:00:00+00:00,-2.084e-05
2026-03-21 00:00:00+00:00,-5.614e-05
2026-03-21 08:00:00+00:00,2.652e-05
2026-03-21 16:00:00.014000+00:00,-4.699e-05
2026-03-22 00:00:00.012000+00:00,-8.22e-06
2026-03-22 08:00:00.007000+00:00,-8.335e-05
2026-03-22 16:00:00.002000+00:00,-5.81e-05
2026-03-23 00:00:00+00:00,-6.11e-06
2026-03-23 08:00:00.003000+00:00,-5.71e-05
2026-03-23 16:00:00.002000+00:00,4.355e-05
2026-03-24 00:00:00+00:00,8.859e-05
2026-03-24 08:00:00+00:00,5.287e-05
2026-03-24 16:00:00.003000+00:00,8.478e-05
2026-03-25 00:00:00+00:00,4.492e-05
2026-03-25 08:00:00+00:00,7.904e-05
2026-03-25 16:00:00.013000+00:00,5.942e-05
2026-03-26 00:00:00.001000+00:00,8.95e-06
2026-03-26 08:00:00.001000+00:00,1.316e-05
2026-03-26 16:00:00+00:00,-4.911e-05
2026-03-27 00:00:00.006000+00:00,-8.15e-06
2026-03-27 08:00:00+00:00,1.68e-06
2026-03-27 16:00:00+00:00,-5.927e-05
2026-03-28 00:00:00.005000+00:00,-9.319e-05
2026-03-28 08:00:00.005000+00:00,-8.444e-05
2026-03-28 16:00:00+00:00,-1.102e-05
2026-03-29 00:00:00.003000+00:00,-1.379e-05
2026-03-29 08:00:00.001000+00:00,6e-06
2026-03-29 16:00:00+00:00,-5.44e-05
2026-03-30 00:00:00+00:00,-1.92e-06
2026-03-30 08:00:00.005000+00:00,0.0001
2026-03-30 16:00:00+00:00,4.5e-06
2026-03-31 00:00:00+00:00,8.545e-05
2026-03-31 08:00:00+00:00,3.216e-05
2026-03-31 16:00:00+00:00,2.48e-05
2026-04-01 00:00:00+00:00,0.0001
2026-04-01 08:00:00+00:00,0.0001
2026-04-01 16:00:00+00:00,-2.771e-05
2026-04-02 00:00:00.003000+00:00,-5.242e-05
2026-04-02 08:00:00.001000+00:00,-6.943e-05
2026-04-02 16:00:00.001000+00:00,-7.943e-05
2026-04-03 00:00:00+00:00,-6.502e-05
2026-04-03 08:00:00.008000+00:00,0.0001
2026-04-03 16:00:00.008000+00:00,5.232e-05
2026-04-04 00:00:00+00:00,-9.43e-06
2026-04-04 08:00:00.003000+00:00,4.011e-05
2026-04-04 16:00:00+00:00,6.901e-05
2026-04-05 00:00:00.008000+00:00,-2.717e-05
2026-04-05 08:00:00+00:00,3.665e-05
2026-04-05 16:00:00.001000+00:00,-4.669e-05
2026-04-06 00:00:00.004000+00:00,-1.328e-05
2026-04-06 08:00:00.001000+00:00,9.535e-05
2026-04-06 16:00:00.003000+00:00,0.0001
2026-04-07 00:00:00+00:00,-3.514e-05
2026-04-07 08:00:00+00:00,3.813e-05
2026-04-07 16:00:00+00:00,-1.111e-05
2026-04-08 00:00:00+00:00,0.0001
2026-04-08 08:00:00+00:00,8.136e-05
2026-04-08 16:00:00.006000+00:00,6.01e-06
2026-04-09 00:00:00+00:00,-1.112e-05
2026-04-09 08:00:00.010000+00:00,-1.015e-05
2026-04-09 16:00:00.001000+00:00,-2.514e-05
2026-04-10 00:00:00+00:00,5.707e-05
2026-04-10 08:00:00.005000+00:00,-3.271e-05
2026-04-10 16:00:00+00:00,8.442e-05
2026-04-11 00:00:00+00:00,7.898e-05
2026-04-11 08:00:00+00:00,-8.177e-05
2026-04-11 16:00:00.003000+00:00,-5.191e-05
2026-04-12 00:00:00+00:00,7.591e-05
2026-04-12 08:00:00+00:00,-9.66e-05
2026-04-12 16:00:00+00:00,-9.794e-05
2026-04-13 00:00:00.011000+00:00,-4.44e-05
2026-04-13 08:00:00.006000+00:00,3.871e-05
2026-04-13 16:00:00+00:00,-9.696e-05
2026-04-14 00:00:00.005000+00:00,6.515e-05
2026-04-14 08:00:00.003000+00:00,0.0001
2026-04-14 16:00:00.001000+00:00,0.0001
2026-04-15 00:00:00+00:00,5.607e-05
2026-04-15 08:00:00+00:00,-4.006e-05
2026-04-15 16:00:00+00:00,5.945e-05
2026-04-16 00:00:00.013000+00:00,2.354e-05
2026-04-16 08:00:00+00:00,9.5e-07
2026-04-16 16:00:00+00:00,0.0001
2026-04-17 00:00:00.001000+00:00,9.473e-05
2026-04-17 08:00:00.011000+00:00,4.273e-05
2026-04-17 16:00:00.001000+00:00,6.056e-05
2026-04-18 00:00:00.001000+00:00,6.651e-05
2026-04-18 08:00:00.006000+00:00,-5.092e-05
2026-04-18 16:00:00+00:00,3.088e-05
2026-04-19 00:00:00.002000+00:00,-1.303e-05
2026-04-19 08:00:00.010000+00:00,-2.098e-05
2026-04-19 16:00:00.001000+00:00,-5.05e-06
2026-04-20 00:00:00+00:00,2.404e-05
2026-04-20 08:00:00+00:00,8.444e-05
2026-04-20 16:00:00.001000+00:00,6.67e-05
2026-04-21 00:00:00+00:00,8.413e-05
2026-04-21 08:00:00.004000+00:00,5.13e-06
2026-04-21 16:00:00.004000+00:00,7.885e-05
2026-04-22 00:00:00.004000+00:00,3.848e-05
2026-04-22 08:00:00+00:00,8.87e-05
2026-04-22 16:00:00+00:00,6.117e-05
2026-04-23 00:00:00+00:00,2.803e-05
2026-04-23 08:00:00+00:00,-8.212e-05
2026-04-23 16:00:00.004000+00:00,5.64e-05
2026-04-24 00:00:00.006000+00:00,5.999e-05
2026-04-24 08:00:00+00:00,6.968e-05
2026-04-24 16:00:00+00:00,0.0001
2026-04-25 00:00:00+00:00,5.814e-05
2026-04-25 08:00:00.002000+00:00,1.851e-05
2026-04-25 16:00:00.002000+00:00,-1.546e-05
2026-04-26 00:00:00.003000+00:00,-4.377e-05
2026-04-26 08:00:00.007000+00:00,-1.423e-05
2026-04-26 16:00:00.004000+00:00,3.512e-05
2026-04-27 00:00:00.004000+00:00,1.288e-05
2026-04-27 08:00:00+00:00,-3.114e-05
2026-04-27 16:00:00.002000+00:00,5.96e-05
2026-04-28 00:00:00.001000+00:00,-5.693e-05
2026-04-28 08:00:00+00:00,2.323e-05
2026-04-28 16:00:00.004000+00:00,0.0001
2026-04-29 00:00:00.006000+00:00,3.567e-05
2026-04-29 08:00:00.011000+00:00,0.0001
2026-04-29 16:00:00.003000+00:00,1.657e-05
2026-04-30 00:00:00.002000+00:00,-2.708e-05
2026-04-30 08:00:00+00:00,-1.561e-05
2026-04-30 16:00:00+00:00,5.023e-05
2026-05-01 00:00:00+00:00,-3.336e-05
2026-05-01 08:00:00.005000+00:00,-1.845e-05
2026-05-01 16:00:00+00:00,-1.63e-05
2026-05-02 00:00:00.006000+00:00,3.523e-05
2026-05-02 08:00:00+00:00,9.88e-06
2026-05-02 16:00:00.010000+00:00,3.39e-06
2026-05-03 00:00:00.005000+00:00,8.26e-06
2026-05-03 08:00:00.003000+00:00,-0.00010504
2026-05-03 16:00:00+00:00,-1.616e-05
2026-05-04 00:00:00+00:00,1.851e-05
2026-05-04 08:00:00+00:00,0.0001
2026-05-04 16:00:00.003000+00:00,-2e-05
2026-05-05 00:00:00+00:00,7.838e-05
2026-05-05 08:00:00.011000+00:00,-3.977e-05
2026-05-05 16:00:00+00:00,0.0001
2026-05-06 00:00:00.010000+00:00,8.723e-05
2026-05-06 08:00:00+00:00,1.282e-05
2026-05-06 16:00:00.002000+00:00,0.0001
2026-05-07 00:00:00+00:00,3.247e-05
2026-05-07 08:00:00+00:00,9.173e-05
2026-05-07 16:00:00.004000+00:00,4.394e-05
2026-05-08 00:00:00.003000+00:00,1.11e-05
2026-05-08 08:00:00.002000+00:00,2.865e-05
2026-05-08 16:00:00.003000+00:00,6.506e-05
2026-05-09 00:00:00+00:00,0.0001
2026-05-09 08:00:00.001000+00:00,0.0001
2026-05-09 16:00:00.002000+00:00,3.99e-06
2026-05-10 00:00:00.003000+00:00,-2.533e-05
2026-05-10 08:00:00+00:00,3.399e-05
2026-05-10 16:00:00+00:00,0.0001
2026-05-11 00:00:00+00:00,4.478e-05
2026-05-11 08:00:00+00:00,6.609e-05
2026-05-11 16:00:00+00:00,6.345e-05
2026-05-12 00:00:00.002000+00:00,-2.96e-06
2026-05-12 08:00:00.008000+00:00,-1.721e-05
2026-05-12 16:00:00+00:00,3.909e-05
2026-05-13 00:00:00.010000+00:00,5.444e-05
